case_id,priority,donor_key,contributor_name,review_reason,zip5,address_forms,form_differences,filings,sub_ids,filed_addresses,cleaned_addresses,changes_filed_to_cleaned,changed_by,evidence,note,decision,decision_basis
A0001,high,cf338334ae0a,"BAKER, ALICE",near-duplicate street spelling for same donor/location,85716,3333 ESPEEDWAY BLVD TSN || 3333 E SPEEDWAY BLVD,street_direction_changed,14,4012120261303040084;4052120241949841467;4011620261302587547;4072120251209630168;4052520221493485055;4021920231732395394;4010420231645703758;4110720231809899940;4122920221645226741;4060420241953437566;4010420231645703757;4021120221406549786;4072420211322676215;4052620261511336297,"3333 E SPEEDWAY BLVD |  | TUCSON | AZ | 857163935 x10; 3333ESPEEDWAY BLVD, TSN 85716 |  | TUCSON | AZ | 85716 x2; 3333 E. SPEEDWAY |  | TUCSON | AZ | 85716 x1; 3333 E SPEEDWAY |  | TUCSON | AZ | 85716 x1",3333 E SPEEDWAY BLVD |  | TUCSON | AZ | 85716 x12; 3333 ESPEEDWAY BLVD TSN |  | TUCSON | AZ | 85716 x2,street_type_added,zips_normalize: zip_reduced_to_five_digits_or_invalid_nulled x10; streets_normalize: street_text_normalized_or_placeholder_nulled x3; streets_safe_fixes: care_of_house_number_or_trailing_unit_fixed x2; streets_unify_types: street_type_unified_to_donor_dominant x2,same donor's filings (not proof): 3333 ESPEEDWAY BLVD TSN |  | TUCSON | AZ | 85716: filed so x0; 3333 E SPEEDWAY BLVD |  | TUCSON | AZ | 85716: filed so x10,,pending,"changed from other filings of the same donor, which is not proof"
A0002,high,e4bae744f4e8,"BARUCH, JONATHAN",near-duplicate street spelling for same donor/location,84036,828 KLAIM DR || 828 E KLAIM DR,street_direction_changed,24,4011620261302587386;4030320251179411001;4092220251291772509;4050520251188621978;4062420241962026111;4082220242014749248;4082520251233303287;4082520251233304762;4072420241978924818;4060420241953436475;4092320242041367271;4032020251180458156;4052120241949844504;4112220231811445226;4092320242041365627;4092320242041367270;4032520241885654824;4032520241885654808;4082220242014750594;4080620251215492601;4031920261424759386;4031920261424759385;4070720261523711579;4080120261540165234,828 E KLAIM DR |  | HIDEOUT | UT | 840361441 x21; 828 KLAIM DR. |  | HIDEOUT | UT | 84036 x3,828 E KLAIM DR |  | HIDEOUT | UT | 84036 x21; 828 KLAIM DR |  | HIDEOUT | UT | 84036 x3,,zips_normalize: zip_reduced_to_five_digits_or_invalid_nulled x21; streets_normalize: street_text_normalized_or_placeholder_nulled x3,same donor's filings (not proof): 828 KLAIM DR |  | HIDEOUT | UT | 84036: filed so x3; 828 E KLAIM DR |  | HIDEOUT | UT | 84036: filed so x21,,pending,needs a reviewer
A0003,high,93cf68c26e3b,"BERMAN, HARRIS",near-duplicate street spelling for same donor/location,33410,13876 DEGAS DR || 13876 DEGAS DR E,street_direction_changed,17,4012120261303040448;4030120241877880396;4032520241885654774;4072420241978922806;4062420241962024292;4060420241953433796;4052120241949842775;4032520241885653935;4062420241962024809;4050520251188622089;4072120251209628159;4050520251188621718;4030420261386075783;4052620261511336114;4052620261511335055;4070720261523712150;4080120261540165384,13876 DEGAS DR E |  | PALM BEACH GARDENS | FL | 334101277 x16; 13876 DEGAS DRIVE |  | PBG | FL | 33410 x1,13876 DEGAS DR E |  | PALM BEACH GARDENS | FL | 33410 x16; 13876 DEGAS DR |  | PALM BEACH GARDENS | FL | 33410 x1,,zips_normalize: zip_reduced_to_five_digits_or_invalid_nulled x16; streets_normalize: street_text_normalized_or_placeholder_nulled x1; cities_normalize: city_alias_typo_or_punctuation_normalized x1,same donor's filings (not proof): 13876 DEGAS DR |  | PALM BEACH GARDENS | FL | 33410: filed so x1; 13876 DEGAS DR E |  | PALM BEACH GARDENS | FL | 33410: filed so x16,,pending,needs a reviewer
A0004,high,e97ee90e1bbc,"BLASKEY, MARK",near-duplicate street spelling for same donor/location,19130,2401 PENNSYLVANIA AVE | APT 19A5 || 2401 PENNSYLVANIA AVE 19A5,unit_removed,4,4082120231799935526;4042820231745857593;4102420231807055027;4122920221645235846,2401 PENNSYLVANIA AVE | APT 19A5 | PHILADELPHIA | PA | 191303059 x3; 2401 PENNSYLVANIA AVE 19A5 |  | PHILADELPHIA | PA | 19130 x1,2401 PENNSYLVANIA AVE | APT 19A5 | PHILADELPHIA | PA | 19130 x3; 2401 PENNSYLVANIA AVE 19A5 |  | PHILADELPHIA | PA | 19130 x1,,zips_normalize: zip_reduced_to_five_digits_or_invalid_nulled x3,same donor's filings (not proof): 2401 PENNSYLVANIA AVE | APT 19A5 | PHILADELPHIA | PA | 19130: filed so x3; 2401 PENNSYLVANIA AVE 19A5 |  | PHILADELPHIA | PA | 19130: filed so x1,,pending,needs a reviewer
A0005,high,b1f6b59e8585,"BUCHMAN, CARY",near-duplicate street spelling for same donor/location,90035,1193 S RODEO DR || 1193 RODEO DR,street_direction_changed,7,4011620261302588364;4122120231813094176;4011620261302588363;4060420241953436433;4122920221645232912;4031920261424758621;4031920261424758515,1193 RODEO DR |  | LOS ANGELES | CA | 900351115 x5; 1193 S. RODEO DRIVE |  | BEVERLY HILLS | CA | 90035 x2,1193 RODEO DR |  | LOS ANGELES | CA | 90035 x5; 1193 S RODEO DR |  | LOS ANGELES | CA | 90035 x2,,zips_normalize: zip_reduced_to_five_digits_or_invalid_nulled x5; streets_normalize: street_text_normalized_or_placeholder_nulled x2; address_same_street_align: aligned_to_donor_dominant_at_same_street x2,same donor's filings (not proof): 1193 S RODEO DR |  | LOS ANGELES | CA | 90035: filed so x2; 1193 RODEO DR |  | LOS ANGELES | CA | 90035: filed so x5,,pending,needs a reviewer
A0006,high,be68a1f474dd,"BURNSTEIN, IAN",near-duplicate street spelling for same donor/location,48009,111 W MERRILL ST | STE 300 || 111 E MERRILL ST | STE 300,street_direction_changed,6,4122920221645236343;4092520231802906742;4112220231811444139;4060420241953437611;4122320221644863298;4110720231809900236,111 E MERRILL ST | STE 300 | BIRMINGHAM | MI | 480096021 x4; 111 W MERRILL ST | STE 300 | BIRMINGHAM | MI | 480096021 x2,111 E MERRILL ST | STE 300 | BIRMINGHAM | MI | 48009 x4; 111 W MERRILL ST | STE 300 | BIRMINGHAM | MI | 48009 x2,,zips_normalize: zip_reduced_to_five_digits_or_invalid_nulled x6,same donor's filings (not proof): 111 W MERRILL ST | STE 300 | BIRMINGHAM | MI | 48009: filed so x2; 111 E MERRILL ST | STE 300 | BIRMINGHAM | MI | 48009: filed so x4,,pending,needs a reviewer
A0007,high,041149f986bb,"CIFU, MELISSA",near-duplicate street spelling for same donor/location,33477,151 BEARS CLUB DR || 151 W BEARS CLUB DR,street_direction_changed,7,4012120261303039557;4062420241962025987;4092420251292198331;4072120251209629652;4072120251209629710;4050520251188622052;4031920261424759767,151 BEARS CLUB DR |  | JUPITER | FL | 334774201 x3; 151 BEARS CLUB |  | JUPITER | FL | 33477 x3; 151 W BEARS CLUB DR |  | JUPITER | FL | 334774213 x1,151 BEARS CLUB DR |  | JUPITER | FL | 33477 x6; 151 W BEARS CLUB DR |  | JUPITER | FL | 33477 x1,street_type_added,zips_normalize: zip_reduced_to_five_digits_or_invalid_nulled x4; streets_unify_types: street_type_unified_to_donor_dominant x3,same donor's filings (not proof): 151 BEARS CLUB DR |  | JUPITER | FL | 33477: filed so x3; 151 W BEARS CLUB DR |  | JUPITER | FL | 33477: filed so x1,,pending,"changed from other filings of the same donor, which is not proof"
A0008,high,c20e756a91fb,"COHEN, AARON",near-duplicate street spelling for same donor/location,10025,360 CENTRAL PARK W | APT 12A || 360 CENTRAL PARK WEST,unit_removed,15,4011620261302588307;4050520251188621778;4011620261302586914;4122920221645226838;4072420241978924094;4122120231813093693;4122920221645226839;4062420241962022306;4032520241885654079;4122320221644863714;4011420231698186520;4112020241071382140;4082220242014749272;4102420231807009176;4070720261523713566,"360 CENTRAL PARK W | APT 12A | NEW YORK | NY | 100256578 x14; 360 CENTRAL PARK WEST, |  | NEW YORK CITY | NY | 100256578 x1",360 CENTRAL PARK W | APT 12A | NEW YORK | NY | 10025 x14; 360 CENTRAL PARK WEST |  | NEW YORK | NY | 10025 x1,,zips_normalize: zip_reduced_to_five_digits_or_invalid_nulled x15; streets_normalize: street_text_normalized_or_placeholder_nulled x1; cities_normalize: city_alias_typo_or_punctuation_normalized x1,same donor's filings (not proof): 360 CENTRAL PARK W | APT 12A | NEW YORK | NY | 10025: filed so x16; 360 CENTRAL PARK WEST |  | NEW YORK | NY | 10025: filed so x5,,pending,needs a reviewer
A0009,high,4aa40d9ef6fa,"COHEN, SAMANTHA",near-duplicate street spelling for same donor/location,10075,50 EAAT 77TH ST || 50 E 77TH ST,street_direction_changed,8,4012120261303038710;4092420251292197851;4050520251188621799;4072420241978926386;4082120231799935486;4011420251130091328;4052620261511335726;4080120261540164486,50 E 77TH ST |  | NEW YORK | NY | 100751842 x6; 50 EAAT 77TH STREET |  | NEW YORK | NY | 10075 x1; 50 EAST 77TH STREET |  | NEW YORK | NY | 10075 x1,50 E 77TH ST |  | NEW YORK | NY | 10075 x7; 50 EAAT 77TH ST |  | NEW YORK | NY | 10075 x1,,zips_normalize: zip_reduced_to_five_digits_or_invalid_nulled x6; streets_normalize: street_text_normalized_or_placeholder_nulled x2,same donor's filings (not proof): 50 EAAT 77TH ST |  | NEW YORK | NY | 10075: filed so x1; 50 E 77TH ST |  | NEW YORK | NY | 10075: filed so x7,,pending,needs a reviewer
A0010,high,2bd42fd30ef3,"CORNFELD, RICHARD",near-duplicate street spelling for same donor/location,63141,21 LADUE ESTATES DR || 21 W LADUE ESTATES DR,street_direction_changed,36,4011620261302592318;4030320251179408970;4011620261302591106;4092220251291772780;4010420231645702198;4122920221645225830;4032520241885655396;4080620251215492939;4122920221645225685;4122320221644864417;4010420231645702512;4072420241978923628;4011420231698184160;4110720231809900099;4011420231698186529;4122920221645225686;4122320221644863268;4011420231698184161;4110720231809900100;4032020251180458106;4032020251180457509;4060420241953435223;4082120231799935604;4032520241885654170;4072120251209628983;4011420231698185732;4022620261359401015;4032320261425016343;4032320261425016333;4032320261425016332;4032320261425016331;4032320261425016328;4070720261523713650;4070720261523712577;4070720261523711793;4080120261540164119,21 LADUE ESTATES DR |  | CREVE COEUR | MO | 631418321 x21; 21 LADUE ESTATES DR |  | SAINT LOUIS | MO | 631418321 x11; 21 LADUE ESTATES DR |  | ST. LOUIS | MO | 63141 x2; 21 WEST LADUE ESTATES DRIVE |  | CREVE COEUR | MO | 63141 x1; 21 LADUE ESTATES DR |  | SAINT LOUIS | MO | 63141 x1,21 LADUE ESTATES DR |  | CREVE COEUR | MO | 63141 x20; 21 LADUE ESTATES DR |  | SAINT LOUIS | MO | 63141 x15; 21 W LADUE ESTATES DR |  | CREVE COEUR | MO | 63141 x1,,zips_normalize: zip_reduced_to_five_digits_or_invalid_nulled x32; address_same_street_align: aligned_to_donor_dominant_at_same_street x7; cities_normalize: city_alias_typo_or_punctuation_normalized x2; streets_normalize: street_text_normalized_or_placeholder_nulled x1,same donor's filings (not proof): 21 LADUE ESTATES DR |  | CREVE COEUR | MO | 63141: filed so x35; 21 W LADUE ESTATES DR |  | CREVE COEUR | MO | 63141: filed so x1; 21 LADUE ESTATES DR |  | SAINT LOUIS | MO | 63141: filed so x35,,pending,needs a reviewer
A0011,high,008e9fb46b1d,"DAVIS, LEAH",near-duplicate street spelling for same donor/location,30342,164 LAKE FORREST LN || 164 LAKE FORREST LN NE,street_direction_changed,6,4042820231745858378;4062420241962025818;4042820231745857726;4032020251180457968;4032020251180457965;4070720261523712722,164 LAKE FORREST LN NE |  | ATLANTA | GA | 303423210 x4; 164 LAKE FORREST LANE |  | ATLANTA | GA | 30342 x2,164 LAKE FORREST LN NE |  | ATLANTA | GA | 30342 x4; 164 LAKE FORREST LN |  | ATLANTA | GA | 30342 x2,,zips_normalize: zip_reduced_to_five_digits_or_invalid_nulled x4; streets_normalize: street_text_normalized_or_placeholder_nulled x2,same donor's filings (not proof): 164 LAKE FORREST LN |  | ATLANTA | GA | 30342: filed so x2; 164 LAKE FORREST LN NE |  | ATLANTA | GA | 30342: filed so x4,,pending,needs a reviewer
A0012,high,43823e403f3d,"DAVIS, MITCHELL",near-duplicate street spelling for same donor/location,30342,240 BRUTON WAY || 240 BRUTON WAY NE,street_direction_changed,18,4011620261302592019;4042820231745858135;4092420251292197674;4032120231736711081;4122920221645227193;4010420231645702596;4102420231807055236;4060420241953434957;4102420231807009123;4062320251206917896;4052120241949843120;4092520231802906713;4072420241978923298;4122920221645232755;4122120231813093683;4112220231811442570;4092520231802906714;4052620261511334720,240 BRUTON WAY |  | ATLANTA | GA | 303422052 x16; 240 BRUTON WAY NE |  | ATLANTA | GA | 30342 x2,240 BRUTON WAY |  | ATLANTA | GA | 30342 x16; 240 BRUTON WAY NE |  | ATLANTA | GA | 30342 x2,,zips_normalize: zip_reduced_to_five_digits_or_invalid_nulled x16,same donor's filings (not proof): 240 BRUTON WAY |  | ATLANTA | GA | 30342: filed so x16; 240 BRUTON WAY NE |  | ATLANTA | GA | 30342: filed so x2,,pending,needs a reviewer
A0013,high,0bd9265e173d,"DEIFT, PERCY",near-duplicate street spelling for same donor/location,10025,175 W 93RD ST | APT 5C || 175 W 9RD ST,unit_removed,2,4082120231799935391;4011420231698184403,175 W 93RD ST | APT 5C | NEW YORK | NY | 100259322 x1; 175 W 9RD STREET |  | NEW YORK | NY | 10025 x1,175 W 93RD ST | APT 5C | NEW YORK | NY | 10025 x1; 175 W 9RD ST |  | NEW YORK | NY | 10025 x1,,streets_normalize: street_text_normalized_or_placeholder_nulled x1; zips_normalize: zip_reduced_to_five_digits_or_invalid_nulled x1,same donor's filings (not proof): 175 W 93RD ST | APT 5C | NEW YORK | NY | 10025: filed so x1; 175 W 9RD ST |  | NEW YORK | NY | 10025: filed so x1,,pending,needs a reviewer
A0014,high,0bba4789064d,"DIENER, ROBERT",near-duplicate street spelling for same donor/location,33154,8877 COLLINS AVE || 8877 COLLINS AVE PHA || 8877 COLLINS AVE PH2,unit_added,15,4011620261302592273;4042820231745858056;4112020241071381816;4011620261302591786;4110120231808001334;4030320251179411028;4080620251215493417;4052520221493485238;4112020241071383984;4072420241978926238;4050520251188621966;4082220242014694195;4021220241824545279;4022620261359401033;4022620261359401032,8877 COLLINS AVE |  | SURFSIDE | FL | 331543524 x7; 8877 COLLINS AVE PHA |  | SURFSIDE | FL | 33154 x6; 8877 COLLINS AVE PH2 |  | SURFSIDE | FL | 33154 x2,8877 COLLINS AVE |  | SURFSIDE | FL | 33154 x7; 8877 COLLINS AVE PHA |  | SURFSIDE | FL | 33154 x6; 8877 COLLINS AVE PH2 |  | SURFSIDE | FL | 33154 x2,,zips_normalize: zip_reduced_to_five_digits_or_invalid_nulled x7,same donor's filings (not proof): 8877 COLLINS AVE |  | SURFSIDE | FL | 33154: filed so x14; 8877 COLLINS AVE PHA |  | SURFSIDE | FL | 33154: filed so x6; 8877 COLLINS AVE PH2 |  | SURFSIDE | FL | 33154: filed so x7,,pending,needs a reviewer
A0015,high,bab83d2457ea,"ELMAN, LINDA",near-duplicate street spelling for same donor/location,21215,3201 1/2 FALLSTAFF RD || 3201 FALLSTAFF RD | # 1-2,unit_added,19,4011620261302588370;4082220242014750768;4092220251291772104;4030120241877881253;4052120241949844268;4072120251209628287;4122320221644863024;4122120231813092477;4102420231807055041;4072120251209628305;4082220242014749851;4010420231645702165;4011420231698184868;4080620251215491524;4031920261424759366;4052620261511335768;4061720261521511391;4070720261523713534;4070720261523713468,3201 FALLSTAFF RD | # 1-2 | BALTIMORE | MD | 212151700 x10; 3201 1/2 FALLSTAFF RD |  | BALTIMORE | MD | 212151700 x6; 3201 1/2 FALLSTAFF ROAD |  | BALTIMORE | MD | 21215 x2; 3201 1-2 FALLSTAFF RD |  | BALTIMORE | MD | 21215 x1,3201 FALLSTAFF RD | # 1-2 | BALTIMORE | MD | 21215 x10; 3201 1/2 FALLSTAFF RD |  | BALTIMORE | MD | 21215 x9,house_number_changed,zips_normalize: zip_reduced_to_five_digits_or_invalid_nulled x16; streets_normalize: street_text_normalized_or_placeholder_nulled x2; streets_unify_spelling: street_spelling_unified_to_donor_dominant x1,same donor's filings (not proof): 3201 1/2 FALLSTAFF RD |  | BALTIMORE | MD | 21215: filed so x8; 3201 FALLSTAFF RD | # 1-2 | BALTIMORE | MD | 21215: filed so x10,,pending,needs a reviewer
A0016,high,1cb0d15ea4cd,"EMERSON, BILL",near-duplicate street spelling for same donor/location,33412,10184 OSPEREY TER || 10184 OSPREY TRCE,street_type_changed,2,4010420231645703602;4052620261511335896,10184 OSPEREY TERRACE |  | WPB | FL | 33412 x1; 10184 OSPREY TRCE |  | WEST PALM BEACH | FL | 334121541 x1,10184 OSPEREY TER |  | WEST PALM BEACH | FL | 33412 x1; 10184 OSPREY TRCE |  | WEST PALM BEACH | FL | 33412 x1,,streets_normalize: street_text_normalized_or_placeholder_nulled x1; cities_normalize: city_alias_typo_or_punctuation_normalized x1; zips_normalize: zip_reduced_to_five_digits_or_invalid_nulled x1,same donor's filings (not proof): 10184 OSPEREY TER |  | WEST PALM BEACH | FL | 33412: filed so x1; 10184 OSPREY TRCE |  | WEST PALM BEACH | FL | 33412: filed so x1,,pending,needs a reviewer
A0017,high,a51fa4f0a0fa,"ENGEL, ILENE",near-duplicate street spelling for same donor/location,30305,2660 PEACHTREE RD NW || 2660 PEACHTREE RD NW 19B,street_direction_changed,5,4012120261303039113;4072120251209629933;4011620261302591889;4072120251209629697;4072420241978926375,2660 PEACHTREE ROAD NW 19B |  | ATLANTA | GA | 30305 x3; 2660 PEACHTREE RD NW |  | ATLANTA | GA | 303053673 x2,2660 PEACHTREE RD NW 19B |  | ATLANTA | GA | 30305 x3; 2660 PEACHTREE RD NW |  | ATLANTA | GA | 30305 x2,,streets_normalize: street_text_normalized_or_placeholder_nulled x3; zips_normalize: zip_reduced_to_five_digits_or_invalid_nulled x2,same donor's filings (not proof): 2660 PEACHTREE RD NW |  | ATLANTA | GA | 30305: filed so x2; 2660 PEACHTREE RD NW 19B |  | ATLANTA | GA | 30305: filed so x3,,pending,needs a reviewer
A0018,high,a51fa4f0a0fa,"ENGEL, ILENE",near-duplicate street spelling for same donor/location,30319,1057 ARBOR TRCE NE || 1057 ARBOR TRACE,street_direction_changed,13,4122320221644863313;4042820231745858734;4102420231807054718;4122920221645232780;4010420231645703491;4102420231807054720;4122920221645226799;4010320231645639529;4102420231807009209;4122320221644864168;4020620231722559243;4082120231799935739;4051220221476495076,1057 ARBOR TRCE NE |  | BROOKHAVEN | GA | 303195381 x12; 1057 ARBOR TRACE |  | ATLANTA | GA | 30319 x1,1057 ARBOR TRCE NE |  | BROOKHAVEN | GA | 30319 x12; 1057 ARBOR TRACE |  | BROOKHAVEN | GA | 30319 x1,,zips_normalize: zip_reduced_to_five_digits_or_invalid_nulled x12; address_same_street_align: aligned_to_donor_dominant_at_same_street x1,same donor's filings (not proof): 1057 ARBOR TRCE NE |  | BROOKHAVEN | GA | 30319: filed so x12; 1057 ARBOR TRACE |  | BROOKHAVEN | GA | 30319: filed so x1,,pending,needs a reviewer
A0019,high,ae7730711674,"EPSTEIN, NANCY",near-duplicate street spelling for same donor/location,33160,5500 ISLAND ESTATE DR | # 601 N || 5500 ISLAND ESTATES DR | APT 705N || 5500 ISLAND ESTATE BLVD | # 705N,"street_type_changed, unit_changed",19,4012120261303039611;4060420241953434358;4020820231723393598;4102420231807054850;4122920221645226226;4060420241953434063;4060420241953434693;4060420241953434212;4060420241953434514;4060420241953435133;4060420241953434375;4060420241953434575;4060420241953434225;4060420241953434209;4122120231813094139;4052520221493485185;4060420241953435006;4122920221645226225;4060420241953434328,"5500 ISLAND ESTATES DR | APT 705N | AVENTURA | FL | 331605198 x13; 5500 ISLAND ESTATES DRIVE, 705 N |  | AVENTURA | NJ | 33160 x4; 5500 ISLAND ESTATE DR. 601 N |  | AVENTURA | NJ | 07094 x1; 5500 ISLAND ESTATE BLVD #705N |  | AVENTURA | FL | 33160 x1",5500 ISLAND ESTATES DR | APT 705N | AVENTURA | FL | 33160 x17; 5500 ISLAND ESTATE DR | # 601 N | AVENTURA | FL | 33160 x1; 5500 ISLAND ESTATE BLVD | # 705N | AVENTURA | FL | 33160 x1,,zips_normalize: zip_reduced_to_five_digits_or_invalid_nulled x13; streets_safe_fixes: care_of_house_number_or_trailing_unit_fixed x10; streets_normalize: street_text_normalized_or_placeholder_nulled x7; address_city_state_conflict: state_fixed_from_person_history_same_city x5; streets_unify_units: unit_designator_unified_to_donor_dominant x4; address_zip_state_conflict: state_fixed_or_zip_nulled_by_city_witness x1; address_same_street_align: aligned_to_donor_dominant_at_same_street x1,same donor's filings (not proof): 5500 ISLAND ESTATE DR | # 601 N | AVENTURA | FL | 33160: filed so x0; 5500 ISLAND ESTATES DR | APT 705N | AVENTURA | FL | 33160: filed so x17; 5500 ISLAND ESTATE BLVD | # 705N | AVENTURA | FL | 33160: filed so x1,,pending,needs a reviewer
A0020,high,92ca3d8ebc6c,"FELDMAN, MURIEL",near-duplicate street spelling for same donor/location,11374,6361 99TH ST | APT E5 || 6361 99TH ST E5,unit_removed,23,4011420251130091573;4062420241962024233;4072420241978924855;4011420231698185058;4011420251130091572;4080620251215492810;4060420241953436928;4072420241978927358;4122320221644864912;4060420241953433952;4062420241962024174;4060420241953437106;4062420241962024173;4122320221644864913;4062420241962024175;4122920221645231966;4060420241953433928;4072420241978924891;4080620251215492813;4080620251215492832;4122320221644864909;4011420251130091574;4011420251130091575,6361 99TH ST | APT E5 | REGO PARK | NY | 113742428 x19; 6361 99TH STREET E5 |  | REGO PARK | NY | 11374 x4,6361 99TH ST | APT E5 | REGO PARK | NY | 11374 x19; 6361 99TH ST E5 |  | REGO PARK | NY | 11374 x4,,zips_normalize: zip_reduced_to_five_digits_or_invalid_nulled x19; streets_normalize: street_text_normalized_or_placeholder_nulled x4,same donor's filings (not proof): 6361 99TH ST | APT E5 | REGO PARK | NY | 11374: filed so x19; 6361 99TH ST E5 |  | REGO PARK | NY | 11374: filed so x4,,pending,needs a reviewer
A0021,high,c24d61f28cba,"FISCHMANN, ROBERTO",near-duplicate street spelling for same donor/location,18104,3003 TURNER ST || 3003 W TURNER ST,street_direction_changed,49,4011620261302592074;4092420251292198018;4011620261302591147;4011620261302591146;4011620261302591141;4011620261302591139;4011620261302591138;4011620261302591137;4092420251292197725;4082520251233303706;4060420241953434523;4011420231698185656;4060420241953434371;4062420241962024926;4060420241953437107;4072420241978926822;4102420231807054943;4062420241962026271;4042820231745858032;4062420241962025500;4062420241962024245;4110120231808001376;4042820231745858040;4042820231745858028;4060420241953434466;4072120251209629816;4042820231745858041;4042820231745858030;4122920221645226767;4080620251215491966;4060420241953434096;4122920221645225980;4060420241953437140;4122920221645225987;4042820231745858025;4042820231745858027;4042820231745858046;4060420241953434522;4042820231745858037;4092320242041367347;4030420261386075776;4030420261386075775;4030420261386075014;4052620261511335917;4052620261511335915;4070720261523713052;4080120261540165184;4080120261540165180;4080120261540164455,3003 W TURNER ST |  | ALLENTOWN | PA | 181045331 x33; 3003 TURNER STREET |  | ALLENTOWN | PA | 18104 x16,3003 W TURNER ST |  | ALLENTOWN | PA | 18104 x33; 3003 TURNER ST |  | ALLENTOWN | PA | 18104 x16,,zips_normalize: zip_reduced_to_five_digits_or_invalid_nulled x33; streets_normalize: street_text_normalized_or_placeholder_nulled x16,same donor's filings (not proof): 3003 TURNER ST |  | ALLENTOWN | PA | 18104: filed so x16; 3003 W TURNER ST |  | ALLENTOWN | PA | 18104: filed so x33,,pending,needs a reviewer
A0022,high,110aa08d44be,"FISHER, KEVIN",near-duplicate street spelling for same donor/location,30309,1800 PEACHTREE ST NE | STE 300 || 1800 PEACHTREE ST NW | STE 300,street_direction_changed,4,4092320242041366861;4112220231811445065;4092320242041366860;4031920261424759327,"1800 PEACHTREE ST NE, SUITE 300 |  | ATLANTA | GA | 30309 x2; 1800 PEACHTREE ST NW | STE 300 | ATLANTA | GA | 303092504 x2",1800 PEACHTREE ST NE | STE 300 | ATLANTA | GA | 30309 x2; 1800 PEACHTREE ST NW | STE 300 | ATLANTA | GA | 30309 x2,,streets_normalize: street_text_normalized_or_placeholder_nulled x4; zips_normalize: zip_reduced_to_five_digits_or_invalid_nulled x2,same donor's filings (not proof): 1800 PEACHTREE ST NE | STE 300 | ATLANTA | GA | 30309: filed so x2; 1800 PEACHTREE ST NW | STE 300 | ATLANTA | GA | 30309: filed so x2,,pending,needs a reviewer
A0023,high,32a87ebf3cb3,"FRANCO, ROBERT",near-duplicate street spelling for same donor/location,30306,1775 WILDWOOD RD || 1775 WILDWOOD RD NE,street_direction_changed,8,4072120251209629632;4110120231808000340;4122320221644864897;4102420231807054754;4102420231807054775;4110120231808001168;4082220242014749664;4082720261585274968,1775 WILDWOOD RD NE |  | ATLANTA | GA | 303063029 x7; 1775 WILDWOOD RD |  | ATLANTA | GA | 30306 x1,1775 WILDWOOD RD NE |  | ATLANTA | GA | 30306 x7; 1775 WILDWOOD RD |  | ATLANTA | GA | 30306 x1,,zips_normalize: zip_reduced_to_five_digits_or_invalid_nulled x7,same donor's filings (not proof): 1775 WILDWOOD RD |  | ATLANTA | GA | 30306: filed so x1; 1775 WILDWOOD RD NE |  | ATLANTA | GA | 30306: filed so x7,,pending,needs a reviewer
A0024,high,97db87f492ab,"GANZ, CHARLES",near-duplicate street spelling for same donor/location,30328,160 HIDDEN FALLS LN || 160 HIDDEN FALLS LN NW,street_direction_changed,15,4011620261302586313;4062320251206917938;4092420251292198124;4060420241953435375;4052120241949842315;4060420241953435141;4122920221645236212;4122120231813094491;4010420231645702713;4102420231807009350;4060420241953436214;4062320251206917858;4031920261424759099;4032320261425016450;4080120261540164111,160 HIDDEN FALLS LN |  | ATLANTA | GA | 303281960 x12; 160 HIDDEN FALLS LANE NORTHWEST |  | ATLANTA | GA | 303281960 x2; 160 HIDDEN FALLS LN |  | SANDY SPRINGS | GA | 303281960 x1,160 HIDDEN FALLS LN |  | ATLANTA | GA | 30328 x13; 160 HIDDEN FALLS LN NW |  | ATLANTA | GA | 30328 x2,,zips_normalize: zip_reduced_to_five_digits_or_invalid_nulled x15; streets_normalize: street_text_normalized_or_placeholder_nulled x2; address_same_street_align: aligned_to_donor_dominant_at_same_street x1,same donor's filings (not proof): 160 HIDDEN FALLS LN |  | ATLANTA | GA | 30328: filed so x13; 160 HIDDEN FALLS LN NW |  | ATLANTA | GA | 30328: filed so x2,,pending,needs a reviewer
A0025,high,8c1798679df2,"GENATT, PETER",near-duplicate street spelling for same donor/location,11042,3333 NEW HYDE PARK RD || 3333 NEW HYDE PARK RR,street_type_changed,4,4011620261302591818;4061720261521511263;4020920241823943618;4030420261386075338,3333 NEW HYDE PARK RD |  | NEW HYDE PARK | NY | 110421204 x3; 3333 NEW HYDE PARK RR |  | NEW HYDE PARK | NY | 11042 x1,3333 NEW HYDE PARK RD |  | NEW HYDE PARK | NY | 11042 x3; 3333 NEW HYDE PARK RR |  | NEW HYDE PARK | NY | 11042 x1,,zips_normalize: zip_reduced_to_five_digits_or_invalid_nulled x3,same donor's filings (not proof): 3333 NEW HYDE PARK RD |  | NEW HYDE PARK | NY | 11042: filed so x3; 3333 NEW HYDE PARK RR |  | NEW HYDE PARK | NY | 11042: filed so x1,,pending,needs a reviewer
A0026,high,399390cc4bc2,"GLUSTROM, ROBERT",near-duplicate street spelling for same donor/location,30309,1201 W PEACHTREE ST NW | STE 2300 || 1201 W PEACHTREE ST NW SUIT,"street_direction_changed, unit_removed",8,4020920241823945111;4062320251206917225;4020920241823945112;4020920241823945110;4020920241823945108;4020920241823945109;4072420241978928373;4092320242041365796,1201 W PEACHTREE ST NW | STE 2300 | ATLANTA | GA | 303093453 x7; 1201 WEST PEACHTREE STREET NW SUIT |  | ATLANTA | GA | 30309 x1,1201 W PEACHTREE ST NW | STE 2300 | ATLANTA | GA | 30309 x7; 1201 W PEACHTREE ST NW SUIT |  | ATLANTA | GA | 30309 x1,,zips_normalize: zip_reduced_to_five_digits_or_invalid_nulled x7; streets_normalize: street_text_normalized_or_placeholder_nulled x1,same donor's filings (not proof): 1201 W PEACHTREE ST NW | STE 2300 | ATLANTA | GA | 30309: filed so x7; 1201 W PEACHTREE ST NW SUIT |  | ATLANTA | GA | 30309: filed so x1,,pending,needs a reviewer
A0027,high,9eb69eb484d0,"HABIF, MICHAEL",near-duplicate street spelling for same donor/location,30327,5260 RIVERVIEW RD || 5260 RIVERVIEW RD NW,street_direction_changed,2,4052120241949843270;4072120251209630146,5260 RIVERVIEW RD |  | ATLANTA | GA | 303274242 x1; 5260 RIVERVIEW ROAD NORTHWEST |  | ATLANTA | GA | 303274242 x1,5260 RIVERVIEW RD |  | ATLANTA | GA | 30327 x1; 5260 RIVERVIEW RD NW |  | ATLANTA | GA | 30327 x1,,zips_normalize: zip_reduced_to_five_digits_or_invalid_nulled x2; streets_normalize: street_text_normalized_or_placeholder_nulled x1,same donor's filings (not proof): 5260 RIVERVIEW RD |  | ATLANTA | GA | 30327: filed so x1; 5260 RIVERVIEW RD NW |  | ATLANTA | GA | 30327: filed so x1,,pending,needs a reviewer
A0028,high,f581b514265e,"HADDAD, ELI",near-duplicate street spelling for same donor/location,33180,19667 TURNBERRY WAY || 19667 TURNBERRY WAH,street_type_changed,17,4011620261302588322;4112020241071383572;4060420241953435227;4030320251179410193;4030320251179410189;4092320242041364456;4030320251179410187;4060420241953435245;4030320251179410188;4030320251179410192;4032020251180457456;4030320251179410186;4030320251179410194;4030320251179410190;4030320251179410191;4030320251179410195;4082720261585275703,"19667 , TURNBERRY WAH |  | AVENTURA | FL | 33180 x11; 19667 TURNBERRY WAY |  | AVENTURA | FL | 331802593 x6",19667 TURNBERRY WAH |  | AVENTURA | FL | 33180 x11; 19667 TURNBERRY WAY |  | AVENTURA | FL | 33180 x6,,streets_normalize: street_text_normalized_or_placeholder_nulled x11; zips_normalize: zip_reduced_to_five_digits_or_invalid_nulled x6,same donor's filings (not proof): 19667 TURNBERRY WAY |  | AVENTURA | FL | 33180: filed so x6; 19667 TURNBERRY WAH |  | AVENTURA | FL | 33180: filed so x11,,pending,needs a reviewer
A0029,high,eab2270b5b9a,"HAUSER, GABRIEL",near-duplicate street spelling for same donor/location,20852,11 FARM HAVEN CR || 11 FARM HAVEN CT | # CR,street_type_added,5,4092220251291772571;4122920221645232900;4072420241978926948;4122920221645226591;4011420231698185329,11 FARM HAVEN CT | # CR | ROCKVILLE | MD | 208524231 x4; 11 FARM HAVEN CR |  | ROCKVILLE | MD | 20852 x1,11 FARM HAVEN CT | # CR | ROCKVILLE | MD | 20852 x4; 11 FARM HAVEN CR |  | ROCKVILLE | MD | 20852 x1,,zips_normalize: zip_reduced_to_five_digits_or_invalid_nulled x4,same donor's filings (not proof): 11 FARM HAVEN CR |  | ROCKVILLE | MD | 20852: filed so x1; 11 FARM HAVEN CT | # CR | ROCKVILLE | MD | 20852: filed so x7,,pending,needs a reviewer
A0030,high,f6d8fe8f98c3,"HERMAN, ROSS",near-duplicate street spelling for same donor/location,55446,16525 40TH AVE NO || 16525 40TH AVE N,street_direction_changed,10,4012120261303040306;4122920221645225930;4020620251143653571;4112220231811445256;4060420241953437795;4060420241953437818;4072420241978927778;4080120261540164733;4080120261540164732;4080120261540164193,16525 40TH AVE N |  | PLYMOUTH | MN | 554462611 x8; 16525 40TH AVENUE NO |  | PLYMOUTH | MN | 55446 x1; 16525 40TH AVE N |  | MINNEAPOLIS | MN | 554462611 x1,16525 40TH AVE N |  | PLYMOUTH | MN | 55446 x9; 16525 40TH AVE NO |  | PLYMOUTH | MN | 55446 x1,,zips_normalize: zip_reduced_to_five_digits_or_invalid_nulled x9; streets_normalize: street_text_normalized_or_placeholder_nulled x1; address_same_street_align: aligned_to_donor_dominant_at_same_street x1,same donor's filings (not proof): 16525 40TH AVE NO |  | PLYMOUTH | MN | 55446: filed so x1; 16525 40TH AVE N |  | PLYMOUTH | MN | 55446: filed so x9,,pending,needs a reviewer
A0031,high,11305225f51e,"HOROWITZ, MARK",near-duplicate street spelling for same donor/location,90035,9014 LARKE ELLEN CIR || 9014 LARKE ELLEN CR,street_type_changed,17,4092320242041365785;4072420241978925591;4052120241949843541;4062320251206918836;4082220242014750327;4092320242041365783;4082520251233303335;4030120241877880379;4092320242041367073;4082520251233303346;4092320242041367077;4092320242041365768;4052120241949843494;4082220242014750785;4122120231813093981;4032320261425014961;4061720261521511370,9014 LARKE ELLEN CIR |  | LOS ANGELES | CA | 900354223 x16; 9014 LARKE ELLEN CR |  | LOS ANGELES | CA | 90035 x1,9014 LARKE ELLEN CIR |  | LOS ANGELES | CA | 90035 x16; 9014 LARKE ELLEN CR |  | LOS ANGELES | CA | 90035 x1,,zips_normalize: zip_reduced_to_five_digits_or_invalid_nulled x16,same donor's filings (not proof): 9014 LARKE ELLEN CIR |  | LOS ANGELES | CA | 90035: filed so x16; 9014 LARKE ELLEN CR |  | LOS ANGELES | CA | 90035: filed so x1,,pending,needs a reviewer
A0032,high,63c4eafb2841,"HORVITZ, MICHAEL",near-duplicate street spelling for same donor/location,44114,1100 E SUPERIOR AVE | STE 1105 || 1100 SUPERIOR AVE | STE 1105,street_direction_changed,4,4010420231645703368;4082520251233304014;4010420231645702132;4041620201737156487,"1100 SUPERIOR AVE E | STE 1105 | CLEVELAND | OH | 441142546 x3; 1100 SUPERIOR AVENUE, SUITE 1105 |  | CLEVELAND | OH | 44114 x1",1100 E SUPERIOR AVE | STE 1105 | CLEVELAND | OH | 44114 x3; 1100 SUPERIOR AVE | STE 1105 | CLEVELAND | OH | 44114 x1,,zips_normalize: zip_reduced_to_five_digits_or_invalid_nulled x3; address_verified_rules: verified_postal_correction x3; streets_normalize: street_text_normalized_or_placeholder_nulled x2,source: manual_verified: 1100 SUPERIOR AVE E | OH | 44114 x3 || same donor's filings (not proof): 1100 E SUPERIOR AVE | STE 1105 | CLEVELAND | OH | 44114: filed so x0; 1100 SUPERIOR AVE | STE 1105 | CLEVELAND | OH | 44114: filed so x1,,pending,needs a reviewer
A0033,high,c73d273eaee4,"HURD, LISA",near-duplicate street spelling for same donor/location,30342,447 BROOKFIELD DR || 447 BROOKFIELD DR NE,street_direction_changed,3,4092420251292198394;4062320251206917072;4082720261585274842,447 BROOKFIELD DR |  | ATLANTA | GA | 303422707 x1; 447 BROOKFIELD DR NE |  | ATLANTA | GA | 30342 x1; 447 BROOKFIELD DR |  | SANDY SPRINGS | GA | 303422707 x1,447 BROOKFIELD DR |  | ATLANTA | GA | 30342 x2; 447 BROOKFIELD DR NE |  | ATLANTA | GA | 30342 x1,,zips_normalize: zip_reduced_to_five_digits_or_invalid_nulled x2; address_same_street_align: aligned_to_donor_dominant_at_same_street x1,same donor's filings (not proof): 447 BROOKFIELD DR |  | ATLANTA | GA | 30342: filed so x2; 447 BROOKFIELD DR NE |  | ATLANTA | GA | 30342: filed so x1,,pending,needs a reviewer
A0034,high,ae7119778e77,"INGBER, MATTHEW",near-duplicate street spelling for same donor/location,11230,970 EAT 10TH ST || 970 E 10TH ST | # 23C23C,"street_direction_changed, unit_added",3,4011620261302588272;4011420231698186766;4062320251206917382,970 EAT 10TH ST |  | BRROOKLYN | NY | 11230 x2; 970 E 10TH ST | # 23C23C | BROOKLYN | NY | 112303519 x1,970 EAT 10TH ST |  | BROOKLYN | NY | 11230 x2; 970 E 10TH ST | # 23C23C | BROOKLYN | NY | 11230 x1,,cities_normalize: city_alias_typo_or_punctuation_normalized x2; zips_normalize: zip_reduced_to_five_digits_or_invalid_nulled x1,same donor's filings (not proof): 970 EAT 10TH ST |  | BROOKLYN | NY | 11230: filed so x2; 970 E 10TH ST | # 23C23C | BROOKLYN | NY | 11230: filed so x1,,pending,needs a reviewer
A0035,high,c218f9aa659d,"JACOBS, MICHAEL",near-duplicate street spelling for same donor/location,94920,115 REED RANCH RD | TOAD || 115 REED RANCH TOAD,street_type_changed,3,4112220231811444593;4042820231745858687;4102420231807009569,115 REED RANCH RD | TOAD | TIBURON | CA | 949202024 x2; 115 REED RANCH TOAD |  | TIBURON | CA | 94920 x1,115 REED RANCH RD | TOAD | TIBURON | CA | 94920 x2; 115 REED RANCH TOAD |  | TIBURON | CA | 94920 x1,,zips_normalize: zip_reduced_to_five_digits_or_invalid_nulled x2,same donor's filings (not proof): 115 REED RANCH RD | TOAD | TIBURON | CA | 94920: filed so x4; 115 REED RANCH TOAD |  | TIBURON | CA | 94920: filed so x1,,pending,needs a reviewer
A0036,high,620914750997,"JONAS, SETH",near-duplicate street spelling for same donor/location,10024,215 W 90TH ST || 215 W 90 ST | # 7E,unit_added,6,4011620261302586510;4032120231736710687;4010420231645702418;4122920221645225429;4032320261425015732;4061720261521510098,215 W 90TH ST |  | NEW YORK | NY | 100241221 x5; 215 W 90 ST 7E |  | NEW YORK | NY | 10024 x1,215 W 90TH ST |  | NEW YORK | NY | 10024 x5; 215 W 90 ST | # 7E | NEW YORK | NY | 10024 x1,,zips_normalize: zip_reduced_to_five_digits_or_invalid_nulled x5; streets_safe_fixes: care_of_house_number_or_trailing_unit_fixed x2,same donor's filings (not proof): 215 W 90TH ST |  | NEW YORK | NY | 10024: filed so x5; 215 W 90 ST | # 7E | NEW YORK | NY | 10024: filed so x12,,pending,needs a reviewer
A0037,high,1adfb6d7a182,"KOBRICK, FELICE",near-duplicate street spelling for same donor/location,11545,25 CHAPEL GATE || 25 CHAPEL GATE LN,street_type_added,22,4012120261303039114;4050520251188622056;4011620261302590930;4060420241953434603;4080620251215493281;4011320231697775922;4122320221644863878;4080620251215493303;4060420241953434555;4060420241953434251;4060420241953434650;4072120251209629307;4060420241953434050;4121920221637778100;4110720231809900298;4011320231697775923;4011320231697775925;4042820231745857587;4052620261511335566;4070720261523711602;4082720261585274513;4082720261585274498,25 CHAPEL GATE |  | GLEN HEAD | NY | 115452701 x20; 25 CHAPEL GATE LANE |  | UPPER BROOKVILLE | NY | 11545 x2,25 CHAPEL GATE |  | GLEN HEAD | NY | 11545 x20; 25 CHAPEL GATE LN |  | GLEN HEAD | NY | 11545 x2,,zips_normalize: zip_reduced_to_five_digits_or_invalid_nulled x20; streets_normalize: street_text_normalized_or_placeholder_nulled x2; address_same_street_align: aligned_to_donor_dominant_at_same_street x2,same donor's filings (not proof): 25 CHAPEL GATE |  | GLEN HEAD | NY | 11545: filed so x20; 25 CHAPEL GATE LN |  | GLEN HEAD | NY | 11545: filed so x2,,pending,needs a reviewer
A0038,high,61716a85b797,"KOHL, STEWART",near-duplicate street spelling for same donor/location,44114,127 PUBLIC SQURE | # 5700 || 127 PUBLIC SQ | # 5700,street_type_added,9,4092220251291772199;4092320242041364917;4092220251291771956;4082520251233304193;4082520251233304085;4062420241962022362;4030420261386076336;4030420261386076335;4090820261595851572,"127 PUBLIC SQURE, #5700 |  | CLEVELAND | OH | 44114 x5; 127 PUBLIC SQ | # 5700 | CLEVELAND | OH | 441141217 x4",127 PUBLIC SQURE | # 5700 | CLEVELAND | OH | 44114 x5; 127 PUBLIC SQ | # 5700 | CLEVELAND | OH | 44114 x4,,streets_normalize: street_text_normalized_or_placeholder_nulled x10; zips_normalize: zip_reduced_to_five_digits_or_invalid_nulled x4,same donor's filings (not proof): 127 PUBLIC SQURE | # 5700 | CLEVELAND | OH | 44114: filed so x5; 127 PUBLIC SQ | # 5700 | CLEVELAND | OH | 44114: filed so x4,,pending,needs a reviewer
A0039,high,1350737b9637,"KORDA, ROBERT",near-duplicate street spelling for same donor/location,90034,2107 DUXBURY CIR || 2107 DUXBURY RD,street_type_changed,9,4032520241885655782;4062320251206917521;4122120231813094836;4011420231698186921;4110720231809900666;4030320251179410701;4010320231645639804;4011420231698186920;4112220231811444192,2107 DUXBURY CIR |  | LOS ANGELES | CA | 900341013 x8; 2107 DUXBURY ROAD |  | LOS ANGELES | CA | 90034 x1,2107 DUXBURY CIR |  | LOS ANGELES | CA | 90034 x8; 2107 DUXBURY RD |  | LOS ANGELES | CA | 90034 x1,,zips_normalize: zip_reduced_to_five_digits_or_invalid_nulled x8; streets_normalize: street_text_normalized_or_placeholder_nulled x1,same donor's filings (not proof): 2107 DUXBURY CIR |  | LOS ANGELES | CA | 90034: filed so x8; 2107 DUXBURY RD |  | LOS ANGELES | CA | 90034: filed so x1,,pending,needs a reviewer
A0040,high,4300c9c001dc,"KUPERMAN, SHAY",near-duplicate street spelling for same donor/location,77098,4131 E NORTHAMPTON PL || 4131 W NORTHAMPTON PL,street_direction_changed,14,4123020221645490265;4112220231811442427;4010420231645703404;4020920241823944465;4112020241071383805;4010420231645703405;4062420241962023637;4052120241949842322;4092320242041365699;4122120231813093144;4042820231745857922;4030320251179410973;4082220242014751545;4052120241949841880,"4131 E NORTHAMPTON PL |  | HOUSTON | TX | 770985255 x7; 4131 WEST NORTHAMPTON PLACE |  | HOUSTON | TX | 77098 x6; 4131, E NORTHAMPTON |  | HOUSTON | TX | 77098 x1",4131 E NORTHAMPTON PL |  | HOUSTON | TX | 77098 x8; 4131 W NORTHAMPTON PL |  | HOUSTON | TX | 77098 x6,street_type_added,streets_normalize: street_text_normalized_or_placeholder_nulled x7; zips_normalize: zip_reduced_to_five_digits_or_invalid_nulled x7; streets_unify_types: street_type_unified_to_donor_dominant x1,same donor's filings (not proof): 4131 E NORTHAMPTON PL |  | HOUSTON | TX | 77098: filed so x7; 4131 W NORTHAMPTON PL |  | HOUSTON | TX | 77098: filed so x6,,pending,"changed from other filings of the same donor, which is not proof"
A0041,high,aa117a6663e4,"LANE, CURTIS",near-duplicate street spelling for same donor/location,10023,101 CENTRAL PARK W || 101 CENTRAL PARK WEST | # 10E,unit_added,12,4092220251291772280;4050520251188621896;4092420251292197706;4080620251215492263;4072120251209628209;4032120231736710691;4082520251233304137;4080120261540162629;4082720261585276583;4082720261585275834;4082720261585275833;4082720261585274760,101 CENTRAL PARK W |  | NEW YORK | NY | 100234250 x9; 101 CENTRAL PARK WEST #10E |  | NEW YORK | NY | 10023 x2; 101 CENTRAL PARK WEST |  | NEW YORK | NY | 10022 x1,101 CENTRAL PARK W |  | NEW YORK | NY | 10023 x10; 101 CENTRAL PARK WEST | # 10E | NEW YORK | NY | 10023 x2,,zips_normalize: zip_reduced_to_five_digits_or_invalid_nulled x9; streets_normalize: street_text_normalized_or_placeholder_nulled x5; address_same_street_align: aligned_to_donor_dominant_at_same_street x1,same donor's filings (not proof): 101 CENTRAL PARK W |  | NEW YORK | NY | 10023: filed so x9; 101 CENTRAL PARK WEST | # 10E | NEW YORK | NY | 10023: filed so x14,,pending,needs a reviewer
A0042,high,5862d329ff36,"LEVOW, ALAN D.",near-duplicate street spelling for same donor/location,30326,3400 PEACHTREE RD NE | STE 1025 || 3400 PEACHTREE TD NE | STE 1025 || 3400 PEACHTREE RD NW | STE 1025 || 3400 PEACHTREE RD | STE 1025,"street_direction_changed, street_type_added, street_type_changed",81,4012120261303040001;4122320221644863832;4092320242041366865;4052520221493485059;4011620261302586556;4011620261302591689;4011620261302591239;4011620261302591238;4011620261302591028;4092220251291772136;4062420241962025084;4072420241978922483;4010420231645702026;4102420231807054708;4082220242014750085;4062320251206918041;4042820231745857777;4052120241949842606;4102420231807055344;4102420231807010284;4092520231802906686;4052120241949841654;4112220231811444208;4030120241877879967;4082120231799935621;4010420231645702027;4062320251206918040;4122920221645231755;4032520241885654225;4112020241071382627;4021120221406549766;4010420231645702025;4092320242041367492;4010420231645702031;4072420241978925456;4060420241953435072;4010420231645702028;4072120251209629619;4122920221645232348;4102420231807010283;4010420231645703463;4072420241978923114;4010320231645639306;4110120231808001282;4010420231645702030;4010420231645702032;4010320231645638349;4062420241962026045;4112020241071382626;4030320251179409621;4092520231802907257;4010420231645702578;4092520231802907365;4102420231807009185;4112020241071382028;4010420231645702029;4082520251233303898;4122920221645235532;4030120241877880273;4072420241978923115;4092520231802906480;4042820231745858755;4021920231732395618;4010420231645702108;4122320221644863833;4021920231732395489;4030120241877880945;4020620231722559239;4122120231813092523;4102420231807055468;4010420231645702107;4042820231745858376;4122320221644863240;4072420211322676277;4072420211322676276;4022420211164203077;4022420211164203069;4041620201737156534;4041620201737156533;4041620201737156498;4032320221464036520,"3400 PEACHTREE RD NE | STE 1025 | ATLANTA | GA | 303261188 x61; 3400 PEACHTREE RD NE, SUITE 1025 |  | ATLANTA | GA | 30326 x10; 3400 PEACHTREE TD NE, SUITE 1025 |  | ATLANTA | GA | 30326 x5; 3400 PEACHTREE RD NW, SUITE 1025 |  | ATLANTA | GA | 30326 x3; 3400 PEACHTREE RD, SUITE 1025 |  | ATLANTA | GA | 30326 x1; 3400 PEACHTREE RD. STE 1025 |  | ATLANTA | GA | 303261188 x1",3400 PEACHTREE RD NE | STE 1025 | ATLANTA | GA | 30326 x71; 3400 PEACHTREE TD NE | STE 1025 | ATLANTA | GA | 30326 x5; 3400 PEACHTREE RD NW | STE 1025 | ATLANTA | GA | 30326 x3; 3400 PEACHTREE RD | STE 1025 | ATLANTA | GA | 30326 x2,,zips_normalize: zip_reduced_to_five_digits_or_invalid_nulled x62; streets_normalize: street_text_normalized_or_placeholder_nulled x40,same donor's filings (not proof): 3400 PEACHTREE RD NE | STE 1025 | ATLANTA | GA | 30326: filed so x71; 3400 PEACHTREE TD NE | STE 1025 | ATLANTA | GA | 30326: filed so x14; 3400 PEACHTREE RD NW | STE 1025 | ATLANTA | GA | 30326: filed so x3; 3400 PEACHTREE RD | STE 1025 | ATLANTA | GA | 30326: filed so x2,,pending,needs a reviewer
A0043,high,776149fcf795,"LEVY, MICHAEL",near-duplicate street spelling for same donor/location,75201,2300 WOLF AT | APT 15C || 2300 WOLF ST | UNIT 15C,street_type_added,6,4012120261303038653;4052620261511336638;4011620261302586289;4011620261302591473;4052620261511336506;4061720261521511141,"2300 WOLF AT, APT 15C |  | DALLAS | TX | 75201 x3; 2300 WOLF ST | UNIT 15C | DALLAS | TX | 752017055 x3",2300 WOLF AT | APT 15C | DALLAS | TX | 75201 x3; 2300 WOLF ST | UNIT 15C | DALLAS | TX | 75201 x3,,streets_normalize: street_text_normalized_or_placeholder_nulled x6; zips_normalize: zip_reduced_to_five_digits_or_invalid_nulled x3,same donor's filings (not proof): 2300 WOLF AT | APT 15C | DALLAS | TX | 75201: filed so x3; 2300 WOLF ST | UNIT 15C | DALLAS | TX | 75201: filed so x3,,pending,needs a reviewer
A0044,high,873bfc1b79c2,"LEWY, GLEN",near-duplicate street spelling for same donor/location,10543,1057 CONSTABLE DR || 1057 CONSTABLE DR S,street_direction_changed,12,4011620261302592144;4072520221548212937;4032520241885655855;4082220242014750419;4030320251179409908;4072120251209629650;4122120231813093382;4110720231809900333;4020920241823943808;4032020251180457591;4052620261511335381;4070720261523712508,1057 CONSTABLE DR |  | MAMARONECK | NY | 105434702 x10; 1057 CONSTABLE DRIVE SOUTH |  | MAMARONECK | NY | 105434702 x1; 1057 CONSTABLE DRIVE |  | MAMARONECK | NY | 10543 x1,1057 CONSTABLE DR |  | MAMARONECK | NY | 10543 x11; 1057 CONSTABLE DR S |  | MAMARONECK | NY | 10543 x1,,zips_normalize: zip_reduced_to_five_digits_or_invalid_nulled x11; streets_normalize: street_text_normalized_or_placeholder_nulled x2,same donor's filings (not proof): 1057 CONSTABLE DR |  | MAMARONECK | NY | 10543: filed so x11; 1057 CONSTABLE DR S |  | MAMARONECK | NY | 10543: filed so x1,,pending,needs a reviewer
A0045,high,a797d79f3c92,"LUKEMAN, YANA",near-duplicate street spelling for same donor/location,10019,853 7TH AVE || 853 7THE AVE,house_number_changed,40,4012120261303038613;4032120231736711041;4011620261302591494;4092220251291772833;4121920221637777464;4021920231732395643;4122920221645232136;4082120231799935612;4112020241071380978;4050520251188622010;4062320251206917369;4122120231813092805;4082520251233304144;4122920221645235443;4122920221645232572;4082220242014751517;4060420241953433487;4102420231807009618;4062420241962022510;4080620251215492610;4112220231811444118;4062420241962023155;4121920221637777880;4122320221644864577;4020920241823944448;4102420231807009916;4080620251215492611;4010420231645703231;4112020241071383954;4072120251209628124;4082520251233303962;4072120251209628847;4031920261424759446;4052620261511335169;4061720261521510896;4070720261523713354;4082720261585276580;4082720261585276577;4082720261585274670;4082720261585274669,853 7TH AVE |  | NEW YORK | NY | 100195215 x39; 853 7THE AVE |  | NEW YORK | NY | 10019 x1,853 7TH AVE |  | NEW YORK | NY | 10019 x39; 853 7THE AVE |  | NEW YORK | NY | 10019 x1,,zips_normalize: zip_reduced_to_five_digits_or_invalid_nulled x39,same donor's filings (not proof): 853 7TH AVE |  | NEW YORK | NY | 10019: filed so x39; 853 7THE AVE |  | NEW YORK | NY | 10019: filed so x1,,pending,needs a reviewer
A0046,high,63b9be42f1d0,"MAHER, ORON",near-duplicate street spelling for same donor/location,90212,9903 S SANTA MONICA BLVD | STE 3 || 9903 SANTA MONICA BLVD | STE 301,"street_direction_changed, unit_changed",5,4092220251291772589;4062320251206918737;4112020241071382201;4060420241953436617;4072420241978925569,"9903 SANTA MONICA BLVD | STE 301 | BEVERLY HILLS | CA | 902121606 x4; 9903 S. SANTA MONICA BLVD, SUITE 3 |  | BEVERLY HILLS | CA | 90212 x1",9903 SANTA MONICA BLVD | STE 301 | BEVERLY HILLS | CA | 90212 x4; 9903 S SANTA MONICA BLVD | STE 3 | BEVERLY HILLS | CA | 90212 x1,,zips_normalize: zip_reduced_to_five_digits_or_invalid_nulled x4; streets_normalize: street_text_normalized_or_placeholder_nulled x2,same donor's filings (not proof): 9903 S SANTA MONICA BLVD | STE 3 | BEVERLY HILLS | CA | 90212: filed so x1; 9903 SANTA MONICA BLVD | STE 301 | BEVERLY HILLS | CA | 90212: filed so x4,,pending,needs a reviewer
A0047,high,fd451d6c01e5,"MANDEL, LISA",near-duplicate street spelling for same donor/location,07042,41 WATCHUNG PLZ || 41 WATCHUNG PLAZA | APT 320,unit_added,15,4030320251179410491;4062420241962026481;4122920221645235559;4030320251179410499;4030320251179410504;4030320251179410465;4030320251179410451;4030320251179410435;4072420241978926491;4030320251179410446;4060420241953437876;4030320251179410456;4030320251179410508;4060420241953437916;4030320251179410485,41 WATCHUNG PLZ |  | MONTCLAIR | NJ | 070424117 x14; 41 WATCHUNG PLAZA | APT. 320 | MONTCLAIR | NJ | 070424117 x1,41 WATCHUNG PLZ |  | MONTCLAIR | NJ | 07042 x14; 41 WATCHUNG PLAZA | APT 320 | MONTCLAIR | NJ | 07042 x1,,zips_normalize: zip_reduced_to_five_digits_or_invalid_nulled x15; streets_normalize: street_text_normalized_or_placeholder_nulled x1,same donor's filings (not proof): 41 WATCHUNG PLZ |  | MONTCLAIR | NJ | 07042: filed so x14; 41 WATCHUNG PLAZA | APT 320 | MONTCLAIR | NJ | 07042: filed so x1,,pending,needs a reviewer
A0048,high,b0c7438d369f,"MASSEY, DAVINA",near-duplicate street spelling for same donor/location,90210,1151 HILARY LN || 1151 N HILARY LN,street_direction_changed,12,4092220251291773194;4031920261424759139;4092420251292198850;4092320242041365019;4072420241978922436;4092320242041365020;4062420241962025399;4112020241071382212;4122120231813094579;4062320251206918597;4070720261523712994;4082720261585276376,1151 HILARY LN |  | BEVERLY HILLS | CA | 902102712 x11; 1151 N HILARY LN |  | BEVERLY HILLS | CA | 90210 x1,1151 HILARY LN |  | BEVERLY HILLS | CA | 90210 x11; 1151 N HILARY LN |  | BEVERLY HILLS | CA | 90210 x1,,zips_normalize: zip_reduced_to_five_digits_or_invalid_nulled x11,same donor's filings (not proof): 1151 HILARY LN |  | BEVERLY HILLS | CA | 90210: filed so x11; 1151 N HILARY LN |  | BEVERLY HILLS | CA | 90210: filed so x1,,pending,needs a reviewer
A0049,high,9a741428fb3f,"MCCANNELL, CHRISTOPHER",near-duplicate street spelling for same donor/location,20001,2100 11TH ST NW | APT 207 || 2100 11TH ST NW 207,"street_direction_changed, unit_removed",139,4012120261303040536;4112020241071381474;4012120261303040535;4012120261303040534;4012120261303039459;4011620261302592509;4011620261302591702;4011620261302591701;4011620261302591700;4011620261302591698;4011620261302591697;4011620261302591696;4011620261302591695;4011620261302591694;4011620261302591194;4011620261302590819;4092220251291773174;4092220251291773173;4092220251291772378;4011420231698184044;4082220242014751744;4032520241885656481;4122920221645236459;4110120231808000942;4112020241071383926;4072420241978924875;4072120251209629693;4122320221644864059;4072120251209629691;4060420241953437454;4052120241949844013;4030320251179410002;4110120231808000241;4072120251209629695;4122320221644864058;4110720231809900941;4060420241953437520;4062320251206917026;4062320251206918869;4072120251209630183;4080620251215492283;4020920241823944132;4112020241071381475;4072420241978924874;4072120251209630185;4072120251209629694;4080620251215493436;4011420251130091455;4072420241978928417;4062320251206917027;4020920241823944135;4110120231808001227;4010420231645702765;4032520241885655194;4072420241978924876;4060420241953437389;4020920241823944130;4112020241071381476;4072120251209629690;4110720231809900536;4010420231645702766;4112020241071383925;4112020241071383924;4060420241953437518;4020920241823944131;4010320231645638954;4082220242014751743;4010420231645702768;4011420251130090236;4072420241978928418;4010420231645702767;4110120231808000263;4030320251179410005;4112020241071383923;4080620251215493435;4110720231809900534;4110120231808000940;4110720231809900943;4020920241823943673;4030320251179410003;4110720231809900535;4122120231813094030;4112020241071383927;4122920221645232817;4032520241885655770;4032520241885656453;4072120251209629944;4110720231809901123;4011420251130091246;4010320231645638955;4080620251215492286;4060420241953437533;4072420241978924877;4080620251215493246;4020920241823944134;4110120231808001228;4072120251209629692;4072120251209630184;4060420241953435532;4011420251130091247;4122920221645234953;4030320251179410004;4082220242014751745;4072420241978928419;4020920241823944129;4010320231645638953;4110120231808000242;4072120251209629945;4110120231808000941;4031920261424759884;4031920261424758658;4032320261425015486;4032320261425015485;4052620261511336917;4052620261511336916;4052620261511336915;4052620261511336914;4052620261511336913;4052620261511336680;4052620261511336244;4052620261511335578;4052620261511335458;4061720261521511487;4070720261523714468;4070720261523713110;4070720261523713109;4080120261540165241;4080120261540165072;4080120261540165071;4080120261540165070;4080120261540165069;4080120261540165068;4080120261540165067;4080120261540164429;4080120261540163818;4080120261540163817;4082720261585276683;4082720261585276682;4082720261585275493,"2100 11TH ST NW | APT 207 | WASHINGTON | DC | 200018027 x130; 2100 11TH STREET NW, 207 |  | WASHINGTON | DC | 20001 x8; 2100 11TH STREET NW, #207 |  | WASHINGTON | DC | 20001 x1",2100 11TH ST NW | APT 207 | WASHINGTON | DC | 20001 x131; 2100 11TH ST NW 207 |  | WASHINGTON | DC | 20001 x8,,zips_normalize: zip_reduced_to_five_digits_or_invalid_nulled x130; streets_normalize: street_text_normalized_or_placeholder_nulled x10; streets_unify_units: unit_designator_unified_to_donor_dominant x1,same donor's filings (not proof): 2100 11TH ST NW | APT 207 | WASHINGTON | DC | 20001: filed so x131; 2100 11TH ST NW 207 |  | WASHINGTON | DC | 20001: filed so x8,,pending,needs a reviewer
A0050,high,70404f68c58c,"MEDWAY, ROB",near-duplicate street spelling for same donor/location,84060,2300 DEER VALLEY DR EAST | STE 9 || 2300 DEER VALLEY DR E | STE 906,unit_changed,30,4012120261303038204;4080620251215491705;4092220251291772122;4121920221637778066;4042820231745857832;4112220231811445179;4102420231807054845;4072120251209629071;4122120231813094706;4062420241962024745;4032520241885656434;4110120231808001303;4122920221645226146;4102420231807009476;4060420241953435520;4072120251209629993;4122920221645227191;4060420241953433538;4011420231698185757;4122120231813094867;4082120231799935920;4032520241885656102;4122920221645235975;4031920261424758686;4031920261424758685;4032320261425016213;4032320261425016212;4032320261425014810;4052620261511336469;4052620261511334901,"2300 DEER VALLEY DR E | STE 906 | PARK CITY | UT | 840605145 x22; 2300 DEER VALLEY DR. EAST, SUITE 9 |  | PARK CITY | UT | 84060 x8",2300 DEER VALLEY DR E | STE 906 | PARK CITY | UT | 84060 x22; 2300 DEER VALLEY DR EAST | STE 9 | PARK CITY | UT | 84060 x8,,zips_normalize: zip_reduced_to_five_digits_or_invalid_nulled x22; streets_normalize: street_text_normalized_or_placeholder_nulled x16,same donor's filings (not proof): 2300 DEER VALLEY DR EAST | STE 9 | PARK CITY | UT | 84060: filed so x8; 2300 DEER VALLEY DR E | STE 906 | PARK CITY | UT | 84060: filed so x22,,pending,needs a reviewer
A0051,high,8997fd9e89d4,"MENDELL, STEPHEN",near-duplicate street spelling for same donor/location,33477,143 W BEARS CLUB DR || 143 W BEAR CLUB DR || 143 BEAR'S CLUB DR || 143 BEARS CLUB DR,street_direction_changed,40,4012120261303039552;4042820231745858214;4030320251179410166;4031920261424759829;4092420251292198380;4010320231645639476;4072120251209629881;4020920241823944698;4072420241978923169;4011420231698186630;4030120241877880351;4052120241949843883;4072120251209629880;4072420241978922861;4060420241953436271;4010420231645703572;4020920241823944274;4032520241885656456;4050520251188622031;4032520241885654113;4122320221644864041;4072120251209629679;4122320221644863589;4032120231736710880;4102420231807009285;4062420241962026124;4042820231745858579;4011420231698185970;4010320231645639484;4032120231736710509;4122920221645225292;4021220241824545532;4080220231759311339;4062720221536932197;4022620261359401301;4070720261523713174;4070720261523711656;4080120261540164822;4080120261540162722;4082720261585275075,143 W BEARS CLUB DR |  | JUPITER | FL | 334774213 x24; 143 WEST BEARS CLUB DR |  | JUPITER | FL | 33477 x6; 143 WEST BEARS CLUB DRIVE |  | JUPITER | FL | 33477 x3; 143 WEST BEAR CLUB DRIVE |  | JUPITER | FL | 33477 x2; 14 WEST BEARS CLUB DRIVE |  | JUPITER | FL | 33477 x2; 143 BEARS CLUB DR |  | JUPITER | FL | 334774201 x1; 143 BEARS CLUB DR |  | JUPITER | FL | 33477 x1; 143 BEAR'S CLUB DRIVE |  | JUPITER | FL | 334774201 x1,143 W BEARS CLUB DR |  | JUPITER | FL | 33477 x35; 143 W BEAR CLUB DR |  | JUPITER | FL | 33477 x2; 143 BEAR'S CLUB DR |  | JUPITER | FL | 33477 x2; 143 BEARS CLUB DR |  | JUPITER | FL | 33477 x1,house_number_changed,zips_normalize: zip_reduced_to_five_digits_or_invalid_nulled x26; streets_normalize: street_text_normalized_or_placeholder_nulled x14; donor_repair_house_numbers: truncated_house_number_repaired_from_donor_common_form x2; streets_unify_spacing: street_spacing_unified_to_donor_dominant x1,same donor's filings (not proof): 143 W BEARS CLUB DR |  | JUPITER | FL | 33477: filed so x33; 143 W BEAR CLUB DR |  | JUPITER | FL | 33477: filed so x2; 143 BEAR'S CLUB DR |  | JUPITER | FL | 33477: filed so x1; 143 BEARS CLUB DR |  | JUPITER | FL | 33477: filed so x2,,pending,"changed from other filings of the same donor, which is not proof"
A0052,high,1a0a5c33a56b,"NEWMAN, THOMAS",near-duplicate street spelling for same donor/location,85750,6500 DESERT BREEZE CT || 6500 N DESERT BREEZE CT,street_direction_changed,19,4092420251292198696;4102420231807009571;4062420241962024962;4072120251209629010;4032020251180457465;4122920221645231552;4092320242041365752;4020920241823944154;4072420241978925426;4011420231698184942;4072420241978927705;4112220231811445023;4011320231697775817;4062420241962024266;4072120251209629835;4011320231697775818;4122920221645225509;4052620261511335811;4070720261523714175,6500 N DESERT BREEZE CT |  | TUCSON | AZ | 857500848 x14; 6500 DESERT BREEZE CT. |  | TUCSON | AZ | 85750 x3; 6500 N. DESERT BREEZE COURT |  | TUCSON | AZ | 85750 x1; 6500N N DESERT BREEZE CT |  | TUCSON | AZ | 857500848 x1,6500 N DESERT BREEZE CT |  | TUCSON | AZ | 85750 x16; 6500 DESERT BREEZE CT |  | TUCSON | AZ | 85750 x3,,zips_normalize: zip_reduced_to_five_digits_or_invalid_nulled x15; streets_normalize: street_text_normalized_or_placeholder_nulled x5; streets_safe_fixes: care_of_house_number_or_trailing_unit_fixed x1,same donor's filings (not proof): 6500 DESERT BREEZE CT |  | TUCSON | AZ | 85750: filed so x3; 6500 N DESERT BREEZE CT |  | TUCSON | AZ | 85750: filed so x15,,pending,needs a reviewer
A0053,high,035df777048a,"OSERAN, DEBORAH",near-duplicate street spelling for same donor/location,85716,10 E CALLE ENCANTO || 10 CALLE ENCANTO,street_direction_changed,19,4092220251291773103;4072120251209628759;4011420231698186257;4032520241885654699;4011420231698184313;4032520241885655881;4072420241978927943;4010420231645702181;4112220231811444975;4032120231736711105;4062420241962024810;4112020241071382996;4062420241962024178;4011420231698185274;4112020241071383002;4092320242041365740;4052120241949842756;4032520241885654895;4052620261511336004,10 E CALLE ENCANTO |  | TUCSON | AZ | 857164916 x18; 10 CALLE ENCANTO |  | TUCSOB | AZ | 85716 x1,10 E CALLE ENCANTO |  | TUCSON | AZ | 85716 x18; 10 CALLE ENCANTO |  | TUCSON | AZ | 85716 x1,,zips_normalize: zip_reduced_to_five_digits_or_invalid_nulled x18; cities_normalize: city_alias_typo_or_punctuation_normalized x1,same donor's filings (not proof): 10 E CALLE ENCANTO |  | TUCSON | AZ | 85716: filed so x18; 10 CALLE ENCANTO |  | TUCSON | AZ | 85716: filed so x1,,pending,needs a reviewer
A0054,high,a24d6b622e70,"PHILIP, ROBERT",near-duplicate street spelling for same donor/location,97239,3120 SW FAIRMOUNT BLVD || 3120 SW FAIRMOUNT NLVD,street_type_changed,9,4030120241877880479;4082220242014751707;4082220242014751468;4122920221645225595;4121920221637778142;4010420231645703146;4011420231698184556;4032520241885653948;4092320221576718351,3120 SW FAIRMOUNT BLVD |  | PORTLAND | OR | 972391466 x7; 3120 SW FAIRMOUNT NLVD |  | PORTLAND | OR | 97239 x2,3120 SW FAIRMOUNT BLVD |  | PORTLAND | OR | 97239 x7; 3120 SW FAIRMOUNT NLVD |  | PORTLAND | OR | 97239 x2,,zips_normalize: zip_reduced_to_five_digits_or_invalid_nulled x7,same donor's filings (not proof): 3120 SW FAIRMOUNT BLVD |  | PORTLAND | OR | 97239: filed so x7; 3120 SW FAIRMOUNT NLVD |  | PORTLAND | OR | 97239: filed so x2,,pending,needs a reviewer
A0055,high,f90a974e378c,"RADOW, NORMAN",near-duplicate street spelling for same donor/location,30326,3560 LENOX RD NE || 3560 LENOX RD | # 2625,unit_added,29,4011620261302591992;4042820231745858578;4011620261302591663;4011620261302591166;4122320221644863698;4010320231645638940;4122320221644863821;4020620231722559233;4011420231698184925;4042820231745858329;4020920241823944733;4072420241978926050;4052120241949842050;4122920221645235226;4060420241953433527;4122920221645231801;4010420231645703724;4042820231745858370;4060420241953436237;4020920241823944322;4010320231645639679;4122920221645232801;4042820231745858704;4042820231745858422;4020920241823944734;4121920221637777810;4092320242041365076;4011420231698186567;4011420231698185414,3560 LENOX RD NE |  | ATLANTA | GA | 303264266 x21; 3560 LENOX RD  #2625 |  | ATLANTA | GA | 30326 x5; 3560 LENOX RD #2625 |  | ATLANTA | GA | 30326 x3,3560 LENOX RD NE |  | ATLANTA | GA | 30326 x21; 3560 LENOX RD | # 2625 | ATLANTA | GA | 30326 x8,,zips_normalize: zip_reduced_to_five_digits_or_invalid_nulled x21; streets_normalize: street_text_normalized_or_placeholder_nulled x16,same donor's filings (not proof): 3560 LENOX RD NE |  | ATLANTA | GA | 30326: filed so x21; 3560 LENOX RD | # 2625 | ATLANTA | GA | 30326: filed so x8,,pending,needs a reviewer
A0056,high,37dae945b527,"RAPPAPORT, RICHARD",near-duplicate street spelling for same donor/location,84124,4143 PARKVIEW DR || 4143 S PARKVIEW DR,street_direction_changed,65,4012120261303040244;4032520241885653957;4012120261303040236;4012120261303040230;4012120261303040222;4012120261303040221;4010320231645638481;4052120241949843742;4032520241885653975;4010320231645639077;4122320221644863508;4010320231645639069;4052120241949843780;4032520241885654029;4032520241885654007;4010420231645703793;4032520241885654019;4032520241885653970;4010320231645639075;4032520241885653990;4052120241949843794;4010320231645639101;4010420231645702757;4010320231645638472;4010320231645639099;4011420231698184565;4032520241885653994;4010320231645638516;4122920221645226208;4072420241978925215;4032520241885653932;4122920221645235901;4010320231645638491;4010320231645638492;4052120241949843773;4092320242041364453;4092320242041364457;4010420231645702756;4032520241885653928;4052120241949843751;4010420231645703801;4032520241885654018;4010420231645703802;4032520241885653991;4052120241949843777;4010420231645702750;4032520241885654011;4032520241885653938;4032520241885653993;4052120241949843759;4010420231645702751;4092320242041364460;4010420231645702755;4032520241885653999;4032520241885653981;4122920221645236168;4122920221645235194;4032520241885653927;4122920221645226213;4032520241885653979;4032520241885653933;4010320231645638514;4010320231645639073;4010420231645702729;4080120261540163626,4143 S PARKVIEW DR |  | SALT LAKE CITY | UT | 841243436 x60; 4143 PARKVIEW DRIVE |  | SALT LAKE CITY | UT | 84124 x5,4143 S PARKVIEW DR |  | SALT LAKE CITY | UT | 84124 x60; 4143 PARKVIEW DR |  | SALT LAKE CITY | UT | 84124 x5,,zips_normalize: zip_reduced_to_five_digits_or_invalid_nulled x60; streets_normalize: street_text_normalized_or_placeholder_nulled x5,same donor's filings (not proof): 4143 PARKVIEW DR |  | SALT LAKE CITY | UT | 84124: filed so x5; 4143 S PARKVIEW DR |  | SALT LAKE CITY | UT | 84124: filed so x60,,pending,needs a reviewer
A0057,high,f4a75a0435cd,"RESNICK, ALLAN",near-duplicate street spelling for same donor/location,85718,3384 EPLA ITS DE LA JOLLA DEL S || 3384 E PLACITA DE LA JOLLA DEL SOL,street_direction_changed,3,4062420241962024863;4072420241978927722;4062420241962024182,3384 EPLA ITS DE LA JOLLA DEL S |  | TUCSON | AZ | 85718 x2; 3384 E PLACITA DE LA JOLLA DEL SOL |  | TUCSON | AZ | 857187453 x1,3384 EPLA ITS DE LA JOLLA DEL S |  | TUCSON | AZ | 85718 x2; 3384 E PLACITA DE LA JOLLA DEL SOL |  | TUCSON | AZ | 85718 x1,,zips_normalize: zip_reduced_to_five_digits_or_invalid_nulled x1,same donor's filings (not proof): 3384 EPLA ITS DE LA JOLLA DEL S |  | TUCSON | AZ | 85718: filed so x2; 3384 E PLACITA DE LA JOLLA DEL SOL |  | TUCSON | AZ | 85718: filed so x1,,pending,needs a reviewer
A0058,high,735e1fc9a7cc,"ROSENBAUM, ANNA",near-duplicate street spelling for same donor/location,34996,7 RIDGEVIEW RD || 7 N RIDGEVIEW RD,street_direction_changed,4,4122920221645235518;4080120261540164338;4080120261540162809;4082720261585274650,7 RIDGEVIEW RD N |  | STUART | FL | 349966416 x3; 7 RIDGEVIEW ROAD |  | STUART | FL | 34996 x1,7 N RIDGEVIEW RD |  | STUART | FL | 34996 x3; 7 RIDGEVIEW RD |  | STUART | FL | 34996 x1,,zips_normalize: zip_reduced_to_five_digits_or_invalid_nulled x3; address_verified_rules: verified_postal_correction x3; streets_normalize: street_text_normalized_or_placeholder_nulled x1,source: manual_verified: 7 RIDGEVIEW RD N | FL | 34996 x3 || same donor's filings (not proof): 7 RIDGEVIEW RD |  | STUART | FL | 34996: filed so x1; 7 N RIDGEVIEW RD |  | STUART | FL | 34996: filed so x0,,pending,needs a reviewer
A0059,high,3816e0a8b78a,"RUDZKI, LEWIS",near-duplicate street spelling for same donor/location,90035,1612 BEVERLY DR || 1612 S BEVERLY DR,street_direction_changed,33,4012120261303038585;4092420251292198366;4011620261302586868;4011620261302591718;4020920241823944301;4060420241953436141;4082220242014748591;4032520241885654008;4030120241877880415;4112220231811442650;4032020251180457951;4062420241962023522;4082520251233303366;4110120231808000489;4102420231807054694;4082220242014748589;4052120241949843132;4122120231813092896;4082220242014748592;4102420231807009051;4092320242041365729;4072420241978924095;4112020241071383848;4092520231802906410;4080620251215491915;4102420231807009860;4082220242014748590;4062320251206917492;4072420211322676302;4052620261511335430;4061720261521510006;4070720261523713097;4082720261585274625,1612 S BEVERLY DR |  | LOS ANGELES | CA | 900353006 x30; 1612 BEVERLY DRIVE |  | LOS ANGELES | CA | 90035 x3,1612 S BEVERLY DR |  | LOS ANGELES | CA | 90035 x30; 1612 BEVERLY DR |  | LOS ANGELES | CA | 90035 x3,,zips_normalize: zip_reduced_to_five_digits_or_invalid_nulled x30; streets_normalize: street_text_normalized_or_placeholder_nulled x3,same donor's filings (not proof): 1612 BEVERLY DR |  | LOS ANGELES | CA | 90035: filed so x3; 1612 S BEVERLY DR |  | LOS ANGELES | CA | 90035: filed so x30,,pending,needs a reviewer
A0060,high,090585e346a2,"SALTZMAN, JASON",near-duplicate street spelling for same donor/location,30068,1239 WOODLAWN DR || 1239 WOODLAWN DR NE,street_direction_changed,2,4072120251209630142;4082720261585274883,1239 WOODLAWN DRIVE |  | MARIETTA | GA | 30068 x1; 1239 WOODLAWN DR NE |  | MARIETTA | GA | 300685513 x1,1239 WOODLAWN DR |  | MARIETTA | GA | 30068 x1; 1239 WOODLAWN DR NE |  | MARIETTA | GA | 30068 x1,,streets_normalize: street_text_normalized_or_placeholder_nulled x1; zips_normalize: zip_reduced_to_five_digits_or_invalid_nulled x1,same donor's filings (not proof): 1239 WOODLAWN DR |  | MARIETTA | GA | 30068: filed so x1; 1239 WOODLAWN DR NE |  | MARIETTA | GA | 30068: filed so x1,,pending,needs a reviewer
A0061,high,85051034909a,"SCHEAR, ABE",near-duplicate street spelling for same donor/location,30309,1301 PEACHTREE ST NE | UNIT 3E || 1301 PEACHTREE ST NE 3E,"street_direction_changed, unit_removed",10,4092220251291772331;4072120251209630279;4102420231807010186;4082120231799935665;4020920241823944323;4042820231745858476;4122920221645232796;4122920221645235630;4122120231813092692;4060420241953435637,"1301 PEACHTREE ST NE | UNIT 3E | ATLANTA | GA | 303092972 x7; 1301 PEACHTREE ST NE, 3E |  | ATLANTA | GA | 30309 x1; 1301 PEACHTREE ST NE 3E |  | ATLANTA | GA | 30309 x1; 1301 PEACHTREE ST NE  3E |  | ATLANTA | GA | 30309 x1",1301 PEACHTREE ST NE | UNIT 3E | ATLANTA | GA | 30309 x7; 1301 PEACHTREE ST NE 3E |  | ATLANTA | GA | 30309 x3,,zips_normalize: zip_reduced_to_five_digits_or_invalid_nulled x7; streets_normalize: street_text_normalized_or_placeholder_nulled x2,same donor's filings (not proof): 1301 PEACHTREE ST NE | UNIT 3E | ATLANTA | GA | 30309: filed so x7; 1301 PEACHTREE ST NE 3E |  | ATLANTA | GA | 30309: filed so x3,,pending,needs a reviewer
A0062,high,0d663fb83471,"SCHIFTER, RICHARD",near-duplicate street spelling for same donor/location,20016,3465 MACOMB ST || 3465 MACOMB ST NW,street_direction_changed,20,4012120261303038691;4092420251292198542;4011620261302587463;4011620261302590806;4110120231808001229;4052120241949843510;4032520241885654351;4072120251209628034;4110720231809900703;4060420241953433639;4122920221645227904;4021920231732395384;4122120231813093809;4042820231745858116;4102420231807009299;4060420241953437527;4122920221645227895;4020720201687610653;4052620261511336714;4052620261511334862,3465 MACOMB ST NW |  | WASHINGTON | DC | 200163159 x15; 3465 MACOMB ST. |  | WASHINGTON | DC | 20016 x4; 3465 MACOMB ST |  | WASHINGTON | DC | 20016 x1,3465 MACOMB ST NW |  | WASHINGTON | DC | 20016 x15; 3465 MACOMB ST |  | WASHINGTON | DC | 20016 x5,,zips_normalize: zip_reduced_to_five_digits_or_invalid_nulled x15; streets_normalize: street_text_normalized_or_placeholder_nulled x4,same donor's filings (not proof): 3465 MACOMB ST |  | WASHINGTON | DC | 20016: filed so x5; 3465 MACOMB ST NW |  | WASHINGTON | DC | 20016: filed so x15,,pending,needs a reviewer
A0063,high,eee5557dd423,"SCHRAGER, TIMOTHY",near-duplicate street spelling for same donor/location,30327,4660 STELLA DR | # 303 || 4660 STELLA DR NW,"street_direction_changed, unit_removed",2,4080620251215493390;4032320221464036504,4660 STELLA DR | # 303 | SANDY SPRINGS | GA | 303273439 x1; 4660 STELLA DRIVE NW |  | ATLANTA | GA | 303273439 x1,4660 STELLA DR | # 303 | ATLANTA | GA | 30327 x1; 4660 STELLA DR NW |  | ATLANTA | GA | 30327 x1,,zips_normalize: zip_reduced_to_five_digits_or_invalid_nulled x2; streets_normalize: street_text_normalized_or_placeholder_nulled x1; address_same_street_align: aligned_to_donor_dominant_at_same_street x1,same donor's filings (not proof): 4660 STELLA DR | # 303 | ATLANTA | GA | 30327: filed so x1; 4660 STELLA DR NW |  | ATLANTA | GA | 30327: filed so x1,,pending,needs a reviewer
A0064,high,083c528ead43,"SEITZ, BRIAN",near-duplicate street spelling for same donor/location,30328,6425 LONG ISLAND DR NW || 6425 LONG ISLAND DR NE,street_direction_changed,2,4072420241978923667;4072120251209628123,6425 LONG ISLAND DR NW |  | ATLANTA | GA | 303283042 x1; 6425 LONG ISLAND DR NE |  | ATLANTA | GA | 30328 x1,6425 LONG ISLAND DR NW |  | ATLANTA | GA | 30328 x1; 6425 LONG ISLAND DR NE |  | ATLANTA | GA | 30328 x1,,zips_normalize: zip_reduced_to_five_digits_or_invalid_nulled x1,same donor's filings (not proof): 6425 LONG ISLAND DR NW |  | ATLANTA | GA | 30328: filed so x1; 6425 LONG ISLAND DR NE |  | ATLANTA | GA | 30328: filed so x1,,pending,needs a reviewer
A0065,high,40fdf098345e,"SHANFELD, SHERI",near-duplicate street spelling for same donor/location,90035,1211 BEDFORD DR || 1211 S BEDFORD DR,street_direction_changed,16,4011620261302587543;4092220251291772907;4092220251291771738;4030320251179408828;4072120251209629240;4062420241962024058;4060420241953433725;4011420251130090523;4032520241885656364;4062320251206918613;4080620251215492848;4072420241978922870;4030320251179411159;4052120241949841597;4031920261424759914;4080120261540164773,1211 S BEDFORD DR |  | LOS ANGELES | CA | 900351014 x14; 1211 BEDFORD DR |  | LOS ANGELES | CA | 90035 x2,1211 S BEDFORD DR |  | LOS ANGELES | CA | 90035 x14; 1211 BEDFORD DR |  | LOS ANGELES | CA | 90035 x2,,zips_normalize: zip_reduced_to_five_digits_or_invalid_nulled x14,same donor's filings (not proof): 1211 BEDFORD DR |  | LOS ANGELES | CA | 90035: filed so x2; 1211 S BEDFORD DR |  | LOS ANGELES | CA | 90035: filed so x14,,pending,needs a reviewer
A0066,high,812bf41def9d,"SHORE, SUSAN",near-duplicate street spelling for same donor/location,11023,41 OLD POND ZRD || 41 OLD POND RD,street_type_added,7,4122920221645236296;4052620261511336243;4032320261425016916;4070720261523714558;4070720261523712892;4080120261540164410;4082720261585275680,41 OLD POND RD |  | GREAT NECK | NY | 110231029 x5; 41 OLD POND ZRD |  | GREAT NECK | NY | 11023 x1; 41 OLD POND ZRD |  | GREAT NECK | NY | 110231029 x1,41 OLD POND RD |  | GREAT NECK | NY | 11023 x5; 41 OLD POND ZRD |  | GREAT NECK | NY | 11023 x2,,zips_normalize: zip_reduced_to_five_digits_or_invalid_nulled x6,same donor's filings (not proof): 41 OLD POND ZRD |  | GREAT NECK | NY | 11023: filed so x2; 41 OLD POND RD |  | GREAT NECK | NY | 11023: filed so x5,,pending,needs a reviewer
A0067,high,e89af6ec1dcb,"SIEGEL, SETH",near-duplicate street spelling for same donor/location,10024,300 CENTRAL PARK W | APT 7A || 300 CENTRAL PARK WEST | APT 7,unit_changed,28,4102420231807054914;4082120231799935306;4102420231807010153;4102420231807010154;4122920221645226141;4010320231645638842;4092520231802906752;4060420241953433912;4021120221406549849;4042820231745858554;4062420241962022866;4121920221637777514;4102420231807009933;4052120241949843543;4011420231698185372;4112220231811442113;4122920221645232774;4082220242014750697;4022320221424360788;4082920201831178398;4081420251217995544;4120320241074349774;4082220242014694259;4072320241978428575;4021220241824545613;4021220241824545612;4080220231759311378;4111620221629615058,"300 CENTRAL PARK W | APT 7A | NEW YORK | NY | 100241591 x26; 300 CENTRAL PARK WEST, APARTMENT 7 |  | NEW YORK | NY | 10024 x1; 300 CENTRAL PARK W APT 7A |  | NEW YORK | NY | 100241591 x1",300 CENTRAL PARK W | APT 7A | NEW YORK | NY | 10024 x27; 300 CENTRAL PARK WEST | APT 7 | NEW YORK | NY | 10024 x1,,zips_normalize: zip_reduced_to_five_digits_or_invalid_nulled x27; streets_normalize: street_text_normalized_or_placeholder_nulled x4,same donor's filings (not proof): 300 CENTRAL PARK W | APT 7A | NEW YORK | NY | 10024: filed so x27; 300 CENTRAL PARK WEST | APT 7 | NEW YORK | NY | 10024: filed so x1,,pending,needs a reviewer
A0068,high,6f43eeaaefa7,"SILBERMAN, MARK",near-duplicate street spelling for same donor/location,30327,320 LONG GLEN DR || 320 LONG GLEN DR NW,street_direction_changed,29,4011620261302591628;4042820231745858527;4011620261302591353;4011620261302590809;4092420251292198098;4082120231799935688;4052120241949843810;4052120241949842264;4122920221645232814;4030120241877879986;4122920221645232376;4122120231813092582;4010420231645703468;4122920221645235694;4102420231807009324;4060420241953435418;4030320251179409931;4072120251209629911;4122120231813092974;4082520251233304491;4110120231808000988;4072120251209629665;4110120231808000992;4092320242041366978;4032520241885655683;4030120241877881075;4042820231745858151;4110120231808000909;4021220241824545614,320 LONG GLEN DR |  | ATLANTA | GA | 303274986 x24; 320 LONG GLEN DR. NW |  | ATLANTA | GA | 303274986 x2; 320 LONG GLEN DR. NW |  | ATLANTA | GA | 30327 x2; 320 LONG GLEN DR |  | ATLANTA | GA | 30327 x1,320 LONG GLEN DR |  | ATLANTA | GA | 30327 x25; 320 LONG GLEN DR NW |  | ATLANTA | GA | 30327 x4,,zips_normalize: zip_reduced_to_five_digits_or_invalid_nulled x26; streets_normalize: street_text_normalized_or_placeholder_nulled x4,same donor's filings (not proof): 320 LONG GLEN DR |  | ATLANTA | GA | 30327: filed so x25; 320 LONG GLEN DR NW |  | ATLANTA | GA | 30327: filed so x4,,pending,needs a reviewer
A0069,high,4f1569ac3a6a,"SILVERMAN, BARRY",near-duplicate street spelling for same donor/location,33180,19553 NE 37TH AVE || 19553 NE 37 AVE,formatting only,45,4012120261303040181;4032120231736710742;4092220251291772910;4122920221645225270;4122920221645231897;4011420231698184958;4122920221645231891;4062420241962024504;4122320221644863420;4122120231813094048;4010320231645638146;4011420251130090272;4030120241877880562;4122120231813092624;4042820231745858765;4062420241962026117;4110120231808000271;4011420231698184811;4011320231697775899;4092320242041367136;4122920221645225938;4060420241953434567;4032520241885654326;4032520241885655252;4060420241953434407;4030120241877881097;4030320251179409751;4072420241978923997;4011420231698184524;4102420231807010078;4121920221637777536;4010420231645702776;4032520241885655193;4011420231698185950;4112020241071382575;4062420241962022243;4062420241962024064;4061220201774754646;4021220241824545615;4080220231759311379;4051220221476495075;4031920261424759725;4032320261425015481;4032320261425015480;4070720261523713837,19553 NE 37TH AVE |  | AVENTURA | FL | 331802570 x42; 19553 NE 37 AVENUE |  | AVENTURA | FL | 33180 x1; 19553 NE 37TH AVE |  | AVENTURA | FL | 33180 x1; 195534 NE 37TH AVE |  | AVENTURA | FL | 33180 x1,19553 NE 37TH AVE |  | AVENTURA | FL | 33180 x44; 19553 NE 37 AVE |  | AVENTURA | FL | 33180 x1,house_number_changed,zips_normalize: zip_reduced_to_five_digits_or_invalid_nulled x42; streets_normalize: street_text_normalized_or_placeholder_nulled x1; donor_repair_house_numbers: truncated_house_number_repaired_from_donor_common_form x1,same donor's filings (not proof): 19553 NE 37TH AVE |  | AVENTURA | FL | 33180: filed so x44; 19553 NE 37 AVE |  | AVENTURA | FL | 33180: filed so x44,,pending,"changed from other filings of the same donor, which is not proof"
A0070,high,7857a12fd11f,"STRATTON, MICHAEL",near-duplicate street spelling for same donor/location,80218,1717 N DOWNING ST || 1717 DOWNING ST,street_direction_changed,5,4122320221644863034;4032120231736710937;4092520231802907136;4122320221644863102;4042820231745858512,1717 N DOWNING ST |  | DENVER | CO | 802181056 x3; 1717 DOWNING ST. |  | DENVER | CO | 80218 x2,1717 N DOWNING ST |  | DENVER | CO | 80218 x3; 1717 DOWNING ST |  | DENVER | CO | 80218 x2,,zips_normalize: zip_reduced_to_five_digits_or_invalid_nulled x3; streets_normalize: street_text_normalized_or_placeholder_nulled x2,same donor's filings (not proof): 1717 N DOWNING ST |  | DENVER | CO | 80218: filed so x3; 1717 DOWNING ST |  | DENVER | CO | 80218: filed so x2,,pending,needs a reviewer
A0071,high,e8e260384f50,"STUART, LISA",near-duplicate street spelling for same donor/location,90212,259 BEDFORD DR || 259 S BEDFORD DR,street_direction_changed,12,4092220251291771739;4011420251130090491;4030320251179411236;4062320251206918595;4080620251215492851;4052120241949841659;4032520241885654996;4082120231799935797;4060420241953433811;4020920241823943399;4030320251179408873;4031920261424759997,259 S BEDFORD DR |  | BEVERLY HILLS | CA | 902123722 x11; 259 BEDFORD DR |  | BEVERLY HILLLS | CA | 90212 x1,259 S BEDFORD DR |  | BEVERLY HILLS | CA | 90212 x11; 259 BEDFORD DR |  | BEVERLY HILLS | CA | 90212 x1,,zips_normalize: zip_reduced_to_five_digits_or_invalid_nulled x11; cities_normalize: city_alias_typo_or_punctuation_normalized x1,same donor's filings (not proof): 259 BEDFORD DR |  | BEVERLY HILLS | CA | 90212: filed so x1; 259 S BEDFORD DR |  | BEVERLY HILLS | CA | 90212: filed so x11,,pending,needs a reviewer
A0072,high,5bd25fae3d25,"TENENBLATT, ANNA",near-duplicate street spelling for same donor/location,90210,608 NO BEVERLY DR || 608 N BEVERLY DR || 608 NIO BEVERLY DR,street_direction_changed,30,4012120261303040101;4092220251291772526;4082120231799935431;4011620261302586861;4092220251291772525;4092420251292198813;4062320251206917179;4080620251215492919;4112220231811442607;4122120231813094798;4072120251209628099;4122920221645232100;4080620251215492920;4122920221645226921;4072420241978924229;4021120221406549878;4112220231811442436;4092320242041365826;4010320231645639894;4011420231698185685;4032520241885655708;4102420231807055157;4032520241885655573;4110720231809900985;4011420231698186894;4072420211322676319;4022620261359401484;4031920261424760156;4052620261511336719;4070720261523712518,608 N BEVERLY DR |  | BEVERLY HILLS | CA | 902103320 x24; 608 NO BEVERLY DR |  | BEVERLY HILLS | CA | 90210 x4; 608 NIO BEVERLY DR |  | BEVERLY HILLS | CA | 90210 x1; 608 N BEVERLY DR |  | BEVERLY HILLS | CA | 90210 x1,608 N BEVERLY DR |  | BEVERLY HILLS | CA | 90210 x25; 608 NO BEVERLY DR |  | BEVERLY HILLS | CA | 90210 x4; 608 NIO BEVERLY DR |  | BEVERLY HILLS | CA | 90210 x1,,zips_normalize: zip_reduced_to_five_digits_or_invalid_nulled x24,same donor's filings (not proof): 608 NO BEVERLY DR |  | BEVERLY HILLS | CA | 90210: filed so x4; 608 N BEVERLY DR |  | BEVERLY HILLS | CA | 90210: filed so x25; 608 NIO BEVERLY DR |  | BEVERLY HILLS | CA | 90210: filed so x1,,pending,needs a reviewer
A0073,high,01672a137ec0,"TRAUB, HAROLD",near-duplicate street spelling for same donor/location,33446,16316 BRISTOL POINTE DR || 16316 BRISTOL POINTE D,street_type_changed,12,4092220251291772655;4072120251209629634;4121920221637778025;4122920221645236524;4092320242041366907;4011420231698184200;4042820231745858664;4010420231645702057;4030120241877879995;4092520231802907052;4102420231807054780;4031920261424758701,16316 BRISTOL POINTE DR |  | DELRAY BEACH | FL | 334462309 x11; 16316 BRISTOL POINTE D |  | DELRAY BEACH | FL | 33446 x1,16316 BRISTOL POINTE DR |  | DELRAY BEACH | FL | 33446 x11; 16316 BRISTOL POINTE D |  | DELRAY BEACH | FL | 33446 x1,,zips_normalize: zip_reduced_to_five_digits_or_invalid_nulled x11,same donor's filings (not proof): 16316 BRISTOL POINTE DR |  | DELRAY BEACH | FL | 33446: filed so x11; 16316 BRISTOL POINTE D |  | DELRAY BEACH | FL | 33446: filed so x1,,pending,needs a reviewer
A0074,high,b2a745e3e1b8,"TUCHIN, MICHAEL",near-duplicate street spelling for same donor/location,90067,1801 CENTURY PARK E || 1801 CENTURY PARK EAST | STE 2600,unit_added,17,4012120261303038935;4052520221493485078;4012120261303038934;4011620261302591716;4110720231809900891;4080620251215492982;4052120241949844392;4060420241953436347;4060420241953437778;4080620251215493500;4052120241949842426;4052320221492927943;4030420261386075667;4030420261386075491;4052620261511336862;4061720261521510012;4082720261585274774,"1801 CENTURY PARK E |  | LOS ANGELES | CA | 900672302 x12; 1801 CENTURY PARK EAST |  | LOS ANGELES | CA | 90049 x3; 1801 CENTURY PARK EAST, SUITE 2600 |  | LOS ANGELES | CA | 90067 x1; 1801 CENTURY PARK EAST |  | LOS ANGELES | CA | 900672302 x1",1801 CENTURY PARK E |  | LOS ANGELES | CA | 90067 x16; 1801 CENTURY PARK EAST | STE 2600 | LOS ANGELES | CA | 90067 x1,,zips_normalize: zip_reduced_to_five_digits_or_invalid_nulled x13; streets_normalize: street_text_normalized_or_placeholder_nulled x6; address_same_street_align: aligned_to_donor_dominant_at_same_street x3,same donor's filings (not proof): 1801 CENTURY PARK E |  | LOS ANGELES | CA | 90067: filed so x13; 1801 CENTURY PARK EAST | STE 2600 | LOS ANGELES | CA | 90067: filed so x20,,pending,needs a reviewer
A0075,high,837d3434334c,"WHITEMAN, ALFRED",near-duplicate street spelling for same donor/location,21117,11112 VALLEY HTS RD || 11112 VALLEY HEIGHTS RD || 11112 VALLEY HEIGHTS DR,street_type_changed,21,4072120251209630036;4030320251179409582;4032120231736710513;4050520251188621745;4030320251179409946;4072120251209628223;4010320231645639480;4072420241978923277;4072120251209629345;4042820231745858629;4060420241953433724;4052120241949843849;4030120241877880420;4020920241823943952;4122920221645225288;4032520241885654131;4122320221644864032;4102420231807055295;4032020251180457525;4010420231645703576;4030420261386075909,11112 VALLEY HEIGHTS DR |  | OWINGS MILLS | MD | 211173047 x14; 11112 VALLEY HTS RD |  | OWINGS MILLS | MD | 21117 x4; 11112 VALLEY HEIGHTS RD |  | OWINS MILLS | MD | 21117 x2; 11112 VALLEY HEIGHTS RD |  | OWINGS MILLS | FL | 21117 x1,11112 VALLEY HEIGHTS DR |  | OWINGS MILLS | MD | 21117 x14; 11112 VALLEY HTS RD |  | OWINGS MILLS | MD | 21117 x4; 11112 VALLEY HEIGHTS RD |  | OWINGS MILLS | MD | 21117 x3,,zips_normalize: zip_reduced_to_five_digits_or_invalid_nulled x14; cities_normalize: city_alias_typo_or_punctuation_normalized x2; address_city_state_conflict: state_fixed_from_person_history_same_city x1,same donor's filings (not proof): 11112 VALLEY HTS RD |  | OWINGS MILLS | MD | 21117: filed so x7; 11112 VALLEY HEIGHTS RD |  | OWINGS MILLS | MD | 21117: filed so x7; 11112 VALLEY HEIGHTS DR |  | OWINGS MILLS | MD | 21117: filed so x14,,pending,needs a reviewer
A0076,high,648e3bed51fc,"WOLASKY, JERRY",near-duplicate street spelling for same donor/location,33442,24 RICHMOND D || 24 RICHMOND DR,street_type_added,24,4012120261303038562;4042820231745858739;4011620261302591755;4092420251292197794;4092420251292197793;4092420251292197628;4102420231807009764;4102420231807009160;4032520241885654854;4110120231808001141;4020920241823943925;4102420231807054540;4110720231809900949;4082520251233304293;4032520241885656352;4020920241823944754;4102420231807009369;4020920241823943380;4032020251180458154;4032020251180457338;4092320242041366887;4030420261386075284;4032320261425015445;4082720261585274995,24 RICHMOND D |  | DEERFIELD BEACH | FL | 334422953 x23; 24 RICHMOND DRIVE |  | DEERFIELD BEACH | FL | 33442 x1,24 RICHMOND D |  | DEERFIELD BEACH | FL | 33442 x23; 24 RICHMOND DR |  | DEERFIELD BEACH | FL | 33442 x1,,zips_normalize: zip_reduced_to_five_digits_or_invalid_nulled x23; streets_normalize: street_text_normalized_or_placeholder_nulled x1,same donor's filings (not proof): 24 RICHMOND D |  | DEERFIELD BEACH | FL | 33442: filed so x23; 24 RICHMOND DR |  | DEERFIELD BEACH | FL | 33442: filed so x1,,pending,needs a reviewer
A0077,high,b6e7ca39cb34,"WOLF, DAVID",near-duplicate street spelling for same donor/location,98665,9208 NE HWY 99 | STE 107 || 9208 NE HWY 9 | STE 107-283,unit_changed,5,4012120261303039141;4030320251179411220;4072420241978923979;4092320242041364841;4011420251130090669,"9208 NE HIGHWAY 99 | STE 107 | VANCOUVER | WA | 986658986 x3; SUITE 107-283, 9208 NE HIGHWAY 9 |  | VANCOUVER | WA | 98665 x2",9208 NE HWY 99 | STE 107 | VANCOUVER | WA | 98665 x3; 9208 NE HWY 9 | STE 107-283 | VANCOUVER | WA | 98665 x2,,streets_normalize: street_text_normalized_or_placeholder_nulled x7; zips_normalize: zip_reduced_to_five_digits_or_invalid_nulled x3,same donor's filings (not proof): 9208 NE HWY 99 | STE 107 | VANCOUVER | WA | 98665: filed so x3; 9208 NE HWY 9 | STE 107-283 | VANCOUVER | WA | 98665: filed so x2,,pending,needs a reviewer
A0078,high,6ffdea1aba90,"WORREL, SUSAN",near-duplicate street spelling for same donor/location,28226,5405 MCPHERSON DROVE || 5405 MCPHERSON DR,street_type_added,4,4062320251206917249;4082520251233303937;4032320261425016644;4082720261585276546,5405 MCPHERSON DR |  | CHARLOTTE | NC | 282263279 x2; 5405 MCPHERSON DROVE |  | CHARLOTTE | NC | 28226 x1; 5405 MCPHERSON DRIVE |  | CHARLOTTE | NC | 28226 x1,5405 MCPHERSON DR |  | CHARLOTTE | NC | 28226 x3; 5405 MCPHERSON DROVE |  | CHARLOTTE | NC | 28226 x1,,zips_normalize: zip_reduced_to_five_digits_or_invalid_nulled x2; streets_normalize: street_text_normalized_or_placeholder_nulled x1,same donor's filings (not proof): 5405 MCPHERSON DROVE |  | CHARLOTTE | NC | 28226: filed so x1; 5405 MCPHERSON DR |  | CHARLOTTE | NC | 28226: filed so x3,,pending,needs a reviewer
A0079,high,599ed8baa84c,"YOMTOBIAN, EVA",near-duplicate street spelling for same donor/location,90046,8033 W SUNSET BLVD || 8033 SUNSET BLVD | STE 374,"street_direction_changed, unit_added",6,4032520241885655373;4032120231736710824;4110120231808001439;4032320261425014905;4052620261511335766;4070720261523713967,"8033 W SUNSET BLVD |  | LOS ANGELES | CA | 900462401 x4; 8033 SUNSET BLVD; SUITE 374 |  | LOS ANGELES | CA | 90046 x1; 8033 SUNSET BLVD., #374 |  | LOS ANGELES | CA | 90046 x1",8033 W SUNSET BLVD |  | LOS ANGELES | CA | 90046 x4; 8033 SUNSET BLVD | STE 374 | LOS ANGELES | CA | 90046 x2,,streets_normalize: street_text_normalized_or_placeholder_nulled x4; zips_normalize: zip_reduced_to_five_digits_or_invalid_nulled x4; streets_unify_units: unit_designator_unified_to_donor_dominant x1,same donor's filings (not proof): 8033 W SUNSET BLVD |  | LOS ANGELES | CA | 90046: filed so x4; 8033 SUNSET BLVD | STE 374 | LOS ANGELES | CA | 90046: filed so x4,,pending,needs a reviewer
A0080,medium,ceb6b3277a50,"ABECASSIS, ALISA",near-duplicate street spelling for same donor/location,92603,53 BOULDER VW || 53 BOULDER VIEW,spelling only,18,4011620261302590816;4082520251233303939;4011420231698186253;4011420231698186254;4062420241962023658;4121920221637777941;4011420251130090119;4011420251130090122;4123020221645490408;4072120251209628446;4011420251130090121;4122320221644864154;4072120251209629025;4032520241885655936;4032520241885656299;4011420251130090120;4110120231808000571;4070720261523713843,53 BOULDER VW |  | IRVINE | CA | 926030409 x15; 53 BOULDER VIEW |  | IRVINE | CA | 92603 x3,53 BOULDER VW |  | IRVINE | CA | 92603 x15; 53 BOULDER VIEW |  | IRVINE | CA | 92603 x3,,zips_normalize: zip_reduced_to_five_digits_or_invalid_nulled x15,same donor's filings (not proof): 53 BOULDER VW |  | IRVINE | CA | 92603: filed so x15; 53 BOULDER VIEW |  | IRVINE | CA | 92603: filed so x3,,pending,needs a reviewer
A0081,medium,80e49958a4b8,"ABOUAF, HENRY RALPH",near-duplicate street spelling for same donor/location,90292,4226 MARINE CITY DR | # 914 || 4226 MARINA CITY DR | # 914,spelling only,12,4011620261302587468;4072420241978922972;4072120251209629313;4110120231808000534;4082120231799935830;4032520241885656457;4062320251206918487;4052120241949841688;4032520241885654989;4062420241962024098;4102420231807009082;4031920261424759878,4226 MARINA CITY DR | # 914 | MARINA DEL REY | CA | 902925805 x11; 4226 MARINE CITY DR #914 |  | MARINA DEL REY | CA | 90292 x1,4226 MARINA CITY DR | # 914 | MARINA DEL REY | CA | 90292 x11; 4226 MARINE CITY DR | # 914 | MARINA DEL REY | CA | 90292 x1,,zips_normalize: zip_reduced_to_five_digits_or_invalid_nulled x11; streets_normalize: street_text_normalized_or_placeholder_nulled x2,same donor's filings (not proof): 4226 MARINE CITY DR | # 914 | MARINA DEL REY | CA | 90292: filed so x1; 4226 MARINA CITY DR | # 914 | MARINA DEL REY | CA | 90292: filed so x11,,pending,needs a reviewer
A0082,medium,424a1a1ccd5b,"ABRAMS, MONICA",near-duplicate street spelling for same donor/location,20814,3 BETHESDA METRO CENTER | # 1250 || 3 BETHESDA METRO CTR | STE 1250,spelling only,18,4092220251291772733;4112220231811442168;4030320251179409425;4092320242041364669;4032020251180457813;4122920221645235256;4122320221644864340;4021920231732395383;4102420231807009558;4102420231807054941;4122320221644863304;4011420231698185431;4092320242041367195;4011420231698184344;4032120231736710820;4030420261386076434;4030420261386076378;4031220261421097618,"3 BETHESDA METRO CTR | STE 1250 | BETHESDA | MD | 208146329 x14; 3 BETHESDA METRO CENTER, #1250 |  | BETHESDA | MD | 20814 x2; 3 BETHESDA METRO CENTER #1250 |  | BETHESDA | MD | 20814 x1; 3 BETHESDA METRO CTR STE 1250 |  | BETHESDA | MD | 20814 x1",3 BETHESDA METRO CTR | STE 1250 | BETHESDA | MD | 20814 x15; 3 BETHESDA METRO CENTER | # 1250 | BETHESDA | MD | 20814 x3,,zips_normalize: zip_reduced_to_five_digits_or_invalid_nulled x14; streets_normalize: street_text_normalized_or_placeholder_nulled x8,same donor's filings (not proof): 3 BETHESDA METRO CENTER | # 1250 | BETHESDA | MD | 20814: filed so x3; 3 BETHESDA METRO CTR | STE 1250 | BETHESDA | MD | 20814: filed so x15,,pending,needs a reviewer
A0083,medium,ac9804061ea6,"ABRAMS, NANCY",near-duplicate street spelling for same donor/location,90024,10866 WILSHIRE BLVD LA || 10866 WILSHIRE BLVD,spelling only,31,4011620261302587370;4092220251291772901;4092220251291771744;4110120231808000560;4092320242041366841;4102420231807009055;4060420241953434128;4060420241953434334;4062420241962024043;4030320251179408833;4112220231811444123;4021920231732395353;4110720231809900361;4080620251215492842;4060420241953434702;4060420241953434259;4060420241953434391;4102420231807010304;4060420241953434435;4072120251209629247;4060420241953434439;4060420241953434634;4011420251130090367;4082120231799935790;4060420241953434161;4102420231807010305;4062320251206918609;4052120241949841623;4030320251179411182;4060420241953434461;4031920261424759870,10866 WILSHIRE BLVD | # LA | LOS ANGELES | CA | 900244300 x29; 10866 WILSHIRE BLVD LA |  | LOS ANGELES | CA | 90024 x1; 10866 WILSHIRE BLVD |  | LOS ANGELES | CA | 900244300 x1,10866 WILSHIRE BLVD |  | LOS ANGELES | CA | 90024 x30; 10866 WILSHIRE BLVD LA |  | LOS ANGELES | CA | 90024 x1,,zips_normalize: zip_reduced_to_five_digits_or_invalid_nulled x30; address_review: street_2_nulled_unit_keyword_or_state_only x29,same donor's filings (not proof): 10866 WILSHIRE BLVD LA |  | LOS ANGELES | CA | 90024: filed so x1; 10866 WILSHIRE BLVD |  | LOS ANGELES | CA | 90024: filed so x30,,pending,needs a reviewer
A0084,medium,2f6b5a36f146,"ALPERT, LELAND",near-duplicate street spelling for same donor/location,80113,1 CHERRY HILLS FARM CT || 1 CHERRY HILLS FARMS CT,spelling only,12,4012120261303038989;4030420261386075426;4012120261303038988;4011620261302590820;4080620251215492564;4031920261424759188;4032320261425014848;4052620261511336592;4052620261511336591;4061720261521510984;4070720261523712889;4070720261523712278,1 CHERRY HILLS FARM CT |  | CHERRY HILLS VILLAGE | CO | 801137100 x11; 1 CHERRY HILLS FARMS COURT |  | CHERRY HILLS VILLAGE | CO | 80113 x1,1 CHERRY HILLS FARM CT |  | CHERRY HILLS VILLAGE | CO | 80113 x11; 1 CHERRY HILLS FARMS CT |  | CHERRY HILLS VILLAGE | CO | 80113 x1,,zips_normalize: zip_reduced_to_five_digits_or_invalid_nulled x11; streets_normalize: street_text_normalized_or_placeholder_nulled x1,same donor's filings (not proof): 1 CHERRY HILLS FARM CT |  | CHERRY HILLS VILLAGE | CO | 80113: filed so x11; 1 CHERRY HILLS FARMS CT |  | CHERRY HILLS VILLAGE | CO | 80113: filed so x1,,pending,needs a reviewer
A0085,medium,b2a39e5f4e57,"BAKLOR, SANFORD",near-duplicate street spelling for same donor/location,33418,12209 TILLHAST CIR || 12209 TILLINGHAST CIR,spelling only,6,4121920221637777658;4060420241953433696;4011420231698186012;4030120241877880533;4032520241885653977;4031920261424758832,12209 TILLINGHAST CIR |  | PALM BEACH GARDENS | FL | 334181554 x3; 12209 TILLHAST CIRCLE |  | PALM BEACH GARDENS | FL | 334181554 x2; 12209 TILLINGHAST CIR |  | WEST PALM BEACH | FL | 334181554 x1,12209 TILLINGHAST CIR |  | PALM BEACH GARDENS | FL | 33418 x3; 12209 TILLHAST CIR |  | PALM BEACH GARDENS | FL | 33418 x2; 12209 TILLINGHAST CIR |  | WEST PALM BEACH | FL | 33418 x1,,zips_normalize: zip_reduced_to_five_digits_or_invalid_nulled x6; streets_normalize: street_text_normalized_or_placeholder_nulled x2,same donor's filings (not proof): 12209 TILLHAST CIR |  | PALM BEACH GARDENS | FL | 33418: filed so x2; 12209 TILLINGHAST CIR |  | PALM BEACH GARDENS | FL | 33418: filed so x4; 12209 TILLINGHAST CIR |  | WEST PALM BEACH | FL | 33418: filed so x4,,pending,needs a reviewer
A0086,medium,94c70c2d30c5,"BECKER, ERIC",near-duplicate street spelling for same donor/location,33477,115 SPINNAKER LN || 115 SPINNACKER LN,spelling only,10,4012120261303038984;4072120251209629947;4092420251292198320;4072120251209629839;4050520251188622042;4030120241877859192;4031920261424759785;4070720261523711613;4080120261540162682;4082720261585275048,115 SPINNAKER LN |  | JUPITER | FL | 334774003 x6; 115 SPINNACKER LN |  | JUPITER | FL | 33477 x3; 115 SPINNAKER LN |  | JUPITER | FL | 33477 x1,115 SPINNAKER LN |  | JUPITER | FL | 33477 x7; 115 SPINNACKER LN |  | JUPITER | FL | 33477 x3,,zips_normalize: zip_reduced_to_five_digits_or_invalid_nulled x6,same donor's filings (not proof): 115 SPINNAKER LN |  | JUPITER | FL | 33477: filed so x7; 115 SPINNACKER LN |  | JUPITER | FL | 33477: filed so x3,,pending,needs a reviewer
A0087,medium,f76340e9f5f9,"BECKMAN, MARC",near-duplicate street spelling for same donor/location,13066,7971 HALITE COURSE || 7971 HALITE CRSE,spelling only,5,4011620261302587949;4032520241885654904;4030320251179410903;4082520251233304755;4062420241962022817,7971 HALITE CRSE |  | FAYETTEVILLE | NY | 130669687 x3; 7971 HALITE COURSE |  | FAYETTEVILLE | NY | 13066 x2,7971 HALITE CRSE |  | FAYETTEVILLE | NY | 13066 x3; 7971 HALITE COURSE |  | FAYETTEVILLE | NY | 13066 x2,,zips_normalize: zip_reduced_to_five_digits_or_invalid_nulled x3,same donor's filings (not proof): 7971 HALITE COURSE |  | FAYETTEVILLE | NY | 13066: filed so x2; 7971 HALITE CRSE |  | FAYETTEVILLE | NY | 13066: filed so x3,,pending,needs a reviewer
A0088,medium,ab3bc07f4cb4,"BENSON, MONICA",near-duplicate street spelling for same donor/location,91302,25455 PRADO DE LAS CALABAZAS || 25455 PRADO DE LAS CALABAZAS CA,spelling only,10,4122120231813093242;4032120231736710734;4020920241823944774;4011420251130090785;4072420241978922402;4112220231811444035;4060420241953436063;4092320242041364643;4102420231807009902;4082220242014751150,"25455 PRADO DE LAS CALABAZAS |  | CALABASAS | CA | 913023630 x9; 25455 PRADO DE LAS CALABAZAS, CA |  | CALABASAS | CA | 91302 x1",25455 PRADO DE LAS CALABAZAS |  | CALABASAS | CA | 91302 x9; 25455 PRADO DE LAS CALABAZAS CA |  | CALABASAS | CA | 91302 x1,,zips_normalize: zip_reduced_to_five_digits_or_invalid_nulled x9; streets_normalize: street_text_normalized_or_placeholder_nulled x1,same donor's filings (not proof): 25455 PRADO DE LAS CALABAZAS |  | CALABASAS | CA | 91302: filed so x9; 25455 PRADO DE LAS CALABAZAS CA |  | CALABASAS | CA | 91302: filed so x1,,pending,needs a reviewer
A0089,medium,fb03910f1b8f,"BERG, BARRY",near-duplicate street spelling for same donor/location,33418,51 SAINT JAMES DR || 51 ST JAMES DR,spelling only,17,4011620261302587089;4072120251209628869;4030120241877880426;4011420231698186004;4122920221645232106;4010320231645639634;4011420231698186702;4032120231736710614;4072420241978922832;4042820231745857906;4060420241953433699;4122320221644863585;4030320251179409754;4031920261424758831;4052620261511335815;4052620261511335131;4080120261540165122,51 SAINT JAMES DR |  | PALM BEACH GARDENS | FL | 334184019 x16; 51 ST JAMES DRIVE |  | PALM BEACH GARDENS | FL | 33418 x1,51 SAINT JAMES DR |  | PALM BEACH GARDENS | FL | 33418 x16; 51 ST JAMES DR |  | PALM BEACH GARDENS | FL | 33418 x1,,zips_normalize: zip_reduced_to_five_digits_or_invalid_nulled x16; streets_normalize: street_text_normalized_or_placeholder_nulled x1,same donor's filings (not proof): 51 SAINT JAMES DR |  | PALM BEACH GARDENS | FL | 33418: filed so x16; 51 ST JAMES DR |  | PALM BEACH GARDENS | FL | 33418: filed so x1,,pending,needs a reviewer
A0090,medium,fd3fbf222d3d,"BERNEY, JEFFREY",near-duplicate street spelling for same donor/location,21208,12 WHITEBRIDGE CT || 12 WHITE BRIDGE CT,spelling only,5,4082220242014750798;4072120251209628195;4060420241953433823;4050520251188622079;4072120251209629917,12 WHITE BRIDGE COURT |  | PIKESVILLE | MD | 21208 x3; 12 WHITEBRIDGE CT |  | PIKESVILLE | MD | 212081735 x2,12 WHITE BRIDGE CT |  | PIKESVILLE | MD | 21208 x3; 12 WHITEBRIDGE CT |  | PIKESVILLE | MD | 21208 x2,,streets_normalize: street_text_normalized_or_placeholder_nulled x3; zips_normalize: zip_reduced_to_five_digits_or_invalid_nulled x2,same donor's filings (not proof): 12 WHITEBRIDGE CT |  | PIKESVILLE | MD | 21208: filed so x2; 12 WHITE BRIDGE CT |  | PIKESVILLE | MD | 21208: filed so x3,,pending,needs a reviewer
A0091,medium,fd3fbf222d3d,"BERNEY, JEFFREY",near-duplicate street spelling for same donor/location,33412,7957 VIA VILLAGIO || 7957 VIA VILLIAGO || 7957 VIA VILIAGO,spelling only,11,4020920241823943850;4030320251179409545;4032120231736710917;4102420231807055325;4042820231745858544;4030120241877880402;4122920221645225268;4010420231645703604;4032320261425014898;4052620261511335220;4070720261523712146,7957 VIA VILLAGIO |  | WEST PALM BEACH | FL | 334123134 x8; 7957 VIA VILLIAGO |  | WPB | FL | 33412 x2; 7957 VIA VILIAGO |  | WEST PALM BEACH | FL | 33412 x1,7957 VIA VILLAGIO |  | WEST PALM BEACH | FL | 33412 x8; 7957 VIA VILLIAGO |  | WEST PALM BEACH | FL | 33412 x2; 7957 VIA VILIAGO |  | WEST PALM BEACH | FL | 33412 x1,,zips_normalize: zip_reduced_to_five_digits_or_invalid_nulled x8; cities_normalize: city_alias_typo_or_punctuation_normalized x2,same donor's filings (not proof): 7957 VIA VILLAGIO |  | WEST PALM BEACH | FL | 33412: filed so x8; 7957 VIA VILLIAGO |  | WEST PALM BEACH | FL | 33412: filed so x2; 7957 VIA VILIAGO |  | WEST PALM BEACH | FL | 33412: filed so x1,,pending,needs a reviewer
A0092,medium,9f6404631232,"BERNSTEIN, FRED",near-duplicate street spelling for same donor/location,90210,418 ROBERT LN | # NA || 418 ROBERT LN NA,spelling only,3,4011620261302592350;4092220251291772547;4061720261521511264,"418 ROBERT LN | # NA | BEVERLY HILLS | CA | 902102632 x2; 418 ROBERT LN., NA |  | BEVERLY HILLS | CA | 90210 x1",418 ROBERT LN | # NA | BEVERLY HILLS | CA | 90210 x2; 418 ROBERT LN NA |  | BEVERLY HILLS | CA | 90210 x1,,zips_normalize: zip_reduced_to_five_digits_or_invalid_nulled x2; streets_normalize: street_text_normalized_or_placeholder_nulled x1,same donor's filings (not proof): 418 ROBERT LN | # NA | BEVERLY HILLS | CA | 90210: filed so x8; 418 ROBERT LN NA |  | BEVERLY HILLS | CA | 90210: filed so x1,,pending,needs a reviewer
A0093,medium,8d954975a756,"BERNSTEIN, JAY",near-duplicate street spelling for same donor/location,33480,300 SEMINOLE AVE | APT 5A || 300 SEMINAL AVE | APT 5A,spelling only,8,4011420231698187020;4042820231745857580;4082220242014750251;4121920221637778023;4122920221645231803;4011320231697776009;4122320221644864048;4042820231745857896,"300 SEMINOLE AVE | APT 5A | PALM BEACH | FL | 334803779 x5; 300 SEMINAL AVENUE, APT 5A |  | PALM BEACH | FL | 33480 x3",300 SEMINOLE AVE | APT 5A | PALM BEACH | FL | 33480 x5; 300 SEMINAL AVE | APT 5A | PALM BEACH | FL | 33480 x3,,streets_normalize: street_text_normalized_or_placeholder_nulled x6; zips_normalize: zip_reduced_to_five_digits_or_invalid_nulled x5,same donor's filings (not proof): 300 SEMINOLE AVE | APT 5A | PALM BEACH | FL | 33480: filed so x5; 300 SEMINAL AVE | APT 5A | PALM BEACH | FL | 33480: filed so x3,,pending,needs a reviewer
A0094,medium,96f1b0760cbb,"BISER, SARAH",near-duplicate street spelling for same donor/location,07733,20 FALCONS RIDGE CIR || 20 FALCON RIDGE CIR,spelling only,21,4092420251292198624;4011420231698185988;4030120241877880882;4072420241978922846;4080620251215491994;4122120231813093962;4092520231802906370;4052120241949841375;4082520251233304346;4010420231645702559;4082220242014748598;4032120231736710648;4110720231809900436;4032020251180457782;4123020221645490129;4050520251188621787;4031220261421097625;4031920261424759394;4080120261540162573;4080120261540162434;4082720261585275037,20 FALCON RIDGE CIR |  | HOLMDEL | NJ | 077331959 x12; 20 FALCONS RIDGE CIR |  | HOLMDEL | NJ | 077331959 x6; 20 FALCON RIDGE CIR | HOLM | HOLMDEL | NJ | 077331959 x1; 20 FALCON RIDGE CIRCLE |  | HOLMDEL | NJ | 07732 x1; 20 FALCON RIDGE CIR |  | HOLMDEL | NJ | 07733 x1,20 FALCON RIDGE CIR |  | HOLMDEL | NJ | 07733 x15; 20 FALCONS RIDGE CIR |  | HOLMDEL | NJ | 07733 x6,,zips_normalize: zip_reduced_to_five_digits_or_invalid_nulled x19; streets_normalize: street_text_normalized_or_placeholder_nulled x1; address_same_street_align: aligned_to_donor_dominant_at_same_street x1; address_review: street_2_nulled_unit_keyword_or_state_only x1,same donor's filings (not proof): 20 FALCONS RIDGE CIR |  | HOLMDEL | NJ | 07733: filed so x6; 20 FALCON RIDGE CIR |  | HOLMDEL | NJ | 07733: filed so x14,,pending,needs a reviewer
A0095,medium,2646abde1e55,"BLANCK, ZALMEN",near-duplicate street spelling for same donor/location,78256,21330 REMBRANDT || 21330 REMBRANDT HL,spelling only,2,4011620261302587972;4080120261540162627,21330 REMBRANDT |  | SAN ANTONIO | TX | 78256 x1; 21330 REMBRANDT HL |  | SAN ANTONIO | TX | 782562499 x1,21330 REMBRANDT |  | SAN ANTONIO | TX | 78256 x1; 21330 REMBRANDT HL |  | SAN ANTONIO | TX | 78256 x1,,zips_normalize: zip_reduced_to_five_digits_or_invalid_nulled x1,same donor's filings (not proof): 21330 REMBRANDT |  | SAN ANTONIO | TX | 78256: filed so x1; 21330 REMBRANDT HL |  | SAN ANTONIO | TX | 78256: filed so x1,,pending,needs a reviewer
A0096,medium,88fb71e6715c,"BLUM, BRANDON",near-duplicate street spelling for same donor/location,92130,5375 CAMINITO EXQUISITO || 5375 CAMINITO EQUISITO || 5375 CAMINITO ESQUITO,spelling only,16,4102420231807009918;4112020241071383374;4080120261540163903;4030320251179411091;4010420231645702242;4052120241949841847;4030320251179411089;4030320251179411092;4123020221645490454;4010420231645703760;4102420231807054537;4082220242014750315;4092320242041366796;4092520231802906625;4060420241953437864;4080120261540163902,5375 CAMINITO EXQUISITO |  | SAN DIEGO | CA | 921302864 x13; 5375 CAMINITO ESQUITO |  | SAN DIEGO | CA | 92130 x2; 5375 CAMINITO EQUISITO |  | SAN DIEGO | CA | 92130 x1,5375 CAMINITO EXQUISITO |  | SAN DIEGO | CA | 92130 x13; 5375 CAMINITO ESQUITO |  | SAN DIEGO | CA | 92130 x2; 5375 CAMINITO EQUISITO |  | SAN DIEGO | CA | 92130 x1,,zips_normalize: zip_reduced_to_five_digits_or_invalid_nulled x13,same donor's filings (not proof): 5375 CAMINITO EXQUISITO |  | SAN DIEGO | CA | 92130: filed so x13; 5375 CAMINITO EQUISITO |  | SAN DIEGO | CA | 92130: filed so x1; 5375 CAMINITO ESQUITO |  | SAN DIEGO | CA | 92130: filed so x2,,pending,needs a reviewer
A0097,medium,498a643e80f1,"BORRUS, BRUCE",near-duplicate street spelling for same donor/location,98103,2321 N 62ND ST || 2321 N 62D ST,spelling only,27,4012120261303039830;4122920221645232327;4012120261303038689;4020920241823945024;4122120231813093840;4082120231799935937;4052120241949842302;4042820231745858383;4080620251215492429;4082520251233304219;4082220242014750265;4072420241978927690;4062420241962024353;4110720231809900641;4072420241978924977;4052120241949842287;4121920221637777924;4032520241885655303;4011420231698185413;4123020221645490126;4082120231799935672;4011420231698186230;4062420241962024903;4061720261521509907;4070720261523713690;4080120261540162725;4082720261585275798,2321 N 62ND ST |  | SEATTLE | WA | 981035722 x21; 2321 N. 62D ST. |  | SEATTLE | WA | 98103 x5; 2321 N. 62ND STREET |  | SEATTLE | WA | 98103 x1,2321 N 62ND ST |  | SEATTLE | WA | 98103 x22; 2321 N 62D ST |  | SEATTLE | WA | 98103 x5,,zips_normalize: zip_reduced_to_five_digits_or_invalid_nulled x21; streets_normalize: street_text_normalized_or_placeholder_nulled x6,same donor's filings (not proof): 2321 N 62ND ST |  | SEATTLE | WA | 98103: filed so x22; 2321 N 62D ST |  | SEATTLE | WA | 98103: filed so x5,,pending,needs a reviewer
A0098,medium,7f3cd7cc434e,"BRITVAN, J. ALLEN",near-duplicate street spelling for same donor/location,10570,8 SPENCEHILL CT || 8 SPENCER HILL CT || 8 SPENCEHIL CT,spelling only,22,4011620261302587090;4032520241885654086;4030420261386075798;4032120231736710876;4060420241953433837;4052120241949843869;4072120251209628192;4050520251188621715;4072420241978922976;4011420231698185994;4122320221644864081;4122920221645225236;4050520251188622109;4042820231745858531;4042820231745857923;4031920261424758834;4032320261425014893;4052620261511335814;4052620261511335151;4061720261521511338;4070720261523711977;4080120261540165140,8 SPENCEHILL CT |  | PLEASANTVILLE | NY | 10570 x11; 8 SPENCER HILL CT |  | PLEASANTVILLE | NY | 10570 x3; 8 SPENCEHILL CT |  | PLEASANVILLE | NY | 10570 x3; 8 SPENCERHILL CT |  | PLEASENTVILLE | NY | 10590 x2; 8 SPENCER HILL CT |  | PLEASENTVILLE | NY | 10570 x1; 8 SPENCEHIL CT |  | PLEASANTVILE | NY | 10570 x1; 8 SPENCE HILL CT |  | PLEASANTVILLE | NY | 10570 x1,8 SPENCEHILL CT |  | PLEASANTVILLE | NY | 10570 x15; 8 SPENCER HILL CT |  | PLEASANTVILLE | NY | 10570 x6; 8 SPENCEHIL CT |  | PLEASANTVILLE | NY | 10570 x1,,cities_normalize: city_alias_typo_or_punctuation_normalized x7; streets_unify_spacing: street_spacing_unified_to_donor_dominant x3; address_same_street_align: aligned_to_donor_dominant_at_same_street x2,same donor's filings (not proof): 8 SPENCEHILL CT |  | PLEASANTVILLE | NY | 10570: filed so x14; 8 SPENCER HILL CT |  | PLEASANTVILLE | NY | 10570: filed so x4; 8 SPENCEHIL CT |  | PLEASANTVILLE | NY | 10570: filed so x1,,pending,needs a reviewer
A0099,medium,b20b6cdb399b,"BROMBERG, HOWARD",near-duplicate street spelling for same donor/location,33410,13221 BURGUNDY DR S || 13221 BURGANDY DR S,spelling only,20,4122320221644863965;4030320251179409604;4050520251188621720;4102420231807055286;4122920221645225269;4072420241978923252;4042820231745858514;4122320221644863962;4032020251180457513;4010420231645703606;4020920241823943849;4010320231645639537;4032120231736710902;4122920221645227789;4080620251215493409;4072120251209629913;4030420261386075787;4032320261425014891;4061720261521511476;4070720261523711978,13221 BURGUNDY DR S |  | PALM BEACH GARDENS | FL | 334101489 x16; 13221 BURGANDY DRIVE SOUTH |  | PBG | FL | 33410 x4,13221 BURGUNDY DR S |  | PALM BEACH GARDENS | FL | 33410 x16; 13221 BURGANDY DR S |  | PALM BEACH GARDENS | FL | 33410 x4,,zips_normalize: zip_reduced_to_five_digits_or_invalid_nulled x16; streets_normalize: street_text_normalized_or_placeholder_nulled x4; cities_normalize: city_alias_typo_or_punctuation_normalized x4,same donor's filings (not proof): 13221 BURGUNDY DR S |  | PALM BEACH GARDENS | FL | 33410: filed so x16; 13221 BURGANDY DR S |  | PALM BEACH GARDENS | FL | 33410: filed so x4,,pending,needs a reviewer
A0100,medium,4b21c2828695,"BROSTOFF, HOWARD",near-duplicate street spelling for same donor/location,92705,2101 RACQUET HL || 2101 RACQUET HILL,spelling only,23,4011620261302590911;4082520251233303943;4032520241885656233;4122920221645232403;4030320251179409420;4123020221645490403;4110120231808000509;4092520231802906510;4122320221644863892;4011420231698186333;4032520241885656380;4062420241962022409;4122920221645235774;4062420241962023890;4030320251179409434;4122320221644864132;4082220242014751027;4061720261521511481;4061720261521511480;4070720261523713865;4070720261523713863;4070720261523712744;4080120261540164097,2101 RACQUET HL |  | SANTA ANA | CA | 927053169 x22; 2101 RACQUET HILL |  | SANTA ANA | CA | 92705 x1,2101 RACQUET HL |  | SANTA ANA | CA | 92705 x22; 2101 RACQUET HILL |  | SANTA ANA | CA | 92705 x1,,zips_normalize: zip_reduced_to_five_digits_or_invalid_nulled x22,same donor's filings (not proof): 2101 RACQUET HL |  | SANTA ANA | CA | 92705: filed so x22; 2101 RACQUET HILL |  | SANTA ANA | CA | 92705: filed so x1,,pending,needs a reviewer
A0101,medium,cb1f456ae803,"BRUST, RANDY",near-duplicate street spelling for same donor/location,91316,4840 ANDASOL AVE || 4840 ANDOSOL AVE,spelling only,39,4011620261302592361;4062320251206917848;4011620261302591214;4011620261302590745;4092220251291771753;4122320221644864421;4082220242014748748;4092520231802906526;4072420241978926393;4021920231732395635;4020920241823943616;4052120241949842946;4072420241978925528;4072420241978928996;4082220242014750422;4020920241823944353;4112220231811442633;4122920221645226221;4122920221645225075;4011420231698186909;4122920221645234907;4082220242014749169;4032520241885655338;4010320231645639635;4082220242014750421;4072120251209629965;4082220242014749099;4072420241978923351;4031920261424758694;4032320261425015902;4032320261425015872;4032320261425015636;4032320261425014888;4052620261511335727;4061720261521511664;4061720261521511111;4061720261521510966;4070720261523713985;4082720261585276038,"4840 ANDASOL AVE |  | ENCINO | CA | 913163801 x29; 4840 ANDASOL AVE | ENCI CA | ENCINO | CA | 913163801 x8; 4840 ANDOSOL AVENUE, ENCINO, CA |  | ENCINO, CA | CA | 91316 x2",4840 ANDASOL AVE |  | ENCINO | CA | 91316 x37; 4840 ANDOSOL AVE |  | ENCINO | CA | 91316 x2,,zips_normalize: zip_reduced_to_five_digits_or_invalid_nulled x37; address_review: street_2_nulled_unit_keyword_or_state_only x8; streets_normalize: street_text_normalized_or_placeholder_nulled x2; streets_safe_fixes: care_of_house_number_or_trailing_unit_fixed x2; cities_normalize: city_alias_typo_or_punctuation_normalized x2,same donor's filings (not proof): 4840 ANDASOL AVE |  | ENCINO | CA | 91316: filed so x37; 4840 ANDOSOL AVE |  | ENCINO | CA | 91316: filed so x0,,pending,needs a reviewer
A0102,medium,0dce962a74ae,"BURSTEIN, LAURA",near-duplicate street spelling for same donor/location,91302,23436 PARK COLUMBO || 23436 PARK COLOMBO,spelling only,16,4012120261303038903;4062420241962026399;4082220242014749526;4052120241949844080;4030320251179411281;4030120241877880162;4112220231811444024;4102420231807055455;4062320251206918262;4092520231802906512;4030120241877880873;4020920241823944770;4072120251209630120;4052620261511336262;4061720261521511184;4082720261585276039,"23436 PARK COLOMBO |  | CALABASAS | CA | 913022813 x12; 23436 PARK COLUMBO |  | CALABASAS | CA | 91302 x2; 23436 PARK COLUMBO, |  | CALABASAS | CA | 91302 x1; 23436 PARK COLUMBO, CALABASAS |  | CALABASAS | CA | 91302 x1",23436 PARK COLOMBO |  | CALABASAS | CA | 91302 x12; 23436 PARK COLUMBO |  | CALABASAS | CA | 91302 x4,,zips_normalize: zip_reduced_to_five_digits_or_invalid_nulled x12; streets_normalize: street_text_normalized_or_placeholder_nulled x2; streets_safe_fixes: care_of_house_number_or_trailing_unit_fixed x1,same donor's filings (not proof): 23436 PARK COLUMBO |  | CALABASAS | CA | 91302: filed so x3; 23436 PARK COLOMBO |  | CALABASAS | CA | 91302: filed so x12,,pending,needs a reviewer
A0103,medium,405f56736922,"CAYRE, JOE",near-duplicate street spelling for same donor/location,11223,1975 E 3RD ST || 1975 E 3 RD ST,spelling only,2,4122120231813092490;4072120251209629402,1975 E 3RD ST |  | BROOKLYN | NY | 112232946 x1; 1975 E 3 RD ST |  | BROOKLYN | NY | 11223 x1,1975 E 3RD ST |  | BROOKLYN | NY | 11223 x1; 1975 E 3 RD ST |  | BROOKLYN | NY | 11223 x1,,zips_normalize: zip_reduced_to_five_digits_or_invalid_nulled x1,same donor's filings (not proof): 1975 E 3RD ST |  | BROOKLYN | NY | 11223: filed so x1; 1975 E 3 RD ST |  | BROOKLYN | NY | 11223: filed so x1,,pending,needs a reviewer
A0104,medium,20d2d6657bea,"COHEN, JEAN S",near-duplicate street spelling for same donor/location,33462,25 AUDUBON CSWY || 25 AUDUBON CAUSEWAY,spelling only,9,4092420251292197901;4072120251209629171;4032020251180457612;4052120241949844480;4060420241953437526;4052120241949841311;4030420261386075086;4031920261424760093;4031920261424759084,25 AUDUBON CSWY |  | LANTANA | FL | 334624720 x8; 25 AUDUBON CAUSEWAY |  | LANTANA | FL | 33462 x1,25 AUDUBON CSWY |  | LANTANA | FL | 33462 x8; 25 AUDUBON CAUSEWAY |  | LANTANA | FL | 33462 x1,,zips_normalize: zip_reduced_to_five_digits_or_invalid_nulled x8,same donor's filings (not proof): 25 AUDUBON CSWY |  | LANTANA | FL | 33462: filed so x8; 25 AUDUBON CAUSEWAY |  | LANTANA | FL | 33462: filed so x1,,pending,needs a reviewer
A0105,medium,3a6bf9dafd5b,"DANTO, JAMES",near-duplicate street spelling for same donor/location,48302,1730 BEECHWOOD WAY || 1730 BEACHWOOD WAY,spelling only,23,4011620261302591510;4072520221548212949;4092520231802906737;4092320242041365921;4062420241962025865;4110720231809900222;4011420231698184318;4110120231808001380;4030120241877880365;4072420241978923071;4010420231645703756;4122320221644863416;4122120231813094452;4060420241953435185;4102420231807054587;4052520221493485153;4032020251180457395;4082220242014694192;4021220241824545263;4022620261359401020;4061020261521069129;4070720261523712397;4080120261540164642,1730 BEECHWOOD WAY |  | BLOOMFIELD HILLS | MI | 483021275 x22; 1730 BEACHWOOD WAY |  | BLOOMFIELD HILLS | MI | 483021275 x1,1730 BEECHWOOD WAY |  | BLOOMFIELD HILLS | MI | 48302 x22; 1730 BEACHWOOD WAY |  | BLOOMFIELD HILLS | MI | 48302 x1,,zips_normalize: zip_reduced_to_five_digits_or_invalid_nulled x23,same donor's filings (not proof): 1730 BEECHWOOD WAY |  | BLOOMFIELD HILLS | MI | 48302: filed so x22; 1730 BEACHWOOD WAY |  | BLOOMFIELD HILLS | MI | 48302: filed so x1,,pending,needs a reviewer
A0106,medium,a2281b34e9bb,"DAVIS, ANN",near-duplicate street spelling for same donor/location,30327,2450 W WESLEY RD NW || 2450 W WESLEY RD,spelling only,12,4011620261302586287;4062320251206918001;4092220251291772056;4021120221406549841;4081420251217995340;4021220241824545268;4031920261424759146;4032320261425016561;4032320261425015068;4070720261523713048;4080120261540164250;4082720261585274949,2450 W WESLEY RD NW |  | ATLANTA | GA | 303272032 x9; 2450 W WESLEY RD NW |  | ATLANTA | GA | 30327 x2; 2450 W. WESLEY RD |  | ATLANTA | GA | 30327 x1,2450 W WESLEY RD NW |  | ATLANTA | GA | 30327 x11; 2450 W WESLEY RD |  | ATLANTA | GA | 30327 x1,,zips_normalize: zip_reduced_to_five_digits_or_invalid_nulled x9; streets_normalize: street_text_normalized_or_placeholder_nulled x1,same donor's filings (not proof): 2450 W WESLEY RD NW |  | ATLANTA | GA | 30327: filed so x11; 2450 W WESLEY RD |  | ATLANTA | GA | 30327: filed so x1,,pending,needs a reviewer
A0107,medium,6c11c0a6f82a,"DAVIS, JAY",near-duplicate street spelling for same donor/location,30336,1 NATIONAL DR SW || 1 NATIONAL DR,spelling only,12,4082520251233303928;4080620251215492012;4032020251180457854;4062420241962025774;4010420231645702382;4010420231645702632;4062420241962025775;4062420241962024019;4011420231698185646;4011420231698186135;4122920221645225348;4010420231645702383,1 NATIONAL DR SW |  | ATLANTA | GA | 303361631 x11; 1 NATIONAL DR. |  | ATLANTA | GA | 30336 x1,1 NATIONAL DR SW |  | ATLANTA | GA | 30336 x11; 1 NATIONAL DR |  | ATLANTA | GA | 30336 x1,,zips_normalize: zip_reduced_to_five_digits_or_invalid_nulled x11; streets_normalize: street_text_normalized_or_placeholder_nulled x1,same donor's filings (not proof): 1 NATIONAL DR SW |  | ATLANTA | GA | 30336: filed so x11; 1 NATIONAL DR |  | ATLANTA | GA | 30336: filed so x1,,pending,needs a reviewer
A0108,medium,5806c7889e3d,"DEBODE, LILLI",near-duplicate street spelling for same donor/location,10011,540 AVE OF THE AMERICAS || 540 AVE OF THE AMERICASM 9B,spelling only,7,4012120261303038166;4122120231813093583;4032520241885655466;4082220242014751511;4112020241071382397;4031920261424759966;4070720261523711462,540 AVENUE OF THE AMERICAS |  | NEW YORK | NY | 100112028 x6; 540 AVENUE OF THE AMERICASM 9B |  | NEW YORK | NY | 10011 x1,540 AVE OF THE AMERICAS |  | NEW YORK | NY | 10011 x6; 540 AVE OF THE AMERICASM 9B |  | NEW YORK | NY | 10011 x1,,streets_normalize: street_text_normalized_or_placeholder_nulled x7; zips_normalize: zip_reduced_to_five_digits_or_invalid_nulled x6,same donor's filings (not proof): 540 AVE OF THE AMERICAS |  | NEW YORK | NY | 10011: filed so x6; 540 AVE OF THE AMERICASM 9B |  | NEW YORK | NY | 10011: filed so x1,,pending,needs a reviewer
A0109,medium,399e0e868dd9,"EDELMAN, SCOTT",near-duplicate street spelling for same donor/location,90212,463 S SPAULDING DR || 463 S SPALDING DR,spelling only,12,4012120261303038446;4092420251292198628;4011620261302586312;4011620261302591373;4032020251180457524;4072120251209629830;4082520251233303348;4080620251215491962;4072420241978928279;4032320261425014827;4070720261523711746;4082720261585274626,463 S SPALDING DR |  | BEVERLY HILLS | CA | 902124103 x9; 463 S. SPAULDING DRIVE |  | BEVERLY HILLS | CA | 90212 x3,463 S SPALDING DR |  | BEVERLY HILLS | CA | 90212 x9; 463 S SPAULDING DR |  | BEVERLY HILLS | CA | 90212 x3,,zips_normalize: zip_reduced_to_five_digits_or_invalid_nulled x9; streets_normalize: street_text_normalized_or_placeholder_nulled x3,same donor's filings (not proof): 463 S SPAULDING DR |  | BEVERLY HILLS | CA | 90212: filed so x3; 463 S SPALDING DR |  | BEVERLY HILLS | CA | 90212: filed so x9,,pending,needs a reviewer
A0110,medium,fcf491153ae9,"EMERSON, JANET",near-duplicate street spelling for same donor/location,33412,10184 OSPREY TRACE || 10184 OSPREY AME || 10184 OSPREY TRCE || 10184 OSPRY TRACE,spelling only,24,4050520251188621721;4020920241823943845;4032520241885654041;4032120231736710985;4072120251209629920;4072120251209628182;4042820231745857934;4060420241953433835;4032020251180457537;4102420231807055280;4052120241949843925;4122320221644863979;4050520251188621717;4042820231745858537;4072420241978922809;4030120241877880409;4072120251209629452;4122920221645225199;4030420261386075784;4032320261425014908;4052620261511335699;4052620261511335043;4070720261523711992;4080120261540165112,10184 OSPREY TRCE |  | WEST PALM BEACH | FL | 334121541 x15; 10184 OSPREY TRACE |  | WPB | FL | 33412 x7; 10184 OSPREY :AME |  | WPB | FL | 33412 x1; 10184 OSPRY TRACE |  | WPB | FL | 33412 x1,10184 OSPREY TRCE |  | WEST PALM BEACH | FL | 33412 x15; 10184 OSPREY TRACE |  | WEST PALM BEACH | FL | 33412 x7; 10184 OSPREY AME |  | WEST PALM BEACH | FL | 33412 x1; 10184 OSPRY TRACE |  | WEST PALM BEACH | FL | 33412 x1,,zips_normalize: zip_reduced_to_five_digits_or_invalid_nulled x15; cities_normalize: city_alias_typo_or_punctuation_normalized x9; streets_normalize: street_text_normalized_or_placeholder_nulled x1,same donor's filings (not proof): 10184 OSPREY TRACE |  | WEST PALM BEACH | FL | 33412: filed so x7; 10184 OSPREY AME |  | WEST PALM BEACH | FL | 33412: filed so x1; 10184 OSPREY TRCE |  | WEST PALM BEACH | FL | 33412: filed so x15; 10184 OSPRY TRACE |  | WEST PALM BEACH | FL | 33412: filed so x1,,pending,needs a reviewer
A0111,medium,da4c9a1b82cb,"ETKIN, BRUCE",near-duplicate street spelling for same donor/location,81611,70 FIVE TREE LANES || 70 FIVE TREET LANES,spelling only,2,4042820231745858600;4032120231736710925,70 FIVE TREE LANES |  | ASPEN | CO | 81611 x1; 70 FIVE TREET LANES |  | ASPEN | CO | 81611 x1,70 FIVE TREE LANES |  | ASPEN | CO | 81611 x1; 70 FIVE TREET LANES |  | ASPEN | CO | 81611 x1,,,same donor's filings (not proof): 70 FIVE TREE LANES |  | ASPEN | CO | 81611: filed so x1; 70 FIVE TREET LANES |  | ASPEN | CO | 81611: filed so x1,,pending,needs a reviewer
A0112,medium,3bc1fe86c2bc,"FANE, SCOTT",near-duplicate street spelling for same donor/location,33483,555 SE 6TH AVE | APT 8E || 555 SE TH AVE | APT 8E || 555 SE 6 AVE | # 8E,spelling only,57,4092220251291772815;4122920221645225228;4082320221565947241;4060420241953435324;4030320251179411241;4072420241978922652;4082220242014750709;4010420231645703566;4060420241953435002;4030320251179411173;4072420241978922677;4072420241978922684;4082520251233303260;4030320251179411167;4082520251233303227;4082520251233303230;4030320251179411172;4092520231802906728;4011420231698187026;4030320251179411168;4030320251179411170;4082520251233303228;4072420241978922683;4072420241978922653;4082520251233303231;4072420241978926214;4082520251233303225;4082520251233303232;4072420241978922666;4030320251179411171;4082520251233303223;4030320251179411166;4072420241978922663;4072420241978922668;4082520251233303226;4072120251209630042;4082520251233303235;4072420241978922681;4102420231807054524;4030320251179411169;4062420241962025401;4030120241877880762;4072420241978922676;4030320251179411242;4082520251233303224;4030320251179411174;4030320251179411244;4122920221645227957;4072120251209629350;4082520251233303229;4062320251206917749;4082520251233303234;4072420241978922672;4082520251233303233;4072420241978922661;4011120231681662975;4031920261424759491,555 SE 6TH AVE | APT 8E | DELRAY BEACH | FL | 334835251 x48; 555 SOUTHEAST TH AVE APT 8E |  | DELRAY BEACH | FL | 33483 x4; 555 SE 6TH AVE 8E |  | DELRAY BEACH | FL | 33483 x2; 555 SE 6 AVE 8E |  | DELRAY BEACH | FL | 334835251 x1; 555 SE 6TH AVE APT 8E |  | DELRAY BEACH | FL | 33483 x1; 555 SE 6TH AVE APT 8E | APT 8E | DELRAY BEACH | FL | 334835251 x1,555 SE 6TH AVE | APT 8E | DELRAY BEACH | FL | 33483 x52; 555 SE TH AVE | APT 8E | DELRAY BEACH | FL | 33483 x4; 555 SE 6 AVE | # 8E | DELRAY BEACH | FL | 33483 x1,,zips_normalize: zip_reduced_to_five_digits_or_invalid_nulled x50; streets_normalize: street_text_normalized_or_placeholder_nulled x11; streets_safe_fixes: care_of_house_number_or_trailing_unit_fixed x6; streets_unify_units: unit_designator_unified_to_donor_dominant x2,same donor's filings (not proof): 555 SE 6TH AVE | APT 8E | DELRAY BEACH | FL | 33483: filed so x53; 555 SE TH AVE | APT 8E | DELRAY BEACH | FL | 33483: filed so x4; 555 SE 6 AVE | # 8E | DELRAY BEACH | FL | 33483: filed so x53,,pending,needs a reviewer
A0113,medium,0aa682e17f3d,"FEINSTEIN, LEONARD",near-duplicate street spelling for same donor/location,33410,3340 MONET DR W || 3340 MONET DR,spelling only,3,4082520251233303276;4062320251206917425;4082520251233303273,3340 MONET DR W |  | PALM BEACH GARDENS | FL | 334101481 x2; 3340 MONET DRIVE |  | PALM BEACH GARDENS | FL | 33410 x1,3340 MONET DR W |  | PALM BEACH GARDENS | FL | 33410 x2; 3340 MONET DR |  | PALM BEACH GARDENS | FL | 33410 x1,,zips_normalize: zip_reduced_to_five_digits_or_invalid_nulled x2; streets_normalize: street_text_normalized_or_placeholder_nulled x1,same donor's filings (not proof): 3340 MONET DR W |  | PALM BEACH GARDENS | FL | 33410: filed so x2; 3340 MONET DR |  | PALM BEACH GARDENS | FL | 33410: filed so x1,,pending,needs a reviewer
A0114,medium,51b4aaa4d19a,"FENSTERHEIM, SIMEON",near-duplicate street spelling for same donor/location,33433,7210 MALLORCA CRES || 7210 MALLORCA CRESCENT,spelling only,24,4011620261302592451;4032120231736710819;4092220251291772399;4092420251292198808;4010320231645639181;4072120251209629548;4011420231698184010;4032020251180458012;4122920221645226119;4092320242041366746;4102420231807054661;4011420231698185123;4011420231698186363;4032020251180457323;4102420231807010247;4082120231799936017;4021920231732395434;4010320231645639184;4082220242014749404;4030120241877880280;4031920261424758604;4032320261425016357;4032320261425016293;4032320261425015802,7210 MALLORCA CRES |  | BOCA RATON | FL | 334337480 x22; 7210 MALLORCA CRESCENT |  | BOCA RATON | FL | 33433 x2,7210 MALLORCA CRES |  | BOCA RATON | FL | 33433 x22; 7210 MALLORCA CRESCENT |  | BOCA RATON | FL | 33433 x2,,zips_normalize: zip_reduced_to_five_digits_or_invalid_nulled x22,same donor's filings (not proof): 7210 MALLORCA CRES |  | BOCA RATON | FL | 33433: filed so x22; 7210 MALLORCA CRESCENT |  | BOCA RATON | FL | 33433: filed so x2,,pending,needs a reviewer
A0115,medium,cb3dba3f704b,"FIEDOTIN, RICHARD",near-duplicate street spelling for same donor/location,94925,53 SPINDRIFT PSGE || 53 SPINDRIFT PASSAGE,spelling only,30,4011620261302586814;4042820231745858482;4082120231799935546;4082520251233304026;4010320231645638735;4080620251215491758;4123020221645490274;4122120231813093199;4011320231697776043;4011420231698186182;4092520231802907454;4102420231807009812;4102420231807054772;4110120231808001318;4060420241953433505;4092320242041366001;4011420251130090768;4122920221645231534;4110720231809900216;4122320221644863157;4060420241953436492;4110720231809901126;4072120251209629627;4060420241953436477;4062320251206917926;4011420251130090843;4030420261386075144;4052620261511335927;4052620261511335307;4070720261523712193,53 SPINDRIFT PSGE |  | CORTE MADERA | CA | 949251835 x29; 53 SPINDRIFT PASSAGE |  | CORTE MADERA | CA | 94925 x1,53 SPINDRIFT PSGE |  | CORTE MADERA | CA | 94925 x29; 53 SPINDRIFT PASSAGE |  | CORTE MADERA | CA | 94925 x1,,zips_normalize: zip_reduced_to_five_digits_or_invalid_nulled x29,same donor's filings (not proof): 53 SPINDRIFT PSGE |  | CORTE MADERA | CA | 94925: filed so x29; 53 SPINDRIFT PASSAGE |  | CORTE MADERA | CA | 94925: filed so x1,,pending,needs a reviewer
A0116,medium,ae54666591d4,"FREEMAN, ADAM",near-duplicate street spelling for same donor/location,30342,517 COBBLESTONE DR NE || 517 COBBLESTONE DR,spelling only,7,4092420251292197955;4062320251206917007;4092320242041364879;4072420241978924414;4032520241885654933;4082220242014748570;4080120261540165002,517 COBBLESTONE DR NE |  | ATLANTA | GA | 303424556 x6; 517 COBBLESTONE DRIVE |  | ATLANTA | GA | 30342 x1,517 COBBLESTONE DR NE |  | ATLANTA | GA | 30342 x6; 517 COBBLESTONE DR |  | ATLANTA | GA | 30342 x1,,zips_normalize: zip_reduced_to_five_digits_or_invalid_nulled x6; streets_normalize: street_text_normalized_or_placeholder_nulled x1,same donor's filings (not proof): 517 COBBLESTONE DR NE |  | ATLANTA | GA | 30342: filed so x6; 517 COBBLESTONE DR |  | ATLANTA | GA | 30342: filed so x1,,pending,needs a reviewer
A0117,medium,3251c5a6e8df,"FREEMAN, VIKI",near-duplicate street spelling for same donor/location,30305,88 W PACES FERRY RD NW | UNIT 2510 || 88 W PACES FERRY RD | # 2510,spelling only,13,4092420251292198023;4082320221565947230;4062320251206917852;4032520241885655276;4110120231808001063;4122120231813093617;4110120231808001294;4072420241978923324;4032520241885655267;4102420231807054643;4092520231802906906;4082220242014694204;4022620261359401088,"88 W PACES FERRY RD NW | UNIT 2510 | ATLANTA | GA | 303051447 x11; 88 W. PACES FERRY ROAD #2510 |  | ATLANTA | GA | 303051447 x1; 88.W.PACES FERRY ROAD N.W. #2510, |  | ATLANTA , GA | GA | 30305 x1",88 W PACES FERRY RD NW | UNIT 2510 | ATLANTA | GA | 30305 x12; 88 W PACES FERRY RD | # 2510 | ATLANTA | GA | 30305 x1,,zips_normalize: zip_reduced_to_five_digits_or_invalid_nulled x12; streets_normalize: street_text_normalized_or_placeholder_nulled x4; cities_normalize: city_alias_typo_or_punctuation_normalized x1; streets_unify_units: unit_designator_unified_to_donor_dominant x1,same donor's filings (not proof): 88 W PACES FERRY RD NW | UNIT 2510 | ATLANTA | GA | 30305: filed so x12; 88 W PACES FERRY RD | # 2510 | ATLANTA | GA | 30305: filed so x1,,pending,needs a reviewer
A0118,medium,2ff69ec23157,"FUCHS, RUSSELL",near-duplicate street spelling for same donor/location,33410,13201 BURGUNDY DR S || 13201 BERGUNDY DR S,spelling only,18,4012120261303039550;4072120251209629659;4092420251292198340;4122320221644863984;4072420241978926647;4030120241877880896;4110720231809900215;4062420241962026327;4050520251188622040;4060420241953433566;4092320242041364833;4072120251209629822;4032320221464036493;4031920261424759880;4070720261523711588;4080120261540164532;4080120261540162715;4082720261585275018,13201 BURGUNDY DR S |  | PALM BEACH GARDENS | FL | 334101489 x15; 13201 BERGUNDY DR S |  | PALM BEACH GARDENS | FL | 33410 x3,13201 BURGUNDY DR S |  | PALM BEACH GARDENS | FL | 33410 x15; 13201 BERGUNDY DR S |  | PALM BEACH GARDENS | FL | 33410 x3,,zips_normalize: zip_reduced_to_five_digits_or_invalid_nulled x15,same donor's filings (not proof): 13201 BURGUNDY DR S |  | PALM BEACH GARDENS | FL | 33410: filed so x15; 13201 BERGUNDY DR S |  | PALM BEACH GARDENS | FL | 33410: filed so x3,,pending,needs a reviewer
A0119,medium,c28c70672ea4,"GINDI, EDWARD",near-duplicate street spelling for same donor/location,10065,35 E 67TH ST || 35 E 68TH ST,spelling only,2,4042820231745858089;4110720231809901114,35 EAST 67TH STREET |  | NEW YORK | NY | 10065 x1; 35 E 68TH ST |  | NEW YORK | NY | 100655015 x1,35 E 67TH ST |  | NEW YORK | NY | 10065 x1; 35 E 68TH ST |  | NEW YORK | NY | 10065 x1,,streets_normalize: street_text_normalized_or_placeholder_nulled x1; zips_normalize: zip_reduced_to_five_digits_or_invalid_nulled x1,same donor's filings (not proof): 35 E 67TH ST |  | NEW YORK | NY | 10065: filed so x1; 35 E 68TH ST |  | NEW YORK | NY | 10065: filed so x1,,pending,needs a reviewer
A0120,medium,8237991764c1,"GOLDIN, NORMAN",near-duplicate street spelling for same donor/location,23510,220 W BRAMBLEON AVE | UNIT 202 || 220 W BRAMBLETON AVE | APT 202,spelling only,2,4072120251209629336;4052120241949842365,220 W BRAMBLEON AVE; UNIT 202 |  | NORFOLK | VA | 23510 x1; 220 W BRAMBLETON AVE | APT 202 | NORFOLK | VA | 235101574 x1,220 W BRAMBLEON AVE | UNIT 202 | NORFOLK | VA | 23510 x1; 220 W BRAMBLETON AVE | APT 202 | NORFOLK | VA | 23510 x1,,streets_normalize: street_text_normalized_or_placeholder_nulled x2; zips_normalize: zip_reduced_to_five_digits_or_invalid_nulled x1,same donor's filings (not proof): 220 W BRAMBLEON AVE | UNIT 202 | NORFOLK | VA | 23510: filed so x1; 220 W BRAMBLETON AVE | APT 202 | NORFOLK | VA | 23510: filed so x1,,pending,needs a reviewer
A0121,medium,0638305c63b5,"GOLDMAN, AARON",near-duplicate street spelling for same donor/location,30306,1760 MERTON RD NE || 1760 MERTON RD,spelling only,39,4011620261302591806;4052520221493485053;4092420251292197653;4092520231802906580;4062420241962024463;4122120231813093921;4110720231809901133;4011420231698184006;4122120231813093922;4011320231697775702;4122120231813094328;4122920221645232805;4060420241953433760;4102420231807054752;4020620231722559234;4123020221645490287;4062420241962025358;4011320231697775398;4122120231813093014;4011420231698186492;4010420231645703296;4122120231813093920;4011320231697776008;4122920221645235662;4052120241949843385;4112220231811442548;4122920221645232655;4102420231807054751;4122120231813093923;4010420231645703543;4011420231698184805;4072420241978926237;4030120241877880952;4030120241877879975;4122120231813093919;4102420231807009445;4122920221645228141;4082520251233304805;4021220241824545366,1760 MERTON RD NE |  | ATLANTA | GA | 303063006 x37; 1760 MERTON RD |  | ATLANTA | GA | 30306 x1; 1760 MERTON RD NE |  | ATLANTA | GA | 30306 x1,1760 MERTON RD NE |  | ATLANTA | GA | 30306 x38; 1760 MERTON RD |  | ATLANTA | GA | 30306 x1,,zips_normalize: zip_reduced_to_five_digits_or_invalid_nulled x37,same donor's filings (not proof): 1760 MERTON RD NE |  | ATLANTA | GA | 30306: filed so x38; 1760 MERTON RD |  | ATLANTA | GA | 30306: filed so x1,,pending,needs a reviewer
A0122,medium,cf84517e9ec8,"HALPERN, JACK",near-duplicate street spelling for same donor/location,30305,88 W PACES FERRY RD NW | UNIT 2610 || 88 W PACES FERRY RD | UNIT 2610,spelling only,3,4092420242041486607;4052320221492927951;4021220241824545387,88 W PACES FERRY RD NW | UNIT 2610 | ATLANTA | GA | 303051447 x2; 88 WEST PACES FERRY ROAD UNIT 2610 |  | ATLANTA | GA | 303051447 x1,88 W PACES FERRY RD NW | UNIT 2610 | ATLANTA | GA | 30305 x2; 88 W PACES FERRY RD | UNIT 2610 | ATLANTA | GA | 30305 x1,,zips_normalize: zip_reduced_to_five_digits_or_invalid_nulled x3; streets_normalize: street_text_normalized_or_placeholder_nulled x2,same donor's filings (not proof): 88 W PACES FERRY RD NW | UNIT 2610 | ATLANTA | GA | 30305: filed so x2; 88 W PACES FERRY RD | UNIT 2610 | ATLANTA | GA | 30305: filed so x1,,pending,needs a reviewer
A0123,medium,6d7173633699,"HANDLEMAN, DAVID",near-duplicate street spelling for same donor/location,48302,1252 COTTINGHAM ROW || 1252 NCOTTINGHAM ROW,spelling only,31,4012120261303040357;4092220251291773113;4011620261302587452;4102420231807054584;4010420231645702315;4011420231698184183;4092520231802906744;4112020241071384316;4122920221645227147;4122920221645236266;4112020241071384274;4010420231645702319;4121920221637777499;4110720231809900116;4110720231809900120;4072420241978925299;4021120221406549767;4112020241071384315;4092320242041366969;4110120231808001363;4122320221644863408;4032520241885656385;4030120241877880504;4031920261424760005;4032320261425015074;4052620261511335691;4061720261521510346;4061720261521510111;4080120261540164524;4080120261540164048;4090820261595851563,1252 COTTINGHAM ROW |  | BLOOMFIELD HILLS | MI | 483022310 x29; 1252 NCOTTINGHAM ROW |  | BLOOMFIELD HILLS | MI | 48302 x1; 1252 COTTINGHAM ROW |  | BLOOMFIELD HILLS | MI | 48302 x1,1252 COTTINGHAM ROW |  | BLOOMFIELD HILLS | MI | 48302 x30; 1252 NCOTTINGHAM ROW |  | BLOOMFIELD HILLS | MI | 48302 x1,,zips_normalize: zip_reduced_to_five_digits_or_invalid_nulled x29,same donor's filings (not proof): 1252 COTTINGHAM ROW |  | BLOOMFIELD HILLS | MI | 48302: filed so x30; 1252 NCOTTINGHAM ROW |  | BLOOMFIELD HILLS | MI | 48302: filed so x1,,pending,needs a reviewer
A0124,medium,edc625457435,"HARRIS, JULIE",near-duplicate street spelling for same donor/location,78248,1814 FAWN BLF || 1814 FAWN BLUFF,spelling only,13,4011620261302592036;4092220251291772249;4110120231808000622;4112020241071383186;4011420231698186022;4110120231808000616;4110720231809900579;4020920241823944587;4072420241978927974;4052120241949843624;4032520241885655613;4110120231808000623;4030420261386075215,1814 FAWN BLF |  | SAN ANTONIO | TX | 782481579 x12; 1814 FAWN BLUFF |  | SAN ANTONIO | TX | 782481579 x1,1814 FAWN BLF |  | SAN ANTONIO | TX | 78248 x12; 1814 FAWN BLUFF |  | SAN ANTONIO | TX | 78248 x1,,zips_normalize: zip_reduced_to_five_digits_or_invalid_nulled x13,same donor's filings (not proof): 1814 FAWN BLF |  | SAN ANTONIO | TX | 78248: filed so x12; 1814 FAWN BLUFF |  | SAN ANTONIO | TX | 78248: filed so x1,,pending,needs a reviewer
A0125,medium,503d02a9d3e7,"HART, JOEL B",near-duplicate street spelling for same donor/location,33410,4280 PROFESSIONAL CENTER DR || 4280 PROFESSIONAL CENTRE DR,spelling only,36,4011620261302587069;4072120251209628217;4020920241823943937;4032120231736710496;4030320251179410185;4060420241953437401;4030120241877880395;4050520251188621723;4072420241978922886;4032120231736711100;4072120251209629961;4032020251180457310;4060420241953436046;4032120231736710973;4062420241962023654;4030120241877879948;4011420231698186629;4122320221644864101;4042820231745858509;4072420241978923597;4010320231645639472;4042820231745857940;4050520251188621714;4032020251180458220;4102420231807055282;4010420231645703571;4030420261386076344;4031920261424758813;4032320261425015538;4032320261425015098;4052620261511335833;4052620261511335681;4052620261511335120;4061720261521511458;4070720261523712120;4080120261540165217,4280 PROFESSIONAL CENTER DR |  | PALM BEACH GARDENS | FL | 334104280 x26; 4280 PROFESSIONAL CENTRE DR |  | PBG | FL | 33410 x5; 4280 PROFESSIONAL CENTRE DRIVE |  | PBG | FL | 33410 x5,4280 PROFESSIONAL CENTER DR |  | PALM BEACH GARDENS | FL | 33410 x26; 4280 PROFESSIONAL CENTRE DR |  | PALM BEACH GARDENS | FL | 33410 x10,,zips_normalize: zip_reduced_to_five_digits_or_invalid_nulled x26; cities_normalize: city_alias_typo_or_punctuation_normalized x10; streets_normalize: street_text_normalized_or_placeholder_nulled x5,same donor's filings (not proof): 4280 PROFESSIONAL CENTER DR |  | PALM BEACH GARDENS | FL | 33410: filed so x26; 4280 PROFESSIONAL CENTRE DR |  | PALM BEACH GARDENS | FL | 33410: filed so x10,,pending,needs a reviewer
A0126,medium,780d750e54bd,"HERMAN, RUSSELL",near-duplicate street spelling for same donor/location,07760,17 AVE OF 2 RIVERS S || 17 AVE OF TWO RIVERS S || 17 AVE OF 2 RIVER S,spelling only,14,4011620261302592622;4092320242041364425;4082520251233303756;4092220251291772573;4112220231811444130;4032520241885654226;4072120251209629052;4122920221645232352;4092320242041365651;4112220231811442153;4011420251130091324;4123020221645490164;4080620251215491483;4070720261523712894,17 AVENUE OF 2 RIVERS SOUTH |  | RUMSON | NJ | 07760 x4; 17 AVENUE OF TWO RIVERS S |  | RUMSON | NJ | 077601812 x3; 17 AVENUE OF 2 RIVERS SOUTH |  | RUMSON | NJ | 077601812 x3; 17 AVE OF 2 RIVERS SOUTH |  | RUMSON | NJ | 07760 x2; 17 AVENUE OF 2 RIVER SOUTH |  | RUMSON | NJ | 07760 x2,17 AVE OF 2 RIVERS S |  | RUMSON | NJ | 07760 x9; 17 AVE OF TWO RIVERS S |  | RUMSON | NJ | 07760 x3; 17 AVE OF 2 RIVER S |  | RUMSON | NJ | 07760 x2,,streets_normalize: street_text_normalized_or_placeholder_nulled x14; zips_normalize: zip_reduced_to_five_digits_or_invalid_nulled x6,same donor's filings (not proof): 17 AVE OF 2 RIVERS S |  | RUMSON | NJ | 07760: filed so x9; 17 AVE OF TWO RIVERS S |  | RUMSON | NJ | 07760: filed so x3; 17 AVE OF 2 RIVER S |  | RUMSON | NJ | 07760: filed so x2,,pending,needs a reviewer
A0127,medium,5bbdd3bc752b,"HOCKSTEIN, NEIL",near-duplicate street spelling for same donor/location,19807,310 CENTENIAL CIR || 310 CENTENNIAL CIR,spelling only,10,4011620261302586858;4030120241877880079;4011620261302590781;4062420241962023162;4072420241978922519;4032520241885654429;4072420241978927001;4072120251209629072;4072420241978926985;4031920261424760176,310 CENTENNIAL CIR |  | WILMINGTON | DE | 198072130 x7; 310 CENTENIAL CIRCLE |  | WILMINGTON | DE | 19807 x3,310 CENTENNIAL CIR |  | WILMINGTON | DE | 19807 x7; 310 CENTENIAL CIR |  | WILMINGTON | DE | 19807 x3,,zips_normalize: zip_reduced_to_five_digits_or_invalid_nulled x7; streets_normalize: street_text_normalized_or_placeholder_nulled x3,same donor's filings (not proof): 310 CENTENIAL CIR |  | WILMINGTON | DE | 19807: filed so x3; 310 CENTENNIAL CIR |  | WILMINGTON | DE | 19807: filed so x7,,pending,needs a reviewer
A0128,medium,09c0287582e9,"HOLLANDER, BARRY",near-duplicate street spelling for same donor/location,33412,7972 CRANES POINTE WAY || 7972 CRANES PT WAY || 7972 CRANES POINT WAY,spelling only,17,4122920221645225286;4042820231745858522;4030320251179409599;4011420231698185954;4102420231807055298;4020920241823943872;4032120231736710886;4122320221644863948;4052120241949843871;4050520251188621712;4060420241953433768;4032520241885654089;4032020251180457320;4031920261424758861;4032320261425015418;4052620261511335225;4070720261523712132,7972 CRANES POINTE WAY |  | WEST PALM BEACH | FL | 334123155 x14; 7972 CRANES PT. WAY |  | WPB | FL | 33412 x1; 7972 CRANES POINT WAY |  | WPB | FL | 33412 x1; 7972 CRANES PT WAY |  | WEST PALM BEACH | FL | 33412 x1,7972 CRANES POINTE WAY |  | WEST PALM BEACH | FL | 33412 x14; 7972 CRANES PT WAY |  | WEST PALM BEACH | FL | 33412 x2; 7972 CRANES POINT WAY |  | WEST PALM BEACH | FL | 33412 x1,,zips_normalize: zip_reduced_to_five_digits_or_invalid_nulled x14; cities_normalize: city_alias_typo_or_punctuation_normalized x2; streets_normalize: street_text_normalized_or_placeholder_nulled x1,same donor's filings (not proof): 7972 CRANES POINTE WAY |  | WEST PALM BEACH | FL | 33412: filed so x14; 7972 CRANES PT WAY |  | WEST PALM BEACH | FL | 33412: filed so x3; 7972 CRANES POINT WAY |  | WEST PALM BEACH | FL | 33412: filed so x3,,pending,needs a reviewer
A0129,medium,2d9909e74f91,"HORNSTEIN, STEVEN S",near-duplicate street spelling for same donor/location,33410,3080 BURGUNDY DR N || 3080 BURGANDY DR N,spelling only,5,4122920221645225327;4032120231736710897;4102420231807055277;4072420241978923285;4122320221644863893,3080 BURGUNDY DR N |  | PALM BEACH GARDENS | FL | 334101477 x4; 3080 BURGANDY DRIVE NORTH |  | PBG | FL | 33410 x1,3080 BURGUNDY DR N |  | PALM BEACH GARDENS | FL | 33410 x4; 3080 BURGANDY DR N |  | PALM BEACH GARDENS | FL | 33410 x1,,zips_normalize: zip_reduced_to_five_digits_or_invalid_nulled x4; streets_normalize: street_text_normalized_or_placeholder_nulled x1; cities_normalize: city_alias_typo_or_punctuation_normalized x1,same donor's filings (not proof): 3080 BURGUNDY DR N |  | PALM BEACH GARDENS | FL | 33410: filed so x4; 3080 BURGANDY DR N |  | PALM BEACH GARDENS | FL | 33410: filed so x1,,pending,needs a reviewer
A0130,medium,125dbe032738,"HYMAN, DANIEL",near-duplicate street spelling for same donor/location,60610,1300 N LAKE SHORE DR || 1300 N LAKE SHORE DR 25CD,spelling only,7,4122120231813092754;4042820231745858182;4030320251179408692;4030320251179408693;4082120231799935292;4010320231645639233;4030320251179408694,"1300 N LAKE SHORE DR |  | CHICAGO | IL | 606102169 x6; 1300 N LAKE SHORE DR, 25CD |  | CHICAGO | IL | 60610 x1",1300 N LAKE SHORE DR |  | CHICAGO | IL | 60610 x6; 1300 N LAKE SHORE DR 25CD |  | CHICAGO | IL | 60610 x1,,zips_normalize: zip_reduced_to_five_digits_or_invalid_nulled x6; streets_normalize: street_text_normalized_or_placeholder_nulled x1,same donor's filings (not proof): 1300 N LAKE SHORE DR |  | CHICAGO | IL | 60610: filed so x6; 1300 N LAKE SHORE DR 25CD |  | CHICAGO | IL | 60610: filed so x1,,pending,needs a reviewer
A0131,medium,b26ac3dda511,"ISENBERG, ANN",near-duplicate street spelling for same donor/location,66208,6433 ABERDEEN RD || 6433 ABERDEEN,spelling only,6,4092520231802907008;4072420241978923265;4082220242014750226;4060420241953435883;4082220242014750227;4082220242014750233,6433 ABERDEEN RD |  | MISSION HILLS | KS | 662081820 x5; 6433 ABERDEEN |  | SHAWNEE MISSION | KS | 66208 x1,6433 ABERDEEN RD |  | MISSION HILLS | KS | 66208 x5; 6433 ABERDEEN |  | MISSION HILLS | KS | 66208 x1,,zips_normalize: zip_reduced_to_five_digits_or_invalid_nulled x5; address_same_street_align: aligned_to_donor_dominant_at_same_street x1,same donor's filings (not proof): 6433 ABERDEEN RD |  | MISSION HILLS | KS | 66208: filed so x5; 6433 ABERDEEN |  | MISSION HILLS | KS | 66208: filed so x1,,pending,needs a reviewer
A0132,medium,80b9512b86bd,"JACOBS, JACQUI",near-duplicate street spelling for same donor/location,90212,1264 BEVELRY GREEN DR || 1264 BEVERLY GREEN DR,spelling only,4,4011620261302587168;4080620251215492677;4011620261302587158;4080620251215492676,1264 BEVELRY GREEN DRIVE |  | BEVERLY HILLS | CA | 90212 x2; 1264 BEVERLY GREEN DR |  | BEVERLY HILLS | CA | 902124106 x2,1264 BEVELRY GREEN DR |  | BEVERLY HILLS | CA | 90212 x2; 1264 BEVERLY GREEN DR |  | BEVERLY HILLS | CA | 90212 x2,,streets_normalize: street_text_normalized_or_placeholder_nulled x2; zips_normalize: zip_reduced_to_five_digits_or_invalid_nulled x2,same donor's filings (not proof): 1264 BEVELRY GREEN DR |  | BEVERLY HILLS | CA | 90212: filed so x2; 1264 BEVERLY GREEN DR |  | BEVERLY HILLS | CA | 90212: filed so x2,,pending,needs a reviewer
A0133,medium,a4807f220758,"KADISHA, NEIL",near-duplicate street spelling for same donor/location,90212,9420 WILSHIRE BLVD ST | # 400 || 9420 WILSHIRE BLVD | STE 400,spelling only,26,4011620261302586845;4072120251209628833;4092220251291772650;4092420251292198013;4010320231645639740;4011420231698186907;4080620251215492633;4011420231698186906;4102420231807055170;4060420241953436620;4062320251206917769;4010320231645639739;4082120231799935735;4011420231698186035;4112220231811442154;4052120241949843745;4082520251233304274;4032520241885655062;4122320221644864937;4052120241949842192;4122920221645231835;4030320251179411208;4020920241823944809;4072420211322676259;4031920261424759872;4082720261585275850,"9420 WILSHIRE BLVD | STE 400 | BEVERLY HILLS | CA | 902123151 x20; 9420 WILSHIRE BLVD, ST 400 |  | BEVERLY HILLS | CA | 90212 x6",9420 WILSHIRE BLVD | STE 400 | BEVERLY HILLS | CA | 90212 x20; 9420 WILSHIRE BLVD ST | # 400 | BEVERLY HILLS | CA | 90212 x6,,zips_normalize: zip_reduced_to_five_digits_or_invalid_nulled x20; streets_safe_fixes: care_of_house_number_or_trailing_unit_fixed x12; streets_normalize: street_text_normalized_or_placeholder_nulled x6,same donor's filings (not proof): 9420 WILSHIRE BLVD ST | # 400 | BEVERLY HILLS | CA | 90212: filed so x6; 9420 WILSHIRE BLVD | STE 400 | BEVERLY HILLS | CA | 90212: filed so x20,,pending,needs a reviewer
A0134,medium,c9c8a63946d3,"KAGAN, JONATHAN",near-duplicate street spelling for same donor/location,90049,12307 6TH HELENA DR || 12307 6TN HELENA DR,spelling only,32,4011620261302586956;4062420241962023565;4011620261302592619;4092220251291772389;4092420251292198032;4011420251130090781;4122920221645226514;4122920221645228262;4122120231813094817;4123020221645490874;4082220242014750178;4112020241071381493;4011320231697775663;4072420241978923629;4060420241953433875;4072120251209629042;4062320251206918129;4010420231645703212;4072420241978925308;4092320242041367154;4122320221644863329;4082220242014748712;4042820231745858448;4030120241877881176;4082120231799935938;4042820231745857834;4122320221644863103;4052620261511336905;4070720261523713841;4082720261585275035;4082720261585274922;4082720261585274921,12307 6TH HELENA DR |  | LOS ANGELES | CA | 900493931 x21; 12307 6TH HELENA DRIVE |  | LOS ANGELES | CA | 90049 x6; 12307 6TH HELENA DRIVE |  | LIS ANGELES | CA | 90049 x4; 12307 6TN HELENA DRIVE |  | LA | CA | 90049 x1,12307 6TH HELENA DR |  | LOS ANGELES | CA | 90049 x31; 12307 6TN HELENA DR |  | LOS ANGELES | CA | 90049 x1,,zips_normalize: zip_reduced_to_five_digits_or_invalid_nulled x21; streets_normalize: street_text_normalized_or_placeholder_nulled x11; cities_normalize: city_alias_typo_or_punctuation_normalized x5,same donor's filings (not proof): 12307 6TH HELENA DR |  | LOS ANGELES | CA | 90049: filed so x31; 12307 6TN HELENA DR |  | LOS ANGELES | CA | 90049: filed so x1,,pending,needs a reviewer
A0135,medium,845cc6e7c78b,"KAGEL, DAVID",near-duplicate street spelling for same donor/location,91302,23443 PARK COLOMBO || 23443 PARK COLUMBO,spelling only,20,4012120261303040598;4032120231736710780;4122920221645225984;4072420241978924248;4092320242041364566;4072120251209628293;4082220242014751255;4072120251209630139;4082220242014751407;4122120231813093582;4060420241953436082;4011420251130090891;4080620251215492352;4011420231698185409;4062420241962025923;4060420241953437691;4030420261386074820;4052620261511336356;4061720261521511202;4080120261540163800,23443 PARK COLOMBO |  | CALABASAS | CA | 913022814 x19; 23443 PARK COLUMBO |  | CALABASAS | CA | 91302 x1,23443 PARK COLOMBO |  | CALABASAS | CA | 91302 x19; 23443 PARK COLUMBO |  | CALABASAS | CA | 91302 x1,,zips_normalize: zip_reduced_to_five_digits_or_invalid_nulled x19,same donor's filings (not proof): 23443 PARK COLOMBO |  | CALABASAS | CA | 91302: filed so x19; 23443 PARK COLUMBO |  | CALABASAS | CA | 91302: filed so x1,,pending,needs a reviewer
A0136,medium,ac9e6817b038,"KARGMAN, ROBERT",near-duplicate street spelling for same donor/location,02111,151 TREMONT ST || 151 TEMONT ST,spelling only,16,4011420231698184647;4032120231736710594;4011420231698186550;4122920221645235836;4122320221644863556;4011420231698186031;4011420231698186030;4011420231698186032;4122920221645232170;4032120231736710920;4032120231736710467;4032020251180457615;4011420231698186029;4010420231645703645;4072120251209629168;4122920221645225184,151 TREMONT ST |  | BOSTON | MA | 021111125 x13; 151 TEMONT STREET |  | BOSTON | MA | 02111 x3,151 TREMONT ST |  | BOSTON | MA | 02111 x13; 151 TEMONT ST |  | BOSTON | MA | 02111 x3,,zips_normalize: zip_reduced_to_five_digits_or_invalid_nulled x13; streets_normalize: street_text_normalized_or_placeholder_nulled x3,same donor's filings (not proof): 151 TREMONT ST |  | BOSTON | MA | 02111: filed so x13; 151 TEMONT ST |  | BOSTON | MA | 02111: filed so x3,,pending,needs a reviewer
A0137,medium,f1d887840cad,"KAUFMAN, RONALD",near-duplicate street spelling for same donor/location,94133,1228 MONTGOMERY ST || 1228 MOTGOMERY ST,spelling only,21,4012120261303040070;4062320251206917676;4011620261302587656;4060420241953435411;4110720231809900709;4092520231802907250;4110120231808000962;4092320242041367427;4032520241885654879;4030320251179409193;4020920241823943224;4102420231807009409;4072420241978924754;4072120251209628274;4102420231807009717;4020920241823944292;4032320261425015008;4052620261511336158;4061720261521510015;4061720261521509560;4070720261523712954,1228 MONTGOMERY ST |  | SAN FRANCISCO | CA | 941333510 x19; 1228 MOTGOMERY ST |  | SAN FRANCISCO | CA | 94133 x2,1228 MONTGOMERY ST |  | SAN FRANCISCO | CA | 94133 x19; 1228 MOTGOMERY ST |  | SAN FRANCISCO | CA | 94133 x2,,zips_normalize: zip_reduced_to_five_digits_or_invalid_nulled x19,same donor's filings (not proof): 1228 MONTGOMERY ST |  | SAN FRANCISCO | CA | 94133: filed so x19; 1228 MOTGOMERY ST |  | SAN FRANCISCO | CA | 94133: filed so x2,,pending,needs a reviewer
A0138,medium,6f54837b5c4b,"KAYE, JUDITH",near-duplicate street spelling for same donor/location,01778,6 FOLSOM POND RD || 6 FOLSOMS POND RD,spelling only,10,4012120261303040156;4042820231745858389;4011620261302586985;4052120241949844459;4010420231645703932;4030320251179411098;4052120241949844422;4112020241071381526;4072120251209628941;4080620251215492729,6 FOLSOM POND RD |  | WAYLAND | MA | 017781510 x9; 6 FOLSOMS POND ROAD |  | WAYLAND | MA | 01778 x1,6 FOLSOM POND RD |  | WAYLAND | MA | 01778 x9; 6 FOLSOMS POND RD |  | WAYLAND | MA | 01778 x1,,zips_normalize: zip_reduced_to_five_digits_or_invalid_nulled x9; streets_normalize: street_text_normalized_or_placeholder_nulled x1,same donor's filings (not proof): 6 FOLSOM POND RD |  | WAYLAND | MA | 01778: filed so x9; 6 FOLSOMS POND RD |  | WAYLAND | MA | 01778: filed so x1,,pending,needs a reviewer
A0139,medium,d2cb281a2fdd,"KEIL, DAVID",near-duplicate street spelling for same donor/location,30342,479 LORIDANS DR NE || 479 LORIDANS DR,spelling only,34,4080620251215491518;4042820231745858480;4122120231813094680;4032020251180457957;4062420241962025863;4080620251215491519;4042820231745857646;4122120231813094678;4011420231698186593;4010320231645638393;4010320231645638392;4122120231813094679;4122920221645236329;4092520231802906705;4030320251179409706;4072120251209629905;4122120231813094686;4122120231813094677;4122120231813094684;4020620231722559236;4092520231802906706;4080620251215491517;4122120231813094685;4042820231745858481;4080620251215493329;4122120231813094681;4122120231813094682;4121920221637777911;4072420241978926257;4122120231813094683;4122920221645232163;4021220241824545437;4051220221476495105;4022620261359401223,479 LORIDANS DR NE |  | ATLANTA | GA | 303423405 x30; 479 LORIDANS DR |  | ATLANTA | GA | 30342 x3; 479 LORIDANS DRIVE |  | ATLANTA | GA | 30342 x1,479 LORIDANS DR NE |  | ATLANTA | GA | 30342 x30; 479 LORIDANS DR |  | ATLANTA | GA | 30342 x4,,zips_normalize: zip_reduced_to_five_digits_or_invalid_nulled x30; streets_normalize: street_text_normalized_or_placeholder_nulled x1,same donor's filings (not proof): 479 LORIDANS DR NE |  | ATLANTA | GA | 30342: filed so x30; 479 LORIDANS DR |  | ATLANTA | GA | 30342: filed so x4,,pending,needs a reviewer
A0140,medium,cffa2ea83f71,"KOOSED, GENTILLE",near-duplicate street spelling for same donor/location,90077,15564 COLLINA STRADA || 15564 COLINA STRADA,spelling only,3,4032320261425014910;4070720261523713979;4082720261585276029,"15564 COLINA STRADA, LOS ANGELES |  | LOS ANGELES | CA | 90077 x2; 15564 COLLINA STRADA |  | LOS ANGELES | CA | 900771514 x1",15564 COLINA STRADA |  | LOS ANGELES | CA | 90077 x2; 15564 COLLINA STRADA |  | LOS ANGELES | CA | 90077 x1,,streets_normalize: street_text_normalized_or_placeholder_nulled x2; streets_safe_fixes: care_of_house_number_or_trailing_unit_fixed x2; zips_normalize: zip_reduced_to_five_digits_or_invalid_nulled x1,same donor's filings (not proof): 15564 COLLINA STRADA |  | LOS ANGELES | CA | 90077: filed so x1; 15564 COLINA STRADA |  | LOS ANGELES | CA | 90077: filed so x0,,pending,needs a reviewer
A0141,medium,05127b78c5ca,"KRAMER, DAVID",near-duplicate street spelling for same donor/location,90035,1629 S SHENANDOAH ST || 1629 S SHENANDOAH ST LOS,spelling only,22,4011620261302592296;4031920261424759500;4052120241949844159;4030120241877880326;4112020241071381495;4082520251233303722;4032520241885655867;4092320242041366081;4112020241071381496;4092320242041366083;4092320242041366082;4062320251206918882;4050520251188621868;4122120231813094005;4062320251206918883;4032020251180457808;4052120241949844177;4052120241949844168;4082520251233303723;4031920261424759499;4061720261521511407;4080120261540163962,"1629 S SHENANDOAH ST |  | LOS ANGELES | CA | 900354412 x18; 1629 SOUTH SHENANDOAH STREET, LOS |  | LOS ANGELES | CA | 90035 x2; 1629 SOUTH SHENANDOAH STREET |  | LOS ANGELES | CA | 90035 x2",1629 S SHENANDOAH ST |  | LOS ANGELES | CA | 90035 x20; 1629 S SHENANDOAH ST LOS |  | LOS ANGELES | CA | 90035 x2,,zips_normalize: zip_reduced_to_five_digits_or_invalid_nulled x18; streets_normalize: street_text_normalized_or_placeholder_nulled x4,same donor's filings (not proof): 1629 S SHENANDOAH ST |  | LOS ANGELES | CA | 90035: filed so x20; 1629 S SHENANDOAH ST LOS |  | LOS ANGELES | CA | 90035: filed so x2,,pending,needs a reviewer
A0142,medium,6322c39259d7,"KREITENBERG, ARTHUR",near-duplicate street spelling for same donor/location,90720,12012 SLIVER FOX RD || 12012 SILVER FOX RD,spelling only,22,4012120261303040291;4112020241071381652;4012120261303038299;4122320221644864115;4122920221645232230;4011420231698185180;4092320242041366555;4122920221645231315;4122320221644864127;4011420231698185179;4122920221645226397;4122920221645225221;4082220242014748796;4122920221645226401;4122920221645232541;4011420251130090213;4122920221645232638;4072120251209629669;4112220231811444943;4052620261511335428;4070720261523714456;4082720261585275036,12012 SILVER FOX RD |  | LOS ALAMITOS | CA | 907204453 x20; 12012 SLIVER FOX ROAD |  | LOS ALAMITOS | CA | 90720 x2,12012 SILVER FOX RD |  | LOS ALAMITOS | CA | 90720 x20; 12012 SLIVER FOX RD |  | LOS ALAMITOS | CA | 90720 x2,,zips_normalize: zip_reduced_to_five_digits_or_invalid_nulled x20; streets_normalize: street_text_normalized_or_placeholder_nulled x2,same donor's filings (not proof): 12012 SLIVER FOX RD |  | LOS ALAMITOS | CA | 90720: filed so x2; 12012 SILVER FOX RD |  | LOS ALAMITOS | CA | 90720: filed so x20,,pending,needs a reviewer
A0143,medium,d9541ec113fd,"LEVIN, MICHAEL E.",near-duplicate street spelling for same donor/location,33469,8918 SE WATER OAK PL || 8918 SE WATER CAY PL,spelling only,75,4011620261302587079;4052520221493485082;4011620261302591389;4092220251291772888;4092420251292197811;4030120241877880919;4112220231811444223;4032520241885654127;4123020221645490497;4032520241885654776;4102420231807010097;4030120241877880918;4042820231745858211;4011420231698184700;4112220231811444221;4052120241949842495;4112020241071382557;4072420241978926608;4011420231698184073;4122320221644864069;4032020251180458031;4030320251179409602;4072420241978922790;4021120221406549793;4010320231645639534;4123020221645491079;4062420241962024815;4011420231698184698;4062420241962024311;4123020221645491084;4123020221645490494;4032020251180457298;4072120251209630089;4112220231811444222;4030320251179409777;4123020221645491069;4072420241978922442;4020920241823943863;4122920221645235549;4072420241978923314;4102420231807010204;4102420231807055294;4032120231736710523;4122320221644863373;4052120241949842001;4112220231811444220;4030120241877880363;4122920221645225300;4123020221645491081;4032520241885656265;4010420231645703585;4082520251233303349;4060420241953433697;4052120241949843923;4011420231698185955;4042820231745858570;4050520251188621732;4052120241949841586;4092520231802907404;4123020221645491087;4011420231698186618;4032020251180458013;4123020221645491064;4060420241953436364;4121920221637777893;4052120241949842438;4052820241950946294;4080220231759311328;4022620261359401257;4030420261386075914;4031920261424758880;4032320261425015545;4061720261521511499;4070720261523712178;4080120261540165114,8918 SE WATER OAK PL |  | TEQUESTA | FL | 334691810 x64; 8918 SE WATER OAK PLACE |  | TEQUESTA | FL | 33469 x7; 8918 SE WATER OAK PL |  | TEQUESTA | FL | 33469 x3; 8918 SE WATER CAY PLACE |  | TEQUESTA | FL | 33469 x1,8918 SE WATER OAK PL |  | TEQUESTA | FL | 33469 x74; 8918 SE WATER CAY PL |  | TEQUESTA | FL | 33469 x1,,zips_normalize: zip_reduced_to_five_digits_or_invalid_nulled x64; streets_normalize: street_text_normalized_or_placeholder_nulled x8,same donor's filings (not proof): 8918 SE WATER OAK PL |  | TEQUESTA | FL | 33469: filed so x74; 8918 SE WATER CAY PL |  | TEQUESTA | FL | 33469: filed so x1,,pending,needs a reviewer
A0144,medium,466c3f4b7dc8,"LEVY, JOEL",near-duplicate street spelling for same donor/location,33418,108 VIZCAYA ESTATES DR || 108 VIZCAYA ESTATESS DR,spelling only,5,4032120231736710939;4042820231745858209;4030320251179409609;4112220231811444404;4032520241885654136,108 VIZCAYA ESTATES DR |  | PALM BEACH GARDENS | FL | 334181735 x3; 108 VIZCAYA ESTATES DR |  | PBG | FL | 33418 x1; 108 VIZCAYA ESTATESS DR. |  | PBG | FL | 33418 x1,108 VIZCAYA ESTATES DR |  | PALM BEACH GARDENS | FL | 33418 x4; 108 VIZCAYA ESTATESS DR |  | PALM BEACH GARDENS | FL | 33418 x1,,zips_normalize: zip_reduced_to_five_digits_or_invalid_nulled x3; cities_normalize: city_alias_typo_or_punctuation_normalized x2; streets_normalize: street_text_normalized_or_placeholder_nulled x1,same donor's filings (not proof): 108 VIZCAYA ESTATES DR |  | PALM BEACH GARDENS | FL | 33418: filed so x4; 108 VIZCAYA ESTATESS DR |  | PALM BEACH GARDENS | FL | 33418: filed so x1,,pending,needs a reviewer
A0145,medium,b72db6b10f6c,"LIEBERMAN, NORA",near-duplicate street spelling for same donor/location,78746,48 ST STEPHENS SCHOOL RD || 48 SAINT STEPHENS SCHOOL RD,spelling only,26,4011620261302588011;4092420251292198240;4011620261302586328;4011620261302591957;4030320251179408805;4122320221644864327;4030320251179411043;4042820231745857684;4062420241962022537;4110120231808001068;4112020241071383265;4092520231802906770;4052520221493485183;4011420231698184876;4010320231645638830;4060420241953436616;4072420241978923435;4010420231645702651;4032520241885654442;4102420231807054987;4082520251233304832;4011420251130090840;4092520231802906399;4092520231802907438;4011420251130091511;4052620261511336687,48 SAINT STEPHENS SCHOOL RD |  | AUSTIN | TX | 787463231 x19; 48 ST STEPHENS SCHOOL RD |  | AUSTIN | TX | 78746 x7,48 SAINT STEPHENS SCHOOL RD |  | AUSTIN | TX | 78746 x19; 48 ST STEPHENS SCHOOL RD |  | AUSTIN | TX | 78746 x7,,zips_normalize: zip_reduced_to_five_digits_or_invalid_nulled x19,same donor's filings (not proof): 48 ST STEPHENS SCHOOL RD |  | AUSTIN | TX | 78746: filed so x7; 48 SAINT STEPHENS SCHOOL RD |  | AUSTIN | TX | 78746: filed so x19,,pending,needs a reviewer
A0146,medium,63ee2d75f352,"LOEWENTHAL, RODDY",near-duplicate street spelling for same donor/location,60035,1921 BURR OAKS LN || 1921 BURR OAK LN,spelling only,67,4012120261303038551;4122920221645232561;4011620261302587683;4011620261302586562;4011620261302586541;4052120241949842180;4072420241978925405;4110120231808001403;4072120251209628117;4072120251209628872;4060420241953433807;4072420241978928059;4123020221645490931;4102420231807055431;4122920221645225309;4112020241071382864;4110720231809900601;4122920221645225307;4080620251215493420;4011420231698186447;4092320242041366554;4011420231698186446;4112020241071381977;4080620251215492348;4052520221493485109;4092520231802906468;4112220231811444497;4072420241978923389;4011420231698184025;4110720231809901080;4092320242041366851;4112020241071382865;4122920221645232188;4011420231698184137;4011420231698184600;4092520231802906469;4072120251209628968;4122320221644863913;4110720231809900602;4011420231698184903;4080620251215492347;4122920221645226368;4010320231645638402;4010420231645703353;4062420241962022501;4082220242014750022;4011420231698184136;4122920221645232360;4112020241071382142;4122320221644863025;4010320231645639589;4080620251215492349;4122120231813093034;4123020221645490262;4062320251206917665;4011420231698185573;4062420241962022611;4032520241885654455;4072120251209630171;4110120231808001038;4081420251217995455;4021220241824545506;4021220241824545505;4052620261511335532;4070720261523714130;4070720261523712381;4070720261523711735,1921 BURR OAKS LN |  | HIGHLAND PARK | IL | 600354201 x39; 1921 BURR OAK LN |  | HIGHLAND PARK | IL | 600354201 x21; 1921 BURR OAK LANE |  | HIGHLAND PARK | IL | 60035 x3; 1921 BURR OAKS LN |  | HIGHLAND PARK | IL | 60035 x3; 1921 BURR OAK LN |  | HIGHLAND PARK | IL | 60035 x1,1921 BURR OAKS LN |  | HIGHLAND PARK | IL | 60035 x42; 1921 BURR OAK LN |  | HIGHLAND PARK | IL | 60035 x25,,zips_normalize: zip_reduced_to_five_digits_or_invalid_nulled x60; streets_normalize: street_text_normalized_or_placeholder_nulled x3,same donor's filings (not proof): 1921 BURR OAKS LN |  | HIGHLAND PARK | IL | 60035: filed so x42; 1921 BURR OAK LN |  | HIGHLAND PARK | IL | 60035: filed so x25,,pending,needs a reviewer
A0147,medium,bdab4f4e3aa2,"MAGUIRE, DOUGLAS",near-duplicate street spelling for same donor/location,20007,1635 SUTERS LN NW || 1635 SUTER LN NW,spelling only,2,4012120261303038339;4092420251292197940,1635 SUTERS LANE NW |  | WASHINGTON | DC | 20007 x1; 1635 SUTER LANE NW |  | WASHINGTON | DC | 20007 x1,1635 SUTERS LN NW |  | WASHINGTON | DC | 20007 x1; 1635 SUTER LN NW |  | WASHINGTON | DC | 20007 x1,,streets_normalize: street_text_normalized_or_placeholder_nulled x2,same donor's filings (not proof): 1635 SUTERS LN NW |  | WASHINGTON | DC | 20007: filed so x1; 1635 SUTER LN NW |  | WASHINGTON | DC | 20007: filed so x1,,pending,needs a reviewer
A0148,medium,7972a35e97d1,"MAHONEY, PATRICK",near-duplicate street spelling for same donor/location,92806,2200 E VIA BURTON || 2200 E VI??A-A BURTON,spelling only,2,4122920221645232737;4062420241962025546,2200 E VIA BURTON |  | ANAHEIM | CA | 928061221 x1; 2200 E. VI??A-A BURTON |  | ANAHEIM | CA | 92806 x1,2200 E VIA BURTON |  | ANAHEIM | CA | 92806 x1; 2200 E VI??A-A BURTON |  | ANAHEIM | CA | 92806 x1,,streets_normalize: street_text_normalized_or_placeholder_nulled x1; zips_normalize: zip_reduced_to_five_digits_or_invalid_nulled x1,same donor's filings (not proof): 2200 E VIA BURTON |  | ANAHEIM | CA | 92806: filed so x1; 2200 E VI??A-A BURTON |  | ANAHEIM | CA | 92806: filed so x1,,pending,needs a reviewer
A0149,medium,51de6740b01b,"MATROS, RICHARD",near-duplicate street spelling for same donor/location,92657,16 WATER PRT || 16 WATER PORT,spelling only,30,4021120221406549759;4072120251209629618;4052520221493485045;4111620221629615060;4110120231808000381;4092520231802906467;4032520241885656288;4102420231807009783;4121920221637777978;4072420241978922929;4072120251209629617;4110720231809900367;4123020221645491001;4082520251233304182;4123020221645491003;4062420241962023664;4123020221645491005;4123020221645490290;4011420231698185242;4123020221645491002;4122920221645226391;4122920221645235035;4122320221644864102;4112020241071383649;4122920221645235414;4123020221645491004;4061720261521511312;4061720261521510077;4070720261523713675;4070720261523713674,16 WATER PRT |  | NEWPORT BEACH | CA | 926571914 x15; 16 WATER PRT |  | NEWPORT COAST | CA | 926571914 x11; 16 WATER PORT |  | NEWPORT BEACH | CA | 92657 x3; 16 WATER PORT |  | NEWPORT COAST | CA | 92657 x1,16 WATER PRT |  | NEWPORT BEACH | CA | 92657 x25; 16 WATER PORT |  | NEWPORT BEACH | CA | 92657 x3; 16 WATER PORT |  | NEWPORT COAST | CA | 92657 x1; 16 WATER PRT |  | NEWPORT COAST | CA | 92657 x1,,zips_normalize: zip_reduced_to_five_digits_or_invalid_nulled x26; address_same_street_align: aligned_to_donor_dominant_at_same_street x10,same donor's filings (not proof): 16 WATER PRT |  | NEWPORT BEACH | CA | 92657: filed so x26; 16 WATER PORT |  | NEWPORT BEACH | CA | 92657: filed so x4; 16 WATER PORT |  | NEWPORT COAST | CA | 92657: filed so x4; 16 WATER PRT |  | NEWPORT COAST | CA | 92657: filed so x26,,pending,needs a reviewer
A0150,medium,1fba28f5929e,"MEDOF, ALLISON",near-duplicate street spelling for same donor/location,30075,4715 CAMBRIDGE APPROACH CIR NE || 4715 CAMBRIDGE APPROACH CIR,spelling only,23,4011620261302591855;4042820231745858324;4092220251291772034;4092420251292198183;4082120231799935753;4102420231807009523;4122120231813092599;4052120241949843066;4011420231698186248;4122920221645236261;4122920221645235767;4082220242014749725;4042820231745858323;4122320221644863292;4112020241071381909;4122320221644864595;4010420231645703560;4122320221644863307;4030120241877881206;4070720261523712985;4080120261540164224;4082720261585275110;4082720261585275108,4715 CAMBRIDGE APPROACH CIR NE |  | ROSWELL | GA | 300755201 x21; 4715 CAMBRIDGE APPROACH CIRCLE |  | ROSWELL | GA | 30075 x2,4715 CAMBRIDGE APPROACH CIR NE |  | ROSWELL | GA | 30075 x21; 4715 CAMBRIDGE APPROACH CIR |  | ROSWELL | GA | 30075 x2,,zips_normalize: zip_reduced_to_five_digits_or_invalid_nulled x21; streets_normalize: street_text_normalized_or_placeholder_nulled x2,same donor's filings (not proof): 4715 CAMBRIDGE APPROACH CIR NE |  | ROSWELL | GA | 30075: filed so x21; 4715 CAMBRIDGE APPROACH CIR |  | ROSWELL | GA | 30075: filed so x2,,pending,needs a reviewer
A0151,medium,f2a2efa5a147,"MEDOF, WILLIAM",near-duplicate street spelling for same donor/location,30075,4715 CAMBRIDGE APPROACH CIR NE || 4715 CAMBRIDGE APPROACH CIR,spelling only,13,4011620261302586677;4122120231813092714;4011620261302591727;4092220251291772010;4072420241978923579;4011420231698185580;4072420241978923580;4032520241885655756;4020920241823944503;4112220231811442536;4062420241962024162;4011320231697775958;4110120231808001125,4715 CAMBRIDGE APPROACH CIR NE |  | ROSWELL | GA | 300755201 x12; 4715 CAMBRIDGE APPROACH CIRCLE |  | ROSWELL | GA | 30075 x1,4715 CAMBRIDGE APPROACH CIR NE |  | ROSWELL | GA | 30075 x12; 4715 CAMBRIDGE APPROACH CIR |  | ROSWELL | GA | 30075 x1,,zips_normalize: zip_reduced_to_five_digits_or_invalid_nulled x12; streets_normalize: street_text_normalized_or_placeholder_nulled x1,same donor's filings (not proof): 4715 CAMBRIDGE APPROACH CIR NE |  | ROSWELL | GA | 30075: filed so x12; 4715 CAMBRIDGE APPROACH CIR |  | ROSWELL | GA | 30075: filed so x1,,pending,needs a reviewer
A0152,medium,afd425aa5874,"MERON, SHARON",near-duplicate street spelling for same donor/location,90077,888 SARBONNE RD || 888 SORBONNE RD,spelling only,15,4011620261302591922;4062320251206917440;4122920221645232504;4112220231811445070;4092320242041366967;4112020241071380992;4030320251179410934;4102420231807055199;4122920221645225552;4010420231645702593;4110120231808000447;4122920221645235730;4062420241962025940;4031920261424759474;4070720261523713345,888 SARBONNE RD |  | LOS ANGELES | CA | 900773304 x12; 888 SARBONNE ROAD |  | LOS ANGELES | CA | 90077 x2; 888 SORBONNE ROAD |  | LOS ANGELES | CA | 90077 x1,888 SARBONNE RD |  | LOS ANGELES | CA | 90077 x14; 888 SORBONNE RD |  | LOS ANGELES | CA | 90077 x1,,zips_normalize: zip_reduced_to_five_digits_or_invalid_nulled x12; streets_normalize: street_text_normalized_or_placeholder_nulled x3,same donor's filings (not proof): 888 SARBONNE RD |  | LOS ANGELES | CA | 90077: filed so x14; 888 SORBONNE RD |  | LOS ANGELES | CA | 90077: filed so x1,,pending,needs a reviewer
A0153,medium,3cc795ca102f,"METZL, ALEXANDRA",near-duplicate street spelling for same donor/location,80210,2542 S SAINT PAUL ST || 2542 S ST PAUL ST,spelling only,11,4012120261303038471;4092220251291772215;4092220251291772214;4110120231808001235;4032520241885655822;4032120231736710978;4122320221644863201;4050520251188621906;4122320221644863066;4062320251206917002;4070720261523712274,2542 S SAINT PAUL ST |  | DENVER | CO | 802106219 x6; 2542 S. ST. PAUL STREET |  | DENVER | CO | 80210 x4; 2542 S SAINT PAUL ST |  | DENVER | CO | 80210 x1,2542 S SAINT PAUL ST |  | DENVER | CO | 80210 x7; 2542 S ST PAUL ST |  | DENVER | CO | 80210 x4,,zips_normalize: zip_reduced_to_five_digits_or_invalid_nulled x6; streets_normalize: street_text_normalized_or_placeholder_nulled x4,same donor's filings (not proof): 2542 S SAINT PAUL ST |  | DENVER | CO | 80210: filed so x7; 2542 S ST PAUL ST |  | DENVER | CO | 80210: filed so x4,,pending,needs a reviewer
A0154,medium,f8a157dc1f5b,"MILLER, DAVID",near-duplicate street spelling for same donor/location,10458,2471 WEBSTER AVE || 2471 WESBTER AVE,spelling only,2,4032020251180457352;4030320251179409487,2471 WEBSTER AVE |  | BRONX | NY | 104585508 x1; 2471 WESBTER AVE |  | BRONX | NY | 10458 x1,2471 WEBSTER AVE |  | BRONX | NY | 10458 x1; 2471 WESBTER AVE |  | BRONX | NY | 10458 x1,,zips_normalize: zip_reduced_to_five_digits_or_invalid_nulled x1,same donor's filings (not proof): 2471 WEBSTER AVE |  | BRONX | NY | 10458: filed so x1; 2471 WESBTER AVE |  | BRONX | NY | 10458: filed so x1,,pending,needs a reviewer
A0155,medium,c6d47157f63e,"MILLER, ROBERT",near-duplicate street spelling for same donor/location,11791,130 FOXHUNT CRESCENT || 130 FOXHUNT CRES,spelling only,12,4072120251209629927;4122920221645236158;4050520251188621954;4032320261425016068;4032320261425016065;4032320261425016064;4032320261425016063;4032320261425016062;4032320261425016061;4032320261425016055;4061720261521510137;4080120261540164084,130 FOXHUNT CRES |  | SYOSSET | NY | 117911706 x10; 130 FOXHUNT CRESCENT |  | SYOSSET | NY | 11791 x2,130 FOXHUNT CRES |  | SYOSSET | NY | 11791 x10; 130 FOXHUNT CRESCENT |  | SYOSSET | NY | 11791 x2,,zips_normalize: zip_reduced_to_five_digits_or_invalid_nulled x10,same donor's filings (not proof): 130 FOXHUNT CRESCENT |  | SYOSSET | NY | 11791: filed so x2; 130 FOXHUNT CRES |  | SYOSSET | NY | 11791: filed so x10,,pending,needs a reviewer
A0156,medium,87ec72f1c8e5,"MINTZ, MICHAEL",near-duplicate street spelling for same donor/location,10001,7 PENNSYLVANIA PLAZA || 7 PENNSYLVANIA PLAZA 601,spelling only,3,4032320261425016244;4082720261585274843;4032320261425016243,"7 PENNSYLVANIA PLAZA |  | NEW YORK | NY | 10001 x2; 7 PENNSYLVANIA PLAZA, 601 |  | NEW YORK | NY | 10001 x1",7 PENNSYLVANIA PLAZA |  | NEW YORK | NY | 10001 x2; 7 PENNSYLVANIA PLAZA 601 |  | NEW YORK | NY | 10001 x1,,streets_normalize: street_text_normalized_or_placeholder_nulled x1,same donor's filings (not proof): 7 PENNSYLVANIA PLAZA |  | NEW YORK | NY | 10001: filed so x2; 7 PENNSYLVANIA PLAZA 601 |  | NEW YORK | NY | 10001: filed so x1,,pending,needs a reviewer
A0157,medium,cb5d23410534,"NELSON, STUART",near-duplicate street spelling for same donor/location,30309,1615 FRIAR TUCK RD NE || 1615 FRIAR TUCK RD,spelling only,6,4012120261303039147;4072120251209630137;4082520251233304428;4030320251179408758;4032520241885654084;4080120261540164209,1615 FRIAR TUCK RD NE |  | ATLANTA | GA | 303092611 x5; 1615 FRIAR TUCK ROAD |  | ATLANTA | GA | 30309 x1,1615 FRIAR TUCK RD NE |  | ATLANTA | GA | 30309 x5; 1615 FRIAR TUCK RD |  | ATLANTA | GA | 30309 x1,,zips_normalize: zip_reduced_to_five_digits_or_invalid_nulled x5; streets_normalize: street_text_normalized_or_placeholder_nulled x1,same donor's filings (not proof): 1615 FRIAR TUCK RD NE |  | ATLANTA | GA | 30309: filed so x5; 1615 FRIAR TUCK RD |  | ATLANTA | GA | 30309: filed so x1,,pending,needs a reviewer
A0158,medium,5b34c64f1828,"NUSBAUM, ANDREW",near-duplicate street spelling for same donor/location,23508,1007 LARCHMONT CRESCENT || 1007 LARCHMONT CRES,spelling only,2,4072120251209629877;4052120241949844014,1007 LARCHMONT CRESCENT |  | NORFOLK | VA | 23508 x1; 1007 LARCHMONT CRES |  | NORFOLK | VA | 235081402 x1,1007 LARCHMONT CRESCENT |  | NORFOLK | VA | 23508 x1; 1007 LARCHMONT CRES |  | NORFOLK | VA | 23508 x1,,zips_normalize: zip_reduced_to_five_digits_or_invalid_nulled x1,same donor's filings (not proof): 1007 LARCHMONT CRESCENT |  | NORFOLK | VA | 23508: filed so x1; 1007 LARCHMONT CRES |  | NORFOLK | VA | 23508: filed so x1,,pending,needs a reviewer
A0159,medium,63a7488636df,"OFFENHARTZ, ADAM",near-duplicate street spelling for same donor/location,10011,45 W 10TH ST | # 5FG || 45 W 10THY ST | # 5FG,spelling only,26,4012120261303038139;4011420251130090235;4011620261302592299;4092220251291772846;4060420241953434129;4112220231811442671;4060420241953434536;4112020241071382513;4060420241953434610;4060420241953434566;4082520251233304435;4072120251209629745;4112020241071382234;4112020241071383392;4032020251180458066;4020920241823943884;4112220231811442670;4030320251179410017;4032020251180458065;4060420241953434553;4072120251209629744;4072120251209629743;4011420251130090390;4122120231813093416;4102420231807009706;4030320251179410633,"45 W 10TH ST | # 5FG | NEW YORK | NY | 100118763 x17; 45 WEST 10TH STREET, APT. 5FG |  | NEW YORK | NY | 10011 x3; 45 WEST 10THY STREET, #5FG |  | NEW YORK | NY | 10011 x2; 45 W 10TH ST | APT 5FG | NEW YORK | NY | 100118763 x2; 45 WEST 10TH STREET, #5FG |  | NEW YORK | NY | 10011 x2",45 W 10TH ST | # 5FG | NEW YORK | NY | 10011 x24; 45 W 10THY ST | # 5FG | NEW YORK | NY | 10011 x2,,zips_normalize: zip_reduced_to_five_digits_or_invalid_nulled x19; streets_normalize: street_text_normalized_or_placeholder_nulled x14; streets_unify_units: unit_designator_unified_to_donor_dominant x5,same donor's filings (not proof): 45 W 10TH ST | # 5FG | NEW YORK | NY | 10011: filed so x24; 45 W 10THY ST | # 5FG | NEW YORK | NY | 10011: filed so x2,,pending,needs a reviewer
A0160,medium,0e9ef2d6d74b,"OPPENHEIMER, BRAD",near-duplicate street spelling for same donor/location,30342,5200 ROSWELL RD NE || 5200 ROSWELL RD,spelling only,2,4122120231813092753;4020920241823944127,5200 ROSWELL RD NE |  | ATLANTA | GA | 30342 x1; 5200 ROSWELL RD |  | ATLANTA | GA | 303421915 x1,5200 ROSWELL RD NE |  | ATLANTA | GA | 30342 x1; 5200 ROSWELL RD |  | ATLANTA | GA | 30342 x1,,zips_normalize: zip_reduced_to_five_digits_or_invalid_nulled x1,same donor's filings (not proof): 5200 ROSWELL RD NE |  | ATLANTA | GA | 30342: filed so x1; 5200 ROSWELL RD |  | ATLANTA | GA | 30342: filed so x1,,pending,needs a reviewer
A0161,medium,f801c8d64813,"POLLACK, STACY",near-duplicate street spelling for same donor/location,10013,416 WASHINGTON ST | PHD || 416 WASHINGTON ST PHD,spelling only,10,4011620261302587620;4112020241071381442;4112220231811442099;4080620251215493526;4032520241885654322;4102420231807010064;4080620251215493531;4052620261511336640;4052620261511334757;4082720261585274553,"416 WASHINGTON ST | PHD | NEW YORK | NY | 100132067 x9; 416 WASHINGTON ST, PHD |  | NEW YORK | NY | 10013 x1",416 WASHINGTON ST | PHD | NEW YORK | NY | 10013 x9; 416 WASHINGTON ST PHD |  | NEW YORK | NY | 10013 x1,,zips_normalize: zip_reduced_to_five_digits_or_invalid_nulled x9; streets_normalize: street_text_normalized_or_placeholder_nulled x1,same donor's filings (not proof): 416 WASHINGTON ST | PHD | NEW YORK | NY | 10013: filed so x12; 416 WASHINGTON ST PHD |  | NEW YORK | NY | 10013: filed so x1,,pending,needs a reviewer
A0162,medium,a8e4386ac9aa,"RACKOFF, WILLIAM",near-duplicate street spelling for same donor/location,33418,106 SAINT MARTIN DR || 106 ST MARTIN DR,spelling only,14,4011620261302587857;4072420241978926377;4030320251179409001;4082220242014749442;4092520231802907499;4062420241962022645;4032120231736711032;4020920241823943609;4030320251179409000;4030320251179408994;4062420241962022393;4052120241949844049;4020920241823943623;4080120261540164080,106 SAINT MARTIN DR |  | PALM BEACH GARDENS | FL | 334184627 x12; 106 ST MARTIN DRIVE |  | PALM BEACH GARDENS | FL | 33418 x2,106 SAINT MARTIN DR |  | PALM BEACH GARDENS | FL | 33418 x12; 106 ST MARTIN DR |  | PALM BEACH GARDENS | FL | 33418 x2,,zips_normalize: zip_reduced_to_five_digits_or_invalid_nulled x12; streets_normalize: street_text_normalized_or_placeholder_nulled x2,same donor's filings (not proof): 106 SAINT MARTIN DR |  | PALM BEACH GARDENS | FL | 33418: filed so x12; 106 ST MARTIN DR |  | PALM BEACH GARDENS | FL | 33418: filed so x2,,pending,needs a reviewer
A0163,medium,3b68565bbe68,"RADOW, LINDA",near-duplicate street spelling for same donor/location,30326,3560 LENOX RD NE | STE 2625 || 3560 LENOX RD | # 2625,spelling only,12,4122120231813092380;4102420231807054997;4122120231813092383;4112020241071383644;4122120231813092379;4122120231813092386;4122120231813092378;4122120231813092381;4092320242041365077;4122320221644863040;4122120231813092387;4112220231811442432,3560 LENOX RD NE | STE 2625 | ATLANTA | GA | 303264335 x10; 3560 LENOX RD #2625 |  | ATLANTA | GA | 30326 x1; 3560 LENOX RD NE | # 2625 | ATLANTA | GA | 303264266 x1,3560 LENOX RD NE | STE 2625 | ATLANTA | GA | 30326 x11; 3560 LENOX RD | # 2625 | ATLANTA | GA | 30326 x1,,zips_normalize: zip_reduced_to_five_digits_or_invalid_nulled x11; streets_normalize: street_text_normalized_or_placeholder_nulled x2; streets_unify_units: unit_designator_unified_to_donor_dominant x1,same donor's filings (not proof): 3560 LENOX RD NE | STE 2625 | ATLANTA | GA | 30326: filed so x11; 3560 LENOX RD | # 2625 | ATLANTA | GA | 30326: filed so x1,,pending,needs a reviewer
A0164,medium,f90a974e378c,"RADOW, NORMAN",near-duplicate street spelling for same donor/location,30339,400 GALLERIA PKWY SE | STE 1200 || 400 GALLERIA PKWY | # 1200,spelling only,7,4021120221406549864;4021220241824545555;4022320221424360768;4022320221424360635;4072420211322676291;4080220231759311356;4022620261359401364,400 GALLERIA PKWY SE | STE 1200 | ATLANTA | GA | 303395993 x4; 400 GALLERIA PKWY #1200 |  | ATLANTA | GA | 30339 x3,400 GALLERIA PKWY SE | STE 1200 | ATLANTA | GA | 30339 x4; 400 GALLERIA PKWY | # 1200 | ATLANTA | GA | 30339 x3,,streets_normalize: street_text_normalized_or_placeholder_nulled x6; zips_normalize: zip_reduced_to_five_digits_or_invalid_nulled x4,same donor's filings (not proof): 400 GALLERIA PKWY SE | STE 1200 | ATLANTA | GA | 30339: filed so x4; 400 GALLERIA PKWY | # 1200 | ATLANTA | GA | 30339: filed so x3,,pending,needs a reviewer
A0165,medium,bfb2ddfc1727,"RODBELL, JONATHAN",near-duplicate street spelling for same donor/location,30305,99 PEACHTREE BATTLE AVE NW || 99 PEACHTREE BATTLE AVE,spelling only,12,4122920221645232006;4072120251209628766;4030120241877881386;4030120241877880879;4011420231698186834;4121920221637777781;4082220242014749855;4060420241953436670;4032120231736710725;4030320251179409277;4102420231807054592;4031920261424759986,99 PEACHTREE BATTLE AVE NW |  | ATLANTA | GA | 303054109 x11; 99 PEACHTREE BATTLE AVE |  | ATLANTA | GA | 30305 x1,99 PEACHTREE BATTLE AVE NW |  | ATLANTA | GA | 30305 x11; 99 PEACHTREE BATTLE AVE |  | ATLANTA | GA | 30305 x1,,zips_normalize: zip_reduced_to_five_digits_or_invalid_nulled x11,same donor's filings (not proof): 99 PEACHTREE BATTLE AVE NW |  | ATLANTA | GA | 30305: filed so x11; 99 PEACHTREE BATTLE AVE |  | ATLANTA | GA | 30305: filed so x1,,pending,needs a reviewer
A0166,medium,7dbdfb5cdb99,"ROOSTH, KENNETH",near-duplicate street spelling for same donor/location,33418,105 VIZCAYA ESTATES DR || 105 VIZCAYA STATES DR,spelling only,19,4011620261302587325;4050520251188621740;4072120251209630068;4011420231698185973;4030320251179410043;4030320251179409633;4011420231698186641;4020920241823943902;4030120241877880505;4032020251180457284;4122920221645231429;4010420231645703595;4032520241885654129;4072420241978923369;4010320231645639520;4030120241877880508;4020920241823944631;4030420261386076027;4052620261511335904,105 VIZCAYA ESTATES DR |  | PALM BEACH GARDENS | FL | 334181734 x15; 105 VIZCAYA STATES DRIVE |  | PBG | FL | 33418 x2; 105 VIZCAYA ESTATES DR |  | OBG | FL | 33418 x2,105 VIZCAYA ESTATES DR |  | PALM BEACH GARDENS | FL | 33418 x17; 105 VIZCAYA STATES DR |  | PALM BEACH GARDENS | FL | 33418 x2,,zips_normalize: zip_reduced_to_five_digits_or_invalid_nulled x15; streets_normalize: street_text_normalized_or_placeholder_nulled x2; cities_normalize: city_alias_typo_or_punctuation_normalized x2; address_same_street_align: aligned_to_donor_dominant_at_same_street x2,same donor's filings (not proof): 105 VIZCAYA ESTATES DR |  | PALM BEACH GARDENS | FL | 33418: filed so x17; 105 VIZCAYA STATES DR |  | PALM BEACH GARDENS | FL | 33418: filed so x2,,pending,needs a reviewer
A0167,medium,8a79ae1584d4,"ROTHBERG, ROBERT",near-duplicate street spelling for same donor/location,30328,6415 LONG ISLAND DR NW || 6415 LONG ISLAND DR,spelling only,16,4011620261302591883;4072120251209628047;4092220251291772092;4092420251292198915;4082220242014750079;4072420241978922946;4062420241962023532;4050520251188621873;4020620251143653597;4112020241071382361;4030320251179411093;4011420251130091615;4032020251180457659;4092320242041366064;4072420241978924922;4031920261424759953,6415 LONG ISLAND DR NW |  | SANDY SPRINGS | GA | 303283042 x15; 6415 LONG ISLAND DRIVE |  | SANDY SPRINGS | GA | 303283042 x1,6415 LONG ISLAND DR NW |  | SANDY SPRINGS | GA | 30328 x15; 6415 LONG ISLAND DR |  | SANDY SPRINGS | GA | 30328 x1,,zips_normalize: zip_reduced_to_five_digits_or_invalid_nulled x16; streets_normalize: street_text_normalized_or_placeholder_nulled x1,same donor's filings (not proof): 6415 LONG ISLAND DR NW |  | SANDY SPRINGS | GA | 30328: filed so x15; 6415 LONG ISLAND DR |  | SANDY SPRINGS | GA | 30328: filed so x1,,pending,needs a reviewer
A0168,medium,2d8051c8620e,"SAPERSTEIN, JAN",near-duplicate street spelling for same donor/location,30342,19 CONIFER CIR NE || 19 CONIFER CIR,spelling only,20,4011620261302586693;4042820231745858051;4011620261302591309;4092220251291772612;4092420251292198121;4092520231802906655;4102420231807055318;4052120241949842359;4010420231645702552;4092320242041366839;4092520231802906647;4110120231808000249;4122120231813093620;4110120231808000262;4102420231807055323;4122920221645232191;4032320261425016616;4032320261425016006;4032320261425016005;4032320261425015430,19 CONIFER CIR NE |  | ATLANTA | GA | 303424303 x19; 19 CONIFER CIRCLE |  | ATLANTA | GA | 30342 x1,19 CONIFER CIR NE |  | ATLANTA | GA | 30342 x19; 19 CONIFER CIR |  | ATLANTA | GA | 30342 x1,,zips_normalize: zip_reduced_to_five_digits_or_invalid_nulled x19; streets_normalize: street_text_normalized_or_placeholder_nulled x1,same donor's filings (not proof): 19 CONIFER CIR NE |  | ATLANTA | GA | 30342: filed so x19; 19 CONIFER CIR |  | ATLANTA | GA | 30342: filed so x1,,pending,needs a reviewer
A0169,medium,15a7d84cb5aa,"SCHWARTZ, LEE",near-duplicate street spelling for same donor/location,77025,3626 TIMBERSIDE CIR DR || 3626 TIMBERSIDE CIR,spelling only,55,4011620261302587205;4122120231813093306;4011620261302587204;4011620261302591852;4092220251291772500;4072420241978924076;4060420241953434170;4122120231813093303;4060420241953434067;4020920241823944553;4060420241953434204;4122920221645231623;4122120231813093545;4112020241071382639;4122920221645231624;4060420241953434037;4011420231698185877;4062420241962024535;4011420251130091360;4011420231698185165;4112020241071381962;4060420241953436592;4122120231813093305;4122120231813093302;4020920241823944554;4112220231811443924;4030320251179410320;4112020241071383608;4123020221645490267;4011420231698186000;4052120241949842752;4112020241071383607;4032520241885654631;4032120231736710533;4122920221645231625;4052120241949841864;4082520251233304109;4062420241962025268;4030120241877880454;4062320251206917402;4030120241877880378;4032520241885654178;4122120231813093304;4092320242041365881;4030320251179411019;4080620251215492006;4082520251233304110;4060420241953434290;4030420261386076019;4030420261386076018;4030420261386076017;4030420261386075435;4080120261540163659;4082720261585275543;4082720261585275542,3626 TIMBERSIDE CIRCLE DR |  | HOUSTON | TX | 770253662 x48; 3626 TIMBERSIDE CIRCLE |  | HOUSTON | TX | 77025 x7,3626 TIMBERSIDE CIR DR |  | HOUSTON | TX | 77025 x48; 3626 TIMBERSIDE CIR |  | HOUSTON | TX | 77025 x7,,streets_normalize: street_text_normalized_or_placeholder_nulled x55; zips_normalize: zip_reduced_to_five_digits_or_invalid_nulled x48,same donor's filings (not proof): 3626 TIMBERSIDE CIR DR |  | HOUSTON | TX | 77025: filed so x48; 3626 TIMBERSIDE CIR |  | HOUSTON | TX | 77025: filed so x7,,pending,needs a reviewer
A0170,medium,4228779b5363,"SHAPIRO, JACOB",near-duplicate street spelling for same donor/location,33470,19744 TREE STAND TER || 19744 TREESSTAND TER,spelling only,14,4011620261302587034;4031920261424758914;4032120231736710507;4072120251209628281;4032020251180457334;4020920241823944291;4030120241877880342;4072420241978922815;4050520251188621751;4032520241885654092;4060420241953433782;4032320261425015530;4052620261511336055;4070720261523712239,19744 TREE STAND TER |  | LOXAHATCHEE | FL | 334706082 x12; 19744 TREESSTAND TERRACE |  | LOXAHACHEE | FL | 33470 x2,19744 TREE STAND TER |  | LOXAHATCHEE | FL | 33470 x12; 19744 TREESSTAND TER |  | LOXAHATCHEE | FL | 33470 x2,,zips_normalize: zip_reduced_to_five_digits_or_invalid_nulled x12; streets_normalize: street_text_normalized_or_placeholder_nulled x2; cities_normalize: city_alias_typo_or_punctuation_normalized x2,same donor's filings (not proof): 19744 TREE STAND TER |  | LOXAHATCHEE | FL | 33470: filed so x12; 19744 TREESSTAND TER |  | LOXAHATCHEE | FL | 33470: filed so x2,,pending,needs a reviewer
A0171,medium,9fda75eacf04,"SHEKHMAN, EVELINE",near-duplicate street spelling for same donor/location,06032,12 PEMBROKE HL || 12 PEMBROKE HILL,spelling only,63,4012120261303040272;4072420241978923425;4011620261302587556;4011620261302587174;4011620261302586575;4011620261302592104;4011620261302591024;4092220251291772671;4010320231645639600;4072420241978929178;4122920221645236517;4020920241823945123;4062420241962022932;4011420231698184197;4122920221645226518;4010420231645703291;4082220242014751632;4062420241962026300;4092320242041364859;4082220242014750306;4082520251233304368;4011320231697775773;4032520241885656496;4060420241953437842;4030120241877881350;4122920221645232470;4072420241978926820;4082520251233304104;4062420241962022543;4052120241949844539;4122920221645235842;4082220242014750570;4112020241071382372;4062320251206918048;4122120231813094940;4112020241071384335;4011420231698185066;4052120241949841906;4062420241962022933;4123020221645490927;4011420231698185593;4082220242014748507;4092320242041367643;4010420231645703360;4080620251215492947;4042820231745858031;4011420231698184781;4021920231732395398;4011420251130091323;4030420261386075977;4031920261424759483;4032320261425015884;4052620261511336744;4052620261511336184;4052620261511335109;4061720261521510847;4061720261521510220;4070720261523713632;4070720261523713631;4070720261523713275;4070720261523711829;4080120261540165334;4082720261585274410,12 PEMBROKE HL |  | FARMINGTON | CT | 060321461 x56; 12 PEMBROKE HILL |  | FARMINGTON | CT | 06032 x7,12 PEMBROKE HL |  | FARMINGTON | CT | 06032 x56; 12 PEMBROKE HILL |  | FARMINGTON | CT | 06032 x7,,zips_normalize: zip_reduced_to_five_digits_or_invalid_nulled x56,same donor's filings (not proof): 12 PEMBROKE HL |  | FARMINGTON | CT | 06032: filed so x56; 12 PEMBROKE HILL |  | FARMINGTON | CT | 06032: filed so x7,,pending,needs a reviewer
A0172,medium,be97009331c1,"SHER, ROBERT",near-duplicate street spelling for same donor/location,48323,3208 BLOOMFIELD SHORE DR W || 3208 BLOOMFIELD SHORE DR,spelling only,2,4052520221493485207;4122320221644863799,"3208 BLOOMFIELD SHORE DRIVE, WEST |  | WEST BLOOMFIELD | MI | 48323 x1; 3208 BLOOMFIELD SHORE DR |  | WEST BLOOMFIELD | MI | 483233300 x1",3208 BLOOMFIELD SHORE DR W |  | WEST BLOOMFIELD | MI | 48323 x1; 3208 BLOOMFIELD SHORE DR |  | WEST BLOOMFIELD | MI | 48323 x1,,streets_normalize: street_text_normalized_or_placeholder_nulled x1; zips_normalize: zip_reduced_to_five_digits_or_invalid_nulled x1,same donor's filings (not proof): 3208 BLOOMFIELD SHORE DR W |  | WEST BLOOMFIELD | MI | 48323: filed so x1; 3208 BLOOMFIELD SHORE DR |  | WEST BLOOMFIELD | MI | 48323: filed so x1,,pending,needs a reviewer
A0173,medium,1203cda548dc,"SHERMAN, DAVID",near-duplicate street spelling for same donor/location,33410,13241 BURGUNDY DR S || 13241 BERGUNDY DR S,spelling only,19,4012120261303039604;4072120251209629909;4092420251292198308;4072120251209629935;4072120251209629642;4050520251188622032;4112020241071383733;4060420241953433528;4081420251217995540;4021220241824545606;4022620261359401440;4022620261359401439;4022620261359401438;4022620261359401437;4031920261424759796;4070720261523711643;4080120261540164519;4080120261540162700;4082720261585275068,13241 BURGUNDY DR S |  | PALM BEACH GARDENS | FL | 334101489 x9; 13241 BURGUNDY DR S |  | PALM BEACH GARDENS | FL | 33410 x6; 13241 BERGUNDY DR S |  | PALM BEACH GARDENS | FL | 33410 x4,13241 BURGUNDY DR S |  | PALM BEACH GARDENS | FL | 33410 x15; 13241 BERGUNDY DR S |  | PALM BEACH GARDENS | FL | 33410 x4,,zips_normalize: zip_reduced_to_five_digits_or_invalid_nulled x9,same donor's filings (not proof): 13241 BURGUNDY DR S |  | PALM BEACH GARDENS | FL | 33410: filed so x15; 13241 BERGUNDY DR S |  | PALM BEACH GARDENS | FL | 33410: filed so x4,,pending,needs a reviewer
A0174,medium,6953c3a38ac9,"SHERMAN, JANE",near-duplicate street spelling for same donor/location,48302,4770 S CHIPPING GLN || 4770 S CHIPPING GLEN,spelling only,6,4072420211322676311;4092320221576718325;4092420242041486646;4082320221565947207;4072520221548212924;4052320221492927966,4770 SO. CHIPPING GLEN |  | BLOOMFIELD HILLS | MI | 483022304 x4; 4770 S CHIPPING GLN |  | BLOOMFIELD HILLS | MI | 483022304 x1; 4770 S CHIPPING GLN |  | BLOOMFIELD HILLS | MI | 48302 x1,4770 S CHIPPING GLEN |  | BLOOMFIELD HILLS | MI | 48302 x4; 4770 S CHIPPING GLN |  | BLOOMFIELD HILLS | MI | 48302 x2,,zips_normalize: zip_reduced_to_five_digits_or_invalid_nulled x5; streets_normalize: street_text_normalized_or_placeholder_nulled x4,same donor's filings (not proof): 4770 S CHIPPING GLN |  | BLOOMFIELD HILLS | MI | 48302: filed so x2; 4770 S CHIPPING GLEN |  | BLOOMFIELD HILLS | MI | 48302: filed so x4,,pending,needs a reviewer
A0175,medium,99f355fbfd2e,"SILVERS, NORMAN",near-duplicate street spelling for same donor/location,33418,140 VIA VERDE WAY || 140 VIA VERDI WAY,spelling only,26,4011620261302587306;4030320251179409629;4011620261302586743;4011620261302586742;4011620261302586740;4011620261302586737;4011620261302586735;4011620261302586728;4011620261302586724;4011620261302591303;4050520251188621735;4020920241823943881;4032020251180457535;4072420241978922966;4080620251215493395;4032520241885654111;4072120251209628343;4052120241949843874;4030120241877880431;4123020221645490311;4030420261386076202;4031920261424758871;4032320261425015559;4052620261511336091;4061720261521511385;4070720261523712161,140 VIA VERDE WAY |  | PALM BEACH GARDENS | FL | 334186205 x25; 140 VIA VERDI WAY |  | PBG | FL | 33418 x1,140 VIA VERDE WAY |  | PALM BEACH GARDENS | FL | 33418 x25; 140 VIA VERDI WAY |  | PALM BEACH GARDENS | FL | 33418 x1,,zips_normalize: zip_reduced_to_five_digits_or_invalid_nulled x25; cities_normalize: city_alias_typo_or_punctuation_normalized x1,same donor's filings (not proof): 140 VIA VERDE WAY |  | PALM BEACH GARDENS | FL | 33418: filed so x25; 140 VIA VERDI WAY |  | PALM BEACH GARDENS | FL | 33418: filed so x1,,pending,needs a reviewer
A0176,medium,7f138137a56a,"SPERLING, MICHAEL",near-duplicate street spelling for same donor/location,02116,10 SAINT JAMES AVE || 10 ST JAMES AVE,spelling only,26,4012120261303039232;4031920261424759546;4011620261302586372;4011620261302591164;4092220251291773137;4092420251292199051;4010420231645703846;4110720231809900526;4072120251209628434;4082220242014749720;4112220231811445248;4102420231807054583;4112020241071383344;4112220231811445249;4052120241949842541;4030320251179409377;4121920221637777816;4032520241885654501;4102420231807009620;4110120231808000474;4011420251130090199;4062420241962023997;4052620261511335199;4061720261521509824;4070720261523713805;4070720261523712662,10 SAINT JAMES AVE |  | BOSTON | MA | 021163813 x24; 10 ST JAMES AVE |  | BOSTON | MA | 02116 x1; 10 SAINT JAMES AVE |  | BOSTON | MA | 021163803 x1,10 SAINT JAMES AVE |  | BOSTON | MA | 02116 x25; 10 ST JAMES AVE |  | BOSTON | MA | 02116 x1,,zips_normalize: zip_reduced_to_five_digits_or_invalid_nulled x25,same donor's filings (not proof): 10 SAINT JAMES AVE |  | BOSTON | MA | 02116: filed so x25; 10 ST JAMES AVE |  | BOSTON | MA | 02116: filed so x1,,pending,needs a reviewer
A0177,medium,d9fc7df7c365,"SPIEGEL, MARC",near-duplicate street spelling for same donor/location,92663,26 BALBOA COVES || 26 BALBOA CVS,spelling only,20,4092220251291772248;4060420241953434247;4110120231808000492;4122320221644864241;4072120251209630225;4060420241953434102;4052120241949842711;4010420231645703351;4122920221645231947;4112220231811444238;4060420241953434238;4060420241953434611;4052120241949841492;4110120231808000339;4082520251233303873;4060420241953434280;4122920221645235192;4061720261521510430;4061720261521510429;4080120261540163498,26 BALBOA CVS |  | NEWPORT BEACH | CA | 926633226 x17; 26 BALBOA COVES |  | NEWPORT BEACH | CA | 92663 x3,26 BALBOA CVS |  | NEWPORT BEACH | CA | 92663 x17; 26 BALBOA COVES |  | NEWPORT BEACH | CA | 92663 x3,,zips_normalize: zip_reduced_to_five_digits_or_invalid_nulled x17,same donor's filings (not proof): 26 BALBOA COVES |  | NEWPORT BEACH | CA | 92663: filed so x3; 26 BALBOA CVS |  | NEWPORT BEACH | CA | 92663: filed so x17,,pending,needs a reviewer
A0178,medium,c16a2f469c96,"STERLING, DAVID",near-duplicate street spelling for same donor/location,11753,33 WINDSOR DR || 33 WINDOSR DR,spelling only,112,4012120261303040460;4082520251233303732;4011620261302588284;4011620261302592277;4011620261302591423;4011620261302591422;4092220251291773089;4092220251291772429;4092420251292198150;4072120251209630221;4080620251215493020;4052520221493485028;4042820231745857899;4021920231732395477;4102420231807010168;4010320231645639018;4122920221645232432;4020920241823944892;4011420231698185990;4060420241953434685;4062420241962024735;4102420231807054556;4122920221645235889;4060420241953434510;4102420231807009155;4052120241949841494;4123020221645490098;4020920241823944891;4123020221645491027;4020920241823944888;4020920241823944885;4102420231807010298;4021120221406549784;4020920241823944890;4020920241823944545;4011420231698185991;4060420241953434064;4030120241877880007;4062420241962025197;4011420231698185992;4122320221644864188;4020920241823944884;4092320242041365037;4060420241953437063;4123020221645490685;4122920221645232418;4032020251180457963;4060420241953434616;4010320231645639021;4072420241978925451;4032520241885654308;4032020251180457273;4020920241823944889;4092520231802906404;4121920221637778184;4082220242014749367;4112220231811442200;4102420231807010297;4110720231809900734;4060420241953434142;4052120241949843533;4123020221645491028;4121920221637777826;4062320251206917206;4060420241953434861;4011320231697776022;4010320231645638560;4010320231645638561;4060420241953434605;4112020241071382632;4123020221645490971;4011420231698186601;4060420241953434568;4122320221644863770;4052520221493485149;4123020221645490184;4052120241949842427;4123020221645490970;4020920241823944887;4072420241978923070;4042820231745857609;4010320231645639023;4060420241953434459;4060420241953434639;4032520241885654764;4122920221645231791;4122320221644864316;4112020241071382631;4112220231811444169;4010320231645639017;4010320231645639019;4010320231645639020;4020920241823944886;4112020241071381222;4060420241953434256;4072420211322676316;4082920201831178464;4021220241824545632;4080220231759311387;4051220221476495077;4022620261359401471;4030420261386076241;4032320261425015778;4052620261511336029;4052620261511334687;4061720261521510138;4070720261523714510;4070720261523712501;4070720261523711757;4080120261540162454;4082720261585275961;4082720261585274740,33 WINDSOR DR |  | JERICHO | NY | 117531327 x103; 33 WINDSOR DRIVE |  | MUTTONTOWN | NY | 11753 x4; 33 WINDSOR DRIVE |  | JERICHO | NY | 11753 x2; 33 WINDSOR DRIVE |  | JERICHO | NY | 117531327 x2; 33 WINDOSR DRIVE |  | JERICHO | NY | 11753 x1,33 WINDSOR DR |  | JERICHO | NY | 11753 x111; 33 WINDOSR DR |  | JERICHO | NY | 11753 x1,,zips_normalize: zip_reduced_to_five_digits_or_invalid_nulled x105; streets_normalize: street_text_normalized_or_placeholder_nulled x9; address_same_street_align: aligned_to_donor_dominant_at_same_street x4,same donor's filings (not proof): 33 WINDSOR DR |  | JERICHO | NY | 11753: filed so x111; 33 WINDOSR DR |  | JERICHO | NY | 11753: filed so x1,,pending,needs a reviewer
A0179,medium,f27330fd5887,"TAMAROFF, JEFF",near-duplicate street spelling for same donor/location,48302,4779 OVERTON CV || 4779 OVERTON,spelling only,8,4011620261302588039;4052520221493485201;4011420231698185637;4122920221645231500;4052620261511336358;4061720261521510386;4070720261523711495;4080120261540164435,4779 OVERTON CV |  | BLOOMFIELD HILLS | MI | 483022348 x7; 4779 OVERTON |  | BLOOMFIELD HILLS | MI | 48302 x1,4779 OVERTON CV |  | BLOOMFIELD HILLS | MI | 48302 x7; 4779 OVERTON |  | BLOOMFIELD HILLS | MI | 48302 x1,,zips_normalize: zip_reduced_to_five_digits_or_invalid_nulled x7,same donor's filings (not proof): 4779 OVERTON CV |  | BLOOMFIELD HILLS | MI | 48302: filed so x7; 4779 OVERTON |  | BLOOMFIELD HILLS | MI | 48302: filed so x1,,pending,needs a reviewer
A0180,medium,3abf8ea7d412,"TORANTO, ANTHONY",near-duplicate street spelling for same donor/location,92127,8074 DOUG HILL || 8074 DOUG HL,spelling only,25,4012120261303039097;4092520231802906810;4011620261302588311;4092220251291771930;4072420241978925809;4032520241885655468;4020920241823943820;4072120251209630234;4082220242014751746;4042820231745857803;4102420231807009676;4122920221645228138;4122320221644864587;4060420241953437723;4030320251179410764;4030320251179410765;4123020221645490680;4082220242014749532;4072120251209630233;4030320251179410763;4052620261511335650;4052620261511334808;4070720261523711893;4080120261540163824;4080120261540163823,8074 DOUG HL |  | SAN DIEGO | CA | 921272564 x18; 8074 DOUG HILL |  | SAN DIEGO | CA | 92127 x7,8074 DOUG HL |  | SAN DIEGO | CA | 92127 x18; 8074 DOUG HILL |  | SAN DIEGO | CA | 92127 x7,,zips_normalize: zip_reduced_to_five_digits_or_invalid_nulled x18,same donor's filings (not proof): 8074 DOUG HILL |  | SAN DIEGO | CA | 92127: filed so x7; 8074 DOUG HL |  | SAN DIEGO | CA | 92127: filed so x18,,pending,needs a reviewer
A0181,medium,fb060d45df0a,"VOGEL, JAMES",near-duplicate street spelling for same donor/location,33418,132 VIA PARADISIO || 132 VIA PARADISO,spelling only,9,4012120261303039599;4072120251209629653;4092420251292198324;4072120251209629817;4050520251188622033;4060420241953436173;4031920261424759769;4070720261523711644;4080120261540162791,132 VIA PARADISIO |  | PALM BEACH GARDENS | FL | 334186204 x6; 132 VIA PARADISO |  | PALM BEACH GARDENS | FL | 33418 x3,132 VIA PARADISIO |  | PALM BEACH GARDENS | FL | 33418 x6; 132 VIA PARADISO |  | PALM BEACH GARDENS | FL | 33418 x3,,zips_normalize: zip_reduced_to_five_digits_or_invalid_nulled x6,same donor's filings (not proof): 132 VIA PARADISIO |  | PALM BEACH GARDENS | FL | 33418: filed so x6; 132 VIA PARADISO |  | PALM BEACH GARDENS | FL | 33418: filed so x3,,pending,needs a reviewer
A0182,medium,d6e5349eab5c,"WEINTRAUB, MICHAEL",near-duplicate street spelling for same donor/location,91302,25590 PRANO DE ORO || 25590 PRADO DE ORO,spelling only,14,4012120261303039086;4011420251130091224;4011620261302587098;4092220251291772791;4082220242014749450;4030320251179410393;4062320251206918328;4011420251130090079;4112220231811443974;4092520231802906501;4030120241877880748;4011420251130091225;4092520231802906502;4082720261585276116,25590 PRADO DE ORO |  | CALABASAS | CA | 913023676 x11; 25590 PRANO DE ORO. |  | CALABASAS | CA | 91302 x3,25590 PRADO DE ORO |  | CALABASAS | CA | 91302 x11; 25590 PRANO DE ORO |  | CALABASAS | CA | 91302 x3,,zips_normalize: zip_reduced_to_five_digits_or_invalid_nulled x11; streets_normalize: street_text_normalized_or_placeholder_nulled x3,same donor's filings (not proof): 25590 PRANO DE ORO |  | CALABASAS | CA | 91302: filed so x3; 25590 PRADO DE ORO |  | CALABASAS | CA | 91302: filed so x11,,pending,needs a reviewer
A0183,medium,27252168e309,"WELINSKY, HOWARD",near-duplicate street spelling for same donor/location,91602,10525 BLOOMFIELD ST || 10525 BLLOMFIELD ST,spelling only,374,4012120261303039069;4112020241071381701;4012120261303039063;4011620261302588764;4011620261302588763;4011620261302588762;4011620261302588761;4011620261302588760;4011620261302588759;4011620261302588758;4011620261302588757;4011620261302588756;4011620261302588755;4011620261302588754;4011620261302588753;4011620261302588752;4011620261302588751;4011620261302588750;4011620261302588749;4011620261302588748;4011620261302588747;4011620261302588746;4011620261302588745;4011620261302588744;4011620261302588743;4011620261302588742;4011620261302588741;4011620261302588740;4011620261302588739;4011620261302588738;4011620261302588737;4011620261302588736;4011620261302588735;4011620261302588734;4011620261302588733;4011620261302588732;4011620261302588731;4011620261302588730;4011620261302588729;4011620261302588728;4011620261302588727;4011620261302588726;4011620261302588725;4011620261302588724;4011620261302588723;4011620261302588722;4011620261302588721;4011620261302588720;4011620261302588719;4011620261302588718;4011620261302588717;4011620261302588716;4011620261302588715;4011620261302588714;4011620261302588713;4011620261302588712;4011620261302588711;4011620261302588710;4011620261302588709;4011620261302588708;4011620261302588707;4011620261302588706;4011620261302588705;4011620261302588704;4011620261302588703;4011620261302588702;4011620261302588701;4011620261302588700;4011620261302588699;4011620261302588698;4011620261302588697;4011620261302588696;4011620261302588695;4011620261302588694;4011620261302588693;4011620261302588692;4011620261302588691;4011620261302588690;4011620261302588686;4011620261302588685;4011620261302588684;4011620261302588683;4011620261302588682;4011620261302588681;4011620261302588680;4011620261302588679;4011620261302588678;4011620261302588677;4011620261302588676;4011620261302588675;4011620261302588674;4011620261302588673;4011620261302588672;4011620261302588671;4011620261302588670;4011620261302588669;4011620261302588668;4011620261302588667;4011620261302588666;4011620261302588665;4011620261302588664;4011620261302588663;4011620261302588662;4011620261302588661;4011620261302588660;4011620261302588659;4011620261302588658;4011620261302588657;4011620261302588656;4011620261302588655;4011620261302588654;4011620261302588653;4011620261302588652;4011620261302588651;4011620261302588650;4011620261302588649;4011620261302588647;4011620261302588646;4011620261302588645;4011620261302588644;4011620261302588643;4011620261302588642;4011620261302588641;4011620261302588640;4011620261302588639;4011620261302588638;4011620261302588637;4011620261302588636;4011620261302588635;4011620261302588634;4011620261302588633;4011620261302588632;4011620261302588630;4011620261302588629;4011620261302588628;4011620261302588627;4011620261302588626;4011620261302588625;4011620261302588624;4011620261302588623;4011620261302588622;4011620261302588621;4011620261302588620;4011620261302588619;4011620261302588618;4011620261302588617;4011620261302588616;4011620261302588615;4011620261302588614;4011620261302588613;4011620261302588612;4011620261302588611;4011620261302588610;4011620261302588609;4011620261302588608;4011620261302588607;4011620261302588606;4011620261302588605;4011620261302588604;4011620261302588603;4011620261302588602;4011620261302588601;4011620261302588600;4011620261302588599;4011620261302588598;4011620261302588597;4011620261302588596;4011620261302588595;4011620261302588594;4011620261302588593;4011620261302588592;4011620261302588591;4011620261302588590;4011620261302588589;4011620261302588588;4011620261302588587;4011620261302588586;4011620261302588585;4011620261302588584;4011620261302588583;4011620261302588582;4011620261302588581;4011620261302588580;4011620261302588579;4011620261302588576;4011620261302588575;4011620261302588574;4011620261302588573;4011620261302588572;4011620261302588571;4011620261302588570;4011620261302588569;4011620261302588568;4011620261302588567;4011620261302588566;4011620261302588565;4011620261302588564;4011620261302588563;4011620261302588562;4011620261302588561;4011620261302588560;4011620261302588559;4011620261302588558;4011620261302588557;4011620261302588556;4011620261302588555;4011620261302588554;4011620261302588553;4011620261302588552;4011620261302588551;4011620261302588550;4011620261302588549;4011620261302588548;4011620261302588547;4011620261302588546;4011620261302588545;4011620261302588544;4011620261302588543;4011620261302588542;4011620261302588541;4011620261302588540;4011620261302588539;4011620261302588538;4011620261302588537;4011620261302588536;4011620261302588535;4011620261302588534;4011620261302588533;4011620261302588532;4011620261302588531;4011620261302588530;4011620261302588529;4011620261302588528;4011620261302588527;4011620261302588526;4011620261302588525;4011620261302588524;4011620261302588523;4011620261302588522;4011620261302588521;4011620261302588520;4011620261302588519;4011620261302588518;4011620261302588517;4011620261302588516;4011620261302588515;4011620261302588514;4011620261302588513;4011620261302588512;4011620261302588511;4011620261302588510;4011620261302588509;4011620261302588508;4011620261302588507;4011620261302588506;4011620261302588504;4011620261302588503;4011620261302588502;4011620261302588501;4011620261302588500;4011620261302588499;4011620261302588498;4011620261302588497;4011620261302588496;4011620261302588495;4011620261302588494;4011620261302588493;4011620261302588492;4011620261302588491;4011620261302588490;4011620261302588489;4011620261302588488;4011620261302588487;4011620261302588486;4011620261302588485;4011620261302588484;4011620261302588483;4011620261302588482;4011620261302588481;4011620261302588480;4011620261302588479;4011620261302588478;4011620261302588477;4011620261302588476;4011620261302588475;4011620261302588474;4011620261302588473;4011620261302588472;4011620261302588471;4011620261302588470;4011620261302588469;4011620261302588468;4011620261302588467;4011620261302588466;4011620261302588465;4011620261302588464;4011620261302588463;4011620261302588462;4011620261302588461;4011620261302587921;4011620261302587159;4011620261302586880;4011620261302591669;4011620261302591543;4092220251291771911;4092420251292198689;4092420251292198437;4122920221645226338;4072120251209630095;4072420241978926170;4122120231813092831;4032520241885654436;4092320242041364755;4060420241953435581;4122320221644864770;4021920231732395567;4060420241953433683;4080620251215493086;4092320242041366214;4050520251188621995;4072420241978925518;4122920221645226717;4110720231809900665;4122920221645231687;4030320251179410942;4092520231802906792;4062320251206917944;4082220242014751318;4072420241978924124;4032520241885653937;4112220231811442182;4110120231808000996;4092520231802906899;4110120231808001311;4011420231698185060;4080620251215492294;4072120251209630093;4072120251209630080;4112020241071383132;4112020241071384250;4020620251143653613;4030120241877880744;4032520241885654463;4082120231799935231;4072420241978924853;4020920241823944658;4011420231698186242;4052120241949844439;4060420241953437747;4122120231813093638;4112220231811445129;4042820231745858297;4112220231811442193;4042820231745858351;4112020241071381530;4052120241949843613;4030320251179409472;4110720231809900936;4042820231745857978;4092320242041364439;4050520251188622002;4102420231807009562;4072120251209630227;4122920221645232000;4112020241071381678;4072420211322676329;4072420211322676210;4030420261386076267;4031920261424760019;4031920261424758649;4070720261523712408;4080120261540165395;4080120261540165037;4080120261540162528,10525 BLOOMFIELD ST |  | TOLUCA LAKE | CA | 916022812 x367; 10525 BLLOMFIELD ST |  | TOLUCA LAKE | CA | 91602 x5; 10525 BLOOMFIELD ST |  | TOLUCA LAKE | CA | 91602 x2,10525 BLOOMFIELD ST |  | TOLUCA LAKE | CA | 91602 x369; 10525 BLLOMFIELD ST |  | TOLUCA LAKE | CA | 91602 x5,,zips_normalize: zip_reduced_to_five_digits_or_invalid_nulled x367,same donor's filings (not proof): 10525 BLOOMFIELD ST |  | TOLUCA LAKE | CA | 91602: filed so x369; 10525 BLLOMFIELD ST |  | TOLUCA LAKE | CA | 91602: filed so x5,,pending,needs a reviewer
A0184,medium,3f35a7ebb04c,"WINDERS, TED",near-duplicate street spelling for same donor/location,43054,4045 CHELSEA GREEN W || 4045 CHELSEA GRN W,spelling only,3,4092220251291772476;4060420241953436641;4030420261386075109,4045 CHELSEA GRN W |  | NEW ALBANY | OH | 430546027 x2; 4045 CHELSEA GREEN W |  | NEW ALBANY | OH | 43054 x1,4045 CHELSEA GRN W |  | NEW ALBANY | OH | 43054 x2; 4045 CHELSEA GREEN W |  | NEW ALBANY | OH | 43054 x1,,zips_normalize: zip_reduced_to_five_digits_or_invalid_nulled x2,same donor's filings (not proof): 4045 CHELSEA GREEN W |  | NEW ALBANY | OH | 43054: filed so x1; 4045 CHELSEA GRN W |  | NEW ALBANY | OH | 43054: filed so x2,,pending,needs a reviewer
A0185,low,3e52511ce0de,"ABLIN, JASON",near-duplicate street spelling for same donor/location,90035,8832 PICKFORD STR || 8832 PICKFORD ST,formatting only,10,4011620261302587380;4052120241949841631;4092220251291771730;4030320251179408827;4060420241953433783;4032520241885656474;4080620251215492858;4072120251209629244;4062420241962024042;4031920261424759917,8832 PICKFORD ST |  | LOS ANGELES | CA | 900354211 x7; 8832 PICKFORD STR |  | LOS ANGELES | CA | 90035 x3,8832 PICKFORD ST |  | LOS ANGELES | CA | 90035 x7; 8832 PICKFORD STR |  | LOS ANGELES | CA | 90035 x3,,zips_normalize: zip_reduced_to_five_digits_or_invalid_nulled x7,same donor's filings (not proof): 8832 PICKFORD STR |  | LOS ANGELES | CA | 90035: filed so x10; 8832 PICKFORD ST |  | LOS ANGELES | CA | 90035: filed so x10,,pending,needs a reviewer
A0186,low,155195841334,"ALBERS, JAMIE",near-duplicate street spelling for same donor/location,90069,9024 CYNTHIA ST PH1 || 9024 CYNTHIA ST | PH 1,formatting only,5,4092220251291772561;4062420241962025674;4092420251292198745;4031920261424758753;4032320261425014769,9024 CYNTHIA ST | PH 1 | WEST HOLLYWOOD | CA | 900694862 x3; 9024 CYNTHIA STREET PH1 |  | WEST HOLLYWOOD | CA | 90069 x2,9024 CYNTHIA ST | PH 1 | WEST HOLLYWOOD | CA | 90069 x3; 9024 CYNTHIA ST PH1 |  | WEST HOLLYWOOD | CA | 90069 x2,,zips_normalize: zip_reduced_to_five_digits_or_invalid_nulled x3; streets_normalize: street_text_normalized_or_placeholder_nulled x2,same donor's filings (not proof): 9024 CYNTHIA ST PH1 |  | WEST HOLLYWOOD | CA | 90069: filed so x5; 9024 CYNTHIA ST | PH 1 | WEST HOLLYWOOD | CA | 90069: filed so x5,,pending,needs a reviewer
A0187,low,7153e71b15af,"BECKER, MICHAEL",near-duplicate street spelling for same donor/location,10003,53 E 10TH ST | APT 5 || 53 E 10 ST | APT 5,formatting only,16,4112020241071381214;4072420241978927674;4112020241071381216;4062320251206917009;4112020241071381212;4082220242014749407;4052120241949841888;4052120241949841907;4112020241071381207;4082220242014749753;4072120251209628035;4060420241953435944;4072420241978922596;4060420241953436379;4072120251209630053;4112020241071382166,"53 E 10TH ST | APT 5 | NEW YORK | NY | 100036155 x14; 53 E 10 ST, APT 5 |  | NEW YORK | NY | 10003 x2",53 E 10TH ST | APT 5 | NEW YORK | NY | 10003 x14; 53 E 10 ST | APT 5 | NEW YORK | NY | 10003 x2,,zips_normalize: zip_reduced_to_five_digits_or_invalid_nulled x14; streets_normalize: street_text_normalized_or_placeholder_nulled x4,same donor's filings (not proof): 53 E 10TH ST | APT 5 | NEW YORK | NY | 10003: filed so x16; 53 E 10 ST | APT 5 | NEW YORK | NY | 10003: filed so x16,,pending,needs a reviewer
A0188,low,1d36c491ed98,"BERGER, CHASE",near-duplicate street spelling for same donor/location,33154,1280 101ST ST || 1280 101 ST,formatting only,10,4011620261302587018;4062320251206917183;4030420261386075487;4031920261424759549;4031920261424759019;4032320261425016468;4032320261425014875;4052620261511335494;4070720261523713798;4070720261523712372,1280 101ST ST |  | BAY HARBOR ISLANDS | FL | 331541110 x8; 1280 101 STREET |  | BAY HARBOR ISLANDS | FL | 33154 x2,1280 101ST ST |  | BAY HARBOR ISLANDS | FL | 33154 x8; 1280 101 ST |  | BAY HARBOR ISLANDS | FL | 33154 x2,,zips_normalize: zip_reduced_to_five_digits_or_invalid_nulled x8; streets_normalize: street_text_normalized_or_placeholder_nulled x2,same donor's filings (not proof): 1280 101ST ST |  | BAY HARBOR ISLANDS | FL | 33154: filed so x10; 1280 101 ST |  | BAY HARBOR ISLANDS | FL | 33154: filed so x10,,pending,needs a reviewer
A0189,low,caee4a8755e6,"BERKOWITZ, ADAM",near-duplicate street spelling for same donor/location,90067,2049 CENTURY PARK E | STE 1400 || 2049 CENTURY PARK EAST | STE 1400,formatting only,26,4011620261302592158;4050520251188621969;4080620251215492871;4072120251209629053;4112220231811444420;4021920231732395311;4021920231732395312;4080620251215492231;4062420241962022350;4082220242014751497;4060420241953435807;4112020241071381202;4112020241071381203;4110120231808001014;4082520251233304175;4032520241885654203;4062420241962022351;4082520251233304176;4072420241978926070;4112020241071381204;4062420241962022352;4082220242014750752;4031920261424759620;4031920261424759619;4052620261511334769;4070720261523711752,"2049 CENTURY PARK E | STE 1400 | LOS ANGELES | CA | 900673116 x23; 2049 CENTURY PARK E STE 1400 |  | LOS ANGELES | CA | 90067 x2; 2049 CENTURY PARK EAST, SUITE 1400 |  | LOS ANGELES | CA | 90067 x1",2049 CENTURY PARK E | STE 1400 | LOS ANGELES | CA | 90067 x25; 2049 CENTURY PARK EAST | STE 1400 | LOS ANGELES | CA | 90067 x1,,zips_normalize: zip_reduced_to_five_digits_or_invalid_nulled x23; streets_normalize: street_text_normalized_or_placeholder_nulled x6,same donor's filings (not proof): 2049 CENTURY PARK E | STE 1400 | LOS ANGELES | CA | 90067: filed so x26; 2049 CENTURY PARK EAST | STE 1400 | LOS ANGELES | CA | 90067: filed so x26,,pending,needs a reviewer
A0190,low,be3c96e53e24,"BERMAN, GARY",near-duplicate street spelling for same donor/location,20852,5410 EDSON LN | STE 220 || 5410 EDSON LA | STE 220,formatting only,33,4012120261303039124;4042420261482841913;4122920221645232872;4122120231813093781;4122120231813093788;4011420231698186912;4122120231813093790;4122920221645232111;4112020241071381472;4011420231698184923;4122120231813093783;4122120231813093784;4122120231813093782;4021920231732395606;4122120231813093789;4010420231645703242;4032120231736711046;4082120231799935269;4010320231645638123;4092320242041364590;4122920221645234903;4032520241885655581;4072420241978926714;4122120231813093786;4010320231645638124;4122120231813093785;4122120231813093787;4122920221645234902;4060720241960334769;4111020201893514256;4111020201893514189;4082920201831178325;4041620201737156464,"5410 EDSON LN | STE 220 | ROCKVILLE | MD | 208523195 x30; 5410 EDSON LANE, SUITE 220 |  | ROCKVILLE | MD | 20852 x1; 5410 EDSON LA., SUITE 220 |  | ROCKVILLE | MD | 20852 x1; 5410 EDSON LN., SUITE 220 |  | ROCKVILLE | MD | 20852 x1",5410 EDSON LN | STE 220 | ROCKVILLE | MD | 20852 x32; 5410 EDSON LA | STE 220 | ROCKVILLE | MD | 20852 x1,,zips_normalize: zip_reduced_to_five_digits_or_invalid_nulled x30; streets_normalize: street_text_normalized_or_placeholder_nulled x6,same donor's filings (not proof): 5410 EDSON LN | STE 220 | ROCKVILLE | MD | 20852: filed so x33; 5410 EDSON LA | STE 220 | ROCKVILLE | MD | 20852: filed so x33,,pending,needs a reviewer
A0191,low,3bf912aae8b1,"BERMAN, LIZA",near-duplicate street spelling for same donor/location,10128,521 E 87TH ST || 521 E 87 ST,formatting only,6,4092420251292197800;4080620251215491592;4082520251233303986;4062420241962023511;4032320261425015765;4070720261523712503,521 E 87TH ST |  | NEW YORK | NY | 101287601 x5; 521 E 87 ST |  | NEW YORK | NY | 10128 x1,521 E 87TH ST |  | NEW YORK | NY | 10128 x5; 521 E 87 ST |  | NEW YORK | NY | 10128 x1,,zips_normalize: zip_reduced_to_five_digits_or_invalid_nulled x5,same donor's filings (not proof): 521 E 87TH ST |  | NEW YORK | NY | 10128: filed so x6; 521 E 87 ST |  | NEW YORK | NY | 10128: filed so x6,,pending,needs a reviewer
A0192,low,49a8bbce18c9,"BRILL, HAL",near-duplicate street spelling for same donor/location,12428,1 CAMP WOODS LA || 1 CAMP WOODS LN,formatting only,4,4011620261302587483;4072420241978926142;4011620261302587482;4082720261585274482,1 CAMP WOODS LA |  | ELLENVILLE | NY | 12428 x2; 1 CAMP WOODS LN |  | ELLENVILLE | NY | 124282003 x2,1 CAMP WOODS LA |  | ELLENVILLE | NY | 12428 x2; 1 CAMP WOODS LN |  | ELLENVILLE | NY | 12428 x2,,zips_normalize: zip_reduced_to_five_digits_or_invalid_nulled x2,same donor's filings (not proof): 1 CAMP WOODS LA |  | ELLENVILLE | NY | 12428: filed so x4; 1 CAMP WOODS LN |  | ELLENVILLE | NY | 12428: filed so x4,,pending,needs a reviewer
A0193,low,7a9bd56319c1,"BUCHNER, DEBORAH",entity / non-address in street_1,07079,GROVE,,3,4060420241953437203;4030320251179410440;4060420241953437210,GROVE |  | SO ORANGE | NJ | 07079 x2; GROVE |  | S ORANGE | NJ | 07079 x1,GROVE |  | SOUTH ORANGE | NJ | 07079 x3,,cities_normalize: city_alias_typo_or_punctuation_normalized x3,same donor's filings (not proof): GROVE |  | SOUTH ORANGE | NJ | 07079: filed so x3,,pending,needs a reviewer
A0194,low,1300cee61bb5,"BUSSEL, DANIEL",near-duplicate street spelling for same donor/location,90067,1801 CENTURY PARK E | STE 2600 || 1801 CENTURY PARK EAST | STE 2600,formatting only,10,4011620261302592500;4062320251206917489;4092220251291773143;4092420251292198480;4032020251180457341;4032520241885655112;4092320242041366922;4080620251215492597;4030120241877881219;4031920261424759874,1801 CENTURY PARK E | STE 2600 | LOS ANGELES | CA | 900672328 x9; 1801 CENTURY PARK EAST; SUITE 2600 |  | LOS ANGELES | CA | 90067 x1,1801 CENTURY PARK E | STE 2600 | LOS ANGELES | CA | 90067 x9; 1801 CENTURY PARK EAST | STE 2600 | LOS ANGELES | CA | 90067 x1,,zips_normalize: zip_reduced_to_five_digits_or_invalid_nulled x9; streets_normalize: street_text_normalized_or_placeholder_nulled x2,same donor's filings (not proof): 1801 CENTURY PARK E | STE 2600 | LOS ANGELES | CA | 90067: filed so x10; 1801 CENTURY PARK EAST | STE 2600 | LOS ANGELES | CA | 90067: filed so x10,,pending,needs a reviewer
A0195,low,e60938735e16,"COHEN, WAYNE",near-duplicate street spelling for same donor/location,10019,9 W 57TH ST | FL 39 || 9 W 57 ST | 39TH FLOOR,formatting only,8,4012120261303039050;4122120231813093717;4102420231807009111;4062320251206917844;4020920241823944560;4112220231811442675;4031920261424759443;4031920261424758943,"9 W 57TH ST | FL 39 | NEW YORK | NY | 100192701 x7; 9 W 57 STREET, 39TH FLOOR |  | NEW YORK | NY | 10019 x1",9 W 57TH ST | FL 39 | NEW YORK | NY | 10019 x7; 9 W 57 ST | 39TH FLOOR | NEW YORK | NY | 10019 x1,,zips_normalize: zip_reduced_to_five_digits_or_invalid_nulled x7; streets_safe_fixes: care_of_house_number_or_trailing_unit_fixed x2; streets_normalize: street_text_normalized_or_placeholder_nulled x1,same donor's filings (not proof): 9 W 57TH ST | FL 39 | NEW YORK | NY | 10019: filed so x8; 9 W 57 ST | 39TH FLOOR | NEW YORK | NY | 10019: filed so x8,,pending,needs a reviewer
A0196,low,ca9cbb519bfe,"DABAH, BARBARA",near-duplicate street spelling for same donor/location,10065,180 E 64TH ST || 180 E 64 ST,formatting only,4,4092420251292197609;4050520251188621766;4062420241962022217;4032520241885654289,180 E 64TH ST |  | NEW YORK | NY | 100650060 x2; 180 E 64 STREET |  | NEW YORK | NY | 10065 x1; 180 E 64TH ST |  | NEW YORK | NY | 100657478 x1,180 E 64TH ST |  | NEW YORK | NY | 10065 x3; 180 E 64 ST |  | NEW YORK | NY | 10065 x1,,zips_normalize: zip_reduced_to_five_digits_or_invalid_nulled x3; streets_normalize: street_text_normalized_or_placeholder_nulled x1,same donor's filings (not proof): 180 E 64TH ST |  | NEW YORK | NY | 10065: filed so x4; 180 E 64 ST |  | NEW YORK | NY | 10065: filed so x4,,pending,needs a reviewer
A0197,low,f0249b7f776f,"DABAH, MICHAEL",near-duplicate street spelling for same donor/location,10021,211 E 70TH ST | APT 20H || 211 E 70 ST | APT 20H,formatting only,19,4032020251180457450;4042820231745857904;4110720231809901104;4092520231802907253;4032020251180457766;4082220242014751669;4011420231698186425;4030320251179410149;4062420241962022550;4072420241978923440;4011320231697776135;4030320251179410148;4121920221637777930;4122920221645225400;4011320231697776134;4122920221645235772;4092320242041364470;4122320221644864459;4062420241962025459,"211 E 70TH ST | APT 20H | NEW YORK | NY | 100215209 x16; 211 E 70 STREET, APT 20H |  | NEW YORK | NY | 10021 x3",211 E 70TH ST | APT 20H | NEW YORK | NY | 10021 x16; 211 E 70 ST | APT 20H | NEW YORK | NY | 10021 x3,,zips_normalize: zip_reduced_to_five_digits_or_invalid_nulled x16; streets_normalize: street_text_normalized_or_placeholder_nulled x6,same donor's filings (not proof): 211 E 70TH ST | APT 20H | NEW YORK | NY | 10021: filed so x19; 211 E 70 ST | APT 20H | NEW YORK | NY | 10021: filed so x19,,pending,needs a reviewer
A0198,low,dd8ade85a320,"DAITZ, GILA",near-duplicate street spelling for same donor/location,10128,1105 PARK AVE || 1105 PARK AV,formatting only,5,4012120261303039134;4050520251188621823;4011620261302587039;4092220251291772380;4072120251209628946,1105 PARK AVE |  | NEW YORK | NY | 101281200 x4; 1105 PARK AV |  | NEW YORK | NY | 101281200 x1,1105 PARK AVE |  | NEW YORK | NY | 10128 x4; 1105 PARK AV |  | NEW YORK | NY | 10128 x1,,zips_normalize: zip_reduced_to_five_digits_or_invalid_nulled x5,same donor's filings (not proof): 1105 PARK AVE |  | NEW YORK | NY | 10128: filed so x5; 1105 PARK AV |  | NEW YORK | NY | 10128: filed so x5,,pending,needs a reviewer
A0199,low,cd7f149b1402,"DAVIS, MARK",near-duplicate street spelling for same donor/location,33176,9345 SW 142ND ST || 9345 SW 142 ST,formatting only,107,4062420241962023852;4082720261585275144;4062420241962023806;4062420241962023837;4062420241962023802;4062420241962023805;4062420241962023801;4062420241962023829;4062420241962023833;4062420241962023788;4062420241962023838;4062420241962023868;4062420241962023795;4062420241962023777;4062420241962023860;4062420241962023846;4062420241962023859;4062420241962023842;4062420241962023791;4062420241962023841;4062420241962023866;4062420241962023786;4062420241962023851;4062420241962023807;4062420241962023848;4062420241962023871;4062420241962023843;4062420241962023825;4062420241962026758;4062420241962023810;4062420241962023834;4062420241962023822;4062420241962023849;4062420241962023782;4062420241962023870;4062420241962023867;4062420241962023819;4062420241962023845;4062420241962023797;4062420241962023773;4062420241962023863;4062420241962023850;4062420241962023821;4062420241962023865;4062420241962023827;4062420241962023809;4062420241962023779;4062420241962023799;4062420241962023778;4062420241962023796;4062420241962023787;4062420241962023847;4062420241962023785;4062420241962023808;4062420241962023869;4062420241962023818;4062420241962023813;4062420241962023817;4062420241962023784;4062420241962023836;4062420241962023816;4062420241962023772;4082220242014748571;4062420241962023826;4062420241962023856;4062420241962023864;4062420241962023862;4062420241962023811;4062420241962023789;4062420241962023823;4062420241962023854;4062420241962023803;4062420241962023857;4062420241962023832;4062420241962023790;4062420241962023780;4062420241962023831;4062420241962023815;4062420241962023804;4062420241962023781;4062420241962023771;4062420241962023776;4062420241962023793;4062420241962023830;4062420241962023812;4062420241962023800;4062420241962023853;4062420241962023824;4062420241962023828;4062420241962023872;4062420241962023774;4062420241962023792;4062420241962023814;4062420241962023798;4062420241962023855;4062420241962023820;4062420241962023835;4062420241962023794;4062420241962023840;4062420241962023858;4062420241962023775;4062420241962023844;4031920261424759911;4070720261523712990;4070720261523712104;4070720261523712100;4080120261540163250,9345 SW 142ND ST |  | MIAMI | FL | 331766817 x106; 9345 SW 142 STREET |  | MIAMI | FL | 33176 x1,9345 SW 142ND ST |  | MIAMI | FL | 33176 x106; 9345 SW 142 ST |  | MIAMI | FL | 33176 x1,,zips_normalize: zip_reduced_to_five_digits_or_invalid_nulled x106; streets_normalize: street_text_normalized_or_placeholder_nulled x1,same donor's filings (not proof): 9345 SW 142ND ST |  | MIAMI | FL | 33176: filed so x107; 9345 SW 142 ST |  | MIAMI | FL | 33176: filed so x107,,pending,needs a reviewer
A0200,low,8ed06c9dc72c,"E, DAVID A.",entity / non-address in street_1,10530,EPSTEIN,,2,4122920221645227527;4122920221645227534,EPSTEIN |  | HARTSDALE | NY | 10530 x2,EPSTEIN |  | HARTSDALE | NY | 10530 x2,,,same donor's filings (not proof): EPSTEIN |  | HARTSDALE | NY | 10530: filed so x2,,pending,needs a reviewer
A0201,low,e11142253f18,"EIDELSTEIN, JOEL",near-duplicate street spelling for same donor/location,33160,3323 NE 163RD ST | PH 704 || 3323 NE 163 ST | STE 704,formatting only,27,4012120261303040565;4030320251179409521;4012120261303038236;4092420251292198430;4032020251180457586;4011420251130090102;4011420251130090099;4011420251130090100;4060420241953433951;4010420231645702052;4112220231811444018;4030120241877881261;4110720231809900154;4020920241823943430;4072420241978924653;4121920221637778147;4010420231645703355;4010420231645702053;4122320221644863396;4030320251179411215;4011420251130090101;4122920221645231343;4031920261424759455;4032320261425015865;4052620261511335583;4061720261521510186;4070720261523712290,3323 NE 163RD ST | PH 704 | NORTH MIAMI BEACH | FL | 331605599 x25; 3323 NE 163 ST SUITE 704 |  | NORTH MIAMI BEACH | FL | 33160 x2,3323 NE 163RD ST | PH 704 | NORTH MIAMI BEACH | FL | 33160 x25; 3323 NE 163 ST | STE 704 | NORTH MIAMI BEACH | FL | 33160 x2,,zips_normalize: zip_reduced_to_five_digits_or_invalid_nulled x25; streets_normalize: street_text_normalized_or_placeholder_nulled x4,same donor's filings (not proof): 3323 NE 163RD ST | PH 704 | NORTH MIAMI BEACH | FL | 33160: filed so x27; 3323 NE 163 ST | STE 704 | NORTH MIAMI BEACH | FL | 33160: filed so x27,,pending,needs a reviewer
A0202,low,9916ee4e3086,"ERLBAUM, GARY",near-duplicate street spelling for same donor/location,19003,44 W LANCASTER AVE | STE 110 || 44 W LANCASTER AVNUE | STE 110,formatting only,45,4012120261303038232;4042820231745858440;4011620261302588401;4011620261302588400;4011620261302588399;4011620261302592136;4092420251292197931;4052120241949842944;4122920221645226977;4010320231645639015;4112220231811442198;4072420241978925262;4082520251233303724;4122920221645226813;4010420231645703336;4123020221645491017;4092520231802907402;4080620251215491955;4062320251206917416;4080620251215492289;4052120241949843500;4042820231745858350;4030320251179410946;4112020241071384222;4092520231802906805;4032520241885654496;4123020221645490051;4121920221637778067;4011420231698186687;4030120241877880149;4122320221644863352;4122920221645226809;4112220231811442372;4032020251180458140;4072420241978924975;4112020241071382664;4112020241071384221;4122320221644863804;4062320251206917236;4122120231813092689;4112220231811442218;4030420261386075069;4031920261424758654;4032320261425014963;4082720261585275918,"44 W LANCASTER AVE | STE 110 | ARDMORE | PA | 190031350 x40; 44 W. LANCASTER AVENUE, SUITE 110 |  | ARDMORE | PA | 19003 x3; 44 WEST LANCASTER AVNUE, SUITE 110 |  | ARDMORE | PA | 19003 x2",44 W LANCASTER AVE | STE 110 | ARDMORE | PA | 19003 x43; 44 W LANCASTER AVNUE | STE 110 | ARDMORE | PA | 19003 x2,,zips_normalize: zip_reduced_to_five_digits_or_invalid_nulled x40; streets_normalize: street_text_normalized_or_placeholder_nulled x10,same donor's filings (not proof): 44 W LANCASTER AVE | STE 110 | ARDMORE | PA | 19003: filed so x45; 44 W LANCASTER AVNUE | STE 110 | ARDMORE | PA | 19003: filed so x45,,pending,needs a reviewer
A0203,low,6ef4bd42f0e3,"FREUNDLICH, RICHARD",near-duplicate street spelling for same donor/location,33480,130 SUNRISE AVE | PH 6 || 130 SUNRISE AVE PH6,formatting only,5,4042820231745858165;4020920241823944439;4030120241877881054;4112220231811444354;4030420261386075278,"130 SUNRISE AVE | PH 6 | PALM BEACH | FL | 334803903 x3; 130 SUNRISE AVENUE, PH 6 |  | PALM BEACH | FL | 33480 x1; 130 SUNRISE AVE PH6 |  | PALM BEACH | FL | 33480 x1",130 SUNRISE AVE | PH 6 | PALM BEACH | FL | 33480 x4; 130 SUNRISE AVE PH6 |  | PALM BEACH | FL | 33480 x1,,zips_normalize: zip_reduced_to_five_digits_or_invalid_nulled x3; streets_normalize: street_text_normalized_or_placeholder_nulled x2,same donor's filings (not proof): 130 SUNRISE AVE | PH 6 | PALM BEACH | FL | 33480: filed so x5; 130 SUNRISE AVE PH6 |  | PALM BEACH | FL | 33480: filed so x5,,pending,needs a reviewer
A0204,low,54ee6591e2b6,"FROHLICH, ALFREDO",near-duplicate street spelling for same donor/location,33160,6000 ISLAND BLVD | PH 8 || 6000 ISLAND BLVD PH8,formatting only,24,4012120261303040402;4030320251179409288;4012120261303038251;4122320221644863391;4010420231645702101;4112220231811444367;4122120231813094386;4122920221645225899;4010420231645702105;4092320242041367464;4060420241953434134;4030120241877881236;4110120231808001090;4110720231809900177;4072420241978925063;4032520241885655200;4011420231698184312;4050520251188622074;4011420251130090111;4031920261424760076;4032320261425015064;4052620261511335056;4061720261521510803;4070720261523713551,6000 ISLAND BLVD | PH 8 | AVENTURA | FL | 331603762 x23; 6000 ISLAND BLVD PH8 |  | AVENTURA | FL | 33160 x1,6000 ISLAND BLVD | PH 8 | AVENTURA | FL | 33160 x23; 6000 ISLAND BLVD PH8 |  | AVENTURA | FL | 33160 x1,,zips_normalize: zip_reduced_to_five_digits_or_invalid_nulled x23,same donor's filings (not proof): 6000 ISLAND BLVD | PH 8 | AVENTURA | FL | 33160: filed so x24; 6000 ISLAND BLVD PH8 |  | AVENTURA | FL | 33160: filed so x24,,pending,needs a reviewer
A0205,low,ee912a3391a9,"GITMAN, JON",near-duplicate street spelling for same donor/location,33180,3731 NE 214TH ST || 3731 NE 214 ST,formatting only,16,4112220231811444748;4030320251179409353;4072420241978924548;4062420241962025420;4112020241071383538;4042820231745857665;4112020241071383645;4011420231698184771;4020920241823943333;4042820231745858088;4112020241071381456;4011420231698184142;4102420231807010299;4032020251180457634;4080620251215491636;4122120231813094591,3731 NE 214TH ST |  | AVENTURA | FL | 331804015 x11; 3731 NE 214TH ST |  | MIAMI | FL | 331804015 x4; 3731 NE 214 ST |  | AVENTURA | FL | 33180 x1,3731 NE 214TH ST |  | AVENTURA | FL | 33180 x15; 3731 NE 214 ST |  | AVENTURA | FL | 33180 x1,,zips_normalize: zip_reduced_to_five_digits_or_invalid_nulled x15; address_same_street_align: aligned_to_donor_dominant_at_same_street x4,same donor's filings (not proof): 3731 NE 214TH ST |  | AVENTURA | FL | 33180: filed so x16; 3731 NE 214 ST |  | AVENTURA | FL | 33180: filed so x16,,pending,needs a reviewer
A0206,low,58225bf39415,"GLADNER, BRUCE",near-duplicate street spelling for same donor/location,98052,12519 172 AVE NE || 12519 172ND AVE NE,formatting only,14,4020920241823943439;4122920221645225202;4092520231802906573;4110720231809900652;4030120241877881064;4122920221645227068;4082120231799935372;4122920221645227069;4122920221645235714;4122920221645225210;4032520241885655275;4122120231813093940;4102420231807054707;4011420231698184482,12519 172ND AVE NE |  | REDMOND | WA | 980522271 x13; 12519 172 AVE NE |  | REDMOND | WA | 98052 x1,12519 172ND AVE NE |  | REDMOND | WA | 98052 x13; 12519 172 AVE NE |  | REDMOND | WA | 98052 x1,,zips_normalize: zip_reduced_to_five_digits_or_invalid_nulled x13,same donor's filings (not proof): 12519 172 AVE NE |  | REDMOND | WA | 98052: filed so x14; 12519 172ND AVE NE |  | REDMOND | WA | 98052: filed so x14,,pending,needs a reviewer
A0207,low,a481a5db4dc6,"GOLDBERG, LARRY",near-duplicate street spelling for same donor/location,35242,1306 HIGHLAND LAKES BND || 1306 HIGHLAND LAKES BEND,formatting only,8,4012120261303039121;4030320251179409890;4032020251180457814;4032020251180458098;4112020241071382561;4072420241978924793;4052120241949842790;4112020241071382491,1306 HIGHLAND LAKES BND |  | BIRMINGHAM | AL | 352426826 x5; 1306 HIGHLAND LAKES BEND |  | BIRMINGHAM | AL | 35242 x3,1306 HIGHLAND LAKES BND |  | BIRMINGHAM | AL | 35242 x5; 1306 HIGHLAND LAKES BEND |  | BIRMINGHAM | AL | 35242 x3,,zips_normalize: zip_reduced_to_five_digits_or_invalid_nulled x5,same donor's filings (not proof): 1306 HIGHLAND LAKES BND |  | BIRMINGHAM | AL | 35242: filed so x8; 1306 HIGHLAND LAKES BEND |  | BIRMINGHAM | AL | 35242: filed so x8,,pending,needs a reviewer
A0208,low,a5780e096957,"HAYEM, MARC",near-duplicate street spelling for same donor/location,10128,248 E 94TH ST || 248 E 94 ST,formatting only,15,4012120261303038558;4042820231745857666;4011620261302592430;4092420251292198798;4123020221645490972;4072120251209628381;4110120231808001156;4092320242041366507;4062420241962023526;4060420241953435286;4122120231813093338;4062420241962026698;4030420261386074810;4032320261425014980;4070720261523713180,248 E 94TH ST |  | NEW YORK | NY | 101283706 x14; 248 E 94 ST |  | NEW YORK | NY | 10128 x1,248 E 94TH ST |  | NEW YORK | NY | 10128 x14; 248 E 94 ST |  | NEW YORK | NY | 10128 x1,,zips_normalize: zip_reduced_to_five_digits_or_invalid_nulled x14,same donor's filings (not proof): 248 E 94TH ST |  | NEW YORK | NY | 10128: filed so x15; 248 E 94 ST |  | NEW YORK | NY | 10128: filed so x15,,pending,needs a reviewer
A0209,low,e9fbe7724db1,"JULIS, MITCHELL",near-duplicate street spelling for same donor/location,90067,1880 CENTURY PARK E | STE 1600 || 1880 CENTURY PARK EAST | # 1600,formatting only,35,4012120261303038708;4081420251217995411;4011620261302587581;4092220251291772858;4092220251291771866;4092420251292198945;4102420231807010144;4082220242014749518;4122920221645231845;4102420231807009236;4092520231802906362;4011420251130090521;4011420251130091556;4122920221645228376;4122920221645228377;4062320251206918086;4011420251130090520;4121920221637777790;4082520251233303933;4062420241962023231;4011420251130091557;4062320251206918087;4072120251209628380;4032120231736710923;4052120241949842227;4010320231645638291;4010320231645638290;4032520241885655418;4011420251130090519;4092420242041486611;4080220231759311307;4030420261386074811;4031920261424759414;4061720261521511587;4061020261521069145,"1880 CENTURY PARK E | STE 1600 | LOS ANGELES | CA | 900671661 x27; 1880 CENTURY PARK EAST #1600 |  | LOS ANGELES | CA | 90067 x4; 1880 CENTURY PARK E #1600 |  | LOS ANGELES | CA | 90067 x3; 1880 CENTURY PARK E, SUITE 1600 |  | LOS ANGELES | CA | 90067 x1",1880 CENTURY PARK E | STE 1600 | LOS ANGELES | CA | 90067 x31; 1880 CENTURY PARK EAST | # 1600 | LOS ANGELES | CA | 90067 x4,,zips_normalize: zip_reduced_to_five_digits_or_invalid_nulled x27; streets_normalize: street_text_normalized_or_placeholder_nulled x16; streets_unify_units: unit_designator_unified_to_donor_dominant x3,same donor's filings (not proof): 1880 CENTURY PARK E | STE 1600 | LOS ANGELES | CA | 90067: filed so x35; 1880 CENTURY PARK EAST | # 1600 | LOS ANGELES | CA | 90067: filed so x35,,pending,needs a reviewer
A0210,low,61304f00c92c,"KAGIN, STAN",near-duplicate street spelling for same donor/location,55410,3800 BEARD AVE SO || 3800 BEARD AVE S,formatting only,8,4012120261303039602;4060420241953437655;4110120231808000615;4112020241071384041;4082220242014749332;4011320231697775473;4112020241071384006;4062420241962023643,3800 BEARD AVE S |  | MINNEAPOLIS | MN | 554101039 x7; 3800 BEARD AVE SO |  | MPLS | MN | 55410 x1,3800 BEARD AVE S |  | MINNEAPOLIS | MN | 55410 x7; 3800 BEARD AVE SO |  | MINNEAPOLIS | MN | 55410 x1,,zips_normalize: zip_reduced_to_five_digits_or_invalid_nulled x7; cities_normalize: city_alias_typo_or_punctuation_normalized x1,same donor's filings (not proof): 3800 BEARD AVE SO |  | MINNEAPOLIS | MN | 55410: filed so x8; 3800 BEARD AVE S |  | MINNEAPOLIS | MN | 55410: filed so x8,,pending,needs a reviewer
A0211,low,40ce2b85c201,"KAPLAN, ABBY",near-duplicate street spelling for same donor/location,85255,19141 N 98 PL || 19141 N 98TH PL,formatting only,5,4011620261302588187;4032520241885656289;4112020241071383025;4062320251206918796;4092320242041365334,19141 N 98TH PL |  | SCOTTSDALE | AZ | 852552588 x4; 19141 NORTH 98 PLACE |  | SCOTTSDALE | AZ | 85255 x1,19141 N 98TH PL |  | SCOTTSDALE | AZ | 85255 x4; 19141 N 98 PL |  | SCOTTSDALE | AZ | 85255 x1,,zips_normalize: zip_reduced_to_five_digits_or_invalid_nulled x4; streets_normalize: street_text_normalized_or_placeholder_nulled x1,same donor's filings (not proof): 19141 N 98 PL |  | SCOTTSDALE | AZ | 85255: filed so x5; 19141 N 98TH PL |  | SCOTTSDALE | AZ | 85255: filed so x5,,pending,needs a reviewer
A0212,low,bd1c55cccd88,"KAPLAN, JEFF",descriptive / intersection address,43021,2220 S 3 BS AND K RD,,1,4092220251291772619,2220 SOUTH 3 BS AND K RD |  | GALENA | OH | 43021 x1,2220 S 3 BS AND K RD |  | GALENA | OH | 43021 x1,,streets_normalize: street_text_normalized_or_placeholder_nulled x1,same donor's filings (not proof): 2220 S 3 BS AND K RD |  | GALENA | OH | 43021: filed so x1,,pending,needs a reviewer
A0213,low,9ebaab6cf350,"LEVY, STEVEN",entity / non-address in street_1,11239,BROOKLYN,,1,4080120261540162430,BROOKLYN |  | NY | NY | 11239 x1,BROOKLYN |  | BROOKLYN | NY | 11239 x1,,cities_normalize: city_alias_typo_or_punctuation_normalized x1,same donor's filings (not proof): BROOKLYN |  | BROOKLYN | NY | 11239: filed so x1,,pending,needs a reviewer
A0214,low,83e04e76f446,"MARS, GARY",near-duplicate street spelling for same donor/location,33180,20011 NE 22ND AVE || 20011 NE 22 AVE,formatting only,10,4062420241962024759;4042820231745858180;4122920221645231666;4122920221645232009;4011320231697776153;4072420241978928120;4011320231697776050;4072420241978924588;4062320251206918852;4070720261523714411,20011 NE 22ND AVE |  | MIAMI | FL | 331801802 x9; 20011 NE 22 AVE |  | MIAMI | FL | 33180 x1,20011 NE 22ND AVE |  | MIAMI | FL | 33180 x9; 20011 NE 22 AVE |  | MIAMI | FL | 33180 x1,,zips_normalize: zip_reduced_to_five_digits_or_invalid_nulled x9,same donor's filings (not proof): 20011 NE 22ND AVE |  | MIAMI | FL | 33180: filed so x10; 20011 NE 22 AVE |  | MIAMI | FL | 33180: filed so x10,,pending,needs a reviewer
A0215,low,627b833c3e2c,"MENACHE, DANIELE",entity / non-address in street_1,11976,ELVENTS,,1,4092420251292197760,ELVENTS |  | WATER MILL | NY | 11976 x1,ELVENTS |  | WATER MILL | NY | 11976 x1,,,same donor's filings (not proof): ELVENTS |  | WATER MILL | NY | 11976: filed so x1,,pending,needs a reviewer
A0216,low,99566d19a4ec,"MITZNER, DONALD",near-duplicate street spelling for same donor/location,33496,2549 NW 59 ST || 2549 NW 59TH ST,formatting only,7,4072420241978923923;4082220242014749862;4052620261511334854;4070720261523712128;4070720261523711999;4080120261540165109;4082720261585276553,2549 NW 59TH ST |  | BOCA RATON | FL | 334962224 x6; 2549 NW 59 ST |  | BOCA RATON | FL | 33496 x1,2549 NW 59TH ST |  | BOCA RATON | FL | 33496 x6; 2549 NW 59 ST |  | BOCA RATON | FL | 33496 x1,,zips_normalize: zip_reduced_to_five_digits_or_invalid_nulled x6,same donor's filings (not proof): 2549 NW 59 ST |  | BOCA RATON | FL | 33496: filed so x7; 2549 NW 59TH ST |  | BOCA RATON | FL | 33496: filed so x7,,pending,needs a reviewer
A0217,low,a46fefde92f0,"NEUBERGER, YEHUDA",near-duplicate street spelling for same donor/location,21208,1777 REISTERSTOWN RD EAST BUILDING || 1777 REISTERSTOWN RD E BLDG,formatting only,4,4042820231745858742;4072520221548212971;4042820231745858391;4082520251233304305,"1777 REISTERSTOWN RD EAST BUILDING |  | BALTIMORE | MD | 21208 x3; 1777 REISTERSTOWN RD, E. BLDG, STE |  | BALTIMORE | MD | 212081390 x1",1777 REISTERSTOWN RD EAST BUILDING |  | BALTIMORE | MD | 21208 x3; 1777 REISTERSTOWN RD E BLDG |  | BALTIMORE | MD | 21208 x1,,streets_normalize: street_text_normalized_or_placeholder_nulled x1; zips_normalize: zip_reduced_to_five_digits_or_invalid_nulled x1,same donor's filings (not proof): 1777 REISTERSTOWN RD EAST BUILDING |  | BALTIMORE | MD | 21208: filed so x4; 1777 REISTERSTOWN RD E BLDG |  | BALTIMORE | MD | 21208: filed so x4,,pending,needs a reviewer
A0218,low,19f897e24f3e,"PACKMAN, SCOTT",near-duplicate street spelling for same donor/location,10028,305 E 85TH ST | APT 19A || 305 E 85 ST | APT 19A,formatting only,22,4012120261303039410;4042820231745857805;4012120261303039104;4011620261302591605;4092420251292198602;4092420251292198601;4072120251209629742;4112220231811442160;4122120231813094004;4020920241823944481;4032520241885655589;4110720231809900497;4122120231813094465;4102420231807009628;4122120231813094003;4122120231813092481;4102420231807009070;4072120251209629016;4080620251215493400;4072120251209628298;4031920261424758662;4052620261511336312,"305 E 85TH ST | APT 19A | NEW YORK | NY | 100284671 x16; 305 E 85 ST, APT 19A |  | NY | NY | 10028 x4; 305 E 85 ST #19A |  | NYC | NY | 10028 x1; 305 E 85 ST. APT 19A |  | NEW YORK | NY | 10028 x1",305 E 85TH ST | APT 19A | NEW YORK | NY | 10028 x16; 305 E 85 ST | APT 19A | NEW YORK | NY | 10028 x6,,zips_normalize: zip_reduced_to_five_digits_or_invalid_nulled x16; streets_normalize: street_text_normalized_or_placeholder_nulled x12; cities_normalize: city_alias_typo_or_punctuation_normalized x5; streets_unify_units: unit_designator_unified_to_donor_dominant x1,same donor's filings (not proof): 305 E 85TH ST | APT 19A | NEW YORK | NY | 10028: filed so x22; 305 E 85 ST | APT 19A | NEW YORK | NY | 10028: filed so x22,,pending,needs a reviewer
A0219,low,0bf89d6a8d11,"PAPO, MICHAEL",near-duplicate street spelling for same donor/location,10024,295 CENTRAL PARK W | APT 15H || 295 CENTRAL PARK WEST | APT 15H,formatting only,65,4012120261303038424;4032520241885654748;4011620261302587598;4011620261302587591;4011620261302586364;4011620261302591352;4082520251233303238;4122920221645225333;4110120231808000947;4082520251233303247;4102420231807054963;4060420241953434887;4011420231698186584;4062420241962024939;4122920221645225481;4123020221645490901;4112220231811442332;4030320251179409548;4052120241949843513;4062420241962024886;4122920221645231975;4011420231698186589;4062320251206917936;4050520251188621773;4052120241949842778;4082520251233303242;4072420241978925256;4072420241978925294;4050520251188621769;4122920221645236284;4032020251180457738;4060420241953433959;4011420231698186573;4122320221644863537;4062420241962024294;4020920241823943443;4030320251179409606;4082520251233303237;4060420241953434008;4011420231698185434;4032520241885654373;4021920231732395569;4030320251179409550;4052120241949843504;4030320251179409580;4072120251209628196;4062420241962023222;4052120241949842439;4062420241962024291;4102420231807009955;4112020241071381278;4062420241962026407;4121920221637777902;4062320251206917950;4112220231811442337;4032520241885654606;4122920221645231566;4110120231808000945;4031920261424758497;4052620261511335887;4052620261511334831;4080120261540164357;4080120261540164353;4080120261540163515;4082720261585275718,295 CENTRAL PARK W | APT 15H | NEW YORK | NY | 100243024 x58; 295 CENTRAL PARK WEST APT 15H |  | NY | NY | 100243023 x7,295 CENTRAL PARK W | APT 15H | NEW YORK | NY | 10024 x58; 295 CENTRAL PARK WEST | APT 15H | NEW YORK | NY | 10024 x7,,zips_normalize: zip_reduced_to_five_digits_or_invalid_nulled x65; streets_normalize: street_text_normalized_or_placeholder_nulled x14; cities_normalize: city_alias_typo_or_punctuation_normalized x7,same donor's filings (not proof): 295 CENTRAL PARK W | APT 15H | NEW YORK | NY | 10024: filed so x65; 295 CENTRAL PARK WEST | APT 15H | NEW YORK | NY | 10024: filed so x65,,pending,needs a reviewer
A0220,low,49ab1c6033fb,"PEISACH, JAIME",near-duplicate street spelling for same donor/location,33122,7499 NW 31ST ST || 7499 NW 31 ST,formatting only,38,4011620261302591446;4032120231736710529;4011620261302591445;4102420231807010197;4122920221645228176;4010320231645638732;4011420251130091429;4060420241953437665;4072120251209629508;4011420251130091430;4072420241978925010;4020920241823943756;4032520241885655443;4032020251180457883;4032020251180457367;4032120231736711047;4011420231698184180;4032520241885655481;4011420251130090407;4112020241071381191;4030320251179409159;4122120231813092525;4011420251130091432;4080620251215491466;4011420251130091431;4030420261386075117;4031920261424759424;4031920261424758713;4032320261425016479;4032320261425016092;4032320261425016091;4052620261511335930;4052620261511335185;4061720261521511121;4061720261521510091;4061720261521509761;4070720261523714426;4080120261540163217,7499 NW 31ST ST |  | MIAMI | FL | 331221221 x35; 7499 NW 31 STREET |  | MIAMI | FL | 33122 x3,7499 NW 31ST ST |  | MIAMI | FL | 33122 x35; 7499 NW 31 ST |  | MIAMI | FL | 33122 x3,,zips_normalize: zip_reduced_to_five_digits_or_invalid_nulled x35; streets_normalize: street_text_normalized_or_placeholder_nulled x3,same donor's filings (not proof): 7499 NW 31ST ST |  | MIAMI | FL | 33122: filed so x38; 7499 NW 31 ST |  | MIAMI | FL | 33122: filed so x38,,pending,needs a reviewer
A0221,low,dea350ecca27,"PERLMAN, DANIEL",near-duplicate street spelling for same donor/location,60654,333 W WOLF POINT PLAZA || 333 W WOLF POINT PLZ,formatting only,2,4072420241978924416;4082220242014749732,333 WEST WOLF POINT PLAZA |  | CHICAGO | IL | 60654 x1; 333 W WOLF POINT PLZ |  | CHICAGO | IL | 606548878 x1,333 W WOLF POINT PLAZA |  | CHICAGO | IL | 60654 x1; 333 W WOLF POINT PLZ |  | CHICAGO | IL | 60654 x1,,streets_normalize: street_text_normalized_or_placeholder_nulled x1; zips_normalize: zip_reduced_to_five_digits_or_invalid_nulled x1,same donor's filings (not proof): 333 W WOLF POINT PLAZA |  | CHICAGO | IL | 60654: filed so x2; 333 W WOLF POINT PLZ |  | CHICAGO | IL | 60654: filed so x2,,pending,needs a reviewer
A0222,low,b1ec84d93dda,"PORTNOY, KEN",near-duplicate street spelling for same donor/location,75230,7245 HELSEM BEND || 7245 HELSEM BND,formatting only,2,4052520221493485105;4011420231698186572,7245 HELSEM BEND |  | DALLAS | TX | 75230 x1; 7245 HELSEM BND |  | DALLAS | TX | 752301931 x1,7245 HELSEM BEND |  | DALLAS | TX | 75230 x1; 7245 HELSEM BND |  | DALLAS | TX | 75230 x1,,zips_normalize: zip_reduced_to_five_digits_or_invalid_nulled x1,same donor's filings (not proof): 7245 HELSEM BEND |  | DALLAS | TX | 75230: filed so x2; 7245 HELSEM BND |  | DALLAS | TX | 75230: filed so x2,,pending,needs a reviewer
A0223,low,fae169012b4c,"PORTNOY, REESA",near-duplicate street spelling for same donor/location,75230,7245 HELSEM BND || 7245 HELSEM BEND,formatting only,3,4010320231645639400;4052520221493485106;4011420231698186537,7245 HELSEM BND |  | DALLAS | TX | 752301931 x2; 7245 HELSEM BEND |  | DALLAS | TX | 75230 x1,7245 HELSEM BND |  | DALLAS | TX | 75230 x2; 7245 HELSEM BEND |  | DALLAS | TX | 75230 x1,,zips_normalize: zip_reduced_to_five_digits_or_invalid_nulled x2,same donor's filings (not proof): 7245 HELSEM BND |  | DALLAS | TX | 75230: filed so x3; 7245 HELSEM BEND |  | DALLAS | TX | 75230: filed so x3,,pending,needs a reviewer
A0224,low,4656d1bedf2e,RANDY FINE FOR CONGRESS,"care-of name in street_1, street in street_2 (keep both as filed)",01915,"C/O RED CURVE SOLUTIONS LLC | 138 CONANT ST, STE 401",,234,4072120251209632310;4050520251188622383;4072120251209631006;4072120251209631287;4072120251209631027;4072120251209631033;4072120251209631050;4072120251209630998;4072120251209631280;4072120251209632311;4072120251209630790;4050520251188622334;4072120251209630781;4072120251209632299;4072120251209632324;4072120251209631005;4072120251209632317;4072120251209632318;4072120251209631020;4072120251209631030;4072120251209631046;4072120251209631044;4072120251209632322;4050520251188622365;4072120251209632325;4032020251180458288;4072120251209632320;4050520251188622219;4072120251209631013;4072120251209630795;4072120251209631034;4072120251209631284;4072120251209632300;4072120251209632297;4072120251209632303;4072120251209631018;4072120251209631290;4072120251209631047;4072120251209631022;4072120251209632332;4072120251209632326;4072120251209631281;4072120251209631011;4072120251209631037;4050520251188622335;4072120251209631295;4072120251209631051;4072120251209632328;4072120251209630769;4072120251209631042;4032020251180458287;4072120251209630784;4072120251209631052;4072120251209631002;4072120251209632334;4072120251209632331;4072120251209631021;4050520251188622233;4072120251209631032;4072120251209631035;4050520251188622199;4050520251188622235;4072120251209631009;4072120251209631023;4072120251209630766;4050520251188622287;4072120251209631270;4050520251188622187;4072120251209632316;4072120251209631000;4032020251180458293;4072120251209630797;4072120251209631275;4072120251209632304;4072120251209632341;4072120251209632312;4072120251209630789;4072120251209631031;4072120251209630788;4072120251209632321;4072120251209631040;4072120251209631003;4050520251188622276;4050520251188622279;4072120251209631056;4072120251209631054;4072120251209631059;4050520251188622320;4050520251188622173;4072120251209631293;4050520251188622206;4072120251209631041;4072120251209632293;4072120251209631057;4072120251209630792;4072120251209631279;4032020251180458290;4072120251209630771;4072120251209630774;4072120251209630775;4050520251188622207;4072120251209632295;4072120251209631004;4050520251188622241;4072120251209630786;4050520251188622176;4072120251209631045;4072120251209632343;4072120251209631015;4050520251188622184;4050520251188622248;4072120251209631055;4072120251209631060;4072120251209630777;4050520251188622198;4050520251188622319;4072120251209631272;4072120251209632330;4050520251188622192;4072120251209631289;4072120251209630765;4072120251209632337;4072120251209631017;4050520251188622353;4072120251209632292;4072120251209631273;4072120251209631058;4072120251209631271;4072120251209631029;4072120251209632307;4072120251209631285;4050520251188622156;4072120251209631286;4072120251209632306;4072120251209631276;4072120251209630785;4072120251209631269;4072120251209632315;4072120251209631274;4032020251180458289;4072120251209631012;4072120251209631277;4072120251209632290;4050520251188622218;4050520251188622222;4032020251180458292;4072120251209631278;4032020251180458291;4072120251209630776;4072120251209631039;4050520251188622337;4072120251209632308;4072120251209632291;4072120251209631024;4072120251209632342;4050520251188622379;4072120251209632329;4072120251209632323;4050520251188622186;4072120251209630794;4072120251209631291;4050520251188622250;4072120251209630793;4050520251188622294;4072120251209632333;4072120251209632298;4072120251209630997;4072120251209631288;4072120251209631026;4072120251209630796;4072120251209630768;4072120251209631043;4072120251209631010;4050520251188622230;4072120251209630764;4072120251209631008;4072120251209632301;4072120251209631048;4050520251188622188;4072120251209632319;4072120251209631019;4072120251209632340;4050520251188622164;4072120251209630782;4072120251209630787;4072120251209632296;4050520251188622171;4072120251209630778;4072120251209631283;4072120251209630763;4050520251188622278;4072120251209632338;4050520251188622312;4050520251188622347;4032020251180458286;4072120251209631007;4072120251209632305;4072120251209632302;4072120251209631292;4072120251209631028;4072120251209631038;4072120251209631053;4072120251209631016;4050520251188622231;4050520251188622366;4072120251209631049;4050520251188622288;4072120251209630999;4072120251209631294;4050520251188622168;4072120251209630779;4072120251209632314;4072120251209630772;4072120251209630780;4072120251209630773;4072120251209632309;4072120251209630783;4072120251209632336;4032020251180458285;4072120251209632339;4050520251188622280;4072120251209632313;4072120251209632294;4072120251209632335;4072120251209630767;4072120251209631025;4072120251209632327;4072120251209630770;4072120251209631282;4072120251209631001;4072120251209631036;4072120251209631014;4072120251209630791;4050520251188622264,"C/O RED CURVE SOLUTIONS, LLC | 138 CONANT ST, STE 401 | BEVERLY | MA | 01915 x234","C/O RED CURVE SOLUTIONS LLC | 138 CONANT ST, STE 401 | BEVERLY | MA | 01915 x234",,streets_normalize: street_text_normalized_or_placeholder_nulled x234,"same donor's filings (not proof): C/O RED CURVE SOLUTIONS LLC | 138 CONANT ST, STE 401 | BEVERLY | MA | 01915: filed so x234",,pending,needs a reviewer
A0225,low,f4bc9de736ae,"ROSENTHAL, GARY",near-duplicate street spelling for same donor/location,77046,9 GREENWAY PLZ || 9 GREENWAY PLAZA,formatting only,27,4011620261302588120;4122120231813093601;4011620261302588119;4011620261302588118;4122920221645228042;4122920221645228043;4020920241823944366;4010320231645638526;4020920241823945007;4122920221645228044;4010320231645638531;4010320231645638527;4010320231645638530;4010320231645638525;4042820231745857768;4010320231645638528;4122920221645228045;4122320221644864346;4010320231645638529;4010320231645638532;4122920221645235551;4122920221645228041;4122920221645228040;4030120241877880871;4122920221645228039;4030120241877880839;4061720261521509553,9 GREENWAY PLZ |  | HOUSTON | TX | 770460905 x21; 9 GREENWAY PLZ |  | HOUSTON | TX | 770460901 x5; 9 GREENWAY PLAZA |  | HOUSTON | TX | 77046 x1,9 GREENWAY PLZ |  | HOUSTON | TX | 77046 x26; 9 GREENWAY PLAZA |  | HOUSTON | TX | 77046 x1,,zips_normalize: zip_reduced_to_five_digits_or_invalid_nulled x26,same donor's filings (not proof): 9 GREENWAY PLZ |  | HOUSTON | TX | 77046: filed so x27; 9 GREENWAY PLAZA |  | HOUSTON | TX | 77046: filed so x27,,pending,needs a reviewer
A0226,low,a353851f137a,"RUTTENBERG, GUY",near-duplicate street spelling for same donor/location,90067,1801 CENTURY PARK EAST | STE 1920 || 1801 CENTURY PARK E | STE 1920,formatting only,7,4012120261303038474;4092420251292198291;4011620261302586830;4011620261302591512;4072120251209628359;4070720261523713145;4082720261585274621,1801 CENTURY PARK EAST; SUITE 1920 |  | LOS ANGELES | CA | 90067 x4; 1801 CENTURY PARK E | STE 1920 | LOS ANGELES | CA | 900672321 x3,1801 CENTURY PARK EAST | STE 1920 | LOS ANGELES | CA | 90067 x4; 1801 CENTURY PARK E | STE 1920 | LOS ANGELES | CA | 90067 x3,,streets_normalize: street_text_normalized_or_placeholder_nulled x8; zips_normalize: zip_reduced_to_five_digits_or_invalid_nulled x3,same donor's filings (not proof): 1801 CENTURY PARK EAST | STE 1920 | LOS ANGELES | CA | 90067: filed so x7; 1801 CENTURY PARK E | STE 1920 | LOS ANGELES | CA | 90067: filed so x7,,pending,needs a reviewer
A0227,low,e88cdca7d432,"SCHWARTZ, SAMUEL",near-duplicate street spelling for same donor/location,89101,601 E BRIDGER AVE || 601 EAST BRIDGER AVE,formatting only,20,4011620261302586994;4042820231745857809;4122920221645228592;4122320221644864052;4122920221645232644;4121920221637777849;4122320221644864292;4122920221645225175;4123020221645490356;4021920231732395687;4060420241953433647;4092320242041366631;4122920221645232802;4032520241885655386;4092320242041365680;4112020241071381321;4112020241071383790;4030420261386075242;4070720261523713191;4070720261523712717,"601 E BRIDGER AVE |  | LAS VEGAS | NV | 891015805 x17; 601 E BRIDGER AVE |  | LAS VEGAS | NV | 891015807 x2; 601, EAST BRIDGER AVE. |  | LAS VEGAS | NV | 89101 x1",601 E BRIDGER AVE |  | LAS VEGAS | NV | 89101 x19; 601 EAST BRIDGER AVE |  | LAS VEGAS | NV | 89101 x1,,zips_normalize: zip_reduced_to_five_digits_or_invalid_nulled x19; streets_normalize: street_text_normalized_or_placeholder_nulled x1,same donor's filings (not proof): 601 E BRIDGER AVE |  | LAS VEGAS | NV | 89101: filed so x20; 601 EAST BRIDGER AVE |  | LAS VEGAS | NV | 89101: filed so x20,,pending,needs a reviewer
A0228,low,25c7789530be,"SHACKET, ELIZABETA",near-duplicate street spelling for same donor/location,33065,4140 NW 101ST DR || 4140 NW 101 DR,formatting only,19,4060420241953435068;4072120251209630106;4092520231802907026;4032520241885654156;4122920221645225265;4032520241885654155;4062420241962024329;4062420241962024967;4032520241885654168;4060420241953435369;4032520241885654144;4031920261424760020;4031920261424759761;4032320261425016317;4032320261425016263;4052620261511335364;4070720261523713269;4080120261540164847;4080120261540163506,4140 NW 101ST DR |  | CORAL SPRINGS | FL | 330656606 x18; 4140 NW 101 DRIVE |  | CORAL SPRINGS | FL | 33065 x1,4140 NW 101ST DR |  | CORAL SPRINGS | FL | 33065 x18; 4140 NW 101 DR |  | CORAL SPRINGS | FL | 33065 x1,,zips_normalize: zip_reduced_to_five_digits_or_invalid_nulled x18; streets_normalize: street_text_normalized_or_placeholder_nulled x1,same donor's filings (not proof): 4140 NW 101ST DR |  | CORAL SPRINGS | FL | 33065: filed so x19; 4140 NW 101 DR |  | CORAL SPRINGS | FL | 33065: filed so x19,,pending,needs a reviewer
A0229,low,ae50545880a4,"SHALON, KEVIN",near-duplicate street spelling for same donor/location,92131,9988 HIBERT STR | # 302 || 9988 HIBERT ST | STE 302,formatting only,11,4012120261303038987;4092320242041366546;4011620261302587737;4092220251291771926;4112020241071383152;4112020241071382241;4032520241885655159;4082220242014750432;4052120241949841515;4072420241978927291;4052620261511334799,9988 HIBERT ST | STE 302 | SAN DIEGO | CA | 921312480 x8; 9988 HIBERT STR. # 302 |  | SAN DIEGO | CA | 92131 x3,9988 HIBERT ST | STE 302 | SAN DIEGO | CA | 92131 x8; 9988 HIBERT STR | # 302 | SAN DIEGO | CA | 92131 x3,,zips_normalize: zip_reduced_to_five_digits_or_invalid_nulled x8; streets_normalize: street_text_normalized_or_placeholder_nulled x6,same donor's filings (not proof): 9988 HIBERT STR | # 302 | SAN DIEGO | CA | 92131: filed so x11; 9988 HIBERT ST | STE 302 | SAN DIEGO | CA | 92131: filed so x11,,pending,needs a reviewer
A0230,low,d7690c83cd27,"SVERDLOV, KATYA",near-duplicate street spelling for same donor/location,11218,3351 12TH AVE || 3351 12 AVE,formatting only,7,4012120261303039472;4050520251188621777;4092420251292198172;4060420241953433655;4082520251233304236;4052620261511336393;4082720261585275974,3351 12TH AVE |  | BROOKLYN | NY | 112182101 x6; 3351 12 AVENUE |  | BROOKLYN | NY | 11218 x1,3351 12TH AVE |  | BROOKLYN | NY | 11218 x6; 3351 12 AVE |  | BROOKLYN | NY | 11218 x1,,zips_normalize: zip_reduced_to_five_digits_or_invalid_nulled x6; streets_normalize: street_text_normalized_or_placeholder_nulled x1,same donor's filings (not proof): 3351 12TH AVE |  | BROOKLYN | NY | 11218: filed so x7; 3351 12 AVE |  | BROOKLYN | NY | 11218: filed so x7,,pending,needs a reviewer
A0231,low,d653c31a4981,"TCHIRA, HARRY",near-duplicate street spelling for same donor/location,33140,644 W 51ST TER || 644 W 51 TER,formatting only,47,4012120261303040345;4092520231802907153;4011420231698184293;4110120231808000290;4032520241885655164;4010420231645702748;4030320251179409050;4011420251130090465;4050520251188621986;4122920221645228129;4011420251130091545;4122320221644863787;4032520241885654177;4112220231811443983;4020920241823944989;4010420231645702749;4032120231736711028;4102420231807054557;4011420251130091544;4060420241953435624;4011320231697775499;4062320251206917076;4122120231813094453;4110120231808000861;4010320231645638858;4112220231811444616;4032520241885655171;4072420241978923380;4052120241949844277;4011420251130091543;4102420231807055003;4011420251130091546;4011420251130090466;4102420231807010035;4011420231698186326;4011320231697775500;4092320242041367649;4010420231645703623;4082220242014694264;4022620261359401483;4031920261424759711;4031920261424758752;4032320261425016475;4032320261425015909;4052620261511335525;4061720261521510277;4070720261523713681,644 W 51ST TER |  | MIAMI BEACH | FL | 331402617 x42; 644 WEST 51 TERRACE |  | MIAMI BEACH | FL | 33140 x3; 644 W 51ST TER |  | MIAMI BEACH | FL | 33140 x2,644 W 51ST TER |  | MIAMI BEACH | FL | 33140 x44; 644 W 51 TER |  | MIAMI BEACH | FL | 33140 x3,,zips_normalize: zip_reduced_to_five_digits_or_invalid_nulled x42; streets_normalize: street_text_normalized_or_placeholder_nulled x3,same donor's filings (not proof): 644 W 51ST TER |  | MIAMI BEACH | FL | 33140: filed so x47; 644 W 51 TER |  | MIAMI BEACH | FL | 33140: filed so x47,,pending,needs a reviewer
A0232,low,70038443db34,"WEINSTEIN, MARK",entity / non-address in street_1,90247,CALIFORNIA SUPPLY,,10,4122120231813094357;4122120231813094352;4122120231813094353;4122120231813094355;4122120231813094351;4122120231813094356;4122120231813094349;4122120231813094354;4122120231813094348;4122120231813094350,CALIFORNIA SUPPLY |  | GARDENA | CA | 90247 x10,CALIFORNIA SUPPLY |  | GARDENA | CA | 90247 x10,,,same donor's filings (not proof): CALIFORNIA SUPPLY |  | GARDENA | CA | 90247: filed so x10,,pending,needs a reviewer
A0233,low,2369af65ff0c,"WITTGROVE, PERRI",near-duplicate street spelling for same donor/location,92120,6009 MADRA AV || 6009 MADRA AVE,formatting only,15,4082520251233304808;4112020241071381771;4092520231802906438;4122120231813092334;4072120251209628332;4122920221645225564;4042820231745857812;4102420231807009732;4082520251233303683;4072420241978926181;4092520231802906905;4052620261511334937;4061720261521511518;4080120261540163767;4080120261540163764,6009 MADRA AVE |  | SAN DIEGO | CA | 921203943 x12; 6009 MADRA AV |  | SAN DIEGO | CA | 92120 x3,6009 MADRA AVE |  | SAN DIEGO | CA | 92120 x12; 6009 MADRA AV |  | SAN DIEGO | CA | 92120 x3,,zips_normalize: zip_reduced_to_five_digits_or_invalid_nulled x12,same donor's filings (not proof): 6009 MADRA AV |  | SAN DIEGO | CA | 92120: filed so x15; 6009 MADRA AVE |  | SAN DIEGO | CA | 92120: filed so x15,,pending,needs a reviewer
A0234,low,0385ddd08ee9,"YANIZ, RAFAEL",near-duplicate street spelling for same donor/location,33173,5861 SW 91 AVE || 5861 SW 91ST AVE,formatting only,3,4072120251209628032;4032520241885656012;4072120251209629249,5861 SW 91 AVE |  | MIAMI | FL | 33173 x2; 5861 SW 91ST AVE |  | MIAMI | FL | 331731642 x1,5861 SW 91 AVE |  | MIAMI | FL | 33173 x2; 5861 SW 91ST AVE |  | MIAMI | FL | 33173 x1,,zips_normalize: zip_reduced_to_five_digits_or_invalid_nulled x1,same donor's filings (not proof): 5861 SW 91 AVE |  | MIAMI | FL | 33173: filed so x3; 5861 SW 91ST AVE |  | MIAMI | FL | 33173: filed so x3,,pending,needs a reviewer
A0235,low,e64e29448381,"ZAKAY, ELI",near-duplicate street spelling for same donor/location,11230,1565 E 18TH ST || 1565 E 18 ST,formatting only,5,4062420241962022723;4032020251180457428;4092320242041364543;4102420231807009174;4042820231745858052,1565 E 18TH ST |  | BROOKLYN | NY | 112307201 x3; 1565 E18 ST. |  | BROOKLYN | NY | 11230 x1; 1565 EAST 18 STREET |  | BROOKLYN | NY | 11230 x1,1565 E 18TH ST |  | BROOKLYN | NY | 11230 x3; 1565 E 18 ST |  | BROOKLYN | NY | 11230 x2,,zips_normalize: zip_reduced_to_five_digits_or_invalid_nulled x3; streets_normalize: street_text_normalized_or_placeholder_nulled x2; streets_unify_spacing: street_spacing_unified_to_donor_dominant x1,same donor's filings (not proof): 1565 E 18TH ST |  | BROOKLYN | NY | 11230: filed so x5; 1565 E 18 ST |  | BROOKLYN | NY | 11230: filed so x5,,pending,needs a reviewer
