name,address,city,state,zip,is_primary,note,source_name,source_url
ALLIED UNIVERSAL CORP,3901 NW 115th Avenue,Miami,FL,33178,true,Official Allied Universal chemical company headquarters and Florida corporation principal address; unrelated to Allied Universal security,search.sunbiz.org,https://search.sunbiz.org/Inquiry/CorporationSearch/SearchResultDetail?aggregateId=domp-183054-d71c24b8-e9d2-4bf1-830c-5d74c4ea3d91&directionType=Initial&inquirytype=EntityName&searchNameOrder=ALLIEDUNIVERSAL+1830541
GREGLEVINE.COM INC,1139 Washington Street,Hollywood,FL,33019,true,Florida Division of Corporations P24000002093; active corporation and principal address,search.sunbiz.org,https://search.sunbiz.org/Inquiry/CorporationSearch/SearchResults?Detail=FL.DOS.Corporations.Shared.Contracts.FilingRecord&InquiryDirectionType=ForwardRecord&InquiryType=EntityName&ListNameOrder=GREGLASCHPLASTERING+P960001043680&SearchNameOrder=GREGLES+L200003866420&SearchTerm=C%2FO+GREG+KILLEEN
THE PERMANENTE MEDICAL GROUP,"1800 Harrison Street, 7th Floor",Oakland,CA,94612,true,Official Permanente physician-recruitment material lists the corporate address and Oakland headquarters,webfiles.gi.org,https://webfiles.gi.org/docs/about/ACG2022_ExhibitMeeting_Guide.pdf
THE PERMANENTE MEDICAL GROUP,97 San Marin Drive,Novato,CA,94945,false,Official Kaiser Novato Medical Offices address; physician directories place Michael Ira Harris MD in pediatrics at this office,doctor.webmd.com,https://doctor.webmd.com/practice/the-permanente-medical-group-inc-novato-medical-of-c85312c9-4703-e211-a42b-001f29e3eb44
"EDMUNDS.COM, INC.","2401 Colorado Avenue, Suite 400",Santa Monica,CA,90404,true,"HQ verified — Edmunds.com, Inc. (owned by CarMax since 2021)",casedocs.omniagentsolutions.com,https://casedocs.omniagentsolutions.com/cmsvol2/pub_47491/9efcfe29-5fab-460a-ab37-601126799646_182.pdf
VECTOR CAPITAL,"650 California Street, 32nd Floor",San Francisco,CA,94108,true,Per Contact page,vectorcapital.com,https://www.vectorcapital.com/contact-us
CRICUT,10855 S River Front Pkwy,South Jordan,UT,84095,true,Official corporate address,investor.cricut.com,https://investor.cricut.com/
JAMESTOWN,"675 Ponce de Leon Avenue NE, 7th Floor",Atlanta,GA,30308,true,Jamestown LP — Ponce City Market,ecorp.sos.ga.gov,https://ecorp.sos.ga.gov/BusinessSearch/BusinessInformation?businessId=1522628&businessType=Domestic+Limited+Partnership&fromSearch=True
SMILE DIRECT CLUB,414 Union Street,Nashville,TN,37219,true,"Historical HQ (company defunct, per AP News)",ethics.state.tx.us,https://ethics.state.tx.us/data/search/lobby/2023/2023LobbyGroupByLobbyist.pdf
CIRCLE K,1130 W Warner Road,Tempe,AZ,85284,true,Corporate Office USA,bbb.org,https://www.bbb.org/us/az/tempe/profile/grocery-store/circle-k-stores-inc-1126-27004515
FOLEY & LARDNER LLP,777 East Wisconsin Avenue,Milwaukee,WI,53202,true,Main HQ — Milwaukee office (largest),foley.com,https://www.foley.com/office/milwaukee/
GELLER AND COMPANY,909 Third Avenue,New York,NY,10022,true,"HIGH — Bloomberg's accounting/finance firm, NYC",abo.ny.gov,https://abo.ny.gov/annualreports/PARISProcurement%20Reports/FYE2016/LDC/PRNYCEDC2016.pdf
DAVIS POLK & WARDWELL LLP,450 Lexington Avenue,New York,NY,10017,true,"HIGH — major NYC law firm, Midtown HQ",bizprofile.net,https://www.bizprofile.net/ny/new-york/davis-polk-wardwell-llp
STERLINGRISK,135 Crossways Park Drive,Woodbury,NY,11797,true,HIGH (VERIFIED) - company and location source rechecked 2026-08-19,bbb.org,https://www.bbb.org/us/ny/woodbury/profile/insurance-agent/sterlingrisk-0121-128298
RADCO,"3560 Lenox Road, Suite 2625",Atlanta,GA,30326,true,HIGH (VERIFIED) - 2026 state filing confirms the current principal and mailing address; rechecked 2026-08-19,Florida Division of Corporations,https://search.sunbiz.org/Inquiry/corporationsearch/SearchResultDetail?aggregateId=forp-f12000000993-b30f42a8-5aeb-462c-b376-170850130a36&directionType=Initial&inquirytype=EntityName&listNameOrder=RADCOM+3915470&searchNameOrder=RADCOMANAGEMENT+F120000009930&searchTerm=RAD-COM%2C+INC.
BASSUK ORGANIZATION,"The Towers, 111 Great Neck Road",Great Neck,NY,11021,true,HIGH (VERIFIED) - current New York registry-derived record identifies Richard Bassuk and this principal address; rechecked 2026-08-19,New York business record,https://www.bizprofile.net/ny/great-neck/the-bassuk-organization-inc
BBR PARTNERS,"55 East 52nd Street, 18th Floor",New York,NY,10055,true,HIGH (VERIFIED) - current New York office replaced the 140 East 45th Street address used before January 2021; rechecked 2026-08-19,bbrpartners.com,https://www.bbrpartners.com/contact/
DEEP TRACK CAPITAL,200 Greenwich Avenue,Greenwich,CT,06830,true,HIGH (VERIFIED) - company and location source rechecked 2026-08-19,sec.gov,https://www.sec.gov/edgar/browse/?CIK=0001856083
HOWARD PROPERTIES,355 Hayes Street,San Francisco,CA,94102,true,HIGH (VERIFIED) - company and location source rechecked 2026-08-19,bizprofile.net,https://www.bizprofile.net/ca/san-francisco/howard-properties
BRODIE GENERATIONAL CAPITAL PARTNERS,"150 N. Radnor Chester Road, Suite F100",Radnor,PA,19087,true,Official contact page lists this address.,bgencap.com,https://bgencap.com/
MATCHMASTER,3750 S. Broadway Pl,Los Angeles,CA,90007,true,Official Antex/Matchmaster contact page lists this postal address.,uspto.report,https://uspto.report/TM/76647268
GLEN UNA INVESTMENTS,"51 University Avenue, Suite G",Los Gatos,CA,95030,true,"HIGH (verified) — Glen Una Management Company / Glen Una Investments (Levy Family Trust vehicle); Kenneth + Mark + Gloria Levy; RE management + investments; ""GLEN UNA MGMT"" / ""GLEN UNA DR"" / ""GLEN UNA MANAGEMENT"" all merged into this canonical",financialreports.eu,https://financialreports.eu/filings/composecure-inc/prospectus/2026/13299588/
TASTY BRANDS,"6800 Jericho Turnpike, Suite 100E",Syosset,NY,11791,true,Official contact page lists this address.,cdn.ymaws.com,https://cdn.ymaws.com/snact.org/resource/collection/05DF0B37-6F15-4BF5-89F8-AD06C006DF86/Tasty_Brands_53206_10-22-2019_WG_IW_PizzaBoli.pdf
JS DIAMOND ENTERPRISES,"16690 Collins Ave, Suite 1103",Sunny Isles Beach,FL,33160,true,Florida corporate records / Sunbiz style principal address.,search.sunbiz.org,https://search.sunbiz.org/Inquiry/CorporationSearch/SearchResults?Detail=FL.DOS.Corporations.Shared.Contracts.FilingRecord&InquiryDirectionType=ForwardRecord&InquiryType=EntityName&ListNameOrder=JICTITUSVILLEAPARTMENTSGP+L210003525480&SearchNameOrder=JID+M031890&SearchTerm=J+I+D+LLC
TRAVEL FUNDERS NETWORK,"3010 LBJ Freeway, Suite 748",Dallas,TX,75234,true,Official website contact section lists this address; some third-party directories show ZIP 75231.,travelfundersnetwork.com,https://www.travelfundersnetwork.com/
PROPHET CAPITAL,"303 Colorado Street, Suite 2050",Austin,TX,78701,true,HIGH (VERIFIED) - company and location source rechecked 2026-08-19,lei.bloomberg.com,https://lei.bloomberg.com/leis/view/5493008GXEU8NXVCPO11
WILLOUGHBY CAPITAL HOLDINGS,"330 Railroad Avenue, Suite 101",Greenwich,CT,06830,true,Official/contact and investment profiles list this Greenwich address.,sec.gov,https://www.sec.gov/Archives/edgar/data/1806816/0001214659-24-015339-index.htm
MJ HOLDING,7852 S Sayre Ave,Bridgeview,IL,60455,true,Official company contact/address.,mjholding.com,https://www.mjholding.com/legal/
HLM CAPITAL,"1849 Green Bay Road, Suite 200",Highland Park,IL,60035,true,HIGH (VERIFIED) - company and location source rechecked 2026-08-19,hlmcapital.com,https://www.hlmcapital.com/contact-us.htm
BASIC RESOURCES,"1411 Broadway, 2nd Floor",New York,NY,10018,true,Official company contact/address.,oag.ca.gov,https://oag.ca.gov/system/files/prop65/notices/2021-02177.pdf
TRANCEKA CAPITAL LLC,"1420 Fifth Avenue, Suite 2000",Seattle,WA,98101,true,SEC/IAPD adviser profile address.,files.brokercheck.finra.org,https://files.brokercheck.finra.org/firm/firm_118028.pdf
KICORP,,,,,true,"INVALID: Linda Mirels chairs KI Corporation, not Kikiktagruk Inupiat Corporation; confirmed by New York Senate resolution J2367 and FCC ownership filing; reviewed 2026-08-16",,
FIT FOR LIFE,"10 West 33rd St, Suite 802",New York,NY,10001,true,HIGH (VERIFIED) - company and location source rechecked 2026-08-19,ffl-group.com,https://www.ffl-group.com/pages/contact-us
SKYBOX CAPITAL,"1 N Wacker Drive, Suite 2402",Chicago,IL,60606,true,HIGH (VERIFIED) - company and location source rechecked 2026-08-19,linkedin.com,https://www.linkedin.com/company/skyboxcapital
LOGS LEGAL NETWORK,2121 Waukegan Road,Bannockburn,IL,60015,true,HIGH (VERIFIED) - company and location source rechecked 2026-08-19,alfn.org,https://www.alfn.org/files/ALFN2021ForeclosureIntersect_SessionOverviews_CLE.pdf
BOOK CAPITAL ENTERPRISES,"350 E Las Olas Boulevard, Suite 960",Fort Lauderdale,FL,33301,true,Florida corporate records/Sunbiz style principal address.,bizprofile.net,https://www.bizprofile.net/fl/fort-lauderdale/book-capital-enterprises-llc
EYE SURGERY ASSOCIATES,"300 South Park Road, Suite 300",Hollywood,FL,33021,true,Medical practice location/contact.,eyesurgeryassociatesflorida.com,https://www.eyesurgeryassociatesflorida.com/locations/hollywood/
COMMAND MARKETING INNOVATIONS,70 Outwater Lane,Garfield,NJ,07026,true,Official contact address.,commandmarketinginnovations.com,https://commandmarketinginnovations.com/contact/
"RA COHEN & ASSOCIATES, INC.","250 Park Avenue, Suite 1901",New York,NY,10177,true,HIGH (VERIFIED) - company and location source rechecked 2026-08-19,documents.dps.ny.gov,https://documents.dps.ny.gov/public/Common/ViewDoc.aspx?DocRefId=%7B12B35D32-AFEE-481E-A874-D8B6749C512B%7D
AMIR DEVELOPMENT,"8730 Wilshire Blvd, #300",Beverly Hills,CA,90211,true,Official contact address.,bbb.org,https://www.bbb.org/us/ca/beverly-hills/profile/real-estate-development/amir-development-co-1216-548741
ECI CAPITAL,"2120 Powers Ferry Rd SE, Suite 300",Atlanta,GA,30339,true,HIGH (VERIFIED) - company and location source rechecked 2026-08-19,search.sunbiz.org,https://search.sunbiz.org/Inquiry/corporationsearch/SearchResultDetail?aggregateId=forl-m19000003631-e8e25789-2dd3-4b3d-b99b-9c5357347f9c&directionType=ForwardList&inquirytype=EntityName&listNameOrder=ECIBUSINESSSOLUTIONS+P220000099340&searchNameOrder=ECICAPITAL+M190000036310&searchTerm=ECIERGE+INC.
MORELAND MANAGEMENT COMPANY,"100 Park Avenue, Suite 215",Orange Village,OH,44122,true,HIGH (VERIFIED) - company and location source rechecked 2026-08-19,forms.irs.gov,https://forms.irs.gov/app/pod/basicSearch/downloadFile?formId=116288&formType=e8872
ROSEMAWR MANAGEMENT,"1674 Meridian Ave, Suite 420",Miami Beach,FL,33139,true,SEC/IAPD adviser filing address.,search.sunbiz.org,https://search.sunbiz.org/Inquiry/CorporationSearch/SearchResults?Detail=FL.DOS.Corporations.Shared.Contracts.FilingRecord&InquiryDirectionType=ForwardRecord&InquiryType=EntityName&ListNameOrder=ROSEMAWRCAPITALASSOCIATESIV+M220000103870&SearchNameOrder=ROSEMAWRCAPITALMANAGEMENT+B220000003390&SearchTerm=ROSEMARY+PENLAND+LLC
MILL POND CAPITAL,2 Railroad Place,Westport,CT,06880,true,HIGH (VERIFIED) - company and location source rechecked 2026-08-19,sec.gov,https://www.sec.gov/Archives/edgar/data/2104701/000090266426000256/0000902664-26-000256-index.htm
COMMUNICARE,10123 Alliance Road,Blue Ash,OH,45242,true,Assuming CommuniCare Health Services; name alone has several matches.,communicarehealth.com,https://communicarehealth.com/contact/
"RST DEVELOPMENT, LLC","168 Business Park Dr, Suite 200",Virginia Beach,VA,23462,true,HIGH (VERIFIED) - company and location source rechecked 2026-08-19,city-data.com,https://www.city-data.com/business-entities/Other-VA-C2.html
THE SHEENA LAW FIRM,"1001 Texas Ave, Suite 240",Houston,TX,77002,true,HIGH (VERIFIED) - company and location source rechecked 2026-08-19,cases.justia.com,https://cases.justia.com/federal/district-courts/california/candce/5%3A2010cv02862/229555/71/0.pdf
TOMORROW STUDIOS,"345 North Maple Drive, Suite 200",Beverly Hills,CA,90210,true,Production Weekly listing gives this address; official site does not clearly publish street address.,talesfromthecollection.com,https://talesfromthecollection.com/guilty-creatures/
PR MANAGEMENT,"1 Speen Street, Suite 205",Framingham,MA,01701,true,Official home office/contact address.,prmanagementcorp.com,https://prmanagementcorp.com/contact-us.html
"STEREN ELECTRONICS INTERNATIONAL, LLC.","8445 Camino Santa Fe, Suite 203",San Diego,CA,92121,true,family-owned electronics/connectivity firm (since 1956); rebranded as Steren Solutions LLC,bizprofile.net,https://www.bizprofile.net/ca/san-diego/2545
EIGHTEEN CAPITAL GROUP,"11615 Rosewood St, Suite 100",Leawood,KS,66211,true,Business profile/current-ish address; some pages show Kansas City Plaza office.,bbb.org,https://www.bbb.org/us/ks/leawood/profile/real-estate-rentals/eighteen-capital-group-0714-1000006915
SILVER MOUNTAIN PARTNERS,60 Stargazer Way,Sedona,AZ,86336,true,SEC Form D address c/o Leonard Capital Management; may be historical.,sec.gov,https://www.sec.gov/Archives/edgar/data/1659130/000165913016000002/xslFormDX07/primary_doc.xml
"MFAL CONSULTING, LLC",2401 NE 47th Street,Lighthouse Point,FL,33064,true,HIGH (VERIFIED) - final Florida annual report address before the 2025 administrative dissolution; donor later reported retirement; rechecked 2026-08-19,Florida Division of Corporations,https://search.sunbiz.org/Inquiry/corporationsearch/SearchResultDetail?aggregateId=flal-l18000096377-d3d2eccf-4543-4239-a447-382a75f769c2&directionType=ForwardList&inquirytype=EntityName&listNameOrder=MFALCON+L170001657840&searchNameOrder=MFALCONSULTING+L180000963770&searchTerm=MFAVII+LLC
CASTLEKNIGHT,"810 Seventh Avenue, Suite 803",New York,NY,10019,true,SEC/fund records list this address; some current databases show 888 Seventh Avenue/24th Floor.,bizprofile.net,https://www.bizprofile.net/ny/new-york/castleknight-management-lp
PERENNIAL PROPERTIES,"1777 Peachtree Street, Suite 200",Atlanta,GA,30309,true,Official contact page lists this address.,perennialproperties.net,https://www.perennialproperties.net/about-us
VLEIGH MANAGEMENT LLC,"111 Great Neck Road, Suite 400",Great Neck,NY,11021,true,Address appears in Florida filing as manager/principal related address.,search.sunbiz.org,https://search.sunbiz.org/Inquiry/CorporationSearch/SearchResultDetail?aggregateId=flal-l21000188113-d98fc5d4-57fa-491e-9537-438833d7a256&directionType=Initial&inquirytype=OfficerRegisteredAgentName&listNameOrder=MIRIAMFRANCISCACORTESZUNIGA+L110001044301&searchNameOrder=MIRIAMGLAUBACH+L210001881130&searchTerm=Miriam+Flynn-Castro+Living+Trust
CORPAC GROUP,"20803 Biscayne Blvd, Suite 502",Aventura,FL,33180,true,Official headquarters/contact address.,portal.corpacsteel.com,https://portal.corpacsteel.com/About-Us
"AMERICAL MANAGEMENT CO., INC.","10940 Wilshire Boulevard, Suite 1960",Los Angeles,CA,90024,true,"HIGH (VERIFIED) - California registry-derived record confirms the company, address, and Jan Zakowski; rechecked 2026-08-19",California business record,https://www.bizprofile.net/ca/los-angeles/americal-management-company-inc
RETTNER BUILDING MANAGEMENT,"6620 Southpoint Dr. S, Ste 230",Jacksonville,FL,32216,true,HIGH (VERIFIED) - company and location source rechecked 2026-08-19,search.sunbiz.org,https://search.sunbiz.org/Inquiry/corporationsearch/SearchResultDetail?aggregateId=flal-l23000550247-89d5a764-c33b-4606-8caa-e7252d5b4643&directionType=Initial&inquirytype=EntityName&listNameOrder=WGNPROPERTIES+L190001499510&searchNameOrder=WGNYLLMEMBER+L230005502470&searchTerm=WGN+PROPERTIES%2C+LLC
NELLIS CORPORATION,"7811 Montrose Road, Suite 420",Potomac,MD,20854,true,Official website lists this address.,nelliscorp.com,https://nelliscorp.com/portfolio-items/potomac-village-shopping-center/
PASSION GROWERS,7499 NW 31 Street,Miami,FL,33122,true,Sunbiz exact entity address; some directories show 7911 NW 21st Street.,search.sunbiz.org,https://search.sunbiz.org/Inquiry/corporationsearch/SearchResultDetail?aggregateId=flal-l01000016579-5c40caf8-d26b-4b21-a18d-f5fcb6dad28c&directionType=Initial&inquirytype=EntityName&listNameOrder=PASSIONGROWERS+L010000165791&searchNameOrder=PASSIONGROWERS+L010000165791&searchTerm=PASSION+GROWERS+LLC
"SANDALWOOD SECURITIES, INC.","105 Eisenhower Parkway, Suite 201",Roseland,NJ,07068,true,HIGH (VERIFIED) - official company contact page confirms the current office; rechecked 2026-08-19,Sandalwood Securities,https://www.sandalwoodsecurities.com/contact
UNITEDWEB,"8800 E Chaparral Road, Suite 300",Scottsdale,AZ,85250,true,HIGH (VERIFIED) - company and location source rechecked 2026-08-19,appsruntheworld.com,https://www.appsruntheworld.com/customers-database/customers/view/unitedweb-usa
DREAMWEAR INC,"183 Madison Ave, 10th Floor",New York,NY,10016,true,Official contact address.,linkedin.com,https://www.linkedin.com/company/dreamwear-inc
"NUT TREE CAPITAL MANAGEMENT, LP","55 Hudson Yards, 22nd Floor",New York,NY,10001,true,Official website lists this address.,sec.gov,https://www.sec.gov/Archives/edgar/data/1661655/000166165526000001/0001661655-26-000001-index.html
HIGHSAGE VENTURES,200 Clarendon Street,Boston,MA,02116,true,Investment profile/listing gives this Boston address; official public site not clearly available.,sec.gov,https://www.sec.gov/Archives/edgar/data/1800227/000090514825000638/0000905148-25-000638-index.htm
LAKESIDE SOFTWARE,"2 Oliver St, STE 700",Boston,MA,02109,true,Official contact page lists Boston headquarters.,play.google.com,https://play.google.com/store/apps/details?id=org.lakesidesoftware.systrack
ASTON CAPITAL,"355 Alhambra Circle, Suite 1350",Coral Gables,FL,33134,true,Sunbiz/company-history records list this Coral Gables address.,search.sunbiz.org,https://search.sunbiz.org/Inquiry/CorporationSearch/SearchResults?Detail=FL.DOS.Corporations.Shared.Contracts.FilingRecord&InquiryDirectionType=ForwardRecord&InquiryType=EntityName&ListNameOrder=ASTONBLUWAVES+L210004094840&SearchNameOrder=ASTONCAPITAL+L140000050330&SearchTerm=A+STOCK+WIRELESS+LLC
PALI ENTERTAINMENT,30778 Hwy 18,Running Springs,CA,92382,true,HIGH (VERIFIED) - company and location source rechecked 2026-08-19,ilovelakearrowhead.com,https://ilovelakearrowhead.com/visit/
ROCK COMPANIES,"6400 Telegraph Road, Suite 2500",Bloomfield Hills,MI,48301,true,Company/contact listings show this address.,linkedin.com,https://www.linkedin.com/company/rock-companies-llc
AUGUSTA ENTERPRISES,3514 Washington Rd,Augusta,GA,30907,true,HIGH (VERIFIED) - company and location source rechecked 2026-08-19,ecorp.sos.ga.gov,https://ecorp.sos.ga.gov/BusinessSearch/BusinessInformation?businessId=625726&businessType=Domestic+Profit+Corporation&fromSearch=True
CENTURION REALTY,"500 5th Ave, 39th Floor",New York,NY,10110,true,Official contact page lists this address; name is somewhat generic.,search.sunbiz.org,https://search.sunbiz.org/Inquiry/CorporationSearch/SearchResultDetail?aggregateId=forl-m18000001548-8fc5c776-84be-49a9-8288-8ded8013c8f2&directionType=CurrentList&inquirytype=OfficerRegisteredAgentName&listNameOrder=CENTURIONRACINGGROUPLLC+L130000602521&searchNameOrder=CENTURIONREALTYLLC+M180000015480&searchTerm=Centurion+Racing+Group+Llc
REGATTA USA,"275 Cooper Ave, Suite 116",Tonawanda,NY,14150,true,Official Regatta USA contact address.,regattasport.com,https://regattasport.com/pages/contact
HERCULES,"400 Hamilton Avenue, Suite 310",Palo Alto,CA,94301,true,"HIGH — Hercules Capital BDC (NYSE: HTGC), Palo Alto",sec.gov,https://www.sec.gov/Archives/edgar/data/1280784/000159396817000084/0001593968-17-000084-index-headers.html
LPC REAL ESTATE CORP,"2000 McKinney Avenue, Suite 1000",Dallas,TX,75201,true,"HIGH — Lincoln Property Company (LPC), Dallas HQ",document.epiq11.com,https://document.epiq11.com/document/getdocumentbycode?docId=4589616&projectCode=APY&source=DM
"TALCOTT HOLDINGS, INC","6538 Collins Avenue, Suite 233",Miami Beach,FL,33141,true,HIGH (VERIFIED) - Florida state record identifies Ephraim Greenwall and this company; replaces the unrelated Connecticut insurer; rechecked 2026-08-19,Florida Division of Corporations,https://search.sunbiz.org/Inquiry/corporationsearch/SearchResultDetail?aggregateId=domp-p19000050937-faa381b5-5ec5-4bef-8623-c98d9e4615c1&directionType=Initial&inquirytype=EntityName&listNameOrder=TALCOTTHOLDINGS+P190000509370&searchNameOrder=TALCOTTHOLDINGS+P190000509370&searchTerm=TALCOTT+HOLDINGS%2C+INC.
OMNINET CAPITAL,"9595 Wilshire Blvd, Suite 700",Beverly Hills,CA,90212,true,HIGH (VERIFIED) - company and location source rechecked 2026-08-19,pppreport.org,https://pppreport.org/location/CA/BEVERLY%2BHILLS
VICTORY PARK,"150 N Riverside Plaza, Suite 5200",Chicago,IL,60606,true,HIGH (VERIFIED) - company and location source rechecked 2026-08-19,sec.gov,https://www.sec.gov/Archives/edgar/data/1879521/000121390025087279/0001213900-25-087279-index.htm
SANTA MONICA PARTNERS,1865 Palmer Avenue,Larchmont,NY,10538,true,HIGH (VERIFIED) - company and location source rechecked 2026-08-19,sec.gov,https://www.sec.gov/Archives/edgar/data/904793/000090479321000003/dsny13dno1for20202101.pdf
GOOD HEALTH,410 Cloverleaf Dr,Baldwin Park,CA,91706,true,"HIGH — Good Health Inc dba Premier Pharmacy Services (Stephen E. Samuel, CEO); verified via CA Board of Pharmacy + FDA records [key is the canonical cleaned name; INC unified in manual_typo_overrides.json]",pharmacy.ca.gov,https://www.pharmacy.ca.gov/enforcement/fy1920/ac196863_rph46795
THE MARCUS FOUNDATION,"100 Colony Square, 1175 Peachtree St NE, Suite 2120",Atlanta,GA,30361,true,HIGH (verified) — was incorrectly linked to Home Depot HQ,pp-990-rendered.s3.us-east-1.amazonaws.com,https://pp-990-rendered.s3.us-east-1.amazonaws.com/202103159349100600_IRS990ScheduleB_0.html?X-Amz-Algorithm=AWS4-HMAC-SHA256&X-Amz-Credential=AKIA266MJEJYTM5WAG5Y%2F20260306%2Fus-east-1%2Fs3%2Faws4_request&X-Amz-Date=20260306T181134Z&X-Amz-Expires=1800&X-Amz-Signature=6a8478e7aa5424c4b7bd727748ae8c8b2900c57f12d8d6bcd1b7667d33f7bdf6&X-Amz-SignedHeaders=host
GREENSKY,5565 Glenridge Connector,Atlanta,GA,30342,true,"HIGH (verified) — Atlanta HQ, not the Naples FL office",greensky.com,https://www.greensky.com/directions/
"SAMSON ENERGY COMPANY, LLC","110 W 7th St, Suite 2000",Tulsa,OK,74119,true,"HIGH (verified) — Tulsa HQ, not the Houston operations office",tulsachamber.com,https://tulsachamber.com/membership/active-member/samson-energy-company-llc/
FREEPOINT COMMODITIES,58 Commerce Rd,Stamford,CT,06902,true,"HIGH (verified) — Stamford global HQ, not the NY trading desk",eservices.revenue.pa.gov,https://www.eservices.revenue.pa.gov/MAFT/MFT_Class_1-5.pdf
EDWARD C. LEVY CO.,9300 Dix Avenue,Dearborn,MI,48120,true,"HIGH (VERIFIED) - current court service record and Michigan filing confirm Dearborn, not Detroit; rechecked 2026-08-19",U.S. Bankruptcy Court filing,https://casedocs.omniagentsolutions.com/cmsvol2/pub_47527/7c986c5b-20dc-4b00-aaf3-bf78f8457cd4_382.pdf
JLL,200 East Randolph Drive,Chicago,IL,60601,true,Global headquarters; largest donor group is Chicago (replaces invalid row) (web-verified 2026-09-22),jll.com,https://ir.jll.com/resources/contact-investor-relations/default.aspx
HIGHFIELDS CAPITAL,"200 Clarendon St, 59th Floor",Boston,MA,02116,true,"HIGH (verified) — Boston HQ, not the West Conshohocken branch",sec.gov,https://www.sec.gov/Archives/edgar/data/1400891/000106299319001998/xslF345X03/form4.xml
HACKMAN CAPITAL PARTNERS,"11111 Santa Monica Blvd, Suite 850",Los Angeles,CA,90025,true,"HIGH (verified) — LA HQ, not the Dallas branch",files.brokercheck.finra.org,https://files.brokercheck.finra.org/individual/individual_2939887.pdf
EDISON PROPERTIES,110 Edison Pl,Newark,NJ,07102,true,"HIGH (verified) — Newark NJ HQ, not the Philly office",bbb.org,https://www.bbb.org/us/nj/newark/profile/parking-facilities/edison-properties-llc-0221-10001905
CROWNE PARTNERS INC,"100 Grandview Pl, Suite 420",Birmingham,AL,35243,true,"HIGH (verified) — Birmingham AL HQ, not the NYC virtual office",alabamaatj.org,https://alabamaatj.org/wp-content/uploads/2013/09/ATJ-Materials-1.pdf
CHICAGO TRADING COMPANY,"141 W Jackson Blvd, Suite 800",Chicago,IL,60604,true,HIGH (verified) — Chicago Board of Trade tower (moved from 410 N Michigan),disclosures-clerk.house.gov,https://disclosures-clerk.house.gov/gtimages/ST/2023/500026689.pdf
PENNANT HOUSING GROUP,"1900 M Street NW, 3rd Floor",Washington,DC,20036,true,affordable-housing developer (PHG); not Pennant Group Inc (ID healthcare),pennanthousing.com,https://www.pennanthousing.com/contact
STONECOURT CAPITAL LP,"10 East 53rd Street, 13th Floor",New York,NY,10022,true,"HIGH (verified) — Manhattan HQ; ""STONECOURT CAPITAL PARTNERS"" merged into this entry",sec.gov,https://www.sec.gov/Archives/edgar/data/1881796/000156761921018667/0001567619-21-018667-index.htm
MOORE HOLDINGS,"40 West 57th Street, Suite 2010",New York,NY,10019,true,HIGH (verified) — David L. Moore (Chairman & CEO); diversified holding company (PE/VC/investments),mooreholdings.com,https://mooreholdings.com/
FEDWAY ASSOCIATES,505 Martinsville Road,Basking Ridge,NJ,07920,true,HIGH (verified) — NJ's largest wine & spirits distributor (est. 1933); fedway.com; additional sites in Elizabeth + Mount Laurel NJ,linkedin.com,https://www.linkedin.com/company/fedway-associates
BVISION SPORTSMEDIA,111 Valley Drive,Greenwich,CT,06831,true,HIGH (VERIFIED) - company and location source rechecked 2026-08-19,trademarkencyclopedia.com,https://www.trademarkencyclopedia.com/the-love-market/
UNITLEADER,"2159 India Street, Suite 200",San Diego,CA,92101,true,"HIGH (verified) — Unit Leader, LLC (est. 2019); VC/PE focused on PropTech/SaaS/multifamily RE; Dana Zeff (Chief Disrupter/Managing Partner); unitleader.com",bizprofile.net,https://www.bizprofile.net/ca/san-diego/unitleader-simplifyy-llc
MGS PARTNERS,"411 Hackensack Avenue, 5th Floor",Hackensack,NJ,07601,true,"HIGH (verified) — MGS Corporation; propane marketer + petroleum products distributor in NJ; matches donor (Nathan Lindenbaum, propane marketer, Teaneck NJ)",city-data.com,https://www.city-data.com/business-entities/Hackensack-NJ-M.html
BDJ,11175 Santa Monica Blvd,Los Angeles,CA,90025,true,"HIGH (verified) — BD&J, PC (est. 2007); personal injury law firm (auto/truck accidents, wrongful death, product liability); matches donor (Kourosh Moghadam, attorney, LA)",linkedin.com,https://www.linkedin.com/company/bdjinjurylawyers
DANTO INVESTMENT CO.,"1700 Stutz Drive, Suite 25",Troy,MI,48084,true,"HIGH (verified) — Danto Investment Company; owns/operates Michigan Design Center; RE investment + interior-design products; matches donor (James Danto, Bloomfield Hills MI)",yellowpages.com,https://www.yellowpages.com/troy-mi/mip/danto-investment-co-473432879
SHETLAND PROPERTIES,5410 W Roosevelt Road,Chicago,IL,60644,true,"HIGH (verified) — Chicago RE firm; industrial/business park development for SMBs; matches donor (Andrew Lappin, real estate, Glencoe IL)",linkedin.com,https://www.linkedin.com/company/shetland-properties
OAKTREE CAPITAL,"333 South Grand Avenue, 28th Floor",Los Angeles,CA,90071,true,"HIGH (verified) — Oaktree Capital Management (est. 1995); global HQ, alt investments / distressed debt; Howard Marks + Bruce Karsh (founders); Brookfield owns majority",assets.disclosurequest.com,https://assets.disclosurequest.com/Archives/edgar/data/1470991/000118143109043275/xslFormDX01/primary_doc.html
JOHN A. GOLDEN ASSOCIATES,"12 East 49th Street, Floor 41",New York,NY,10017,true,"HIGH (verified) — John A. Golden Associates Inc.; merchant banking + investment services; John A. Golden (Founder & President, Water Mill NY)",bizprofile.net,https://www.bizprofile.net/ny/new-york/17104
"TG HOLDINGS, LLC","17895 Collins Avenue, Suite 2600",Sunny Isles Beach,FL,33160,true,"HIGH (verified) — part of The Trump Group (Julius ""Jules"" + Eddie Trump, NOT Donald Trump); RE dev/investment; Acqualina Resort + Williams Island; matches donor (Julius Trump, Sunny Isles Beach FL)",search.sunbiz.org,https://search.sunbiz.org/Inquiry/CorporationSearch/SearchResultDetail?aggregateId=forl-m17000000192-91f277a1-6a32-42ee-a4be-a7cd611bd413&directionType=Initial&inquirytype=EntityName&listNameOrder=TGHINVESTMENTS+L020000025400&searchNameOrder=TGHOLDINGS+M170000001920&searchTerm=T+G+H+INVESTMENTS+INC
BAG INVESTMENTS,"10100 Culver Blvd, Suite D",Culver City,CA,90232,true,Current FEC filings match the published BAG Investments office; manually verified 2026-08-03.,manta.com,https://www.manta.com/c/mm4500k/bag-investments
GIBSON DUNN & CRUTCHER,333 South Grand Avenue,Los Angeles,CA,90071,true,"HIGH (verified) — Gibson, Dunn & Crutcher LLP (est. 1890 in LA); global law firm (2200+ lawyers in 23 offices); LA = historic HQ; matches most donors (LA-based attorneys). NY office at 200 Park Ave is also major",apps.calbar.ca.gov,https://apps.calbar.ca.gov/members/cert_detail.aspx?PID=1031&SpecCode=
REICH BROTHERS,172 South Broadway,White Plains,NY,10605,true,HIGH (verified) — Reich Brothers LLC (est. 2009); industrial RE investment/redev (20M+ sq ft); Adam + Jonathan Reich (Co-CEOs); donor Adam Reich lives in LA but firm HQ is White Plains NY,reichbros.com,https://reichbros.com/
AGINS INTERIOR,19 Eucalyptus Road,Belvedere Tiburon,CA,94920,true,HIGH (verified) — Agins Interiors; small interior design firm (2–10 staff); Kendal Elyse Agins (Owner/Designer); HQ at owner's Marin County residence; note: same Belvedere community as Michelle Friend,dandb.com,https://www.dandb.com/businessdirectory/belvederetiburon-california-ca-interiordesignservices-73890600.html
KAITAR RESOURCES,"1517 PERIMETER ROAD, SUITE 506",WEST PALM BEACH,FL,33406,true,2026-05 manual cleanup session,us.kompass.com,https://us.kompass.com/c/kaitar-resources-llc/usnn5952761/
LIGHTSPARK,"8605 Santa Monica Blvd, PMB 64461",West Hollywood,CA,90069,true,"HIGH (verified) — Lightspark Group Inc. (est. 2022); fintech for Bitcoin Lightning Network payments; David Marcus (CEO; ex-PayPal president, ex-Meta Libra/Diem lead)",lightspark.com,https://www.lightspark.com/terms-of-use
ATLANTIC AUTOMOTIVE CORP.,"1 Olympic Place, Suite 1100",Towson,MD,21204,true,HIGH (VERIFIED) - Atlantic Automotive's 2025 employee guide confirms the current office; rechecked 2026-08-19,Atlantic Automotive / MileOne,https://images.mileone.com/Peter/2025/2/MileOne2025AdvantageGuide.pdf
KEYES AUTOMOTIVE GROUP,5855 Van Nuys Blvd,Van Nuys,CA,91401,true,"HIGH (verified) — Keyes Automotive Group (60+ years, family-owned); multi-brand LA-area dealership group (Toyota/Honda/Hyundai/Lexus/Audi/Porsche/Chevy); Howard Keyes (President), Howard Tenenbaum; partial sale to Lithia Motors c.2020 but brand still active",linkedin.com,https://www.linkedin.com/company/keyes-automotive-group
BELLOCK CONSTRUCTION INC,"2500 Arapahoe Avenue, Suite 220",Boulder,CO,80302,true,HIGH (verified) — Chuck Bellock Construction Inc.; general contractor (residential + commercial); Chuck (Charles R.) Bellock (founder); also linked to Community Development Group (CDG) in CO,naicslist.com,https://naicslist.com/company-profile/chuck-bellock-construction-inc-boulder-co-80302
PENNANTPARK INVESTMENT CORPORATION,"1691 Michigan Avenue, Suite 500",Miami Beach,FL,33139,true,"HIGH (verified) — PennantPark Investment Corporation (NASDAQ: PNNT); BDC / private credit firm; Arthur Penn (founder); HQ relocated from NYC (590 Madison Ave) to Miami Beach c.2020-2022 per SEC 10-K; ""PENNANTPARK"" + ""PENNANTPARK INVESTMENTS"" merged into this canonical",pnnt.pennantpark.com,https://pnnt.pennantpark.com/static-files/2e0ef7b7-f5e3-429a-8aa2-98b998faac2a
GATEHOUSE MANAGEMENT,"120 Forbes Blvd, Suite 180",Mansfield,MA,02048,true,HIGH (verified) — Gatehouse Management Inc. / Gatehouse Group; residential RE management,business.sos.ri.gov,https://business.sos.ri.gov/CorpWeb/CorpSearch/CorpSummary.aspx?FEIN=000081534
OLD COURT GROUP,750 Lexington Ave,New York,NY,10022,true,Repeated current FEC filings for Jacques Blinbaum and Old Court Group; manually verified 2026-08-03.,sec.gov,https://www.sec.gov/Archives/edgar/data/2100161/000119312526222128/0001193125-26-222128-index-headers.html
BLACKSTONE GROUP,345 Park Avenue,New York,NY,10154,true,HIGH (verified) — Blackstone Inc. (NYSE: BX); global alt asset manager,sec.gov,https://www.sec.gov/Archives/edgar/data/2100161/000119312526222128/0001193125-26-222128-index-headers.html
MESIROW FINANCIAL,353 N Clark Street,Chicago,IL,60654,true,HIGH (verified) — Mesirow Financial; Chicago HQ; financial advisory + investment management,search.sunbiz.org,https://search.sunbiz.org/Inquiry/corporationsearch/SearchResultDetail?aggregateId=forp-f16000004260-b4c40c81-a644-4589-81ed-8edf9d4923be&directionType=ForwardList&inquirytype=EntityName&listNameOrder=MESIROKALA+L100000715710&searchNameOrder=MESIROWFINANCIALSERVICES+F160000042600&searchTerm=MESIROKALA%2C+LLC
GUAC-LOCK,,Scarsdale,NY,10583,true,HIGH (VERIFIED) - company and location source rechecked 2026-08-19,patents.justia.com,https://patents.justia.com/patent/D820036
ROCKDALE CAPITAL,650 Liberty Avenue,Union,NJ,07083,true,HIGH (verified) — Rockdale Capital; private investments; Warren Eisenberg (Managing Partner); Union NJ HQ (donor lives Short Hills NJ),990s.foundationcenter.org,https://990s.foundationcenter.org/990pf_pdf_archive/800/800063655/800063655_201312_990PF.pdf
JOHNSON REAL ESTATE,,West Hartford,CT,06117,true,HIGH (VERIFIED) - company and location source rechecked 2026-08-19,homes.com,https://www.homes.com/property/422-s-main-st-west-hartford-ct/47s8t2ch7gs6g/
GILBERT FILMS,"190 N CANON DRIVE, SUITE 204",BEVERLY HILLS,CA,90210,true,2026-05 manual cleanup session,bizprofile.net,https://www.bizprofile.net/ca/beverly-hills/gilbert-films-llc
PROGRESSIVE PUBLICATIONS,370 Technology Drive,Malvern,PA,19355,true,HIGH (verified) — Progressive Business Publications (PBP); Edward Satell (Founder & CEO),pacodeandbulletin.gov,https://www.pacodeandbulletin.gov/Display/pabull?file=%2Fsecure%2Fpabulletin%2Fdata%2Fvol38%2F38-23%2F1088z7.html
ATLANTIC COAST ENTERPRISES,"1001 W Cypress Creek Rd, Suite 401",Fort Lauderdale,FL,33309,true,HIGH (verified) — Atlantic Coast Enterprises LLC; Jiffy Lube franchisee; Albert Al Chance (CEO),yellowpages.com,https://www.yellowpages.com/fort-lauderdale-fl/mip/atlantic-coast-enterprises-464727792
KARNEY PROPERTIES CO.,"1447 Cloverfield Boulevard, Suite 200",Santa Monica,CA,90404,true,HIGH (VERIFIED) - official company contact page confirms the current office; replaces the former Brentwood office; rechecked 2026-08-19,Karney Properties,https://karney.net/contact/
LKV MANAGEMENT,"112 South Tryon St, Suite 200",Charlotte,NC,28284,true,HIGH (verified) — LKV Management LLC / The Vickar Group; Kerry Vickar (Chairman/CEO),b2bhint.com,https://b2bhint.com/en/company/us-fl/lkv-management-llc--L06000021991
"MARIC, INC.","197 1st Ave, Suite 300",Needham Heights,MA,02494,true,HIGH (verified) — Maric Inc. (commercial RE investment); Mark Rubin (President),city.waltham.ma.us,https://www.city.waltham.ma.us/sites/g/files/vyhlif12301/f/uploads/petition_documents_for_website.pdf
X LIZZIE TISCH,52 Park Avenue,New York,NY,10016,true,HIGH (verified) — LTD by Lizzie Tisch (fashion/art/event curation); Lizzie Tisch (Tisch family/Loews); office (store at 828 Madison),esna-nyc.net,https://esna-nyc.net/wp-content/uploads/2021/10/Late-Summer-Newsletter.pdf
STOICLANE,"222 N LaSalle St, Suite 1600",Chicago,IL,60601,true,HIGH (verified) — StoicLane (financial-services acquisition platform); Al Goldstein (Co-Founder/CEO/Chairman; ex-Avant founder),sec.gov,https://www.sec.gov/Archives/edgar/data/1885573/000188557322000001/0001885573-22-000001-index.htm
UNICO ITC,"240 W Palmetto Park Rd, Suite 300",Boca Raton,FL,33432,true,HIGH (verified) — Unico ITC (wipes + cleaning products: A World of Wipes / Dutch Harbor Brands); Tansman family,aworldofwipes.com,https://www.aworldofwipes.com/
JFS,6735 Telegraph Rd #30,Bloomfield Hills,MI,48301,true,HIGH (verified) — JFS / Jewish Family Service; Wendy Eisenshtadt (Development); affiliated with Jewish Federation of Metro Detroit,digital.bentley.umich.edu,https://digital.bentley.umich.edu/djnews/djn.2021.12.30.001/57
STEIN ADVISORS LLC,42 River Wind Rd,New Canaan,CT,06840,true,HIGH (verified) — Stein Advisors LLC (financial advisory + turnaround); Jeffrey S. Stein (Founder & Managing Partner),my.turnaround.org,https://my.turnaround.org/Chapters/Chapter-Members?pa_chapterid=%7B38200680-95CC-EC11-A7B5-0022482F86EF%7D
Y MEADOWS,,Los Angeles,CA,90067,true,HIGH (VERIFIED) - company and location source rechecked 2026-08-19,bizprofile.net,https://www.bizprofile.net/ca/los-angeles/y-meadows-inc
ALYDAR CAPITAL LLC,"222 Berkeley Street, 17th Floor",Boston,MA,02116,true,"HIGH (verified) — Alydar Capital LLC (hedge fund, long/short equity); est. ~2003; Lawrence D. Greenberg (retired since ~2018, lives in Weston MA)",isda.org,https://www.isda.org/a/wRcEE/alydarcap.pdf
SYNERGY ACADEMICS,"6700 Fallbrook Avenue, Suite 101",West Hills,CA,91307,true,Official Synergy Academics site identifies founder Jennifer Lopata and this tutoring-center address; verified 2026-08-04.,findglocal.com,https://www.findglocal.com/US/West-Hills-CA/240849-10
"INTELISENT, LLC",597 North Mountain Road,Newington,CT,06111,true,"HIGH (verified) — Intelisent LLC (mail tracking + delivery analytics; spin-off from Data-Mail, ~2011); Mark Mandell (Founder/President/CEO); donor Mandell uses Newington + West Hartford CT addresses",nitl.org,https://www.nitl.org/wp-content/uploads/2023/07/Final-2023.pdf
ATALAN CAPITAL,"140 East 45th Street, 17th Floor",New York,NY,10017,true,HIGH (verified) — Atalan Capital Partners (hedge fund); NYC,atalancap.com,https://www.atalancap.com/
SCULPTOR CAPITAL MANAGEMENT,9 West 57th Street,New York,NY,10019,true,HIGH (verified) — Sculptor Capital Management (NYSE: SCU; formerly Och-Ziff); NYC HQ,bizprofile.net,https://www.bizprofile.net/ny/new-york/sculptor-capital-management-inc
"KITU SYSTEMS, INC.","3760 Convoy Street, Suite 221",San Diego,CA,92111,true,HIGH (verified) — Kitu Systems (clean energy / IoT for renewables + EV charging); Rick Kornfeld,kitu.io,https://www.kitu.io/press/copy-of-dtech2019-der
DANZIGER DELLANO,"440 Louisiana St, Suite 1212",Houston,TX,77002,true,HIGH (verified) — Danziger & De Llano LLP (personal injury / Mesothelioma law); Houston HQ,texasbar.com,https://www.texasbar.com/AM/Template.cfm?ContactID=152125&Section=Find_A_Lawyer&template=%2FCustomsource%2FMemberDirectory%2FMemberDirectoryDetail.cfm
C3.AI,1300 Seaport Boulevard,Redwood City,CA,94063,true,HIGH (verified) — C3.ai Inc. (NYSE: AI); enterprise AI software,ised-isde.canada.ca,https://ised-isde.canada.ca/cipo/trademark-search/1790331
GREENBERG TRAURIG,"333 SE 2nd Avenue, Suite 4400",Miami,FL,33131,true,HIGH (verified) — Greenberg Traurig LLP; major international law firm; Miami HQ; 17 donors in our data,gtlaw.com,https://www.gtlaw.com/en/locations
BENCH WALK ADVISORS,"485 Lexington Avenue, 29th Floor",New York,NY,10017,true,HIGH (verified) — Bench Walk Advisors LLC (litigation finance); NYC HQ + Boca Raton + London + Delaware offices,benchwalk.com,https://benchwalk.com/contact-us/
CRESCENT GARDEN COMPANY,6807 Biscayne Boulevard,Miami,FL,33138,true,Official Crescent Garden contact and privacy pages identify Dotchi LLC dba Crescent Garden Company at this address; Harry Tchira is co-founder; verified 2026-08-04.,crescentgarden.com,https://www.crescentgarden.com/privacy/
NEW JERSEY BRAIN AND SPINE,"650 From Road, Suite 220",Paramus,NJ,07652,true,HIGH (verified) — NJ Brain and Spine Center (neurosurgery + spine); Paramus = main HQ; also Hackensack (20 Prospect Ave Ste 907) + Montclair,njbrainspine.com,https://njbrainspine.com/location/paramus-office/
KOSS CORPORATION,4129 N Port Washington Rd,Milwaukee,WI,53212,true,HIGH (verified) — Koss Corporation (NASDAQ: KOSS); audio products / headphones; Michael J. Koss (President & CEO); MICHAEL KOSS + MKOSS variants merged into this canonical,koss.com,https://koss.com/pages/contact-us
RIPCO REAL ESTATE,"150 East 58th Street, 15th Floor",New York,NY,10155,true,HIGH (verified) — RIPCO Real Estate (commercial RE brokerage); Manhattan HQ + offices in Brooklyn/NJ/CT/FL; RIPCO + TCOOPER@RIPCONY.COM variants merged into this canonical; the old DB entry had wrong Chicago address (mixed with RIPCO Holdings),ripcony.com,https://www.ripcony.com/contact/
PROPANE POWER CORP.,873 Delancey Street,Newark,NJ,07105,true,HIGH (VERIFIED) - multiple company directories identify this operating address; the competing 915 address was not retained; rechecked 2026-08-19,New Jersey business directory,https://bizstanding.com/directory/NJ/PR/2077/
AMERICAN EDUCATIONAL INSTITUTE,"111 E Merrill Street, Suite 300",Birmingham,MI,48009,true,Official AEI contact page and 2025-26 course document name CEO David R. Victor at this address; verified 2026-08-04.,aeiseminars.com,https://aeiseminars.com/sites/default/files/2025-07/MSKI25%20Outline.pdf
SCHER INVESTMENT GROUP,"1485 E Valley Road, Suite C",Montecito,CA,93108,true,HIGH (verified) — investments + RE development; Montecito/Santa Barbara CA,scherinvest.com,https://scherinvest.com/contact.html
"JOEL REINSTEIN, PLLC","925 South Federal Highway, Suite 325",Boca Raton,FL,33432,true,HIGH (VERIFIED) - current legal directory confirms the professional office; rechecked 2026-08-19,FindLaw,https://lawyers.findlaw.com/florida/boca-raton/4177283_1/
WING LAKE CAPITAL PARTNERS,"32300 Northwestern Hwy, Suite 215",Farmington Hills,MI,48334,true,HIGH (verified) — alternative funding + business advisory; Farmington Hills MI,winglakecp.com,https://www.winglakecp.com/privacy-policy
HALPERN ENTERPRISES,5200 Roswell Rd,Atlanta,GA,30342,true,HIGH (verified) — shopping center owner/operator (50+ centers); Atlanta HQ,efile.ethics.ga.gov,https://efile.ethics.ga.gov/ReportsOutput/103/f70b73f3-2550-4633-ac14-9d17255a1bfe.pdf
ABUNDANT VENTURE PARTNERS,"515 N STATE STREET, SUITE 300",CHICAGO,IL,60654,true,2026-05 manual cleanup session,abundantventurepartners.com,https://www.abundantventurepartners.com/contact/
SERVENCO MANAGEMENT,"53 Forest Avenue, Suite 200",Old Greenwich,CT,06870,true,Official Servenco contact and team pages identify Rafael Steinberg and this corporate-office address; verified 2026-08-04.,servenco.com,https://servenco.com/contact-us
UNITEX,"565 Taxter Road, Suite 620",Elmsford,NY,10523,true,HIGH (verified) — Unitex Textile Services; corporate office Elmsford NY (Westchester),unitex.com,https://www.unitex.com/contact/
NEW WAVE LOANS,"3323 NE 163rd Street, PH 704",North Miami Beach,FL,33160,true,Official New Wave Loans team page lists founder Joel Eidelstein at this address; corroborated by Florida Division of Corporations; verified 2026-08-04.,newwaveloans.com,https://newwaveloans.com/contact-us/
EGG ELECTRIC,"35 West 45th Street, 4th Floor",New York,NY,10036,true,HIGH (verified) — Egg Electric (NYC electrical contractor),eggelectric.com,https://eggelectric.com/contact/
NEWCO CAPITAL GROUP,"1801 NE 123rd Street, Suite 421",North Miami,FL,33181,true,HIGH (verified) — NewCo Capital Group (merchant banking / investments),search.sunbiz.org,https://search.sunbiz.org/Inquiry/CorporationSearch/SearchResultDetail?aggregateId=forl-m21000014778-d2184a45-9e5f-4f6a-9609-14ec5bca7f81&directionType=CurrentList&inquirytype=EntityName&listNameOrder=NEWCOAVOCET+J686020&searchNameOrder=NEWCOCAPITALGROUP+M210000147780&searchTerm=NEW+COAST+CONSTRUCTION+LLC
MILLENIUM,399 Park Avenue,New York,NY,10022,true,HIGH (VERIFIED) - company and location source rechecked 2026-08-19,ir.supernus.com,https://ir.supernus.com/static-files/68440f76-da42-4fec-9d08-fb08aebc7438
GOLDEN SPRINGS DEVELOPMENT,13116 Imperial Highway,Santa Fe Springs,CA,90670,true,HIGH (verified) — Berkett + Sassover families; industrial/RE development; Santa Fe Springs CA HQ (NOT same as Total Source/Golden Springs which is the Flesh family),lei.bloomberg.com,https://lei.bloomberg.com/leis/view/984500B94BEE01T87D76
SOLEL PARTNERS,"699 Boylston Street, 15th Floor",Boston,MA,02116,true,HIGH (verified) — Solel Partners (value-oriented hedge fund / PE); Boston HQ,sec.gov,https://www.sec.gov/Archives/edgar/data/1790604/000090514826000865/0000905148-26-000865-index.html
DOWNTOWN CAPITAL PARTNERS,"360 Hamilton Avenue, Suite 1110",White Plains,NY,10601,true,Court service list names Downtown Capital Partners and Gary Katz at this address; current New York business filings use the same address; verified 2026-08-04.,pincusco.com,https://www.pincusco.com/company/downtown-capital-partners/
KLINE PROPERTIES,"1910 E Washington St, Suite B",Indianapolis,IN,46201,true,HIGH (verified) — Kline Properties (RE management); Indianapolis HQ (also TX/Austin offices),citybase-cms-prod.s3.amazonaws.com,https://citybase-cms-prod.s3.amazonaws.com/2df1d3fee0af40ab997679a411815596.pdf
IMMUNIS.AI,582 NW Van Buren Avenue,Corvallis,OR,97330,true,2025 European Patent Office publication identifies Immunis.AI and founder Geoffrey Erickson at this company address; verified 2026-08-04.,ipd.gov.hk,https://www.ipd.gov.hk/hkipjournal/25022022/Patent_25022022.pdf
REGENT PROPERTIES,"2001 ROSS AVENUE, SUITE 4601",DALLAS,TX,75201,true,2026-05 manual cleanup session,regentproperties.com,https://www.regentproperties.com/regent-pm-team
STEWARD PARTNERS,400 ATLANTIC STREET,STAMFORD,CT,06901,true,2026-05 manual cleanup session,stewardpartners.com,https://www.stewardpartners.com/our-locations.11.htm
PULL-A-PART,4473 Tilly Mill Road,Doraville,GA,30360,true,HIGH (verified) — Pull-A-Part LLC (est. 1997); largest DIY self-service auto recycler in US (36+ yards / 16 states); Cohen family ownership (3rd/4th gen); Doraville GA HQ; pullapart.com,sellmycar.pullapart.com,https://sellmycar.pullapart.com/georgia/doraville/
GENESIS10,"950 Third Avenue, 26th Floor",New York,NY,10022,true,HIGH (verified) — Genesis10 (IT staffing + workforce solutions + tech consulting); Harley Lippman (Founder & CEO); GENESIS CORP + GENESIS 10 variants merged into this canonical; old DB Seattle address was wrong,genesis10.com,https://www.genesis10.com/locations
JACOBY AND MEYERS,"2000 Avenue of the Stars, Suite 1150S",Los Angeles,CA,90067,true,HIGH (verified) — Jacoby & Meyers Law Offices; personal injury law firm; LA HQ + offices across CA + other states,jacobyandmeyers.com,https://www.jacobyandmeyers.com/contact/
IDEAL FASTENER,"10800 Biscayne Blvd, Suite 810",Miami,FL,33161,true,Official Florida Division of Corporations annual report lists Jeffrey Gut as co-president at this principal place of business; verified 2026-08-04.,idealfastener.com,https://idealfastener.com/contact/
JUNO INVESTMENTS,"950 Third Avenue, Suite 2300",New York,NY,10022,true,"HIGH (verified) — Juno Investments LLC (PE for US middle/lower-middle market manufacturing); est. 2004; Jimmy Haber (Managing Partner); Midtown East Manhattan (same building as Genesis10, different floor)",dnb.com,https://www.dnb.com/business-directory/company-profiles.juno_investments_llc.8769279cc5f72f5ab9b46274b0bafcc5.html
RETRO CONSULTING,,North Andover,MA,01845,true,HIGH (VERIFIED) - company and location source rechecked 2026-08-19,dexknows.com,https://www.dexknows.com/north-andover-ma/disc-jockeys
TRANSFORMER LAB SERVICES,12 Waverly Place,Lawrence,NY,11559,true,HIGH (VERIFIED) - company and location source rechecked 2026-08-19,pdfcoffee.com,https://pdfcoffee.com/ein-master-pdf-pdf-free.html
FELSON CO,610 N Maple Drive,Beverly Hills,CA,90210,true,"HIGH (verified) — Felson Companies (multifamily RE investment + mgmt; 1400+ units, mostly Hayward CA); family-owned since 1948; Joe Felson (Partner/Owner); Beverly Hills CA is owner-listed address",beverlyhills.org,https://www.beverlyhills.org/DocumentCenter/View/7385/Form-460---Pre-election-Statement-01-01-2022-thru-04-23-2022
KELLI'S,"3311 Boyington Drive, Suite 400",Carrollton,TX,75006,true,Official Kelli's Gift Shop Suppliers new-vendor page lists this address; verified 2026-08-04.,tdlr.texas.gov,https://www.tdlr.texas.gov/TABS/Search/Project/TABS2025022250
GRAND SAKWA PROPERTIES,"28470 W 13 Mile Road, Suite 220",Farmington Hills,MI,48334,true,HIGH (verified) — Grand Sakwa Properties; Gary Sakwa (Co-Founder/Managing Partner); MI RE,mirealtors.com,https://www.mirealtors.com/Portals/0/Documents/Commerciallist17.pdf
CONROY COMMERCIAL,5877 West 3rd Street,Los Angeles,CA,90036,true,HIGH (verified) — Conroy Commercial RE; Brad Conroy (Principal/Broker),conroycommercial.com,https://conroycommercial.com/
ZEEV VENTURES,"555 Bryant Street, Suite 811",Palo Alto,CA,94301,true,HIGH (verified) — Oren Zeev VC; Palo Alto HQ; donor in Los Altos Hills,sec.gov,https://www.sec.gov/Archives/edgar/data/1878390/000119312525257068/0001193125-25-257068-index.htm
THE MILESTONE GROUP,"2385 NW Executive Center Drive, Suite 240",Boca Raton,FL,33431,true,HIGH (verified) — The Milestone Group; Jeffrey L. Goldberg (Co-Managing Partner),milestonegp.com,https://www.milestonegp.com/
UNITED ELDER CARE SERVICES,"4700 NW 2nd Avenue, Suite 400",Boca Raton,FL,33431,true,Florida corporate records and the current Boca Home Care Services profile identify Lisa Kaufman-Bensmihen and United Elder Care Services at this address; verified 2026-08-04.,search.sunbiz.org,https://search.sunbiz.org/Inquiry/CorporationSearch/GetDocument?aggregateId=domp-p98000053409-5c0fb09f-5123-461a-a0e6-e1c5cc12e9a4&formatType=PDF&transactionId=p98000053409-4bb2c130-9198-4881-acc3-f3c9866cb9ff
LINDEN,,Chicago,IL,60601,true,HIGH (VERIFIED) - company and location source rechecked 2026-08-19,gisapps.chicago.gov,https://gisapps.chicago.gov/gisimages/zoning_pds/former%20scanned%20PDs/PD368%20Part%201%20of%207.pdf
MAVEN,,LOS ALTOS HILLS,CA,94022,true,2026-05 manual cleanup session,ised-isde.canada.ca,https://ised-isde.canada.ca/cipo/trademark-search/2176347?wbdisable=true
PROVIDENCE REAL ESTATE,"3201 Old Glenview Road, Suite 200",Wilmette,IL,60091,true,HIGH (VERIFIED) - Providence Real Estate trademark owner and company records confirm this office; replaces unrelated Minnesota listing; rechecked 2026-08-19,USPTO trademark record,https://tsdr.uspto.gov/#caseNumber=99156040&caseSearchType=US_APPLICATION&caseType=DEFAULT&searchType=statusSearch
BOSTON LAND COMPANY,"255 Bear Hill Road, Suite 101",Waltham,MA,02451,true,Official Boston Land Company site identifies co-founder and president Robert Kargman at this address; verified 2026-08-04.,bostonland.com,https://bostonland.com/about.php
RECOGNIZE LP,"540 Madison Avenue, 2nd Floor",New York,NY,10022,true,Official Recognize announcement lists this New York office; verified 2026-08-04.,fliphtml5.com,https://fliphtml5.com/ldkst/ffvo/City_%26_State_NY_051225/
LOGS GROUP,"2424 N FEDERAL HWY, SUITE 360",BOCA RATON,FL,33431,true,2026-05 manual cleanup session,search.sunbiz.org,https://search.sunbiz.org/Inquiry/CorporationSearch/SearchResultDetail?aggregateId=forl-m09000000178-2d0427f4-3650-4f75-845c-afc5591e65ff&directionType=Initial&inquirytype=OfficerRegisteredAgentName&listNameOrder=THELOFTIIHOLDINGSLLC+M100000021901&searchNameOrder=THELOGSGROUPLLC+M090000001781&searchTerm=The+Loft+Ii+Holdings%2C+Llc
BECKER LAW GROUP,"388 Cordova Street, Suite 100C",Pasadena,CA,91101,true,Official Becker Law Group location and about pages identify founder Todd Becker and this primary office; verified 2026-08-04.,beckerlawgroup.com,https://www.beckerlawgroup.com/locations/
PANOR CORP,125 Cabot Court,Hauppauge,NY,11788,true,Official Maxxima contact page identifies Maxxima as a division of Panor Corporation and lists this address; verified 2026-08-04.,nypa.gov,https://nypa.gov/-/media/nypa/documents/document-library/rny-allocations/july-2024/alpha--summary-of--rny-app-list-sorted-by-senate-district.pdf
BRIDGEINVEST,"2601 South Bayshore Drive, Suite 1400",Miami,FL,33133,true,Official BridgeInvest about and team pages identify founder Alex Horn and the current office address; verified 2026-08-04.,search.sunbiz.org,https://search.sunbiz.org/Inquiry/CorporationSearch/SearchResultDetail?aggregateId=flal-l11000102972-f8e0e3f1-02a6-42ba-9dcf-ff81c4e4ac1c&directionType=CurrentList&inquirytype=EntityName&listNameOrder=BRIDGEINVEST+L110001029720&searchNameOrder=BRIDGEINVEST+L110001029720&searchTerm=BRIDGEINVEST+LLC
TEXAS IRON AND METAL,865 Lockwood Drive,Houston,TX,77020,true,OFFICE PREMISES: Official Texas Iron and Metal contact page and stock guide identify this address and president Max Reichenthal; verified 2026-08-04.,texasironandmetal.com,https://www.texasironandmetal.com/when-you-need-steel-dealers-you-can-count-on-visit-texas-iron-and-metal/
JERICHO CAPITAL,510 Madison Avenue,New York,NY,10022,true,OFFICE PREMISES: Hong Kong exchange disclosure identifies Joshua Resnick's Jericho Capital entities at this address; verified 2026-08-04.,jerichocap.com,https://www.jerichocap.com/
"PEMBROKE CONSULTING, INC.","1515 Market Street, Suite 1660",Philadelphia,PA,19102,true,HIGH (VERIFIED) - official company site confirms the office; punctuation variants aligned; rechecked 2026-08-19,Pembroke Consulting,https://www.pembrokeconsulting.com/
AFRICAGEMS,,Mill Valley,CA,94941,true,HIGH (VERIFIED) - company and location source rechecked 2026-08-19,africagems.com,https://www.africagems.com/faqs.html?setCurrencyId=4
BLEZNAK ASSOCIATES,"255 E Brown Street, Suite 200",Birmingham,MI,48009,true,HIGH (verified) — Bleznak Associates; Mitchell Bleznak (President/Owner),bizstanding.com,https://bizstanding.com/p/bleznak%2Bassociates-159564728
NMS CAPITAL,"1 Battery Park Plaza, Suite 430",New York,NY,10004,true,HIGH (verified) — NMS Capital; Daniel Schwartz (Partner); private equity; NYC office,city-data.com,https://www.city-data.com/business-entities/New-York-NY-N17.html
MEUNDIES,9534 Jefferson Boulevard,Culver City,CA,90232,true,Current mailing address in the official MeUndies privacy policy: https://www.meundies.com/privacy; reviewed 2026-08-06.,meundies.com,https://www.meundies.com/privacy
STADLEN FAMILY HOLDINGS,"3101 S Ocean Drive, Suite 3808",Hollywood,FL,33019,true,HIGH (verified) — Stadlen Family Holdings; Joseph H. Stadlen (RE),bizprofile.net,https://www.bizprofile.net/fl/hollywood/stadlen-family-holdings-llc
CREATIVE CONSUMER CONCEPTS,4518 W 107th St,Overland Park,KS,66207,true,Published company address and Robert Cutler is the named principal; manually verified 2026-08-03.,dnb.com,https://www.dnb.com/business-directory/company-profiles.creative_consumer_concepts_inc.22e960bccae7386ae71afc365547f321.html
CARMEL MANAGEMENT,,San Francisco,CA,94111,true,HIGH (VERIFIED) - company and location source rechecked 2026-08-19,bizprofile.net,https://www.bizprofile.net/ca/san-francisco/carmel-management-viii-llc
STRUCTURAL CAPITAL,"3555 Alameda de las Pulgas, Suite 201",Menlo Park,CA,94025,true,Official Structural Capital website lists this office; verified 2026-08-04.,structuralcapital.com,https://structuralcapital.com/
MJW INVESTMENTS,"12100 Wilshire Boulevard, Suite 1900",Los Angeles,CA,90025,true,Official MJW Investments contact page identifies this as corporate headquarters; its company page identifies founder Mark Weinstein; verified 2026-08-04.,mjwinvestments.com,https://mjwinvestments.com/contact-us/
PIERPOINT,"45 Rockefeller Plaza, 19th Floor",New York,NY,10111,true,Official Pierpoint Capital contact and team pages identify Richard Krupp and this office; verified 2026-08-04.,pierpointcap.com,https://pierpointcap.com/contact/
TSO,,Millboro,VA,24460,true,HIGH (VERIFIED) - company and location source rechecked 2026-08-19,gsa.confex.com,https://gsa.confex.com/gsa/2012AM/webprogram/Handout/Paper206574/Trimble%20Knob%20GSA%20%28print%201%20HQ%29.pdf
CAVES VALLEY PARTNERS,"1 Olympic Place, Suite 1210",Towson,MD,21204,true,Official Caves Valley Partners site identifies partner Steven Sibel and the headquarters address; verified 2026-08-04.,cavesvalleypartners.com,https://cavesvalleypartners.com/
RECOM,,Spokane,WA,99201,true,HIGH (VERIFIED) - company and location source rechecked 2026-08-19,apps.ecology.wa.gov,https://apps.ecology.wa.gov/gsp/DocViewer.ashx?did=87286
"HEALTHCARE TRANSFORMATION, INC.",,Skokie,IL,60076,true,HIGH (VERIFIED) - company and location source rechecked 2026-08-19,chicago.suntimes.com,https://chicago.suntimes.com/business/2020/7/6/21315362/search-ppp-loans-illinois-small-business-administration-coronavirus-relief
PAGE FOUR MEDIA,,Sunapee,NH,03782,true,HIGH (VERIFIED) - company and location source rechecked 2026-08-19,page4media.com,https://page4media.com/privacy-rights/
BAMKO,"11620 WILSHIRE BLVD, SUITE 610",LOS ANGELES,CA,90025,true,2026-05 manual cleanup session,cases.stretto.com,https://cases.stretto.com/public/x203/11958/PLEADINGS/1195810272380000000163.pdf
JW LOPES LLC,128 CARTER STREET,CHELSEA,MA,02150,true,2026-05 manual cleanup session,massgaming.com,https://massgaming.com/wp-content/uploads/Vendor-List-8-23-23.pdf
DONFELD & ROLLMAN,"1901 AVENUE OF THE STARS, SUITE 500",LOS ANGELES,CA,90067,true,2026-05 manual cleanup session,lawinfo.com,https://www.lawinfo.com/lawfirm/california/los-angeles/donfeld-and-rollman/750d469a-654a-4272-a565-ab895af268d7.html
JAFFE FAMILY LAW GROUP,"1901 AVENUE OF THE STARS, SUITE 680",LOS ANGELES,CA,90067,true,2026-05 manual cleanup session,chambers.com,https://chambers.com/downloads/rankings/423/usa-california.pdf
CONG. YETEV LEV,152 RODNEY STREET,BROOKLYN,NY,11211,true,2026-05 manual cleanup session,990s.foundationcenter.org,https://990s.foundationcenter.org/990pf_pdf_archive/113/113522236/113522236_200806_990PF.pdf
GRT,263 TRESSER BLVD,STAMFORD,CT,06901,true,2026-05 manual cleanup session,grtcorp.com,https://grtcorp.com/contact-us/
INIZIO,,SUMMIT,NJ,07901,true,2026-05 manual cleanup session,inizio.com,https://inizio.com/our-businesses/ignite/insights/highlights-from-the-fierce-medical-affairs-strategic-summit-mass-east-2024-jersey-city-nj/
RON WOLNER MD,2 TOWER PLACE,ALBANY,NY,12203,true,2026-05 manual cleanup session,patientfusion.com,https://www.patientfusion.com/doctor/ron-wolner-md-80694
OSMIUM LLC,,NORTH MIAMI BEACH,FL,33162,true,2026-05 manual cleanup session,search.sunbiz.org,https://search.sunbiz.org/Inquiry/corporationsearch/SearchResultDetail?aggregateId=flal-l09000088378-293a960e-cb83-4bb0-984c-7c74454c5070&directionType=PreviousList&inquirytype=EntityName&listNameOrder=OSMIRFISHINGROD+4143010&searchNameOrder=OSMIUM+L090000883780&searchTerm=OSNAT+GERI%2C+LLC
BAKER TILLY,"205 NORTH MICHIGAN AVENUE, 28TH FLOOR",CHICAGO,IL,60601,true,2026-05 manual cleanup session,ir.westell.com,https://ir.westell.com/contacts
LETTUCE ENTERTAIN YOU ENTERPRISES,"5419 N SHERIDAN ROAD, SUITE 116",CHICAGO,IL,60640,true,2026-05 manual cleanup session,w9ein.com,https://www.w9ein.com/FEIN/company_overview.php/EIN/362943068/CompanyName/LETTUCE%2BENTERTAIN%2BYOU%2BENTERPRISES%2C%2BINC.
STIFEL FINANCIAL,"501 NORTH BROADWAY, ONE FINANCIAL PLAZA",ST. LOUIS,MO,63102,true,2026-05 manual cleanup session,concesionarios.ocif.pr.gov,https://concesionarios.ocif.pr.gov/es/License/Print?Page=1&PageSize=10
"METROPOLITAN MARKETING, INC",,CALABASAS,CA,91302,true,2026-05 manual cleanup session,bizprofile.net,https://www.bizprofile.net/ca/woodland-hills/metropolitan-marketing-inc
ACCESSO PARTNERS,"100 N. Federal Highway, Suite 400",Hallandale Beach,FL,33009,true,Headquarters per the company contact page (replaces 2026-05 city-only row) (web-verified 2026-09-22),accessopartners.com,https://accessopartners.com/contact-us/
SAGE RHINO CAPITAL,101 Jefferson Drive,Menlo Park,CA,94025,true,Principal office per SEC investment-adviser filing (replaces city-only row) (web-verified 2026-09-22),riapulse.com,https://riapulse.com/app/firms/801-112150
KALIS INC,,SANTA MONICA,CA,90401,true,2026-05 manual cleanup session,bizprofile.net,https://www.bizprofile.net/ca/santa-monica/kalis-inc
CONTINENTAL COMPUTERS,,LOS ANGELES,CA,90001,true,2026-05 manual cleanup session,bhweekly.com,https://bhweekly.com/issues/pdf/2026_1389.pdf
S101 MANAGEMENT,,SUNNYVALE,CA,94086,true,2026-05 manual cleanup session,local.yahoo.com,https://local.yahoo.com/info-21333964-s101-management-company-sunnyvale
GULF COAST BAG,4422 W 12TH ST,HOUSTON,TX,77055,true,2026-05 manual cleanup session,dnb.com,https://www.dnb.com/business-directory/company-profiles.gulf_coast_bag_inc.4a5d190a9f87b9fd2220483fd9714154.html
DANIEL J COSGROVE MD,,LOS ANGELES,CA,90001,true,2026-05 manual cleanup session,danielcosgrovemd.com,https://danielcosgrovemd.com/providers/
GALLATIN PROPERTY HOLDINGS,,LOS ANGELES,CA,90001,true,2026-05 manual cleanup session,gallatinpropertyholdings.com,https://www.gallatinpropertyholdings.com/
COLTER LEWIS INVESTMENT PARTNERS,"22 West Putnam Avenue, Second Floor",Greenwich,CT,06830,true,HIGH (VERIFIED) - corrected to the full employer name and official company office; replaces an unrelated donor-city source; rechecked 2026-08-19,Colter Lewis Investment Partners,https://www.colterlewis.com/our-story
KMB INNOVATIONS,,ST. LOUIS,MO,63101,true,2026-05 manual cleanup session,abc17news.b-cdn.net,https://abc17news.b-cdn.net/abc17news.com/2020/09/Walsh-July-quarterly.pdf
"EMERALD FUND, INC.",,SAN FRANCISCO,CA,94102,true,2026-05 manual cleanup session,www2.dre.ca.gov,https://www2.dre.ca.gov/publicasp/pplinfo.asp?License_id=00773229
"THE ZIZO GROUP, INC",,Los Angeles,CA,90001,true,HIGH (VERIFIED) - California registry-derived record confirms the company city; no street published; rechecked 2026-08-19,California business record,https://www.bizprofile.net/ca/los-angeles/the-zizo-group-inc
RUSH PROPERTIES MANAGEMENT,,NEW YORK,NY,10001,true,2026-05 manual cleanup session,whoownswhat.justfix.org,https://whoownswhat.justfix.org/en/address/MANHATTAN/117/WEST%2074%20STREET/summary
DANIEL N HERTZBERG PA,,MIAMI BEACH,FL,33139,true,2026-05 manual cleanup session,search.sunbiz.org,https://search.sunbiz.org/Inquiry/CorporationSearch/SearchResults?Detail=FL.DOS.Corporations.Shared.Contracts.FilingRecord&InquiryDirectionType=ForwardRecord&InquiryType=EntityName&ListNameOrder=DANIELNEILKAUFMAN+P090000821890&SearchNameOrder=DANIELNHCONSTRUCTION+L230001412720&SearchTerm=DANIEL+NEGRE
HOPALONG ANIMAL RESCUE,,OAKLAND,CA,94612,true,2026-05 manual cleanup session,idealist.org,https://www.idealist.org/en/nonprofit/59dd3cf8354440328f0767cdb89cea95-hopalong-animal-rescue-oakland
HIGHVISTA STRATEGIES,"200 Clarendon Street, 50th Floor",Boston,MA,02116,true,Official HighVista contact page and current SEC filing; Daniel Jick is founder and CEO; verified 2026-08-04.,highvistastrategies.com,https://www.highvistastrategies.com/contact-us/
CVENTURES,,LOS ANGELES,CA,90001,true,2026-05 manual cleanup session,signal.nfx.com,https://signal.nfx.com/investors/clive-ng
NEWMARK GROUP,125 Park Avenue,New York,NY,10017,true,Corporate headquarters per company office page (replaces city-only row) (web-verified 2026-09-22),nmrk.com,https://www.nmrk.com/offices/new-york-midtown
GPSN,,LOS ANGELES,CA,90001,true,2026-05 manual cleanup session,docs.cpuc.ca.gov,https://docs.cpuc.ca.gov/PublishedDocs/Efile/G000/M525/K361/525361964.PDF
ENTRADA PARTNERS,,LOS ANGELES,CA,90001,true,2026-05 manual cleanup session,entradapartners.com,https://www.entradapartners.com/company-overview/
"PREMIER REALTY MICHIGAN, LLC",,TROY,MI,48084,true,2026-05 manual cleanup session,premierrealtymichigan.com,https://premierrealtymichigan.com/
SELECTIVE REAL ESTATE INVESTMENTS,,ENCINO,CA,91316,true,2026-05 manual cleanup session,www2.dre.ca.gov,https://www2.dre.ca.gov/publicasp/pplinfo.asp?License_id=01003771
BENIKO INC,,BEVERLY HILLS,CA,90210,true,2026-05 manual cleanup session,oag.ca.gov,https://oag.ca.gov/system/files/prop65/notices/2025-01368.pdf
RVP,,NORTHBROOK,IL,60062,true,2026-05 manual cleanup session,rvpllc.com,https://rvpllc.com/wp-content/uploads/2019/01/RVP-Quarterly-Letter-4Q18.pdf
SPANDREL DEVELOPMENT PARTNERS,,NEW YORK,NY,10001,true,2026-05 manual cleanup session,spandreldevelopment.com,https://spandreldevelopment.com/contact-us/
EISENBERG GROUP,,CORAL SPRINGS,FL,33065,true,2026-05 manual cleanup session,meyer.media,https://www.meyer.media/2017/08/30/cushman-wakefield-negotiates-7-43m-sale-jacksonville-industrial-portfolio/
JFCS,,SAN FRANCISCO,CA,94102,true,2026-05 manual cleanup session,jfcs.org,https://www.jfcs.org/?p=303&post_type=location
"WOLF, RIFKIN, SHAPIRO, SCHULMAN & RABK","11400 WEST OLYMPIC BOULEVARD, NINTH FLOOR",LOS ANGELES,CA,90064,true,2026-05 manual cleanup session,abogado.com,https://www.abogado.com/despacho/california/los-angeles/wolf-rifkin-shapiro-schulman-and-rabkin-llp/4e119869-e57c-457d-853c-fa6e517f962e.html
CENTURY 21 STORES,22 Cortlandt Street,New York,NY,10007,true,"Flagship store, Lower Manhattan — verified public record",c21stores.com,https://c21stores.com/pages/llms-txt
ASG EQUITIES,"26 Cortlandt Street, 5th Floor",New York,NY,10007,true,Gindi family real-estate arm — verified public record,nycompanyregistry.com,https://www.nycompanyregistry.com/companies/gcn-experience-llc/
BUSHWICK POTATO,"130 Crossways Park Drive, Suite 107",Woodbury,NY,11797,true,"Bushwick Commission Co — potato grower/shipper, verified research",bushwickpotato.com,https://www.bushwickpotato.com/test-page/
"TRYAX REALTY MANAGEMENT, INC.",1476 Walton Avenue,Bronx,NY,10452,true,Real-estate management — verified research,tryaxnyc.com,https://www.tryaxnyc.com/contact
LANGSAM PROPERTY SERVICES,1601 Bronxdale Avenue,Bronx,NY,10462,true,OFFICE PREMISES: Langsam Property Services Corp — verified research,langsampropertyservices.com,https://www.langsampropertyservices.com/index.html
AFFILIATE.COM,,New York,NY,10005,true,"Affiliate marketing platform (founded 2022) — HQ Manhattan, verified",langsampropertyservices.com,https://www.langsampropertyservices.com/index.html
"WOLF, RIFKIN, SHAPIRO, SCHULMAN & RABKIN, LLP","11400 West Olympic Boulevard, Ninth Floor",Los Angeles,CA,90064,true,Wolf Rifkin Shapiro Schulman & Rabkin LLP (WRSS&R) — LA HQ; also Las Vegas office,wrslawyers.com,https://www.wrslawyers.com/contact/
BOSTON UNIVERSITY QUESTROM SCHOOL OF BUSINESS,595 Commonwealth Avenue,Boston,MA,02215,true,Rafik B. Hariri Building; BU business school (BU Questrom),questromworld.bu.edu,https://questromworld.bu.edu/
JEWISH COMMUNITY FOUNDATION OF GREATER METROWEST NJ,901 Route 10,Whippany,NJ,07981,true,JCFNJ / JCF of Greater MetroWest NJ — endowment/legacy arm of Jewish Federation of Greater MetroWest NJ; ~$840M AUM,jcfgmw.org,https://jcfgmw.org/
"CORNERSTONE PSYCHIATRY ASSOCIATES, P.A.","14340 Torrey Chase Blvd, Suite 160",Houston,TX,77014,true,child & adolescent psychiatry practice; Dr. Bernard Rosenberg MD; may be closed but historical FEC address,npino.org,https://www.npino.org/npi/cornerstone-psychiatry-associates-p-a-1174720833.html
"ASSOCIATES IN GASTROENTEROLOGY OF UNION COUNTY, P.A.",210 North Avenue East,Cranford,NJ,07016,true,gastroenterology group practice (AGUC); Dr. Michael L. Margolin & others,d7a3216312da6f8c5faa-a6c4a22c6d23d8694e5e3f94c3d57dde.ssl.cf2.rackcdn.com,https://d7a3216312da6f8c5faa-a6c4a22c6d23d8694e5e3f94c3d57dde.ssl.cf2.rackcdn.com/8ba52770eb9111e5adb2e9bf94fdd598_OV-PhysiciansDirectory-2015.pdf
"NEVERS, PALAZZO, PACKARD, WILDERMUTH & WYNNER, PC","31248 Oak Crest Drive, Suite 200",Westlake Village,CA,91361,true,law firm (NPW Law / Nevers Palazzo); ~20 attorneys; corporate/M&A/real estate/litigation,npwlaw.com,https://npwlaw.com/contact/
3 ARTS ENTERTAINMENT,"9460 Wilshire Blvd, Seventh Floor",Beverly Hills,CA,90212,true,"talent management + production (Hollywood); co-founded 1991 by Michael Rotenberg, Erwin Stoff, Howard Klein; bought by Lionsgate 2018",worldradiohistory.com,https://www.worldradiohistory.com/Archive-International-Television-Almanac/2013/International-Television-Almanac-2013.pdf
SLAC NATIONAL ACCELERATOR LABORATORY,2575 Sand Hill Road,Menlo Park,CA,94025,true,US DOE national lab operated by Stanford University; particle physics & accelerator (formerly Stanford Linear Accelerator Center until 2009),accelerators.slac.stanford.edu,https://accelerators.slac.stanford.edu/about
MEMORIAL SLOAN KETTERING CANCER CENTER,1275 York Avenue,New York,NY,10065,true,MSK / MSKCC — NCI-designated Comprehensive Cancer Center; Manhattan between 67th & 68th,mskcc.org,https://www.mskcc.org/contact
"WEINBERG, WHEELER, HUDGINS, GUNN & DIAL, LLC","3344 Peachtree Road NE, Suite 2400",Atlanta,GA,30326,true,"law firm (WWHGD); founded 1999; trial litigation, construction law, insurance coverage, healthcare; Chambers California Spotlight ranked",bbb.org,https://www.bbb.org/us/ga/atlanta/profile/lawyers/weinberg-wheeler-hudgins-gunn-dial-llc-0443-5444
JEWISH FEDERATION OF GREATER CHARLOTTE,"5007 Providence Road, Suite 101",Charlotte,NC,28226,true,Jewish Federation central charity for Charlotte NC area; legal name United Jewish Charities of Greater Charlotte Inc.; donor-advised funds + annual campaigns,jewishcharlotte.org,https://www.jewishcharlotte.org/charlotte-jewish-community-directory/jewish-federation-of-greater-charlotte
NORTH DALLAS PLASTIC SURGERY ASSOCIATES,"8305 Walnut Hill Lane, Suite 210",Dallas,TX,75231,true,cosmetic plastic surgery practice,care.texashealth.org,https://www.care.texashealth.org/Providers/Affiliated/North-Dallas-Plastic-Surgery-Associates/Plastic-Surgery/todd-alan-pollock-md
PROGRESSIVE CASUALTY INSURANCE COMPANY,6300 Wilson Mills Road,Mayfield Village,OH,44143,true,Progressive Corp's main casualty insurance subsidiary,nj.gov,https://www.nj.gov/dobi/commissreport/data/alphabeticallisting.pdf
OFFICE OF THE ATTORNEY GENERAL OF VIRGINIA,202 North 9th Street,Richmond,VA,23219,true,Virginia Attorney General's office (state government),supremecourt.gov,https://www.supremecourt.gov/docket/docketfiles/html/public/25-664.html
PREMIER MEDICAL GROUP OF THE HUDSON VALLEY,1 Columbia Street,Poughkeepsie,NY,12601,true,multi-specialty physician group serving Hudson Valley NY,md.com,https://www.md.com/doctor/arif-muslim-md
NORTHPORT VETERANS AFFAIRS MEDICAL CENTER,79 Middleville Road,Northport,NY,11768,true,VA Medical Center on Long Island,va.gov,https://www.va.gov/northport-health-care/locations/northport-va-medical-center/
NATIONAL ASSOCIATION OF THERAPEUTIC SCHOOLS AND PROGRAMS,"16701 Melford Boulevard, Suite 400",Bowie,MD,20715,true,NATSAP — therapeutic schools trade association,members.natsap.org,https://members.natsap.org/contact
"THE HOOVER INSTITUTION, STANFORD UNIVERSITY",434 Galvez Mall,Stanford,CA,94305,true,public policy think tank at Stanford University,giving.hoover.org,https://giving.hoover.org/
UNIVERSITY OF COLORADO SCHOOL OF MEDICINE,13001 East 17th Place,Aurora,CO,80045,true,CU Anschutz Medical Campus,medschool.cuanschutz.edu,https://medschool.cuanschutz.edu/education/contact-us
THE OHIO STATE UNIVERSITY MEDICAL CENTER,410 West 10th Avenue,Columbus,OH,43210,true,Wexner Medical Center at OSU,cms.gov,https://www.cms.gov/files/document/october-19-2018-approved-listpdf
UNIVERSITY OF NORTH CAROLINA SCHOOL OF MEDICINE,321 South Columbia Street,Chapel Hill,NC,27599,true,UNC School of Medicine,msrads.web.unc.edu,https://msrads.web.unc.edu/wp-content/uploads/sites/15695/2021/09/AMEP-330771-creating-an-ultrasound-scholarly-concentration-program-for-m.pdf
UNIVERSITY OF TEXAS SOUTHWESTERN MEDICAL CENTER,5323 Harry Hines Boulevard,Dallas,TX,75390,true,UT Southwestern — academic medical center,superiorhealthplan.com,https://www.superiorhealthplan.com/content/dam/centene/Superior/Medicaid/directories/2026/SHPD_SP_Dallas_DASP9H-0826_WEB.pdf
JEWISH FEDERATION OF NORTHERN NEW JERSEY,111 Kinderkamack Road,River Edge,NJ,07661,true,Jewish federation serving Bergen / North Hudson NJ,jewishvirtuallibrary.org,https://jewishvirtuallibrary.org/jsource/states/NJ.html
"JOELE FRANK, WILKINSON BRIMMER KATCHER","1425 Broadway, 4th Floor",New York,NY,10018,true,"strategic communications / PR firm (M&A, crisis comms)",assets.alm.com,https://assets.alm.com/ee/80/52ed029142788a9d0cc45dc88094/nylj011425b.pdf
"BURKE, WARREN, MACKAY & SERRITELLA, P.C.","311 South Wacker Drive, Suite 3000",Chicago,IL,60606,true,full-service Chicago law firm,scribd.com,https://www.scribd.com/document/888245793/Richards-Family-Filing-in-Hinsdale-Car-Wash-Bankruptcy
"FRAGOMEN, DEL REY, BERNSEN & LOEWY LLP",1 Battery Park Plaza,New York,NY,10004,true,global immigration law firm (Fragomen),immihelp.com,https://www.immihelp.com/h1b-visa-sponsors/Tmp_Worldwide_Advertising_%26_Communications_Llc/view-2022-I_200_22229_422367/
JEWISH FEDERATION OF GREATER NEW ORLEANS,3747 West Esplanade Avenue,Metairie,LA,70002,true,Jewish federation serving New Orleans metro,fedweb-assets.s3.amazonaws.com,https://fedweb-assets.s3.amazonaws.com/federation-directory/Jewish%20Federations%20of%20North%20America%20%20Directory%20as%20of%20March%2012%202014.pdf
JEWISH FEDERATION OF GREATER PITTSBURGH,2000 Tower Oaks Boulevard,Pittsburgh,PA,15241,true,Jewish federation serving Pittsburgh metro,jewishpgh.org,https://jewishpgh.org/info/contact/
THE ASSOCIATED: JEWISH FEDERATION OF BALTIMORE,101 West Mount Royal Avenue,Baltimore,MD,21201,true,Jewish federation of Baltimore (known as 'The Associated'),payments.associated.org,https://payments.associated.org/recommendgrant
U.S. SECURITIES AND EXCHANGE COMMISSION,100 F Street NE,Washington,DC,20549,true,SEC — federal securities regulator,usgovernmentmanual.gov,https://www.usgovernmentmanual.gov/Agency?EntityId=JZfpg7xXgFk%3D
UNIVERSITY OF WASHINGTON MEDICAL CENTER,1959 NE Pacific Street,Seattle,WA,98195,true,UW Medical Center — academic teaching hospital,gim.uw.edu,https://gim.uw.edu/patient-care/hospital-medicine/uwmc-montlake/for-patients
THE AGATSTON CENTER FOR PREVENTIVE MEDICINE,1691 Michigan Avenue,Miami Beach,FL,33139,true,founded by Dr. Arthur Agatston (creator of South Beach Diet),theagatstoncenter.com,https://www.theagatstoncenter.com/home/
PIONEER NATURAL RESOURCES COMPANY,5205 N O'Connor Boulevard,Irving,TX,75039,true,independent oil & gas exploration company (Permian Basin); acquired by ExxonMobil in 2024,sec.gov,https://www.sec.gov/Archives/edgar/data/1038357/000124636019001494/0001246360-19-001494-index.htm
"BENESCH, FRIEDLANDER, COPLAN & ARONOFF LLP","200 Public Square, Suite 2300",Cleveland,OH,44114,true,"full-service business law firm (HQ Cleveland; offices Columbus, Chicago, NYC, SF, Wilmington)",supremecourt.gov,https://www.supremecourt.gov/Search.aspx?FileName=%2Fdocketfiles%2F08-1307.htm
MA'AYANOT YESHIVA HIGH SCHOOL FOR GIRLS,1500 Palisade Avenue,Teaneck,NJ,07666,true,modern Orthodox Jewish girls' high school,maayanot.org,https://www.maayanot.org/wp-content/uploads/2018/02/Registration_2018.pdf
HONEYWELL INTERNATIONAL INC,855 South Mint Street,Charlotte,NC,28202,true,"Honeywell — Fortune 100 industrial conglomerate (aerospace, building tech, performance materials)",honeywell.com,https://www.honeywell.com/us/en/global/locations
INDUSTRIAL METALS RECYCLING CORPORATION,955 Brandt Drive,Elgin,IL,60120,true,IMET Corporation — scrap metal recycling (overrides prior AI hallucination of Fort Lauderdale FL),imetcorp.com,https://www.imetcorp.com/about
INITIATIVE FOR A COMPETITIVE INNER CITY,1 Beacon Street,Boston,MA,02108,true,ICIC — nonprofit research/economic development for inner-city communities,findglocal.com,https://www.findglocal.com/US/Boston-MA/209257-48/genre/179672275401610/Business%2Bconsultants
PRINCETON ORAL & MAXILLOFACIAL SURGERY,"166 Bunn Drive, Suite 103",Princeton,NJ,08540,true,oral & maxillofacial surgery practice,usatopdentists.com,https://www.usatopdentists.com/find-dentist/NJ-Princeton.asp
ADVOCARE GROVE FAMILY MEDICAL ASSOCIATES,"132 Grove Street, Suite A",Haddonfield,NJ,08033,true,Advocare-affiliated family medicine practice,healthprovidersdata.com,https://healthprovidersdata.com/hipaa/codes/CLIA_31D0911582.aspx
"BERMAN, BERMAN, BERMAN, SCHNEIDER & LOWARY LLP","11900 West Olympic Boulevard, 6th Floor",Los Angeles,CA,90064,true,LA-based business and entertainment law firm,b3law.com,https://b3law.com/contact/
"EISEMAN LEVINE LEHRHAUPT & KAKOYIANNIS, P.C.",805 Third Avenue,New York,NY,10022,true,NYC business litigation law firm,supremecourt.gov,https://www.supremecourt.gov/docketfiles/15-1151.htm
INTERFAITH MINISTRIES FOR GREATER HOUSTON,3303 Main Street,Houston,TX,77002,true,"Houston interfaith service organization (refugee services, Meals on Wheels)",episcopalassetmap.org,https://www.episcopalassetmap.org/dioceses/diocese-texas/list/interfaith-ministries-greater-houston
"CARDIOVASCULAR CONSULTANTS OF LONG ISLAND, P.C.","3003 New Hyde Park Road, Suite 411",New Hyde Park,NY,11042,true,cardiology group practice (Long Island NY),licardiac.com,https://www.licardiac.com/index.html
"DELMAR GARDENS MANAGEMENT SERVICES, INC.",5300 Butler Hill Road,Sappington,MO,63128,true,senior living / nursing home operator (Delmar Gardens Family — St. Louis area),nursinghomereport.org,https://nursinghomereport.org/ownername-delmar-gardens-management-services-inc/
MOUNT SINAI MEDICAL CENTER (MIAMI BEACH),4300 Alton Road,Miami Beach,FL,33140,true,Mount Sinai Medical Center — Miami Beach (independent of NYC Mount Sinai),msmc.com,https://www.msmc.com/location/miami-beach/
LAWRENCE LIVERMORE NATIONAL LABORATORY,7000 East Avenue,Livermore,CA,94550,true,US DOE national lab operated by Lawrence Livermore National Security LLC,llnl.gov,https://www.llnl.gov/about/contact
JOHNS HOPKINS UNIVERSITY APPLIED PHYSICS LABORATORY,11100 Johns Hopkins Road,Laurel,MD,20723,true,JHU APL — research lab focused on national security & space,ep.jhu.edu,https://ep.jhu.edu/about/locations-facilities/applied-physics-laboratory/
PASCACK VALLEY REGIONAL HIGH SCHOOL BOARD,225 West Grand Avenue,Montvale,NJ,07645,true,Pascack Valley Regional HS District (Bergen County NJ),pascack.org,https://www.pascack.org/district/legal-public-notices
WOMEN & INFANTS HOSPITAL OF RHODE ISLAND,101 Dudley Street,Providence,RI,02905,true,Care New England Health System — women's and newborn care,womenandinfants.org,https://www.womenandinfants.org/services/ogcc
JEWISH FEDERATION OF GREATER PHILADELPHIA,2100 Arch Street,Philadelphia,PA,19103,true,Jewish federation serving Philadelphia metro,jewishphilly.org,https://jewishphilly.org/wp-content/uploads/2020/09/Jewish-Federation-Form-990-FY19-Public-Disclosure.pdf
U.S. DEPARTMENT OF HEALTH AND HUMAN SERVICES,200 Independence Avenue SW,Washington,DC,20201,true,"HHS — federal cabinet department (Medicare/Medicaid, FDA, CDC, NIH)",cdc.gov,https://www.cdc.gov/cancer/breast/pdf/recommendations_sec_dhhs_2015.pdf
"REAL ESTATE SERVICE SOLUTIONS COMPANY, LLC","26711 Northwestern Highway, Suite 175",Southfield,MI,48033,true,RESSCO — multifamily / workforce housing investment & property management; founded 2003; owner Shawn Stafford,courts.michigan.gov,https://www.courts.michigan.gov/49e9fc/siteassets/business-court-opinions/c30-2020-000064-cb%28june23%2C2022%29.pdf
BILZIN SUMBERG BAENA PRICE & AXELROD LLP,"1450 Brickell Avenue, 23rd Floor",Miami,FL,33131,true,"Miami-based commercial law firm (Real Estate, Corporate, Litigation, Land Use, Hospitality, International Business); Florida powerhouse firm",floridabar.org,https://www.floridabar.org/directories/find-mbr/profile/?key=90a1a393a64b3efd042d7f5a9751979b&num=1031496
"CALIFORNIA STATE UNIVERSITY, LONG BEACH",1250 Bellflower Boulevard,Long Beach,CA,90840,true,CSULB — public university (Cal State system),calstate.edu,https://www.calstate.edu/attend/campuses/long-beach
MILLER ROSNICK D'AMICO AUGUST & BUTLER,150 North Avenue,Bridgeport,CT,06604,true,Connecticut law firm (Bridgeport CT),jud.ct.gov,https://jud.ct.gov/Committees/judges/JudgesAnnual_minutes_061924.pdf
MORGAN STANLEY PRIVATE WEALTH MANAGEMENT,1585 Broadway,New York,NY,10036,true,Morgan Stanley HQ — PWM division for ultra-high-net-worth clients,advisor.morganstanley.com,https://advisor.morganstanley.com/new-york-pwm-west-876-market
FEDERAL HOME LOAN BANK OF SAN FRANCISCO,600 California Street,San Francisco,CA,94108,true,FHLB San Francisco — government-sponsored enterprise providing housing finance,sec.gov,https://www.sec.gov/Archives/edgar/data/1316944/000131694426000049/0001316944-26-000049-index.html
MICHIGAN INSTITUTE FOR NEUROLOGICAL DISORDERS,"28595 Orchard Lake Road, Suite 200",Farmington Hills,MI,48334,true,MIND — neurology group practice (Detroit metro),alzheimersqualityinitiative.com,https://www.alzheimersqualityinitiative.com/certified-centers-list
"SCHOCHOR, STATON, GOLDBERG AND CARDEA, P.A.",1211 St Paul Street,Baltimore,MD,21202,true,Maryland medical malpractice law firm,document.epiq11.com,https://document.epiq11.com/document/getdocumentbycode?docId=4558614&projectCode=RCA&source=DM
BRANDYWINE CONSTRUCTION AND MANAGEMENT,23 N 3rd Street,Philadelphia,PA,19106,true,real estate development & property management (mid-Atlantic),sec.gov,https://www.sec.gov/Archives/edgar/data/790816/000079081626000008/bdn-20251231.htm
CENTER FOR JEWISH PHILANTHROPY OF GREATER PHOENIX,"12701 North Scottsdale Road, Suite 201",Scottsdale,AZ,85254,true,Jewish federation / philanthropic foundation serving Phoenix metro,jewishminneapolis.org,https://jewishminneapolis.org/wp-content/uploads/2025/11/MINNEAPOLIS-JEWISH-FEDERATION-2024-Public-Disclosure-Copy.pdf
"EYE PHYSICIANS OF ORANGE COUNTY, P.C.","1 Hatfield Lane, Suite 3",Goshen,NY,10924,true,ophthalmology group practice (Orange County NY — not California),epocny.com,https://epocny.com/
ATRIUM HEALTH CAROLINAS MEDICAL CENTER,1000 Blythe Boulevard,Charlotte,NC,28203,true,Atrium Health flagship hospital (formerly Carolinas Medical Center),lincolncountync.gov,https://www.lincolncountync.gov/170/Supporting-Medical-Centers
FLORIDA-ISRAEL BUSINESS ACCELERATOR (FIBA),522 North Howard Avenue,Tampa,FL,33606,true,nonprofit connecting Israeli startups to Florida business community,fiba.io,https://www.fiba.io/organizers/florida-israel-business-accelerator-fiba/
"PAUL, WEISS, RIFKIND, WHARTON & GARRISON LLP",1285 Avenue of the Americas,New York,NY,10019,true,"Paul Weiss — major Wall Street law firm (M&A, litigation, white-collar)",lawyers.com,https://www.lawyers.com/new-york/new-york/paul-weiss-rifkind-wharton-and-garrison-llp-491430-f/
COLUMBIA UNIVERSITY IRVING MEDICAL CENTER,630 West 168th Street,New York,NY,10032,true,Columbia University's medical center campus (Washington Heights NYC); home of Vagelos College of Physicians & Surgeons,cuimc.columbia.edu,https://www.cuimc.columbia.edu/about-us/explore-cuimc/leadership-and-administration/administrative-offices
RBC,200 Vesey Street,New York,NY,10281,true,RBC Capital Markets US HQ (Brookfield Place); web-verified,rbccm.com,https://www.rbccm.com/realestate/contact.page
BANK OF MONTREAL,320 S Canal Street,Chicago,IL,60606,true,BMO US HQ (BMO Tower); web-verified,usbanklocations.com,https://www.usbanklocations.com/bmo-bank-bmo-bank-national-association.html
CIBC,120 S LaSalle Street,Chicago,IL,60603,true,CIBC Bank USA HQ; web-verified,asc.gov,https://www.asc.gov/individual-appraiser-public/558911
SUN LIFE FINANCIAL,96 Worcester Street,Wellesley Hills,MA,02481,true,Sun Life US HQ (One Sun Life Executive Park); web-verified,sunlifedistributors.com,https://www.sunlifedistributors.com/prodline/fp/individual/contact-us/en/contact-us_home.cfm
APOTEX CORP,2400 N Commerce Parkway,Weston,FL,33326,true,Apotex Corp US HQ; web-verified,apotex.com,https://www.apotex.com/us/contact-us
JERA,1000 Main Street,Houston,TX,77002,true,JERA Americas HQ; web-verified,tdlr.texas.gov,https://www.tdlr.texas.gov/TABS/Search/Print/TABS2024025127
JAMESON,250 Park Avenue,New York,NY,10177,true,Pernod Ricard USA (Jameson parent); web-verified,jamesonwhiskey.com,https://www.jamesonwhiskey.com/en-us/jameson-summer/
DAVIES WARD,900 Third Avenue,New York,NY,10022,true,Davies Ward NY (US) office; web-verified,ww2.nycourts.gov,https://ww2.nycourts.gov/sites/default/files/document/files/2024-04/03-15-24APList.pdf
STONEHAGE FLEMING,405 Lexington Avenue,New York,NY,10174,true,Stonehage Fleming NY office; web-verified,v4www.io.stonehagefleming.com,https://v4www.io.stonehagefleming.com/ch_de/offices/north-america
SPINMASTER,30-30 47th Avenue,Long Island City,NY,11101,true,Spin Master US HQ (NYC/LIC); web-verified,usearch.com,https://usearch.com/property/30-30-47th-ave-queens-ny
BEAL,6000 Legacy Drive,Plano,TX,75024,true,Beal Bank HQ; assumes employer=Beal Bank; web-verified,branchspot.com,https://www.branchspot.com/tx/plano/beal-bank/6000-legacy-drive/
HAIVISION NETWORK VIDEO,,Chicago,IL,,true,Haivision US office city (Montreal global HQ); city-level only; web-verified office city,haivision.com,https://www.haivision.com/about/press-releases/haivision-to-address-creation-of-campuswide-ip-video-delivery-systems-at-ahecta-annual-conference/
TOURO UNIVERSITY,3 Times Square,New York,NY,10036,true,Main campus since 2023 (touro.edu); donors NY — AI had wrongly placed it in Los Angeles,nyscas.touro.edu,https://nyscas.touro.edu/
"CASTLEWOOD CAPITAL PARTNERS, LLC","5307 East Mockingbird Lane, Suite 550",Dallas,TX,75206,true,castlewoodcapital.com — Office Tower at Mockingbird Station; donors TX — AI said NYC,castlewoodcapital.com,https://castlewoodcapital.com/
VENSURE,1475 S Price Rd,Chandler,AZ,85286,true,Vensure Employer Solutions HQ (dnb.com) — AI said Houston TX,vensure.com,https://vensure.com/privacy-policy/
EDWARD C. LEVY CO,9300 Dix Avenue,Dearborn,MI,48120,true,"HIGH (VERIFIED) - current court service record and Michigan filing confirm Dearborn, not Detroit; rechecked 2026-08-19",U.S. Bankruptcy Court filing,https://casedocs.omniagentsolutions.com/cmsvol2/pub_47527/7c986c5b-20dc-4b00-aaf3-bf78f8457cd4_382.pdf
CONGREGATION SHAAREY TIKVAH,26811 Fairmount Blvd,Beachwood,OH,44122,true,shaareytikvah.org; donor is the rabbi (OH) — AI said Hoboken NJ,shaareytikvah.org,https://www.shaareytikvah.org/welcome/contact-us/
VIBRANT CAPITAL PARTNERS,"350 Madison Avenue, 17th Floor",New York,NY,10017,true,vibrantcapitalpartners.com contact page — AI had 950 Third Ave,vibrantcapitalpartners.com,https://www.vibrantcapitalpartners.com/contact.html
LINDEN CAPITAL PARTNERS,"110 N Wacker Drive, 55th Floor",Chicago,IL,60606,true,Healthcare PE firm (linden.com); donors IL — AI said NYC,linden.com,https://www.linden.com/contact/
HONIGMAN,"660 Woodward Avenue, Suite 2290",Detroit,MI,48226,true,"Honigman LLP HQ, First National Building (honigman.com) — AI said Southfield",courts.michigan.gov,https://www.courts.michigan.gov/SysGlobalAssets/migrated/courts/michigansupremecourt/clerks/msc-briefs/2013-2014/146791amicusmpa.pdf
QUADRANT STRATEGIES,"4201 Connecticut Avenue NW, Suite 405",Washington,DC,20008,true,quadrantstrategies.com; donors DC — AI said Chicago,mapquest.com,https://www.mapquest.com/us/district-of-columbia/quadrant-strategies-llc-381130509
KLEIN ENTERPRISES,"1777 Reisterstown Road, Suite 165",Baltimore,MD,21208,true,kleinenterprises.com contact — AI said Reston VA,linkedin.com,https://www.linkedin.com/company/klein-enterprises
BBX CAPITAL,"201 East Las Olas Boulevard, Suite 1900",Fort Lauderdale,FL,33301,true,bbxcapital.com IR page; donors FL — AI said Voorhees NJ,bbxcapital.com,https://bbxcapital.com/contact-us/
LSV,"155 N Wacker Drive, Suite 4600",Chicago,IL,60606,true,LSV Asset Management (lsvasset.com); donors IL portfolio managers — AI said Redwood City CA,lsvasset.com,https://www.lsvasset.com/contact/
JEMB REALTY,"150 Broadway, Suite 800",New York,NY,10038,true,"jembrealty.com — Westinghouse Building, owned by JEMB since 1983 — AI said Wilmington DE",jembrealty.com,https://www.jembrealty.com/contact/
OBERLAND CAPITAL,1700 Broadway,New York,NY,10019,true,Oberland Capital Management (oberlandcapital.com) — AI said Chicago,ir.biohaven.com,https://ir.biohaven.com/static-files/43be0ea7-3c3d-4775-a295-65a0e723097f
KIMCO REALTY CORPORATION,"500 North Broadway, Suite 201",Jericho,NY,11753,true,HQ Jericho Atrium (kimcorealty.com/offices) — cache had wrong NJ addr with unit leaked into city,search.sunbiz.org,https://search.sunbiz.org/Inquiry/CorporationSearch/SearchResultDetail?aggregateId=forl-m23000004960-2a2cc55c-53d6-4a98-87a3-573036647a19&directionType=Initial&inquirytype=EntityName&listNameOrder=KIMCOREALTY+3244111&searchNameOrder=KIMCOREALTYOP+M230000049600&searchTerm=C%2FO+KIMCO+REALTY+CORPORATION
DUKE UNIVERSITY,2138 Campus Drive,Durham,NC,27708,true,Main campus address (duke.edu/contact) — cache had no street,duke.edu,https://www.duke.edu/contact/
HOGAN LOVELLS,555 Thirteenth Street NW,Washington,DC,20004,true,"Principal US office, Columbia Square (hoganlovells.com) — cache had Birmingham UK office",supremecourt.gov,https://www.supremecourt.gov/docket/docketfiles/html/public/22-124.html
AIRCALL,"44 W 28th Street, Floor 14",New York,NY,10001,true,US office (aircall.io/contact) — cache had Paris HQ,aircall.io,https://aircall.io/contact/
"MICHIGAN PNEUMATIC TOOL, INC",6850 Middlebelt Rd,Romulus,MI,48174,true,"Verified HQ (michiganpneumatic.com / LeadIQ) — closed-book AI hallucinated '700 E Michigan Ave' (eponymous-street), correctly cleared by filter",michiganpneumatic.com,https://www.michiganpneumatic.com/contact-us
ALTOPASS INC,"405 El Camino Real, Suite 629",Menlo Park,CA,94025,true,"CA Secretary of State registered address (entity C4312592, via OpenCorporates/BizProfile, 2026-07-29); founder/CEO Eugene Fooksman",ambys-legal.vercel.app,https://ambys-legal.vercel.app/privacy.pdf
AMAZON STUDIOS,9336 Washington Blvd,Culver City,CA,90232,true,"Amazon MGM Studios HQ at Culver Studios (Wikipedia/production directories, 2026-07-29); resolver had assigned parent Amazon Seattle HQ - donor is an LA-based TV writer",business.culvercitychamber.com,https://business.culvercitychamber.com/list/member/amazon-studios-8001
MILLENNIUM MANAGEMENT,399 Park Avenue,New York,NY,10022,true,Official HQ (mlp.com); MILLENIUM misspelling merged here - donor Jeffrey Verschleiser is Millennium Senior Advisor per company leadership page (2026-07-29),mlp.com,https://www.mlp.com/global-presence/
APOLLO ISG,"2121 Rosecrans Ave, Suite 5300",El Segundo,CA,90245,true,"Apollo Insurance Solutions Group LP principal office (LEI/state registrations, 2026-07-29); resolver had parent Apollo NYC HQ - donor James Belardi is AISG founder/CEO, lives in Manhattan Beach",mfafinancial.com,https://www.mfafinancial.com/sec-filings/all-sec-filings/content/0001104659-20-079065/0001104659-20-079065.pdf
FOUNDATION FOR DEFENSE OF DEMOCRACIES,1800 M Street NW,Washington,DC,20036,true,"Official HQ (fdd.org, 2026-07-29); FDD acronym expanded - donor Mark Dubowitz is FDD CEO",en.wikipedia.org,https://en.wikipedia.org/wiki/Foundation_for_Defense_of_Democracies
ADC THERAPEUTICS,"430 Mountain Avenue, Suite 404",New Providence,NJ,07974,true,"US office of ADC Therapeutics SA (state registrations, 2026-07-29); ADC/ADCT expanded - donor Ron Squarer is board chairman",ca.linkedin.com,https://ca.linkedin.com/company/adc-therapeutics
JEWISH FAMILY AND CHILDREN'S SERVICES OF SAN FRANCISCO,2150 Post Street,San Francisco,CA,94115,true,"Official HQ (jfcs.org, 2026-07-29); JFCS expanded - donor Anita Friedman is executive director; kept separate from the Santa Ana JEWISH FAMILY & CHILDRENS SERVICES",justice.gov,https://www.justice.gov/eoir/page/file/942306/dl
RELATIVE VALUE PARTNERS,"1033 Skokie Blvd, Suite 470",Northbrook,IL,60062,true,"Official HQ (LeadIQ/ZoomInfo, 2026-07-29); RVP expanded - donor Maury Fertig is co-founder/CIO",proxy-direct.com,https://www.proxy-direct.com/MeetingDocuments/33969/2024%20CEF%20Proxy%20Statement_FINAL.pdf
RAIN MANAGEMENT GROUP,11162 La Grange Ave,Los Angeles,CA,90025,true,"Official HQ (rainmanagementgroup.com, 2026-07-29); RAIN expanded - donor Jonathan Baruch is founding partner",shermansheltonjr.com,https://www.shermansheltonjr.com/contact
CSR PRIVACY SOLUTIONS,830 NE Pop Tilton Place,Jensen Beach,FL,34957,true,"Official HQ (csrps.com/Manta, 2026-07-29); CSRPS expanded - donors Ross and Warren Federgreen run the company",csrps.com,https://csrps.com/contact/
THE MAVEN GROUP,"4905 Del Ray Ave, Suite 200",Bethesda,MD,20814,true,"Official HQ (themavengroup.us, 2026-07-29); split from the MAVEN name collision with MAVEN VENTURES",network.procore.com,https://network.procore.com/p/the-maven-group-bethesda
MAVEN VENTURES,3340 Hillview Avenue,Palo Alto,CA,94304,true,"Official HQ (Crunchbase/PitchBook, 2026-07-29); donor Jim Scheinman is founding managing partner",sec.gov,https://www.sec.gov/Archives/edgar/data/1658008/000165800815000001/0001658008-15-000001-index.htm
SPRUCE CAPITAL PARTNERS,"535 Madison Avenue, 19th Floor",New York,NY,10022,true,HIGH (VERIFIED) - official company contact page; rechecked 2026-08-19,Spruce Capital Partners,https://sprucecap.com/contact-us/
ATLANTIC AUTOMOTIVE CORP,"1 Olympic Place, Suite 1100",Towson,MD,21204,true,HIGH (VERIFIED) - Atlantic Automotive's 2025 employee guide confirms the current office; rechecked 2026-08-19,Atlantic Automotive / MileOne,https://images.mileone.com/Peter/2025/2/MileOne2025AdvantageGuide.pdf
HCT HEALTHCARE TRANSFORMATION,"875 North Michigan Avenue, Suite 3100",Chicago,IL,60611,true,HIGH (VERIFIED) - official company contact page; rechecked 2026-08-19,HCT Healthcare Transformation,https://www.hcthealthcare.com/contact
MG PROPERTIES,"10505 Sorrento Valley Rd, Suite 300",San Diego,CA,92121,true,"Official corporate office (mgproperties.com/contact, 2026-07-29)",reviews.birdeye.com,https://reviews.birdeye.com/mg-properties-group-162395676795730
NUT TREE CAPITAL MANAGEMENT LP,"55 Hudson Yards, 22nd Floor",New York,NY,10001,true,"Official address (SEC Form ADV / fund databases, 2026-07-29)",nuttreecapital.com,https://www.nuttreecapital.com/
MEDSTAR MEDICAL GROUP ANESTHESIOLOGY,201 E University Pkwy,Baltimore,MD,21218,true,Practice address on the NPI registry (2026-07-29); the MMGA acronym expanded this session,medstarhealth.org,https://www.medstarhealth.org/services/anesthesiology
GREAT PUBLIC SCHOOLS NOW,"1150 S Olive Street, Suite 1325",Los Angeles,CA,90015,true,"Official office (GuideStar/IRS 990, 2026-07-29); GPSN acronym expanded this session",docs.cpuc.ca.gov,https://docs.cpuc.ca.gov/PublishedDocs/Efile/G000/M520/K541/520541805.PDF
STRATA EQUITY GROUP,"4370 La Jolla Village Dr, Suite 960",San Diego,CA,92122,true,"Official HQ (strataequity.com/contact, 2026-07-29)",strataequity.com,https://strataequity.com/contact/
TRANSPORTATION AGENT GRID,"480 Roland Way, Suite 102",Oakland,CA,94621,true,Shares the Progistics Distribution office (2026-07-29); donor Joel Ritch led both - TAG acronym expanded this session,osha.gov,https://www.osha.gov/ords/imis/establishment.inspection_detail?id=1228209.015
C.T. BAUER COLLEGE OF BUSINESS AT THE UNIVERSITY OF HOUSTON,4750 Calhoun Road,Houston,TX,77204,true,"Official campus address (bauer.uh.edu, 2026-07-29); repairs the 38-char FEC truncation",bauer.uh.edu,https://www.bauer.uh.edu/sei/docs/Brochure_Virtual_SLC.pdf
MCKINLEY ASSOCIATES INC,"320 N Main St, Suite 200",Ann Arbor,MI,48104,true,"Official HQ (Dun and Bradstreet, 2026-07-29); trades as McKinley Inc",cfreports.elections.virginia.gov,https://cfreports.elections.virginia.gov/Report/ReportPDF/117203
CARDIOVASCULAR ASSOCIATES OF NORTH JERSEY,"25 Rockwood Place, Suite 440",Englewood,NJ,07631,true,"Branch where the donor actually works: Dr. Samuel Suede is the founding partner and practices at the Englewood office (englewoodhealth.org / cardiovascularnj.com, 2026-07-29); he lives 4 miles away in Demarest. Practice has 7 sites and no declared HQ",cardiovascularnj.com,https://www.cardiovascularnj.com/our-locations/
GRT CORPORATION,263 Tresser Blvd,Stamford,CT,06901,true,"OFFICE PREMISES: Official HQ (grtcorp.com/contact-us, 2026-07-30); GRT acronym expanded - donor Viktor Litvinov is the company president",grtcorp.com,https://grtcorp.com/contact-us/
CRAIG/IS,"7077 Bonneval Road, Suite 435",Jacksonville,FL,32216,true,"Official office (craig-is.com/contact-us, 2026-07-30); the slash is part of the brand, not a stray character - donor Jeffrey Craig is its president and lives in the same city",craig-is.com,https://www.craig-is.com/recruiting/
1ST CENTURY BANK,"1875 Century Park East, Suite 1400",Los Angeles,CA,90067,true,"Main office (bank branch records, 2026-07-30); a division of MidFirst Bank since 2016. Donor banks out of the Encino branch 20 miles away - within a normal commute, so the dimension keeps the head office",courts.ca.gov,https://courts.ca.gov/sites/default/files/courts/default/2024-12/jc-121311-itemg.pdf
13TH FLOOR INVESTMENTS,848 Brickell Avenue PH1,Miami,FL,33131,true,"Official HQ (13fi.com/contact, 2026-07-30); donor Arnaud Karsenti is founder and managing principal",cgitwebapps.coralgables.com,https://cgitwebapps.coralgables.com/CGDashboards/CityClerkLobbyistsDashboard.aspx
SAN FRANCISCO SPINE SURGEONS,1 Shrader Street,San Francisco,CA,94117,true,"St Mary's Spine Center, where the practice operates (2026-07-30); donor James Zucherman is its medical director",sfspine.com,https://www.sfspine.com/about-us/
JEWISH COMMUNITY RELATIONS COUNCIL OF GREATER PHOENIX,"12701 N Scottsdale Rd, Suite 203",Scottsdale,AZ,85254,true,"Official address (jcrcphoenix.org/contact, 2026-07-30); donor Paul Rockower is its executive director",jcrcphoenix.org,https://www.jcrcphoenix.org/
GENE BY GENE,"1445 North Loop West, Suite 760",Houston,TX,77008,true,"Genomics lab address (NIH Genetic Testing Registry / company listings, 2026-07-30); recovered from SELF - GENE BY GENE",fda.gov,https://www.fda.gov/media/139838/download?attachment=
BROWN DISTRIBUTING CO. OF WEST PALM BEACH,1300 Allendale Rd,West Palm Beach,FL,33405,true,"Official address (chamber of commerce and business listings, 2026-07-30); repairs the 38-char FEC truncation",onestopshop.wpbgov.org,https://onestopshop.wpbgov.org/eGovPlus/property/parcel_all.aspx?parcel_id=74434333000003371
EMA INVESTMENT MANAGEMENT,"2200 Fletcher Avenue, 3rd Floor",Fort Lee,NJ,07024,true,"Carried over from the EMA INVESTMENTS cache entry it now absorbs (web-search resolved); Fort Lee matches EMA Capital, where donor David Muschel is a general partner (2026-07-30)",myvisajobs.com,https://www.myvisajobs.com/employer/ema-investment-management/
DANTO INVESTMENT CO,"1700 Stutz Dr, Suite 25",Troy,MI,48084,true,"Official address (Michigan Design Center / business listings, 2026-07-30); the firm is in Troy while donor James Danto lives 10 miles away in Bloomfield Hills - a normal commute",yellowpages.com,https://www.yellowpages.com/troy-mi/mip/danto-investment-co-473432879
SENIOR HOUSING GROUP,,Chicago,IL,,true,"City-level only: srhousinggroup.com confirms a Chicago base and donor Steven Greenbaum as founder and president, but publishes no street address (2026-07-30)",bbb.org,https://www.bbb.org/us/il/chicago/profile/low-income-housing/senior-housing-group-0654-1000139709
TERRACO REAL ESTATE,"3201 Old Glenview Road, Suite 300",Wilmette,IL,60091,true,Carried over from the TERRACO cache entry it now absorbs; the full name had no address of its own (2026-07-30),terracorealestate.com,https://www.terracorealestate.com/wp-content/uploads/2023/05/Marketing_Book_May_2023.pdf
SAMSON ENERGY COMPANY LLC,"110 W 7th St, Suite 2000",Tulsa,OK,74119,true,"Real HQ (samsonco.com / business listings, 2026-07-30). Replaces a closed-book AI answer of ""675 Folsom St, San Francisco CA"" - wrong coast; the Schusterman family firm is in Tulsa and every donor is in Oklahoma",tulsachamber.com,https://tulsachamber.com/membership/active-member/samson-energy-company-llc/
MDVIP INC,"4950 Communication Avenue, Suite 100",Boca Raton,FL,33431,true,"Real HQ (mdvip.com press room, 2026-07-30). Replaces a closed-book AI answer of ""901 Normandy Drive, Highlands Ranch CO"" - the company is in Boca Raton and every donor is in Florida",w9ein.com,https://www.w9ein.com/FEIN/company_overview.php/EIN/364464609/CompanyName/MDVIP%2C%2BLLC
FISHMAN BLOCK + DIAMOND BY CERITY PARTNERS,"16830 Ventura Blvd, Suite 400",Encino,CA,91436,true,Official Cerity Partners name and Encino office: https://ceritypartners.com/news/cerity-partners-welcomes-fishman-block-diamond-llp/,ceritypartners.com,https://ceritypartners.com/news/cerity-partners-welcomes-fishman-block-diamond-llp/
GHP INVESTMENT ADVISORS INC,"1290 Broadway, Suite 1100",Denver,CO,80203,true,"Real office (ghpia.com/contact-us, 2026-07-30). Replaces a closed-book answer of 630 Fifth Avenue, New York NY - the firm is a Denver one and every donor is in Denver",ghpia.com,https://ghpia.com/contact-us/
SANDALWOOD SECURITIES INC,"105 Eisenhower Parkway, Suite 201",Roseland,NJ,07068,true,HIGH (VERIFIED) - official company contact page confirms the current office; rechecked 2026-08-19,Sandalwood Securities,https://www.sandalwoodsecurities.com/contact
ARTISTIC TILE INC,520 Secaucus Road,Secaucus,NJ,07094,true,"OFFICE PREMISES: Real HQ and distribution centre (artistictile.com, 2026-07-30). The closed-book answer of 40 W 28th St, New York was their Manhattan showroom, not the head office - and one of the two donors lives in Secaucus itself",naturalstoneinstitute.org,https://www.naturalstoneinstitute.org/about/about-natural-stone-institute/2026-board-of-directors/
AUERBACH REALTY HOLDINGS LLC,2416 Wilshire Blvd,Santa Monica,CA,90403,true,"OFFICE PREMISES: Real office (auerbachrealty.com/contact-us, 2026-07-30). Replaces a closed-book answer of 3000 Marcus Ave, Lake Success NY - the firm is in Santa Monica and both donors live in Santa Monica and Pacific Palisades",auerbachrealty.com,https://www.auerbachrealty.com/
GROSSMAN COMPANY PROPERTIES,"3101 N Central Ave, Suite 1390",Phoenix,AZ,85012,true,"Real corporate office, the one carrying the company phone number (business listings, 2026-07-30). Replaces a closed-book answer of 330 Fifth Avenue, New York NY - the firm is an Arizona one and the donor lives in Paradise Valley",lobbyist.phoenix.gov,https://lobbyist.phoenix.gov/Forms/Registration/ed6fbc72-193f-4024-968f-3c39f3bbc5e0
GRACE COMMUNICATIONS FOUNDATION,"215 Lexington Avenue, Suite 1001",New York,NY,10016,true,"Real office (foundation listings / IRS 990, 2026-07-30). Replaces a closed-book answer of 100 Middle Street, Portsmouth NH. Donor Helaine Lerner is the foundation president and lives in New York - $3.25M rides on this row",gracecommunicationsfoundation.org,https://gracecommunicationsfoundation.org/privacy-and-terms-of-use/
APPLIED UNDERWRITERS,10805 Old Mill Road,Omaha,NE,68154,true,"Real HQ (auw.com / BBB, 2026-07-30). Replaces a closed-book answer of 151 North Pershing Avenue, Kansas City MO",mass.gov,https://www.mass.gov/doc/licensed-surplus-lines-brokers-individualspdf/download
SCHUSTERMAN INTERESTS LLC,"110 W 7th St, Suite 2000",Tulsa,OK,74119,true,Verified business address from SEC filings for Schusterman Interests LLC; recent FEC filings for Stacy Schusterman report the same address (verified 2026-08-03),sec.gov,https://www.sec.gov/Archives/edgar/data/1857024/000089914025000696/0000899140-25-000696-index.html
CHAPEL HAVEN,1040 Whalley Avenue,New Haven,CT,06515,true,"Official address (chapelhaven.org/contact, 2026-07-30). Now Chapel Haven Schleifer Center - the donor family name is in the organisation name",chapelhaven.org,https://www.chapelhaven.org/contact-chapel-haven/
ALYDAR CAPITAL,"222 Berkeley Street, 17th Floor",Boston,MA,02116,true,"Official address (SEC filings / firm listings, 2026-07-30); the donor is in Weston, 15 miles away",isda.org,https://www.isda.org/a/wRcEE/alydarcap.pdf
HSK CONSULTING LLC,,Bethesda,MD,20817,true,"Home-based business, town only (owner decision 2026-09-24); hskconsulting.org confirms Bethesda",hskconsulting.org,https://hskconsulting.org/
GOLDMAN SACHS,200 West Street,New York,NY,10282,true,"Verified: 200 West Street is the Goldman Sachs headquarters. Donor works from Georgia, which is the branch question, not a wrong address (checked by hand 2026-07-30; pinned so a future re-resolve cannot replace a correct answer with a worse one)",goldmansachs.com,https://www.goldmansachs.com/investor-relations/contacts/
CAPITAL GROUP,333 South Hope Street,Los Angeles,CA,90071,true,Verified: 333 South Hope Street is the Capital Group headquarters (checked by hand 2026-07-30; pinned so a future re-resolve cannot replace a correct answer with a worse one),sec.gov,https://www.sec.gov/Archives/edgar/data/1857666/0001422848-24-000319-index.html
O'MELVENY,400 S Hope St,Los Angeles,CA,90071,true,Verified: 400 South Hope Street is O'Melveny & Myers' Los Angeles headquarters (checked by hand 2026-07-30; pinned so a future re-resolve cannot replace a correct answer with a worse one),omm.com,https://www.omm.com/locations/los-angeles/
QFS ASSET MANAGEMENT,10 Glenville Street,Greenwich,CT,06831,true,Verified: QFS Asset Management operated from Greenwich CT; the donor founded it and now lives in Aspen (checked by hand 2026-07-30; pinned so a future re-resolve cannot replace a correct answer with a worse one),assets.disclosurequest.com,https://assets.disclosurequest.com/Archives/edgar/data/945679/000090266410001868/xslFormDX01/primary_doc.html
BELZ ENTERPRISES,"100 Peabody Place, Suite 1400",Memphis,TN,38103,true,"Real HQ (belz.com, 2026-07-30). Replaces a closed-book answer of 2525 Meridian Place, Huntington WV - Belz is the Memphis family firm behind Peabody Place",belz.com,https://belz.com/
INSIGHT VENTURE PARTNERS,"1114 Avenue of the Americas, 36th Floor",New York,NY,10036,true,"Real HQ (insightpartners.com/contact, 2026-07-30). Replaces a closed-book answer of 890 N Rengstorff Ave, Mountain View CA - the firm has always been New York based",sec.gov,https://www.sec.gov/Archives/edgar/data/1305473/000089914024000660/0000899140-24-000660-index.htm
DURO BAG,7600 Empire Dr,Florence,KY,41042,true,"Real HQ (company listings / BBB, 2026-07-30). Replaces a closed-book answer of 2000 Morton Avenue, Saginaw MI",osha.gov,https://www.osha.gov/ords/odi/establishment_search.search?begindart=&begindawfii=&begintcr=&city=&enddart=&enddawfii=&endtcr=&endyear=&establishment=&naics=&p_desc=DESC&p_direction=Next&p_finish=381660&p_show=20&p_sort=&p_start=&sic=&startyear=&state=&zip=
SERTA MATTRESS CO,2451 Industry Avenue,Doraville,GA,30360,true,"Corporate HQ of Serta Simmons Bedding since 2019 (sertasimmons.com, 2026-07-30). Replaces a closed-book answer of 4700 N Classen Blvd, Oklahoma City OK. The brand was previously run from Hoffman Estates IL; donor Richard Yulman is a retired Serta executive living in Florida",mattressrecyclingcouncil.org,https://mattressrecyclingcouncil.org/wp-content/uploads/2024/07/Approved_MRC_MattressProgramPlan_July2024.pdf?_sp=55456cac-474c-45e1-94d7-264d34079e52
EMERALD DEVELOPMENT MANAGERS LP,"909 3rd Ave, Floor 15",New York,NY,10022,true,"Verified correct - the closed-book answer matched emeraldmanagers.com exactly (2026-07-30). Flagged only because the largest donor files from Florida while the other files from New York, so the state test tripped on my own aggregation rather than on a bad address. Pinned so it is not re-asked",careers.emeraldmanagers.com,https://careers.emeraldmanagers.com/cookie-policy
CBRE,2100 McKinney Ave,Dallas,TX,75201,true,"Current global HQ (press coverage of the 2020 relocation, 2026-07-30). The cached 400 South Hope Street was CBRE real headquarters for 30 years - this one was stale rather than invented, which is its own failure mode",tdlr.texas.gov,https://www.tdlr.texas.gov/TABS/Search/Print/TABS2024020452
CERITY PARTNERS LLC,99 Park Avenue,New York,NY,10016,true,"Real HQ (ceritypartners.com/locations, 2026-07-30). Replaces a closed-book answer of 1201 N Market St, Wilmington DE, which is a registered-agent address rather than an office",search.sunbiz.org,https://search.sunbiz.org/Inquiry/corporationsearch/SearchResultDetail?aggregateId=forl-m17000007195-6b39a0a6-e968-4abe-aba0-f34b07324548&directionType=Initial&inquirytype=EntityName&listNameOrder=HPMORTGAGE+5799760&searchNameOrder=HPMPARTNERS+M170000071950&searchTerm=HP+MORTGAGE%2C+LLC
SUN CAPITAL ADVISORS,"5200 Town Center Circle, 4th Floor",Boca Raton,FL,33486,true,"Sun Capital Partners HQ (suncappart.com, 2026-07-30). Replaces a closed-book answer of 1000 Wilshire Boulevard, Los Angeles - donor Rodger Krouse is a Sun Capital co-CEO and lives in Boca Raton, the same city",search.sunbiz.org,https://search.sunbiz.org/Inquiry/CorporationSearch/SearchResultDetail?aggregateId=forl-m07000002441-ad1abb49-7a30-4f51-b2d0-73d3abdcb111&directionType=Initial&inquirytype=OfficerRegisteredAgentName&listNameOrder=SUNCAPITALACQUISITIONGROUPLLC+M1000000010311&searchNameOrder=SUNCAPITALADVISORSVLP+M0700000244110&searchTerm=Sun+Capital+Acquisition+Group+Llc
STAR STAINLESS SCREW COMPANY,30 West End Road,Totowa,NJ,07512,true,"Real HQ (starstainless.com, 2026-07-30). Replaces a closed-book answer of 1424 S 19th St, Lafayette IN",marketinsidedata.com,https://www.marketinsidedata.com/en/company/star-stainless-screw/590b46e6a0ba938abb995a67f619fdadbc819096915162483b289f9fd90f5aee
WOODWORKERS STORE,4365 Willow Dr,Medina,MN,55340,true,"The Woodworkers Store is Rockler Companies, whose corporate office is in Medina MN (2026-07-30). Replaces a closed-book answer of Arlington Heights IL - and the donor, a board member, lives in Orono, the next town over",archives.indianapolis.iu.edu,https://archives.indianapolis.iu.edu/server/api/core/bitstreams/0347b219-b72b-4b7f-b3d1-ac164b9ea69b/content
HMP GLOBAL,"70 East Swedesford Road, Suite 100",Malvern,PA,19355,true,"Real HQ (hmpglobal.com/contact-us, 2026-07-30). Replaces a closed-book answer of 1840 Century Park East, Los Angeles. Donor Adam Fein runs Drug Channels Institute, an HMP Global company, from Philadelphia",hmpglobal.com,https://www.hmpglobal.com/contact-us
PEMBROKE CONSULTING INC,"1515 Market Street, Suite 1660",Philadelphia,PA,19102,true,HIGH (VERIFIED) - official company site confirms the office; punctuation variants aligned; rechecked 2026-08-19,Pembroke Consulting,https://www.pembrokeconsulting.com/
HERTOG FOUNDATION,"399 Park Avenue, 25th Floor, Suite 2502",New York,NY,10022,true,"Official address (hertogfoundation.org / IRS 990, 2026-07-30); donor Roger Hertog is its president",taxexemptworld.com,https://www.taxexemptworld.com/organizations/new_york_ny_10022.asp?spg=3
PROPANE POWER CORP,873 Delancey Street,Newark,NJ,07105,true,HIGH (VERIFIED) - multiple company directories identify this operating address; the competing 915 address was not retained; rechecked 2026-08-19,New Jersey business directory,https://bizstanding.com/directory/NJ/PR/2077/
BLOOMERS INTIMATES,6 Orsini Dr,Larchmont,NY,10538,true,Physical business address in USPTO and seller-compliance records; current store mailing address is a PO box; manually verified 2026-08-03.,ttabvue.uspto.gov,https://ttabvue.uspto.gov/ttabvue/v?pnam=Bloomers+Intimates++
MORGAN STANLEY,1585 Broadway,New York,NY,10036,true,Verified: 1585 Broadway is the Morgan Stanley Building and its global headquarters. Donors file from 11 states because the firm employs people everywhere (checked 2026-07-30; pinned so a re-resolve cannot replace a verified answer),morganstanley.com,https://www.morganstanley.com/contact-us.html
OMNICOM GROUP,437 Madison Avenue,New York,NY,10022,true,Verified: 437 Madison Avenue is the principal executive office named in Omnicom SEC filings. 280 Park Avenue is also cited by directories; the SEC address is the authoritative one (checked 2026-07-30; pinned so a re-resolve cannot replace a verified answer),sec.gov,https://www.sec.gov/Archives/edgar/data/29989/000089109209001674/e35211_8k.pdf
MCDERMOTT WILL & EMERY LLP,444 West Lake Street,Chicago,IL,60606,true,"Headquarters (mcdermottlaw.com/offices/chicago - the firm is anchor tenant of River Point, 2026-07-30). The cached 340 Madison Avenue is their New York office, a real address in the wrong role. I had waved this one through from memory earlier today; the firm has always been Chicago-headquartered",hfsrb.illinois.gov,https://hfsrb.illinois.gov/content/dam/soi/en/web/hfsrb/projects/projectdocuments/2018/exemptions/e-013-18/2018-03-14-e-013-18-application.pdf
LATHAM & WATKINS,"10250 Constellation Blvd, Suite 1100",Los Angeles,CA,90067,true,"Headquarters in Century City (lw.com/offices/losangeles, 2026-07-30). The cached 1271 Avenue of the Americas is their New York office. Same mistake as McDermott and the same correction",lw.com,https://www.lw.com/en/offices/losangeles
ASE GROUP,,Overland Park,KS,,true,"City level. ASE Group Inc of Overland Park KS is an events and incentives firm, acquired by Bishop-McCann in 2020, and its Kansas base matches the donor (2026-07-30). The cached 1 South Market Street, San Jose was Advanced Semiconductor Engineering - a different, Taiwanese company that happens to share the initials. A namesake trap, not a bad street",forms.irs.gov,https://forms.irs.gov/app/pod/basicSearch/downloadFile?formId=103234&formType=e8872
GRAYROBINSON,"301 East Pine Street, Suite 1400",Orlando,FL,32801,true,"Headquarters (gray-robinson.com/offices/orlando-fl, 2026-07-30). The cached 301 South Bronough Street, Tallahassee is a real GrayRobinson office - note it even kept the right street number, 301, while changing street and city",psc.state.fl.us,https://www.psc.state.fl.us/library/filings/2004/06098-2004/06098-2004.PDF
CANYON PARTNERS,"2000 Avenue of the Stars, 11th Floor",Los Angeles,CA,90067,true,"Current address (canyonpartners.com/contact, 2026-07-30). The cached 11111 Santa Monica Boulevard is a former Canyon address - stale rather than invented, the same failure as CBRE",canyonpartners.com,https://www.canyonpartners.com/about-us/
DRUG CHANNELS INSTITUTE,"1515 Market Street, Suite 1660",Philadelphia,PA,19102,true,"Real address (drugchannelsinstitute.com/contact, 2026-07-30) - the same suite as PEMBROKE CONSULTING, because Adam Fein runs both from it. Replaces a closed-book answer of 300 Brickstone Square, Andover MA. Third wrong address for one donor",drugchannels.net,https://www.drugchannels.net/p/contact.html
CARMEL PARTNERS MANAGEMENT,"1000 Sansome St, 1st Floor",San Francisco,CA,94111,true,"Real HQ (company listings, 2026-07-30). Replaces a closed-book answer of 300 California Street, Suite 1610 - again the right city and the wrong street",bizprofile.net,https://www.bizprofile.net/ca/san-francisco/carmel-partners-management-llc-2
APOLLO GLOBAL MANAGEMENT,9 West 57th Street,New York,NY,10019,true,"Verified: 9 West 57th Street, 42nd Floor is the principal executive office (apollo.com) (checked 2026-07-30; pinned)",apollo.com,https://www.apollo.com/wealth/aboutus/our-locations
CONSUMER TESTING LABS,2601 Otis Corley Dr,Bentonville,AR,72712,true,"Verified: 2601 Otis Corley Dr is the Bentonville AR headquarters. The Florida donor is a remote case, not a bad address (checked 2026-07-30; pinned)",scribd.com,https://www.scribd.com/document/947631826/Walmart-Product-Performance-and-Quality-Manual-2015
THE NRP GROUP,"1228 Euclid Avenue, 4th floor",Cleveland,OH,44115,true,"Verified: 1228 Euclid Avenue, 4th Floor is the Halle Building headquarters the firm moved into in Cleveland (checked 2026-07-30; pinned)",nrpgroup.com,https://nrpgroup.com/office/cleveland
"MORRIS TUCHMAN, ESQ",134 Lexington Ave,New York,NY,10016,true,"Verified: 134 Lexington Ave, 2nd Floor is the Law Offices of Morris Tuchman (New York bar records / Martindale, 2026-07-30). The donor is Tuchman himself, a New York attorney admitted in 1976 who now files from Florida - so the address is his practice and the state mismatch is retirement, not error. Pinned",nlrb.gov,https://www.nlrb.gov/case/29-CA-026194
MOELIS & COMPANY,"399 Park Avenue, 4th Floor",New York,NY,10022,true,"Global HQ (moelis.com/offices/new-york, 2026-07-30). Donor Ken Moelis founded the firm and is its executive chairman; he filed his surname alone on 31 filings, the largest surname case in the data",sec.gov,https://www.sec.gov/edgar/browse/?CIK=1411263
EYE PHYSICIANS OF ORANGE COUNTY PC,"1 Hatfield Lane, Suite 3",Goshen,NY,10924,true,"Real practice address (epocny.com, 2026-07-30). The closed-book path resolved this name to Costa Mesa CA - Orange County California - while the same firm under the shorter spelling got Goshen, Orange County NEW YORK. The donor lives in Chester NY, in Orange County NY, so the New York address is the right one and the two spellings are now one company",epocny.com,https://epocny.com/
1130 COLLINS,1130 Collins Avenue,Miami Beach,FL,33139,true,"1130 COLLINS, LLC is a registered Florida entity (Sunbiz L08000038797) - the holding company for the Ocean Reef Suites property it is named after. Naming a real-estate LLC for its own street address is standard practice in Florida, so this is a company name and not an address that leaked into the employer field. Its registered mailing address is 1111 Kane Concourse, Bay Harbor Islands; the operating property is recorded here (2026-07-30)",oceanreefsuites.com,https://oceanreefsuites.com/location/
UNIVERSITY OF NEW MEXICO,1 University of New Mexico,Albuquerque,NM,87131,true,"Source: https://unm-student.custhelp.com/app/answers/detail/a_id/4169/~/what-is-unms-street-address | UNM's own student-support page gives the official street address as 1 University of New Mexico, Albuquerque NM 87131-0001; ZIP directory confirms 87131-0001. | Independently verified (UNM's official street address is '1 University of New Mexico, Albuquerque, NM 87131' per the university's own help center and multiple directories. On) | Researched by agent sweep 2026-07-30, adjudicated by hand",unm-student.custhelp.com,https://unm-student.custhelp.com/app/answers/detail/a_id/4169/~/what-is-unms-street-address
NATIONAL EQUIPMENT DEALERS,215 Woodside Drive,Lexington,NC,27292,true,"Source: https://www.heavyequipmentdirectory.com/dealers/nc/national-equipment-dealers-llc-a1ef1b6c-639a-43e0-87c7-2b7c60398801 | Donor Kerry Vickar co-founded NED in 2018 (chairman/co-owner with CEO Mitch Nevins) via merger of May Heavy Equipment (Lexington NC base), Four Seasons Equipment and Earthmovers; retired to Palm Beach FL. Directory listings (heavyequipmentdirectory,  | Independently verified (Right company: donor Kerry Vickar was chairman of National Equipment Dealers LLC. Tried to refute via a 2019 Equipment World headline about a new HQ i) | Researched by agent sweep 2026-07-30, adjudicated by hand",heavyequipmentdirectory.com,https://www.heavyequipmentdirectory.com/dealers/nc/national-equipment-dealers-llc-a1ef1b6c-639a-43e0-87c7-2b7c60398801
FRAMINGHAM PUBLIC SCHOOLS,19 Flagg Drive,Framingham,MA,01702,true,"Source: https://www.framinghamma.gov/DocumentCenter/View/30919/Transportation-Press-Release-2018-2019 | City of Framingham / district documents place the FPS central administration offices (Perini building) at 73 Mount Wayte Avenue, Framingham MA 01702. | Researcher's answer was refuted and corrected by the verifier: The address comes from a 2018 press release and is stale: the district's central administration is no longer at 73 Mount Wayte Avenue. The district's own Contact Us page lists the  | Corrected source: https://www.framingham.k12.ma.us/55973_3 | Researched by agent sweep 2026-07-30, adjudicated by hand",framingham.k12.ma.us,https://www.framingham.k12.ma.us/55973_3
GEORGIA AQUARIUM,225 Baker Street NW,Atlanta,GA,30313,true,"Source: https://www.georgiaaquarium.org/contact-us/ | Official Georgia Aquarium contact page; address confirmed by Waze/Yelp/Downtown Atlanta listings as 225 Baker St NW, Atlanta GA 30313. Donor Michael Leven is the hotel executive who served as Georgia Aquarium CEO (mid-2010s) after Las Vegas Sands, no | Independently verified (225 Baker Street NW, Atlanta, GA 30313 is the aquarium's own current address per its site and every directory checked. Donor Michael Leven (retired, B) | Researched by agent sweep 2026-07-30, adjudicated by hand",georgiaaquarium.org,https://www.georgiaaquarium.org/contact-us/
NEXTIVA,9451 E Via de Ventura,Scottsdale,AZ,85256,true,"Source: https://craft.co/nextiva/locations | Donor Tracy Conrad is Nextiva's co-founder and president/'Chief Amazing Officer' (Crunchbase, Nextiva leadership page), so the company is unambiguous despite his Dallas home. Craft.co, D&B and Nextiva's own contact listings give HQ as 9451 E Via de V | Independently verified (Right company: donor Tracy Conrad is a Nextiva co-founder/president, matching the PRESIDENT occupation. Two addresses circulate; 9451 E Via de Ventura) | Researched by agent sweep 2026-07-30, adjudicated by hand",craft.co,https://craft.co/nextiva/locations
QUICKEN LOANS,1050 Woodward Avenue,Detroit,MI,48226,true,"Source: https://www.sec.gov/Archives/edgar/data/1805284/000104746920004008/a2241988zs-1.htm | Rocket Companies SEC S-1 states principal executive offices at 1050 Woodward Avenue, Detroit MI 48226. Donor retired in West Bloomfield, Detroit metro - fits a former Quicken employee. | Independently verified (Quicken Loans was renamed Rocket Mortgage (Rocket Companies), but the headquarters remains 1050 Woodward Avenue, Detroit, MI 48226 per SEC filings and) | Researched by agent sweep 2026-07-30, adjudicated by hand",sec.gov,https://www.sec.gov/Archives/edgar/data/1805284/000104746920004008/a2241988zs-1.htm
UW MEDICAL CENTER,1959 NE Pacific Street,Seattle,WA,98195,true,"Source: https://www.uwmedicine.org/locations/uw-medical-center-montlake | UW Medicine's own location page for UW Medical Center - Montlake: 1959 NE Pacific St, Seattle WA 98195. Donor lives on Mercer Island, in the Seattle metro - consistent with retired UW medical faculty/staff. | Independently verified (Donor is in Mercer Island, WA, so this is University of Washington (not Wisconsin), and 1959 NE Pacific St, Seattle, WA 98195 is UW Medical Center - M) | Researched by agent sweep 2026-07-30, adjudicated by hand",uwmedicine.org,https://www.uwmedicine.org/locations/uw-medical-center-montlake
REDI CARPET,10101 Fountaingate Drive,Stafford,TX,77477,true,"Source: https://redicarpet.com/contact/ | Redi Carpet's own contact page lists corporate at 10101 Fountaingate Dr, Stafford TX 77477; Texas taxpayer records match. Donor Bruce Caress founded Redi Carpet in 1981 and is Chairman Emeritus; Stafford is in the Houston metro where he lives. | Independently verified (10101 Fountaingate Drive, Stafford, TX 77477 is Redi Carpet's corporate headquarters per BBB, D&B, and the company's own contact page. Stafford is a H) | Researched by agent sweep 2026-07-30, adjudicated by hand",redicarpet.com,https://redicarpet.com/contact/
LESLEY UNIVERSITY,29 Everett Street,Cambridge,MA,02138,true,"Source: https://lesley.edu/about-lesley/contact-lesley | Lesley University's primary published address is 29 Everett Street, Cambridge MA 02138 (university contact page and directory listings). | Independently verified (29 Everett Street, Cambridge, MA 02138 is Lesley University's main address per the university's contact page and directories; donor is in nearby Bosto) | Researched by agent sweep 2026-07-30, adjudicated by hand",lesley.edu,https://lesley.edu/about-lesley/contact-lesley
SIMON PROPERTY GROUP,225 W Washington Street,Indianapolis,IN,46204,true,"Source: https://www.simon.com/contact | Simon Property Group HQ confirmed at 225 W Washington St, Indianapolis IN 46204 (company contact page, downtown Indy directory, multiple listings). Donor Herbert Simon co-founded the company with brother Melvin and lives in Indianapolis. | Independently verified (225 W Washington Street, Indianapolis, IN 46204 is Simon Property Group's headquarters per the company and multiple directories. Donor Herbert Simon o) | Researched by agent sweep 2026-07-30, adjudicated by hand",simon.com,https://www.simon.com/contact
WARNER BROS,4000 Warner Boulevard,Burbank,CA,91522,true,"Source: https://studiooperations.warnerbros.com/studio-operations/ | Warner Bros. Studio Operations' own site lists 4000 Warner Blvd, Burbank CA 91522. Donor Howard Welinsky was a longtime Warner Bros. distribution/marketing executive; Toluca Lake borders the Burbank lot. | Independently verified (4000 Warner Boulevard, Burbank, CA 91505 is Warner Bros.' own studio lot and headquarters campus (not a branch). Donor Howard Welinsky is a longtime W) | Researched by agent sweep 2026-07-30, adjudicated by hand",studiooperations.warnerbros.com,https://studiooperations.warnerbros.com/studio-operations/
"GOLDENBERG, HELLER & ANTOGNOLI",2227 South State Route 157,Edwardsville,IL,62025,true,"Source: https://www.goldenbergheller.com/ | Firm's own site and Super Lawyers profile: Goldenberg Heller & Antognoli, P.C., 2227 South State Route 157, Edwardsville IL 62025. Donor Richard S. Cornfeld joined the firm as Counsel in January 2023 (firm announcement, Illinois Business Journal); Cr | Independently verified (2227 South State Route 157, Edwardsville, IL 62025 is the firm's own main office per its site and legal directories; the St. Louis location (168 N Mer) | Researched by agent sweep 2026-07-30, adjudicated by hand",goldenbergheller.com,https://www.goldenbergheller.com/
FEDERAL INDUSTRIES INC,645 Hawaii Street,El Segundo,CA,90245,true,"Source: https://www.fedindustries.com/contact | Donor Asher Bartov is publicly listed (LinkedIn, ARSAG board) as CEO/Owner of Federal Industries, Inc., an aerospace/defense flow-control manufacturer in El Segundo CA - exactly matching his occupation and Beverly Hills residence. Address confirmed o | Independently verified (Company's own site and D&B/bizprofile place Federal Industries, Inc. at 645 Hawaii St, El Segundo, CA 90245. It is an aerospace/defense flow-control a) | Researched by agent sweep 2026-07-30, adjudicated by hand",fedindustries.com,https://www.fedindustries.com/contact
COMMERCIAL METALS COMPANY,"6565 N MacArthur Blvd, Suite 800",Irving,TX,75039,true,"Source: https://www.dnb.com/business-directory/company-profiles.commercial_metals_company.0f026a199a9928d75fef0ee13c45ae3c.html | Stanley A. Rabin is the retired longtime CEO/chairman of Commercial Metals Company (NYSE: CMC), and he lives in Dallas metro - a perfect fit. HQ address confirmed by D&B and multiple directories. | Independently verified (CMC's own contact page and D&B both list the headquarters as 6565 N. MacArthur Blvd., Suite 800, Irving, TX 75039; no evidence of a move. Donor Stanle) | Researched by agent sweep 2026-07-30, adjudicated by hand",dnb.com,https://www.dnb.com/business-directory/company-profiles.commercial_metals_company.0f026a199a9928d75fef0ee13c45ae3c.html
CKP INSURANCE LLC,"21845 Powerline Rd, Suite 205",Boca Raton,FL,33433,true,"Source: https://completemarkets.com/KevinRader4/ | Donor Kevin Rader (former FL state senator) is a named principal/agent of CKP Insurance, LLC in Boca Raton FL - matches his Miami Beach residence and insurance occupation. Address confirmed by insurance-directory listing and ZoomInfo. | Independently verified (CKP Insurance's live website, BBB, and Yelp all list 21845 Powerline Rd, Suite 205, Boca Raton, FL 33433 as its main office. Brown & Brown acquired CK) | Researched by agent sweep 2026-07-30, adjudicated by hand",completemarkets.com,https://completemarkets.com/KevinRader4/
LEHMAN BROTHERS,745 Seventh Avenue,New York,NY,10019,true,"Source: https://en.wikipedia.org/wiki/745_Seventh_Avenue | Ronald Gallatin is a retired Lehman Brothers executive; retiree in Boca Raton with a NYC former employer is normal. Wikipedia and contemporaneous news (UPI 2001) confirm Lehman bought and occupied 745 Seventh Avenue as its headquarters until the 2008 | Independently verified (745 Seventh Avenue was Lehman Brothers' global headquarters from 2002 until its 2008 collapse; the firm is defunct (building now houses Barclays). For) | Researched by agent sweep 2026-07-30, adjudicated by hand",en.wikipedia.org,https://en.wikipedia.org/wiki/745_Seventh_Avenue
DEKALB COUNTY,1300 Commerce Drive,Decatur,GA,30030,true,"Source: https://www.dekalbcountyga.gov/contact-us | Donor lives in Atlanta, much of which lies within DeKalb County GA - the county government is the obvious employer for a retired county worker. Official county site and directories confirm the Maloof government center at 1300 Commerce Drive, Decatur  | Independently verified (DeKalb County, GA's official contact page lists its main government building at 1300 Commerce Drive, Decatur, GA 30030, which houses the county's cent) | Researched by agent sweep 2026-07-30, adjudicated by hand",dekalbcountyga.gov,https://www.dekalbcountyga.gov/contact-us
MERRIN INVESTORS,2547 Maple Ave,Cortlandt Manor,NY,10567,true,SEC filing names this principal business office and Seth Merrin as managing member; manually verified 2026-08-03.,ir.immuneering.com,https://ir.immuneering.com/static-files/5ea0e92a-71c9-4e74-91c1-378a856a0f44
KRAMER DIRECT,"100 N Central Expressway, Suite 300",Richardson,TX,75080,true,"Source: https://www.visualvisitor.com/companies/2508684/kramer-direct | Allyn Kramer is the founder of Kramer Direct (insurance/financial lead-generation, since 1985) - matches the Dallas-area donor exactly. Directory listing confirms HQ at 100 North Central Expressway, Richardson TX. | Independently verified (BBB and CB Insights list Kramer Direct at 100 N Central Expressway, Suite 300, Richardson, TX 75080. The firm was founded in 1985 by the donor himself) | Researched by agent sweep 2026-07-30, adjudicated by hand",visualvisitor.com,https://www.visualvisitor.com/companies/2508684/kramer-direct
WEINSTEIN MORTUARY,640 Farmington Avenue,Hartford,CT,06105,true,"Source: https://www.legacy.com/funeral-homes/connecticut/hartford/weinstein-mortuary/fh-4131 | Weinstein Mortuary is a Jewish funeral home serving Greater Hartford for 80+ years; donor Morton Weinstein shares the family name and is retired in Miami Beach - a classic retiree relocation, not evidence against the CT address. Address confirmed by  | Independently verified (The mortuary's own website and multiple directories confirm 640 Farmington Avenue, Hartford, CT 06105 as its sole location; it is a longtime family-na) | Researched by agent sweep 2026-07-30, adjudicated by hand",legacy.com,https://www.legacy.com/funeral-homes/connecticut/hartford/weinstein-mortuary/fh-4131
ASK LLP,"444 Cedar St, Suite 1700",Saint Paul,MN,55101,true,"Source: https://gomarketing.com/in-the-news/ask-financial-llp-neiger-llp-merge-bankruptcy-and-corporate-law-practices-to-form-ask-llp/ | Donor Gregory Abrams' LinkedIn ties him to 'A.S.K Financial, specializing in the analysis, collection, and investment in bankruptcy-related debt' - the same national bankruptcy avoidance-action firm A.S.K. Financial LLP, based in Saint Paul MN, which | Address carried from the A.S.K. FINANCIAL variant it absorbs | Researched by agent sweep 2026-07-30, adjudicated by hand",gomarketing.com,https://gomarketing.com/in-the-news/ask-financial-llp-neiger-llp-merge-bankruptcy-and-corporate-law-practices-to-form-ask-llp/
INTEGRATED SPECIALTY COVERAGES,"1811 Aston Ave, Suite 200",Carlsbad,CA,92008,true,"Source: https://opengovwa.com/corporation/604512296 | Matthew Grossberg founded ISC in 2017 and is its CEO (BusinessWire KKR-acquisition release; ZoomInfo). WA state corporate registration, D&B, and ZoomInfo all list HQ as 1811 Aston Ave, Suite 200, Carlsbad CA 92008. Donor is in NY but the company HQ i | Independently verified (D&B and ZoomInfo confirm ISC's headquarters at 1811 Aston Ave, Ste 200, Carlsbad, CA 92008 (the original opengovwa source was a WA registration record) | Researched by agent sweep 2026-07-30, adjudicated by hand",opengovwa.com,https://opengovwa.com/corporation/604512296
HEADHAUL CAPITAL PARTNERS,"500 West Putnam Avenue, Suite 400",Greenwich,CT,06830,true,"Source: https://headhaulcapital.com/contacts/ | Headhaul Capital Partners is a private-equity firm (transportation/logistics focus); its own website's contact page lists 500 West Putnam Avenue, Suite 400, Greenwich CT 06830. Donor is a retiree in Mamaroneck NY - the NY-metro/Greenwich geography fi | Independently verified (The firm's own contacts page and D&B list Headhaul Capital Partners LLC at 500 West Putnam Avenue, Suite 400, Greenwich, CT 06830; it is the private e) | Researched by agent sweep 2026-07-30, adjudicated by hand",headhaulcapital.com,https://headhaulcapital.com/contacts/
CAMINO MEDICAL GROUP,701 E El Camino Real,Mountain View,CA,94040,true,"Source: https://www.yelp.com/biz/palo-alto-medical-foundation-mountain-view | Camino Medical Group was a ~130-physician multispecialty group in Sunnyvale/Mountain View/Santa Clara that merged into the Palo Alto Medical Foundation effective Jan 1, 2008 (PAMF history; Los Altos Town Crier). Its flagship campus - now PAMF's Mount | Independently verified (701 E El Camino Real, Mountain View was Camino Medical Group's main campus; the group merged into Palo Alto Medical Foundation (Sutter Health) and the) | Researched by agent sweep 2026-07-30, adjudicated by hand",yelp.com,https://www.yelp.com/biz/palo-alto-medical-foundation-mountain-view
FIRST ALLIANCE MORTGAGE COMPANY,17305 Von Karman Avenue,Irvine,CA,92614,true,"Source: https://www.sec.gov/Archives/edgar/data/1029321/0001019687-97-000028.txt | Donor Brian Chisick founded and ran First Alliance Mortgage Company (FTC predatory-lending case names him as chairman/CEO/president). SEC filings for First Alliance Corp list HQ at 17305 Von Karman Avenue, Irvine CA 92614. | Independently verified (Right company: donor Brian Chisick founded and led First Alliance Mortgage Company. SEC filings and the FTC predatory-lending case both place its corp) | Researched by agent sweep 2026-07-30, adjudicated by hand",sec.gov,https://www.sec.gov/Archives/edgar/data/1029321/0001019687-97-000028.txt
SPARKS GROUP,50 Church Street,Cambridge,MA,02138,true,"Source: https://www.zoominfo.com/c/sparks-group/1308623708 | Donor Alex Sagan (Cambridge MA, Harvard PhD) is President of this Sparks Group per LinkedIn/RocketReach/Datanyze; BBB profiles the firm in Cambridge MA and ZoomInfo/CMac list 50 Church St, Cambridge 02138 (617-497-7600). | Independently verified (Right company, not the Rockville MD staffing firm of the same name: donor Alex Sagan is the president/owner of this small Cambridge consultancy, and Y) | Researched by agent sweep 2026-07-30, adjudicated by hand",zoominfo.com,https://www.zoominfo.com/c/sparks-group/1308623708
OHIO SAVING BANK,1801 East 9th Street,Cleveland,OH,44114,true,"Source: https://case.edu/ech/articles/o/ohio-savings-bank | Encyclopedia of Cleveland History: Leo Goldberg bought control in 1961; his son Robert Goldberg (the donor) became president. The bank moved its main office to 1801 East Ninth Street (Ohio Savings Plaza) in 1977. Donor retired in Lyndhurst OH, a Clev | Independently verified (1801 East 9th St is Ohio Savings Plaza, built as and serving as Ohio Savings Bank's headquarters from 1977. The bank was closed in December 2009 and f) | Researched by agent sweep 2026-07-30, adjudicated by hand",case.edu,https://case.edu/ech/articles/o/ohio-savings-bank
SPECTRUM DIVERSIFIED,675 Mondial Parkway,Streetsboro,OH,44241,true,"Source: https://panjiva.com/Spectrum-Diversified-Designs-Inc/24224508 | Donor Sheldon Goodman is founder, chairman and CEO of Spectrum Diversified Designs (ZoomInfo, LinkedIn, Aspire Dealmakers bio; design patents in his name). Panjiva trade records and the BBB profile place the company at 675 Mondial Parkway, Streetsbor | Independently verified (Spectrum Diversified Designs' headquarters is 675 Mondial Parkway, Streetsboro OH 44241 per BBB, ZoomInfo, Panjiva, and OSHA records, with listings cu) | Researched by agent sweep 2026-07-30, adjudicated by hand",panjiva.com,https://panjiva.com/Spectrum-Diversified-Designs-Inc/24224508
HEALTHCOR MANAGEMENT,"152 West 57th Street, 43rd Floor",New York,NY,10019,true,"Source: https://adviserinfo.sec.gov/firm/summary/159101 | Donor Arthur Cohen co-founded HealthCor Management, L.P. in 2005 and is Partner/co-CEO (Bloomberg profile, SEC filings). SEC adviser records and 13D/G filings consistently list 152 W 57th Street (Carnegie Hall Tower), 43rd Floor, New York NY 10019. | Independently verified (Right company: donor Arthur Cohen is co-founder and co-CEO of HealthCor Management L.P. (a CT resident, consistent with Westport). The firm's own offi) | Researched by agent sweep 2026-07-30, adjudicated by hand",adviserinfo.sec.gov,https://adviserinfo.sec.gov/firm/summary/159101
QUADRANT CAPITAL ADVISORS INC,"499 Park Avenue, 24th Floor",New York,NY,10022,true,"Source: https://opengovny.com/corporation/2876424 | NY corporate registry record and LEI record (5493006IJB3Q3XCNXF22) both list Quadrant Capital Advisors, Inc. at 499 Park Avenue, 24th Floor, New York NY 10022; Yelp/Manta/D&B agree. Donor Thomas Brener is a NY investment manager - matches the firm's  | Independently verified (Exact-name match with the New York private-equity/family-office firm at 499 Park Avenue, 24th Floor, NY 10022, confirmed by its LEI record, NY corpora) | Researched by agent sweep 2026-07-30, adjudicated by hand",opengovny.com,https://opengovny.com/corporation/2876424
BRYN PHARMA,7101 Millstone Ridge Court,Raleigh,NC,27614,true,"Source: https://opencorporates.com/companies/us_nc/1753361 | NC corporate registry (via OpenCorporates), NC Biotech Center directory, and SEC EDGAR filer records all list Bryn Pharma LLC at 7101 Millstone Ridge Court, Raleigh NC 27614. | Independently verified (SEC EDGAR filings (CIK 1746919), the NC Biotech Center directory, and business registries all give 7101 Millstone Ridge Ct, Raleigh NC 27614 as Bryn P) | Researched by agent sweep 2026-07-30, adjudicated by hand",opencorporates.com,https://opencorporates.com/companies/us_nc/1753361
SHELL,150 N. Dairy Ashford Road,Houston,TX,77079,true,"Source: https://opengovco.com/business/19871012066 | Corporate registry record and D&B both list Shell USA, Inc. at 150 N. Dairy Ashford, Houston TX 77079 (Shell's US headquarters campus). | Independently verified (150 N. Dairy Ashford Rd, Houston TX 77079 is Shell USA's headquarters (the Woodcreek campus in Houston's Energy Corridor), confirmed by Shell USA's ow) | Researched by agent sweep 2026-07-30, adjudicated by hand",opengovco.com,https://opengovco.com/business/19871012066
CRACKER BARREL,305 Hartmann Drive,Lebanon,TN,37087,true,"Source: https://www.sec.gov/Archives/edgar/data/1067294/000110465924107274/tm2425138d2_ars.pdf | SEC annual-report filings list Cracker Barrel Old Country Store, Inc. HQ at 305 Hartmann Drive, Lebanon TN. Donor Lawrence Hyatt was the company's SVP/CFO until June 2016 (SEC 8-K) and lives in Franklin TN, in the Nashville metro - a retired-executiv | Independently verified (305 Hartmann Drive, Lebanon TN is Cracker Barrel Old Country Store's corporate headquarters (annual report, maps, and corporate directories agree). Ri) | Researched by agent sweep 2026-07-30, adjudicated by hand",sec.gov,https://www.sec.gov/Archives/edgar/data/1067294/000110465924107274/tm2425138d2_ars.pdf
E78 PARTNERS,"2211 York Rd, Suite 200",Oak Brook,IL,60523,true,"Source: https://www.cbinsights.com/company/e78-partners | Seamless.AI staff directory, Facebook business page, and BBB all list E78 Partners in Oak Brook IL; CB Insights and Cience give 2211 York Rd Ste 200, Oak Brook IL 60523. Firm founded 2016, national finance/tech advisory serving PE sponsors. | Independently verified (E78 Partners' own headquarters is 2211 York Rd, Suite 200, Oak Brook, IL 60523, corroborated by BBB, Facebook, and multiple business directories; it i) | Researched by agent sweep 2026-07-30, adjudicated by hand",cbinsights.com,https://www.cbinsights.com/company/e78-partners
TREMONT PARTNERS,"639 E Ocean Ave, Suite 309",Boynton Beach,FL,33435,true,"Source: https://www.corporationwiki.com/Florida/Palm-Beach/tremont-partners-llc-3783481.aspx/ | LinkedIn shows donor Kenneth Slater at Tremont Partners; slaterfamilyholdings.com and Wilson Center bio describe Slater Family Holdings' two management offices: Tremont Partners (Palm Beach FL) and Tremont Asset Management (Boston MA). Florida regist | Researcher's answer was refuted and corrected by the verifier: Right company — Tremont Partners is the Florida management office of Slater Family Holdings and Kenneth Z. Slater is its CEO/manager — but 11 Sloans Curve Dr is a residential ocean | Corrected source: https://www.floridabar.org/directories/find-mbr/profile/?num=345431 | Researched by agent sweep 2026-07-30, adjudicated by hand",floridabar.org,https://www.floridabar.org/directories/find-mbr/profile/?num=345431
MAZIE SLATER KATZ & FREEMAN,"103 Eisenhower Parkway, 2nd Floor",Roseland,NJ,07068,true,"Source: https://www.mazieslater.com/contact/ | Official firm contact page; identical address on Yelp, Martindale, FindLaw, Super Lawyers, BBB. Donor David Mazie is the founding/name partner of this Roseland NJ plaintiffs' firm - matches donor city exactly. | Independently verified (The firm's own contact page and independent listings (Yelp updated May 2026, BBB, SuperLawyers) all give 103 Eisenhower Parkway, 2nd Floor, Roseland, ) | Researched by agent sweep 2026-07-30, adjudicated by hand",mazieslater.com,https://www.mazieslater.com/contact/
WEISS ASSET MANAGEMENT,"222 Berkeley Street, 16th Floor",Boston,MA,02116,true,"Source: https://www.weissasset.com/contact/ | Official contact page: 222 Berkeley St, 16th Fl, Boston MA 02116. Donor Andrew Weiss is the founder/CEO (Wikipedia, D&B, Bloomberg all confirm Boston HQ). Matches donor's Boston base. | Independently verified (Weiss Asset Management LP's current office is 222 Berkeley St, Floor 16, Boston, MA 02116 per its own contact page and D&B/directory listings. Donor A) | Researched by agent sweep 2026-07-30, adjudicated by hand",weissasset.com,https://www.weissasset.com/contact/
INTANDEM CAPITAL PARTNERS,"One Vanderbilt Avenue, Suite 2400",New York,NY,10017,true,"Source: https://www.privateequityinternational.com/institution-profiles/intandem-capital-partners.html | PEI institution profile and Yelp list 1 Vanderbilt Ave, New York 10017; InTandem leased space at One Vanderbilt in 2020. Donor Elliot Cooperstone is founder/CEO/managing partner (intandemcapital.com team page); East Hampton NY donor fits the NYC metr | Independently verified (InTandem Capital Partners' own website and a Feb-2026-updated listing give One Vanderbilt Avenue, Suite 2400, New York, NY 10017 as its current office) | Researched by agent sweep 2026-07-30, adjudicated by hand",privateequityinternational.com,https://www.privateequityinternational.com/institution-profiles/intandem-capital-partners.html
KIFO,"York Gate, 100 Marylebone Road",London,,NW1 5DX,true,"Source: https://open.endole.co.uk/insight/company/15546204-kifo-private-office-limited | KIFO = Kirsh Family Office. UK Companies House (via Endole): Kifo Private Office Limited, York Gate, 100 Marylebone Road, London NW1 5DX; donor Linda Mirels and Philip Kirsh are directors and persons with significant control. Preqin/Bloomberg/Altss c | Independently verified (Kifo Private Office Limited is registered at York Gate, 100 Marylebone Road, London NW1 5DX, and donor Linda Mirels is personally a director and perso) | Researched by agent sweep 2026-07-30, adjudicated by hand",open.endole.co.uk,https://open.endole.co.uk/insight/company/15546204-kifo-private-office-limited
ELM GROVE STRATEGIES LLC,"875 Prospect Street, Suite 304",La Jolla,CA,92037,true,"Source: https://www.bizprofile.net/ca/san-diego/elm-grove-strategies-llc | California SOS filing data (entity 200335410117, also on OpenCorporates): principal and mailing address 875 Prospect Street, Suite 304, La Jolla CA 92037; donor Alan Viterbi is the registered agent and is publicly Managing Partner of Elm Grove Strate | Independently verified (California filings (OpenCorporates/bizprofile) list 875 Prospect Street, Suite 304, La Jolla, CA 92037 as Elm Grove Strategies LLC's principal and mai) | Researched by agent sweep 2026-07-30, adjudicated by hand",bizprofile.net,https://www.bizprofile.net/ca/san-diego/elm-grove-strategies-llc
FATTOC,,Los Angeles,CA,,true,"Source: https://trademark.justia.com/owners/financial-asset-trading-technology-ofcalifornia-llc-1431157 | VBProfiles/Worky: David Salomon, Co-Founder, FATTOC LLC, Los Angeles CA - ex-Goldman, Wharton MBA, co-founder of HFT firms EWT LLC and Madison Tyler with Vincent Viola. FATTOC = Financial Asset Trading & Technology Of California, LLC (Justia trademar | City level only - no street published | Researched by agent sweep 2026-07-30, adjudicated by hand",trademark.justia.com,https://trademark.justia.com/owners/financial-asset-trading-technology-ofcalifornia-llc-1431157
FLYWHEEL EVENTS LLC,7030 S YALE AVE STE E-100,TULSA,OK,74136,true,"Source: https://www.cityoftulsa.org/media/30779/flywheel-presents-big-ride-app-06-06-2026-spev-245899-2026.pdf | flywheeltulsa.com/about names Phil Kaiser as co-founder; permit is a city-government document naming Kaiser and the address together. | Independently verified (Right company and current: Flywheel Tulsa (event production, matching the donor's Tulsa event-production occupation) lists its billing/office address ) | Researched by agent sweep 2026-07-30, adjudicated by hand",cityoftulsa.org,https://www.cityoftulsa.org/media/30779/flywheel-presents-big-ride-app-06-06-2026-spev-245899-2026.pdf
LAFFA LLC,111 N MAIN ST,TULSA,OK,74103,true,"Source: https://www.laffatulsa.com/contact/ | Tulsa World and TulsaPeople coverage name Phil Kaiser as owner at this location; Yelp listing shows same street address. | Independently verified (111 N Main St was Laffa's actual and only restaurant location in downtown Tulsa (right company, its own premises, not an agent). Caveat: the restauran) | Researched by agent sweep 2026-07-30, adjudicated by hand",laffatulsa.com,https://www.laffatulsa.com/contact/
RA COHEN & ASSOCIATES INC,250 PARK AVE STE 1901,NEW YORK,NY,10177,true,"Source: https://opengovny.com/real-estate-license/109901274 | racohen.com (official site) and LoopNet broker profile both place the firm at 250 Park Ave; state license record matches suite 1901. | Independently verified (The boutique NYC real-estate firm moved to the 19th floor of 250 Park Avenue at the end of 2015 (Commercial Observer) and current directories (LoopNet) | Researched by agent sweep 2026-07-30, adjudicated by hand",opengovny.com,https://opengovny.com/real-estate-license/109901274
TALCOTT HOLDINGS INC,"6538 Collins Avenue, Suite 233",Miami Beach,FL,33141,true,HIGH (VERIFIED) - Florida state record identifies Ephraim Greenwall and this company; replaces the unrelated Connecticut insurer; rechecked 2026-08-19,Florida Division of Corporations,https://search.sunbiz.org/Inquiry/corporationsearch/SearchResultDetail?aggregateId=domp-p19000050937-faa381b5-5ec5-4bef-8623-c98d9e4615c1&directionType=Initial&inquirytype=EntityName&listNameOrder=TALCOTTHOLDINGS+P190000509370&searchNameOrder=TALCOTTHOLDINGS+P190000509370&searchTerm=TALCOTT+HOLDINGS%2C+INC.
RST DEVELOPMENT LLC,168 BUSINESS PARK DR STE 200,VIRGINIA BEACH,VA,23462,true,"Source: https://www.dnb.com/business-directory/company-profiles.rst_development_llc.eb34b2ea90fca55d27e06fe844d7dd00.html | allbiz.com listing shows same address and phone (757) 473-3706; corporationwiki links Todd Copeland to RST entities in Virginia Beach. | Independently verified (Multiple independent directories (D&B, AllBiz, Yellow Pages) list RST Development LLC at 168 Business Park Dr Ste 200, Virginia Beach VA 23462 as its ) | Researched by agent sweep 2026-07-30, adjudicated by hand",dnb.com,https://www.dnb.com/business-directory/company-profiles.rst_development_llc.eb34b2ea90fca55d27e06fe844d7dd00.html
COMMUNITY DEVELOPMENT GROUP,2500 ARAPAHOE AVE STE 220,BOULDER,CO,80302,true,"Source: https://www.cdgcolorado.com/contact/ | BBB Boulder profile (general contractor) and LinkedIn (Chuck Bellock, President at Community Development Group) corroborate company and city. | Independently verified (BBB and the Denver HBA member directory list Community Development Group (legally Chuck Bellock Construction Inc., managed by Chuck Bellock — the dono) | Researched by agent sweep 2026-07-30, adjudicated by hand",cdgcolorado.com,https://www.cdgcolorado.com/contact/
RMCB,200 PEMBERWICK RD,GREENWICH,CT,06831,true,"Source: https://www.bbb.org/us/ny/elmsford/profile/collections-agencies/retrieval-masters-creditors-bureau-inc-0121-2590 | corporationwiki lists Russell Fuchs as president at the Elmsford address; NY AG settlement PDF and Krebs on Security coverage confirm company identity and location. | Researcher's answer was refuted and corrected by the verifier: Stale address: signed state AG consent judgments (NY, VT, CO, March 2021) state that Retrieval-Masters Creditors Bureau's principal place of business is 200 Pemberwick Road, Greenw | Corrected source: https://ag.ny.gov/sites/default/files/new_york_agreement_signed.pdf | Researched by agent sweep 2026-07-30, adjudicated by hand",ag.ny.gov,https://ag.ny.gov/sites/default/files/new_york_agreement_signed.pdf
FACTOR FINDERS LLC,25101 CHAGRIN BLVD STE 250,BEACHWOOD,OH,44122,true,"Source: https://www.bbb.org/us/oh/beachwood/profile/accounting/factor-finders-llc-0312-92020594 | factorfinders.com/about-factor-finders/meet-our-president confirms Philip Cohen as founder-president; LinkedIn profile matches Beachwood OH. | Independently verified (BBB and Yelp both currently list Factor Finders LLC at 25101 Chagrin Blvd Ste 250, Beachwood OH 44122 — its own office, and Philip Cohen (the donor, f) | Researched by agent sweep 2026-07-30, adjudicated by hand",bbb.org,https://www.bbb.org/us/oh/beachwood/profile/accounting/factor-finders-llc-0312-92020594
MFAL CONSULTING LLC,2401 NE 47th Street,Lighthouse Point,FL,33064,true,HIGH (VERIFIED) - final Florida annual report address before the 2025 administrative dissolution; donor later reported retirement; rechecked 2026-08-19,Florida Division of Corporations,https://search.sunbiz.org/Inquiry/corporationsearch/SearchResultDetail?aggregateId=flal-l18000096377-d3d2eccf-4543-4239-a447-382a75f769c2&directionType=ForwardList&inquirytype=EntityName&listNameOrder=MFALCON+L170001657840&searchNameOrder=MFALCONSULTING+L180000963770&searchTerm=MFAVII+LLC
TG HOLDINGS LLC,17895 COLLINS AVE STE 2600,SUNNY ISLES BEACH,FL,33160,true,"Source: https://www.floridabulldog.org/2025/09/here-floridians-who-paid-megabucks-to-dine-with-president-donald-trump/ | Donor Julius (Jules) Trump is co-chairman of The Trump Group / Trump Holdings LLC; TG Holdings LLC is reported as headquartered at this Collins Ave office in the donor's own city. | Independently verified (Florida Bulldog reports TG Holdings LLC headquartered at 17895 Collins Ave, Suite 2600, Sunny Isles Beach, and Sunbiz shows Trump Holdings LLC and aff) | Researched by agent sweep 2026-07-30, adjudicated by hand",floridabulldog.org,https://www.floridabulldog.org/2025/09/here-floridians-who-paid-megabucks-to-dine-with-president-donald-trump/
MAYAN PROPERTIES INC,2665 SOUTH BAYSHORE DRIVE PH-2A,MIAMI,FL,33133,true,"Source: https://aztecgroup.com/wp-content/uploads/2021/03/Professional-Profile-E-Katz-v8.pdf | Donor Ezra Katz founded Mayan Properties in 1993 as his merchant-bank arm alongside Aztec Group; his official Aztec Group profile carries this Coconut Grove address. | Independently verified (Ezra Katz founded Mayan Properties as the principal-investment arm alongside his Aztec Group; both Aztec Group and Katz's Mayan Financial LLC are at 2) | Researched by agent sweep 2026-07-30, adjudicated by hand",aztecgroup.com,https://aztecgroup.com/wp-content/uploads/2021/03/Professional-Profile-E-Katz-v8.pdf
LIBERTY WEST INC,16027 VENTURA BLVD # 550,ENCINO,CA,91436,true,"Source: https://california.realest-us.org/92467-liberty_west_inc.htm | Donor Adam Milstein is President of Liberty West Inc, which he joined in 1986; it is a related entity of Hager Pacific Properties, where he is managing partner. The address is Hager Pacific's Encino office, in the donor's home city. | Independently verified (Adam Milstein is President of Liberty West Inc at 16027 Ventura Blvd #550, Encino; the Milstein Family Foundation and related Milstein entities share ) | Researched by agent sweep 2026-07-30, adjudicated by hand",california.realest-us.org,https://california.realest-us.org/92467-liberty_west_inc.htm
AMERICAL MANAGEMENT CO. INC,"10940 Wilshire Boulevard, Suite 1960",Los Angeles,CA,90024,true,"HIGH (VERIFIED) - California registry-derived record confirms the company, address, and Jan Zakowski; rechecked 2026-08-19",California business record,https://www.bizprofile.net/ca/los-angeles/americal-management-company-inc
ROYAL CARIBBEAN CRUISES,1050 CARIBBEAN WAY,MIAMI,FL,33132,true,"Source: https://www.rclinvestor.com/contact-us/ | Donor Richard Fain is the retired longtime chairman/CEO of Royal Caribbean Group; the HQ address is confirmed by the company's own investor-relations site and SEC filings, and happens to be in the donor's home city anyway. | Independently verified (1050 Caribbean Way, Miami FL 33132 remains Royal Caribbean Group's corporate headquarters as of 2026 (investor contact page, SEC filings); the new HQ ) | Researched by agent sweep 2026-07-30, adjudicated by hand",rclinvestor.com,https://www.rclinvestor.com/contact-us/
I & MJ GROSS CO,14300 RIDGE RD STE 100,NORTH ROYALTON,OH,44133,true,"Source: https://www.dnb.com/business-directory/company-profiles.i__m_j_gross_company.eaf858b9f9b4ae98b254e8d4a99899a6.html | Donor Harley Gross and his brother Gary run the family firm; company history names founder Isadore Gross (1916) and father Morton Gross - the 'I' and 'M J' in the corporate name. Shaker Heights donor, Cleveland-suburb HQ - perfect metro fit. | Independently verified (The I. & M.J. Gross Company operates as Gross Builders / Gross Residential, headquartered at 14300 Ridge Rd Suite 100, North Royalton OH; donor Harley) | Researched by agent sweep 2026-07-30, adjudicated by hand",dnb.com,https://www.dnb.com/business-directory/company-profiles.i__m_j_gross_company.eaf858b9f9b4ae98b254e8d4a99899a6.html
BOLT VENTURES,,NEW YORK,NY,,true,"Donor David Blitzer is the founder/chairman - Bolt Ventures (Bolt Family Office, formed 2013) is his sports-focused single-family office, consistently described as New York-based (Family Capital, Bloomberg Law, Altss); donor lives in New York. | City level only - no street published | Researched by agent sweep 2026-07-30, adjudicated by hand",bizprofile.net,https://www.bizprofile.net/ny/new-york/bolt-ventures-i-llc
STANTON SAS,Km 25 Via a Sibate,Sibate,Cundinamarca,,true,HIGH (VERIFIED) - current Colombian government producer record confirms the active company and factory address; rechecked 2026-08-19,Colombia Ministry of Commerce,https://prorigen.vuce.gov.co/Consultas/produccion_nacional/consulta_progress_nit.php?Consultar=&nit=860009034
THE ORDEN COMPANY,13116 Imperial Highway,Santa Fe Springs,CA,90670,true,"Source: https://ordencompany.com/privacy-policy/ | The Orden Company, LLC is a Los Angeles-basin multifamily real-estate acquisition/development/property-management firm (LinkedIn company page, ordencompany.com), matching the donor's 'real estate investor' occupation in the LA metro. | Independently verified (Santa Fe Springs Chamber of Commerce, Dun & Bradstreet, LoopNet and the company's own website all place The Orden Company (real estate / property mana) | Researched by agent sweep 2026-07-30, adjudicated by hand",ordencompany.com,https://ordencompany.com/privacy-policy/
JEWBELONG,37 W 20th St Ste 307,New York,NY,10011,true,"Source: https://www.causeiq.com/organizations/jewbelong,813739789/ | Donor Margery 'Archie' Gottesman is the co-founder and principal officer of JewBelong Inc. (jewbelong.com/team, AJC bio, GuideStar EIN 81-3739789). | Independently verified (GuideStar (IRS EIN 81-3739789) lists JewBelong Inc. at 37 W 20th St Ste 307, New York, NY 10011, matching the proposed address. Donor Margery Archie G) | Researched by agent sweep 2026-07-30, adjudicated by hand",causeiq.com,"https://www.causeiq.com/organizations/jewbelong,813739789/"
AMBER MOUNTAIN,"30 S Wacker Dr, Suite 1706",Chicago,IL,60606,true,Current FINRA BrokerCheck filing lists Amber Mountain Trading Company here and Lawrence Bernstein as 100 percent owner; manually verified 2026-08-03.,files.brokercheck.finra.org,https://files.brokercheck.finra.org/firm/firm_127784.pdf
JOEL REINSTEIN PLLC,"925 South Federal Highway, Suite 325",Boca Raton,FL,33432,true,HIGH (VERIFIED) - current legal directory confirms the professional office; rechecked 2026-08-19,FindLaw,https://lawyers.findlaw.com/florida/boca-raton/4177283_1/
MARIC INC,"197 First Ave, Suite 300",Needham Heights,MA,02494,true,"Source: https://www.dandb.com/businessdirectory/maricinc-needhamheights-ma-1245283.html | Donor Mark H. Rubin founded Maric Inc in 1984 and led it as President for four decades (LinkedIn, allpeople.com, rocketreach); Boston-area commercial real-estate investment firm - donor retired in West Newton MA, same metro. | Independently verified (Dun & Bradstreet, Superpages, Manta, Yelp and Macrae's Blue Book all list Maric Inc at 197 1st Ave, Suite 300, Needham Heights, MA 02494, with a Rubin) | Researched by agent sweep 2026-07-30, adjudicated by hand",dandb.com,https://www.dandb.com/businessdirectory/maricinc-needhamheights-ma-1245283.html
TRIPLE S INVESTMENT LLP,1916 Livingston Ave,Saint Paul,MN,55118,true,"Source: https://www.yelp.com/biz/triple-s-investments-saint-paul | Corporationwiki lists Scott Shaller as Partner of Triple S Investments LLP; allbiz/Manta tie the firm to the Shaller family - donor Steven Shaller of Sunfish Lake MN (adjacent suburb) matches the 'Triple S' (Shaller) real-estate partnership. | Independently verified (Yelp (updated June 2025), Dun & Bradstreet, BBB and Chamber of Commerce all place Triple S Investments L.L.P. at 1916 Livingston Ave, Saint Paul (West) | Researched by agent sweep 2026-07-30, adjudicated by hand",yelp.com,https://www.yelp.com/biz/triple-s-investments-saint-paul
KARNEY PROPERTIES CO,"1447 Cloverfield Boulevard, Suite 200",Santa Monica,CA,90404,true,HIGH (VERIFIED) - official company contact page confirms the current office; replaces the former Brentwood office; rechecked 2026-08-19,Karney Properties,https://karney.net/contact/
KARNEY MANAGEMENT CO,"12011 San Vicente Blvd, Suite 700",Los Angeles,CA,90049,true,"Source: https://www.yelp.com/biz/karney-management-los-angeles | Same donor, Aliza Karney Guren - Karney Management Company is the property-management arm of the Karney family firm (Vernon Chamber member listing, Yelp, LinkedIn company page shared with Karney Properties Co.). | Independently verified (Yelp (listing updated February 2026) confirms Karney Management at 12011 San Vicente Blvd, Los Angeles, the same Suite 700 office as its sister entity) | Researched by agent sweep 2026-07-30, adjudicated by hand",yelp.com,https://www.yelp.com/biz/karney-management-los-angeles
POMEGRANATE,527 Lagonda Ave,Lexington,KY,40505,true,"Source: https://www.yelp.com/biz/pomegranate-lexington | Donor Angela Beck is founder (1995), President and Owner of Pomegranate, Inc., the Lexington KY hand-block-printed linens/textile company (ZoomInfo, pomegranateinc.com/pages/about-us, StyleBlueprint, Victoria magazine). | Independently verified (Donor Angela Beck is the founder/president of Pomegranate Inc., the Lexington KY textile and home-accessories company, so it is the right company. Yel) | Researched by agent sweep 2026-07-30, adjudicated by hand",yelp.com,https://www.yelp.com/biz/pomegranate-lexington
EIGHTEEN ASSOCIATES,32 COURT ST STE 607,Brooklyn,NY,11201,true,"Source: https://www.bizprofile.net/ny/brooklyn/eighteen-associates-llc | Eighteen Associates LLC is a Brooklyn property-management/real-estate firm at 32 Court St Ste 607 (NY filing info via bizprofile.net; also listed on Yelp and in NY court cases as a commercial landlord). It is the only NY-metro real-estate company wit | Independently verified (Eighteen Associates LLC is a real-estate management firm at 32 Court St, Brooklyn NY 11201 (est. 2000, active), matching the donor's NY real-estate co) | Researched by agent sweep 2026-07-30, adjudicated by hand",bizprofile.net,https://www.bizprofile.net/ny/brooklyn/eighteen-associates-llc
ROBERT MARTIN CO,100 CLEARBROOK RD,Elmsford,NY,10523,true,"Source: https://www.yelp.com/biz/robert-martin-company-elmsford | Robert Martin Company LLC (Westchester real estate, founded 1957 by Robert F. Weinberg and Martin S. Berger - the name is the founders' first names). HQ 100 Clearbrook Road, Elmsford NY 10523. Brad Berger appears as an officer in the company's CT for | Independently verified (The Beverly Hills donor looked like a possible same-name mismatch, but Brad Berger is a son of Martin S. Berger, co-founder of Robert Martin Company o) | Researched by agent sweep 2026-07-30, adjudicated by hand",yelp.com,https://www.yelp.com/biz/robert-martin-company-elmsford
PCF INSURANCE SERVICES (TOTAL INSURANCE),3175 COMMERCIAL AVE STE 200,Northbrook,IL,60062,true,"Source: https://www.bbb.org/us/il/northbrook/profile/insurance-companies/total-insurance-services-inc-0654-88024519 | Eric Jaffee is a Principal/Partner of Total Insurance Services Inc, which operates as 'PCF Insurance dba Total Insurance Services' (his LinkedIn headline). Total Insurance Services is at 3175 Commercial Ave #200, Northbrook IL 60062 (BBB profile; tot | Independently verified (Donor Eric Jaffee is President/Principal of Total Insurance Services (LinkedIn lists him at 'PCF Insurance dba Total Insurance Services'), so the Nort) | Researched by agent sweep 2026-07-30, adjudicated by hand",bbb.org,https://www.bbb.org/us/il/northbrook/profile/insurance-companies/total-insurance-services-inc-0654-88024519
CROSSLAND LLC,,Baltimore,MD,,true,"Avi Benus is CEO of Crossland, LLC per LinkedIn (https://www.linkedin.com/in/avi-benus-11abbb19/), ZoomInfo and RocketReach; all place him in the Baltimore/Columbia MD area, and he sits on the Baltimore Jewish Council board. He was previously CEO of  | City level only - no street published | Researched by agent sweep 2026-07-30, adjudicated by hand",linkedin.com,https://www.linkedin.com/in/avi-benus-11abbb19/
MARC BELSKY LTD,420 LEXINGTON AVE,New York,NY,10170,true,"Source: https://www.marcbelsky.com/lets-talk/ | Marc Belsky Ltd, Real Estate Equity Brokers - office at 420 Lexington Avenue, New York NY 10170 (official site contact page; D&B profile). Donor Jonathan Heller is listed as Senior Vice President at Marc Belsky Ltd (RocketReach org chart), matching h | Independently verified (Marc Belsky Ltd (real-estate equity brokerage, fitting the donor's 'real estate private equity' occupation) lists 420 Lexington Ave, New York NY 10170) | Researched by agent sweep 2026-07-30, adjudicated by hand",marcbelsky.com,https://www.marcbelsky.com/lets-talk/
JESSICA'S,5500 SOTO ST,Vernon,CA,90058,true,"Source: http://www.jessicasoutlet.com/contact.html | Richard Koral is Founder and CEO of Jessica's (Jessica's Brands, a women's apparel company) per the company's own management page (http://www.jessicasoutlet.com/management.html). Company contact page lists 5500 Soto Street, Vernon CA 90058, phone (32 | Independently verified (Richard Koral is CEO of Jessica's Brands (jessicasoutlet.com), and the company's own contact page and current listings place it at 5500 S Soto St in t) | Researched by agent sweep 2026-07-30, adjudicated by hand",jessicasoutlet.com,http://www.jessicasoutlet.com/contact.html
INTELISENT LLC,597 NORTH MOUNTAIN RD,Newington,CT,06111,true,"Source: https://local.yahoo.com/info-210045419-intelisent-newington/ | Mark Mandell is Founder, President and CEO of Intelisent, a direct-mail tracking/omnichannel marketing firm that spun out of Newington mail marketer Data-Mail (Hartford Business Journal). Directory listings (Yahoo Local, ContactOut, Ampliz, mailing-i | Independently verified (Intelisent's facility is at 597 North Mountain Rd, Newington CT 06111, confirmed by multiple current directories (Yahoo Local, Datanyze, ZoomInfo), an) | Researched by agent sweep 2026-07-30, adjudicated by hand",local.yahoo.com,https://local.yahoo.com/info-210045419-intelisent-newington/
SPM MARKETING AND COMMUNICATIONS,15 W HARRIS AVE,La Grange,IL,60525,true,"Source: https://www.yelp.com/biz/spm-marketing-and-communications-la-grange | Larry (Lawrence) Margolis's LinkedIn: 'Retired Managing Director at SPM Marketing Communications', Managing Partner 1987-2018. SPM Marketing & Communications is a healthcare brand/marketing agency headquartered at 15 W Harris Ave, La Grange IL 60525  | Independently verified (SPM Marketing & Communications (healthcare marketing agency, founded 1983) is headquartered at 15 W Harris Ave, Suite 300, La Grange IL 60525 — its ow) | Researched by agent sweep 2026-07-30, adjudicated by hand",yelp.com,https://www.yelp.com/biz/spm-marketing-and-communications-la-grange
LDUB LLC,,Little Elm,TX,,true,"Texas registry shows LDUB, LTD. registered in Little Elm TX (Bizapedia: https://www.bizapedia.com/tx/ldub-ltd.html) - the donor's exact town. Donor Larry Denbrock is a building-products executive (CEO of US Cabinet Depot per LinkedIn; former CEO of a | City level only - no street published | Researched by agent sweep 2026-07-30, adjudicated by hand",bizapedia.com,https://www.bizapedia.com/tx/ldub-ltd.html
KITU SYSTEMS INC,"3760 Convoy Street, Suite 221",San Diego,CA,92111,true,"Source: https://craft.co/kitu/locations | Donor Rick Kornfeld of La Jolla CA, occupation CEO, is publicly President & CEO of Kitu Systems, Inc. (LinkedIn, kitu.io leadership pages). La Jolla is in San Diego - active-donor metro matches. | Independently verified (Kitu Systems' own contact page (kitu.io/contact) and current directory listings place the company at 3760 Convoy Street, Suite 221, San Diego, CA 9211) | Researched by agent sweep 2026-07-30, adjudicated by hand",craft.co,https://craft.co/kitu/locations
THE FLATIRON GROUP,,New York,NY,,true,"Source: https://in.marketscreener.com/insider/TAMARA-TOTAH-PICACHE-A2L1WG/ | Donor Tamara (Totah) Picache was CEO of Flatiron Group LLC, a New York private investment firm, from 2005-2017 (MarketScreener), and is now managing partner of the related Flatiron Venture Partners at 55 Fifth Ave, 18th Fl, New York NY 10003 (flatiro | City level only - no street published | Researched by agent sweep 2026-07-30, adjudicated by hand",in.marketscreener.com,https://in.marketscreener.com/insider/TAMARA-TOTAH-PICACHE-A2L1WG/
QUEST HOLDINGS,"400 Red Brook Blvd, Suite 120",Owings Mills,MD,21117,true,"Source: https://www.bbb.org/us/md/owings-mills/profile/property-management/quest-management-group-llc-0011-90270827 | Donor Jason Reitberger of Baltimore MD, occupation REAL ESTATE DEVELOPER, is CEO of Quest Holdings, LLC, the investment affiliate of Quest Management Group, LLC (liveqmg.com/about-us, PRWeb acquisition releases, ZoomInfo). Active in the Baltimore Jew | Researcher's answer was refuted and corrected by the verifier: Right company (Jason Reitberger is CEO of Quest Holdings LLC / Quest Management Group, which relocated to the Red Brook Corporate Center in Owings Mills in 2023) and right building | Corrected source: https://www.bbb.org/us/md/owings-mills/profile/property-management/quest-management-group-llc-0011-90270827 | Researched by agent sweep 2026-07-30, adjudicated by hand",bbb.org,https://www.bbb.org/us/md/owings-mills/profile/property-management/quest-management-group-llc-0011-90270827
CONGRESS AUTO INSURANCE AGENCY,"5 Whittier Street, 4th Floor",Framingham,MA,01702,true,"Source: https://www.bbb.org/us/ma/framingham/profile/insurance-companies/congress-auto-insurance-agency-inc-0021-6635 | Donor Gordon Owades of Lexington MA was president and owner of Congress Auto Insurance Agency, Inc. (Congress Insurance Agency of Lynn's about page names him as the prior owner who transferred ownership in 2017 - consistent with his RETIRED occupatio | Independently verified (Congress Insurance Agency's main office is at 5 Whittier Street, 4th Floor, Framingham, MA 01702, confirmed by a Yelp listing updated March 2026, the ) | Researched by agent sweep 2026-07-30, adjudicated by hand",bbb.org,https://www.bbb.org/us/ma/framingham/profile/insurance-companies/congress-auto-insurance-agency-inc-0021-6635
MARQETA,"180 Grand Avenue, 6th Floor",Oakland,CA,94612,true,"Source: https://craft.co/marqeta/locations | Donor Omri Dahan was Marqeta's longtime Chief Revenue Officer; now retired in Los Angeles. Retiree rule: judge the company by the company - Marqeta, Inc. (NASDAQ: MQ) is headquartered in Oakland CA. | Independently verified (Marqeta's own FY2025 SEC filings and multiple 2025 directory sources list the principal executive office as 180 Grand Avenue, 6th Floor, Oakland, CA 9) | Researched by agent sweep 2026-07-30, adjudicated by hand",craft.co,https://craft.co/marqeta/locations
CORAD INVESTMENTS LLC,,West Palm Beach,FL,,true,"Source: https://www.linkedin.com/in/david-naftaly-aa105a307 | Donor David Naftaly of West Palm Beach FL is the managing member of Corad Investments, LLC per his own LinkedIn and D&B; Florida LLC registered July 2013, based in West Palm Beach. | City level only - no street published | Researched by agent sweep 2026-07-30, adjudicated by hand",linkedin.com,https://www.linkedin.com/in/david-naftaly-aa105a307
JOEL BROOKS & ASSOCIATES,"265 Post Avenue, Suite 320",Westbury,NY,11590,true,"Source: https://www.lawyers.com/westbury/new-york/joel-brooks-and-associates-p-c-565024-f/ | Donor Joel Brooks of Old Westbury NY, retired, is the eponymous principal of Joel Brooks & Associates, P.C., a law firm in adjacent Westbury NY (Lawyers.com, Martindale, Yelp all list it). | Independently verified (Joel Brooks & Associates, P.C. is listed at 265 Post Avenue (Suite 320), Westbury, NY 11590 across Martindale, Lawyers.com, and a Yelp listing updated) | Researched by agent sweep 2026-07-30, adjudicated by hand",lawyers.com,https://www.lawyers.com/westbury/new-york/joel-brooks-and-associates-p-c-565024-f/
MADALUXE GROUP,1760 Apollo Court,Seal Beach,CA,90740,true,"OFFICE PREMISES: Source: https://www.zoominfo.com/pic/madaluxe-group/353833408 | Donor Adam Freede of Seal Beach CA, occupation CEO, is the co-founder and CEO of MadaLuxe Group, the largest US distributor of luxury fashion (Crunchbase, California Apparel News, madaluxe.com). HQ is in his own city of Seal Beach. | Independently verified (MadaLuxe Group's headquarters is 1760 Apollo Court, Seal Beach, CA 90740 per Dun & Bradstreet, ZoomInfo, and The Org; the company is active (announced) | Researched by agent sweep 2026-07-30, adjudicated by hand",zoominfo.com,https://www.zoominfo.com/pic/madaluxe-group/353833408
NALSANI USA INC,1920 E Hallandale Beach Blvd PH 2,Hallandale Beach,FL,33009,true,"Source: https://pr.business/nalsani-usa-inc-hallandale-beach-florida | Donor Yonatan Bursztyn is the founder/president of Nalsani (the Colombian parent of the Totto brand); corporationwiki lists him as President of Nalsani (U.S.A.) Inc. in Hallandale Beach FL, and Florida Sunbiz carries the entity. Donor's home (Hollywo | Independently verified (Multiple directories (Manta, pr.business, Nextdoor) list Nalsani USA Inc at 1920 E Hallandale Beach Blvd PH 2, Hallandale Beach FL 33009, and Florida ) | Researched by agent sweep 2026-07-30, adjudicated by hand",pr.business,https://pr.business/nalsani-usa-inc-hallandale-beach-florida
FELKER TOCZEK SUDDLESON ABRAMSON LLP,"1801 Century Park East, Suite 2000",Los Angeles,CA,90067,true,"Source: https://profiles.superlawyers.com/california/los-angeles/lawfirm/felker-toczek-suddleson-abramson-llp/e2aedee3-ab02-4a03-87bd-0707b8175c36.html | Donor Patti Felker is the founding name partner (entertainment attorney). Firm is now styled Felker Toczek Suddleson Abramson McGinnis Ryan LLP; current listings tied to the newest firm name give 1801 Century Park E, Ste 2000, LA 90067. | Independently verified (Current sources (LinkedIn, lawyer.com, LawInfo) place the firm at 1801 Century Park East, Suite 2000, Los Angeles CA 90067 (tel 310-441-8000). The fir) | Researched by agent sweep 2026-07-30, adjudicated by hand",profiles.superlawyers.com,https://profiles.superlawyers.com/california/los-angeles/lawfirm/felker-toczek-suddleson-abramson-llp/e2aedee3-ab02-4a03-87bd-0707b8175c36.html
HARBERT MANAGEMENT CORPORATION,"2100 3rd Avenue North, Suite 600",Birmingham,AL,35203,true,"Source: https://www.bbb.org/us/al/birmingham/profile/investment-management/harbert-management-corporation-0463-9965 | Well-known Birmingham AL investment firm; donor Joel B. Piassick (retired, Mountain Brook AL - a Birmingham suburb) was a senior Harbert Management executive. Geography and role both fit. | Independently verified (D&B, BBB and LinkedIn all list Harbert Management Corporation headquarters at 2100 3rd Ave N, Suite 600, Birmingham AL 35203-3416. This is the investm) | Researched by agent sweep 2026-07-30, adjudicated by hand",bbb.org,https://www.bbb.org/us/al/birmingham/profile/investment-management/harbert-management-corporation-0463-9965
UNITED FASHIONS OF TEXAS,4629 Macro Dr,San Antonio,TX,78218,true,"Source: https://www.bbb.org/us/tx/san-antonio/profile/food-manufacturer/united-fashions-of-texas-llc-0825-1000103932 | United Fashions of Texas LLC operates the Melrose / My Melrose apparel chain, headquartered in San Antonio - the donor's own city. Yelp and BBB both list 4629 Macro Dr, San Antonio TX 78218. | Independently verified (OpenCorporates, D&B, Yelp (updated Feb 2026) and LeadIQ all place United Fashions of Texas LLC (dba Melrose Family Fashions) corporate office and dist) | Researched by agent sweep 2026-07-30, adjudicated by hand",bbb.org,https://www.bbb.org/us/tx/san-antonio/profile/food-manufacturer/united-fashions-of-texas-llc-0825-1000103932
WEISS FAMILY PROPERTIES,15551 Cabrito Rd,Van Nuys,CA,91406,true,"Source: https://opengovus.com/los-angeles-business/0002536384-0001-0 | Weiss Family Properties LLC is a Weiss-family rental-property firm serving Los Angeles/San Fernando Valley, registered with the City of LA at 15551 Cabrito Rd, Van Nuys 91406 (also on the firm's own site wfproperties.com and Yelp). Donor is a Weiss i | Independently verified (The company's own website (wfproperties.com contact page) states the main headquarters is 15551 Cabrito Road, Van Nuys CA 91406, matching the LA busin) | Researched by agent sweep 2026-07-30, adjudicated by hand",opengovus.com,https://opengovus.com/los-angeles-business/0002536384-0001-0
GLASS GARDENS SHOPRITES,244 W Passaic St,Rochelle Park,NJ,07662,true,"Source: https://www.clodura.ai/directory/company/glass-gardens-inc-shoprites | Donor Andrew Kent (Tenafly NJ) is Executive Vice President of Glass Gardens, Inc., the family company operating ShopRite supermarkets in NJ/NY - matching his 'SUPERMARKET EXECUTIVE' occupation. Company is based at 244 W Passaic St, Rochelle Park NJ,  | Independently verified (D&B and Yellow Pages list Glass Gardens Inc corporate HQ at 244 W Passaic St, Rochelle Park NJ (one Yelp listing shows 220 W Passaic, the adjacent Sho) | Researched by agent sweep 2026-07-30, adjudicated by hand",clodura.ai,https://www.clodura.ai/directory/company/glass-gardens-inc-shoprites
GOLDBERG REALTY ASSOCIATES,"33 Clinton Rd, Suite 202",West Caldwell,NJ,07006,true,"Source: https://www.bbb.org/us/nj/west-caldwell/profile/property-management/goldberg-realty-associates-co-0221-24000050 | Donor Michael Goldberg is President & CEO of Goldberg Realty Associates (per theorg.com), a NJ multi-family property-management firm founded 1964. Donor lives in Livingston NJ, minutes from the West Caldwell office. Yelp and BBB give 33 Clinton Rd, W | Independently verified (Yelp (updated June 2026), BBB, Procore and the firm's own site place Goldberg Realty Associates at 33 Clinton Rd, Suite 202, West Caldwell NJ 07006. T) | Researched by agent sweep 2026-07-30, adjudicated by hand",bbb.org,https://www.bbb.org/us/nj/west-caldwell/profile/property-management/goldberg-realty-associates-co-0221-24000050
AA ALL METAL RECYCLING,1226 49th Ave,Oakland,CA,94601,true,"Source: https://www.dandb.com/businessdirectory/aaallmetalrecycling-oakland-ca-5462994.html | California filings (bizprofile.net) list donor Julie Ovadia as a Director of AA All Metal Recycling, Inc., with Roni Ovadia as agent; the corporate principal/mailing address is 1106 Via Roble, Lafayette CA 94549 - the donor's own home city. The opera | Independently verified (ScrapMonster, Yellow Pages, Manta and hub.biz all list AA All Metal Recycling at 1226 49th Ave, Oakland CA 94601, and the listed company contact is Ro) | Researched by agent sweep 2026-07-30, adjudicated by hand",dandb.com,https://www.dandb.com/businessdirectory/aaallmetalrecycling-oakland-ca-5462994.html
INTERLIGHT,7939 New Jersey Ave,Hammond,IN,46323,true,"Source: https://opengovus.com/sam-entity/KY7JKUY8BHB5 | International Lighting Corp., dba Interlight, is a family-owned specialty-bulb distributor at 7939 New Jersey Ave, Hammond IN 46323-3040 (SAM federal registration). Its officers are the Gray family - Bill Gray is listed as an officer alongside Steve  | Independently verified (Interlight's own website (interlightus.com), BBB and Yelp (updated July 2026) confirm 7939 New Jersey Ave, Hammond IN 46323 as the company's own headq) | Researched by agent sweep 2026-07-30, adjudicated by hand",opengovus.com,https://opengovus.com/sam-entity/KY7JKUY8BHB5
KLS FINANCIAL,15233 Ventura Blvd Ste 704,Sherman Oaks,CA,91403,true,"Source: https://www.klsfinancial.com/contact | Donor Melvin Plutsky is the founder/owner of KLS Financial (formed 1986), per the company's own About page and his Revere/LinkedIn profiles. | Independently verified (Right company: an LA/San Fernando Valley property-management firm, matching the donor's 'real estate management' occupation and Santa Monica location.) | Researched by agent sweep 2026-07-30, adjudicated by hand",klsfinancial.com,https://www.klsfinancial.com/contact
SSS EDUCATION INC,546 US Highway 46,Teterboro,NJ,07608,true,"Source: https://www.jerseycollege.edu/campuses/new-jersey/teterboro-nj | Donor Greg Karzhevsky is the founder and chancellor of Jersey College; EIN record (w9ein.com, EIN 27-0065816) and an FCC ULS license both show 'SSS EDUCATION, INC. DBA JERSEY COLLEGE'. | Independently verified (SSS Education Inc is the corporate entity behind Jersey College, headquartered at 546 US Highway 46, Teterboro NJ per D&B and multiple directories; Bu) | Researched by agent sweep 2026-07-30, adjudicated by hand",jerseycollege.edu,https://www.jerseycollege.edu/campuses/new-jersey/teterboro-nj
TRIUMPH MANAGEMENT,9454 Wilshire Blvd Ste 800,Beverly Hills,CA,90212,true,"Source: https://www.bizprofile.net/ca/beverly-hills/triumph-management-company | Donor Donald Feder is Vice President of Triumph Properties Group / Triumph Management Company (Revere profile; company team page lists the Feder family). | Independently verified (Right company: Triumph Properties/Triumph Management Company was founded by Paul Feder and is managed by Donald Feder of Beverly Hills - the donor him) | Researched by agent sweep 2026-07-30, adjudicated by hand",bizprofile.net,https://www.bizprofile.net/ca/beverly-hills/triumph-management-company
IDAHO FREEZ PAK CORP,1 Ethel Blvd,Wood Ridge,NJ,07075,true,"Source: https://www.dnb.com/business-directory/company-profiles.idaho_freez-pak_inc.51fe6a93d8e41d1af87b786c680b0650.html | Eric Senderowicz is listed as president; Henry Senderowicz is a key principal - the Senderowicz family runs the company, and Eric J. Senderowicz is directly associated with the 1 Ethel Blvd address. | Independently verified (Idaho Freez-Pak Inc, a wholesale frozen-foods company affiliated with Reddy Raw, operates at 1 Ethel Blvd, Wood-Ridge NJ 07075 per D&B, Manta, and Yah) | Researched by agent sweep 2026-07-30, adjudicated by hand",dnb.com,https://www.dnb.com/business-directory/company-profiles.idaho_freez-pak_inc.51fe6a93d8e41d1af87b786c680b0650.html
TOWER VENTURES/PARAGON,495 Tennessee St Ste 152,Memphis,TN,38103,true,"Source: https://towerventures.com/contact/ | Donor Craig Weiss is co-founder/partner and EVP of Leasing at Tower Ventures LLC, Memphis (LinkedIn, Crunchbase, company team page), and chairman of the board of Memphis-based Paragon Bank - the keyed name lists both roles. | Independently verified (Tower Ventures LLC, a Memphis wireless-tower developer, is at 495 Tennessee Street Suite 152, Memphis TN 38103 (Greater Memphis Chamber listing and th) | Researched by agent sweep 2026-07-30, adjudicated by hand",towerventures.com,https://towerventures.com/contact/
GREEN EARTH REALTY,6220 Campbell Rd Ste 104,Dallas,TX,75248,true,"Source: https://opencorporates.com/companies/us_tx/0800807054 | Donor Michael Zimmermann is managing partner of Green Earth Realty, Dallas (LoopNet broker profile, corporationwiki manager record). | Independently verified (Green Earth Realty LLC, a Dallas real-estate firm licensed since 2007, lists 6220 Campbell Rd Suite 104, Dallas TX 75248 on its own site, and Michael ) | Researched by agent sweep 2026-07-30, adjudicated by hand",opencorporates.com,https://opencorporates.com/companies/us_tx/0800807054
LAVITSKY COMPUTER LABORATORIES INC,865 Sherwood Rd,Bridgewater,NJ,08807,true,"Source: https://www.dandb.com/businessdirectory/lavitskycomputerlaboratoriesinc-bridgewater-nj-15230874.html | Donor Eric Lavitsky is president of Lavitsky Computer Laboratories Inc (LinkedIn, company site lavitsky.com); D&B, Buzzfile and Manta all place the company at this Bridgewater NJ address - the donor's own city. | Independently verified (The eponymous consulting/software firm of donor Eric Lavitsky (consultant, Bridgewater NJ). D&B, Manta, and YellowPages all place Lavitsky Computer La) | Researched by agent sweep 2026-07-30, adjudicated by hand",dandb.com,https://www.dandb.com/businessdirectory/lavitskycomputerlaboratoriesinc-bridgewater-nj-15230874.html
510 VENTURES LLC,510 Garrison Forest Rd,Owings Mills,MD,21117,true,"Source: https://marylanddb.com/company/W06864136/510-ventures-llc | Maryland registry record shows 510 Ventures LLC (incorporated 2002) with resident agent Mark D. Neumann Esq. at 510 Garrison Forest Rd, Owings Mills MD 21117 - the donor's own city; other records list Mark Neumann as CEO. | Independently verified (Maryland registry shows 510 Ventures LLC (active, incorporated 2002) with business address 510 Garrison Forest Rd, Owings Mills MD 21117; the resident) | Researched by agent sweep 2026-07-30, adjudicated by hand",marylanddb.com,https://marylanddb.com/company/W06864136/510-ventures-llc
METROLOFT NYC,40 WALL ST,NEW YORK,NY,10005,true,"Source: https://metroloft.com/contact/ | Donor Nathan Berman is the founder/managing principal of Metro Loft Management LLC; press (Bloomberg, WealthManagement) says he runs the firm from 40 Wall St in the Financial District; Yelp and the official contact page list 40 Wall St, New York, NY  | Independently verified (Metro Loft Management, founded and led by donor Nathan Berman (CEO/managing principal), is headquartered at 40 Wall Street (17th Floor) in Manhattan's) | Researched by agent sweep 2026-07-30, adjudicated by hand",metroloft.com,https://metroloft.com/contact/
SURRY INVESTMENT ADVISORS,56 SURRY DAM RD,SURRY,NH,03431,true,"Source: https://www.nhcompanyregistry.com/companies/surry-investment-advisors-llc/ | Donor Mark Gross is president/owner of Surry Investment Advisors LLC (AIRA bio; former co-president of C&S Wholesale Grocers) and lives in Surry NH — the firm is named after and registered in his own town. | Independently verified (NH company registry lists Surry Investment Advisors, LLC at 56 Surry Dam Road, Surry NH 03431. Donor Mark Gross is the firm's founder and president an) | Researched by agent sweep 2026-07-30, adjudicated by hand",nhcompanyregistry.com,https://www.nhcompanyregistry.com/companies/surry-investment-advisors-llc/
ATHOS PR,,WASHINGTON,DC,,true,"Source: https://athospr.com/teammember/sarit-catz/ | Donor Sarit Catz is listed as Senior Vice President on the firm's own team page, matching her 'media strategist' occupation. | City level only - no street published | Researched by agent sweep 2026-07-30, adjudicated by hand",athospr.com,https://athospr.com/teammember/sarit-catz/
PARAGON AFFILIATES,1 PARAGON DR STE 145,MONTVALE,NJ,07645,true,"Source: https://us.kompass.com/c/paragon-affiliates/usnn5551581/ | Donor Robert Heller served as president of Paragon Affiliates Inc (D&B/dandb listing names him as contact; role removed Dec 2021, matching his RETIRED status), and the Robert & Esther Heller Foundation is registered at the same Paragon Drive address. | Independently verified (Multiple directories (Kompass, D&B, pr.business, Yelp) list Paragon Affiliates Inc, a real-estate management firm, at 1 Paragon Dr Ste 145, Montvale N) | Researched by agent sweep 2026-07-30, adjudicated by hand",us.kompass.com,https://us.kompass.com/c/paragon-affiliates/usnn5551581/
TRUST DEED INVESTMENTS,8 WOLFE AVE,SAN RAFAEL,CA,94901,true,"Source: https://www.bizprofile.net/ca/san-rafael/trust-deed-investments-inc | Donor Philip Goldstein of San Rafael is president/CEO/CFO and registered agent of Trust Deed Investments, Inc. (LinkedIn: 'Philip Goldstein - President at Trust Deed Investments'); company city matches donor city exactly. | Independently verified (California Secretary of State registry data (extracted July 2025, active status) lists Trust Deed Investments, Inc. with principal address 8 Wolfe Ave) | Researched by agent sweep 2026-07-30, adjudicated by hand",bizprofile.net,https://www.bizprofile.net/ca/san-rafael/trust-deed-investments-inc
U.S. DEPARTMENT OF STATE,2201 C Street NW,Washington,DC,20520,true,"Harry S Truman Building, the department headquarters (state.gov). Canonical for the whole State-family of spellings unified 2026-07-30",ccrjustice.org,https://ccrjustice.org/sites/default/files/attach/2015/02/DeptofState_2012%20Part%205_003230-004164.pdf
ALTMAN COMPANIES,"201 East Las Olas Boulevard, Suite 1900",Fort Lauderdale,FL,33301,true,"Source: https://altmancos.com/contact/ | Donor Seth Wise is co-CEO of The Altman Companies / BBX Capital Real Estate (altmancos.com team page, Forbes Councils profile) and lives in Fort Lauderdale — the HQ city. Address is from the company's own contact page. | Verified: Company's own contact page (now branded Altman Living after BBX Capital acquisition) and independent directories (LeadIQ, BBB) all list HQ a | Second-pass agent sweep 2026-08-01, adjudicated by hand",altmancos.com,https://altmancos.com/contact/
KEYSTONE PROPERTY GROUP,"1001 Conshohocken St Rd, Suite 2-100",West Conshohocken,PA,19428,true,"Source: https://keystone.us/connect/ | Donor William (Bill) Glazer is founder/CEO of Keystone Property Group (LinkedIn, Bloomberg profile); he lives in Gladwyne PA, ~15 minutes from the Conshohocken-area HQ. Address is from the firm's own Connect page. | Verified: Firm's own Connect page lists 1001 Conshohocken St Rd Suite 2-100, West Conshohocken PA 19428, matching the claim exactly. An older D&B regi | Second-pass agent sweep 2026-08-01, adjudicated by hand",keystone.us,https://keystone.us/connect/
GOODMAN AND LEVINE,"1970 Broadway, Suite 1200",Oakland,CA,94612,true,"Source: https://profiles.superlawyers.com/california/oakland/lawfirm/goodman-and-levine-llp/76794aa5-9f7e-41b5-8e09-9fea57c8de59.html | Goodman & Levine, LLP is an Oakland CA law firm whose listed attorney is Richard Arthur Goodman (real-estate practice) — matching donor Richard Goodman, retired, of Walnut Creek CA across the bay. Retired status is consistent with Yelp mark | Verified: LawInfo, SuperLawyers, and FindLaw all list Goodman & Levine, LLP at 1970 Broadway Suite 1200, Oakland CA 94612, with attorney Richard Arthu | Second-pass agent sweep 2026-08-01, adjudicated by hand",profiles.superlawyers.com,https://profiles.superlawyers.com/california/oakland/lawfirm/goodman-and-levine-llp/76794aa5-9f7e-41b5-8e09-9fea57c8de59.html
FRANKLIN ADVISORS,"32300 Northwestern Hwy, Ste 215",Farmington Hills,MI,48334,true,"Source: https://www.lawyer.com/louis-glazier-mi.html | Donor Louis Glazier is Principal at Franklin Advisors (ZoomInfo, email domain franklinadvisors.net) and a Michigan attorney of 46+ years whose office of record is Franklin Advisors LLC at this address — ~10 minutes from his West Bloomfield  | Verified: Right company and building: Yelp (updated Jan 2026), ZoomInfo, and Martindale all place Franklin Advisors LLC and principal Louis Glazier at | Second-pass agent sweep 2026-08-01, adjudicated by hand",lawyer.com,https://www.lawyer.com/louis-glazier-mi.html
YATA,"448 Viking Dr, Suite 245",Virginia Beach,VA,23452,true,Historical office from contractor licensing records; Florida registry ties Robert Josephberg to YATA Corporation; company is inactive; manually verified 2026-08-03.,dandb.com,https://www.dandb.com/businessdirectory/yatacorp-virginiabeach-va-14092879.html
TURGO,,Key Biscayne,FL,,true,"Source: https://bisprofiles.com/fl/turgo-l13000075079 | Florida registry: TURGO LLC (L13000075079, active, Miami-Dade) lists Peter A Hoffmann as President/Registered Agent; Florida DBPR shows Peter A. Hoffmann DBA Turgo LLC holding a certified general contractor license (myfloridalicense.com). D | City level only | Second-pass agent sweep 2026-08-01, adjudicated by hand",bisprofiles.com,https://bisprofiles.com/fl/turgo-l13000075079
ORTHOPAEDIC CARE CENTER OF SOUTH FLORIDA,"21000 NE 28th Ave, Suite 104",Aventura,FL,33180,true,"Source: https://npiregistry.cms.hhs.gov/api/?number=1275736571&version=2.1 | NPI registry (NPI 1275736571) lists Dr. Barry J. Silverman MD, orthopaedic surgery of the spine, practice location 21000 NE 28th Ave Suite 104, Aventura FL 33180-1421. His LinkedIn/VisualCV title is 'Orthopaedic Surgeon at Orthopaedic Care  | Verified: Could not refute. Yelp (listing updated Feb 2026) and Medicarelist independently confirm Orthopedic Care Center at 21000 NE 28th Ave, Aventu | Second-pass agent sweep 2026-08-01, adjudicated by hand",npiregistry.cms.hhs.gov,https://npiregistry.cms.hhs.gov/api/?number=1275736571&version=2.1
WALDORF INVESTMENT COMPANY INC,"405 El Camino Real, Ste 260",Menlo Park,CA,94025,true,"Source: https://www.bizprofile.net/ca/menlo-park/waldorf-family-investments-llc | CA filing for 'Waldorf Family Investments, LLC' (formed 2012, Menlo Park) shows principal address 405 El Camino Real Ste 260, Menlo Park CA 94025, with Gregory Waldorf as registered agent and manager. Donor is Greg Waldorf, CEO, Menlo Park  | Verified: Could not refute. CA filings for Waldorf Family Investments, LLC (active, formed 2012) and its 2022 successor LLC both list principal addres | Second-pass agent sweep 2026-08-01, adjudicated by hand",bizprofile.net,https://www.bizprofile.net/ca/menlo-park/waldorf-family-investments-llc
P HOLDING COT,"2980 NE 207th St, Suite 706",Aventura,FL,33180,true,"Source: https://search.sunbiz.org/Inquiry/CorporationSearch/SearchResultDetail?inquirytype=EntityName&directionType=Initial&searchNameOrder=PHOLDING%20P980000094001&aggregateId=domp-p98000009400-ed11f92f-a80f-4570-b95f-97d7e06e2237&searchTerm=p%20holding&listNameOrder=PHOLDING%20P980000094001 | Florida Sunbiz: 'P HOLDING CORPORATION, INC.' (doc P98000009400, ACTIVE, filed 1998, annual reports through 2026) lists donor LEO GHITIS as President/Secretary/Director and Jonathan Ghitis as VP. Principal address 2980 NE 207th St Suite 706 | Verified: Verified live on Sunbiz during this check: P HOLDING CORPORATION, INC. (doc P98000009400) is ACTIVE with its 2026 annual report filed 03/23/ | Second-pass agent sweep 2026-08-01, adjudicated by hand",search.sunbiz.org,https://search.sunbiz.org/Inquiry/CorporationSearch/SearchResultDetail?inquirytype=EntityName&directionType=Initial&searchNameOrder=PHOLDING%20P980000094001&aggregateId=domp-p98000009400-ed11f92f-a80f-4570-b95f-97d7e06e2237&searchTerm=p%20holding&listNameOrder=PHOLDING%20P980000094001
CRONIN AUTO,10590 New Haven Rd,Harrison,OH,45030,true,"Source: https://www.zoominfo.com/c/cronin-auto-group/1110010760 | Cronin Auto Group is a multi-brand dealership group headquartered at 10590 New Haven Rd, Harrison OH 45030 (ZoomInfo; croninauto.com is the group site). BBB independently lists Cronin Ford on the same campus at 10700 New Haven Road, Harriso | Verified: Could not refute. 10590 New Haven Rd, Harrison OH 45030 is Cronin Kia, a Cronin Auto Group dealership on the group's own Harrison campus (Cr | Second-pass agent sweep 2026-08-01, adjudicated by hand",zoominfo.com,https://www.zoominfo.com/c/cronin-auto-group/1110010760
AR PLASTICS,19522 Embassy Ct,Miami,FL,33179,true,Current Florida Sunbiz principal address; Raphael Ades is listed as manager; manually verified 2026-08-03.,search.sunbiz.org,https://search.sunbiz.org/Inquiry/corporationsearch/SearchResultDetail?aggregateId=flal-l17000114346-54260bbf-7acd-4ea3-b832-d686f20e9b8d&directionType=Initial&inquirytype=EntityName&listNameOrder=SHARPENCAPITAL+L170001143460&searchNameOrder=SHARPENCAPITAL+L170001143460&searchTerm=SHARPEN+CAPITAL%2C+LLC
PHILSON,1465 MAIN ST,WATERTOWN,CT,06795,true,"Source: https://www.yellowpages.com/watertown-ct/mip/philson-inc-445215 | CT registry data shows Philson, Inc. (est. 1980) at 1465 Main St, Watertown CT with EMIL MESHBERG as registered agent, and FEC contribution records (city-data.com) list Samuel Meshberg as 'president of Philson' in manufacturing. The Meshber | Verified: Multiple independent directories (BBB, Yelp listing updated Feb 2026, Bloomberg profile, Superpages, MerchantCircle) all place Philson Inc — | Second-pass agent sweep 2026-08-01, adjudicated by hand",yellowpages.com,https://www.yellowpages.com/watertown-ct/mip/philson-inc-445215
DBK MD PHD,,LOS ANGELES,CA,,true,"Source: https://npiprofile.com/npi/1437557055 | DBK = David B. Katzin, the donor himself. LinkedIn: 'David Katzin — Owner of DBKMD Ltd', MD PhD, 15 years Medical Director of Herbalife International; X handle @dbkatzin 'David Katzin MD PhD'. NPI 1437557055 (David Brandeis Katzin MD, gener | City level only | Second-pass agent sweep 2026-08-01, adjudicated by hand",npiprofile.com,https://npiprofile.com/npi/1437557055
FRANK CONSOLIDATED ENTERPRISES,666 GARLAND PL,DES PLAINES,IL,60016,true,"Source: https://www.yellowpages.com/des-plaines-il/mip/frank-consolidated-enterprises-464939772 | Frank Consolidated Enterprises is the Frank family holding company (parent of Wheels Inc fleet leasing, same 666 Garland Pl Des Plaines address; LittleSis org profile). Donor Jim Frank of Winnetka IL is the family principal/longtime Wheels  | Verified: D&B, Manta, Cortera, and Yellow Pages all list Frank Consolidated Enterprises Inc (the Frank family holding company, parent of Wheels) at 66 | Second-pass agent sweep 2026-08-01, adjudicated by hand",yellowpages.com,https://www.yellowpages.com/des-plaines-il/mip/frank-consolidated-enterprises-464939772
SOURCE SQUARED,300 TRADE CENTER STE 4610,WOBURN,MA,01801,true,"Source: https://www.cbinsights.com/investor/source-squared | Crunchbase: James Rosenfield is Managing Director of SourceSquared, an investment holding company; he co-founded Cambridge Energy Research Associates (CERA) with Daniel Yergin, and SourceSquared invests in energy/industrial efficiency — an  | Verified: Bloomberg, Buzzfile, and CB Insights list SourceSquared Management LLC at 300 Trade Center, Suite 4610, Woburn MA 01801, and a public record | Second-pass agent sweep 2026-08-01, adjudicated by hand",cbinsights.com,https://www.cbinsights.com/investor/source-squared
HAROLD GRINSPOON FOUNDATION,67 HUNT ST STE 100,AGAWAM,MA,01001,true,"Source: https://www.chamberofcommerce.com/business-directory/massachusetts/agawam/non-profit-organization/2016379359-harold-grinspoon-foundation | Donor IS Harold Grinspoon (FOUNDER, Agawam MA) and the foundation sits in his own city — donor city and employer city match exactly. Address confirmed by chamber-of-commerce directory, Waze place listing, and the Jewish Federation of Wester | Verified: Waze, GuideStar, Idealist, and the Jewish Federation of Western Massachusetts community directory all confirm the foundation's own office at | Second-pass agent sweep 2026-08-01, adjudicated by hand",chamberofcommerce.com,https://www.chamberofcommerce.com/business-directory/massachusetts/agawam/non-profit-organization/2016379359-harold-grinspoon-foundation
BLUEMOUNTAIN CAPITAL MANAGEMENT,"280 PARK AVE, 12TH FLOOR",NEW YORK,NY,10017,true,"Source: http://www.symmetric.io/hedge-fund-employee/DEREK-SMITH-19A0 | Donor Derek Smith of New York was BlueMountain's Managing Partner and Co-Chief Investment Officer (symmetric.io profile quotes the firm address '280 PARK AVENUE, 12TH FLOOR NEW YORK, New York UNITED STATES, 10017'; Crunchbase confirms the r | Verified: Multiple independent sources (LeadIQ, Cience, Yellow Pages) list the HQ as 280 Park Avenue 12th Floor, New York NY 10017, and Office Snapsho | Second-pass agent sweep 2026-08-01, adjudicated by hand",symmetric.io,http://www.symmetric.io/hedge-fund-employee/DEREK-SMITH-19A0
J.C. EHRLICH CO,500 SPRING RIDGE DR,READING,PA,19610,true,"Source: https://www.thepestadvice.com/companies/local/ehrlich-retail-store-500-spring-ridge-drive-9482.html | Victor Hammel was CEO of J.C. Ehrlich Co, the family pest-control firm sold to Rentokil in 2006; he lives in Wyomissing PA, directly adjacent to this address. Yelp lists 'J C EHRLICH CO - 500 Spring Ridge Dr, Wyomissing PA' and multiple dir | Verified: Macrae's Blue Book lists 'J C Ehrlich Co Inc, 500 Spring Ridge Dr, Reading PA 19610-1069' and directories still show Ehrlich retail/distribu | Second-pass agent sweep 2026-08-01, adjudicated by hand",thepestadvice.com,https://www.thepestadvice.com/companies/local/ehrlich-retail-store-500-spring-ridge-drive-9482.html
FRIEDMAN ART DESIGN,,CARMICHAEL,CA,,true,"Source: https://marcyfriedman.com/the-artist/ | The pipeline row carrying FRIEDMAN ART DESIGN as previous_employer is MARCINE FRIEDMAN, RETIRED, 1620 McClaren Dr, CARMICHAEL CA - who is Marcine 'Marcy' Friedman, the well-documented retired Carmichael/Sacramento painter (marcyfriedman.com | City level only | Second-pass agent sweep 2026-08-01, adjudicated by hand",marcyfriedman.com,https://marcyfriedman.com/the-artist/
ARIZONA NUTRITIONAL SUPPLEMENTS,210 S BECK AVE,CHANDLER,AZ,85226,true,"Source: https://www.cbinsights.com/company/arizona-nutritional-supplements | CB Insights profile: HQ '210 South Beck Avenue, Chandler, Arizona, 85226'. Businesswire (Nov 2023) confirms founders Aaron Blunck and Jonathan Pinkus re-acquired ANS - the donor is Jonathan Pinkus, CO-FOUNDER, of Paradise Valley AZ (a 25-mi | Verified: CB Insights, Waze, LinkedIn, the Chandler Chamber, and a Yelp listing updated May 2026 all place ANS at 210 S Beck Ave, Chandler AZ 85226 -  | Second-pass agent sweep 2026-08-01, adjudicated by hand",cbinsights.com,https://www.cbinsights.com/company/arizona-nutritional-supplements
MDZ PROPERTIES,6220 CAMPBELL RD STE 104,DALLAS,TX,75248,true,"Source: https://licensee.io/real-estate/521188-michael-david-zimmermann-tx/ | MDZ = Michael David Zimmermann, the donor's initials. His TREC broker license #521188 lists this contact address, and his own brokerage Green Earth Realty, LLC (he is the owner) operates from the same suite per greenearthrealty.net/contact- | Verified: Refutation attempt failed. Michael Zimmermann's LoopNet broker profile lists his email as Michael@mdzproperties.com and places him at Green  | Second-pass agent sweep 2026-08-01, adjudicated by hand",licensee.io,https://licensee.io/real-estate/521188-michael-david-zimmermann-tx/
JACOBSON FAMILY INVESTMENTS,410 PARK AVE STE 620,NEW YORK,NY,10022,true,"Source: https://altss.com/profile/jacobson-family-investments | Single-family office of the Jacobson family (MSC Industrial Direct). Mitchell Jacobson is listed as co-founder (Relationship Science), and his occupation NON EXECUTIVE CHAIRMAN matches his MSC Industrial role. The Jacobson Family Foundation | Corrected by verifier: Stale address. Mitchell Jacobson's Schedule 13G filed with the SEC on 2025-04-09 (re 1-800-Flowers) states his principal business office is c/o Jacobs | Second-pass agent sweep 2026-08-01, adjudicated by hand",altss.com,https://altss.com/profile/jacobson-family-investments
ELDION,,BASKING RIDGE,NJ,,true,"Source: https://www.linkedin.com/in/sarit-catz-110989/ | Eldion LLC is Sarit Catz's own writer/producer vehicle — she is credited through Eldion LLC on her professional profiles (LinkedIn, campaign-finance aggregators). She is a NJ-based media strategist/producer (Women of the IDF), matching the  | City level only | Second-pass agent sweep 2026-08-01, adjudicated by hand",linkedin.com,https://www.linkedin.com/in/sarit-catz-110989/
"ASE GROUP, POLITICAL BRANDING ASSO",6600 COLLEGE BLVD STE 310,OVERLAND PARK,KS,66211,true,"Source: https://www.bbb.org/us/ks/overland-park/profile/event-planner/ase-group-inc-0714-99160594 | Bonnie Siegel is founder/CEO of both ASE Group, Inc. (event/brand marketing, KS registration on OpenCorporates us_ks/1743822) and PoliticalBranding Associates — the employer string merges her two firms. BBB lists ASE Group, Inc. at this Ove | Verified: Refutation attempt failed. BBB's current profile lists ASE Group, Inc. at 6600 College Blvd Ste 310, Overland Park KS 66211-1522, corroborat | Second-pass agent sweep 2026-08-01, adjudicated by hand",bbb.org,https://www.bbb.org/us/ks/overland-park/profile/event-planner/ase-group-inc-0714-99160594
JLL PARTNERS,"300 Park Avenue, 18th Floor",New York,NY,10022,true,HIGH (verified) — current address on the official JLL Partners contact page; verified 2026-08-13,jllpartners.com,https://www.jllpartners.com/contact/
LOGS GROUP LLC,"2424 N FEDERAL HWY, SUITE 360",BOCA RATON,FL,33431,true,Variant spelling of LOGS GROUP - mirrors its curated row so the cache override survives a wipe and future pulls with this spelling get the current address. Added 2026-08-01.,search.sunbiz.org,https://search.sunbiz.org/Inquiry/CorporationSearch/SearchResultDetail?aggregateId=forl-m09000000178-2d0427f4-3650-4f75-845c-afc5591e65ff&directionType=Initial&inquirytype=OfficerRegisteredAgentName&listNameOrder=THELOFTIIHOLDINGSLLC+M100000021901&searchNameOrder=THELOGSGROUPLLC+M090000001781&searchTerm=The+Loft+Ii+Holdings%2C+Llc
EDW. C. LEVY CO.,9300 Dix Ave,Detroit,MI,48209,true,Variant spelling of EDWARD C. LEVY CO. - mirrors its curated row so the cache override survives a wipe and future pulls with this spelling get the current address. Added 2026-08-01.,wanderlog.com,https://wanderlog.com/place/details/12611205/edw-c-levy-co-main-office
LTD X LIZZIE TISCH,52 Park Avenue,New York,NY,10016,true,Variant spelling of X LIZZIE TISCH - mirrors its curated row so the cache override survives a wipe and future pulls with this spelling get the current address. Added 2026-08-01.,ltd.nyc,https://www.ltd.nyc/pages/faq
MGS CORP.,"411 Hackensack Avenue, 5th Floor",Hackensack,NJ,07601,true,Variant spelling of MGS PARTNERS - mirrors its curated row so the cache override survives a wipe and future pulls with this spelling get the current address. Added 2026-08-01.,city-data.com,https://www.city-data.com/business-entities/Hackensack-NJ-M.html
EDMUNDS.COM,"2401 Colorado Avenue, Suite 400",Santa Monica,CA,90404,true,"Variant spelling of EDMUNDS.COM, INC. - mirrors its curated row so the cache override survives a wipe and future pulls with this spelling get the current address. Added 2026-08-01.",santamonica.gov,https://www.santamonica.gov/media/Economic_Recovery/2023_Principal_Employers.pdf
CMC PROPERTIES,"10925 Reed Hartman Hwy, Suite 200",Cincinnati,OH,45242,true,Official company contact address; manually verified 2026-08-03.,cmcproperties.com,https://www.cmcproperties.com/contact-us/
DUPONT,974 Centre Road,Wilmington,DE,19805,true,Official corporate headquarters; manually verified 2026-08-03.,sec.gov,https://www.sec.gov/Archives/edgar/data/1837484/000162828026000578/0001628280-26-000578-index.htm
ELLIOTT INVESTMENT MANAGEMENT LP,"360 S Rosemary Ave, 18th Floor",West Palm Beach,FL,33401,true,Corporate headquarters from current SEC filing; manually verified 2026-08-03.,ebs.publicnow.com,https://ebs.publicnow.com/view/E8BD9F968C25B4E47669BECCFDE1F71756766433
ELLIOTT INVESTMENT MANAGEMENT LP,"40 West 57th Street, 4th Floor",New York,NY,10019,false,New York office for New York donors; manually verified 2026-08-03.,document.epiq11.com,https://document.epiq11.com/document/getdocumentbycode?docId=4491611&projectCode=WFT&source=DM
MARIC,"197 First Ave, Suite 300",Needham,MA,02494,true,FEC filing and company listings identify Mark Rubin as president; manually verified 2026-08-03.,city.waltham.ma.us,https://www.city.waltham.ma.us/sites/g/files/vyhlif12301/f/uploads/petition_documents_for_website.pdf
CRESSET MANAGEMENT,"444 W Lake St, Suite 4700",Chicago,IL,60606,true,Official Cresset headquarters; Eric Becker is founder and co-chairman; manually verified 2026-08-03.,formds.com,https://formds.com/issuers/meristem-high-yield-municipal-fund-llc
CRESSET MANAGEMENT,"525 Okeechobee Blvd, Suite 1600",West Palm Beach,FL,33401,false,Official West Palm Beach office; Eric Becker is listed for this location; manually verified 2026-08-03.,getwarmer.com,https://www.getwarmer.com/advisors/christopher-georgopoulos
GOLDENBERG HELLER & ANTOGNOLI,2227 S State Route 157,Edwardsville,IL,62025,true,Official firm headquarters; Richard Cornfeld was of counsel before retiring in December 2024; manually verified 2026-08-03.,bbb.org,https://www.bbb.org/us/il/edwardsville/profile/lawyers/goldenberg-miller-heller-antognoli-pc-0734-310042123
GOLDENBERG HELLER & ANTOGNOLI,"168 N Meramec Ave, Suite 101",St. Louis,MO,63105,false,Official St. Louis office for the Missouri donor; manually verified 2026-08-03.,goldenbergheller.com,https://www.goldenbergheller.com/contact-goldenberg-heller-antognoli/
MARS INCORPORATED,6885 Elm Street,McLean,VA,22101,true,Official Mars corporate headquarters; verified on mars.com 2026-08-04.,search.sunbiz.org,https://search.sunbiz.org/Inquiry/CorporationSearch/SearchResultDetail?aggregateId=forp-f09000002539-f6ae5131-18b8-4bf1-a559-e6275470d60f&directionType=Initial&inquirytype=EntityName&searchNameOrder=MARS+F090000025390
DESTINATION COLLEGE,100 California Road,Mount Vernon,NY,10552,true,Official Destination College site lists this office; independent nonprofit profiles confirm retired donor Ann Jackson served on its board; verified 2026-08-04.,linkedin.com,https://www.linkedin.com/company/destination-college
FINMARC,"7200 Wisconsin Avenue, Suite 1100",Bethesda,MD,20814,true,Official Finmarc company page identifies co-founder Marc Solomon and this contact address; verified 2026-08-04.,finmarc.com,https://www.finmarc.com/
KIFO,"3 Columbus Circle, Suite 1420",New York,NY,10019,false,Official UK Companies House beneficial-ownership filing identifies Linda Mirels and C/O Kifo (USA) LLC at this address; kept as the New York branch while the London row remains the HQ; verified 2026-08-04.,find-and-update.company-information.service.gov.uk,https://find-and-update.company-information.service.gov.uk/company/OE022387/persons-with-significant-control
KORENVAES MANAGEMENT,"3953 Maple Avenue, Suite 150",Dallas,TX,75219,true,SEC/IAPD Form ADV CRD 149897 identifies Korenvaes Management LLC and this principal office; donor Harlan Korenvaes reports the same employer; verified 2026-08-04.,cases.stretto.com,https://cases.stretto.com/public/X188/11738/PLEADINGS/1173811012380000000149.pdf
KORENVAES MANAGEMENT LLC,"3953 Maple Avenue, Suite 150",Dallas,TX,75219,true,Official legal name and principal office from SEC/IAPD Form ADV CRD 149897; verified 2026-08-04.,cases.stretto.com,https://cases.stretto.com/public/X188/11738/PLEADINGS/1173811012380000000149.pdf
SHOPPERAI,65 Yigal Alon Street,Tel Aviv,,6744316,true,Gadi Maier reported Chairman of ShopperAI. The company site confirms the same retail-AI business; its LinkedIn profile and Retail Technology Show exhibitor listing identify this Tel Aviv HQ; verified 2026-08-04.,linkedin.com,https://www.linkedin.com/company/shopper-ai
GUAVA,"1375 E 6th Street, Unit 2",Los Angeles,CA,90021,true,Official Guava AI Systems terms page lists this address; verified 2026-08-04.,goguava.ai,https://goguava.ai/terms
MOUNTAIN PACIFIC,"11726 San Vicente Boulevard, Suite 414",Los Angeles,CA,90049,true,Official Mountain Pacific website lists this office; verified 2026-08-04.,mntpac.com,https://www.mntpac.com/
SCHWARTZ LAW PLLC,601 East Bridger Avenue,Las Vegas,NV,89101,true,Official Schwartz Law website lists this office; verified 2026-08-04.,cases.stretto.com,https://cases.stretto.com/public/x308/12629/PLEADINGS/1262908082480000000118.pdf
LINE G,,,,,true,INVALID: residential/unrelated address removed; keep blank until a company address is verified.,,
"LINE G, INC",,,,,true,INVALID: legacy spelling of LINE G; do not restore the rejected residential address.,,
NEW YORK LIFE,51 Madison Avenue,New York,NY,10010,true,Official New York Life sources identify 51 Madison Avenue as its headquarters; verified 2026-08-04.,sec.gov,https://www.sec.gov/Archives/edgar/data/727136/000072713609000010/xslFormDX01/primary_doc.xml
BED BATH & BEYOND,650 Liberty Avenue,Union,NJ,07083,true,Historical Bed Bath & Beyond headquarters and Leonard Feinstein business address in SEC filings; verified 2026-08-04.,bizfileonline.sos.ca.gov,https://bizfileonline.sos.ca.gov/api/report/GetImageByNum/118110132035224033072119199067154112119098168159
GENCO ATC,100 Papercraft Park,Pittsburgh,PA,15238,true,Herbert Shear's GENCO business address in Pennsylvania campaign-finance records; verified 2026-08-04.,uspto.report,https://uspto.report/TM/85182584
WESTERN EXTRALITE COMPANY,1470 Liberty Street,Kansas City,MO,64102,true,"Official GSA schedule names Western Extralite, this address, and John Isenberg; verified 2026-08-04.",gsaadvantage.gov,https://www.gsaadvantage.gov/ref_text/GS07F0394T/0OON2G.37B8UV_GS-07F-0394T_TERMS.PDF
LINDA DRESNER,299 W Maple Rd,Birmingham,MI,48009,true,Linda Dresner boutique address corroborated by multiple fashion-retail directories; verified 2026-08-04.,modemonline.com,https://www.modemonline.com/cities-guide/multilabel-stores/usa/birminghammi/1
NORTH HAVEN GARDENS,7700 Northaven Road,Dallas,TX,75230,true,Official North Haven Gardens site lists this business address; Lillian Pinkus's leadership verified separately; reviewed 2026-08-04.,linkedin.com,https://www.linkedin.com/company/north-haven-gardens
ABSOLUTE REALTY,,Palm Beach Gardens,FL,33410,true,Official registry ties David Sherman to the company at his donor residence; city/state retained but the private-home street is not presented as a workplace; reviewed 2026-08-04.,bizprofile.net,https://www.bizprofile.net/fl/palm-beach-gardens/absolute-realty-inc
THE MDE GROUP,"465 South Street, Suite 304",Morristown,NJ,07960,true,SEC filings identify The MDE Group at this office and Mitchell Eichen as its founder; historical workplace address verified 2026-08-04.,reports.adviserinfo.sec.gov,https://reports.adviserinfo.sec.gov/reports/ADV/107718/PDF/107718.pdf
ANN MARGOLIN CONSULTING,,Dallas,TX,,true,Professional biography identifies Ann Margolin as the owner; no private-home street used; reviewed 2026-08-04.,linkedin.com,https://www.linkedin.com/in/annmargolin
UNIVISION COMMUNICATIONS,605 Third Avenue,New York,NY,10158,true,SEC records identify Univision as a major tenant at this office; George Blank prior executive role verified separately; reviewed 2026-08-04.,tab.org,https://www.tab.org/public/upload/files/misc/navasota-zapata.pdf
DMD MANAGEMENT,12380 Plaza Drive,Parma,OH,44130,true,Official Legacy Health Services contact page lists the address for DMD Management operating business; Bruce Daskal role verified separately; reviewed 2026-08-04.,ohio-corp.com,https://ohio-corp.com/co/dmd-management-inc
MELITA INTERNATIONAL,5051 Peachtree Corners Circle,Norcross,GA,30092,true,SEC filings list Melita International at this address and Georgia Tech identifies Aleksander Szlam as founder and CEO; verified 2026-08-04.,search.sunbiz.org,https://search.sunbiz.org/Inquiry/CorporationSearch/SearchResultDetail?aggregateId=forp-f03000002826-c4d5fef2-9ce4-44cd-8da2-63fc25302440&directionType=ForwardList&inquirytype=EntityName&listNameOrder=MELITADEVELOPMENT+5630280&searchNameOrder=MELITAINTERNATIONAL+F030000028260&searchTerm=MELISTA+INC.
MOBILE DENTISTS,"33533 West 12 Mile Road, Suite 150",Farmington Hills,MI,48331,true,Professional conference records and the organization history identify Margo Woll as co-founder at this office; verified 2026-08-04.,nationaloralhealthconference.com,https://www.nationaloralhealthconference.com/docs/Updated%20attendee%20list%20label%20format.pdf
CHESAPEAKE SPICE COMPANY,4613 Mercedes Drive,Belcamp,MD,21017,true,Official company page identifies this office and Larry Lessans as CEO founder and owner; verified 2026-08-04.,chesapeakespice.com,https://chesapeakespice.com/
RONALD A EICHEL DDS PC,"4536 Chamblee Dunwoody Road, Suite 211",Atlanta,GA,30338,true,NPI records identify Ronald A Eichel pediatric-dentistry practice at this office; verified 2026-08-04.,npiprofile.com,https://npiprofile.com/npi/1902944358
ICE-QUBE PREPAREDNESS SOLUTIONS,,Old Westbury,NY,,true,Company announcement identifies Leslie Fastenberg as president and founder; home-based street intentionally omitted; reviewed 2026-08-04.,dot.ny.gov,https://www.dot.ny.gov/divisions/policy-and-strategy/public-trans-respository/IFB%2022945%2023013%20Electronic%20Vendor%20Mailing%20List.pdf
SANKATY ADVISORS,111 Huntington Avenue,Boston,MA,02199,true,Official filings identify Diane Exter with Sankaty Advisors at this office; historical workplace address verified 2026-08-04.,sec.gov,https://www.sec.gov/Archives/edgar/data/1470564/000147056609000004/xslFormDX01/primary_doc.xml
BELO CORPORATION,400 South Record Street,Dallas,TX,75202,true,SEC filings identify Belo corporate office and AJC identifies Ilene Engel as its former corporate news director; verified 2026-08-04.,investor.ahbelo.com,https://investor.ahbelo.com/static-files/2f6ccb5e-498f-49ee-9e0c-ff0a69cbed55
US DEPARTMENT OF JUSTICE,950 Pennsylvania Avenue NW,Washington,DC,20530,true,Harvard Hillel biography identifies Monica Abrams prior DOJ Criminal Appellate Section role; department address used; reviewed 2026-08-04.,justice.gov,https://www.justice.gov/osg/osg-freedom-information-act
BARRY J RICHTER MD,"5 Durham Road, Suite B2",Guilford,CT,06437,true,Guilford Foundation and provider records identify Barry Richter former private dermatology practice at this office; verified 2026-08-04.,doctor.webmd.com,https://doctor.webmd.com/practice/barry-j-richter-md-9a3143c8-4703-e211-a42b-001f29e3eb44
KOSHER LIKE ME,,Westport,CT,,true,Official professional biography identifies Liz Rueven as founder and editor; no private-home street used; reviewed 2026-08-04.,kosherlikeme.com,https://kosherlikeme.com/buzz/
JEWISH FEDERATION OF GREATER INDIANAPOLIS,6705 Hoover Road,Indianapolis,IN,46260,true,Public nonprofit records identify Michael Papo as the federation retired executive director; reviewed 2026-08-04.,jewishindianapolis.org,https://www.jewishindianapolis.org/
THE HERTOG FOUNDATION,"399 Park Avenue, 25th Floor, Suite 2502",New York,NY,10022,true,Alias of the already verified HERTOG FOUNDATION HQ (official site and IRS Form 990); reviewed 2026-08-04.,hertogfoundation.org,https://hertogfoundation.org/about
"GIBSON, DUNN & CRUTCHER LLP",333 South Grand Avenue,Los Angeles,CA,90071,true,Official site identifies this as the original Los Angeles office and registered office: https://www.gibsondunn.com/office/los-angeles/; reviewed 2026-08-04.,gibsondunn.com,https://www.gibsondunn.com/office/los-angeles/
SCHWARTZ CAPITAL GROUP,1 N Wacker Drive,Chicago,IL,60606,true,Official site contact address: https://www.schwartzcap.com/about; reviewed 2026-08-04.,schwartzcap.com,https://www.schwartzcap.com/about
PRODUCTION RESOURCE GROUP,539 Temple Hill Road,New Windsor,NY,12553,true,Official PRG contact page labels this Headquarters: https://prggear.com/contact/; reviewed 2026-08-04.,prggear.com,https://prggear.com/contact/
HARMONY BIOSCIENCES,"630 W Germantown Pike, Suite 215",Plymouth Meeting,PA,19462,true,Official corporate headquarters: https://www.harmonybiosciences.com/about-us/contact-us/; reviewed 2026-08-04.,harmonybiosciences.com,https://www.harmonybiosciences.com/about-us/contact-us/
ALTUS CAPITAL PARTNERS INC,"10 Westport Road, Suite C204",Wilton,CT,06897,true,Official Connecticut office and policy mailing address: https://www.altuscapitalpartners.com/contact; reviewed 2026-08-04.,altuscapitalpartners.com,https://www.altuscapitalpartners.com/contact
SIXPOINT PARTNERS,"600 Lexington Avenue, 11th Floor",New York,NY,10022,true,Current FINRA BrokerCheck main office for Sixpoint Partners LLC: https://files.brokercheck.finra.org/firm/firm_146067.pdf; reviewed 2026-08-04.,files.brokercheck.finra.org,https://files.brokercheck.finra.org/firm/firm_146067.pdf
DELOS CAPITAL,"120 Fifth Avenue, Third Floor",New York,NY,10011,true,Official office address: https://www.deloscap.com/contact; reviewed 2026-08-04.,deloscap.com,https://www.deloscap.com/contact
FIRST FINISH,"6240 Old Dobbin Lane, Suite 190",Columbia,MD,21045,true,Official site labels this Columbia MD headquarters: https://www.firstfinish.net/contact/; reviewed 2026-08-04.,firstfinish.net,https://www.firstfinish.net/contact/
CAMBRIDGE CAPITAL,"525 South Flagler Drive, Suite 200",West Palm Beach,FL,33401,true,SEC Form D identifies Cambridge Capital LLC at this principal business address: https://www.sec.gov/Archives/edgar/data/1879665/000187966521000001/xslFormDX08/primary_doc.xml; reviewed 2026-08-04.,sec.gov,https://www.sec.gov/Archives/edgar/data/1879665/000187966521000001/xslFormDX08/primary_doc.xml
RELIANT GROUP,"601 California Street, Suite 1150",San Francisco,CA,94108,true,Official San Francisco office: https://reliantgroup.com/contact/; reviewed 2026-08-04.,reliantgroup.com,https://reliantgroup.com/contact/
PROVIDENT REAL ESTATE,2800 Niagara Lane North,Plymouth,MN,55447,true,Official Provident Real Estate Ventures site; donor Phillip Jaffe is its CEO: https://providentrev.com/team/; reviewed 2026-08-04.,providentrev.com,https://providentrev.com/team/
BAUGHMAN KROUP BOSSE,"One Liberty Plaza, Floor 46",New York,NY,10006,true,Official site New York office: https://www.bkbfirm.com/contact-us; reviewed 2026-08-04.,bkbfirm.com,https://www.bkbfirm.com/contact-us
GARSON JOHNSON LLC,"26285 Broadway Avenue, Suite A3",Oakwood Village,OH,44146,true,Current official contact page: https://www.garson.com/contact/; reviewed 2026-08-04.,garson.com,https://www.garson.com/contact/
KO LAWYERS,"1 West Las Olas Boulevard, 5th Floor",Fort Lauderdale,FL,33301,true,Official site labels this the main office: https://kolawyers.com/contact-us/; reviewed 2026-08-04.,kolawyers.com,https://kolawyers.com/contact-us/
CENVILL RECREATION INC,"1601 Forum Place, Suite 500",West Palm Beach,FL,33401,true,Official site labels this the corporate office: https://www.cenrec.com/; reviewed 2026-08-04.,cenrec.com,https://www.cenrec.com/
BEHAVIORAL MEDICINE ASSOCIATES,"310 East Shore Road, Suite 100",Great Neck,NY,11023,true,Official practice site address: https://www.behavmed.com/; reviewed 2026-08-04.,behavmed.com,https://www.behavmed.com/
PLYMOUTH BEEF,355 Food Center Drive,Bronx,NY,10474,true,OFFICE PREMISES: Official company contact address: https://plymouthbeef.com/; reviewed 2026-08-04.,plymouthbeef.com,https://plymouthbeef.com/
WALDMAN ORTHODONTICS,"8641 Wilshire Boulevard, Suite 310",Beverly Hills,CA,90211,true,American Association of Orthodontists office listing confirms the practice address: https://aaoinfo.org/locator/dr-alexander-b-waldman-2/; reviewed 2026-08-04.,aaoinfo.org,https://aaoinfo.org/locator/dr-alexander-b-waldman-2/
PANTHEON SYSTEMS,"717 California Street, Floor 2",San Francisco,CA,94108,true,Current principal address in the Florida business registry and Pantheon privacy policy: https://search.sunbiz.org/Inquiry/corporationsearch/SearchResultDetail?aggregateId=forp-f19000004114-e969c2ce-d49b-49ce-9167-10838d95f644; reviewed 2026-08-04.,search.sunbiz.org,https://search.sunbiz.org/Inquiry/corporationsearch/SearchResultDetail?aggregateId=forp-f19000004114-e969c2ce-d49b-49ce-9167-10838d95f644
SOUTH JERSEY PROSTHODONTIC ASSOCIATES PA,1793 Springdale Road,Cherry Hill,NJ,08003,true,Practice name and address verified from healthcare-provider listings; FEC previous-employer value was truncated as ASSOC./O; reviewed 2026-08-05.,pharmacy-near-me.com,https://pharmacy-near-me.com/doctors-near-me/dentist-49505051/zip-8003/health-insurance-dominion-national/choice-498184678/
SPENCER FORREST,"11777 San Vicente Blvd, Suite 650",Los Angeles,CA,90049,true,HIGH (VERIFIED) - government trademark record confirms the company address; rechecked 2026-08-19,Canadian Intellectual Property Office,https://ised-isde.canada.ca/cipo/trademark-search/1506793
STACEY E. BURKE PC,"448 West 19th Street, Suite 1010",Houston,TX,77008,true,HIGH (VERIFIED) - company profile confirms the business address; replaces an unrelated retailer link; rechecked 2026-08-19,Stacey E. Burke business profile,https://trustburn.com/about/stacey-e-burke-p-c
"STACEY E. BURKE, PC","448 West 19th Street, Suite 1010",Houston,TX,77008,true,HIGH (VERIFIED) - company profile confirms the business address; replaces an unrelated retailer link; rechecked 2026-08-19,Stacey E. Burke business profile,https://trustburn.com/about/stacey-e-burke-p-c
MAJESTIC PROPERTY,"60 Cuttermill Rd, Suite 303",Great Neck,NY,11021,true,HIGH (VERIFIED) - affiliated-company page confirms the management office; rechecked 2026-08-19,Gould Investors,https://gouldlp.com/affiliated/
GOLDEN LIONESS,"32 Court St, PH",Brooklyn,NY,11201,true,HIGH (VERIFIED) - company record and current listings confirm this office; rechecked 2026-08-19,NY business record,https://www.nybizdb.com/company/golden-lioness-corp-1828454/
MAGIC LANTERN VENTURES,10822 Pine Lodge Tr,Davie,FL,33328,true,HIGH (VERIFIED) - active Florida principal address; rechecked 2026-08-19,Florida Division of Corporations,https://search.sunbiz.org/Inquiry/corporationsearch/SearchResultDetail?aggregateId=flal-l18000148414-de812d12-a0ba-4c1c-8701-00b7508ed8ff&directionType=ForwardList&inquirytype=EntityName&listNameOrder=MAGICLANDVIDEO+H432360&searchNameOrder=MAGICLANTERNVENTURES+L180001484140&searchTerm=MAGIC+KITCHEN%2C+LLC
ROBERT L STARK ENTERPRISES,"629 Euclid Ave, Suite 1300",Cleveland,OH,44114,true,HIGH — starkenterprises.com footer; legal name Robert L. Stark Enterprises Inc dba Stark Enterprises; CEO Ezra Stark is the donor,document.epiq11.com,https://document.epiq11.com/document/getdocumentbycode?docId=3877968&projectCode=LBR&source=DM
"BARGAIN CAR, TRUCK & VAN RENTALS INC",18 S Sproul Rd,Broomall,PA,19008,true,HIGH (VERIFIED) - company and location source rechecked 2026-08-19,bbb.org,https://www.bbb.org/us/pa/brookhaven/profile/auto-renting-and-leasing/bargain-auto-truck-rental-0241-80013225
BEST CARE NURSES REGISTRY INC,208 South 28th Avenue,Hollywood,FL,33020,true,OFFICE PREMISES: HIGH (VERIFIED) - company and location source rechecked 2026-08-19,search.sunbiz.org,https://search.sunbiz.org/Inquiry/corporationsearch/SearchResultDetail?aggregateId=domp-p02000033721-22830623-d85d-4c03-919a-d6723da59ab7&directionType=ForwardList&inquirytype=EntityName&listNameOrder=BESTCAREPASCO+H997710&searchNameOrder=BESTCAREREGISTRY+P020000337210&searchTerm=BEST+CARE+LABORATORY%2C+LLC
BLADYKAS ENGINEERING PC,"50 Jackson Avenue, Suite 300",Syosset,NY,11791,true,HIGH (VERIFIED) - company and location source rechecked 2026-08-19,osc.ny.gov,https://www.osc.ny.gov/files/state-agencies/contracts/xreports/2020/formb/3320215.pdf
CHOSEN RESUMES LLC,1330 Cornell Dr SE,Grand Rapids,MI,49506,true,HIGH (VERIFIED) - company and location source rechecked 2026-08-19,bbb.org,https://www.bbb.org/us/mi/grand-rapids/profile/resume-services/chosen-resumes-llc-0372-38141504
DPIS ENGINEERING LLC,"19450 State Hwy 249, Ste 300",Houston,TX,77070,true,HIGH (VERIFIED) - company and location source rechecked 2026-08-19,resnet.us,https://www.resnet.us/providers/accredited-providers/accredited-rating-providers/quality-assurance-designees/
GOLDHABER POLICY SERVICES,4112 Gardenlake Drive,Raleigh,NC,27612,true,HIGH (VERIFIED) - company and location source rechecked 2026-08-19,ncbankers.org,https://ncbankers.org/wp-content/uploads/2020/03/2020-Affiliate-Directory-NCBankers.pdf
GROUP 1001 RESOURCES LLC,10555 Group 1001 Way,Zionsville,IN,46077,true,HIGH (VERIFIED) - company and location source rechecked 2026-08-19,sec.gov,https://www.sec.gov/Archives/edgar/data/1938470/000119312522196893/d310152dex99104.htm
GYL FINANCIAL SYNERGIES LLC,75 Isham Rd,West Hartford,CT,06107,true,HIGH (VERIFIED) - company and location source rechecked 2026-08-19,adviserinfo.sec.gov,https://adviserinfo.sec.gov/individual/2805625
INNOVATIONS IN EDUCATION LLC,10400 Hardwood Ct,Woodstock,MD,21163,true,HIGH (VERIFIED) - company and location source rechecked 2026-08-19,mscca.org,https://mscca.org/membership/
LAURAND ASSOCIATES INC,"20900 NE 30th Avenue, Suite 102",Miami,FL,33180,true,HIGH (VERIFIED) - company and location source rechecked 2026-08-19,bizprofile.net,https://www.bizprofile.net/fl/miami/laurand-associates-inc
MAHAAI PROPERTIES LLC,1883 Waltham Circle,Marietta,GA,30062,true,HIGH (VERIFIED) - company and location source rechecked 2026-08-19,bizstanding.com,https://bizstanding.com/directory/GA/MA/554/
METROPOLITAN MARKETING INC,,CALABASAS,CA,91302,true,HIGH (VERIFIED) - company and location source rechecked 2026-08-19,bizprofile.net,https://www.bizprofile.net/ca/woodland-hills/metropolitan-marketing-inc
OPTIMUS PROPERTIES LLC,"1801 Century Park East, Suite 2100",Los Angeles,CA,90067,true,HIGH (VERIFIED) - company and location source rechecked 2026-08-19,optimuspropertiesllc.com,https://optimuspropertiesllc.com/legal-documents/
PREMIER REALTY MICHIGAN LLC,,TROY,MI,48084,true,HIGH (VERIFIED) - company and location source rechecked 2026-08-19,premierrealtymichigan.com,https://premierrealtymichigan.com/
PROLIFIC ELECTRONICS LLC,2297 Worthing Lane,Los Angeles,CA,90077,true,HIGH (VERIFIED) - California registry-derived index confirms the active company and address; Adam Solomon independently matches the company; rechecked 2026-08-19,California business record index,https://www.bizprofile.net/2022-05-19/5
ROSEWOOD REALTY GROUP INC,"152 W 57th St, 5th Floor",New York,NY,10019,true,HIGH (VERIFIED) — official Rosewood material identifies Aaron Jungreis and publishes this office,lei.bloomberg.com,https://lei.bloomberg.com/leis/view/549300PYDPIAECF38X75
SCOPE IMPORTS INC,"1403 Gillingham Lane, Suite 200",Sugar Land,TX,77478,true,HIGH (VERIFIED) — current USPTO record and import records identify this company and address,importgenius.com,https://www.importgenius.com/importers/scope-imports-inc
SEDER $ CHANDLER LLP,"339 Main Street, Suite 300",Worcester,MA,01608,true,HIGH (VERIFIED) - company and location source rechecked 2026-08-19,bbb.org,https://www.bbb.org/us/ma/worcester/profile/lawyers/seder-chandler-llp-0261-293689
SOLINSKY EYECARE LLC,433 South Main St,West Hartford,CT,06110,true,HIGH (VERIFIED) - company and location source rechecked 2026-08-19,solinskyeyecare.com,https://www.solinskyeyecare.com/locations/west-hartford-office/hartford-eye-care-west-hartford/
THALHEIMER BROTHERS LLC,700 E Godfrey Avenue,Philadelphia,PA,19124,true,HIGH (VERIFIED) - company and location source rechecked 2026-08-19,thalheimerbrothers.com,https://www.thalheimerbrothers.com/conditions-of-sale
THE BERNSTEIN COMPANY,"3299 K Street NW, Suite 700",Washington,DC,20007,true,HIGH (VERIFIED) — Nancy Duber is tied to The Bernstein Companies; current chamber listing,web.greaterbethesdachamber.org,https://web.greaterbethesdachamber.org/directory/results/results.aspx?adkeyword=RealEstate&keywords=RealEstate&xsort=true
THE CHAZIN GROUP INC,3100 West Lake Street Suite 230,Minneapolis,MN,55416,true,HIGH (VERIFIED) - company and location source rechecked 2026-08-19,lede-admin.hillandlakepress.com,https://lede-admin.hillandlakepress.com/wp-content/uploads/sites/66/2025/09/2018_04.pdf
THE ZIZO GROUP INC,,Los Angeles,CA,90001,true,HIGH (VERIFIED) - California registry-derived record confirms the company city; no street published; rechecked 2026-08-19,California business record,https://www.bizprofile.net/ca/los-angeles/the-zizo-group-inc
TRYAX REALTY MANAGEMENT INC,1476 Walton Avenue,Bronx,NY,10452,true,HIGH (VERIFIED) - company and location source rechecked 2026-08-19,tryaxnyc.com,https://www.tryaxnyc.com/
BLUT LAW GROUP,"300 S 4th St, Suite 701",Las Vegas,NV,89101,true,HIGH (VERIFIED) — blutlawgroup.com Las Vegas office page; founder Elliot Blut is the donor,lawyers.findlaw.com,https://lawyers.findlaw.com/business-commercial-law/nevada/hawthorne/
KAPITAL ENTERTAINMENT,"11444 W Olympic Blvd, 11th Floor",Los Angeles,CA,90064,true,HIGH (VERIFIED) - California registry-derived principal address; rechecked 2026-08-19,California business record,https://www.bizprofile.net/ca/los-angeles/kapital-entertainment-llc
TIERRAMANO LLC,1405 W 24th Street,Miami Beach,FL,33140,true,HIGH (VERIFIED) — FL Sunbiz principal+mailing address (L13000119000); manager Jeremy Goldstein is the donor,bizprofile.net,https://www.bizprofile.net/fl/miami-beach/tierramano-llc
EMPIRE DAWN LLC,813 Lake McGregor Drive,Fort Myers,FL,33919,true,HIGH (VERIFIED) - current principal place of business in the Florida annual report; rechecked 2026-08-19,Florida Division of Corporations,https://search.sunbiz.org/Inquiry/CorporationSearch/GetDocument?aggregateId=forl-m19000007444-0e122060-f81d-4111-88f9-7bc8c412d3bc&formatType=PDF&transactionId=m19000007444-a8be36bb-e585-4457-8fda-a25c2ade46f9
EMPIRE DAWN LLC,"6929 N Hayden Rd, # C4-235",Scottsdale,AZ,85250,false,HIGH (VERIFIED) - additional Arizona manager/member address in the same annual report; rechecked 2026-08-19,Florida Division of Corporations,https://search.sunbiz.org/Inquiry/CorporationSearch/GetDocument?aggregateId=forl-m19000007444-0e122060-f81d-4111-88f9-7bc8c412d3bc&formatType=PDF&transactionId=m19000007444-a8be36bb-e585-4457-8fda-a25c2ade46f9
CANON EQUITY PARTNERS,439 N Canon Dr,Beverly Hills,CA,90210,true,HIGH (VERIFIED) - official company contact page; rechecked 2026-08-19,Canon Equity Partners,https://www.canonep.com/contact-us
WHOKNEW VENTURES LLC,,,,,true,INVALID: private early-stage venture vehicle of the donor (Howard Zack); directories conflict across Kentfield/Greenbrae/Sausalito CA with no street anywhere; researched 2026-08-10,,
THUNDERING CLOUD LLC,,,,,true,"INVALID: donor's own single-member vehicle (Steven Weisberg, self-employed per LinkedIn); no public premises or registry address found; researched 2026-08-10",,
STARK ENTERPRISES LLC,,,,,true,INVALID: Arthur Stark's private NJ advisory LLC; name collides with Robert L. Stark Enterprises (Cleveland) - kept invalid so no lookup ever borrows the Cleveland address; Ezra's row disambiguated in manual_employer_overrides.csv,,
AUKE BAY COMPANY,,,,,true,"INVALID: Schlosberg family company (Auke Bay Fish and Fruit Co pension trust, 9th Cir. 1990, 894 F.2d 342) with no current public address; donor is its Seattle GM; researched 2026-08-10",,
AMG PROPERTIES INC,614 W Friendly Ave,Greensboro,NC,27401,true,OFFICE PREMISES: HIGH (VERIFIED) - current company listing and public business records; Paul Mengert is the donor,yellowpages.com,https://www.yellowpages.com/greensboro-nc/mip/amg-480223219
ARETE WEALTH INC,"1115 W Fulton Market, 3rd Floor",Chicago,IL,60607,true,HIGH (VERIFIED) - official Arete Wealth website; Joshua Rogers is the donor,aretewealth.com,https://aretewealth.com/branches/?page=4
BEST CARE HOME HEALTH INC,7100 N Ridgeway Ave,Lincolnwood,IL,60712,true,HIGH (VERIFIED) - current NPI record identifies Samuel Seleski as president,bestcarehh.com,https://www.bestcarehh.com/
BLDG MANAGEMENT CO. INC,"417 Fifth Avenue, Suite 400",New York,NY,10016,true,HIGH (VERIFIED) - New York registry and LEI records; Donald Olenick is the donor,a836-edms.nyc.gov,https://a836-edms.nyc.gov/dctm-rest/repositories/dofedmspts/StatementSearch?bbl=1018730035&stmtDate=20230218&stmtType=SOA
BLUE ARCH INVESTMENTS INC,"6300 Wilshire Blvd, Suite 1420",Los Angeles,CA,90048,true,HIGH (VERIFIED) - official company website and government records; Kamran Benji is the donor,bluearchinv.com,https://www.bluearchinv.com/
BROAD STREET DEVELOPMENT,"80 Broad Street, Second Floor",New York,NY,10004,true,HIGH (VERIFIED) - official company press release,greatink.com,https://greatink.com/wp-content/uploads/2026/03/MAR-27-BSD-Secures-REFI-for-Conversion-of-80-Broad-Street-2.pdf
BROWARD PAPER & PACKAGING INC,1201 NE 45th St,Oakland Park,FL,33334,true,HIGH (VERIFIED) - company profile and business records identify Howard Millhauser,yellowpages.com,https://www.yellowpages.com/oakland-park-fl/mip/broward-paper-packaging-inc-553170571
BUYERS REALTY INC,"4350 Westown Parkway, Suite 100",West Des Moines,IA,50266,true,HIGH (VERIFIED) - official company website; Ronald Daniels is the donor,buyersrealtyinc.com,https://www.buyersrealtyinc.com/contact/
CAMPBELL & LEVINE LLC,"310 Grant St, Suite 1700",Pittsburgh,PA,15219,true,HIGH (VERIFIED) - Pennsylvania Disciplinary Board attorney record,dailydac.com,https://www.dailydac.com/wp-content/uploads/2025/06/DON_Enterprises_Inc_.pdf
CERSONSKY& MCANELLY PC,"1770 St. James Place, Suite 150",Houston,TX,77056,true,HIGH (VERIFIED) - official firm website and State Bar of Texas,ecf.txwd.uscourts.gov,https://ecf.txwd.uscourts.gov/cgi-bin/addrbook.cgi?LT=C
CUPIXEL LTD,1234 Chestnut St,Newton,MA,02464,true,HIGH (VERIFIED) - official Cupixel website; Elana Mokady is the donor,play.google.com,https://play.google.com/store/apps/details?hl=pt&id=com.cupixel.canvas
DECKO DESIGNS INC,2 Gold St,New York,NY,10038,true,HIGH (VERIFIED) - company-controlled profile and official team page; Robert Harary is the donor,mapquest.com,https://www.mapquest.com/us/new-york/two-gold-llc-372548366
DON KLEIN MANAGEMENT GROUP INC,"8840 Wilshire Blvd, Suite 207",Beverly Hills,CA,90211,true,HIGH (VERIFIED) - active California registry record,bizprofile.net,https://www.bizprofile.net/ca/beverly-hills/don-klein-management-group
DREAMWAVE LLC,"34 West 33rd Street, 11th Floor",New York,NY,10001,true,HIGH (VERIFIED) - official company contact page,dwavegroup.squarespace.com,https://dwavegroup.squarespace.com/contact-us
EASTERN CONCRETE FOUNDATION INC,7950 Penn Randall Place,Upper Marlboro,MD,20772,true,HIGH (VERIFIED) - current FMCSA record; Ami Sheintal is the donor,easternconcretefoundation.com,https://www.easternconcretefoundation.com/contact-us.html
EBR SYSTEMS INC,480 Oakmead Parkway,Sunnyvale,CA,94085,true,HIGH (VERIFIED) - federal labor filing identifies Rita Allen and the company,sec.gov,https://www.sec.gov/Archives/edgar/data/2037312/000203731226000002/0002037312-26-000002-index.htm
F.S. MAAS & COMPANY INC,"9401 Wilshire Blvd, Suite 1250",Beverly Hills,CA,90212,true,HIGH (VERIFIED) - City of Beverly Hills filing identifies Francis Maas and employer,beverlyhills.org,https://www.beverlyhills.org/DocumentCenter/View/7333/ANDREW-LICHT---Form-460---Semi-annual-Statement-01-01-2021-thru-12-31-2021---Redacted
FAHN & CO,1219 17th Street,Sacramento,CA,95811,true,HIGH (VERIFIED) - active California registry record identifies Michael Fahn,bizprofile.net,https://www.bizprofile.net/ca/sacramento/fahn-company-inc
FANNY GRUNBERG & ASSOCIATES LLC,928 Broadway,New York,NY,10010,true,HIGH (VERIFIED) - New York registry and court records; suite omitted because sources conflict,usearch.com,https://usearch.com/property/928-broadway-new-york-ny
FINOPTIMAL INC,"5615 Kirby Drive, Suite 435",Houston,TX,77005,true,HIGH (VERIFIED) - official FinOptimal website; Jesse Rubenfeld is the donor,usearch.com,https://usearch.com/property/5615-kirby-dr-houston-tx
GARRISON SYSTEMS LLC,240 East 74th Street,New York,NY,10021,true,HIGH (VERIFIED) - government vendor contract identifies Arnon Rosan,tips-usa.com,https://www.tips-usa.com/assets/Vendorspdf/250702_CONTRACT_TEMPORARY_FLOOD_Garrison.pdf
GENCARE INC,"401 2nd Ave S, Suite 270",Seattle,WA,98104,true,HIGH (VERIFIED) - current business records and Washington disclosure identify Leon Grundstein,bbb.org,https://www.bbb.org/us/wa/seattle/profile/adult-family-homes/gencare-inc-1296-22208645
GTJ REIT INC,"1399 Franklin Avenue, Suite 100",Garden City,NY,11530,true,HIGH (VERIFIED) - official GTJ REIT website,gtjreit.com,https://www.gtjreit.com/investor-relations/
HERCULES REAL ESTATE SERVICES INC,"168 Business Park Drive, Suite 200",Virginia Beach,VA,23462,true,HIGH (VERIFIED) - current state registry and BBB records,search.sunbiz.org,https://search.sunbiz.org/Inquiry/CorporationSearch/SearchResults?Detail=FL.DOS.Corporations.Shared.Contracts.FilingRecord&InquiryDirectionType=ForwardRecord&InquiryType=EntityName&ListNameOrder=HERCULESPROPERTIES+2366640&SearchNameOrder=HERCULESREALESTATECAPITAL+L070000880400&SearchTerm=Hercules+Properties%2C+LLC
HOWARD O. BERNSTEIN PC,"1111 Pearl St, Suite 203",Boulder,CO,80302,true,HIGH (VERIFIED) - official firm and USPTO records,trellis.law,https://trellis.law/doc/163292286/filing-other-related-document-case-status-update-demonstrating-good-cause-to-avoid-dismissal
JDI REALTY,853 N Elston Ave,Chicago,IL,60642,true,HIGH (VERIFIED) - official JDI Realty website; Jeff Aeder is the donor,jdirealty.com,https://www.jdirealty.com/
JORDON PERLMUTTER & CO,"1601 Blake Street, Suite 600",Denver,CO,80202,true,HIGH (VERIFIED) - official company website,jp-co.com,https://www.jp-co.com/
JURISTEMPS INC,"7733 Forsyth, Suite 1100",Clayton,MO,63105,true,HIGH (VERIFIED) - official JurisTemps contact page; Andrew Koshner is the donor,juristemps.com,https://juristemps.com/contact-us
KEELER REAL ESTATE LLC,"350 West Hubbard, Suite 620",Chicago,IL,60654,true,HIGH (VERIFIED) - SEC-hosted contract identifies the company and Edwin Vdovets,keelerre.com,https://keelerre.com/about/
KLNB LLC,"100 West Road, Suite 505",Towson,MD,21204,true,HIGH (VERIFIED) - official KLNB website; Adam Miller is the donor,bbb.org,https://www.bbb.org/us/md/towson/profile/commercial-real-estate/klnb-llc-0241-236020271/addressId/320691
LAWLAND CORP,"770 Lexington Ave, 11th Floor",New York,NY,10065,true,HIGH (VERIFIED) - New York real-estate license records identify Lawrence Friedland,mapquest.com,https://www.mapquest.com/us/new-york/lawland-corp-407232347
MARKAY MANAGEMENT INC,"4798 New Broad St, Suite 210",Orlando,FL,32814,true,HIGH (VERIFIED) - official company contact page,markay.management,https://www.markay.management/
MARTIN FEIN INTERESTS LTD,"1400 Post Oak Blvd, Suite 500",Houston,TX,77056,true,HIGH (VERIFIED) - current OSHA record and business records,tdlr.texas.gov,https://www.tdlr.texas.gov/TABS/Projects/TABS2022005901
MINUTE MEN INC,3740 Carnegie Ave,Cleveland,OH,44115,true,OFFICE PREMISES: HIGH (VERIFIED) - state registry records identify Jason Lucarelli,search.sunbiz.org,https://search.sunbiz.org/Inquiry/corporationsearch/SearchResultDetail?aggregateId=forp-f17000002686-87ac02db-b304-4111-8d78-a6fa37c39466&directionType=ForwardList&inquirytype=EntityName&listNameOrder=MINUTEMARINE+M834740&searchNameOrder=MINUTEMEN+F170000026860&searchTerm=MINUTEMAN+LEASING+COMPANY+INC.
NEMAN BROTHERS & ASSOCIATES INC,1525 S Broadway,Los Angeles,CA,90015,true,HIGH (VERIFIED) - active California registry and federal court records,neman.com,https://www.neman.com/
NORTH STAR CONSULTING INC,"1850 Gateway Blvd, Suite 235",Concord,CA,94520,true,HIGH (VERIFIED) - California registry record identifies Michael Rochman,bizprofile.net,https://www.bizprofile.net/ca/concord/north-star-consulting-inc
"PARSONS, LEE & JULIANO PC","600 Vestavia Parkway, Suite 300",Birmingham,AL,35216,true,HIGH (VERIFIED) - official firm website,lexology.com,https://www.lexology.com/firms/1166143
PATRIOT GROWTH INSURANCE SERVICES,"501 Office Center Drive, Suite 215",Fort Washington,PA,19034,true,HIGH (VERIFIED) - official company headquarters,search.sunbiz.org,https://search.sunbiz.org/Inquiry/corporationsearch/SearchResultDetail?aggregateId=forl-m18000010178-0b63e4fb-a9ad-44b0-8747-5fa8c55d1d11&directionType=Initial&inquirytype=EntityName&listNameOrder=PATRIOTGROUP+L080000151780&searchNameOrder=PATRIOTGROWTHINSURANCESERVICES+M180000101780&searchTerm=PATRIOT+GROUP%2C+LLC
PATRIOT GROWTH INSURANCE SERVICES,"8382 Baymeadows Rd, Suite 2",Jacksonville,FL,32256,false,HIGH (VERIFIED) - verified Florida office associated with Joel Shapiro's agency,patriotgis.com,https://patriotgis.com/locations/patriot-fl1/jacksonville-fl
PINKHASOV & ASSOCIATES PLLC,126 3rd Street,Mineola,NY,11501,true,HIGH (VERIFIED) - official firm contact page,pinkhlaw.com,https://pinkhlaw.com/
PINKHASOV & ASSOCIATES PLLC,260 Madison Ave,New York,NY,10016,false,HIGH (VERIFIED) - additional office on official firm contact page,pinkhlaw.com,https://pinkhlaw.com/
POGODA MANAGEMENT CO,"30301 Northwestern Hwy, Suite 400",Farmington Hills,MI,48334,true,HIGH (VERIFIED) - official company team page and current business records,insideselfstorage.com,https://www.insideselfstorage.com/self-storage-industry-news/pogoda-cos-changes-headquarters
RAMAX SEARCH INC,"1250 Broadway, 36th Floor",New York,NY,10001,true,HIGH (VERIFIED) - official Ramax Search website; Peter Tannenbaum is the donor,ramaxsearch.com,https://ramaxsearch.com/media/
TEMPLE ISAIAH PRESCHOOL,10345 W Pico Blvd,Los Angeles,CA,90064,true,HIGH (VERIFIED) - official Temple Isaiah contact page,templeisaiah.com,https://templeisaiah.com/contacts/
THE DIAMOND LAW FIRM PA,"150 Second North Avenue, Suite 570",St. Petersburg,FL,33701,true,HIGH (VERIFIED) - current firm and Best Lawyers records; Ben Diamond is the donor,legals.businessobserverfl.com,https://legals.businessobserverfl.com/legal-notice-uploads/2024-04-26-Pinellas.pdf
THE FUNDWORKS LLC,"5990 Sepulveda Blvd, Suite 310",Van Nuys,CA,91411,true,HIGH (VERIFIED) - SEC filing and official privacy notice show this office during the donation period,thefundworks.com,https://thefundworks.com/california-residents-privacy-policy/
THE WHISLER LAW FIRM PA,"3606 Enterprise Ave, Suite 356",Naples,FL,34104,true,HIGH (VERIFIED) - current BBB record identifies Joshua Whisler,expertise.com,https://www.expertise.com/legal/workers-comp-lawyers/florida/cape-coral
TILSNER CARTON CO,162 York Avenue East,St. Paul,MN,55117,true,HIGH (VERIFIED) - official company contact page,brokersnapshot.com,https://brokersnapshot.com/Company?dot=196056
ULTIMATE INTERNET ACCESS INC,1300 Highway 2,Wrightwood,CA,92397,true,HIGH (VERIFIED) - current California Public Utilities Commission service list and business records,uia.net,https://www.uia.net/
VOICE EXPRESS CORP,"606 Post Road East, STE3-706",Westport,CT,06880,true,HIGH (VERIFIED) - official company contact page; Geoffrey Stern is the donor,voice-express.com,https://voice-express.com/contact
WOLFE LAW LLC,"1201 W Peachtree St NW, Suite 2300",Atlanta,GA,30309,true,HIGH (VERIFIED) - official firm website; Elie Wolfe is the donor,profiles.superlawyers.com,https://profiles.superlawyers.com/georgia/atlanta/lawyer/eliyahu-e-wolfe/ce6b9db5-114f-47f0-bf6f-2d115d99d001.html
WORLDBRIDGE PARTNERS TOLEDO INC,33 N Huron St,Toledo,OH,43604,true,HIGH (VERIFIED) - current BBB record identifies Gary Fruchtman as president,bbb.org,https://www.bbb.org/us/oh/toledo/profile/executive-search-consultants/worldbridge-partners-toledo-inc-0422-4433
COHEN & STEERS,"1166 Avenue of the Americas, 30th Floor",New York,NY,10036,true,HIGH (VERIFIED) - Cohen & Steers 2025 SEC Form 4; Martin Cohen is chairman and cofounder,cohenandsteers.com,https://www.cohenandsteers.com/contact-us/
BLB&G LLP,1251 Avenue of the Americas,New York,NY,10020,true,HIGH (VERIFIED) - official firm contact page https://www.blbglaw.com/contact; reviewed 2026-08-16,blbglaw.com,https://www.blbglaw.com/contact
ACCESS FUND,"44 Montgomery Street, Suite 3705",San Francisco,CA,94104,true,HIGH (VERIFIED) - SEC Form D signed by Harold S. Zlot identifies this Access Fund office; reviewed 2026-08-19,SEC Form D,https://www.sec.gov/Archives/edgar/data/820621/000082062115000001/xslFormDX07/primary_doc.xml
SKADDEN ARPS,320 S Canal St,Chicago,IL,60606,true,"Skadden Chicago office (BMO Tower); the firm's donors in this dataset are Chicago-area (Northbrook), official firm locations page (web-verified 2026-09-22)",skadden.com,https://www.skadden.com/locations/americas/chicago
CHURCHILLFORGE PROPERTIES,"2626 Thousand Oaks Drive, Suite A",San Antonio,TX,78232,true,Texas/Florida regional office listed on the company contact page; donors file from San Antonio (web-verified 2026-09-22),churchillforge.com,https://www.churchillforge.com/contact-us/
RIVERSTONE COMMUNITIES,6400 Telegraph Rd Ste 2000,Bloomfield Hills,MI,48301,true,Corporate headquarters on the company contact page (web-verified 2026-09-22),rivstone.com,https://www.rivstone.com/contact/
MB DAVIS GROUP,3920 N Hills Dr,Austin,TX,78731,true,Headquarters announced in the company's own press release on moving HQ to Austin (web-verified 2026-09-22),mbdgrp.com,https://mbdgrp.com/mbd-group-moves-to-austin-tx/
MARON AND SANDLER,1250 4th St Ste 550,Santa Monica,CA,90401,true,Law firm office per Martindale listing (web-verified 2026-09-22),martindale.com,https://www.martindale.com/organization/maron-sandler-20628278/santa-monica-california-34374925-f/
CANFIELD DEVELOPMENT INC,10474 Santa Monica Blvd Suite 403,Los Angeles,CA,90025,true,Company office per business profile; developer based in Los Angeles (web-verified 2026-09-22),canfield-development.com,https://www.canfield-development.com/
ELEVADO GROUP,16060 Ventura Blvd Suite 300,Encino,CA,91436,true,Los Angeles business registration record for Elevado Group Inc (web-verified 2026-09-22),opengovus.com,https://opengovus.com/los-angeles-business/0002968063-0001-9
BLUESTAR ALLIANCE,1370 Broadway Suite 1107,New York,NY,10018,true,Headquarters of the brand-management company (web-verified 2026-09-22),bluestaralliance.com,https://www.bluestaralliance.com/about
WEISS ASSET MANAGEMENT FOUNDATION INC,"222 Berkeley St, Floor 16",Boston,MA,02116,true,Foundation of Weiss Asset Management; the firm's Boston office on its contact page (web-verified 2026-09-22),weissasset.com,https://www.weissasset.com/contact/
DIAMOND CHEMICAL,Union Avenue and Dubois Street,East Rutherford,NJ,07073,true,Company headquarters and plant per the company's about page (web-verified 2026-09-22),diamondchem.com,https://www.diamondchem.com/about/
CREATIVE EFFECTS INC,403B Central Avenue,Cedarhurst,NY,11516,true,Advertising agency office on the company contact page (web-verified 2026-09-22),creativeeffectsadvertising.net,https://www.creativeeffectsadvertising.net/contact
VALOR MANAGEMENT LLC,"875 N. Michigan Ave., Suite 3214",Chicago,IL,60611,true,Registered business location (Hancock Center office) per corporation record (web-verified 2026-09-22),opengovwa.com,https://opengovwa.com/corporation/604532904
JACOBS&WALLACE,"1087 Broad St, Ste 400",Bridgeport,CT,06604,true,Law firm office per firm website (serves Fairfield County) (web-verified 2026-09-22),jwlawct.com,https://jwlawct.com/
KEY PROPERTIES,153 Fort Lee Rd Ste 2,Teaneck,NJ,07666,true,Corporate office; all 18 donor rows are Teaneck/Englewood NJ (web-verified 2026-09-22),chamberofcommerce.com,https://www.chamberofcommerce.com/business-directory/new-jersey/teaneck/real-estate-developer/2007259525-key-properties-llc
LEX DIAMOND CO,"550 S Hill St, Suite 510",Los Angeles,CA,90013,true,Jewelry District office (Downtown Jewelry Exchange) (web-verified 2026-09-22),yelp.com,https://www.yelp.com/biz/lex-diamond-company-los-angeles
LSN PARTNERS,"801 Arthur Godfrey Road, Suite 401",Miami Beach,FL,33140,true,Office per Miami Beach Chamber of Commerce member listing (web-verified 2026-09-22),miamibeachchamber.com,https://business.miamibeachchamber.com/members/member/lsn-partners-7830
WILSHIRE SKYLINE,"150 S Rodeo Drive, Suite 340",Beverly Hills,CA,90212,true,Headquarters per BBB business profile (web-verified 2026-09-22),bbb.org,https://www.bbb.org/us/ca/beverly-hills/profile/property-management/wilshire-skyline-1216-13185913
KLEIN HERSH,220 Gibraltar Rd Ste 150,Horsham,PA,19044,true,Corporate office per the company contact page (web-verified 2026-09-22),kleinhersh.com,https://www.kleinhersh.com/contact-us/
BLOOM FAMILY EYE SURGEONS,1020 Woodman Drive Suite 105,Dayton,OH,45432,true,Practice address per the practice website (web-verified 2026-09-22),bloomeyesurgeons.com,https://www.bloomeyesurgeons.com/
BNE REAL ESTATE GROUP,16 Microlab Rd Ste A,Livingston,NJ,07039,true,Headquarters per BBB business profile (web-verified 2026-09-22),bbb.org,https://www.bbb.org/us/nj/livingston/profile/apartments/bne-real-estate-group-0221-90222127
LAZARD FRERES & CO,30 Rockefeller Plaza,New York,NY,10112,true,Headquarters per NY corporation record and firm locations page (web-verified 2026-09-22),lazard.com,https://www.lazard.com/about-lazard/locations/united-states/offices-in-the-united-states/
DEBEVOISE AND PLIMPTON LLP,66 Hudson Boulevard,New York,NY,10001,true,New York headquarters (The Spiral) per firm announcement (web-verified 2026-09-22),debevoise.com,https://www.debevoise.com/news/2023/01/first-day-for-debevoise-in-new-headquarters
"SHUMAKER, LOOP & KENDRICK",1000 Jackson Street,Toledo,OH,43604,true,OFFICE PREMISES: Toledo office per firm website; most donor rows are Toledo (web-verified 2026-09-22),shumaker.com,https://www.shumaker.com/offices/toledo-oh/
UNIVERSITY OF KANSAS,1450 Jayhawk Blvd,Lawrence,KS,66045,true,Main campus address per KU contact pages (web-verified 2026-09-22),ku.edu,https://controllersoffice.ku.edu/contact-us
HILLS DEVELOPERS,"4901 Hunt Rd, Suite 300",Blue Ash,OH,45242,true,Corporate office of HILLS Properties / Hills Developers per company contact page (web-verified 2026-09-22),hillsproperties.com,https://www.hillsproperties.com/corporate-contact-us/
CHESTNUT HOLDINGS,"5676 Riverdale Avenue, Suite 307",Bronx,NY,10471,true,Office per the company contact page and BBB profile (web-verified 2026-09-22),chestnutholdings.com,https://chestnutholdings.com/contact-us/
ARCH INSURANCE,210 Hudson Street,Jersey City,NJ,07311,true,Arch Insurance Group U.S. headquarters per the company's location page (web-verified 2026-09-22),archgroup.com,https://www.archgroup.com/location/jersey-city-new-jersey/
AIPAC,251 H St NW,Washington,DC,20001,true,Headquarters of the American Israel Public Affairs Committee (web-verified 2026-09-22),guidestar.org,https://www.guidestar.org/profile/53-0217164
LEON KOROL CO,2050 E Devon Ave,Elk Grove Village,IL,60007,true,OFFICE PREMISES: Company headquarters per BBB and company site (family liquidation firm since 1959) (web-verified 2026-09-22),leonkorol.com,https://www.leonkorol.com/about-us
COOPER MANAGEMENT,"600 Central Ave, Suite 138",Highland Park,IL,60035,true,Office per business listings (Cooper Management Company) (web-verified 2026-09-22),yellowpages.com,https://www.yellowpages.com/highland-park-il/mip/cooper-management-co-472997714
INNOVATION LINE,11869 Teale St #69,Culver City,CA,90230,true,Promotional products company headquarters per industry directory (web-verified 2026-09-22),industrynet.com,https://www.industrynet.com/listing/1817510/innovation-line
SOS TECH GROUP,"2650 Quarry Lake Dr, Ste 300",Baltimore,MD,21209,true,Office per the company contact page (web-verified 2026-09-22),sostechgroup.com,https://www.sostechgroup.com/contact-us/
GOLD AND COMPANY,5601 Newbury St,Baltimore,MD,21209,true,Commercial real estate brokerage office per LoopNet company profile (web-verified 2026-09-22),loopnet.com,https://www.loopnet.com/company/gold-and-company-llc/baltimore-md/0vt3xx1l/
NATIONAL DISTRIBUTING COMPANY,1 National Dr SW,Atlanta,GA,30336,true,Headquarters per BBB profile (web-verified 2026-09-22),bbb.org,https://www.bbb.org/us/ga/atlanta/profile/linen-supply-service/national-distributing-co-0443-27109174
SILVER COMPANIES,2200 Carl D Silver Pkwy Ste 100,Fredericksburg,VA,22401,true,Corporate office per the company contact page (web-verified 2026-09-22),silvercollection.com,https://www.silvercollection.com/contact-us
ORO CAPITAL ADVISORS,"11766 Wilshire Blvd, Ste 325",Los Angeles,CA,90025,true,Corporate office per business profile (web-verified 2026-09-22),dandb.com,https://www.dandb.com/businessdirectory/orocapitaladvisorsllc-losangeles-ca-28222246.html
WELLS FARGO ADVISORS,One North Jefferson Ave,St. Louis,MO,63103,true,Wells Fargo Advisors home office per the firm's contact page (web-verified 2026-09-22),wellsfargoadvisors.com,https://www.wellsfargoadvisors.com/contact.htm
DANIEL JAY COSGROVE MD INC,"16311 Ventura Blvd., Suite 800",Encino,CA,91436,true,Urology practice office per the practice website (web-verified 2026-09-22),danielcosgrovemd.com,https://danielcosgrovemd.com/contact/
CTR MANAGEMENT INC,601 E Pratt St,Baltimore,MD,21202,true,Real estate development company office per business profiles (Power Plant building) (web-verified 2026-09-22),buzzfile.com,"https://www.buzzfile.com/business/Ctr-Management,-Inc.-410-246-2211"
ROBHANA GROUP INC,606 S Olive St Ste 600,Los Angeles,CA,90014,true,Corporate office per LoopNet company profile (web-verified 2026-09-22),loopnet.com,https://www.loopnet.com/company/robhana-group/los-angeles-ca/nm157vnl/
GIDEON INFORMATICS INC,"8721 Santa Monica Blvd, Suite 234",Los Angeles,CA,90069,true,"Company business address per Crunchbase/ZoomInfo (mailing suite, not a residence) (web-verified 2026-09-22)",crunchbase.com,https://www.crunchbase.com/organization/gideon-informatics
ADVANCED EYE MDS,"1260 State Rte 28, Suite 8",Branchburg,NJ,08876,true,Ophthalmology practice per BBB profile (web-verified 2026-09-22),bbb.org,https://www.bbb.org/us/nj/somerville/profile/ophthalmology/advanced-eye-mds-0221-1006328
EDINGER PEDIATRICS,11160 Warner Ave. Suite #211,Fountain Valley,CA,92708,true,Practice office per the practice website (web-verified 2026-09-22),edinger.choc.org,https://edinger.choc.org/
SPRINGBOARD COMPANY,"11661 San Vicente Blvd, Suite 701",Los Angeles,CA,90049,true,The Springboard Company office (Union Bank Building) per the company contact page (web-verified 2026-09-22),springboardcompany.com,http://www.springboardcompany.com/contact/
METADOLCE TECHNOLOGIES INC,4500 Park Granada Ste 202,Calabasas,CA,91302,true,Company headquarters per California business profile (registered-agent address in Encino is a residence and was not used) (web-verified 2026-09-22),bizprofile.net,https://www.bizprofile.net/ca/calabasas/metadolce-technologies-inc
BSC MANAGEMENT,"11300 W Olympic Blvd, Ste 600",Los Angeles,CA,90064,true,Headquarters per BBB profile and company contact page (web-verified 2026-09-22),bscmanage.com,https://www.bscmanage.com/contact/
BAKER KATZ,"3700 Buffalo Speedway, Suite 1020",Houston,TX,77098,true,Headquarters per the company contact page (web-verified 2026-09-22),bakerkatz.com,https://bakerkatz.com/contact/
METROPOLITAN MORTGAGE AND REALTY INC,"80 Main Street, Suite 560",West Orange,NJ,07052,true,Office per Commerce and Industry Association of NJ member listing (web-verified 2026-09-22),cianj.org,"https://web.cianj.org/Mortgage-Brokers/Metropolitan-Mortgage-and-Realty,-Inc-4247"
CROSS SHORE CAPITAL MANAGEMENT,"111 Great Neck Road, Suite 210",Great Neck,NY,11021,true,Principal office per SEC Form ADV (web-verified 2026-09-22),radientanalytics.com,https://radientanalytics.com/firm/adv/cross-shore-capital-management-llc-136650
MD SQUARED PROPERTY GROUP,"7 Penn Plaza, Suite 601",New York,NY,10001,true,Office per the company contact page (web-verified 2026-09-22),mdsquaredpropertygroup.com,https://www.mdsquaredpropertygroup.com/contact/
SUSSMAN EDUCATION,"250 East 54th Street, Suite P2",New York,NY,10022,true,Principal address per corporate filing (2021) (web-verified 2026-09-22),sunbiz.org,https://sussmaneducation.com/about/
STERLING FLOOR DESIGNS LTD,82 Modular Ave,Commack,NY,11725,true,OFFICE PREMISES: Company location per the company contact page (web-verified 2026-09-22),sterlingfloordesigns.com,https://sterlingfloordesigns.com/contact/
WOLMAN WEALTH MANAGEMENT,4208 Overland Ave,Culver City,CA,90230,true,Office per business listings and D&B profile (web-verified 2026-09-22),dnb.com,https://www.dnb.com/business-directory/company-profiles.wolman_wealth_management_inc.9f4995245783fa9112db167bbaa18bcc.html
LEDER REALTY & MANAGEMENT,4755 Technology Way Ste 202,Boca Raton,FL,33431,true,Business office per D&B and LoopNet profiles (web-verified 2026-09-22),dnb.com,https://www.dnb.com/business-directory/company-profiles.leder_realty__management_inc.eac038c726c4af7218b91bd0be5fa40e.html
AB INITIO SOFTWARE,201 Spring Street,Lexington,MA,02421,true,Ab Initio Software headquarters; 2026-09-23 same-company rule AB INITIO/ABINITIO SOFTWARE,abinitio.com,https://www.abinitio.com/en/contact/
ATRIUM HEALTH,1000 Blythe Boulevard,Charlotte,NC,28203,true,Atrium Health main campus (Carolinas Medical Center); 2026-09-23 spacing unification ATRIUMHEALTH,atriumhealth.org,https://atriumhealth.org/locations/detail/carolinas-medical-center
TWIN CITY FAN COMPANIES,5959 Trenton Lane N,Minneapolis,MN,55442,true,Twin City Fan Companies headquarters; 2026-09-23 rule TWINCITY FAN/TWIN CITY FAN,twincityfan.com,https://www.twincityfan.com/contact/
SOFTERWARE,4607 Library Rd Ste 220,Bethel Park,PA,15102,true,Mailing address the company publishes (PMB 2026); 2026-09-23,softerware.com,https://www.softerware.com/contact-us/
01 ADVISORS,415 Jackson Street,SAN FRANCISCO,CA,94111,true,"01 Advisors (01A), venture firm: The donor is a general partner at 01A. The firm lists its San Francisco HQ at 415 Jackson and a New York office at 817 Broadway, so the published Letterman Dr address is outdated, and with no Colorado office the HQ is used. (researched and checked 2026-09-24)",01A official website,https://www.01a.com/
1826 GROUP,,AVENTURA,FL,33180,true,"Home-based business, town only: The published street is a condo unit in a residential high-rise, not an office, and no public office exists, so only the city is kept. (researched and checked 2026-09-24)",Published address is a unit in a residential condominium tower,
19 ENTERPRISES LLC,,,,,true,INVALID: not_found: The published Latham NY address belongs to an unrelated IT consulting firm called 19-Enterprises LLC. The donor's entity is a Las Vegas holding LLC (NV reg. E0392152015-1) with no public office address. (researched and checked 2026-09-24),Nevada Campaign Contributions company page,https://nevadacampaigncontributions.com/companies/433993-19-enterprises-llc.html
1901 PARTNERS,,,,,true,"INVALID: not_found: The firm ended its SEC registration in 2023 and withdrew as an exempt reporting adviser in Dec 2023. Its last filing gives an appointment-only Southlake TX office with no public street, so the 750 Third Ave NYC office is outdated. (researched and checked 2026-09-24)",SEC IAPD firm record CRD 173444,https://adviserinfo.sec.gov/firm/summary/173444
21CFI,,,,,true,INVALID: not_found: 21CFI (researched and checked 2026-09-24),No reliable source,
30 POINT STRATEGIES,,,,,true,"INVALID: not_found: This is a real firm, but no opened source states an office street. A Bethesda MD HQ (7315 Wisconsin Ave Ste 400W, 20814) appears in Manta/ZoomInfo snippets that could not be opened. Re-check it if those directories become reachable. Do not publish the Atlanta Studioplex unit. (researched and checked 2026-09-24)",30 Point website; Yahoo Local listing,https://30point.com/
3I FUND,"2 Wooster Street, 2nd Floor",NEW YORK,NY,10013,true,"3i Fund (3i Management LLC / 3i, LP): The donor is a partner and portfolio manager at 3i Fund. The official site and a Dec 2025 contract both give 2 Wooster St, 2nd Floor. (researched and checked 2026-09-24)",3i Fund official website,https://3ifund.com/
7 STAR CONSTRUCTION COMPANY,,HOUSTON,TX,77002,true,"Home-based business, town only: BBB names the donor as owner of this small Houston contractor and gives no street, only Houston TX 77002. The published Rock Hill SC PO box belongs to a different company. (researched and checked 2026-09-24)",BBB business profile,https://www.bbb.org/us/tx/houston/profile/remodeling/7-star-construction-company-0915-22011812
7RIDGE,405 Lexington Avenue,NEW YORK,NY,10174,true,"7RIDGE (private markets asset manager), New York office: The donor is a managing director at 7RIDGE. The official site lists the New York office in the Chrysler Building, 405 Lexington Avenue, NY 10174. (researched and checked 2026-09-24)",7RIDGE official website,https://7ridge.com/
9 MUSES ART CORP,,NEW YORK,NY,10001,true,"Home-based business, town only: The state registry location is an apartment unit (Apt 47D), a small art advisory run from a residence. Only the city is kept. (researched and checked 2026-09-24)",NY DOS record via OpenGovNY (DOS #4672903),https://opengovny.com/corporation/4672903
A PRIORI,"3 Pickwick Plaza, Suite 302",GREENWICH,CT,06830,true,"A Priori Investment Management LLC (Greenwich quant fund): The published Concord MA address is aPriori Technologies, a different company. The donors are A Priori Investment Management executives, and its 2026 SEC Form D gives 3 Pickwick Plaza, Suite 302. (researched and checked 2026-09-24)","SEC Form D (Havemeyer Place LP, May 2026)",https://www.sec.gov/Archives/edgar/data/2026128/000131586326000433/primary_doc.xml
A&W TECH CONSULTING,,,,,true,"INVALID: not_found: This is the previous employer of a retired donor. The APrime site lists only email/LinkedIn and no office. The San Antonio 19206 Habitat Cv address is a residential house whose link to this firm is unverified, so do not publish it. (researched and checked 2026-09-24)",APrime Technology website,https://www.aprime.io/
AARA,"2255 Glades Road, Suite 228W",BOCA RATON,FL,33431,true,"American Arthritis & Rheumatology Associates (AARA): AARA is a rheumatology group, not the published Piscataway NJ office. The donor practised at its Boca Raton site (2900 N Military Trl) before retiring, and every AARA entity uses 2255 Glades Rd Ste 228W, Boca Raton as its central office. (researched and checked 2026-09-24)",CMS NPI Registry (AARA entities),https://npiregistry.cms.hhs.gov/api/?version=2.1&organization_name=american%20arthritis*&state=FL&limit=50
ABC SALES & MARKETING,,WESTON,FL,33326,true,"Home-based business, town only: The donor is president of a small Weston FL corporation whose principal address is on a residential street. The published Mesa AZ address belongs to a different business. (researched and checked 2026-09-24)",Florida Sunbiz entity record P02000114455,https://search.sunbiz.org/Inquiry/corporationsearch/SearchResultDetail?inquirytype=EntityName&directionType=ForwardList&searchNameOrder=ABCSALESMARKETING+P020001144550&aggregateId=domp-p02000114455-099585ff-b3b1-4ca0-bc08-f9880030a234&searchTerm=ABC+SCHOOL+BUS+TRANSPORTATION+INC&listNameOrder=ABCSALES+5463490
AC DISASTER CONSULTING,"1800 Glenarm Place, Suite 300",DENVER,CO,80202,true,"AC Disaster Consulting LLC (emergency management firm, Denver HQ): The active SAM registration (renewed Jul 2026) gives 1800 Glenarm Pl Ste 300, Denver, and the firm's site says it is headquartered in Denver. It has no Florida office address. (researched and checked 2026-09-24)",SAM.gov registration via SAMClerk,https://samclerk.com/entity/EB5D6BDAC996491
ACCESS ENTERTAINMENT,40 West 57th Street,NEW YORK,NY,10019,true,"Access Entertainment, a division of Access Industries: Access Entertainment is part of Access Industries, whose only US office is 40 West 57th Street, NY 10019. The site gives no floor and no Los Angeles office. (researched and checked 2026-09-24)",Access Industries contact page,https://www.accessindustries.com/contact/
ACCIN OPPORTUNITY FUND,"111 W. St. John Street, Suite 800",SAN JOSE,CA,95113,true,"Accion Opportunity Fund: The misspelled employer is Accion Opportunity Fund. Its official contact page still lists 111 W. St. John Street, Suite 800, San Jose, and it has no Colorado office. (researched and checked 2026-09-24)",Accion Opportunity Fund contact page,https://aofund.org/contact/
ACCOUNTNET INC,"31 West 34th Street, 8th Floor",NEW YORK,NY,10001,true,"Accountnet, Inc. (Microsoft Dynamics reseller): The donor is a senior Dynamics consultant at Accountnet. Its site (2024-2025 events) holds meetings at 'Accountnet - Customer Briefing Center, 31 West 34th Street, 8th Floor', while 1333 Broadway Ste 303 is the 1996 registration address. (researched and checked 2026-09-24)",Accountnet official website,https://accountnet.com/
ACE GUARANTY RE,1633 Broadway,NEW YORK,NY,10019,true,Assured Guaranty Inc. (formerly ACE Guaranty Re Inc. / ACE Guaranty Corp.): ACE Guaranty Re Inc. was renamed ACE Guaranty Corp. in 2002 and Assured Guaranty Corp. in 2004. The successor's US office is 1633 Broadway (previous employer of a retired donor). (researched and checked 2026-09-24),Assured Guaranty contact page,https://assuredguaranty.com/contact
ACHIEVE BEHAVIORAL HEALTH,"25 Robert Pitt Drive, Suite 101",MONSEY,NY,10952,true,"Achieve Behavioral Health (Rockland County CCBHC): One donor is listed as working at Achieve Behavioral Health. Its main site is 25 Robert Pitt Drive, Suite 101, Monsey, and all its sites are in New York, none in New Jersey. (researched and checked 2026-09-24)",Achieve Behavioral Health official website,https://achievebh.org/
ACP,260 W. Sunrise Hwy,VALLEY STREAM,NY,11581,true,"AdvantageCare Physicians (ACPNY), Valley Stream Medical Office: The published address is the American College of Physicians, a membership body. The physician's NPI record points to AdvantageCare Physicians (mail to its 55 Water St office) and practice at its Valley Stream Medical Office. (researched and checked 2026-09-24)",ACPNY location page; CMS NPI record,https://www.acpny.com/find-a-provider/locations/valley-stream-medical-office
ACPOWERS LLC,,CLEVELAND HEIGHTS,OH,44118,true,"Home-based business, town only: This founder-run consultancy's only registered address is an apartment in Cleveland Heights OH. The published 915 Broadway NYC suite is unrelated. (researched and checked 2026-09-24)",Ohio SOS record via Bizapedia,https://www.bizapedia.com/oh/acpowers-llc.html
ACRISURE,100 Ottawa Ave SW,GRAND RAPIDS,MI,49503,true,"Acrisure, LLC (insurance brokerage HQ): Acrisure's legal notice gives Acrisure, LLC, 100 Ottawa Ave SW, Grand Rapids. The donors are brokers in several states, so the HQ fits best. (researched and checked 2026-09-24)",Acrisure legal notice page,https://www.acrisure.com/legal
ACXION FOODSERVICE,"510 McCormick Drive, Suite S",GLEN BURNIE,MD,21061,true,"Acxion Foodservice (foodservice sales agency): Acxion's site now lists its only address as 510 McCormick Drive, Suite S, Glen Burnie, replacing the Odenton address. No Illinois office is published. (researched and checked 2026-09-24)",Acxion Foodservice contact page,https://www.acxion.com/contact
ADA,"1259 S Cedar Crest Blvd, Suite 100",ALLENTOWN,PA,18103,true,"Advanced Dermatology Associates, Ltd. (Allentown PA): The physician's NPI practice location is Advanced Dermatology Associates, Ltd. at 1259 S Cedar Crest Blvd Ste 100, Allentown. The published Chicago address belongs to an unrelated 'ADA'. (researched and checked 2026-09-24)",CMS NPI Registry (physician and practice),https://npiregistry.cms.hhs.gov/api/?version=2.1&organization_name=advanced%20dermatology%20associates*&state=PA&limit=20
ADDITION MANAGEMENT LLC,469 Seventh Avenue,NEW YORK,NY,10018,true,"Addition Management LLC (accounting/finance recruiting firm): The street is right, but 469 Seventh Avenue is in ZIP 10018, not 10022. The firm's own site names New York and Tampa offices without streets, so this rests on a directory. (researched and checked 2026-09-24)","TapTalent agency profile (firm site lists only New York, NY and Tampa, FL)",https://taptalent.ai/recruitment-agencies/addition-management-recruitment-agency-profile/
ADELPHI CAPITAL,,,,,true,"INVALID: ambiguous: This is a retired donor's previous employer. Candidates are Adelphi Capital LLP (London hedge fund, now a family office), Adelphi Capital Partners (Philadelphia PE) and an Adelphi Capital in Washington DC, with no evidence tying the donor to any of them. (researched and checked 2026-09-24)",No decisive source,
ADELPHI DATA INC,,MCLEAN,VA,22101,true,"Home-based business, town only: The startup's only filed address (SEC Form D) is on a residential street in McLean, and LinkedIn gives only 'New York, NY'. No public office exists. (researched and checked 2026-09-24)","SEC EDGAR filer record (Form D, Sep 2025)",https://data.sec.gov/submissions/CIK0002085885.json
ADH,"1907 Highway 35, Suite 1",OAKHURST,NJ,07755,true,"Allied Digestive Health - Shore Gastroenterology Associates (Oakhurst office): The published Little Rock address is the Arkansas Dept of Health, which is wrong. The donor is an ADH gastroenterologist at its Shore Gastroenterology Associates office, 1907 Highway 35 Suite 1, Oakhurst (per her ADH provider page and NPI). (researched and checked 2026-09-24)",Allied Digestive Health provider page; CMS NPI record,https://adhgi.com/providers/penny-s-turtel-md-facg-facp/
ADT,1501 Yamato Road,BOCA RATON,FL,33431,true,"ADT Inc. (corporate HQ): The HQ is right, but ADT's SEC business address is 1501 Yamato Road, Boca Raton 33431, without the published 'Ste 100'. (researched and checked 2026-09-24)",SEC EDGAR filer record for ADT Inc.,https://data.sec.gov/submissions/CIK0001703056.json
ADVANCED MEDICAL TRANSPORT,1718 North Sterling Ave.,PEORIA,IL,61604,true,"Advanced Medical Transport of Central Illinois (nonprofit EMS, Peoria): The donor is AMT's longtime CEO. The official site lists 1718 North Sterling Ave., Peoria, and the published Miramar FL address belongs to an unrelated Florida company. (researched and checked 2026-09-24)",AMT official website,https://amtci.org/
ADVANCED NUTRITION,"8687 Melrose Ave, Suite G320",WEST HOLLYWOOD,CA,90069,true,"Advanced Nutrients (hydroponic fertilizer company): The occupation 'fertilizer' and the LA filing point to Advanced Nutrients, whose head office is 8687 Melrose Ave Suite G320, West Hollywood. The published Virginia Beach address is an unrelated nutrition practice. (researched and checked 2026-09-24)",Advanced Nutrients contact page,https://www.advancednutrients.com/contact/
ADVECTION GROWTH CAPITAL,320 Park Avenue,NEW YORK,NY,10022,true,"Advection Growth Capital LLC (merchant bank): The donor is listed as a partner on the firm's team page. The contact page gives 320 Park Avenue, New York, NY 10022 with no floor, so the published FL 22 cannot be confirmed. (researched and checked 2026-09-24)",Advection Growth Capital contact page,https://www.advectioncap.com/contact
ADVENTIST,10123 SE Market Street,PORTLAND,OR,97216,true,"Adventist Health Portland (medical center): The physician's NPI lists 10123 SE Market St, Portland, which is Adventist Health Portland. The published Silver Spring MD address is the Seventh-day Adventist church HQ. (researched and checked 2026-09-24)",Adventist Health Portland location page; CMS NPI record,https://www.adventisthealth.org/portland/locations/adventist-health-portland/
ADVISOR PERSPECTIVES INC,"225 Liberty St, Suite 2310",NEW YORK,NY,10281,true,"VettaFi LLC (owner of Advisor Perspectives): Advisor Perspectives is now part of VettaFi. Its contact page gives VettaFi LLC, 225 Liberty St, Suite 2310, NY 10281, matching the published address. (researched and checked 2026-09-24)",Advisor Perspectives contact page,https://www.advisorperspectives.com/contact
ADVOCATE LLP,"805 3rd Ave, Room 2030",NEW YORK,NY,10022,true,"Advocate, LLP (law firm): The NY attorney registry lists the donor's employer as Advocate, LLP at 805 3rd Ave Rm 2030, New York 10022, the same office as its other attorneys. (researched and checked 2026-09-24)",NY OCA attorney registration via OpenData NY,https://opendatany.com/attorney.php?id=2673549
AEIG,"2250 Chapel Avenue West, Suite 200",CHERRY HILL,NJ,08002,true,"American European Insurance Group, Inc.: AEIG's contact page gives 2250 Chapel Avenue West, Suite 200, Cherry Hill. It says it also has a New York office but publishes only a Hicksville PO box for it. (researched and checked 2026-09-24)",AEIG contact page,https://www.aeiginsurance.com/contact/
AEPI FOUNDATION,"8910 Purdue Rd, Suite 730",INDIANAPOLIS,IN,46268,true,"Alpha Epsilon Pi Foundation Inc: GuideStar (from IRS data) gives the Foundation's main and physical address as 8910 Purdue Rd Ste 730, and lists the fraternity there too. The old 8815 Wesleyan Rd building is shown only as a secondary address. (researched and checked 2026-09-24)",GuideStar/Candid profile EIN 13-6141078,https://www.guidestar.org/profile/13-6141078
AEROSTRAT,"999 3rd Ave, Suite 700",SEATTLE,WA,98104,true,"Aerostrat Corp. (aircraft maintenance planning software; acquired by AAR in 2025): The donor appears on Aerostrat's team page (previous employer of a retired donor). The company site lists 999 3rd Ave, Suite 700, Seattle. (researched and checked 2026-09-24)",Aerostrat Software contact/about pages,https://aerostratsoftware.com/contact/
AFFILIATED ANESTHESIOLOGISTS,36475 5 Mile Rd,LIVONIA,MI,48154,true,"Affiliated Anesthesiologists PC (Livonia MI anesthesia group): This is a hospital-based group located at the Livonia hospital campus (36475 Five Mile Rd). The NPI record was last updated in 2008, so the group may no longer be active, and confidence is moderate. The published Oklahoma City group is unrelated to this retired Michigan donor. (researched and checked 2026-09-24)",CMS NPI Registry (organisation NPI 1316056914),https://npiregistry.cms.hhs.gov/api/?version=2.1&organization_name=affiliated%20anesthesi*&state=MI&limit=20
AFFILIATED DERM,"182 South Street, Suites 1 & 3",MORRISTOWN,NJ,07960,true,"Affiliated Dermatologists and Dermatologic Surgeons (now Epiphany Dermatology), Morristown NJ: The donor is a Morristown NJ dermatologist with Affiliated Dermatologists, which is now part of Epiphany Dermatology at 182 South St. The published Scottsdale AZ 'Affiliated Dermatology' is a different company. (researched and checked 2026-09-24)",Epiphany Dermatology Morristown location page,https://www.epiphanydermatology.com/location/morristown-nj/
AFIPO,"122 East 42nd Street, Suite 4507",NEW YORK,NY,10168,true,"American Friends of the Israel Philharmonic Orchestra: AFIPO's own site gives its only (national) office as 122 E 42nd St Suite 4507, which matches the published address; the donor is its former CEO. (researched and checked 2026-09-24)",AFIPO About page,https://afipo.org/about-afipo/
AGDS,13610 1st Ave S,BURIEN,WA,98168,true,Aesthetic and General Dermatology of Seattle (Dermatology of Seattle & Bellevue): AGDS is the donor's Burien dermatology practice (Aesthetic and General Dermatology of Seattle). The published Bemidji MN address belongs to an unrelated company. (researched and checked 2026-09-24),Dermatology of Seattle official site,https://dermatologyseattle.com/
AGP,"2995 Woodside Road, Ste 400-133",WOODSIDE,CA,94062,true,"Asymmetric Growth Partners: The donor is Managing Partner (GP) of Asymmetric Growth Partners, a small Woodside CA private-investment firm. The published Omaha address is Ag Processing Inc, an unrelated company. (researched and checked 2026-09-24)",LinkedIn company page,https://www.linkedin.com/company/asymmetric-growth-partners
AHARONI LAW,"9440 Santa Monica Blvd, Suite 301",BEVERLY HILLS,CA,90210,true,"Aharoni Law Firm (Los Angeles office): The donor is NY-based, but the firm's NY listing is a unit in a residential building on Central Park West and is withheld. Beverly Hills (and Miami, 1395 Brickell Ave Ste 800) are executive-suite offices the firm publishes itself. (researched and checked 2026-09-24)",Aharoni Law Firm contact page,https://aharonilaw.com/contact-us/
AI EDUCATION LLC,9309 N. Florida Ave.,TAMPA,FL,33612,true,"AI Education, LLC (owner of American Institute career schools): The school catalog says American Institute is owned by AI Education, LLC at 9309 N. Florida Ave, Tampa, which matches the published address. The campuses are in NJ and CT only. (researched and checked 2026-09-24)",American Institute student catalog (PDF),https://www.americaninstitute.edu/wp-content/uploads/American-Institute-Catalog-V1.3web.pdf
AIQ,,,,,true,"INVALID: ambiguous: The NY donor's work history includes ActionIQ, often shortened to AIQ, which has since been folded into Uniphore. The published Broomfield CO private mailbox belongs to a different AIQ, and nothing confirms which one the 2022 filing meant. (researched and checked 2026-09-24)",Uniphore contact page; donor's professional profile summaries,https://www.uniphore.com/contact/
AJA,5200 Northland Drive,ATLANTA,GA,30342,true,"Atlanta Jewish Academy: The donor is the college counselor at Atlanta Jewish Academy. The published Grass Valley CA address is AJA Video Systems, an unrelated company. (researched and checked 2026-09-24)",Atlanta Jewish Academy official site,https://www.atljewishacademy.org/
AKF PROPERTIES,,SANTA MONICA,CA,90403,true,"Home-based business, town only: This is the owner's one-person real-estate corporation, registered at a residential Santa Monica address. The published Macungie PA address is unrelated. (researched and checked 2026-09-24)",California SOS filing data via bizprofile.net,https://www.bizprofile.net/ca/santa-monica/adeena-karsseboom-fitterman-properties
ALASKA IMAGING ASSOCIATES,"2751 DeBarr Road, Suite 360",ANCHORAGE,AK,99508,true,"Alaska Imaging Associates, LLC (Alaska Imaging): The donor is listed on Alaska Imaging's radiologist team page. The practice's own contact page gives 2751 DeBarr Rd Suite 360, not the published Providence Dr address. (researched and checked 2026-09-24)",Alaska Imaging contact page,https://www.alaskaimaging.com/contact/
ALCHEMIST,,,,,true,"INVALID: not_found: The venture studio's site lists only an email address and no office. The published Miami private-mailbox address is not tied to it, and the only Florida 'Alchemist Ventures LLC' on the state register is an inactive entity with other managers. (researched and checked 2026-09-24)",Alchemist Ventures website,https://www.alchemistventures.com/
ALCO PRODUCTS,4921 Wyaconda Road,NORTH BETHESDA,MD,20852,true,"Alco Products Inc. (exterior remodeling, DC/MD/VA): A Bethesda remodeling and marketing donor fits Alco Products Inc., the North Bethesda exterior remodeler. The published Detroit address is ALCO Products LLC, a roofing-materials maker. (researched and checked 2026-09-24)",Alco Products Inc. contact page,https://www.alcoproductsinc.com/contact-us
ALISHA LEVIN MEMORIAL FUND,"1835 Market Street, Suite 2410",PHILADELPHIA,PA,19103,true,"Alisha C. Levin Memorial Fund (administered at the Philadelphia Foundation): Directory listings put the fund at 1835 Market St Suite 2410, which is the Philadelphia Foundation's current office per its own contact page. (researched and checked 2026-09-24)",Philadelphia Foundation contact page,https://www.philafound.org/contact/
ALISTAR RESOURCES,41 Notre Dame Lane,UTICA,NY,13502,true,"Alistar Resources, LLC: This private-equity firm, run by the donor as CEO, is registered and listed at 41 Notre Dame Lane, a multi-tenant commercial building in Utica, which matches the published address. (researched and checked 2026-09-24)",NY Department of State entity record (DOS ID 4160075); Zolidar profile,https://zolidar.com/grid/organization/alistar-resources-capitalprovider-clS78c
ALIYA HEALTH GROUP,1590 S. Congress Avenue,WEST PALM BEACH,FL,33406,true,"Aliya Health Group: The company gives its headquarters as 1590 S Congress Ave, West Palm Beach 33406, the same street as published but with the city it uses. Its press releases carry a Pittsburgh dateline, but no Pittsburgh office address is published. (researched and checked 2026-09-24)",LinkedIn company page,https://www.linkedin.com/company/aliya-health-group
ALJ REGIONAL,"244 Madison Avenue, PMB #358",NEW YORK,NY,10016,true,"ALJ Regional Holdings, Inc.: SEC EDGAR lists ALJ Regional Holdings' business and mailing address as 244 Madison Ave PMB #358, which matches. The company deregistered in 2022, and the donor was its chairman and CEO. (researched and checked 2026-09-24)",SEC EDGAR company record (CIK 1438731),https://www.sec.gov/cgi-bin/browse-edgar?action=getcompany&CIK=0001438731&type=&dateb=&owner=include&count=40
ALL PACKAGING CO,14806 E 33rd Place,AURORA,CO,80011,true,"All Packaging Company (Aurora, CO): The retired Colorado donor led All Packaging Company, a paperboard carton maker in Aurora CO. The published Lenexa KS address is wrong. (researched and checked 2026-09-24)",BBB business profile,https://www.bbb.org/us/co/aurora/profile/packaging-service/all-packaging-company-1296-6000497/
ALL POINT,"3435 Ocean Park Blvd., Suite 107-211",SANTA MONICA,CA,90405,true,"All Point Financial, Inc. (d/b/a APF Advisory Services): The donor is president of All Point Financial / APF Advisory Services in the LA area, whose site gives this Santa Monica address. The published Atlanta address is unrelated. (researched and checked 2026-09-24)",APF Advisory Services contact page,https://www.apfadvisory.com/contact
ALL SET HOSPITALITY LLC,"8630 Fenton Street, Plaza 5",SILVER SPRING,MD,20910,true,"All Set Restaurant & Bar (All Set Hospitality LLC): The restaurant is still operating at 8630 Fenton St in downtown Silver Spring, matching the published address (the site adds 'Plaza 5'). (researched and checked 2026-09-24)",All Set Restaurant & Bar official site,https://www.allsetrestaurant.com/
ALL STAR SPORTS,,,,,true,"INVALID: ambiguous: Missouri has many active 'All Star Sports' entities (e.g. All Star Sports 1980 LLC, All Star Sports and Fitness, All Star Sports Center LLC) and nothing ties the St. Louis owner to one of them. The published Florence SC business has no link. (researched and checked 2026-09-24)",Missouri SOS business entity search,https://bsd.sos.mo.gov/BusinessEntity/BESearch.aspx?SearchType=0
ALLADAPT IMMUNOTHERAPEUTICS,611 Santa Cruz Ave,MENLO PARK,CA,94025,true,"Alladapt Immunotherapeutics, Inc.: The company gives its headquarters as 611 Santa Cruz Ave, Menlo Park. The published 405 El Camino Real #611 is a mailbox-style address, and alladapt.com did not load, so the company may be winding down. (researched and checked 2026-09-24)",LinkedIn company page,https://www.linkedin.com/company/alladapt
ALLEGIANCE STAFFING,13704 24th St E,SUMNER,WA,98390,true,"Allegiance Staffing, Sumner WA branch: Allegiance Staffing runs a Sumner WA branch serving Sumner, Bellevue and nearby cities, which matches both WA donors, instead of the published Spring TX address. (researched and checked 2026-09-24)",Allegiance Staffing locations page,https://www.allegiancestaffing.com/agency-locations/
ALLEGIANTMD,"20 Burton Hills Blvd, Suite 300",NASHVILLE,TN,37215,true,"AllegiantMD (radiology group acquired by Sheridan/Envision in 2016), now Envision Healthcare: AllegiantMD, a physician-owned Florida radiology group, was absorbed into Envision. The published address is Envision's current headquarters, which fits the parent-company policy for this retired donor. (researched and checked 2026-09-24)",Envision Healthcare contact page,https://www.envisionhealth.com/contact
ALLEN DEV,,,,,true,"INVALID: not_found: The employer looks like the retired Columbus donor's own family development firm. No public record links it to the published Pasadena CA office, and the Ohio business registry was down for maintenance. (researched and checked 2026-09-24)",,
ALLIANCE BERNSTEIN,501 Commerce Street,NASHVILLE,TN,37203,true,"AllianceBernstein: AB's contact page lists 501 Commerce St, Nashville as global headquarters. Headquarters is the right choice because the two donors are in different metros (Austin, and Harrison NY). (researched and checked 2026-09-24)",AllianceBernstein contact page,https://www.alliancebernstein.com/corporate/en/contact-us.html
ALLIANT INSURANCE SERVICES,"18100 Von Karman Ave., 10th Floor",IRVINE,CA,92612,true,"Alliant Insurance Services: The donors are in different metros (Highland Park IL and North Bethesda MD), so the Irvine headquarters is given instead of the published San Diego branch, which has also moved from Suite 400 to the 6th floor. (researched and checked 2026-09-24)",Alliant office locations page,https://alliant.com/about/office-locations/
ALPA,"7950 Jones Branch Drive, Suite 400S",MCLEAN,VA,22102,true,"Air Line Pilots Association, International: ALPA's own offices page gives its headquarters as 7950 Jones Branch Dr Suite 400S, McLean, which matches; this is the DC-area HQ for a Bethesda-based lawyer. (researched and checked 2026-09-24)",ALPA Contact ALPA Offices page,https://www.alpa.org/about/contact-alpa-offices
ALPAC,,,,,true,"INVALID: not_found: No organisation called ALPAC could be tied to this retired Houston donor. The published Ann Arbor address looks residential and has no source, so it should not be published. (researched and checked 2026-09-24)",,
ALPHA EPSILON PI FRATERNITY FOUNDATION,"8910 Purdue Road, Suite 730",INDIANAPOLIS,IN,46268,true,"Alpha Epsilon Pi Foundation, Inc.: The foundation's latest Form 990 gives its address as 8910 Purdue Road, Suite 730, Indianapolis. The preserved Los Angeles Pico Blvd address is wrong. (researched and checked 2026-09-24)",IRS Form 990 (FY ending May 2025) via ProPublica Nonprofit Explorer,https://projects.propublica.org/nonprofits/organizations/136141078/202601889349300610/full
ALTER TRADING,4500 W. Bethany Rd,NORTH LITTLE ROCK,AR,72117,true,"Alter Trading Corporation, North Little Rock AR facility: Alter (headquarters 700 Office Parkway, St. Louis) has a North Little Rock facility, which is the office in the Little Rock trader's metro. (researched and checked 2026-09-24)",Alter Trading locations page,https://www.altertrading.com/#/locations
ALTRIA,6601 West Broad Street,RICHMOND,VA,23230,true,"Altria Group, Inc.: Altria's contact page confirms the Richmond headquarters address. No Massachusetts office exists for the Needham-based government-affairs donor. (researched and checked 2026-09-24)",Altria contact page,https://www.altria.com/contact-us
ALUMNI VENTURES,"670 N. Commercial Street, Suite 403",MANCHESTER,NH,03101,true,"Alumni Ventures: Alumni Ventures' site footer gives 670 N. Commercial St, Suite 403, Manchester NH, matching the published address. (researched and checked 2026-09-24)",Alumni Ventures official site,https://www.av.vc/
ALZHEIMER'S ASSOCIATION,"100 W. Cypress Creek Rd., Suite 1046",FORT LAUDERDALE,FL,33309,true,"Alzheimer's Association, Southeast Florida Chapter: The Hallandale Beach donor falls within the Southeast Florida Chapter, headquartered in Fort Lauderdale. The national headquarters at 225 N Michigan Ave Fl 17, Chicago, is also confirmed on the same page. (researched and checked 2026-09-24)",Alzheimer's Association Southeast Florida Chapter about page,https://www.alz.org/seflorida/about
AMERICAN BANKERS ASSOCIATION,1333 New Hampshire Ave NW,WASHINGTON,DC,20036,true,American Bankers Association: ABA's current headquarters is 1333 New Hampshire Ave NW. The published 1120 Connecticut Ave NW is its former building. (researched and checked 2026-09-24),ABA Banking Journal site footer,https://bankingjournal.aba.com/
AMERICAN COMB CORP,22 Kentucky Ave,PATERSON,NJ,07503,true,"American Comb (family-owned comb manufacturer): American Comb's site gives its headquarters as 22 Kentucky Ave, Paterson NJ, in the NYC metro, which matches the published address. (researched and checked 2026-09-24)",American Comb official site,https://www.americancomb.com/
AMERICAN FIRE RESTORATION LLC,71-02 80th Street,GLENDALE,NY,11385,true,"American Fire Restoration, LLC: The active NY LLC (formed 2000, Queens) has 71-02 80th St, Glendale as its registered service-of-process address, which matches. This is lower confidence because no other office is published and the company domain is for sale. (researched and checked 2026-09-24)",NY Department of State entity record (DOS ID 2507026),https://apps.dos.ny.gov/publicInquiry/
AMERICAN HOSPITAL ASSOCIATION,"800 10th Street, NW, Two CityCenter, Suite 400",WASHINGTON,DC,20001,true,"American Hospital Association, Washington DC office: AHA's Washington office is the nearest AHA office for this Maryland-based attorney. Suite 400 belongs to the DC office; the contact page gives the Chicago headquarters as just 155 N. Wacker Dr. (researched and checked 2026-09-24)",AHA contact page,https://www.aha.org/contact-us
AMERICAN INDUSTRIAL PARTNERS,"450 Lexington Ave, 40th Floor",NEW YORK,NY,10017,true,"American Industrial Partners: AIP's site and Wikipedia both give 450 Lexington Ave, 40th Floor as its New York headquarters, not the published 712 Fifth Ave, and no other office is listed. (researched and checked 2026-09-24)",American Industrial Partners official site,https://www.americanindustrial.com/
AMERICAN JEWISH MEDICAL ASSOCIATION,,,,,true,"INVALID: not_found: The published 2108 N St Ste N Sacramento is the Northwest Registered Agent mail address on the IRS record (c/o the founder), not an office; the website gives only an email, directories show a Fairfax VA PO Box, and no physical office is public. (researched and checked 2026-09-24)",ProPublica Nonprofit Explorer (IRS BMF) + theajma.org,https://projects.propublica.org/nonprofits/organizations/934844109
AMERICAN TECHNION SOCIETY,55 East 59th Street,New York,NY,10022,true,"American Technion Society (national headquarters): ATS now lists its national office at 55 East 59th Street, so 600 Third Ave is out of date; donors are a national development officer and a Southern California regional director (Beverly Hills office at 501 S Beverly Dr Ste 200). (researched and checked 2026-09-24)",ats.org New York location page,https://ats.org/location/new-york/
AMERICAN TECHNOLOGY SERVICES,"250 Broadway, Suite 610",New York,NY,10007,true,"American Technology Services, LLC (New York office): ATS has offices in New York, Fairfax VA and Atlanta; the Queens-based president fits the New York office better than the published Fairfax office. (researched and checked 2026-09-24)",networkats.com contact page,https://networkats.com/support/contact/
AMG,"100 Glenborough Dr, Suite 1000",Houston,TX,77067,true,"AMG Texas Capital (Houston commercial real estate lender): The Houston management donor is AMG Texas Capital's listed contact (same Glenborough Tower suite as his other employer, VSC Management); the West Palm Beach address belongs to Affiliated Managers Group, a different company. (researched and checked 2026-09-24)",amgtexascapital.com contact,https://amgtexascapital.com/
AMHERST,"401 Congress Ave, 33rd Floor",Austin,TX,78701,true,"The Amherst Group LLC (headquarters): The donor is litigation counsel at The Amherst Group; Amherst has no Charlotte office (only Austin and New York), so the Austin Frost Bank Tower headquarters is right. (researched and checked 2026-09-24)",amherst.com contact page,https://www.amherst.com/contact/
AMITAY CONSULTING,"444 North Capitol Street NW, Suite 345",Washington,DC,20001,true,"Amitay Consulting, LLC: The firm's site footer lists Suite 345, matching the published address; the body of the same page still says Suite 203, but the building and ZIP are the same. (researched and checked 2026-09-24)",amitayconsulting.com contact page,http://amitayconsulting.com/contact-us/
AMLON RESOURCES GROUP,"10 East 40th Street, Suite 3802",New York,NY,10016,true,"The Amlon Group / Amlon Resources Group LLC (New York office): Amlon Resources Group's New York office is at 10 E 40th St Ste 3802, which fits the NJ-based CEO; a 2022 press release says the parent Amlon Group is headquartered in Plano TX. (researched and checked 2026-09-24)",ScrapMonster company directory (Amlon Group NYC),https://www.scrapmonster.com/company/amlon-group-nyc/144618
AMPERON,"2000 Crawford St., Suite 1300",Houston,TX,77002,true,"Amperon (Amperon Holdings, Inc.): Amperon's only listed office is its Houston headquarters; the Seattle partnerships director has no local office. (researched and checked 2026-09-24)",NAEMA new member listing,https://naema.com/new-member-amperon/
AMPERSAND INC,"151 West 42nd Street, 11th Floor",New York,NY,10036,true,"Ampersand (National Cable Communications LLC dba Ampersand, TV advertising): The NYC Salesforce manager works for Ampersand, the TV-advertising company (ampersand.tv, Salesforce and ad-tech operations role), not Ampersand, Inc. of Waukesha WI, a deposit and treasury firm. (researched and checked 2026-09-24)",ampersand.tv terms of service,https://www.ampersand.tv/terms-of-service
ANCHORAGE CAPITAL ADVISORS,"610 Broadway, 6th Floor",New York,NY,10012,true,"Anchorage Capital Advisors, L.P.: The firm's official site lists its New York office at 610 Broadway, 6th Floor; 601 Lexington Ave 44th Floor is out of date. (researched and checked 2026-09-24)",anchoragecapital.com footer,https://anchoragecapital.com/
ANDURIL INDUSTRIES,909 E St NW,Washington,DC,20004,true,"Anduril Industries, Inc. (Washington DC office): The software engineer files from Washington DC, where Anduril has offices on floors 5-6 of 909 E St NW; the published 1560 Sherman Ave Santa Monica is not an Anduril address (HQ is 1400 Anduril, Costa Mesa CA 92626). (researched and checked 2026-09-24)",ADI Construction project page (Anduril DC office); HQ confirmed via LDA registrant record,https://adigc.com/projects/anduril/
ANGIOLOGY CORPORATION OF AMERICA,,Joelton,TN,37080,true,"Home-based business, town only: The company's site lists a Joelton TN street address that is exactly the CEO's own 2025 FEC filing address (BBB still shows an older Nashville office), so the street is withheld as probably home-based. (researched and checked 2026-09-24)",angioscreen.com contact footer,https://www.angioscreen.com/
ANNEX VENTURES,,Dallas,TX,75230,true,"Home-based business, town only: The Texas company's public address is the donor's own residential filing address, so the street is withheld. The published Los Altos address belongs to the unrelated California Annex Ventures. (researched and checked 2026-09-24)",OpenCorporates (Texas SOS record 0800014340) via search; FEC filing address match,https://opencorporates.com/companies/us_tx/0800014340
ANTARES CAPITAL CORP,,Merritt Island,FL,32952,true,"Home-based business, town only: The Miami venture-capital partner works for the small Florida VC firm Antares Capital Corporation, not the Chicago private-credit lender Antares Capital LP; its registered principal address is an individual officer's address with a PO Box, so the street is withheld. (researched and checked 2026-09-24)",Florida Division of Corporations (Sunbiz),https://search.sunbiz.org/Inquiry/CorporationSearch/SearchResults?inquiryType=EntityName&searchNameOrder=ANTARESCAPITAL&searchTerm=ANTARES%20CAPITAL
AOPA,421 Aviation Way,Frederick,MD,21701,true,"Aircraft Owners and Pilots Association (and AOPA Foundation): The former fundraiser worked for AOPA and its foundation, both headquartered at 421 Aviation Way in Frederick. (researched and checked 2026-09-24)",aopa.org footer,https://www.aopa.org/about/contact-us
APPLIED MATERIALS,3050 Bowers Ave,Santa Clara,CA,95054,true,"Applied Materials, Inc. (headquarters): SEC filings confirm the Santa Clara headquarters; no Applied Materials office in Rochester NY could be confirmed, so HQ applies. (researched and checked 2026-09-24)",SEC EDGAR company record,https://www.sec.gov/cgi-bin/browse-edgar?action=getcompany&CIK=0000006951
ARCADIA IBI GROUP,"333 South Hope Street, Suite C-200",Los Angeles,CA,90071,true,"Arcadis (formerly Arcadis IBI Group / IBI Group) - Los Angeles office: Arcadia IBI Group is Arcadis IBI Group, now Arcadis. The West Hills CA designer fits the Arcadis Los Angeles office, not the Raleigh address. (researched and checked 2026-09-24)",AIA Los Angeles - Meet the Practice: Arcadis (event at Arcadis LA office),https://www.aialosangeles.org/event/meet-the-practice-arcadis/
AREAS,,,,,true,"INVALID: not_found: Identified as AREAS LLC (areasllc.com). Its site lists no office address, only a 916 phone. The published Miami address is Areas USA, the airport food-and-beverage operator, which is a different company. Remove it. (researched and checked 2026-09-24)",AREAS LLC team page,https://areasllc.com/stewart-kaye
ARENTFOX SCHIFF,"1301 Avenue of the Americas, 42nd Floor",New York,NY,10019,true,"ArentFox Schiff LLP (New York office): '1301 K St NW' is not a real ArentFox address (the DC office is 1717 K Street NW); most donors are in New York, so the New York office is used (LA office: 555 South Flower St, 43rd Floor). (researched and checked 2026-09-24)",afslaw.com New York office page,https://www.afslaw.com/offices/new-york
ARNOLD & PORTER,"601 Massachusetts Ave, NW",Washington,DC,20001,true,"Arnold & Porter Kaye Scholer LLP (Washington DC headquarters): The DC headquarters is right; donors split between DC-area and NY-area homes (NY office: 250 West 55th Street, 10019). (researched and checked 2026-09-24)",arnoldporter.com DC office page,https://www.arnoldporter.com/en/offices/washington-dc
ART FLAG,,,,,true,"INVALID: not_found: Art Flag Co. Inc., a retiree's former employer, was voluntarily dissolved in 2021, and the published Edgewater NJ street is the former officer's personal unit address, so it must be removed. (researched and checked 2026-09-24)",NY Department of State corporation database (DOS ID 132577),https://apps.dos.ny.gov/publicInquiry/
ART OF LIVING FOUNDATION,2401 15th St NW #7,Washington,DC,20009,true,"Art of Living Foundation (Washington DC center): 2401 15th St NW #7 is the foundation's current DC center; it has no Florida office, and its IRS address is a Walnut Creek CA accountant (care-of), not an office. (researched and checked 2026-09-24)",dc.artofliving.org about page,https://dc.artofliving.org/about/
ARTISAN PARTNERS,"875 E. Wisconsin Avenue, Suite 800",Milwaukee,WI,53202,true,"Artisan Partners (headquarters): The Milwaukee HQ is right; Artisan's Form ADV lists four separate Manhattan team offices, and none is identified as the institutional sales office, so HQ is kept. (researched and checked 2026-09-24)",artisanpartners.com contact page (also SEC EDGAR),https://www.artisanpartners.com/contact-us.html
ASCENT PARTNERS,,,,,true,"INVALID: not_found: The published Aventura address belongs to Ascent Partners Fund LLC, a Florida fund voluntarily dissolved in March 2025 and unrelated to the Charlotte project manager; the right firm could not be identified. (researched and checked 2026-09-24)",Florida Division of Corporations (Sunbiz),https://search.sunbiz.org/Inquiry/CorporationSearch/SearchResults?inquiryType=EntityName&searchNameOrder=ASCENTPARTNERS&searchTerm=ASCENT%20PARTNERS
ASIAQUEST JOURNEYS,,Washington,DC,20007,true,"Home-based business, town only: This small tour operator's website gives no office address (only a 202 phone); its only public street is the LLC's filing address on a residential Georgetown block, so the street is withheld. (researched and checked 2026-09-24)",NY Department of State record (DOS ID 7304462) + asiaquestjourneys.com,https://apps.dos.ny.gov/publicInquiry/
ASRC FEDERAL,"11091 Sunset Hills Road, Suite 800",Reston,VA,20190,true,"ASRC Federal Holding Company (headquarters): The company's site lists its Reston headquarters, which is in the same DC metro area as the Maryland data analyst. (researched and checked 2026-09-24)",asrcfederal.com contact page,https://www.asrcfederal.com/contact
ASSURED INVESTMENT MANAGEMENT,"375 Park Avenue, 34th Floor",New York,NY,10152,true,"Assured Investment Management LLC (now Sound Point Luna LLC, SEC CRD 128132): Assured Investment Management (formerly BlueMountain) has been renamed Sound Point Luna LLC, whose 2026 Form ADV office is 375 Park Ave 34th Floor; the Lake Success address is not this firm. (researched and checked 2026-09-24)",SEC Investment Adviser Public Disclosure,https://adviserinfo.sec.gov/firm/summary/128132
ASURION,140 11th Ave. North,Nashville,TN,37203,true,"Asurion, LLC (headquarters): Asurion's official notices now give its headquarters as 140 11th Ave. North, Nashville, not 1101 Church St. (researched and checked 2026-09-24)",asurion.com privacy policy,https://www.asurion.com/privacy-policy/
AT HOME,,,,,true,"INVALID: generic_no_office: 'At home' is a homemaker/retiree status (occupations HOUSEWIFE/RETIRED), not the At Home retail chain, so no address should be published. (researched and checked 2026-09-24)",,
ATCO,"333 Texas Street, Suite 2300",Shreveport,LA,71101,true,"Atco Investment Co. (Shreveport asset management: oil & gas, timberland): Atco Investment Co. is the Shreveport investment firm the owner/manager runs, with its office in the 333 Texas Street tower. The published Spring TX suite belongs to an unrelated ATCO. (researched and checked 2026-09-24)",Greater Shreveport Chamber member directory - Atco Investment Co.,https://web.shreveportchamber.org/directory/results/directions.aspx?listingid=166
ATHENE,7700 Mills Civic Parkway,West Des Moines,IA,50266,true,"Athene Holding Ltd. / Athene Annuity (US headquarters): Athene lists only its West Des Moines headquarters and no Los Angeles office, so HQ is right for the LA-based legal SVP. (researched and checked 2026-09-24)",athene.com contact page (also SEC EDGAR),https://www.athene.com/contact-us
ATHENS INSURANCE SERVICES INC,2552 Stanwell Drive,Concord,CA,94520,true,"Athens Administrators (Athens Insurance Service, Inc.) - corporate headquarters: The retired claims specialist worked for Athens, a claims administrator with no Pennsylvania office (only CA, FL, HI, NV and TX), so the Concord HQ is right. (researched and checked 2026-09-24)",athensadmin.com contact page,https://www.athensadmin.com/contact
ATLANTIC ENT,"1301 S. International Pkwy, 2nd Floor, Suite 2011",Lake Mary,FL,32746,true,"Atlantic Ear, Nose & Throat (Central Florida ENT practice) - Lake Mary office: The Orlando physician practices at Atlantic Ear, Nose & Throat, whose patient reviews name him at its Lake Mary office; the Toms River NJ address is an unrelated practice. (researched and checked 2026-09-24)",atlanticent.com (site structured data and patient reviews),https://www.atlanticent.com/
AUDACIOUS,,,,,true,INVALID: ambiguous: The bare name 'Audacious' for a Riverwoods IL finance donor cannot be tied to the Baltimore Audacious Inquiry office in the published address or to any other firm. (researched and checked 2026-09-24),,
AUTUMN COMMUNICATIONS INC,,,,,true,"INVALID: ambiguous: The PR agency's leadership list does not include the self-described owner/president, and New York has only the agency's California LLC on file, so which company this is cannot be decided; the Beverly Hills address is unverified. (researched and checked 2026-09-24)",autumncommunications.com agency page,https://www.autumncommunications.com/the-agency
AVANTUS,"655 W Broadway, Suite 1550",San Diego,CA,92101,true,"Avantus (clean energy developer, headquarters): Avantus lists only its San Diego headquarters, which matches the published address; there is no New Orleans office. (researched and checked 2026-09-24)",avantus.com contact page,https://avantus.com/contact-us
AVOQ,"1201 NY Ave. NW, Suite 900",Washington,DC,20005,true,"Avoq, LLC (headquarters): The lobbying registration confirms the DC headquarters; a Chicago office is reported for the Chicago co-founder but could not be confirmed because avoq.com was unreachable. (researched and checked 2026-09-24)",LDA.gov lobbying registrant record (updated 2026-07-29),https://lda.gov/api/v1/registrants/?registrant_name=avoq
AWARD,,,,,true,"INVALID: not_found: 'Award' is a bare word carried over as a retiree's previous employer, and no specific organisation (or link to the published Philadelphia address) can be established. (researched and checked 2026-09-24)",,
AWS,410 Terry Avenue North,Seattle,WA,98109,true,"Amazon Web Services, Inc.: Both donors work for AWS (one in data center engineering operations, one a tech executive), and AWS's legal address is 410 Terry Avenue North, Seattle. (researched and checked 2026-09-24)",AWS Customer Agreement contracting-party table,https://aws.amazon.com/agreement/
AXA XL,"1600 Market Street, Suite 2050",PHILADELPHIA,PA,19103,true,"AXA XL (Philadelphia office): The donor is AXA XL's head of pricing analytics and is based in Voorhees NJ. AXA XL has two Philadelphia-metro offices (1600 Market St and 505 Eagleview Blvd, Exton), so the nearer Philadelphia office replaces the Stamford CT home office. (researched and checked 2026-09-24)",AXA XL office locator,https://axaxl.com/search/locations?country=united-states
AXCEL PARTNERS,,Stevenson,MD,21153,true,"Home-based business, town only: A single-principal investment partnership with no public office. The published Nacirema Ln street is residential, so it is withheld. The axcel.partners website belongs to an unrelated consultancy. (researched and checked 2026-09-24)",The iCenter team bio (Managing Member and founder of Axcel Partners),https://theicenter.org/our_team/bruce-sholk/
AXOGEN,"13631 Progress Blvd, Suite 400",ALACHUA,FL,32615,true,"Axogen, Inc.: The corporate HQ is confirmed. The official form adds Suite 400. Axogen also has a Tampa corporate campus, but there is no Georgia office. (researched and checked 2026-09-24)",Axogen contact page,https://www.axogeninc.com/contact/
BAIN & COMPANY,350 Boylston Street,BOSTON,MA,02116,true,"Bain & Company (Boston headquarters): Bain moved its Boston headquarters from 131 Dartmouth St to 350 Boylston St. The donors are spread across several metros (CA, TX, and one partner listed in Chicago), so the HQ is used. (researched and checked 2026-09-24)",Bain & Company Boston office page,https://www.bain.com/offices/boston/
BAIRD,777 East Wisconsin Avenue,MILWAUKEE,WI,53202,true,"Robert W. Baird & Co.: The Milwaukee HQ is confirmed; the official listing has no suite. The donors are split between the NY and Chicago metros, so the HQ is kept. (researched and checked 2026-09-24)",Baird business locations page,https://www.rwbaird.com/who-we-are/locations/
BALFOUR,4488 N Shallowford Rd,ATLANTA,GA,30338,true,BALFOUR (researched and checked 2026-09-24),Birdeye business listing,https://reviews.birdeye.com/balfour-residential-164593623260394
"BANK OF NEW YORK MELLON, NA","1735 Market Street, 8th Floor",PHILADELPHIA,PA,19103,true,"BNY (The Bank of New York Mellon) - Philadelphia office: The donor is a Philadelphia corporate-fiduciary officer. BNY has a Philadelphia office at BNY Mellon Center, so it replaces the 240 Greenwich St NYC global HQ. (researched and checked 2026-09-24)",BNY Wealth Philadelphia location page,https://www.bny.com/wealth/global/en/about-us/locations/philadelphia.html
BARNES & THORNBURG,11 S. Meridian Street,INDIANAPOLIS,IN,46204,true,"Barnes & Thornburg LLP (Indianapolis headquarters): The published 202 N Meridian St is wrong; the firm's HQ is 11 S Meridian St. The donors are spread across GA, IL, MN and TX offices, so the HQ is used. (researched and checked 2026-09-24)",Barnes & Thornburg locations page,https://btlaw.com/en/locations
"BARUCH COLLEGE, CITY UNIVERSITY OF NEW YORK",One Bernard Baruch Way,NEW YORK,NY,10010,true,"Baruch College, CUNY: Confirmed as the official address; it is also written as 55 Lexington Avenue at 24th St. (researched and checked 2026-09-24)",Baruch College contact page,https://www.baruch.cuny.edu/contact/
BAY CHILDREN'S MEDICAL GROUP (BCMG),"6425 Christie Avenue, Suite 220",EMERYVILLE,CA,94608,true,BayChildren's Medical Group (part of UCSF Benioff Children's Physicians): The official page gives BCMG's main office as 6425 Christie Ave Ste 220. An older NPI record from 2015 shows 6475 Christie Ave Ste 300. (researched and checked 2026-09-24),UCSF Benioff Children's Physicians - BCMG page,https://www.ubcp.org/ubcp/ubcp-baychildren-s-medical-group.aspx
BAYBERRY CARE CENTER,40 Keogh Lane,NEW ROCHELLE,NY,10805,true,Bayberry Care Center (skilled nursing facility): Confirmed on the facility's own contact page; the donors are its owners. (researched and checked 2026-09-24),Bayberry Care Center contact page,https://bayberrycarecenter.com/contact/
BAYER,800 North Lindbergh Blvd,St. Louis,MO,63167,true,"Bayer Crop Science (Bayer U.S., St. Louis / Creve Coeur campus): The University City MO software developer fits Bayer's St. Louis-area Crop Science headquarters campus better than the Whippany NJ US headquarters. (researched and checked 2026-09-24)",Texas Agriculture Council member listing - Bayer Crop Science LP,https://txagcouncil.org/bayer/
BEELINE MOBILITY,8110 7th Ave S,SEATTLE,WA,98108,true,"Beeline Mobility: Confirmed on the official page, which lists the donor as the company's Chief Growth Officer. No Pennsylvania office was found. (researched and checked 2026-09-24)",Beeline Mobility About Us page,https://beelinemobility.com/about-us/
BELKIN BURDEN GOLDMAN,"60 East 42nd Street, 16th Floor",NEW YORK,NY,10165,true,"Belkin Burden Goldman, LLP: The firm's only listed office is 60 E 42nd St; the published 476 5th Ave is not a current address. (researched and checked 2026-09-24)",Belkin Burden Goldman contact page,https://bbgllp.com/contact-us-real-estate-lawyers/
BERRY GLOBAL,101 Oakley Street,EVANSVILLE,IN,47710,true,"Berry Global Group, Inc. (acquired by Amcor, April 2025): The published 10100 Kincey Ave is not Berry's HQ. Berry's principal executive office is 101 Oakley St, Evansville, which remains a major Amcor site after the 2025 combination. (researched and checked 2026-09-24)",SEC EDGAR - Berry Global Form SD,https://www.sec.gov/Archives/edgar/data/1378992/000137899224000041/formsd.htm
BETHESDA SOFTWORKS,"1370 Piccard Drive, Suite 120",ROCKVILLE,MD,20850,true,"Bethesda Softworks LLC (ZeniMax Media / Microsoft): The official impressum lists Bethesda Softworks LLC at 1370 Piccard Drive, Rockville. BBB's ZeniMax listing shows Ste 120. The donor lives in the same DC metro. (researched and checked 2026-09-24)",ZeniMax Impressum (official),https://www.zenimax.com/en/legal/impressum
BITDEFENDER INC,"6301 NW 5th Way, Suite 4300",FORT LAUDERDALE,FL,33309,true,"Bitdefender Inc.: Fort Lauderdale is one of Bitdefender's two official US offices; the North America HQ is 111 W Houston St Ste 2105, San Antonio TX. No California office is listed for this San Francisco-based seller. (researched and checked 2026-09-24)",Bitdefender company page,https://www.bitdefender.com/en-us/company/
BLEAKLEY FINANCIAL GROUP,"300 Kimball Drive, Suite 310",PARSIPPANY,NJ,07054,true,"Bleakley Financial Group LLC (dba OnePoint BFG Wealth Partners): The firm now operates as OnePoint BFG and its HQ is 300 Kimball Dr (earlier 100 Passaic Ave, Fairfield). The published 9 Campus Dr is outdated. There is no Connecticut office; the donor's ADV lists a home office, which was not used. (researched and checked 2026-09-24)",OnePoint BFG Wealth Partners locations page,https://www.onepointbfg.com/locations
BLUMBERG CAPITAL,432 Bryant Street,SAN FRANCISCO,CA,94107,true,"Blumberg Capital (San Francisco headquarters): The published 580 California St is wrong; the HQ is 432 Bryant St. Donors are in NY and Miami. The firm also lists 575 Lexington Ave NY and a Sunny Isles Beach unit, but the HQ is used. (researched and checked 2026-09-24)",Blumberg Capital team page (office list),https://blumbergcapital.com/team/
BOSPAR,,,,,true,"INVALID: not_found: Bospar has been fully remote since it was founded and publishes city names only, with no street office. The published 260 California St Ste 450 could not be confirmed. (researched and checked 2026-09-24)",Bospar locations page,https://bospar.com/about-us/locations/
BOSTON BEER COMPANY,"One Design Center Place, Suite 850",BOSTON,MA,02210,true,"The Boston Beer Company, Inc.: The principal executive office is confirmed by 2026 SEC filings; the exact form adds Suite 850. There is no Kansas office, so the HQ is kept. (researched and checked 2026-09-24)",SEC EDGAR company record (business address),https://data.sec.gov/submissions/CIK0000949870.json
BRAINFUSE,271 Madison Avenue,NEW YORK,NY,10016,true,Brainfuse (online tutoring): Confirmed on the company's own contact page. (researched and checked 2026-09-24),Brainfuse contact page,https://www.brainfuse.com/company/contactus.asp
BRAVO,5-11 Saddle River Rd,Fair Lawn,NJ,07410,true,"Bravo Messenger Service (Fair Lawn NJ courier): The published 30 Hudson Yards is NBCUniversal's Bravo TV, the wrong company. The donor is a partner at Bravo Messenger Service, a North Jersey courier. Directories add Unit 4. (researched and checked 2026-09-24)",Bravo Messenger contact page (Wayback capture 2025),https://web.archive.org/web/2025/https://bravomessenger.com/contact
BRIDGE 360,,,,,true,"INVALID: ambiguous: Nothing links this retired Long Island advisor to Bridge360 of Austin, a software shop that MapQuest marks as closed. The bridge360.us trade/finance consultancy publishes no address, so neither candidate can be confirmed. (researched and checked 2026-09-24)",Bridge360 consultancy site,https://bridge360.us/
BRIDGE INVESTMENT GROUP,"6836 Carnegie Blvd, Suite 300",CHARLOTTE,NC,28211,true,"Bridge Investment Group (Charlotte office): The donor is in Charlotte, where Bridge has an office. The HQ is 111 E Sego Lily Dr Ste 400, Salt Lake City (Sandy) UT 84070. (researched and checked 2026-09-24)",Bridge Investment Group contact page,https://www.bridgeig.com/contact
BRIGADE CAPITAL MANAGEMENT,"399 Park Avenue, 16th Floor",NEW YORK,NY,10022,true,"Brigade Capital Management, LP: The published 437 Madison Ave is outdated; current SEC filings give 399 Park Ave, 16th Floor. (researched and checked 2026-09-24)","SEC EDGAR company record (business address, Aug 2026 filing)",https://data.sec.gov/submissions/CIK0001421306.json
BUILDING OWNERS AND MANAGERS ASSOCIATION,"700 South Flower, Suite 1000",LOS ANGELES,CA,90017,true,"BOMA Greater Los Angeles (BOMA/GLA): The donor is BOMA/GLA's Director of Government and Public Affairs, not a BOMA International employee. The DC address is BOMA International. (researched and checked 2026-09-24)",BOMA Greater Los Angeles contact page,https://www.bomagla.org/contact-us
C3 RISK & INSURANCE SERVICES,"404 Camino del Rio South, Suite 410",San Diego,CA,92108,true,"C3 Risk & Insurance Services (San Diego headquarters): The published Southlake TX address is wrong. C3 is headquartered in San Diego, where the donor lives. (researched and checked 2026-09-24)",AGC San Diego member directory - C3 Risk & Insurance Services,https://web.agcsd.org/atb/SERVICE-PROVIDERS-(AFFILIATE)-/C3-Risk-Insurance-Services-9669
CAPALINO,"233 Broadway, Suite 710",New York,NY,10279,true,"Capalino (Capalino+Company): Capalino is in the Woolworth Building, not 100 Church St. A search snippet gave Suite 850, but the directory pages show Suite 710. (researched and checked 2026-09-24)",City & State New York resource directory - Lobbying/Public Affairs,https://www.cityandstateny.com/resource-directory/lobbying-public-affairs/
CAPITAL ONE FINANCIAL,299 Park Avenue,NEW YORK,NY,10171,true,"Capital One (New York office): The donor is an investment banker on Long Island, so Capital One's Manhattan office fits better than the McLean VA HQ. FINRA lists Capital One Securities at the same address, 28th Floor. (researched and checked 2026-09-24)",Capital One Careers - New York locations,https://www.capitalonecareers.com/new-york/
CARYN GROEDEL & ASSOCIATES CO LPA,"31340 Solon Road, Suite 27",SOLON,OH,44139,true,"Caryn Groedel & Associates Co., LPA: The street number is 31340, not 31300. The firm writes its city as Cleveland, but ZIP 44139 is Solon. Its old groedel-law.com domain is now parked. (researched and checked 2026-09-24)",Caryn Groedel & Associates website,https://caryngroedellaw.com/
CASPER SLEEP,"196 Mercer Street, Ground Floor",NEW YORK,NY,10012,true,Casper Sleep Inc. (now part of Carpenter Co.): Casper left its 3 World Trade Center (175 Greenwich St) office. Its current terms and privacy policy give 196 Mercer St as the corporate contact address. (researched and checked 2026-09-24),Casper Terms of Service (contact section),https://casper.com/pages/terms
CASSIDY TURLEY,,,,,true,"INVALID: not_found: The firm stopped existing when DTZ completed its acquisition in January 2015, and it has no current office. The published DC address was also the wrong metro for these San Francisco donors. (researched and checked 2026-09-24)",Wikipedia - Cassidy Turley,https://en.wikipedia.org/wiki/Cassidy_Turley
CATALIS,"3025 Windward Plaza, Ste 200",ALPHARETTA,GA,30005,true,Catalis (government software; parent of TurboCourt): The donor is a TurboCourt/Catalis sales executive. The official US address matches the published one. (researched and checked 2026-09-24),Catalis website footer,https://catalisgov.com/
CAULIPOWER,,,,,true,"INVALID: not_found: The company lists only a virtual mailbox (7610 Beverly Blvd #480529, Los Angeles 90048). Older registry listings show 16200 Ventura Blvd Ste 400, Encino, and the published San Diego address could not be confirmed as an office. (researched and checked 2026-09-24)",CAULIPOWER LinkedIn company page,https://www.linkedin.com/company/caulipower
CBIZ,"5959 Rockside Woods Blvd N., Suite 600",INDEPENDENCE,OH,44131,true,"CBIZ, Inc. (headquarters): The published 6055 Rockside Woods Blvd Ste 200 is CBIZ's former HQ. The six donors are spread across NY, PA and CA, so the current HQ is used. (researched and checked 2026-09-24)","SEC EDGAR company record (business address, Sep 2026 filing)",https://data.sec.gov/submissions/CIK0000944148.json
CCG / ALTERITY CAPITAL,"1880 Lakeland Drive, Suite C",JACKSON,MS,39216,true,CCG / ALTERITY CAPITAL (researched and checked 2026-09-24),"SEC Form MA-A (municipal advisor registration, Jan 2024)",https://www.sec.gov/Archives/edgar/data/1616021/000161602124000002/xslFormMA_X01/primary_doc.xml
CEDAR,"32 6th Avenue, 18th Floor",NEW YORK,NY,10013,true,"Cedar Cares, Inc. (healthcare financial-experience platform): The donor is Cedar's VP of Product Marketing and works remotely from the DC area. The company's official address matches the published one. (researched and checked 2026-09-24)",Cedar website footer,https://www.cedar.com/
CEDAR REALTY,2529 Virginia Beach Blvd.,Virginia Beach,VA,23452,true,"Cedar Realty Trust, Inc. (wholly owned subsidiary of Wheeler REIT): Cedar moved its head office from Port Washington NY to Wheeler REIT's office after Wheeler bought it in 2022; the address we publish is its current office per its IR site and SEC filings. (researched and checked 2026-09-24)",Cedar Realty Trust investor relations - company information (also SEC EDGAR business address),https://ir.cedarrealtytrust.com/company-information
CENTENE,"Centene Plaza, 7700 Forsyth Boulevard",St. Louis,MO,63105,true,"Centene Corporation: Centene's global headquarters; the site gives no street address for California offices, so the headquarters is the best fit for a California clinical employee. (researched and checked 2026-09-24)",Centene contact page,https://www.centene.com/contact.html
CENTERBASE LLC,"8350 N. Central Expressway, Suite 1950",Dallas,TX,75206,true,"Centerbase, LLC (legal practice-management software): BBB lists Suite 1950, matching what we publish; the ALA directory shows the same building as Suite 1900 PMB #3266, which suggests part of the address is a mailbox; the donor works remotely for this Dallas firm. (researched and checked 2026-09-24)",BBB business profile,https://www.bbb.org/us/tx/dallas/profile/information-technology-services/centerbase-0875-90936050
CENTRA HEALTH,1920 Atherholt Road,Lynchburg,VA,24501,true,"Centra Health, Inc. (Lynchburg VA health system): The donor is confirmed as legal-services counsel at Centra Health; its corporate address is 1920 Atherholt Road, and no Centra site was found at 1401 Wicker Dr. (researched and checked 2026-09-24)",Lynchburg Regional Chamber member directory (BBB profile agrees),https://business.lynchburgregion.org/list/member/centra-300
CHABAD,,,,,true,"INVALID: generic_no_office: The three rabbis live in Utah, Texas and California and each works for a separately run local Chabad center, not the Brooklyn world headquarters, so 'Chabad' has no single meaningful office. (researched and checked 2026-09-24)",,
CHANNEL FACTORY,"17700 Castleton Street, Suite 406",City of Industry,CA,91748,true,Channel Factory (YouTube brand-safety / contextual video ad-tech): The official site lists this as corporate headquarters; no Florida office was found for the Latin America managing director. (researched and checked 2026-09-24),Channel Factory official contact page,https://www.channelfactory.com/contact-us
CHARLES & LYNN SCHUSTERMAN FAMILY PHILANTHROPIES,"110 West 7th Street, Suite 2000",Tulsa,OK,74119,true,"Charles and Lynn Schusterman Family Philanthropies (Foundation): The foundation has no Oklahoma City office; its headquarters is in Tulsa (LEI record last updated 2023; public mailing address PO Box 51, Tulsa); it has a DC office that would fit the Maryland-based president better, but no official street address is published (aggregators show 800 8th St NW, which is Hillel's building). (researched and checked 2026-09-24)",GLEIF LEI record (Bloomberg LEI) - headquarters address,https://lei.bloomberg.com/leis/view/549300FHRTFMWVDRET28
CHARLES RIVER ASSOCIATES,200 Clarendon Street,Boston,MA,02116,true,"Charles River Associates (CRA International): CRA's world headquarters; the site gives no floor, so '54th floor' could not be confirmed; there is no Connecticut office. (researched and checked 2026-09-24)",CRA Boston office page,https://www.crai.com/locations/boston/
CHASE,270 Park Avenue,New York,NY,10017,true,"JPMorgan Chase & Co.: 383 Madison Ave was the temporary headquarters; JPMorganChase opened its new global headquarters at 270 Park Avenue in October 2025, and SEC filings now list that address. (researched and checked 2026-09-24)",JPMorganChase newsroom - new global HQ opening (SEC EDGAR address agrees),https://www.jpmorganchase.com/newsroom/stories/jpmc-celebrates-new-global-hq-at-270-park-ave
CHATHAM FINANCIAL,235 Whitehorse Lane,Kennett Square,PA,19348,true,"Chatham Financial Corp.: The donor leads Chatham Financial's investment banking practice; the firm is headquartered in Kennett Square, and no Chatham office at 2000 Market St Philadelphia or in Florida was found. (researched and checked 2026-09-24)",BBB business profile,https://www.bbb.org/us/pa/kennett-sq/profile/financial-services/chatham-financial-corp-0241-172443679
CHICOS FAS,11215 Metro Parkway,Fort Myers,FL,33966,true,"Chico's FAS, Inc. (Chico's): Chico's corporate address is unchanged since it went private under Sycamore in 2024. (researched and checked 2026-09-24)",Chico's contact page,https://www.chicos.com/store/page/contact-us
CHIEF EXECUTIVE GROUP,"100 Westwood Pl, Suite 445",Brentwood,TN,37027,true,"Chief Executive Group, LLC (Chief Executive magazine / Corporate Board Member): The company's own contact page lists the Brentwood TN office (older directories show Stamford CT); the donors are the company's executives. (researched and checked 2026-09-24)",Chief Executive Group official contact page,https://www.chiefexecutivegroup.com/contact-us/
CHILDREN'S LAW CENTER,101 Centre Plaza Drive,Monterey Park,CA,91754,true,"Children's Law Center of California: A Los Angeles-area attorney fits the California organisation's Los Angeles office, not the similarly named Children's Law Center in Washington DC whose address we publish now. (researched and checked 2026-09-24)",Children's Law Center of California contact page,https://www.clccal.org/get-involved/contact/
CHILDRENS MEDICAL CENTER,"4651 Sheridan St, Suite 270",Hollywood,FL,33021,true,"Children's Medical Center (pediatric practice, Hollywood FL): The employer is a local pediatric practice registered as CHILDRENS MEDICAL CENTER in Hollywood FL, the same suite as the donor's own practice record, not Children's Medical Center Dallas; the registry entry dates from 2008 but is still active. (researched and checked 2026-09-24)",CMS NPPES NPI Registry (organisation record),https://npiregistry.cms.hhs.gov/api/?version=2.1&postal_code=33021&enumeration_type=NPI-2&organization_name=child*
CIENA,7035 Ridge Road,Hanover,MD,21076,true,Ciena Corporation: Ciena's headquarters per current SEC filings; no Sacramento office was found. (researched and checked 2026-09-24),SEC EDGAR company record (business address),https://data.sec.gov/submissions/CIK0000936395.json
CISCO SYSTEMS,170 West Tasman Drive,San Jose,CA,95134,true,"Cisco Systems, Inc.: Cisco's headquarters per current SEC filings; the donors are in two different states, so the headquarters is used. (researched and checked 2026-09-24)",SEC EDGAR company record (business address),https://data.sec.gov/submissions/CIK0000858877.json
CITADEL,830 Brickell Plaza,Miami,FL,33131,true,"Citadel (Citadel Advisors LLC / Citadel Securities): Both Citadel Advisors and Citadel Securities list 830 Brickell Plaza, Miami in SEC filings; a New York office would suit the NY/CT donors better, but Citadel's site blocks automated access, so its street address could not be checked. (researched and checked 2026-09-24)",SEC EDGAR - Citadel Advisors LLC business address,https://data.sec.gov/submissions/CIK0001423053.json
CITI,388 Greenwich Street,New York,NY,10013,true,Citigroup Inc.: Citigroup's global headquarters per current SEC filings; it fits the NJ/CT donors. (researched and checked 2026-09-24),SEC EDGAR company record (business address),https://data.sec.gov/submissions/CIK0000831001.json
CITIBANK,388 Greenwich Street,New York,NY,10013,true,"Citibank, N.A. (Citigroup Inc.): Citibank is run from Citigroup's New York headquarters, which fits the NJ/CT bankers. (researched and checked 2026-09-24)",SEC EDGAR - Citigroup Inc. business address,https://data.sec.gov/submissions/CIK0000831001.json
CLEARLYDERM,"33 East 33rd Street, 12th Floor",New York,NY,10016,true,"Schweiger Dermatology Group (parent of ClearlyDerm): ClearlyDerm is part of Schweiger Dermatology Group, whose own site lists its corporate office at 33 E 33rd St, 12th Floor. The 13-15 W 27th St registry address could not be confirmed. (researched and checked 2026-09-24)",Schweiger Dermatology Group - Contact Us,https://www.schweigerderm.com/contact-us/
CLEERLY,"1099 18th St., Suite 2860",Denver,CO,80202,true,"Cleerly, Inc. (AI cardiac imaging): Cleerly's July 2026 FDA filings use this Denver address; its site lists teams in New York, Denver and remote staff, so the Dallas-based attorney works remotely. (researched and checked 2026-09-24)",openFDA 510(k) database - applicant address (July 2026 clearances),https://api.fda.gov/device/510k.json?search=applicant:cleerly&limit=10&sort=decision_date:desc
CLOUDERA,"6220 America Center Dr, 5th Floor",San Jose,CA,95002,true,"Cloudera, Inc.: Cloudera's own locations page lists San Jose as its only California office and no longer mentions Santa Clara or Great America Parkway; there is no Massachusetts office listed. (researched and checked 2026-09-24)",Cloudera global locations page,https://www.cloudera.com/about/locations.html
CME GROUP,20 South Wacker Drive,Chicago,IL,60606,true,CME Group Inc.: CME Group's headquarters per current SEC filings; 'CME Center' is just the building name. (researched and checked 2026-09-24),SEC EDGAR company record (business address),https://data.sec.gov/submissions/CIK0001156375.json
COLDWELL BANKER REALTY,175 Park Ave,Madison,NJ,07940,true,"Coldwell Banker Realty (Anywhere Real Estate brokerage): The official site gives 175 Park Ave, Madison NJ as the organisation address; the agents work from local branches in several states, so headquarters is used. (researched and checked 2026-09-24)",Coldwell Banker Realty official site (organisation address in page metadata),https://www.coldwellbankerhomes.com/
COLUMBUS CONSULTING GROUP,,,,,true,"INVALID: not_found: The well-known Columbus Consulting (4200 Regent St, Columbus OH) has a different CEO, so it is not the donor's firm; no reliable public office was found for a Columbus Consulting Group matching a California CEO, and the NYC address we publish could not be confirmed. (researched and checked 2026-09-24)",Columbus Consulting (Columbus OH) leadership page - different firm,https://www.columbusconsulting.com/our-team/
COMCAST,"One Comcast Center, 1701 John F. Kennedy Boulevard",Philadelphia,PA,19103,true,"Comcast Corporation: SEC filings list One Comcast Center, Philadelphia, and exhibits to Comcast's 2026 10-K use 1701 John F. Kennedy Boulevard. (researched and checked 2026-09-24)",SEC EDGAR company record (business address),https://data.sec.gov/submissions/CIK0001166691.json
COMPASS LEXECON,"180 North Stetson Avenue, Suite 5300",Chicago,IL,60601,true,Compass Lexecon (Chicago office): An Illinois economist fits Compass Lexecon's Chicago office rather than the DC office we publish now (the DC address itself is still valid). (researched and checked 2026-09-24),Compass Lexecon official office data (site API),https://www.compasslexecon.com/api/offices.json
COOPER COMMUNICATIONS,,,,,true,"INVALID: not_found: The donor lists himself as owner of a PR firm with his own surname in the Encino area; no public office was found (the obvious domains are parked), and the NYC address we publish cannot be tied to this firm. (researched and checked 2026-09-24)",,
COOPER UNIVERSITY HOSPITAL,One Cooper Plaza,Camden,NJ,08103,true,"Cooper University Hospital (now branded Cooper Norcross University Hospital): The official mailing address for the hospital, now branded Cooper Norcross, is unchanged; it fits the Philadelphia-area staff. (researched and checked 2026-09-24)",Cooper Norcross Health contact page,https://www.cooperhealth.org/contact-us
COPADO INC,"200 E Randolph St, Suite 6675",Chicago,IL,60601,true,"Copado, Inc.: The contact page marks 200 E Randolph St Ste 6675 as the Chicago headquarters, while the site footer still shows the old 330 N Wabash Ave Fl 23 address. (researched and checked 2026-09-24)",Copado contact page - 'Chicago (HQ)',https://www.copado.com/contact-us
COPS MONITORING,"1041 Glassboro Rd., Suite F2",Williamstown,NJ,08094,true,COPS Monitoring: The company lists this as its national headquarters' physical address (mail goes to PO Box 836). (researched and checked 2026-09-24),COPS Monitoring contact page - National Headquarters,https://www.copsmonitoring.com/contact
COREVEST,"4 Park Plaza, Suite 900",Irvine,CA,92614,true,"CoreVest American Finance Lender (Redwood Trust subsidiary): Redwood Trust's 2025 10-K lists 4 Park Plaza Suite 900, Irvine (CoreVest) among its main offices; CoreVest is the only organisation found under this name, but whether the Michigan-based executive works there is not independently confirmed. (researched and checked 2026-09-24)",Redwood Trust FY2025 Form 10-K - primary office locations,https://www.sec.gov/Archives/edgar/data/930236/000093023626000007/rwt-20251231.htm
CORNERSTONE GOVERNMENT AFFAIRS,"800 Maine Avenue SW, 7th Floor",Washington,DC,20024,true,"Cornerstone Government Affairs: Headquarters moved from 1627 I St NW to 800 Maine Ave SW; the donors are split between Cornerstone's Iowa office (212 East 3rd St, Floor 2, Des Moines IA 50309) and its Illinois offices (300 E Monroe St Suite 20D, Springfield IL 62701, plus Chicago), so the headquarters is used. (researched and checked 2026-09-24)",Cornerstone Government Affairs contact page,https://cgagroup.com/contact/
COVETRUS,"2401 West Grandview Rd, Suite 100",Phoenix,AZ,85023,true,"Covetrus (Covetrus - Arizona location): Covetrus's headquarters is 12 Mountfort St, Portland ME (the address we publish is valid), but its office directory lists a Phoenix site, which fits a Scottsdale-based compounding-division executive better. (researched and checked 2026-09-24)",Covetrus contact page - office directory,https://covetrus.com/contact/
COX COMMUNICATIONS,6205-B Peachtree Dunwoody Road NE,Atlanta,GA,30328,true,"Cox Communications (now part of Charter Communications): Charter completed its combination with Cox on Aug 19, 2026, and an Aug 24, 2026 filing still gives Cox's principal executive office as 6205-B Peachtree Dunwoody Rd; the Tucson market office would fit better, but cox.com blocks automated access. (researched and checked 2026-09-24)","Charter 8-K exhibit 4.2 - Cox Communications supplemental indenture dated Aug 24, 2026",https://www.sec.gov/Archives/edgar/data/1091667/000110465926100972/tm2623711d1_ex4-2.htm
CRESA,"2 Bethesda Metro Center, Suite 900",Bethesda,MD,20814,true,Cresa (Bethesda MD office): A Bethesda-based adviser fits Cresa's Bethesda office rather than the Chicago headquarters we publish now. (researched and checked 2026-09-24),Cresa Bethesda office page,https://www.cresa.com/Locations/North-America/Maryland/Bethesda-MD
CUMMING GROUP,"475 Sansome Street, Suite 700",San Francisco,CA,94111,true,Cumming Group (San Francisco office): A construction manager in Marin County fits Cumming's San Francisco office rather than the New York office we publish now. (researched and checked 2026-09-24),Cumming Group locations page,https://cumming-group.com/en/locations/
CUSHMAN & WAKEFIELD,"225 West Wacker Drive, Suite 3000",Chicago,IL,60606,true,"Cushman & Wakefield: This is Cushman & Wakefield's Chicago headquarters (its SEC legal address is in Bermuda); the donors work in several states (CA, MD, NJ), so the headquarters is used. (researched and checked 2026-09-24)",Cushman & Wakefield Chicago office page,https://www.cushmanwakefield.com/en/united-states/offices/chicago
CUTLER MANAGEMENT CORP,43 Harvard Street,WORCESTER,MA,01609,true,"Cutler Management Corp. (commercial real estate management/development, Worcester MA): The company's official site lists 43 Harvard Street, Worcester. The donor files from Florida, but the firm's only office is in Worcester. (researched and checked 2026-09-24)",Cutler Management official contact page,https://www.cutlermanagement.com/contact.html
CVS HEALTH,One CVS Drive,WOONSOCKET,RI,02895,true,"CVS Health Corporation: Donors are spread over FL, VA and NY in different roles, so the headquarters fits best; EDGAR confirms One CVS Dr, Woonsocket. (researched and checked 2026-09-24)",SEC EDGAR company record (CVS Health Corp),https://www.sec.gov/cgi-bin/browse-edgar?action=getcompany&CIK=0000064803&type=10-K&dateb=&owner=include&count=10
CYBERHAVEN,1306 W Oltorf St,AUSTIN,TX,78704,true,"Cyberhaven, Inc. (Austin office): The published Palo Alto address is no longer on the company's list of offices. The donor is in Austin, where Cyberhaven lists an office at 1306 W Oltorf St. (researched and checked 2026-09-24)",Cyberhaven official contact page (office locations),https://www.cyberhaven.com/contact
D&H,100 Tech Drive,Harrisburg,PA,17112,true,"D&H Distributing: The donor's name matches a D&H Distributing co-president; the company's page gives its new headquarters as 100 Tech Drive, Harrisburg PA 17112. D&H has no Florida office found; the published Camp Hill address is not D&H's. (researched and checked 2026-09-24)",D&H at Tech Drive (company HQ page),https://www.dandh.com/techdrive/
DALET,"88 Pine Street, 8th Floor",NEW YORK,NY,10005,true,"Dalet Digital Media Systems USA (Americas HQ): Dalet has no Florida office, and its Americas HQ at 88 Pine Street, 8th floor, New York is the office that fits a Miami business-development donor. (researched and checked 2026-09-24)",Dalet official offices page,https://www.dalet.com/offices/
DANLY,"1905 Aldrich St., Suite 201",AUSTIN,TX,78723,true,"Danly Properties (Austin commercial real estate investment/development firm): This is Danly Properties, an Austin real estate investor founded in 1990, not the Danly die-set brand of Dayton Lamina (500 Progress Rd, Dayton). The firm's current office is on Aldrich St in the Mueller district. (researched and checked 2026-09-24)",Danly Properties official website,https://www.danlyproperties.com/
"DAVID DANIEL, M.D. PC",,FAR ROCKAWAY,NY,11691,true,"Home-based business, town only: The published street is exactly the donor's own filing address, so this is a one-physician PC run from home and no street should be published; the NPI record only shows an old 2014 Bronx location. (researched and checked 2026-09-24)",NPPES NPI registry record for David Daniel MD PC,https://npiregistry.cms.hhs.gov/api/?version=2.1&number=1760884019
DAVID G HELLER MD,541 Main St,SOUTH WEYMOUTH,MA,02190,true,"David G. Heller, MD (orthopaedic surgery practice): The NPI registry, updated 2026, lists the practice at 541 Main St, South Weymouth; it shows no suite, so the published 'Ste 104' is not confirmed. (researched and checked 2026-09-24)","NPPES NPI registry (NPI 1699761825, updated 2026-07-13)",https://npiregistry.cms.hhs.gov/api/?version=2.1&first_name=David&last_name=Heller&state=MA&limit=50
DAVIS WRIGHT TREMAINE,"1251 Avenue of the Americas, 42nd Floor",NEW YORK,NY,10020,true,"Davis Wright Tremaine LLP (New York office): Most of these lawyers file from New York, with one in Los Angeles and none in Seattle, so the firm's New York office fits better than the Seattle HQ we publish now. (researched and checked 2026-09-24)",Davis Wright Tremaine official New York office page,https://www.dwt.com/offices/new-york
DCPS,1200 First Street NE,WASHINGTON,DC,20002,true,"District of Columbia Public Schools (central office): A school speech-language pathologist living in Arlington VA fits DC Public Schools, whose central office is 1200 First Street NE. (researched and checked 2026-09-24)",DCPS official offices page,https://dcps.dc.gov/page/dcps-offices
DEEL,425 1st Street,SAN FRANCISCO,CA,94105,true,"Deel, Inc. (global payroll / employer-of-record company): Deel's LEI registration and BBB profile both give its headquarters as 425 1st Street, San Francisco, not the published 300 Brannan St. The donors are remote workers in FL and WA. (researched and checked 2026-09-24)","GLEIF LEI record for Deel, Inc. (via Bloomberg LEI)",https://lei.bloomberg.com/leis/view/549300IFGBDZQE2NZG16
DELL,One Dell Way,ROUND ROCK,TX,78682,true,"Dell Technologies Inc.: The donors are in IL, UT and FL with no common local office, so the headquarters at One Dell Way (confirmed by EDGAR) is the best fit. (researched and checked 2026-09-24)",SEC EDGAR company record (Dell Technologies Inc.),https://www.sec.gov/cgi-bin/browse-edgar?action=getcompany&CIK=0001571996&type=10-K&dateb=&owner=include&count=10
DELOITTE TAX LLP,1299 Pennsylvania Avenue NW,WASHINGTON,DC,20004,true,"Deloitte Tax LLP, Washington DC office (Washington National Tax): The donor is a Washington National Tax principal living in Potomac MD, so Deloitte's DC office fits, not the New York office at 30 Rockefeller Plaza. (researched and checked 2026-09-24)",Deloitte official Washington DC office page,https://www.deloitte.com/us/en/offices/us-locations/washington-dc-12-St.html
DELPHI,5725 Innovation Drive,TROY,MI,48098,true,"Aptiv (formerly Delphi Automotive's Electronics & Safety business): The donor is a reliability engineering leader who has moved from Delphi Electronics & Safety to Aptiv, the company it became in 2017. Aptiv's Troy office is the same building as before, but the street is now called 5725 Innovation Drive instead of Delphi Dr; no street address for the Kokomo site could be confirmed. (researched and checked 2026-09-24)",Aptiv official Equal Employment Opportunity page,https://www.aptiv.com/en/equal-employment-opportunity
DENTONS,"233 South Wacker Drive, Suite 5900",CHICAGO,IL,60606,true,"Dentons US LLP (Chicago office): Four of seven donors are in the Chicago area (two in Birmingham, probably Dentons Sirote, and one in VA), so the Chicago office fits better than New York's 1221 Avenue of the Americas. (researched and checked 2026-09-24)",Dentons official Chicago office page,https://www.dentons.com/en/global-presence/united-states/chicago
DEPARTMENT OF THE ARMY - WHITE SANDS MISSILE RANGE,WHITE SANDS MISSILE RANGE,WHITE SANDS MISSILE RANGE,NM,88002,true,"U.S. Army White Sands Missile Range (installation): This is one Army installation with its own ZIP (WSMR, NM 88002), and the installation-level location is right. The only street address found is the garrison welcome center (Bldg 329 Owen Rd), which is not where an engineer works, so no building is given. (researched and checked 2026-09-24)",Military Times Installation Guide - U.S. Army Garrison White Sands Missile Range,https://installationguide.militarytimes.com/installation_service/u-s-army-garrison-white-sands-missile-range/?query-21-page=3
DEPT OF VETERANS AFFAIRS,,,,,true,"INVALID: generic_no_office: These physicians work at different VA facilities in CA, FL, PA and NY; the name is the whole federal department, so the DC headquarters address is not their office. (researched and checked 2026-09-24)",,
DERMATOLOGISTS OF CENTRAL STATES,"6330 Orchard Lake Rd, Suite 120",WEST BLOOMFIELD,MI,48322,true,"Associated Dermatologists (Michigan affiliate of DOCS - Dermatologists of Central States): The donor practises at DOCS's Michigan affiliate, Associated Dermatologists, in West Bloomfield/Novi/Farmington Hills, not at the Ohio office in Blue Ash. (researched and checked 2026-09-24)",Associated Dermatologists (DOCS affiliate) West Bloomfield office page,https://michderm.com/locations/west-bloomfield-office
DETROIT PISTONS BASKETBALL CLUB,6201 2nd Ave,DETROIT,MI,48202,true,"Detroit Pistons (team offices at the Pistons Performance Center, Detroit): The team left Auburn Hills after the 2016-17 season, so the published Auburn Hills address is outdated. The team's foundation (IRS data, via ProPublica) is at 6201 2nd Ave, Detroit, the practice-facility site; the team's own website does not show a street address. (researched and checked 2026-09-24)",ProPublica Nonprofit Explorer (IRS data) - Detroit Pistons Foundation address,https://projects.propublica.org/nonprofits/api/v2/organizations/382858649.json
DICKINSON WRIGHT,"350 East Las Olas Boulevard, Suite 1750",FORT LAUDERDALE,FL,33301,true,"Dickinson Wright PLLC (Fort Lauderdale office): The donor is a lawyer in Boca Raton, and the firm's Florida office is Ft. Lauderdale, 350 E Las Olas Blvd Suite 1750, not the Detroit HQ. (researched and checked 2026-09-24)",Dickinson Wright official offices page,https://www.dwlaw.com/offices
DICKS SPORTING GOODS,345 Court Street,CORAOPOLIS,PA,15108,true,"DICK'S Sporting Goods, Inc.: The donor is a chief marketing officer, which is an HQ role; EDGAR confirms 345 Court Street, Coraopolis. (researched and checked 2026-09-24)",SEC EDGAR company record (Dick's Sporting Goods),https://www.sec.gov/cgi-bin/browse-edgar?action=getcompany&CIK=0001089063&type=10-K&dateb=&owner=include&count=10
DISCOVER VISION CENTERS,4741 S Cochise Dr.,INDEPENDENCE,MO,64055,true,Discover Vision Centers (Kansas City area eye practice): The donor's profile lists two practice sites: the Independence MO eye care center at the published address and the Leawood KS surgery center (11500 Granada Lane). The published address is right. (researched and checked 2026-09-24),Discover Vision Centers physician profile / locations page,https://www.discovervision.com/eye-doctor/john-f-doane-m-d/
DLR GROUP,"700 South Flower St., 22nd Floor",LOS ANGELES,CA,90017,true,"DLR Group (Los Angeles office): The donor is in South Pasadena, and DLR Group has a Los Angeles office at 700 S Flower St, which fits better than the Omaha office. (researched and checked 2026-09-24)",DLR Group official locations page,https://www.dlrgroup.com/firm/locations/
DOLLARTREE,500 Volvo Parkway,CHESAPEAKE,VA,23320,true,"Dollar Tree, Inc.: The donor is a store cashier and the individual store cannot be identified, so the corporate HQ is used; EDGAR confirms 500 Volvo Parkway. (researched and checked 2026-09-24)","SEC EDGAR company record (Dollar Tree, Inc.)",https://www.sec.gov/cgi-bin/browse-edgar?action=getcompany&CIK=0000935703&type=10-K&dateb=&owner=include&count=10
DOORDASH,"303 2nd Street, South Tower, 8th Floor",SAN FRANCISCO,CA,94107,true,"DoorDash, Inc.: The two donors are in CT and WA with no shared metro office, so the HQ is used; EDGAR gives the exact form as South Tower, 8th Floor. (researched and checked 2026-09-24)","SEC EDGAR company record (DoorDash, Inc.)",https://www.sec.gov/cgi-bin/browse-edgar?action=getcompany&CIK=0001792789&type=10-K&dateb=&owner=include&count=10
DORA'S NATURALS,21 Empire Blvd,SOUTH HACKENSACK,NJ,07606,true,"Dora's Naturals (natural foods distributor): The company's website confirms its headquarters and distribution facility at 21 Empire Blvd, South Hackensack, in the donor's NYC metro area. (researched and checked 2026-09-24)",Dora's Naturals official website,https://www.dorasnaturals.com/
DOUBLE RAINBOW,,,,,true,"INVALID: ambiguous: The donor is a company president in Shaker Heights OH. Nothing ties them to the San Francisco ice cream brand behind the published SF address, and no Ohio 'Double Rainbow' entity could be confirmed (the registry lookup was CAPTCHA-blocked). (researched and checked 2026-09-24)",,
DOUGLAS LEGUM DEVELOPMENT,,,,,true,"INVALID: not_found: The firm's current and archived websites give only an email address (and an old phone number), never a street office. The carried-over 6901 Rockledge Dr Ste 650 address could not be confirmed by any source. (researched and checked 2026-09-24)",Legum Development official website,https://www.legumdevelopment.com/
DOWD BENNETT LLP,"7676 Forsyth Blvd., Suite 1900",SAINT LOUIS,MO,63105,true,"Dowd Bennett LLP (St. Louis headquarters): The firm's St. Louis HQ is now 7676 Forsyth Blvd Suite 1900, not 7733 Forsyth. It has no South Carolina office, so the HQ is used. (researched and checked 2026-09-24)",Dowd Bennett official office locations page,https://www.dowdbennett.com/contact/
DRAFTKINGS,222 Berkeley Street,BOSTON,MA,02116,true,"DraftKings Inc.: EDGAR confirms the Boston HQ at 222 Berkeley Street (the published '5th Floor' is not in the filing). No Colorado office was confirmed, so the HQ fits the Colorado attorney. (researched and checked 2026-09-24)",SEC EDGAR company record (DraftKings Inc.),https://www.sec.gov/cgi-bin/browse-edgar?action=getcompany&CIK=0001883685&type=10-K&dateb=&owner=include&count=10
DRL,"11500 W. Olympic Blvd., Suite 550",LOS ANGELES,CA,90064,true,DRL (researched and checked 2026-09-24),Dapeer Rosenblit & Litvak official contact page,https://www.drllaw.com/contact/
DUANE MORRIS,30 South 17th Street,PHILADELPHIA,PA,19103,true,"Duane Morris LLP (Philadelphia headquarters): The three attorney donors are in FL, IL and NJ, each near a different office, so the Philadelphia HQ is used; the firm's site confirms 30 S 17th St. (researched and checked 2026-09-24)",Duane Morris official Philadelphia office page,https://www.duanemorris.com/offices/philadelphia.html
DUKAS LINDEN PUBLIC RELATIONS,,,,,true,INVALID: not_found: The firm says it is 'headquartered in New York' but has published no street address since at least 2021 (its 2017 site listed 100 West 26th St). The published 120 W 45th St could not be confirmed. (researched and checked 2026-09-24),DLPR official contact page,https://dlpr.com/contact-us/
DW ADVERTISING,682 Bloomfield Ave.,BLOOMFIELD,CT,06002,true,"DW Advertising (Bloomfield, CT agency): The agency's own site lists 682 Bloomfield Ave, Bloomfield CT, and its team page includes the donor as a remote content staffer. (researched and checked 2026-09-24)",DW Advertising official website (dw-advertising.com),https://dw-advertising.com/
EARLY LEARNING COALITION OF MIAMI-DADE AND MONROE,"2555 Ponce de Leon Blvd., Suite 210",CORAL GABLES,FL,33134,true,"Early Learning Coalition of Miami-Dade/Monroe: The coalition's site footer and its IRS registration both give 2555 Ponce de Leon Blvd, Coral Gables as the Miami-Dade office, not 5555 Biscayne Blvd. (researched and checked 2026-09-24)",Early Learning Coalition official website (Wayback snapshot 2026-09-12); IRS address via ProPublica agrees,http://web.archive.org/web/20260912144132/https://www.elcmdm.org/
EB5 CAPITAL,"6106 MacArthur Blvd, 1st Floor",BETHESDA,MD,20816,true,EB5 Capital: The building is right. The company writes the unit as '1st Floor' rather than the published 'Ste 104'. (researched and checked 2026-09-24),EB5 Capital official contact page,https://eb5capital.com/contact-us/
EISNER LLP,"40 West 57th Street, Suite 2030",NEW YORK,NY,10019,true,"Eisner, LLP (business and entertainment law firm, New York office): The donor is a partner in the New York office of Eisner LLP (offices in Beverly Hills and New York only). The published Irvine address is another company's. (researched and checked 2026-09-24)",Eisner LLP official contact page and attorney profile,https://www.eisnerlaw.com/contact/
ELDRIDGE,"767 Fifth Avenue, Floor 17",NEW YORK,NY,10153,true,"Eldridge (Eldridge Industries / Eldridge Capital Management): The donor is Managing Director, Legal at Eldridge Industries in Dallas, but Eldridge does not publish the Dallas office street address. Its only firm-level New York office is 767 Fifth Avenue, Floor 17; the published 1345 Avenue of the Americas is not on the site. (researched and checked 2026-09-24)",Eldridge official contact page (people directory confirms Dallas legal staff),https://www.eldridge.com/contact
ELM STREET PARTNERS,,,,,true,"INVALID: not_found: No official website, registry record or directory entry could be found that ties a real estate principal in Delray Beach FL to an 'Elm Street Partners'. The published Houston address (820 Gessner) has no source and does not fit a Florida donor. (researched and checked 2026-09-24)",,
ELNET-US,"5215 Old Orchard Road, Suite 880",Skokie,IL,60077,true,"ELNET-US (Friends of ELNET / Europe-Israel Leadership Network, US): IRS Form 990 address matches published address exactly. (researched and checked 2026-09-24)",Charity Navigator profile for Friends of ELNET (EIN 45-2212393),https://www.charitynavigator.org/ein/452212393
EMBE,1600 Alton Rd.,Miami Beach,FL,33139,true,"embe Café (EMBE): The EMBE café brand's trademarks are held by a person with the donor's name, a Bal Harbour executive. The brand's own site lists 1600 Alton Rd, Miami Beach (South Beach café, not yet open). It is not the Sioux Falls SD nonprofit EmBe. (researched and checked 2026-09-24)",embe Café - official site (contact footer),https://embe.com/
EMPIRE BRUSHES,,,,,true,INVALID: not_found:  (researched and checked 2026-09-24),,
ENCOMPASS HEALTHCARE,9001 Liberty Parkway,Birmingham,AL,35242,true,"Encompass Health Corporation: Published address (1 Freedom Way) is not Encompass Health's HQ; SEC filer address is 9001 Liberty Parkway, Birmingham AL 35242. (researched and checked 2026-09-24)",SEC EDGAR company filing address (CIK 0000785161),https://data.sec.gov/submissions/CIK0000785161.json
ENFINITY GLOBAL,"501 Brickell Key Drive, Suite 302",Miami,FL,33131,true,Enfinity Global Inc.: Florida registered principal address matches published street/city/state/zip. (researched and checked 2026-09-24),BisProfiles (FL Sunbiz-sourced) company profile for Enfinity Global Inc.,https://bisprofiles.com/fl/enfinity-global-f21000003148
ENGINE,,,,,true,"INVALID: ambiguous: Candidates: Engine Advocacy (policy nonprofit, 700 Pennsylvania Ave SE, Washington DC 20003) and Engine the business-travel platform (formerly Hotel Engine, Denver area), or another company named Engine. A Philadelphia product-marketing role does not fit the advocacy nonprofit. (researched and checked 2026-09-24)",,
ENVISION HEALTHCARE,"20 Burton Hills Blvd, Suite 300",Nashville,TN,37215,true,Envision Healthcare: Matches published address (minor suite number difference). (researched and checked 2026-09-24),Envision Healthcare official contact page,https://www.evhc.net/contact-us
EP WEALTH ADVISORS,"5202 Old Orchard Road, Suite 160",Skokie,IL,60077,true,EP WEALTH ADVISORS (researched and checked 2026-09-24),EP Wealth Advisors advisor bio page for David Rappaport,https://www.epwealth.com/our-team/chicago-north-shore/david-rappaport
EPCF,1414 S Orange Ave,Orlando,FL,32806,true,"Emergency Physicians of Central Florida, LLP: The group's NPI location is 1414 S Orange Ave (MP 156), Orlando FL 32806-2134, the Orlando Regional Medical Center campus it staffs. The mailing address is PO Box 628296. No group website was found; the record was last updated in 2009, so treat it as the practice location. (researched and checked 2026-09-24)",NPPES NPI Registry API - Emergency Physicians of Central Florida LLP (NPI 1326033341),https://npiregistry.cms.hhs.gov/api/?version=2.1&number=1326033341
EPIC BROKERS,"1140 Avenue of the Americas, 8th Floor",New York,NY,10036,true,EPIC Insurance Brokers & Consultants (EPIC Brokers): Published address (1345 Ave of the Americas) is outdated; current NY HQ is 1140 Avenue of the Americas. (researched and checked 2026-09-24),EPIC Brokers official locations page,https://www.epicbrokers.com/locations/
EPIPHANY DERMATOLOGY,710 Newnan Crossing Bypass,Newnan,GA,30263,true,Epiphany Dermatology of Georgia (Dr. Mark Holzberg's practice) (researched and checked 2026-09-24),"Epiphany Dermatology provider page for Mark Holzberg, MD",https://www.epiphanydermatology.com/providers/mark-holzberg-md/
EPSTEIN BECKER AND GREEN,875 Third Avenue,New York,NY,10022,true,"Epstein Becker & Green, P.C.: HQ address matches published address exactly. (researched and checked 2026-09-24)",Chambers and Partners office directory listing for Epstein Becker Green,https://chambers.com/office/epstein-becker-green-pc-new-york-usa-usa-5:3400
EQ OFFICE,"233 S Wacker Dr, Suite 4700",Chicago,IL,60606,true,EQ Office: HQ address matches published address exactly. (researched and checked 2026-09-24),EQ Office careers site (iCIMS) contact info,https://careers-eq-office.icims.com/
EVEREDE TOOL COMPANY,850 W. Hawthorne Lane,West Chicago,IL,60185,true,Everede Tool Company: Address matches published address exactly. (researched and checked 2026-09-24),US Cutting Tool Institute (USCTI) member directory listing,https://www.uscti.com/u_pages/membership/membership_companies_e_everede.asp
EVERSHEDS-SUTHELRAND LLP,"1114 Avenue of the Americas, 40th Floor",New York,NY,10036,true,"Eversheds Sutherland (US) LLP - New York office: The firm's US offices listing (on its Atlanta office page) gives New York: The Grace Building, 40th Floor, 1114 Avenue of the Americas, New York NY 10036-7703. It fits the Westchester NY attorney. The Atlanta office is 600 Peachtree St NE Suite 5200 (the old 999 Peachtree address is outdated). (researched and checked 2026-09-24)",Eversheds Sutherland - US office locations,https://www.eversheds-sutherland.com/en/united-states/locations/offices/atlanta
EYESOUTH,"5775 Glenridge Drive, Building B, Suite 500",Atlanta,GA,30328,true,EyeSouth Partners: Address matches published address exactly. (researched and checked 2026-09-24),EyeSouth Partners official contact page,https://eyesouthpartners.com/contact-us/
FANNIE MAE,"Midtown Center, 1100 15th St NW",Washington,DC,20005,true,Federal National Mortgage Association (Fannie Mae): SEC filer address matches published address exactly. (researched and checked 2026-09-24),SEC EDGAR company filing address (CIK 0000310522),https://data.sec.gov/submissions/CIK0000310522.json
FASHION INSTITUTE OF TECHNOLOGY,227 West 27th Street,New York,NY,10001,true,Fashion Institute of Technology (FIT): Published cross-street form (Seventh Ave at 27th St) refers to the same campus; official mailing address is 227 West 27th Street. (researched and checked 2026-09-24),FIT official website footer address,https://www.fitnyc.edu/about/visit/index.php
FDA,10903 New Hampshire Ave,Silver Spring,MD,20993,true,U.S. Food and Drug Administration: Address matches published address exactly. (researched and checked 2026-09-24),USA.gov federal agency directory listing for FDA,https://www.usa.gov/agencies/food-and-drug-administration
FEDERAL GOVERNMENT,,,,,true,INVALID: generic_no_office: Generic sector/employer term covering many agencies; not one organisation with a single office. (researched and checked 2026-09-24),,
FEI,"7400 E Crestline Circle, Suite 250-EAB",Greenwood Village,CO,80111,true,FEI (researched and checked 2026-09-24),"Colorado Secretary of State business entity open-data record for Feiner Enterprises, Inc.",https://data.colorado.gov/resource/4ykn-tg5h.json?$q=Feiner%20Enterprises
FELD ENTERTAINMENT INC,800 Feld Way,Palmetto,FL,34221,true,"Feld Entertainment, Inc.: Current HQ street address and ZIP differ from the published PO Box/34220. (researched and checked 2026-09-24)",Feld Entertainment official contact page,https://www.feldentertainment.com/contact-us
FELDESMAN LEIFER LLP,"1129 20th Street NW, Suite 400",Washington,DC,20036,true,Feldesman LLP (formerly Feldesman Leifer / Feldesman Tucker Leifer Fidell LLP): Address matches published address exactly; firm now branded simply Feldesman LLP. (researched and checked 2026-09-24),Feldesman LLP official contact page,https://www.feldesman.com/
FERRING,100 Interpace Parkway,Parsippany,NJ,07054,true,"Ferring Pharmaceuticals Inc.: US headquarters is Parsippany NJ, not Princeton NJ as published. (researched and checked 2026-09-24)",Ferring USA official contact page,https://www.ferringusa.com/contact-us
FLAGSTONE FOODS,"323 N Washington Ave, Suite 400",Minneapolis,MN,55401,true,Flagstone Foods: Address matches published address exactly. (researched and checked 2026-09-24),Flagstone Foods LinkedIn company page,https://www.linkedin.com/company/flagstone-foods
FOOT LOCKER,330 West 34th Street,New York,NY,10001,true,"Foot Locker, Inc.: SEC filer address matches published address exactly. (researched and checked 2026-09-24)",SEC EDGAR company filing address (CIK 0000850209),https://data.sec.gov/submissions/CIK0000850209.json
FORBES,,,,,true,INVALID: ambiguous:  (researched and checked 2026-09-24),,
FORD,One American Road,Dearborn,MI,48126,true,Ford Motor Company: SEC filer address matches published address exactly. (researched and checked 2026-09-24),SEC EDGAR company filing address (CIK 0000037996),https://data.sec.gov/submissions/CIK0000037996.json
FORD MOTOR COMPANY,One American Road,Dearborn,MI,48126,true,Ford Motor Company: SEC filer address matches published address exactly. (researched and checked 2026-09-24),SEC EDGAR company filing address (CIK 0000037996),https://data.sec.gov/submissions/CIK0000037996.json
FORTITUDE RE,"10 Exchange Place, Suite 2210",Jersey City,NJ,07302,true,Fortitude Reinsurance Company (Fortitude Re): Address matches published address exactly. (researched and checked 2026-09-24),Fortitude Re official office locations page,https://www.fortitude-re.com/contact-us
FORTRESS INVESTMENT GROUP,"1345 Avenue of the Americas, 46th Floor",New York,NY,10105,true,Fortress Investment Group LLC: SEC filer address matches published city/state/zip; adds 46th Floor detail. (researched and checked 2026-09-24),SEC EDGAR company filing address (CIK 0001380393),https://data.sec.gov/submissions/CIK0001380393.json
FOURSQUARE CORPORATION,,,,,true,INVALID: not_found:  (researched and checked 2026-09-24),,
FOX NEWS,1211 Avenue of the Americas,New York,NY,10036,true,Fox News (Fox Corporation): Address matches published address exactly. (researched and checked 2026-09-24),"SEC EDGAR company filing address (CIK 0001754301, Fox Corp)",https://data.sec.gov/submissions/CIK0001754301.json
FRAGILEPAK,"2270 Corporate Circle, Suite 220",Henderson,NV,89074,true,FragilePAK: Address matches published address (LinkedIn omits suite number but street/city/state/zip match). (researched and checked 2026-09-24),FragilePAK LinkedIn company page,https://www.linkedin.com/company/fragilepak
FREEDONIA GROUP,"6116 Executive Blvd, Suite 550",North Bethesda,MD,20852,true,"The Freedonia Group (MarketResearch.com): LinkedIn lists HQ North Bethesda MD and primary location 6116 Executive Blvd Suite 550, 20852 (USPS city Rockville). freedoniagroup.com and marketresearch.com return 403 here. (researched and checked 2026-09-24)",The Freedonia Group - LinkedIn company page,https://www.linkedin.com/company/freedonia-group
FRIEDMAN LLP,"One Liberty Plaza, 165 Broadway, 21st Floor",New York,NY,10006,true,"Friedman LLP (now part of Marcum LLP): Firm merged into Marcum LLP and moved from 1633 Broadway (published) to One Liberty Plaza, 165 Broadway. (researched and checked 2026-09-24)",Friedman LLP LinkedIn company page,https://www.linkedin.com/company/friedman-llp
FRIENDS OF THE ISRAEL DEFENSE FORCE,60 East 42nd Street,New York,NY,10165,true,"Friends of the Israel Defense Forces (FIDF): Organization relocated from 1430 Broadway (published) to 60 E 42nd St, confirming prior spot-check note. (researched and checked 2026-09-24)","ProPublica Nonprofit Explorer (IRS EO BMF), EIN 13-3156445",https://projects.propublica.org/nonprofits/api/v2/organizations/133156445.json
FRY-WAGNER,"514 Earth City Plaza, Suite 242",Earth City,MO,63045,true,"Fry-Wagner Moving and Storage: Current office is Earth City MO, not the published Port Plaza Dr/Saint Louis address. (researched and checked 2026-09-24)",Fry-Wagner LinkedIn company page,https://www.linkedin.com/company/fry-wagner
FTI,"555 12th Street NW, Suite 700",Washington,DC,20004,true,"FTI Consulting, Inc.: Confirms prior spot check; current HQ is 555 12th St NW, not 1101 K St NW. (researched and checked 2026-09-24)",SEC EDGAR company filing address (CIK 0000887936),https://data.sec.gov/submissions/CIK0000887936.json
FTI CONSULTING,"555 12th Street NW, Suite 700",Washington,DC,20004,true,"FTI Consulting, Inc.: Current HQ is 555 12th St NW, not the published 1990 K St NW. (researched and checked 2026-09-24)",SEC EDGAR company filing address (CIK 0000887936),https://data.sec.gov/submissions/CIK0000887936.json
GAINSIGHT,"350 Bay Street, Suite 100",San Francisco,CA,94133,true,"Gainsight, Inc.: Current SF office is 350 Bay Street, not the published 5 3rd St address. (researched and checked 2026-09-24)",Gainsight official website footer,https://www.gainsight.com/company/contact-us/
GENERATION CAPITAL LLC,,,,,true,INVALID: not_found:  (researched and checked 2026-09-24),,
GENESYS,"1302 El Camino Real, Suite 300",Menlo Park,CA,94025,true,"Genesys Cloud Services, Inc.: Current HQ is Menlo Park CA, not the published Daly City CA address. (researched and checked 2026-09-24)",Genesys.com official website footer,https://www.genesys.com
GLEASON CORPORATION,1000 University Avenue,Rochester,NY,14607,true,"Gleason Corporation (The Gleason Works): Current HQ is 1000 University Ave, not the published 100 Pleasant St. (researched and checked 2026-09-24)",Gleason official locations page,https://www.gleason.com/en/contact/locations
GLOBAL INDUSTRIAL,11 Harbor Park Drive,Port Washington,NY,11050,true,Global Industrial Company: Address matches published address exactly. (researched and checked 2026-09-24),SEC EDGAR company filing address (CIK 0000945114),https://data.sec.gov/submissions/CIK0000945114.json
GOODWIN,100 Northern Avenue,Boston,MA,02210,true,Goodwin Procter LLP: Address matches published address exactly. (researched and checked 2026-09-24),Goodwin official Boston office page,https://www.goodwinlaw.com/en/locations/boston
GRANITE POINT MORTGAGE TRUST,"1114 Avenue of the Americas, Suite 3020",New York,NY,10036,true,"Granite Point Mortgage Trust Inc.: Current SEC filer address is 1114 Avenue of the Americas, not the published 3 Bryant Park. (researched and checked 2026-09-24)",SEC EDGAR company filing address (CIK 0001703644),https://www.sec.gov/cgi-bin/browse-edgar?action=getcompany&company=granite+point&type=10-K&dateb=&owner=include&count=40&output=atom
GRANT THORNTON ADVISORS LLC,"444 S. Flower Street, Suite 3100",Los Angeles,CA,90071,true,"Grant Thornton Advisors LLC - Los Angeles office: The firm's Los Angeles office fits the Santa Monica CPA; the national HQ is 171 N. Clark St Suite 200, Chicago. (researched and checked 2026-09-24)",Grant Thornton - Los Angeles office page,https://www.grantthornton.com/offices/california/los-angeles
GREENHOUSE SOFTWARE,"250 W 34th Street, Suite 329",New York,NY,10119,true,"Greenhouse Software, Inc.: Current NY office is 250 W 34th St, not the published 1 Lafayette St address. (researched and checked 2026-09-24)",Greenhouse.com official contact page,https://www.greenhouse.com/contact
GREENWICH HOSPITAL,5 Perryridge Road,Greenwich,CT,06830,true,Greenwich Hospital (Yale New Haven Health): Address matches published address exactly. (researched and checked 2026-09-24),Yale New Haven Health official contact page for Greenwich Hospital,https://www.greenwichhospital.org/about/contact-us
GSA,1800 F St NW,Washington,DC,20405,true,U.S. General Services Administration: Address matches published address exactly. (researched and checked 2026-09-24),USA.gov federal agency directory listing for GSA,https://www.usa.gov/agencies/general-services-administration
GSK,"2929 Walnut Street, Suite 1700",Philadelphia,PA,19104,true,GSK (GlaxoSmithKline): Address matches published address exactly. (researched and checked 2026-09-24),GSK official US contact page,https://us.gsk.com/en-us/contact-us/
GUARDIAN PHARMACY,"300 Galleria Parkway SE, Suite 800",Atlanta,GA,30339,true,"Guardian Pharmacy Services, Inc.: Address matches published address exactly. (researched and checked 2026-09-24)",SEC EDGAR company filing address (CIK 0001802255),https://data.sec.gov/submissions/CIK0001802255.json
GUIDEPOST STRATEGIES,"1401 H Street NW, 5th Floor",Washington,DC,20005,true,GuidePost Strategies: LinkedIn gives 1401 H Street NW; the building's ZIP is 20005 per https://www.sec.gov/Archives/edgar/data/319676/000113322826001277/cfbf-efp22605_ex99iv.htm. The company site returns 403. (researched and checked 2026-09-24),GuidePost Strategies - LinkedIn company page (street); SEC exhibit letterhead for building ZIP,https://www.linkedin.com/company/guidepost-strategies
GURSTEL LAW FIRM PC,9320 E Raintree Drive,Scottsdale,AZ,85260,true,"Gurstel Law Firm, P.C. - Arizona office: The firm's Arizona office fits the Scottsdale donors; the HQ is 6681 Country Club Drive, Golden Valley MN 55427. (researched and checked 2026-09-24)",Gurstel Law Firm - Contact Us (office locations),https://www.gurstel.com/contact-us
GXO,Two American Lane,Greenwich,CT,06831,true,"GXO Logistics, Inc.: Address matches published address exactly. (researched and checked 2026-09-24)",SEC EDGAR company filing address (CIK 0001852244),https://www.sec.gov/cgi-bin/browse-edgar?action=getcompany&company=GXO+Logistics&type=10-K&dateb=&owner=include&count=40&output=atom
HARRIS WILLIAMS,"1001 Haxall Point, 9th Floor",Richmond,VA,23219,true,"Harris Williams & Co.: Current HQ street is 1001 Haxall Point, not the published 1001 Fleet St. (researched and checked 2026-09-24)",Harris Williams LinkedIn company page,https://www.linkedin.com/company/harris-williams
HARTREE PARTNERS,1185 Avenue of the Americas,New York,NY,10036,true,"Hartree Partners, LP: Current SEC filer address is 1185 Ave of the Americas, not the published 1 State St. (researched and checked 2026-09-24)","SEC EDGAR company filing address (CIK 0001597857), recent Form 4 filings through Sept 2026",https://data.sec.gov/submissions/CIK0001597857.json
HBK CAPITAL MANAGEMENT,"452 Fifth Avenue, Suite 2200",New York,NY,10018,true,"HBK Capital Management - HBK New York LLC: The NY office fits the New York donor; the HQ is HBK Services LLC, 2300 North Field St. Suite 2200, Dallas TX 75201. (researched and checked 2026-09-24)",HBK - Offices,https://www.hbk.com/offices
HBO,30 Hudson Yards,New York,NY,10001,true,HBO (Warner Bros. Discovery): Address matches published address exactly. (researched and checked 2026-09-24),HBO LinkedIn company page,https://www.linkedin.com/company/hbo
HCA,One Park Plaza,Nashville,TN,37203,true,"HCA Healthcare, Inc.: Address matches published address exactly. (researched and checked 2026-09-24)",SEC EDGAR company filing address (CIK 0000860730),https://data.sec.gov/submissions/CIK0000860730.json
HDT GLOBAL,"30500 Aurora Road, Suite 100",Solon,OH,44139,true,HDT Global (now BLADE/HDT Global): Address matches published address exactly. (researched and checked 2026-09-24),HDT Global (BLADE) LinkedIn company page,https://www.linkedin.com/company/hdt-global
HEALTHFIRST,3300 S Fiske Blvd,Rockledge,FL,32955,true,"Health First, Inc. (Brevard County FL health system): The physician donor is tied to Health First via the NPI mailing address, which matches Health First Inc's IRS address (hf.org is blocked here). The Centennial CO office manager's employer could not be identified; it is not the NYC Healthfirst either. (researched and checked 2026-09-24)",ProPublica Nonprofit Explorer API - Health First Inc (EIN 593528774),https://projects.propublica.org/nonprofits/api/v2/organizations/593528774.json
HEIDEMAN NUDELMAN & KALIK PC,"5335 Wisconsin Avenue NW, Suite 440",Washington,DC,20015,true,"Heideman Nudelman & Kalik, PC: Firm relocated from 1140 19th St NW (published) to 5335 Wisconsin Avenue NW. (researched and checked 2026-09-24)",Heideman Nudelman & Kalik official contact page,https://www.hnklaw.com/contact
HEIGHTS ADVISORS,"140 Remsen St, 2nd Fl",Brooklyn,NY,11201,true,Heights Advisors LLC: Real estate investment/development firm; published address matches directory listing exactly. (researched and checked 2026-09-24),PincusCo company profile,https://www.pincusco.com/company/heights-advisors/
HELLER INDUSTRIES,4 Vreeland Road,Florham Park,NJ,07932,true,"Heller Industries, Inc.: Published address matches company headquarters. (researched and checked 2026-09-24)",Heller Industries contact page,https://www.hellerindustries.com/contact/
HERZL-NER TAMID CONSERVATIVE CONGREGATION,3700 E Mercer Way,Mercer Island,WA,98040,true,Herzl-Ner Tamid Conservative Congregation: Synagogue is on Mercer Island WA (matches Bellevue WA rabbi donor); published Skokie IL address is wrong. (researched and checked 2026-09-24),WLCJ North by Northwest Region listing,https://www.wlcjregion.org/nxnw/?location=congregation-herzl-ner-tamid-2
HIGHTECHLENDING,"2030 Main St, Suite 500",Irvine,CA,92614,true,"HighTechLending, Inc.: Published address matches corporate headquarters. (researched and checked 2026-09-24)",HighTechLending contact page,https://hightechlending.com/contact-us/
HIGHTOWER,"200 W Madison St, 25th Floor",Chicago,IL,60606,true,Hightower Advisors: Published address (Ste 2500) matches HQ 25th floor listing. (researched and checked 2026-09-24),Hightower contact page,https://hightoweradvisors.com/contact/
HILLEL,800 Eighth St NW,Washington,DC,20001,true,Hillel International: Published address matches Hillel International headquarters. (researched and checked 2026-09-24),Hillel International contact page,https://www.hillel.org/contact-hillel/
HMH,30 Prospect Avenue,Hackensack,NJ,07601,true,"Hackensack Meridian Health (Hackensack University Medical Center): HMH = Hackensack Meridian Health for a Bergen County NJ physician; its flagship hospital, Hackensack University Medical Center, is at 30 Prospect Avenue, Hackensack NJ 07601 (next to Englewood). The system's mailing office is 1 Wellbrook Place, Iselin NJ 08830. (researched and checked 2026-09-24)",Hackensack Meridian Health - Hackensack University Medical Center location page,https://www.hackensackmeridianhealth.org/en/locations/hackensack-university-medical-center
HODGES WARD ELLIOTT,"3384 Peachtree Rd NE, 6th Floor",Atlanta,GA,30326,true,Hodges Ward Elliott: Published address matches the firm own Atlanta office listing exactly. (researched and checked 2026-09-24),Hodges Ward Elliott offices page,https://hodgeswardelliott.com/offices/
HOSPITAL FOR SPECIAL SURGERY,535 East 70th St,New York,NY,10021,true,Hospital for Special Surgery: Published address matches HSS main campus. (researched and checked 2026-09-24),HSS official site footer,https://www.hss.edu/about-hss-contact-us.asp
HPE,1701 E Mossy Oaks Road,Spring,TX,77389,true,Hewlett Packard Enterprise Company: Published address matches HPE corporate headquarters. (researched and checked 2026-09-24),HPE investor relations page,https://www.hpe.com/us/en/about/company-information.html
HUDSON ADVISORS,,,,,true,"INVALID: ambiguous: Candidates: (1) Hudson Advisors L.P. (Lone Star Funds affiliate), 2711 N Haskell Ave Suite 1800, Dallas TX 75204 per SEC (last filing 2022); (2) Hudson Advisors LLC RIA, 237 Main St Suite 600, Buffalo NY 14203 (also Greenwich CT and Vero Beach FL) per hudsonadvisors.com. The published 301 Commerce St address is unsupported. (researched and checked 2026-09-24)",,
IBG HOLDINGS,1 Pickwick Plaza,Greenwich,CT,06830,true,IBG LLC (Interactive Brokers Group): Published address matches SEC filer business address exactly. (researched and checked 2026-09-24),SEC EDGAR company filing page,https://www.sec.gov/cgi-bin/browse-edgar?action=getcompany&company=IBG+LLC&type=&dateb=&owner=include&count=40
IDW,2765 Truxtun Rd,San Diego,CA,92106,true,IDW Media Holdings / IDW Entertainment: Published address matches company's own legal notice address. (researched and checked 2026-09-24),IDW Entertainment Terms and Conditions page,https://www.idwentertainment.com/terms-and-conditions/
IFC CO,,New York,NY,10024,true,"Home-based business, town only: One-person registered investment adviser, the donor's own firm; the IAPD office is a unit in a residential building on the Upper West Side, so street withheld. Not the World Bank IFC. (researched and checked 2026-09-24)",SEC IAPD firm record (CRD 126344),https://api.adviserinfo.sec.gov/search/firm?query=IFC%20Personal&hl=true&nrows=12&start=0&r=25&sort=score%2Bdesc&wt=json
IGN,2231 S Barrington Ave,Los Angeles,CA,90064,true,IGN Entertainment: Published address matches IGN headquarters exactly. (researched and checked 2026-09-24),Bandana company location listing,https://bandana.com/companies/10c23598-8845-4392-a72b-cfcffbd51283/locations/a2debd94-9c9c-43d0-82a8-7ca659ad3f8e
IKO INDUSTRIES,"6 Denny Rd, Suite 200",Wilmington,DE,19809,true,IKO Industries Ltd: Published address matches company's US corporate address. (researched and checked 2026-09-24),Yahoo Local business listing,https://local.yahoo.com/info-214296336-iko-industries-ltd-wilmington
IMA FINANCIAL GROUP,14221 Dallas Pkwy,Dallas,TX,75254,true,"IMA Financial Group (Dallas office): Dallas office of IMA Financial Group (listing links imacorp.com; phone 972-458-8700); fits the Dallas donors. Company Wichita office per TX Comptroller is 430 E Douglas Ave Ste 400, Wichita KS 67202; the published 8200 E 32nd St N appears outdated. No suite shown. (researched and checked 2026-09-24)","YellowPages - IMA Financial Group, Dallas TX",https://www.yellowpages.com/dallas-tx/mip/ima-financial-group-571177578
IMPCO,,,,,true,"INVALID: not_found: The 'IMPCO' of a Portland OR property manager is not identified; the published 5757 Farinon Dr San Antonio address belongs to IMPCO/EControls (a fuel-systems maker), which does not fit. Its contact page now returns 404. (researched and checked 2026-09-24)",,
IMPERIAL DADE,9500 Glades Drive,West Chester Township,OH,45011,true,Imperial Brady (formerly Imperial Dade) - Cincinnati Distribution Center: Imperial Dade merged with BradyPLUS (Imperial Brady). The Cincinnati-area branch fits the Cincinnati donor. The locations page lists Jersey City NJ (255 Route 1 & 9) and Las Vegas NV as headquarters; the Edison Fieldcrest Ave site is no longer listed. (researched and checked 2026-09-24),Imperial Brady - Locations,https://www.imperialbrady.com/locations
INCEPTIV,"3975 Landmark St, Suite 1400",Culver City,CA,90232,true,Inceptiv (investment firm): Published address matches firm's own contact page exactly; distinct from unrelated design agency inceptiv.co. (researched and checked 2026-09-24),Inceptiv contact page,https://www.inceptiv.com/contact
INCYTE,1801 Augustine Cut-Off,Wilmington,DE,19803,true,Incyte Corporation: Published address matches SEC filer business address. (researched and checked 2026-09-24),SEC EDGAR company filing page,https://www.sec.gov/cgi-bin/browse-edgar?action=getcompany&company=incyte&type=10-K&dateb=&owner=include&count=10
INFORMA,"605 3rd Avenue, 22nd Floor",New York,NY,10158,true,"Informa (New York office): Informa PLC (London HQ) runs its New York office at 605 3rd Ave, 22nd Fl, as listed by Informa Connect; the Informa Markets contact page also names New York as a main office. The donor's exact division is unknown. The 225 Liberty St address could not be supported. (researched and checked 2026-09-24)",Informa Connect - Contact us (office locations),https://www.informaconnect.com/contact-us/
INGENUS PHARMACEUTICALS,"4901 Vineland Road, Suite 260",Orlando,FL,32811,true,Ingenus Pharmaceuticals: Published address matches corporate headquarters exactly. (researched and checked 2026-09-24),Ingenus Pharmaceuticals contact page,https://www.ingenus.com/contact/
INOAPPS,"5177 Richmond Avenue, Suite 200",Houston,TX,77056,true,Inoapps: Published address matches company's own listed US office. (researched and checked 2026-09-24),Inoapps contact page (US office),https://inoapps.com/contact-us/
INOVA,8095 Innovation Park Drive,Fairfax,VA,22031,true,"Inova Health System: Inova's current system office per its own site (Inova Center for Personalized Health campus); the old 8110 Gatehouse Rd, Falls Church address is no longer listed. It fits the Rockville MD physician (no MD office chosen). (researched and checked 2026-09-24)",Inova - Contact Us,https://www.inova.org/contact-us
INSIGHT GLOBAL,"1224 Hammond Drive, Suite 1500",Atlanta,GA,30346,true,Insight Global: Published address matches corporate headquarters exactly. (researched and checked 2026-09-24),Insight Global locations page,https://insightglobal.com/contact/
INTERNAL REVENUE SERVICE,,,,,true,"INVALID: generic_no_office: Large federal agency with many field/service offices nationwide; donor (IT Specialist, Bowie MD) does not necessarily work at DC headquarters, so no single meaningful office applies. (researched and checked 2026-09-24)",,
INTERNATIONAL INTIMATES,"31 West 34th Street, 9th Floor",New York,NY,10001,true,"International Intimates, Inc.: Published address matches company's own site schema.org address data exactly. (researched and checked 2026-09-24)",International Intimates official site (structured data),https://www.internationalintimates.com/
IPFS,"1055 Broadway Blvd, 11th Floor",Kansas City,MO,64105,true,"IPFS (Imperial PFS, insurance premium finance): Published address matches company's Kansas City office exactly. (researched and checked 2026-09-24)",IPFS locations page,https://www.ipfs.com/locations/
IQVIA,2400 Ellis Road,Durham,NC,27703,true,"IQVIA Holdings Inc.: SEC filer business address is 2400 Ellis Road, not the published 4820 Emperor Blvd (both Durham NC 27703). (researched and checked 2026-09-24)",SEC EDGAR company filing page,https://www.sec.gov/cgi-bin/browse-edgar?action=getcompany&company=iqvia&type=10-K&dateb=&owner=include&count=10
IRA FINANCIAL,5109 S Broadband Ln,Sioux Falls,SD,57108,true,IRA Financial Trust: Published address matches current HQ; re-confirmed. (researched and checked 2026-09-24),IRA Financial contact page,https://www.irafinancial.com/about-us/contact-us/
IRONGATE,"10877 Wilshire Blvd, Suite 2300",Los Angeles,CA,90024,true,Irongate: Published address matches firm's LA office; re-confirmed. (researched and checked 2026-09-24),Irongate Group contact page,https://www.irongp.com/contact-us/
JACKSON LEWIS,"666 3rd Ave, 28th Floor",New York,NY,10017,true,Jackson Lewis P.C.: Published address matches firm's NYC office; re-confirmed. (researched and checked 2026-09-24),Jackson Lewis locations page,https://www.jacksonlewis.com/locations/new-york-city
JAMAICA HOSPITAL MEDICAL CENTER,8900 Van Wyck Expressway,Jamaica,NY,11418,true,Jamaica Hospital Medical Center: Published Parsons Blvd address is wrong; hospital's own site lists Van Wyck Expressway address; re-confirmed. (researched and checked 2026-09-24),Jamaica Hospital Medical Center official site footer,https://jamaicahospital.org/contact-us/
JAMS,"71 S. Wacker Drive, Suite 2400",Chicago,IL,60606,true,"JAMS (Chicago Resolution Center): Donor (mediator, retired) is based in Evanston IL/Chicago metro; JAMS has a Chicago Resolution Center matching donor's metro, which better fits than the published Irvine CA address. (researched and checked 2026-09-24)",JAMS Chicago office page,https://www.jamsadr.com/chicago
JBG SMITH,"4747 Bethesda Avenue, Suite 200",Bethesda,MD,20814,true,JBG SMITH Properties: Published Chevy Chase address is outdated; SEC filer business address is Bethesda Ave; re-confirmed. (researched and checked 2026-09-24),SEC EDGAR company filing page,https://www.sec.gov/cgi-bin/browse-edgar?action=getcompany&company=JBG+SMITH&type=10-K&dateb=&owner=include&count=10
JBS HOLDING,,,,,true,INVALID: not_found: Could not confirm a real estate organisation named JBS Holding tied to a NY-based donor; published address matches JBS USA meatpacker HQ (Greeley CO) which appears unrelated to a NY real estate professional donor. (researched and checked 2026-09-24),,
JCC ASSOCIATION OF NORTH AMERICA,"520 8th Avenue, Room 1204",New York,NY,10018,true,JCC Association of North America: Same building as the published address; the IRS record gives the current room as 1204 (not 4th Floor). It fits the Tenafly NJ executive. (researched and checked 2026-09-24),"ProPublica Nonprofit Explorer API (IRS record, EIN 13-5599486)",https://projects.propublica.org/nonprofits/api/v2/organizations/135599486.json
JCRC OF GREATER WASHINGTON,"6101 Executive Boulevard, Suite 300",North Bethesda,MD,20852,true,Jewish Community Relations Council of Greater Washington: Published address matches organization own contact page exactly. (researched and checked 2026-09-24),JCRC of Greater Washington contact page,https://jcouncil.org/contact/
JE RICHARDS,4600 Hargrove Drive,Lanham,MD,20706,true,"J.E. Richards, Inc.: Published address matches company's Maryland office exactly. (researched and checked 2026-09-24)",J.E. Richards contact page,https://www.jerichards.com/contact-us
JELMARLLC.COB,"5550 W Touhy Ave, Suite 200",Skokie,IL,60077,true,"Jelmar LLC (CLR Brands): Prior spot check already confirmed via clrbrands.com; site loaded but did not display street address text in this session, so confidence relies on the earlier confirmed check plus general knowledge that Jelmar/CLR is Skokie IL based. (researched and checked 2026-09-24)",CLR Brands official site (clrbrands.com),https://clrbrands.com/
JINSA,"1101 14th St NW, Suite 1030",Washington,DC,20005,true,Jewish Institute for National Security of America (JINSA): JINSA's DC office in the same building as published; the IRS record gives Suite 1030 (published said 1400). The donors are FL fundraising staff; no Florida office found. (researched and checked 2026-09-24),"ProPublica Nonprofit Explorer API (IRS record, EIN 52-1233683)",https://projects.propublica.org/nonprofits/api/v2/organizations/521233683.json
JTS,,,,,true,INVALID: not_found: Could not identify a reliable organisation named JTS at the published Dallas TX address matching an attorney donor in Mount Pleasant SC; site unreachable and no directory confirmation found. (researched and checked 2026-09-24),,
JUMP OPERATIONS LLC,"600 W Chicago Ave, Suite 825",Chicago,IL,60654,true,"Jump Trading, LLC: Published address (Ste 600) is same building as SEC filer address (Ste 825); minor suite difference acceptable. (researched and checked 2026-09-24)",SEC EDGAR company filing page,https://www.sec.gov/cgi-bin/browse-edgar?action=getcompany&CIK=0001520770&type=&dateb=&owner=include&count=5
KABR GROUP,"34 South Dean St, Suite 200",Englewood,NJ,07631,true,The KABR Group: Published address matches corporate headquarters exactly. (researched and checked 2026-09-24),KABR Group contact page,https://www.kabrgroup.com/contact/
KAJEET,"8607 Westwood Center Drive, Suite 390",Tysons,VA,22182,true,"Kajeet, Inc.: Kajeet's current contact address per its own privacy policy; the published Reston 1791 Preuss Rd and the SEC 2011 Bethesda address are unsupported/outdated. (researched and checked 2026-09-24)",Kajeet - Privacy Policy (contact information),https://www.kajeet.com/privacy-policy
KANSAS CITY JEWISH CHRONICLE,"5801 W 115th St, Suite 201",Overland Park,KS,66211,true,"Jewish Federation of Greater Kansas City (publisher of the Chronicle): The Chronicle is now published by the Jewish Federation of Greater Kansas City, headquartered at this address; matches published exactly. (researched and checked 2026-09-24)",Jewish Federation of Greater Kansas City official site,https://www.jewishkansascity.org/
KATTEN MUCHIN ROSENMAN LLP,525 West Monroe Street,Chicago,IL,60661,true,Katten Muchin Rosenman LLP: Published address matches firm's Chicago office exactly. (researched and checked 2026-09-24),Katten locations page,https://katten.com/about/offices
KCC,,,,,true,"INVALID: ambiguous: Candidates: Krebs Communications Corp. (NY entertainment management; the NY DOS location looks residential, so no street) and Kurtzman Carson Consultants/Verita Global (222 N Pacific Coast Hwy, 3rd Floor, El Segundo CA 90245). The DC lawyer's KCC is unidentified. (researched and checked 2026-09-24)",,
KELLER WILLIAMS,"1221 S Mopac Expy, Suite 400",Austin,TX,78746,true,"Keller Williams Realty, Inc.: Could not independently open a page confirming the exact street this session due to site protection, but no contradicting information found; published address is KW's long-standing headquarters. (researched and checked 2026-09-24)",Unable to open kw.com directly (Cloudflare-blocked); relying on well-established public knowledge of KW's Austin world headquarters address,https://www.kw.com/
KELLY SCIENCE & CLINICAL,999 West Big Beaver Rd,Troy,MI,48084,true,"Kelly Services, Inc. (parent of Kelly Science & Clinical): Published Arlington VA address could not be tied to Kelly Services/Kelly Science & Clinical (prior spot check flagged this); Kelly Services corporate HQ is Troy, MI. No MA/VA office found to match donor location, so using HQ per rules. (researched and checked 2026-09-24)",SEC EDGAR company filing page,https://www.sec.gov/cgi-bin/browse-edgar?action=getcompany&company=kelly+services&type=10-K&dateb=&owner=include&count=10
KENTWOOD,"4949 S Niagara St, Suite 400",Denver,CO,80237,true,"Kentwood Real Estate: Kentwood Real Estate's principal office (DTC), per the Colorado SOS; it fits the Englewood CO realtor. The Cherry Creek office at 215 Saint Paul St Ste 200 is also listed in directories. (researched and checked 2026-09-24)",Colorado Secretary of State business entities (data.colorado.gov),https://data.colorado.gov/resource/4ykn-tg5h.json?$where=upper(entityname)%20like%20%27KENTWOOD%25%27
KHC,One PPG Place,Pittsburgh,PA,15222,true,The Kraft Heinz Company: Published address matches SEC filer business address exactly (KHC is Kraft Heinz's NASDAQ ticker). (researched and checked 2026-09-24),SEC EDGAR company filing page,https://www.sec.gov/cgi-bin/browse-edgar?action=getcompany&CIK=0001637459&type=10-K&dateb=&owner=include&count=5
KILPATRICK TOWNSEND & STOCKTON LLP,3 Times Square,New York,NY,10036,true,"Kilpatrick Townsend & Stockton LLP (New York office): New York office of the firm, which fits all the NY donors. The firm HQ is 1100 Peachtree Street NE, Suite 2800, Atlanta GA 30309. (researched and checked 2026-09-24)",Kilpatrick Townsend - New York office,https://ktslaw.com/Locations/NewYork
KING & SPALDING,"1180 Peachtree Street NE, Suite 1600",Atlanta,GA,30309,true,King & Spalding LLP: Published address matches firm's own Atlanta office listing exactly. (researched and checked 2026-09-24),King & Spalding Atlanta office page,https://www.kslaw.com/offices/atlanta
KOTEL PARTNERS,,,,,true,"INVALID: not_found: No reliable public office found for an organisation named Kotel Partners; the domain kotelpartners.com does not resolve, and web search only returns results about the Western Wall (Kotel) landmark, unrelated to any company. (researched and checked 2026-09-24)",,
KRAMER BEVERAGE,161 2nd Road,Hammonton,NJ,08037,true,Kramer Beverage: Published address matches company's own contact page exactly. (researched and checked 2026-09-24),Kramer Beverage contact page,https://www.kramerbev.com/contact-us/
KYNDRYL,"1 Vanderbilt Ave, 15th Floor",New York,NY,10017,true,"Kyndryl Holdings, Inc.: Company's own site lists corporate headquarters as 1 Vanderbilt Ave, not the published 350 Park Ave. (researched and checked 2026-09-24)",Kyndryl contact us page,https://www.kyndryl.com/us/en/about-us/contact-us
L3HARRIS,1025 W NASA Blvd,Melbourne,FL,32919,true,L3Harris Technologies: Published address matches corporate headquarters exactly. (researched and checked 2026-09-24),L3Harris contact us page,https://www.l3harris.com/contact-us
LANE ENTERPRISES,"275 Grandview Ave, Suite 300",Camp Hill,PA,17011,true,"Lane Enterprises, Inc.: Published address matches corporate headquarters exactly. (researched and checked 2026-09-24)",Lane Enterprises contact page,https://www.lane-enterprises.com/contact-us/
LATHROP GAGE,"2029 Century Park East, Suite 1280N",Los Angeles,CA,90067,true,"Lathrop GPM LLP (formerly Lathrop Gage) - Los Angeles office: Lathrop Gage is now Lathrop GPM; its Los Angeles office fits the Encino donor. The Kansas City HQ is 2323 Grand Blvd, Suite 800, Kansas City MO 64108. (researched and checked 2026-09-24)",Lathrop GPM - Locations,https://www.lathropgpm.com/locations/
LATHROPGPM,2323 Grand Blvd,Kansas City,MO,64108,true,"Lathrop GPM LLP: Firm address is 2323 Grand Blvd, not 2345 Grand Blvd as published. (researched and checked 2026-09-24)",Lathrop GPM website footer,https://www.lathropgpm.com/offices/kansas-city
LOCKTON,"444 W 47th St, Suite 900",Kansas City,MO,64112,true,Lockton Companies: Published address matches Lockton global headquarters. (researched and checked 2026-09-24),Lockton official office listing,https://global.lockton.com/offices/us-kansas-city-headquarters
LOEB & LOEB LLP,"10100 Santa Monica Blvd, Suite 2200",Los Angeles,CA,90067,true,Loeb & Loeb LLP: Published 22nd Floor matches firm current Suite 2200 listing. (researched and checked 2026-09-24),Loeb & Loeb LA office page,https://www.loeb.com/en/locations/los-angeles
LAW OFFICES AND BERSHIRE HATHAWAY,,,,,true,"INVALID: ambiguous: Record appears to merge two different NJ-area employers for two different filers: a small solo law practice in Ventnor, and a Berkshire Hathaway HomeServices Fox & Roach real estate franchise office near Margate City. Cannot assign one office address to the combined employer text. (researched and checked 2026-09-24)",,
LAW OFFICES OF ELLYN BANK DUGOW PC,,West Palm Beach,FL,33401,true,"Home-based business, town only: Solo law practice; its registered address is a residential unit, so no street is given. (researched and checked 2026-09-24)",NY State attorney registration (data.ny.gov),https://data.ny.gov/resource/eqw2-r5nb.json
"LAW OFFICES OF KEITH J. COHEN, ESQUIRE PC","595 Skippack Pike, Suite 200",Blue Bell,PA,19422,true,"Law Offices of Keith J. Cohen, Esquire, P.C.: Street number is 595 Skippack Pike, not 585 as published; confirmed by firm site and PA attorney registry. (researched and checked 2026-09-24)",Firm website contact page; PA Disciplinary Board attorney registry,https://keithcohenlaw.com/contact-us/
LCA BANK CORP,"310 S Main St, Suite 900",Salt Lake City,UT,84101,true,Milestone Bank (formerly LCA Bank Corporation): LCA Bank Corporation completed rebranding to Milestone Bank in Dec 2023; the published address is the current office. (researched and checked 2026-09-24),Milestone Bank contact page,https://www.milestonebank.com/contact-us
LINKEDIN,1000 W Maude Ave,Sunnyvale,CA,94085,true,LinkedIn Corporation: Published address matches LinkedIn global headquarters. (researched and checked 2026-09-24),LinkedIn Careers Sunnyvale HQ page,https://careers.linkedin.com/Locations/SunnyvaleHQ
LISCR,22980 Indian Creek Dr,Sterling,VA,20166,true,"LISCR, LLC (The Liberian Registry): Published Duke St Alexandria address is outdated; current US office is in Sterling/Dulles VA. (researched and checked 2026-09-24)",Business directory listing (Buzzfile),https://www.buzzfile.com/business/L-I-S-C-R-703-790-3434
LOMAX CARPET AND TILE MART,230 N Dupont Hwy,New Castle,DE,19720,true,Lomax Carpet & Tile Mart: Published address matches current store location. (researched and checked 2026-09-24),Yellow Pages listing,https://www.yellowpages.com/new-castle-de/lomax-carpet-tile-mart
LONG AND FOSTER,"14501 George Carter Way, Suite 100",Chantilly,VA,20151,true,"Long & Foster Companies, Inc.: Published address matches corporate headquarters. (researched and checked 2026-09-24)",Long & Foster corporate listing (BBB),https://www.bbb.org/us/va/chantilly/profile/real-estate/long-foster-companies-inc-0241-11683
LORD ABBETT,30 Hudson St,Jersey City,NJ,07302,true,"Lord, Abbett & Co. LLC: Firm relocated its global headquarters from 90 Hudson St to 30 Hudson St in Jersey City. (researched and checked 2026-09-24)",Lord Abbett press release,https://www.lordabbett.com/corporate/public-user/about-us/media-relations/press-release/lord-abbett-opens-new-global-headquarters-in-jersey-city.html
LOWES,1000 Lowes Blvd,Mooresville,NC,28117,true,"Lowe's Companies, Inc.: Published address matches SEC-registered corporate headquarters. (researched and checked 2026-09-24)",SEC EDGAR company filing address,https://www.sec.gov/cgi-bin/browse-edgar?action=getcompany&company=lowes+companies&type=10-K
LUNDBECK,6 Parkway North,Deerfield,IL,60015,true,Lundbeck US: Published address matches Lundbeck US headquarters. (researched and checked 2026-09-24),Lundbeck contact page,https://www.lundbeck.com/us/en/contact
MAGNITE,"1250 Broadway, 9th Floor",New York,NY,10001,true,"Magnite, Inc.: Published address matches SEC-registered corporate address. (researched and checked 2026-09-24)",SEC EDGAR company filing address,https://data.sec.gov/submissions/CIK0001595974.json
MERCK,126 East Lincoln Ave,Rahway,NJ,07065,true,"Merck & Co., Inc.: Merck relocated its headquarters from Kenilworth to Rahway, NJ; published Kenilworth address is outdated. (researched and checked 2026-09-24)",SEC EDGAR company filing address,https://data.sec.gov/submissions/CIK0000310158.json
MEDPACE,5375 Medpace Way,Cincinnati,OH,45227,true,"Medpace Holdings, Inc.: Published Kenton St address is outdated; current corporate headquarters is Medpace Way. (researched and checked 2026-09-24)",SEC EDGAR company filing address,https://data.sec.gov/submissions/CIK0001668397.json
MOTOROLA SOLUTIONS,500 W Monroe St,Chicago,IL,60661,true,"Motorola Solutions, Inc.: Published address matches SEC-registered corporate headquarters. (researched and checked 2026-09-24)",SEC EDGAR company filing address,https://data.sec.gov/submissions/CIK0000068505.json
MOVADO GROUP,"650 From Rd, Suite 375",Paramus,NJ,07652,true,"Movado Group, Inc.: Published address matches SEC-registered corporate headquarters. (researched and checked 2026-09-24)",SEC EDGAR company filing address,https://data.sec.gov/submissions/CIK0000072573.json
NUVEEN,333 W Wacker Dr,Chicago,IL,60606,true,Nuveen: Published address matches SEC-registered Nuveen headquarters address. (researched and checked 2026-09-24),SEC EDGAR fund filing address,https://data.sec.gov/submissions/CIK0000812801.json
LT APPAREL GROUP,2 Park Ave,New York,NY,10016,true,LT Apparel Group: Published address matches company's corporate headquarters listing. (researched and checked 2026-09-24),LT Apparel Group contact page,https://www.ltapparel.com
LUKE'S LOBSTER,60 Portland Pier,Portland,ME,04101,true,Luke's Lobster: Company contact address in the 2026 privacy policy; the Portland Pier site is also a Luke's location. The Saco Industrial Park Rd site is the production facility. (researched and checked 2026-09-24),Luke's Lobster Privacy Policy,https://lukeslobster.com/pages/privacy-policy
MAI CAPITAL MANAGEMENT LLC,"6050 Oak Tree Blvd, Suite 500",Cleveland,OH,44131,true,"MAI Capital Management, LLC: Published address matches firm's registered advisory office. (researched and checked 2026-09-24)",WiserAdvisor financial advisor listing,https://wiseradvisor.com/financial-advisors/ohio/cleveland/mai-capital-management-llc/2002733/
MARC J. BERN & PARTNERS LLP,"60 East 42nd St, Suite 1400",New York,NY,10165,true,"Marc J. Bern & Partners LLP: Firm office is One Grand Central Place, 60 East 42nd St, not 245 Park Ave as published. (researched and checked 2026-09-24)",Firm website contact page,https://bernllp.com/contact-us/
MARINER WEALTH ADVISORS,"5700 W 112th St, Suite 200",Overland Park,KS,66211,true,Mariner Wealth Advisors: Published address matches firm's Overland Park headquarters office. (researched and checked 2026-09-24),Mariner Wealth Advisors Overland Park location page,https://www.marinerwealthadvisors.com/locations/overland-park-kansas/
MARS SCIENCE & DIAGNOSTICS,6885 Elm St,McLean,VA,22101,true,"Mars, Incorporated (Science & Diagnostics division): Mars Science & Diagnostics is a division of Mars, Incorporated; published address matches Mars global headquarters. (researched and checked 2026-09-24)",Food Processing company directory listing,https://www.foodprocessing.com/directory/company/11392612/mars-inc
MEDICAL FACILITIES OF AMERICA,2917 Penn Forest Blvd SW,Roanoke,VA,24018,true,"Medical Facilities of America: Dozens of MFA-affiliated nursing/rehab facility partnership entities are registered at this Roanoke corporate address, matching the published address. (researched and checked 2026-09-24)",NPI Registry (CMS) organizational address lookup,https://npiregistry.cms.hhs.gov/api/?organization_name=Medical+Facilities+of+America*&version=2.1
MASSMUTUAL,1295 State St,Springfield,MA,01111,true,"Massachusetts Mutual Life Insurance Company: MassMutual's registered headquarters address is 1295 State Street, not 1 Financial Plaza as published. (researched and checked 2026-09-24)",SEC EDGAR company filer address,https://www.sec.gov/cgi-bin/browse-edgar?action=getcompany&company=massachusetts+mutual+life&type=&dateb=&owner=include&count=40
MAYER BROWN,71 South Wacker Dr,Chicago,IL,60606,true,Mayer Brown LLP: Published address matches firm's Chicago office. (researched and checked 2026-09-24),Mayer Brown Chicago office page,https://www.mayerbrown.com/en/locations/chicago
MAYO,200 1st St SW,Rochester,MN,55905,true,Mayo Clinic: Published address matches Mayo Clinic's Rochester campus. (researched and checked 2026-09-24),NPI Registry (CMS) organizational address lookup,https://npiregistry.cms.hhs.gov/api/?organization_name=Mayo+Clinic&city=Rochester&state=MN&version=2.1
MCGUIREWOODS,"Gateway Plaza, 800 East Canal St",Richmond,VA,23219,true,McGuireWoods LLP: Published address matches firm's Richmond headquarters office. (researched and checked 2026-09-24),McGuireWoods Richmond office page,https://www.mcguirewoods.com/locations/richmond
MEATEATER,131 Discovery Dr,Bozeman,MT,59718,true,"MeatEater, Inc.: Company HQ address from its own terms and privacy pages; the CA donor is an executive and there is no CA office. (researched and checked 2026-09-24)",MeatEater Terms of Use,https://www.themeateater.com/about-us/terms-of-use
MET COUNCIL ON JEWISH POVERTY,"1 State Street Plaza, 24th Floor",New York,NY,10004,true,Metropolitan Council on Jewish Poverty: Organization's current office is 1 State Street Plaza; published 232 E 1st St address is outdated. (researched and checked 2026-09-24),Met Council contact page,https://metcouncil.org/contact-us
MIAMI MARLINS,501 Marlins Way,Miami,FL,33125,true,Miami Marlins (loanDepot Park): Published address matches team's stadium/office address. (researched and checked 2026-09-24),Wikipedia loanDepot Park article,https://en.wikipedia.org/wiki/LoanDepot_Park
MIDLANTIC BANK N A,,,,,true,INVALID: not_found: Midlantic Bank N.A. was acquired by PNC Bank in 1996 and no longer exists as a distinct organization with a current office. (researched and checked 2026-09-24),,
MILLENNIUM HEALTHCARE,,,,,true,"INVALID: not_found: Multiple unrelated organizations use this generic name (NPI registry shows entities in IN, NJ, NV, GA, CA but none in Melville NY); could not confirm which is the correct employer or its current address. (researched and checked 2026-09-24)",,
MINTZ LEVIN,One Financial Center,Boston,MA,02111,true,"Mintz, Levin, Cohn, Ferris, Glovsky and Popeo, P.C.: Published address matches firm's Boston headquarters office. (researched and checked 2026-09-24)",Mintz Boston office page,https://www.mintz.com/offices/boston
MISSION PEAK CAPITAL,,,,,true,"INVALID: not_found: SEC investment adviser registry shows a similarly named Mission Peak Capital Advisors LLC as inactive, registered at a different Kansas City address (300 E 39th St); could not confirm the published 1908 Main St address on any opened source. (researched and checked 2026-09-24)",,
MOISHE HOUSE,"441 Saxony Rd, Barn 2",Encinitas,CA,92024,true,Moishe House (Mem Global): IRS records confirm this as the organization's address as of its most recent filing; organization has since rebranded publicly as Mem Global but retains this hub office. (researched and checked 2026-09-24),ProPublica Nonprofit Explorer (IRS Form 990 data),https://projects.propublica.org/nonprofits/api/v2/organizations/262599786.json
MONUMENT ADVOCACY,"975 F St NW, Suite 400",Washington,DC,20004,true,Monument Advocacy: Published address matches firm's DC office. (researched and checked 2026-09-24),Monument Advocacy contact page,https://monumentadvocacy.com/contact
MILESTONE BANK,"310 S Main St, Suite 900",Salt Lake City,UT,84101,true,Milestone Bank: Published address matches current headquarters office. (researched and checked 2026-09-24),Milestone Bank contact page,https://www.milestonebank.com/contact-us
MILL CREEK RESIDENTIAL TRUST,"5910 N Central Expy, Suite 1100",Dallas,TX,75206,true,"Mill Creek Residential Trust LLC: Donor is based in Dallas, TX where Mill Creek maintains an office; published Boca Raton address is the firm's national office in a different state from this donor. (researched and checked 2026-09-24)",Mill Creek Residential contact page,https://www.millcreekplaces.com/about/contact-us
MOUNT SINAI WEST,1000 10th Ave,New York,NY,10019,true,Mount Sinai West: Published address matches hospital's registered address. (researched and checked 2026-09-24),NPI Registry (CMS) organizational address lookup,https://npiregistry.cms.hhs.gov/api/?organization_name=Mount+Sinai+West&version=2.1
MOZILLA,"235 Pine Street, 7th Floor",San Francisco,CA,94104,true,"Mozilla Corporation: Current Mozilla San Francisco office per mozilla.org. The Mountain View address is outdated, and New Montgomery St is an older filing address. (researched and checked 2026-09-24)",Mozilla Spaces (mozilla.org),https://www.mozilla.org/en-US/contact/spaces/
MPI,"40 East Huron, Suite 700D",Chicago,IL,60611,true,"Millennium Properties R/E: Chicago commercial real estate firm, not Meeting Professionals International. The address is from the Aug 2026 privacy and terms pages and the site footer; the contact page still shows an older 225 W Illinois St address. (researched and checked 2026-09-24)",Millennium Properties Privacy Policy,https://www.mpirealestate.com/privacy-policy/
MSL,255 S. Orange Avenue,Orlando,FL,32801,true,"MSL, P.A. (CPA firm): CPA firm license AD0031378 lists the main and location address at 255 S. Orange Ave, Orlando. The license has been Delinquent since 12/31/2025, so the firm may have merged; check before relying on it long term. (researched and checked 2026-09-24)",Florida DBPR license search,https://www.myfloridalicense.com/wl11.asp?mode=0&SID=&brd=0&typ=N
NAM,"733 10th St NW, Suite 700",Washington,DC,20001,true,National Association of Manufacturers: Published address matches NAM's Washington DC headquarters. (researched and checked 2026-09-24),NAM contact page,https://www.nam.org/contact-us/
NATIONAL FEDERATION OF REPUBLICAN WOMEN,124 N Alfred St,Alexandria,VA,22314,true,National Federation of Republican Women: Organization headquarters is Alexandria VA; published Pennsylvania Ave SE Washington DC address is outdated. (researched and checked 2026-09-24),NFRW contact page,https://www.nfrw.org/contact
NATIONAL INSTITUTES OF HEALTH,9000 Rockville Pike,Bethesda,MD,20892,true,National Institutes of Health: Published address matches NIH's main Bethesda campus (registry lists related on-campus building addresses at the same Bethesda MD 20892 location). (researched and checked 2026-09-24),NPI Registry (CMS) organizational address lookup,https://npiregistry.cms.hhs.gov/api/?organization_name=National+Institutes+of+Health&version=2.1
NEW HORIZONS,,,,,true,"INVALID: not_found: Donor is listed as owner based in North Miami Beach FL, but published address is a Massachusetts office; could not confirm which 'New Horizons' business this donor actually owns. (researched and checked 2026-09-24)",,
NEW YORK SOLAR ENERGY INDUSTRIES ASSOCIATION,PO Box 1523,Long Island City,NY,11101,true,New York Solar Energy Industries Association (NYSEIA): Published mailing address matches organization's current contact page. (researched and checked 2026-09-24),NYSEIA contact page,https://www.nyseia.org/contact
NFP,"200 Park Ave, Suite 3202",New York,NY,10166,true,"NFP Corp: NFP's corporate address is 200 Park Ave (MetLife Building), zip 10166, not 200 Park Ave S zip 10003 as published. (researched and checked 2026-09-24)","SEC EDGAR company filing address (NFP Ultimate Holdings, LLC)",https://data.sec.gov/submissions/CIK0001699176.json
"NFP, AN AON COMPANY","200 Park Ave, Suite 3202",New York,NY,10166,true,"NFP Corp (an Aon company): NFP's corporate address is 200 Park Ave (MetLife Building), zip 10166, not 200 Park Ave S zip 10003 as published. (researched and checked 2026-09-24)","SEC EDGAR company filing address (NFP Ultimate Holdings, LLC)",https://data.sec.gov/submissions/CIK0001699176.json
NORTHMARQ,"3500 American Blvd W, Suite 500",Minneapolis,MN,55431,true,"NorthMarq (Northmarq Capital, LLC): Published address matches company's Minneapolis headquarters office. (researched and checked 2026-09-24)",Northmarq office locations page,https://www.northmarq.com/offices
NORTHROCK LLC,"225 South Sixth St, Suite 1400",Minneapolis,MN,55402,true,"Northrock Partners, LLC: Published address matches SEC-registered investment adviser office address. (researched and checked 2026-09-24)",SEC Investment Adviser Public Disclosure (IAPD) registry,https://api.adviserinfo.sec.gov/search/firm?query=Northrock
NORWOOD PUBLIC SCHOOL,177 Summit St,Norwood,NJ,07648,true,"Norwood Public School District (NJ): Donor is a NJ teacher; the correct employer is Norwood Public School District in Norwood, NJ, not the Massachusetts town of the same name. (researched and checked 2026-09-24)",NCES/Urban Institute Education Data API (CCD school district directory),https://educationdata.urban.org/api/v1/school-districts/ccd/directory/2022/?fips=34
NTR,,San Francisco,CA,94134,true,"Home-based business, town only: Address is in a residential San Francisco neighborhood and the employer name is too ambiguous to identify a specific organization; probably a sole practitioner/home-based filing address. (researched and checked 2026-09-24)",,
OCTAGON,400 Atlantic St,Stamford,CT,06901,true,"Octagon USA, Inc.: CT business registry lists Octagon USA, Inc. (active) at this exact Stamford address. (researched and checked 2026-09-24)",Connecticut Secretary of State business registry,https://data.ct.gov/resource/n7gp-d28j.json
OCTAGON CREDIT INVESTORS,"250 Park Ave, 15th Floor",New York,NY,10177,true,"Octagon Credit Investors, LLC: Firm's current office is 250 Park Ave, not 360 Madison Ave as published. (researched and checked 2026-09-24)",Octagon Credit Investors contact page,https://www.octagoncredit.com/contact-us
OPTUM,1 Optum Circle,Eden Prairie,MN,55344,true,Optum (UnitedHealth Group): Published street number 11000 is outdated; current corporate HQ listed as 1 Optum Circle. (researched and checked 2026-09-24),Optum - More Optum Sites (corporate headquarters),https://www.optum.com/en/more-optum-sites.html
ORACLE,2300 Oracle Way,Austin,TX,78741,true,Oracle Corporation: Matches SEC-registered business address. (researched and checked 2026-09-24),SEC EDGAR company filings (CIK 0001341439),https://data.sec.gov/submissions/CIK0001341439.json
ORDORO,,,,,true,"INVALID: not_found: Small private Austin SaaS firm; directories give conflicting addresses (Brazos St, W 5th St, E 6th St) and no primary source (company site, registry) states a current street address. (researched and checked 2026-09-24)",,
ORTHODOX UNION,"40 Rector St, 4th Floor",New York,NY,10006,true,Orthodox Union: OU relocated from 305 Seventh Ave to 40 Rector St. (researched and checked 2026-09-24),OU Kosher contact page,https://oukosher.org/contact-us/
OSAWATOMIE SH,500 State Hospital Dr,Osawatomie,KS,66064,true,Osawatomie State Hospital (KS Dept for Aging and Disability Services): Published address (509 5th St) is an outdated form; current official address is 500 State Hospital Dr. (researched and checked 2026-09-24),NPPES NPI Registry (CMS),https://npiregistry.cms.hhs.gov/api/?version=2.1&organization_name=OSAWATOMIE+STATE+HOSPITAL
OUTERSTUFF,1412 Broadway,New York,NY,10018,true,Outerstuff LLC:  (researched and checked 2026-09-24),Buzzfile business profile,https://www.buzzfile.com/business/Outerstuff-LLC-212-594-9700
OVIVA THERAPEUTICS,"289 St George St, Suite 209",Duxbury,MA,02332,true,"Oviva Therapeutics, Inc. (a Granata Bio company):  (researched and checked 2026-09-24)",Granata Bio contact page,https://www.granata.bio/contact
PALO ALTO NETWORKS,3000 Tannery Way,Santa Clara,CA,95054,true,"Palo Alto Networks, Inc.:  (researched and checked 2026-09-24)",SEC EDGAR company filings (CIK 0001327567),https://data.sec.gov/submissions/CIK0001327567.json
PANOPTO,"600 River Avenue, Suite 100",Pittsburgh,PA,15212,true,"Panopto, Inc.: Panopto's global HQ moved to 600 River Ave; published Creekside Dr address is outdated. (researched and checked 2026-09-24)",Panopto contact page,https://www.panopto.com/contact/
PANTERA,"600 Montgomery St, 45th Floor",San Francisco,CA,94111,true,Pantera Capital (Pantera Capital Partners LP): Current SEC-filed principal office differs from published 44 Montgomery St address. (researched and checked 2026-09-24),"SEC Form ADV (CRD 284342), Item 1.F principal office",https://reports.adviserinfo.sec.gov/reports/ADV/284342/PDF/284342.pdf
PATRIOT AUTO GROUP,769 Portland Rd,Saco,ME,04072,true,"Patriot Automotive Group (parent of Patriot Subaru, Patriot Nissan, Patriot Acura): Group's flagship/original dealership location, consistent with donor being group CEO. (researched and checked 2026-09-24)",Patriot Subaru official site,https://www.patriotsubaru.com/
PATRIOT SUBARU,769 Portland Rd,Saco,ME,04072,true,Patriot Subaru of Saco:  (researched and checked 2026-09-24),Patriot Subaru official site,https://www.patriotsubaru.com/
PAYJOY,"660 4th Street, Unit 139",San Francisco,CA,94107,true,"PayJoy, Inc.: Published 26 S Park St address is outdated; current HQ is 660 4th St. (researched and checked 2026-09-24)",PayJoy About page,https://www.payjoy.com/about
PCS WIRELESS,11 Vreeland Road,Florham Park,NJ,07932,true,"PCS Wireless, LLC:  (researched and checked 2026-09-24)",PCS Wireless locations page,https://pcsww.com/contact-us/locations/
PEAPACK PRIVATE,300 Park Ave,New York,NY,10022,true,"Peapack Private Bank & Trust (NYC financial center): Donors are NY-area bankers; Peapack opened this NYC office in 2025, a better metro fit than the Bedminster/East Rutherford NJ corporate address. (researched and checked 2026-09-24)",Peapack Private - Park Avenue Financial Center page,https://www.peapackprivate.com/park-avenue-financial-center
PERATON,1875 Explorer Street,Reston,VA,20190,true,"Peraton Inc.: Peraton's locations page lists its Corporate Headquarters at 1875 Explorer Street, Reston VA. The published 12901 Worldgate Dr (Herndon) address is not the HQ. (researched and checked 2026-09-24)",Peraton - Locations,https://www.peraton.com/contact/locations
PHILIPS,222 Jacobs Street,Cambridge,MA,02141,true,"Philips North America (Koninklijke Philips N.V.): Philips moved its North American HQ from Andover, MA to Cambridge, MA around 2020. (researched and checked 2026-09-24)",Cambridge Chamber of Commerce member listing,https://business.cambridgechamber.org/list/member/philips-north-america-49971
PLATINUM DERMATOLOGY,"9900 N. Central Expressway, Suite 500",Dallas,TX,75231,true,"Platinum Dermatology Partners, LLC:  (researched and checked 2026-09-24)",Platinum Dermatology Partners contact page,https://www.platinumderm.com/contact/
PLATINUM EQUITY,360 N. Crescent Drive,Beverly Hills,CA,90210,true,"Platinum Equity, LLC:  (researched and checked 2026-09-24)",Platinum Equity contact page,https://www.platinumequity.com/contact-us/
PORTAGE POINT PARTNERS,"300 North LaSalle, Suite 1420",Chicago,IL,60654,true,Portage Point Partners:  (researched and checked 2026-09-24),Portage Point Partners contact page,https://portagepointpartners.com/contact/
PRICE BENOWITZ,"700 Tech Center Parkway, Office 236B",Newport News,VA,23606,true,"Price Benowitz LLP (Newport News office): The firm's Hampton Roads office in Newport News fits the Virginia Beach attorney. The DC HQ is 409 7th St NW #100, Washington DC 20004. (researched and checked 2026-09-24)",Price Benowitz - Contact / Locations,https://pricebenowitz.com/contact/
PRIME POLICY GROUP,"1801 K Street NW, Suite 9000",Washington,DC,20006,true,Prime Policy Group: Firm relocated from 1875 Connecticut Ave NW to 1801 K St NW. (researched and checked 2026-09-24),Prime Policy Group contact page,https://www.prime-policy.com/contact
PRIMUS CONSULTING,,Beachwood,OH,44122,true,"Home-based business, town only: One-physician consulting practice. The site's contact page shows only a template placeholder address, so there is no public office. The published Vienna VA office-building address is not this firm's. (researched and checked 2026-09-24)",Primus Consulting website,https://primusmd.com/
PRIZEPICKS,1055 Howell Mill Rd NW,Atlanta,GA,30318,true,PrizePicks: Star Metals Building HQ. (researched and checked 2026-09-24),PrizePicks press release - new Atlanta HQ,https://www.prizepicks.com/press-news/prizepicks-announces-plans-for-new-expanded-headquarters-in-atlanta
PROCORE,"6309 Carpinteria Ave, Suite 100",Carpinteria,CA,93013,true,"Procore Technologies, Inc.:  (researched and checked 2026-09-24)",Procore press release - HQ relocation,https://www.procore.com/press/procore-technologies-inc-relocates-headquarters-to-carp
PROGRESS RESIDENTIAL,"1801 Royal Ln, Suite 307",Dallas,TX,75229,true,"Progress Residential: Donor is in Dallas TX; company has a Dallas regional office, a better metro fit than the Scottsdale AZ corporate HQ. (researched and checked 2026-09-24)",Progress Residential office locations page,https://rentprogress.com/locations
PROVATION,"533 S 3rd St, Suite 300",Minneapolis,MN,55415,true,Provation:  (researched and checked 2026-09-24),Provation - Millwright Building HQ page,https://www.provationmedical.com/millwright/
QUAD PROPERTY GROUP,"224 West 30th Street, Suite 206",New York,NY,10001,true,Quad Property Group:  (researched and checked 2026-09-24),Quad Property Group contact page,https://quadpropertygroup.com/contact/
QUARLES & BRADY LLP,"Two North Central Avenue, Suite 600",Phoenix,AZ,85004,true,"Quarles & Brady LLP (Phoenix office): Two of three donors are Scottsdale-area attorneys, so the firm's Phoenix office (One Renaissance Square) fits best. The Chicago office (155 North Wacker Drive, Suite 3200, Chicago IL 60606) fits the third donor. Madison WI fits none. (researched and checked 2026-09-24)",Quarles & Brady - Contact / Locations,https://www.quarles.com/contact
QUEST DIAGNOSTICS,500 Plaza Drive,Secaucus,NJ,07094,true,Quest Diagnostics Incorporated:  (researched and checked 2026-09-24),SEC EDGAR company filings (CIK 0001022079),https://data.sec.gov/submissions/CIK0001022079.json
RADIUS RECYCLING,"222 SW Columbia St, Suite 1150",Portland,OR,97201,true,"Radius Recycling, Inc.:  (researched and checked 2026-09-24)",SEC EDGAR company filings (CIK 0000912603),https://data.sec.gov/submissions/CIK0000912603.json
RAMAZ,60 East 78th Street,New York,NY,10075,true,Ramaz School (Rabbi Joseph H. Lookstein Upper School): Published street number (160) does not match; official site lists 60 East 78th Street for the Upper School. (researched and checked 2026-09-24),Ramaz School - Contact Us page,https://www.ramaz.org/about/contact-us
RAYMOND JAMES,880 Carillon Pkwy,Saint Petersburg,FL,33716,true,"Raymond James Financial, Inc.:  (researched and checked 2026-09-24)",SEC EDGAR company filings (CIK 0000720005),https://data.sec.gov/submissions/CIK0000720005.json
RAYTHEON TECHNOLOGIES,1000 Wilson Blvd,Arlington,VA,22209,true,RTX Corporation (formerly Raytheon Technologies): Company renamed to RTX Corporation in 2023; HQ address unchanged. (researched and checked 2026-09-24),SEC EDGAR company filings (CIK 0000101829),https://data.sec.gov/submissions/CIK0000101829.json
RECONSTRUCTIONIST RABBINICAL COLLEGE,1299 Church Road,Wyncote,PA,19095,true,"Reconstructionist Rabbinical College: Published Bloomfield NJ address is wrong; RRC has always been located in Wyncote, PA. (researched and checked 2026-09-24)",RRC official Contact Us page,https://www.rrc.edu/contact
RED VENTURES,1423 Red Ventures Drive,Fort Mill,SC,29707,true,"Red Ventures, LLC: The company's contact page gives its HQ at 1423 Red Ventures Drive, Fort Mill SC 29707. The published 1441 Main St Suite 400 is unsupported. (researched and checked 2026-09-24)",Red Ventures - Contact,https://www.redventures.com/contact
REDDY RAW INC,1 Ethel Blvd,Wood-Ridge,NJ,07075,true,"Reddy Raw, Inc.:  (researched and checked 2026-09-24)","Reddy Raw contact page (via Wayback Machine, site currently down)",https://web.archive.org/web/2024/https://reddyraw.com/contact-us
REDEMPTION BANK,2020 E Murray Holladay Rd,Holladay,UT,84117,true,Redemption Bank:  (researched and checked 2026-09-24),FDIC BankFind institution data,"https://banks.data.fdic.gov/api/institutions?filters=NAME:%22Redemption%20Bank%22&fields=NAME,ADDRESS,CITY,STALP,ZIP"
REDWOOD CAPITAL MANAGEMENT,"250 West 55th Street, 26th Floor",New York,NY,10019,true,"Redwood Capital Management, LLC:  (researched and checked 2026-09-24)",SEC EDGAR company filings,https://www.sec.gov/cgi-bin/browse-edgar?action=getcompany&company=redwood+capital+management&type=&dateb=&owner=include&count=100&output=atom
REED SMITH LLP,225 Fifth Ave,Pittsburgh,PA,15222,true,Reed Smith LLP:  (researched and checked 2026-09-24),Reed Smith - Pittsburgh office page,https://www.reedsmith.com/en/offices/pittsburgh
REGIONAL CHAMBER OF COMMERCE OF SAN GABRIEL VALLEY,"18800 Amar Rd, Suite B21",Walnut,CA,91789,true,Regional Chamber of Commerce of San Gabriel Valley: Published Monrovia address belongs to a different organization (SGV Economic Partnership) as prior evidence noted; confirmed correct chamber via IRS EIN 42-1706342. (researched and checked 2026-09-24),CauseIQ nonprofit profile,"https://www.causeiq.com/organizations/regional-chamber-of-commerce-san-gabriel,421706342/"
REPUBLIC CLOTHING,1411 Broadway,New York,NY,10018,true,Republic Clothing Group: Published W 38th St address is wrong; official site lists 1411 Broadway. (researched and checked 2026-09-24),Republic Clothing Group contact page,https://www.republicclothing.com/contact
RETINAL CONSULTANTS OF AMERICA,"600 Northern Blvd, Suite 216",Great Neck,NY,11021,true,Long Island Vitreo Retinal Consultants PC (Retina Consultants of America member practice): The donor physician practises with this Long Island member practice of Retina Consultants of America. The published Houston TX address is a different member practice. (researched and checked 2026-09-24),NPPES NPI Registry - Long Island Vitreo Retinal Consultants PC,https://npiregistry.cms.hhs.gov/api/?version=2.1&organization_name=LONG+ISLAND+VITREO*
RGP,"15950 North Dallas Parkway, Suite 330",Dallas,TX,75248,true,"RGP (Resources Connection, Inc.):  (researched and checked 2026-09-24)",SEC EDGAR company filings (CIK 0001084765),https://data.sec.gov/submissions/CIK0001084765.json
RHYTHM MANAGEMENT GROUP,"6116 Executive Blvd, Suite 670",Rockville,MD,20852,true,Rhythm Management Group:  (researched and checked 2026-09-24),NPPES NPI Registry (CMS),https://npiregistry.cms.hhs.gov/api/?version=2.1&organization_name=RHYTHM+MANAGEMENT*
RIVERON,"2515 McKinney Ave, 16th Floor",Dallas,TX,75201,true,Riveron Consulting:  (researched and checked 2026-09-24),Riveron contact page,https://riveron.com/contact/
RIVERPARK CAPITAL,"156 West 56th Street, 17th Floor",New York,NY,10019,true,"RiverPark Capital Management LLC / RiverPark Advisors, LLC (RiverPark Funds): The donor is RiverPark's CEO (per its team page). The firm's only office, per its site and the SEC IAPD record, is 156 W 56th St, 17th Floor. The published 477 Madison Ave address is unsupported. (researched and checked 2026-09-24)",RiverPark Funds website (Contact Us footer),https://www.riverparkfunds.com/
RJC,,,,,true,"INVALID: ambiguous: 'RJC' covers two organisations: Riverdale Jewish Center (3700 Independence Ave, Bronx NY 10463) for the Riverdale rabbi, and the Republican Jewish Coalition (50 F St NW Ste 100, Washington DC 20001) for the California staff member. Split the employer by donor if possible. (researched and checked 2026-09-24)",,
RKW RESIDENTIAL,"8200 NW 33rd Street, Suite 340",Doral,FL,33122,true,"RKW Residential: Company has corporate offices in Miami/Doral and Charlotte, not New York; Miami office is the better fit for donors in Aventura/Boca Raton FL. Company has since rebranded to Arqline. (researched and checked 2026-09-24)",RKW Residential contact page (via Wayback Machine),https://web.archive.org/web/20240601/https://www.rkwresidential.com/contact
RLF CAPITAL ADVISORS,,East Hampton,NY,11937,true,"Home-based business, town only: Sole-proprietor advisory business. There is no SEC/IAPD registration and no public office, and the published street is a residential road, so no street is given. (researched and checked 2026-09-24)",,
ROADSIDE DEVELOPMENT,"3939 Wisconsin Avenue NW, Suite 100",Washington,DC,20016,true,"Roadside Development, LLC: Published Rhode Island Ave address is outdated; firm's current office is on Wisconsin Ave NW. (researched and checked 2026-09-24)",Roadside Development contact page,https://www.roadsidedevelopment.com/contact
ROBERT WOOD JOHNSON PHYSICIAN ENTERPRISE,"3 Executive Drive, Suite 400",Somerset,NJ,08873,true,"Robert Wood Johnson Physician Enterprise: This physician-enterprise administrative entity's registered office is in Somerset, NJ, distinct from the main hospital's New Brunswick address that was published. (researched and checked 2026-09-24)",NPPES NPI Registry (CMS),https://npiregistry.cms.hhs.gov/api/?version=2.1&organization_name=ROBERT+WOOD+JOHNSON+PHYSICIAN*
ROCHESTER PERIODONTAL & DENTAL IMPLANTS,"900 Westfall Rd, Suite B",Rochester,NY,14618,true,Rochester Periodontal Group PC (dba Rochester Periodontal & Dental Implants): Published Buffalo Rd address does not match the NPI-registered office for this DBA. (researched and checked 2026-09-24),NPPES NPI Registry (CMS),https://npiregistry.cms.hhs.gov/api/?version=2.1&organization_name=ROCHESTER+PERIODONTAL*
ROCKEFELLER CAPITAL MANAGEMENT,"45 Rockefeller Plaza, 5th Floor",New York,NY,10111,true,Rockefeller Capital Management L.P.: Published Lexington Ave address is not the firm's SEC-registered principal office. (researched and checked 2026-09-24),SEC EDGAR company filings (CIK 0001739439),https://www.sec.gov/cgi-bin/browse-edgar?action=getcompany&company=rockefeller+capital+management&type=&dateb=&owner=include&count=40&output=atom
ROCKEFELLER GLOBAL FAMILY OFFICE,45 Rockefeller Plaza,New York,NY,10111,true,Rockefeller Global Family Office (division of Rockefeller Capital Management L.P.):  (researched and checked 2026-09-24),SEC EDGAR company filings (CIK 0001739439),https://www.sec.gov/cgi-bin/browse-edgar?action=getcompany&company=rockefeller+capital+management&type=&dateb=&owner=include&count=40&output=atom
ROIVANT SOCIAL VENTURES INC,"1 Pennsylvania Plaza, 54th Floor",New York,NY,10119,true,Roivant Social Ventures Inc. (Roivant Sciences):  (researched and checked 2026-09-24),Roivant contact page,https://roivant.com/contact/
ROKU,1173 Coleman Avenue,San Jose,CA,95110,true,"Roku, Inc.: Roku's HQ moved from Los Gatos to San Jose. (researched and checked 2026-09-24)",SEC EDGAR company filings (CIK 0001428439),https://data.sec.gov/submissions/CIK0001428439.json
ROOMS TO GO,11540 E US Highway 92,Seffner,FL,33584,true,"Rooms To Go, Inc.: The HQ is in Seffner FL (roomstogo.com/about-us). The company's Seffner site at 11540 E US Highway 92 is on the headquarters campus. The published Venice FL address is wrong. (researched and checked 2026-09-24)",Rooms To Go - Seffner store locator / About Us,https://www.roomstogo.com/stores/seffner
ROOSEVELT PAPER,1 Roosevelt Dr,Mount Laurel,NJ,08054,true,Roosevelt Paper Company:  (researched and checked 2026-09-24),Roosevelt Paper contact page,https://www.rooseveltpaper.com/contact-us
ROPES & GRAY LLP,1211 Avenue of the Americas,New York,NY,10036,true,"Ropes & Gray LLP (New York office): All donors are NY-based, so the firm's New York office fits. ropesgray.com is behind a bot-check. The Boston HQ is the Prudential Tower, 800 Boylston St, Boston MA 02199. (researched and checked 2026-09-24)",SEC EDGAR - Gores Holdings XI S-1 exhibit 1.1 (June 2026),https://www.sec.gov/Archives/edgar/data/2086438/000119312526255548/d14537dex11.htm
ROSENTHAL FOODS CORP,1313 11th St Ste 2,Sioux City,IA,51105,true,Rosenthal Foods Corp: Family-owned wholesale food distributor in Sioux City since 1922; published address matches. (researched and checked 2026-09-24),Yellow Pages listing,https://www.yellowpages.com/sioux-city-ia/mip/rosenthal-foods-459633721
ROSEWOOD,"38 East 29th Street, 5th Floor",New York,NY,10016,true,"Rosewood Realty Group: Occupation is commercial real estate/investment sales brokerage in NYC market, matching Rosewood Realty Group, not the Dallas-based Rosewood Corp/Hotels published. (researched and checked 2026-09-24)",LinkedIn company page,https://www.linkedin.com/company/rosewood-realty-group
RPC,"333 SE 2nd Avenue, Suite 3000",Miami,FL,33131,true,"RPC Holdings (Royal Palm Companies): Donor surname Kodsi matches the family of RPC/Royal Palm Companies' CEO; occupations developer/office fit a real-estate developer, not the Atlanta oilfield-services RPC Inc that the published address belongs to. (researched and checked 2026-09-24)",RPC Holdings official site,https://www.rpcholdings.com/
"RUSSELL A. BIKOFF, ATTORNEY AND COUNSELOR AT LAW",,McLean,VA,22101,true,"Home-based business, town only: Solo attorney practice publicly listed only at a PO Box, consistent with a home-based sole practice; no street office found. (researched and checked 2026-09-24)",BikoffLaw website,https://www.bikofflaw.com/
SAUL EWING,"1735 Market Street, Suite 3400",Philadelphia,PA,19103,true,Saul Ewing LLP: Matches firm's current Philadelphia headquarters office. (researched and checked 2026-09-24),Saul Ewing official site,https://www.saul.com/locations/philadelphia
SBNY,130 West 25th Street,New York,NY,10001,true,SBNY (researched and checked 2026-09-24),SBNY official site,https://www.sbny.vc/contact
SCHONFELD STRATEGIC ADVISORS,590 Madison Avenue,New York,NY,10022,true,"Schonfeld Strategic Advisors, LLC: Current headquarters; published 299 Park Ave address is outdated. (researched and checked 2026-09-24)",Wikipedia (Schonfeld Strategic Advisors infobox),https://en.wikipedia.org/wiki/Schonfeld_Strategic_Advisors
SCHWEIGER DERMATOLOGY,"110 E 55th St, 14th Floor",New York,NY,10022,true,"Schweiger Dermatology Group: Matches group's corporate headquarters (Park 55 Building, Midtown East); group also has NJ clinic locations near the donors. (researched and checked 2026-09-24)",Bandana company location listing,https://bandana.com/companies/400f490a-de05-43c2-ab03-864243dea8ee/locations/956f7ae4-30ad-4c48-8b76-41360ad3dc70
SCI TECH AUTOMOTIVE,12010 S US Hwy 71,Grandview,MO,64030,true,Sci-Tech Automotive: Kansas City-area auto repair shop; matches published address. (researched and checked 2026-09-24),Sci-Tech Automotive Yelp/BBB listing,https://www.yelp.com/biz/sci-tech-automotive-grandview
SCP MANAGEMENT,"1 Seneca Tower, Suite 2400",Buffalo,NY,14203,true,SCP Management LLC (researched and checked 2026-09-24),SBNY official site (shared Buffalo office),https://www.sbny.vc/contact
SDI TECHNOLOGIES INC,1299 Main St,Rahway,NJ,07065,true,"SDI Technologies, Inc.: Consumer-electronics maker (iHome, Timex Audio); published address matches. (researched and checked 2026-09-24)",Yellow Pages listing,https://www.yellowpages.com/rahway-nj/mip/sdi-technologies-incorporated-27035029
SHAKER RECRUITMENT MARKETING,"1100 Lake St, Suite 300",Oak Park,IL,60301,true,Shaker Recruitment Marketing: Recruitment-advertising agency headquartered in Oak Park; published address matches (suite added). (researched and checked 2026-09-24),Oak Park-River Forest Chamber of Commerce directory,https://www.oprfchamber.org/list/member/shaker-recruitment-advertising-communication-3048
"SHAMBERG, JOHNSON & BERGMAN","2600 Grand Blvd, Suite 550",Kansas City,MO,64108,true,"Shamberg, Johnson & Bergman, Chartered: Donor Victor Bergman is a founding-name partner; address matches published. (researched and checked 2026-09-24)",Yelp business listing,https://www.yelp.com/biz/shamberg-johnson-and-bergman-kansas-city
SHAPIRO ZWANETZ & LAKE,"7226 Lee Deforest Dr, Suite 207",Columbia,MD,21046,true,Shapiro Zwanetz & Lake: Donor Jason Shapiro is a founding-name partner; address matches published. (researched and checked 2026-09-24),Yelp business listing,https://www.yelp.com/biz/shapiro-zwanetz-and-associates-columbia
SHERMAN IP LLP,"15760 Ventura Blvd, Suite 700",Encino,CA,91436,true,"Sherman IP LLP: Donor Kenneth Sherman is the founder; address matches (city corrected from Los Angeles to Encino, same zip). (researched and checked 2026-09-24)",BBB business profile,https://www.bbb.org/us/ca/encino/profile/intellectual-property-lawyer/sherman-ip-llp-1216-1000047441
SIGMA INVESTMENT COUNSELORS,"186 E Main St, Suite 200",Northville,MI,48167,true,"Sigma Investment Counselors, Inc.: Address matches published. (researched and checked 2026-09-24)",Sigma Investment Counselors website,https://sigmainvestments.com/contact-us/
SIGNAL HILL HOLDINGS,,,,,true,INVALID: not_found: SIGNAL HILL HOLDINGS (researched and checked 2026-09-24),,
SIMON WIESENTHAL CENTER,"77 West Wacker Drive, Suite 4500",Chicago,IL,60601,true,"Simon Wiesenthal Center - Midwest Regional Office: Donor's own regional office (Midwest HQ in Chicago). International HQ is 1399 South Roxbury Drive, Los Angeles CA 90035; the published 9760 W Pico Blvd is the Museum of Tolerance. (researched and checked 2026-09-24)",Simon Wiesenthal Center - Regional Offices (Midwest),https://www.wiesenthal.org/about/regional-offices
SIX FLAGS ENTERTAINMENT,8701 Red Oak Blvd,Charlotte,NC,28217,true,Six Flags Entertainment Corporation: Current post-merger (Six Flags/Cedar Fair) headquarters; matches published address. (researched and checked 2026-09-24),Six Flags investor relations / BBB,https://www.bbb.org/us/nc/charlotte/profile/amusement-parks/six-flags-entertainment-corporation-0473-92037319
SLF,,,,,true,"INVALID: not_found: No organisation identifiable as 'SLF' for a Charlotte-based realtor; published address (6218 Georgia Ave NW Ste 1-595, Washington DC) is a Mail Ship and Print/UPS mailbox-rental storefront, not a legitimate office. (researched and checked 2026-09-24)",,
SLG,One Vanderbilt Avenue,New York,NY,10017,true,"SL Green Realty Corp.: HQ moved from 420 Lexington Ave to One Vanderbilt. 'SLG' = SL Green is an acronym-based identification for a Philadelphia finance donor, not independently confirmed. (researched and checked 2026-09-24)",SL Green - Contact Us (Corporate Headquarters),https://slgreen.com/contact/
SMC,330 SMC Drive,Somerset,WI,54025,true,SMC Ltd. (Scientific Molding Corporation): Medical device contract manufacturer; matches published address. (researched and checked 2026-09-24),SMC Ltd. official site,https://www.smcltd.com/contact/
SOFTBANK CAPITAL NY,130 West 25th Street,New York,NY,10001,true,SOFTBANK CAPITAL NY (researched and checked 2026-09-24),SBNY official site,https://www.sbny.vc/contact
SOLARIA,,,,,true,"INVALID: ambiguous: Candidates: Solaria Corp / Complete Solaria (now SunPower Inc, 1403 N Research Way, Orem UT, per SEC CIK 1838987), or an unidentified New York finance firm named Solaria. The NY COO does not appear in Solaria Corp's Form D officer lists. The Irvine address is unsupported. (researched and checked 2026-09-24)",,
SOUTH OCEAN CAPITAL PARTNERS,"401 E Las Olas Blvd, Suite 2220",Fort Lauderdale,FL,33301,true,"South Ocean Capital Partners, LLC (researched and checked 2026-09-24)",FINTRX RIA profile,https://fintrx.com/firms/firm/southocean-capital-partners-llc-171580
SOUTHEASTERN GROCERS,5050 Edgewood Ct,Jacksonville,FL,32254,true,"Southeastern Grocers, Inc.: Current headquarters (Edgewood Court support center); published 380 E Jackson St address is outdated. (researched and checked 2026-09-24)",Southeastern Grocers official contact page,https://www.segrocers.com/contactus
SOVEREIGN PROPERTIES,"150 E 52nd St, Suite 22002",New York,NY,10022,true,Sovereign Properties (researched and checked 2026-09-24),Sovereign Properties official site,https://www.sovereignprop.com/our-firm
SPARACINO PLLC,"1920 L Street NW, Suite 835",Washington,DC,20036,true,Sparacino PLLC: Address matches published exactly. (researched and checked 2026-09-24),Sparacino PLLC official site,https://sparacinopllc.com/contact/
SPARE,,,,,true,"INVALID: ambiguous: Candidates: Spare CS, Inc. (virtual-ATM fintech, 750 N San Vicente Blvd Suite 800, West Hollywood CA 90069, incorporated 2024) or Spare Labs (transit software, Vancouver BC, with US sales staff). No evidence ties the NJ sales donor to either. (researched and checked 2026-09-24)",,
SPENCER FANE LLP,"1 North Brentwood Blvd, Suite 1200",St. Louis,MO,63105,true,"Spencer Fane LLP: Firm's St. Louis-area office moved from Westbrook Corporate Center, Creve Coeur to Brentwood Blvd, St. Louis; published address is outdated. (researched and checked 2026-09-24)",St. Louis Apartment Association supplier directory,https://www.slaa.org/supplier-directory/spencer-fane-llp
STAPLES,500 Staples Dr,Framingham,MA,01702,true,Staples Inc.: Matches published headquarters address. (researched and checked 2026-09-24),"Wikipedia (Staples, Inc.)","https://en.wikipedia.org/wiki/Staples,_Inc."
STATE FARM,1 State Farm Plaza,Bloomington,IL,61710,true,State Farm Mutual Automobile Insurance Company: Matches published headquarters; donors are State Farm agents. (researched and checked 2026-09-24),Wikipedia (State Farm),https://en.wikipedia.org/wiki/State_Farm
STEWART TITLE,"1360 Post Oak Blvd, Suite 100",Houston,TX,77056,true,Stewart Title Company (Stewart Information Services Corp.): Current corporate headquarters is 1360 Post Oak Blvd (not the published 1980 Post Oak Blvd). (researched and checked 2026-09-24),Stewart Title official contact page,https://www.stewart.com/en/contact-us.html
STIFEL NICOLAUS,501 N Broadway,Saint Louis,MO,63102,true,"Stifel Financial Corp. / Stifel, Nicolaus & Company: Matches published global headquarters. (researched and checked 2026-09-24)",Stifel LinkedIn company page,https://www.linkedin.com/company/stifel
SULLIVAN & WORCESTER LLP,1 Post Office Square,Boston,MA,02109,true,Sullivan & Worcester LLP: Matches published headquarters. (researched and checked 2026-09-24),Sullivan & Worcester LinkedIn company page,https://www.linkedin.com/company/sullivan-&-worcester-llp
SUSMAN GODFREY LLP,"1000 Louisiana St, Suite 5100",Houston,TX,77002,true,Susman Godfrey LLP: Matches published headquarters. (researched and checked 2026-09-24),Susman Godfrey LinkedIn company page,https://www.linkedin.com/company/susman-godfrey-llp
THALES GROUP,,,,,true,"INVALID: ambiguous: Candidates: Thales USA / Thales Defense & Security (Arlington VA; published 2733 S Crystal Dr Ste 1200 not confirmed by an opened source), Thales InFlyt Experience (Irvine CA), Thales DSI (22605 Gateway Center Dr, Clarksburg MD per thalesdsi.com). Donor's unit unknown. (researched and checked 2026-09-24)",,
THE CARLYLE GROUP,"One Vanderbilt Avenue, Suite 3400",New York,NY,10017,true,"The Carlyle Group (New York office): Carlyle's New York office for NY-based investment staff; global HQ is 1001 Pennsylvania Avenue NW, Washington DC 20004 (SEC CIK 1527166). (researched and checked 2026-09-24)","SEC EDGAR - Carlyle Secured Lending, Inc. business address",https://www.sec.gov/cgi-bin/browse-edgar?action=getcompany&CIK=0001544206
SPRING LABS,"4054 Del Rey Ave, Suite 204",Marina del Rey,CA,90292,true,Spring Labs: Fintech/compliance company; current listed office differs from published Glencoe Ave address (same Marina del Rey zip). (researched and checked 2026-09-24),Spring Labs LinkedIn company page,https://www.linkedin.com/company/springlabs
STANDWITHUS,6505 Wilshire Blvd,Los Angeles,CA,90048,true,StandWithUs (Israel Emergency Alliance): Most recent IRS filing address for this EIN differs from published Beverly Hills (W Olympic Blvd) address. (researched and checked 2026-09-24),ProPublica Nonprofit Explorer (IRS Form 990 address),https://projects.propublica.org/nonprofits/organizations/10566033
STINSON,"2200 Ross Avenue, Suite 2900",Dallas,TX,75201,true,Stinson LLP (Dallas office): Donor is a partner in Stinson's Dallas office per the firm's bio/news; St. Louis (7700 Forsyth Blvd Suite 1100) is a different office. (researched and checked 2026-09-24),Stinson LLP - Dallas location page,https://www.stinson.com/locations-dallas
STEVENS & LEE,111 North Sixth Street,Reading,PA,19601,true,Stevens & Lee: Firm's original flagship office; matches published address. (researched and checked 2026-09-24),Stevens & Lee official site (Reading office page),https://www.stevenslee.com/offices/reading/
STEVENSON SEARCH PARTNERS,"33-41 Newark St, Floor 5",Hoboken,NJ,07030,true,Stevenson Search Partners: Matches published address exactly. (researched and checked 2026-09-24),Stevenson Search official site,https://www.stevensonsearch.com/contact
STIEFEL,501 North Broadway,St. Louis,MO,63102,true,"Stifel, Nicolaus & Company (Stifel Financial Corp.): Employer spelled 'Stiefel' is the brokerage Stifel (the donor was a Stifel wealth manager 2016-2022 per FINRA BrokerCheck); no verifiable Palm Beach branch page, so HQ is used. (researched and checked 2026-09-24)",Stifel contact page (St. Louis Headquarters),https://www.stifel.com/contact-us
"STONE, POGRUND & KOREY - ATTORNEYS AT LAW","8 South Michigan Avenue, Suite 333",Chicago,IL,60603,true,"Stone, Pogrund & Korey, LLC: Donor David Pogrund is a founding-name partner; firm's own site lists this address, not the published N LaSalle St address. (researched and checked 2026-09-24)",Stone Pogrund & Korey official site,https://www.spklaw.com/
STRETTO,"410 Exchange, Suite 100",Irvine,CA,92602,true,"Stretto: Current headquarters is Irvine, CA, not the published Newport Beach address. (researched and checked 2026-09-24)",Stretto official site (locations),https://www.stretto.com/about/
STRIPE,28 Liberty Street,New York,NY,10005,true,"Stripe, Inc. (New York office): New York office for NY-based engineers/designers; HQ is 354 Oyster Point Blvd, South San Francisco CA 94080 (same source). Published 510 Townsend St is outdated. (researched and checked 2026-09-24)",Stripe LinkedIn company page (locations),https://www.linkedin.com/company/stripe
THE GERSON COMPANIES,1450 S Lone Elm Rd,Olathe,KS,66061,true,"The Gerson Companies: Company confirms its headquarter showroom is in Olathe, Kansas; matches published address (brand name Lone Elm Candle Company corroborates street). (researched and checked 2026-09-24)",Gerson Companies official site,https://gersoncompany.com
THE LOUIS D. BRANDEIS CENTER FOR HUMAN RIGHTS UNDER LAW,1776 I Street NW,Washington,DC,20006,true,The Louis D. Brandeis Center for Human Rights Under Law: Current address per official site footer differs from published 7609 16th St NW address. (researched and checked 2026-09-24),Brandeis Center official site (contact footer),https://brandeiscenter.com/contact/
THE VISION COUNCIL,"225 Reinekers Ln, Suite 700",Alexandria,VA,22314,true,The Vision Council: Matches published address exactly. (researched and checked 2026-09-24),The Vision Council official site,https://thevisioncouncil.org/contact-us
STRATEGAS RESEARCH PARTNERS,"52 Vanderbilt Ave, 19th Floor",New York,NY,10017,true,"Strategas Research Partners (now Baird Strategas): Independent research firm, since 2018 the market-strategy arm of Baird, operating from New York; published address not contradicted by available sources. (researched and checked 2026-09-24)",Baird Strategas LinkedIn company page,https://www.linkedin.com/company/strategas
SUN DIAMOND,,,,,true,"INVALID: ambiguous: Candidates: Sun Diamond, Inc. (NY DOS: New York County, process address 145 W 45th St Rm 404, New York NY 10036); Sun Diamond Jewelry, Inc. (sundiamond.com, no address published); the former Sun-Diamond Growers co-op (CA) is unlikely for a NY executive. Published Alhambra CA address unsupported. (researched and checked 2026-09-24)",,
SUNRISE TOYOTA,3984 Sunrise Hwy,Oakdale,NY,11769,true,Sunrise Toyota: Matches published address exactly. (researched and checked 2026-09-24),Sunrise Toyota official site,https://www.sunrisetoyota.com/dealership/directions.htm
T7 CAPITAL,"1040 6th Ave, Floor 15",New York,NY,10018,true,T7 Capital: Senior-housing/healthcare capital markets advisory firm; matches published address exactly. (researched and checked 2026-09-24),T7 Capital official site,https://www.t7capital.com/
TABLEAU,1621 N 34th St,Seattle,WA,98103,true,Tableau Software (Salesforce): Matches published address exactly. (researched and checked 2026-09-24),Tableau LinkedIn company page,https://www.linkedin.com/company/tableau-software
TCV,"1045 6th Ave, 24th Floor",New York,NY,10018,true,"TCV (Technology Crossover Ventures): TCV has no San Francisco office; its offices are Menlo Park (HQ), New York and London. Donor is in Short Hills, NJ, so the New York office (7 Bryant Park) is given as the metro-appropriate address. (researched and checked 2026-09-24)",TCV official contact page,https://www.tcv.com/contact/
TECHMARK,,,,,true,INVALID: not_found: Detroit-area branding firm; its former domain (techmarkinc.com) is now an expired/parked domain and no current public office could be confirmed. (researched and checked 2026-09-24),,
TEJAS SECURITIES,,,,,true,"INVALID: not_found: Tejas Securities Group was an Austin, TX broker-dealer expelled from FINRA around 2012 amid a valuation/fraud scandal; it no longer operates, and the published Clayton, MO address does not correspond to the firm's known Austin history. (researched and checked 2026-09-24)",,
THE MARS AGENCY,25200 Telegraph Road,Southfield,MI,48033,true,The Mars Agency (now Mars United Commerce): themarsagency.com redirects to marsunited.com; owner-family donors living in Palm Beach FL. Company HQ matches published address. (researched and checked 2026-09-24),Mars United Commerce LinkedIn page (primary location),https://www.linkedin.com/company/marsunitedcommerce
THE PERLES LAW FIRM PC,"816 Connecticut Avenue NW, 12th Floor",Washington,DC,20006,true,"Perles Law Firm, PC: Firm signature block in 2025-2026 court filings; firm website not reachable. Donor (founder) lives in FL; DC is the firm's only office found. (researched and checked 2026-09-24)","CourtListener - D.C. Cir. filing, Burks v. Islamic Republic of Iran (Feb 2026), firm signature block",https://www.courtlistener.com/docket/71163481/01208822426/alan-burks-v-islamic-republic-of-iran/
THE TOBIN GROUP,,,,,true,INVALID: not_found: Small real-estate/property-management firm; no public office found. Published Pittsburgh street appears residential and does not match the Michigan donor; do not publish it. (researched and checked 2026-09-24),,
THRYV INC,"1301 Municipal Way, Suite 220",Grapevine,TX,76051,true,"Thryv Holdings, Inc.: Current headquarters address on file differs from published Plano, TX (2600 Dallas Pkwy) address. (researched and checked 2026-09-24)",StockAnalysis.com company profile,https://stockanalysis.com/stocks/thry/company/
THE VISTRIA GROUP,"300 E Randolph St, Suite 3850",Chicago,IL,60601,true,"The Vistria Group, LP: Matches published headquarters address exactly. (researched and checked 2026-09-24)",Vistria Group official site (contact),https://www.vistria.com/contact/
THE WASHINGTON INSTITUTE,"1111 19th Street NW, Suite 500",Washington,DC,20036,true,The Washington Institute for Near East Policy: Current headquarters address per official site differs from published 1828 L St NW address. (researched and checked 2026-09-24),Washington Institute official site (footer),https://www.washingtoninstitute.org/about/contact-us
TOKIO MARINE HCC,13403 Northwest Freeway,Houston,TX,77040,true,Tokio Marine HCC: Corporate HQ matches; donor executive title fits national HQ (researched and checked 2026-09-24),Tokio Marine HCC Office Directory,https://www.tmhcc.com/en/office-directory
TOTAL SOURCE,,,,,true,"INVALID: ambiguous: Candidates: ADP TotalSource (ADP PEO, based in Miami FL), plus several unrelated firms trading as Total Source; one LA donor with no further clue (researched and checked 2026-09-24)",,
TRADITION,"32 Old Slip, 28th Floor",New York,NY,10005,true,"Tradition (North America) / Tradition Securities and Derivatives: Published 1 New York Plaza address not found on official site; company also has Houston and Stamford offices matching the two donors, but NY is the main US address (researched and checked 2026-09-24)",Tradition.com North America regional page,https://www.tradition.com/regions/north-america/new-york.aspx
TRAMMO,"8 W 40th St, 12th Floor",New York,NY,10018,true,"Trammo, Inc.:  (researched and checked 2026-09-24)",opengovwa.com corporation filing / Trammo listings,https://opengovwa.com/corporation/604785006
TRINET,"One Park Pl, Suite 600",Dublin,CA,94568,true,"TriNet Group, Inc.:  (researched and checked 2026-09-24)",TriNet BBB / Dun & Bradstreet profile,https://www.bbb.org/us/ca/dublin/profile/human-resources/trinet-1116-880724
TRION PROPERTIES,"201 S Biscayne Blvd, Suite 700",Miami,FL,33131,true,"Trion Properties: Donor is Miami-based Managing Director; company has a Miami office matching, HQ (LA) address also confirmed as 700 N San Vicente Blvd Ste G460 Los Angeles CA 90069 (researched and checked 2026-09-24)",Trion Properties official site (About/Contact),https://www.trionproperties.com/
TRIUMPH INTERIORS,"1255 Drummers Ln, Suite 200",Wayne,PA,19087,true,"Triumph Group, Inc. (Triumph Interiors division):  (researched and checked 2026-09-24)",Triumph Group corporate address listing,https://www.triumphgroup.com/companies/triumph-interiors
TRUISLENDING,214 N Tryon St,Charlotte,NC,28202,true,Truist Financial Corporation:  (researched and checked 2026-09-24),Truist Center / Truist IR,https://ir.truist.com/2019-12-11-Truist-Charlotte-headquarters-building-to-be-renamed-Truist-Center
TSG CONSUMER,"4 Star Point, Suite 203",Stamford,CT,06902,true,"TSG Consumer Partners, LP: Official offices are Larkspur CA, Stamford CT, Summerlin NV, London only; no LA/Wilshire office exists. Donors are in Westport CT, matching the Stamford office (researched and checked 2026-09-24)",TSG Consumer official contact page,https://www.tsgconsumer.com/contact
TUBI,1211 6th Ave,New York,NY,10036,true,"Tubi, Inc. (New York office): Published Universal City address is not a listed Tubi office; NY office fits the NY-based sales donor (HQ: 201 3rd Street, San Francisco CA 94103) (researched and checked 2026-09-24)",Tubi corporate site - Our Locations,https://corporate.tubitv.com/company/contact-us/
U.S. DEPARTMENT OF AGRICULTURE,1400 Independence Ave SW,Washington,DC,20250,true,"U.S. Department of Agriculture: Specific federal department with a single defined HQ, unlike a generic federal government reference (researched and checked 2026-09-24)",USDA official site - Visiting USDA Headquarters Complex,https://www.usda.gov/about-usda/general-information/staff-offices/departmental-administration/visiting-usda-headquarters-complex
U.S. SEARCH LLC,,Potomac,MD,,true,"Home-based business, town only: U.S. Search Legal LLC (researched and checked 2026-09-24)",Alignable business profile,https://www.alignable.com/potomac-md/us-search-legal-llc
UBER TECHNOLOGIES,1725 3rd St,San Francisco,CA,94158,true,"Uber Technologies, Inc.: Uber HQ moved from 1515 3rd St to 1725 3rd St per current SEC filing (researched and checked 2026-09-24)",Uber Technologies FY2025 Form 10-K (SEC EDGAR),https://www.sec.gov/Archives/edgar/data/1543151/000154315126000015/uber-20251231.htm
UBS FINANCIAL SERVICES INC,1200 Harbor Blvd,Weehawken,NJ,07086,true,UBS Financial Services Inc.: UBS Weehawken campus has multiple building numbers (800/1000/1200 Harbor Blvd); official UBS disclosure brochure lists 1200 Harbor Blvd matching published address (researched and checked 2026-09-24),UBS Financial Services Inc. DC Advisory Disclosure Brochure (UBS official),https://onlineservices.ubs.com/staticfiles/pws/adobe/DC_Advisory_Disclosure_Brochure.pdf
UCSF BENIOFF CHILDREN'S HOSPITAL,747 52nd St,Oakland,CA,94609,true,"UCSF Benioff Children's Hospital Oakland: East Bay donors; Oakland campus is the same-metro site (SF Mission Bay campus: 550 16th St, San Francisco CA 94158) (researched and checked 2026-09-24)",UCSF Benioff Children's Hospitals - Locations & Directions,https://www.ucsfbenioffchildrens.org/locations
UHG,655 New York Avenue NW,Washington,DC,20001,true,UnitedHealth Group Incorporated (Washington DC principal office): 10-K lists Eden Prairie MN and Washington DC as principal executive offices; DC-metro executive donor (researched and checked 2026-09-24),UnitedHealth Group 10-K (FY2025) cover page,https://www.sec.gov/Archives/edgar/data/731766/000073176626000062/unh-20251231.htm
UNITED HEALTH GROUP,1 Health Drive,Eden Prairie,MN,55344,true,UnitedHealth Group Incorporated: HQ relocated from Minnetonka to Eden Prairie MN in 2024 (researched and checked 2026-09-24),UnitedHealth Group FY2025 Form 10-K (SEC EDGAR),https://www.sec.gov/Archives/edgar/data/731766/000073176626000062/unh-20251231.htm
UNITED HEALTHCARE,1 Health Drive,Eden Prairie,MN,55344,true,UnitedHealthcare (UnitedHealth Group Incorporated): UnitedHealthcare is a UnitedHealth Group subsidiary; parent HQ relocated from Minnetonka to Eden Prairie MN in 2024 (researched and checked 2026-09-24),UnitedHealth Group FY2025 Form 10-K (SEC EDGAR),https://www.sec.gov/Archives/edgar/data/731766/000073176626000062/unh-20251231.htm
UIPATH,"One Vanderbilt Ave, 60th Floor",New York,NY,10017,true,"UiPath, Inc.: UiPath HQ is One Vanderbilt Ave (not 90 Park Ave) per current SEC filing (researched and checked 2026-09-24)",UiPath FY2026 Form 10-K (SEC EDGAR),https://www.sec.gov/Archives/edgar/data/1734722/000173472226000012/path-20260131.htm
UMD,7901 Regents Dr,College Park,MD,20742,true,"University of Maryland, College Park (Main Administration Building): Main campus administration building address; published room-number-only form replaced (researched and checked 2026-09-24)",UMD Office of the Provost contact page,https://www.provost.umd.edu/contact
UNIVERSITY OF CHARLESTON,,,,,true,"INVALID: ambiguous: Candidates: College of Charleston / University of Charleston, South Carolina (66 George St, Charleston SC 29424); University of Charleston (2300 MacCorkle Ave SE, Charleston WV 25304); Charleston Southern University (North Charleston SC) (researched and checked 2026-09-24)",,
US ARMY,,,,,true,"INVALID: generic_no_office: Branch of military as a whole, donors scattered across many states/bases; not one organisation with a single meaningful office (researched and checked 2026-09-24)",,
USAF RESERVE,,,,,true,"INVALID: generic_no_office: Military reserve component as a whole, not one organisation with a single meaningful office (donor probably serves at a specific Air Reserve/ANG base, not identifiable from employer name alone) (researched and checked 2026-09-24)",,
USG,,,,,true,"INVALID: generic_no_office: USG here is an abbreviation for United States Government (donors in unrelated occupations/states: attorney DC, engineer FL, professor GA, retired MD), not USG Corporation; federal government as a whole has no single meaningful office (researched and checked 2026-09-24)",,
USI INSURANCE SERVICES,"100 Summit Lake Dr, Suite 400",Valhalla,NY,10595,true,USI Insurance Services LLC:  (researched and checked 2026-09-24),Bar List Publishing / USI corporate office listing,https://barlist.com/independent-agents/details/100686/usi-insurance-services-llc---corp-office
USIP,2301 Constitution Ave NW,Washington,DC,20037,true,United States Institute of Peace: Published street name (Pennsylvania Ave) is wrong; correct street is Constitution Ave NW (researched and checked 2026-09-24),Wikipedia / Yelp listing for USIP HQ building,https://en.wikipedia.org/wiki/United_States_Institute_of_Peace_Headquarters
VALLEY HEALTH SYSTEM,4 Valley Health Plaza,Paramus,NJ,07652,true,Valley Health System (The Valley Hospital): NJ Valley Health System (hospital relocated from Ridgewood to Paramus); not the Winchester VA namesake (researched and checked 2026-09-24),Valley Health System - The Valley Hospital location page,https://www.valleyhealth.com/locations/valley-hospital
VAPORSTREAM,"223 W Jackson Blvd, Suite 1104",Chicago,IL,60606,true,"Vaporstream, Inc.:  (researched and checked 2026-09-24)",BBB Vaporstream Inc profile,https://www.bbb.org/us/il/chicago/profile/network-security/vaporstream-inc-0654-90008746
VEDDER PRICE,222 N LaSalle St,Chicago,IL,60601,true,Vedder Price P.C.:  (researched and checked 2026-09-24),Hoodline - Vedder Price Chicago HQ lease,https://hoodline.com/2026/05/vedder-price-doubles-down-on-the-loop-locks-riverfront-hq-until-2041/
VENABLE LLP,600 Massachusetts Ave NW,Washington,DC,20001,true,Venable LLP:  (researched and checked 2026-09-24),Venable LLP - Washington DC office page,https://www.venable.com/offices/washington-dc
VERITA GLOBAL,"222 N Pacific Coast Hwy, 3rd Floor",El Segundo,CA,90245,true,"Verita Global, LLC:  (researched and checked 2026-09-24)",Craft.co Verita Global locations,https://craft.co/verita-global/locations
VITUITY,"2100 Powell St, Suite 400",Emeryville,CA,94608,true,"Vituity (CEP America, LLC): HQ is Emeryville, not One Maritime Plaza San Francisco as published (researched and checked 2026-09-24)",Vituity official Contact Us page,https://www.vituity.com/contact-us
WACHTEL MISSRY LLP,"One Dag Hammarskjold Plaza, 47th Floor, 885 Second Avenue",New York,NY,10017,true,Wachtel Missry LLP: Official site lists 885 Second Avenue (not Third Avenue) as current address (researched and checked 2026-09-24),Wachtel Missry LLP official Contact Us page,https://www.wmllp.com/contact-us
WALLICK COMMUNITIES,"160 West Main St, Suite 200",New Albany,OH,43054,true,"Wallick Communities: Corporate HQ is New Albany OH, not Cleveland (researched and checked 2026-09-24)",Wallick Communities official Contact page,https://wallick.com/contact/
WALMART,1 Customer Drive,Bentonville,AR,72716,true,"Walmart Inc.: HQ moved to Walmart new home office campus, 1 Customer Drive (researched and checked 2026-09-24)",Walmart Inc. FY2026 Form 10-K (SEC EDGAR),https://www.sec.gov/Archives/edgar/data/104169/000010416926000055/wmt-20260131.htm
WAND AI,,,,,true,INVALID: not_found: Official site (wand.ai) has no office address listed; could not locate a reliable public office address for this AI startup (researched and checked 2026-09-24),,
WAYPOINT,,,,,true,"INVALID: ambiguous: Employer name Waypoint is generic; many unrelated companies share the name (Waypoint Resource Group, Waypoint Living Spaces, Waypoint Analytical, etc.) and none could be confirmed at the Odenton MD address; donor is retired giving no current-employer clue (researched and checked 2026-09-24)",,
WCHN,24 Hospital Ave,Danbury,CT,06810,true,"Danbury Hospital (formerly Western Connecticut Health Network, now part of Nuvance Health/Northwell Health): WCHN brand has since become Nuvance Health, affiliated with Northwell Health (2024); physical hospital address unchanged (researched and checked 2026-09-24)",Wikipedia - Danbury Hospital,https://en.wikipedia.org/wiki/Danbury_Hospital
WEDGEWOOD PHARMACY,"405 Heron Dr, Suite 200",Swedesboro,NJ,08085,true,Wedgewood Pharmacy:  (researched and checked 2026-09-24),Wedgewood Pharmacy official Contact Us page,https://www.wedgewoodpharmacy.com/contact-us
WEIGHTWATCHERS,"18 West 18th St, 7th Floor",New York,NY,10011,true,"WW International, Inc.: HQ is 18 West 18th St, not 477 5th Ave (researched and checked 2026-09-24)",WW International FY2025 Form 10-K (SEC EDGAR),https://www.sec.gov/Archives/edgar/data/105319/000119312526107176/ww-20251231.htm
WEITZ & LUXENBERG,700 Broadway,New York,NY,10003,true,"Weitz & Luxenberg, P.C.:  (researched and checked 2026-09-24)",Weitz & Luxenberg official Contact Us page,https://www.weitzlux.com/contact-us
WELLMED,"8637 Fredericksburg Rd, Suite 360",San Antonio,TX,78240,true,"WellMed Medical Management, Inc.: Registry mailing address of the active Texas corporation (Optum/UHG subsidiary); WellMed Medical Management of Florida Inc lists the same address; published Austin address unsupported (researched and checked 2026-09-24)",Texas Comptroller active franchise tax permit holders (data.texas.gov),"https://data.texas.gov/resource/9cir-efmm.json?taxpayer_name=WELLMED%20MEDICAL%20MANAGEMENT,%20INC."
WELLPATH,"6550 Carothers Pkwy, Suite 500",Franklin,TN,37067,true,Wellpath:  (researched and checked 2026-09-24),Wellpath official site,https://www.wellpathcare.com/contact-us/
WELLS FARGO PRIVATE BANK,333 Market St,San Francisco,CA,94105,true,Wells Fargo & Company: Current registered corporate HQ is 333 Market St; could not confirm 420 Montgomery St (former historic HQ) still houses Private Bank specifically (researched and checked 2026-09-24),Wells Fargo & Co FY2025 Form 10-K (SEC EDGAR),https://www.sec.gov/Archives/edgar/data/72971/000007297126000133/wfc-20251231_d2.htm
WESTCHESTER INSTITUTE FOR HUMAN DEVELOPMENT,"Cedarwood Hall, New York Medical College",Valhalla,NY,10595,true,Westchester Institute for Human Development (WIHD):  (researched and checked 2026-09-24),WIHD official Contact page,https://www.wihd.org
WEWORK,"12 East 49th Street, 3rd Floor",New York,NY,10017,true,WeWork Inc.: Latest official address on file (company went private/deregistered 2024) (researched and checked 2026-09-24),"SEC EDGAR company record, WeWork Inc. (CIK 1813756)",https://www.sec.gov/cgi-bin/browse-edgar?action=getcompany&CIK=0001813756&type=&dateb=&owner=include&count=40
WIINGATE LIVING,"57 Wells Ave, Suite 20",Newton,MA,02459,true,Wingate Living: Senior-living operator (real estate + healthcare) matches donor occupation; Wingate Companies (100 Wells Ave) is a different firm (researched and checked 2026-09-24),Wingate Living official site (contact/footer),https://www.wingateliving.com/contact
WILSON SONSINI,650 Page Mill Rd,Palo Alto,CA,94304,true,Wilson Sonsini Goodrich & Rosati:  (researched and checked 2026-09-24),Wikipedia - Wilson Sonsini Goodrich & Rosati,https://en.wikipedia.org/wiki/Wilson_Sonsini_Goodrich_%26_Rosati
WINSTON & STRAWN,35 W Wacker Dr,Chicago,IL,60601,true,Winston & Strawn LLP:  (researched and checked 2026-09-24),Wikipedia - Winston & Strawn,https://en.wikipedia.org/wiki/Winston_%26_Strawn
WITHUM,"506 Carnegie Center, #400",Princeton,NJ,08540,true,"Withum (WithumSmith+Brown, PC):  (researched and checked 2026-09-24)",Withum official Our Locations page,https://withum.com/our-locations/
WOLFE RESEARCH,"757 Third Ave, 6th Floor",New York,NY,10017,true,Wolfe Research:  (researched and checked 2026-09-24),Wolfe Research official site - Office Locations,https://wolferesearch.com/contact
WOODLINE PARTNERS,"4 Embarcadero Center, Suite 3450",San Francisco,CA,94111,true,Woodline Partners LP:  (researched and checked 2026-09-24),Woodline Partners official Contact page,https://woodlinepartners.com/contact
WORKDAY,6110 Stoneridge Mall Rd,Pleasanton,CA,94588,true,"Workday, Inc.:  (researched and checked 2026-09-24)",Workday FY2026 Form 10-K (SEC EDGAR),https://www.sec.gov/Archives/edgar/data/1327811/000132781126000014/wday-20260131.htm
WORLD INSURANCE ASSOCIATES,"100 Wood Ave South, 4th Floor",Iselin,NJ,08830,true,World Insurance Associates LLC (researched and checked 2026-09-24),World Insurance Associates official Contact page (HQ address),https://www.worldinsurance.com/contact
WRP MANAGEMENT CORP,,,,,true,INVALID: not_found: Could not locate an official website or reliable public office listing for this company (LA real estate management firm) (researched and checked 2026-09-24),,
WTW,"200 Liberty St, 6th Floor",New York,NY,10281,true,WTW (Willis Towers Watson): WTW plc legal registered office is London (51 Lime Street); 200 Liberty St NY remains its major North America office used for the US entity (researched and checked 2026-09-24),WTW plc FY2025 Form 10-K confirms global structure (SEC EDGAR); 200 Liberty St (Brookfield Place) is WTW long-documented NY office,https://www.sec.gov/Archives/edgar/data/1140536/000119312526069307/wtw-20251231.htm
WYSH,720 E Wisconsin Ave,Milwaukee,WI,53202,true,Wysh Life and Health Insurance Company:  (researched and checked 2026-09-24),Wysh official site footer,https://wysh.com
YMCA,,,,,true,"INVALID: ambiguous: Donor is a fundraiser in Melrose MA; YMCA is a federation of independently incorporated local associations (e.g. YMCA of Greater Boston, YMCA of the North Shore) rather than one organisation with the Chicago YMCA of the USA national office as her workplace; cannot determine which local Y employs her (researched and checked 2026-09-24)",,
YORK PROPERTIES,2108 Clark Ave,Raleigh,NC,27605,true,York Properties:  (researched and checked 2026-09-24),York Properties official Contact page,https://www.yorkproperties.com/contact/
ZEKELMAN INDUSTRIES,"191 North Wacker Dr, Suite 2100",Chicago,IL,60606,true,Zekelman Industries:  (researched and checked 2026-09-24),Zekelman Industries official site footer,https://www.zekelman.com
ZETA GLOBAL,"3 Park Ave, 33rd Floor",New York,NY,10016,true,"Zeta Global Holdings Corp.: HQ is 3 Park Ave, not 7 W 34th St (researched and checked 2026-09-24)",Zeta Global FY2025 Form 10-K (SEC EDGAR),https://www.sec.gov/Archives/edgar/data/1851003/000119312526068598/zeta-20251231.htm
ZIONS BANCORPORATION,One South Main,Salt Lake City,UT,84133,true,"Zions Bancorporation, N.A.:  (researched and checked 2026-09-24)",Zions Bancorporation FY2025 Form 10-K (SEC EDGAR),https://www.sec.gov/Archives/edgar/data/109380/000010938026000046/zions-20251231.htm
ADVANCE PACKAGING TECHNOLOGIES,5720 WILLIAMS LAKE RD,WATERFORD TOWNSHIP,MI,48329,true,"OFFICE PREMISES: Company's own contact page lists its location at 5720 Williams Lake Rd, Waterford (packaging manufacturer). (checked 2026-09-24)",business listing,https://www.advancepac.com/contact/
AINI & ASSOCIATES PLLC,2615 CONEY ISLAND AVE,BROOKLYN,NY,11223,true,OFFICE PREMISES: Firm's own site gives 2615 Coney Island Ave as its New York office (commercial avenue); OCA registry matches. (checked 2026-09-24),business listing,https://www.ainilaw.com/
ALAN GRAHAM MOTORING,8618 LINDLEY AVE,NORTHRIDGE,CA,91325,true,"OFFICE PREMISES: Dealer's own site lists 8618 Lindley Ave, Northridge with business hours as its showroom/shop. (checked 2026-09-24)",business listing,https://www.alangraham.com/about-us
AMROCK HOLDINGS,662 WOODWARD AVE,DETROIT,MI,48226,true,"OFFICE PREMISES: Amrock's contact page (archived) gives 662 Woodward Ave, Detroit (office tower) as its primary address. (checked 2026-09-24)",business listing,https://web.archive.org/web/2025/https://www.amrock.com/contact
ARDMORE TOYOTA,219 E LANCASTER AVE,ARDMORE,PA,19003,true,OFFICE PREMISES: Dealership's own site lists sales/service/parts at 219 E Lancaster Ave. (checked 2026-09-24),business listing,https://www.ardmoretoyota.com/
ARONOV REALTY MANAGEMENT INC,3500 EASTERN BLVD,MONTGOMERY,AL,36116,true,"OFFICE PREMISES: Aronov's own contact page (archived) lists its office at 3500 Eastern Boulevard, Montgomery. (checked 2026-09-24)",business listing,https://web.archive.org/web/2025/https://aronov.com/contact
ASSOCIATION MANAGEMENT GROUP INC,614 W FRIENDLY AVE,GREENSBORO,NC,27401,true,OFFICE PREMISES: AMG's own site lists 614 West Friendly Ave as its Greensboro office. (checked 2026-09-24),business listing,https://www.amgworld.com/greensboro
ATLANTIS CASINO RESORT & SPA,3800 S VIRGINIA ST,RENO,NV,89502,true,"OFFICE PREMISES: Casino resort's own contact page lists 3800 S Virginia St, Reno. (checked 2026-09-24)",business listing,https://www.atlantiscasino.com/contact-us
BABACO,497 WASHINGTON AVE,CARLSTADT,NJ,07072,true,"OFFICE PREMISES: Babaco's own site footer lists 497 Washington Ave, Carlstadt (industrial area). (checked 2026-09-24)",business listing,https://babaco.com/
BLOOMBERG,731 LEXINGTON AVE,NEW YORK,NY,10022,true,OFFICE PREMISES: 731 Lexington Ave is the Bloomberg Tower office skyscraper. (checked 2026-09-24),business listing,https://en.wikipedia.org/wiki/731_Lexington_Avenue
CANTOR INJURY LAW,12283 OLIVE BLVD,SAINT LOUIS,MO,63141,true,OFFICE PREMISES: Firm's own site lists its St. Louis office at 12283 Olive Blvd. (checked 2026-09-24),business listing,https://www.cantorinjurylaw.com/about/office-locations/st-louis/
CBG REAL ESTATE,4629 MACRO DR,SAN ANTONIO,TX,78218,true,"OFFICE PREMISES: Company's own contact page lists 4629 Macro, San Antonio. (checked 2026-09-24)",business listing,https://cbgcre.com/contact-us/
CERTIFIED FINANCIAL GROUP INC,1111 DOUGLAS AVE,ALTAMONTE SPRINGS,FL,32714,true,OFFICE PREMISES: BBB profile (archived) lists the firm at 1111 Douglas Ave with weekday operating hours (office). (checked 2026-09-24),business listing,https://web.archive.org/web/2025/https://www.bbb.org/us/fl/altamonte-springs/profile/financial-planning-consultants/certified-financial-group-inc-0733-101828
CONGREGATION EMANU-EL,2 LAKE ST,SAN FRANCISCO,CA,94118,true,"OFFICE PREMISES: Congregation's own site gives its temple at 2 Lake Street, San Francisco. (checked 2026-09-24)",business listing,https://web.archive.org/web/2025/https://www.emanuelsf.org/
CONSOLIDATED INVESTMENT GROUP,18 INVERNESS PL E,ENGLEWOOD,CO,80112,true,"OFFICE PREMISES: Company's own site footer lists 18 Inverness Place East, Englewood (office park). (checked 2026-09-24)",business listing,https://www.ciginvest.com/
FLOWERS PROPERTIES LLC,864 GOODMAN RD E,SOUTHAVEN,MS,38671,true,"OFFICE PREMISES: Chamber member listing (archived) places this commercial real-estate firm at 864 Goodman Rd, a commercial arterial. (checked 2026-09-24)",business listing,https://web.archive.org/web/2025/https://business.southavenchamber.com/list/member/flowers-properties-1744
HILLWOOD,3000 TURTLE CREEK BLVD,DALLAS,TX,75219,true,"OFFICE PREMISES: Hillwood's contact page lists 3000 Turtle Creek Blvd, Dallas. (checked 2026-09-24)",business listing,https://www.hillwood.com/contact
ISLAND CAPITAL GROUP,717 FIFTH AVE,NEW YORK,NY,10022,true,"OFFICE PREMISES: Company's contact page lists 717 Fifth Avenue, New York. (checked 2026-09-24)",business listing,https://www.islandcapital.com/contact/
JOHN HENRY HOMES,11025 REED HARTMAN HWY,BLUE ASH,OH,45242,true,OFFICE PREMISES: Builder's own contact page lists 11025 Reed Hartman Hwy (office corridor). (checked 2026-09-24),business listing,https://www.johnhenryhomes.com/contact-us
KAP'S WHOLESALE FOODS,1300 MAPLE ST,DETROIT,MI,48207,true,OFFICE PREMISES: Eastern Market directory lists the wholesaler at 1300 Maple St in the Detroit market district. (checked 2026-09-24),business listing,https://easternmarket.org/directory/kaps-wholesale-food-services-inc/
REDWOOD APARTMENT LIVING,7007 E PLEASANT VALLEY RD,INDEPENDENCE,OH,44131,true,OFFICE PREMISES: Company announced purchase of a building at 7007 E Pleasant Valley Rd for its corporate HQ. (checked 2026-09-24),business listing,https://news.byredwood.com/redwood-living-inc-purchases-new-building-for-its-corporate-headquarters-in-independence-ohio/
ROBBINS FIRM,500 14TH ST NW,ATLANTA,GA,30318,true,"OFFICE PREMISES: Firm's contact page lists 500 14th Street NW, Atlanta. (checked 2026-09-24)",business listing,https://www.robbinsfirm.com/contact/
SANTA CLARITA STUDIOS CORP,25135 ANZA DR,SANTA CLARITA,CA,91355,true,OFFICE PREMISES: Studio's own site lists stages at 25135 Anza Drive in the Valencia Business Park. (checked 2026-09-24),business listing,https://www.sc-studios.com/
SIMONCRE,6900 E 2ND ST,SCOTTSDALE,AZ,85251,true,"OFFICE PREMISES: Company's contact page lists 6900 E 2nd Street, Scottsdale. (checked 2026-09-24)",business listing,https://simoncre.com/contact-us/
TWIN CITY FAN COMPANIES LTD,5959 TRENTON LN N,MINNEAPOLIS,MN,55442,true,OFFICE PREMISES: Company's contact page lists 5959 Trenton Lane N (manufacturing HQ). (checked 2026-09-24),business listing,https://tcf.com/contact-us/
TWINCO INDUSTRIAL PRODUCTS,5201 S LOOP E,HOUSTON,TX,77033,true,"OFFICE PREMISES: Company's contact page lists 5201 S Loop East, Houston. (checked 2026-09-24)",business listing,https://www.twincoindustrial.com/contact
KNISH SHOP,508 REISTERSTOWN RD,PIKESVILLE,MD,21208,true,OFFICE PREMISES: Deli's own site lists its shop at 508 Reisterstown Road. (checked 2026-09-24),business listing,https://www.knishshop.com/
MONROE GROUP,6875 E EVANS AVE,DENVER,CO,80224,true,"OFFICE PREMISES: Company's own site lists its office at 6875 East Evans Ave, Denver. (checked 2026-09-24)",business listing,https://www.monroegroup.com/
KIDDESIGNS,1299 MAIN ST,RAHWAY,NJ,07065,true,"OFFICE PREMISES: eKids/KIDdesigns site (archived) lists 1299 Main Street, Rahway with office hours. (checked 2026-09-24)",business listing,https://web.archive.org/web/2025/https://www.ekids.com/pages/contact
GLOBAL PHOTONICS,7826 PHOTONICS DR,TRINITY,FL,34655,true,"OFFICE PREMISES: Global Photonics' contact page (archived) lists 7826 Photonics Drive, Trinity; the site describes a ~50,000 sq ft optics plant in Trinity. (checked 2026-09-24)",business listing,https://web.archive.org/web/2024/https://www.globalphotonics.com/contact-us/
OPC POLYMERS,1920 LEONARD AVE,COLUMBUS,OH,43219,true,"OFFICE PREMISES: Company's contact page (archived) lists its plant/office at 1920 Leonard Avenue, Columbus. (checked 2026-09-24)",business listing,https://web.archive.org/web/2025/https://www.opcpolymers.com/contact/
PARKWAY CORPORATION,150 N BROAD ST,PHILADELPHIA,PA,19102,true,"OFFICE PREMISES: Company's contact page (archived) lists 150 North Broad Street, Philadelphia. (checked 2026-09-24)",business listing,https://web.archive.org/web/2025/https://www.parkwaycorp.com/contact-us
NOVA CONSULTING,10486 NW 31ST TER,DORAL,FL,33172,true,"OFFICE PREMISES: Firm's contact page (archived) lists its Miami-Dade office at 10486 NW 31st Terrace, Doral, among several offices. (checked 2026-09-24)",business listing,https://web.archive.org/web/2023/https://nova-consulting.com/contact-us/
CAMPUS APARTMENTS,4043 WALNUT ST,PHILADELPHIA,PA,19104,true,"OFFICE PREMISES: Company's about page (archived) lists its headquarters at 4043 Walnut Street, Philadelphia (commercial office at 41st & Walnut). (checked 2026-09-24)",business listing,https://web.archive.org/web/2024/https://www.campusapartments.com/about-campus-apts/
SHADER BROTHERS CORP,6327 EDGEWATER DR,ORLANDO,FL,32810,true,"OFFICE PREMISES: Company's contact page (archived) lists its storage-management office at 6327 Edgewater Dr, Orlando. (checked 2026-09-24)",business listing,https://web.archive.org/web/2024/http://www.shaderbrothers.com:80/contact.php
SHANNON FABRICS,3131 S ALAMEDA ST,LOS ANGELES,CA,90058,true,OFFICE PREMISES: Company's about page (archived) lists 3131 South Alameda Street in the LA fabric/industrial district. (checked 2026-09-24),business listing,https://web.archive.org/web/2024/http://www.shannonfabrics.com:80/about-us
WEBSTER LOCK CO,2471 WEBSTER AVE,BRONX,NY,10458,true,"OFFICE PREMISES: Company's own site lists its lock/hardware shop at 2471 Webster Avenue, Bronx. (checked 2026-09-24)",business listing,https://websterlock.com/
SCHOENBERG MEMORIAL CHAPEL,519 PHILADELPHIA PIKE,WILMINGTON,DE,19809,true,"OFFICE PREMISES: Funeral chapel's own location page maps 519 Philadelphia Pike, Wilmington. (checked 2026-09-24)",business listing,https://www.schoenbergmemorial.com/our-location
US STANDARD PRODUCTS,41 HONECK ST,ENGLEWOOD,NJ,07631,true,"OFFICE PREMISES: Chamber member listing places this manufacturer at 41 Honeck St, Englewood's industrial district. (checked 2026-09-24)",business listing,https://business.nnjchamber.com/list/member/us-standard-products-englewood-333
LIPSEY'S,7277 EXCHEQUER DR,BATON ROUGE,LA,70809,true,"OFFICE PREMISES: Lipsey's own brand site lists its contact address as 7277 Exchequer Drive, Baton Rouge with phone/fax (large firearms distributor). (checked 2026-09-24)",business listing,https://lipseysguns.com/contact/
PREMIER DENTAL PRODUCTS COMPANY,1710 ROMANO DR,PLYMOUTH MEETING,PA,19462,true,"OFFICE PREMISES: Company's own contact page lists 1710 Romano Drive, Plymouth Meeting (corporate HQ). (checked 2026-09-24)",business listing,https://www.premierdentalco.com/contact
ANHALT REALTY LLC,240 GRAND AVE,ENGLEWOOD,NJ,07631,true,"OFFICE PREMISES: The brokerage's own website (archived) gives its office as 240 Grand Ave, Englewood NJ, a commercial avenue. (checked 2026-09-24)",business listing,https://web.archive.org/web/2024/https://www.anhaltrealestate.com/
