employer,n_rows,status,old_address,old_state,new_address,new_state,donor_states
MARBLE BRIDGE FUNDING GROUP,89,corrected,"555 Madison Avenue, 12th Floor, New York, NY",NY,"1440 Maria Lane, Suite 210",CA,CA:89
RNDC,83,corrected,"300 Erie Boulevard West, Suite 100, Syracuse, NY",NY,1010 Isuzu Pkwy,TX,GA:83
UBS FINANCIAL SERVICES INC,60,corrected,"1285 Avenue of the Americas, New York, NY",NY,1200 Harbor Boulevard,NJ,MD:29; NC:15; IL:10
BECKERS HEALTHCARE AND MCGUIREWOODS,57,unknown,"Gateway Plaza, 800 East Canal Street",VA,,,IL:57
TEAMHEALTH,56,corrected,"1000 SW Broadway, Ste 1900, Portland, OR",OR,"265 Brookview Centre Way, Suite 203",TN,OH:56
THE STERLING GROUP,54,corrected,"2815 Coliseum Centre Dr, Ste 600, Charlotte, NC",NC,"9 Greenway Plaza, Suite 2400",TX,TX:54
"ALTOPASS, INC",54,corrected,"1 CHRISTIE PLZ STE 200, EAST HANOVER, NJ",NJ,"405 El Camino Real, Suite 629",CA,CA:54
NOBLE PROPERTIES,52,corrected,"501 Boylston St, 4th Floor, Boston, MA",MA,"4280 Professional Center Drive, Suite 100",FL,FL:52
GREENWOOD GAMING INC,52,corrected,"1 Players Club Drive, Schenectady, NY",NY,2999 Street Road,PA,PA:52
MARSH MCLENNAN AGENCY,52,unknown,1166 Avenue of the Americas,NY,,,TX:39; IL:13
PORTAGE PARTNERS,51,corrected,"600 West Chicago Avenue, Suite 700, Chicago, IL",IL,"10 East 53rd Street, 18th Floor",NY,NY:51
FEI,50,confirmed,5350 NE Dawson Creek Drive,OR,,,CO:46; CA:4
RAYMOND JAMES,49,confirmed,880 Carillon Parkway,FL,,,MI:21; CA:15; PA:5
LIPSEY'S,49,corrected,"2107 Gateway Centre Blvd, Columbus, OH",OH,7277 Exchequer Drive,LA,LA:49
"ATLANTIC REALTY ASSOCIATES, INC",47,corrected,"2600 Horizon Drive, Suite 210, King of Prussia, PA",PA,"8150 Leesburg Pike, Suite 1100",VA,NY:34; VA:10; NJ:3
CAPITAL ONE,46,confirmed,1680 Capital One Drive,VA,,,NY:41; NJ:5
SEYFARTH SHAW,46,confirmed,"233 South Wacker Drive, Suite 8000",IL,,,MA:44; MD:1; NJ:1
PLAYON! SPORTS,45,corrected,"111 Congressional Blvd, Suite 400, Carmel, IN",IN,"2990 Brandywine Rd, Suite 300",GA,GA:45
DENTONS,43,confirmed,1221 Avenue of the Americas,NY,,,IL:24; AL:18; VA:1
"DEREK SMITH LAW GROUP, PLLC",43,corrected,"701 Thirteenth Street NW, Suite 800, Washington, DC",DC,"The Nelson Tower, 450 7th Avenue, 30th Floor",NY,PA:27; FL:16
CHESAPEAKE REALTY PARTNERS,42,corrected,"1200 Galleria Boulevard, Suite 100, Roseville, CA",CA,4750 Owings Mills Blvd,MD,FL:40; MD:2
HARBOR GROUP INTERNATIONAL,42,corrected,"570 Lexington Avenue, 10th Floor, New York, NY",NY,"999 Waterside Drive, Suite 2300",VA,MD:34; VA:8
VALCOR ENGINEERING CORP,42,corrected,"1000 N. Sperry Drive, Mesa, AZ",AZ,2 Lawrence Road,NJ,NJ:42
KATTEN MUCHIN ROSENMAN LLP,42,confirmed,525 West Monroe Street,IL,,,NY:23; NJ:11; CA:5
KEMPNER FAMILY FOUNDATION,42,corrected,"2000 Dempster Street, Suite 100, Evanston, IL",IL,"c/o Combined Jewish Philanthropies, Kraft Family Building, 126 High Street",MA,MA:42
SUTHERLAND CAPITAL MANAGEMENT INC,41,corrected,"1301 Pennsylvania Avenue NW, Washington, DC",DC,"32 East 57th Street, 16th Floor",NY,NY:41
ROTOR CLIP,40,corrected,"8 Locust Street, Newburgh, NY",NY,187 Davidson Avenue,NJ,NJ:40
FELSON COMPANIES,40,corrected,"200 East Randolph Drive, Suite 2300, Chicago, IL",IL,"1290 B Street, Suite 212",CA,CA:40
REDWOOD APARTMENT LIVING,40,corrected,"10211-8 Jefferson Blvd., Ste. 300, Culver City, CA",CA,7007 East Pleasant Valley Road,OH,OH:40
"GHP INVESTMENT ADVISORS, INC",39,corrected,"1345 Avenue of the Americas, New York, NY",NY,"1290 Broadway, Suite 1100",CO,CO:39
RANGER CAPITAL MANAGEMENT,39,confirmed,"100 Crescent Court, Suite 700",TX,,,IL:39
SCHALL LAW FIRM,39,corrected,"1441 Broadway, Suite 7010, New York, NY",NY,"2049 Century Park East, Suite 2460",CA,CA:39
AMERICAN BANKERS ASSOCIATION,38,confirmed,1120 Connecticut Ave NW,DC,,,VA:38
GEORGE SMITH PARTNERS,38,corrected,"300 First Stamford Place, 5th Floor, Stamford, CT",CT,"1900 Avenue of the Stars, Suite 250",CA,CA:38
SCRAPSOURCE,38,corrected,"2899 W. 35th Street, Brooklyn, NY",NY,"8235 Douglas Ave, Ste 401",TX,TX:38
RLF CAPITAL ADVISORS,38,corrected,"8000 Avalon Boulevard, Suite 200, Montgomery, AL",AL,35 Green Hollow Rd,NY,FL:38
ODEON CAPITAL GROUP,37,corrected,"111 S Wacker Dr, Suite 4500, Chicago, IL",IL,"750 Lexington Avenue, 27th Floor",NY,NY:37
KILPATRICK TOWNSEND & STOCKTON LLP,36,confirmed,"1100 Peachtree Street NE, Suite 2800",GA,,,NY:36
BROWN & BROWN INSURANCE,36,corrected,"6400 C Street SW, Suite 400, Fargo, ND",ND,300 North Beach Street,FL,FL:26; NJ:9; GA:1
MERRILL LYNCH,36,confirmed,250 Vesey Street,NY,,,CA:18; NC:11; MA:5
COLTER LEWIS INVESTMENT PARTNERS,35,corrected,"200 West Street, Suite 400, Waltham, MA",MA,"22 West Putnam Avenue, Second Floor",CT,NY:35
THE CROSS COUNTRY GROUP,35,corrected,"2002 Summit Boulevard, Suite 340, Atlanta, GA",GA,400 Rivers Edge Drive,MA,MA:35
THE SCION GROUP,35,corrected,"1 National Life Dr, Davis 6, Montpelier, VT",VT,"401 N. Michigan Ave, Suite 400",IL,MI:35
CENTERBASE LLC,35,corrected,"340 S Lemon Ave, Suite B-105, Walnut, CA",CA,"8350 N Central Expy, Suite 1950",TX,NY:28; MA:7
"CROSSLAND, LLC",35,corrected,"400 Metropolitan Square, 211 N. Broadway, St. Louis, MO",MO,"141 W Jackson Blvd, Suite 1710A",IL,MD:35
ITC TRADING COMPANY LTD,35,corrected,"1209 Orange St, Wilmington, DE",DE,"109 N Post Oak Lane, Suite 410",TX,TX:28; FL:7
CITADEL,34,corrected,"131 South Dearborn Street, Chicago, IL",IL,830 Brickell Plaza,FL,CT:12; NY:11; CA:11
BRAMAN MANAGEMENT ASSOCIATES,34,corrected,"250 Park Ave S, New York, NY",NY,"2060 Biscayne Blvd, 2nd Floor",FL,FL:34
COMPASS LEXECON,33,corrected,"1999 Harrison St, Suite 1530, Oakland, CA",CA,"555 12th St NW, Suite 501",DC,IL:33
JACKSON LEWIS,33,corrected,"650 Poydras Street, Suite 1900, New Orleans, LA",LA,"666 3rd Ave, 28th Floor",NY,CA:24; OH:5; FL:3
SUN CAPITAL PARTNERS,33,corrected,"520 Madison Avenue, 21st Floor, New York, NY",NY,"5200 Town Center Circle, 4th Floor",FL,FL:33
CRESCENT REALTY ADVISORS,33,corrected,"1111 Brickell Avenue, Suite 2300, Miami, FL",FL,4840 Andasol Ave,CA,CA:33
STEIN MITCHELL BEATO & MISSNER,32,confirmed,"901 15th St NW, Suite 700",DC,,,MD:32
NFP,32,confirmed,200 Park Ave S,NY,,,IN:21; MD:4; IL:4
"INTRA-CELLULAR THERAPIES, INC. (ITCI)",32,corrected,"75 Hayden Ave, Lexington, MA",MA,"135 Route 202/206, Suite 6",NJ,AL:32
THRIVE FP,31,corrected,"2700 N Military Trl, Boca Raton, FL",FL,809 N Cuernavaca Dr,TX,TX:31
JAMS,31,corrected,"620 Ninth Avenue, 18th Floor, New York, NY",NY,"18881 Von Karman Ave., Suite 350",CA,IL:31
FELLOWS LABRIOLA LLP,31,corrected,"25 W 45th St, 12th Floor, New York, NY",NY,"233 Peachtree Street NE, Suite 2400, Harris Tower",GA,GA:31
VESTAR CAPITAL PARTNERS,31,corrected,"700 S Flower St, Suite 2500, Los Angeles, CA",CA,437 Madison Avenue,NY,NY:31
WINSTON & STRAWN,30,confirmed,35 West Wacker Drive,IL,,,NY:16; NC:8; TX:6
ROKU,30,confirmed,150 Winchester Circle,CA,,,TX:23; NY:7
ENDEAVOR HEALTH,29,corrected,"1750 Tysons Boulevard, Suite 1500, Tysons, VA",VA,1301 Central St,IL,IL:29
FTI CONSULTING,29,confirmed,1990 K Street NW,DC,,,NY:23; NJ:5; FL:1
LNK PARTNERS,29,corrected,"1355 Market Street, Suite 488, San Francisco, CA",CA,"445 Hamilton Avenue, 11th Floor",NY,NY:29
HODGES WARD ELLIOTT,29,corrected,"100 Crescent Court, Suite 1850, Dallas, TX",TX,"3384 Peachtree Road NE, 6th Floor",GA,NY:29
LEVITCH STANLEY MENDELL LLP,29,corrected,"111 John St, New York, NY",NY,"10940 Wilshire Boulevard, Suite 1220",CA,CA:29
SOLOMON PARTNERS,29,confirmed,"80 Broad Street, 6th Floor",NY,,,FL:29
EISENBERG INVESTMENT GROUP,29,corrected,"150 E 58th St, 34th Floor, New York, NY",NY,4613 N University Drive #411,FL,FL:29
STANDWITHUS,29,confirmed,"8888 W. Olympic Blvd, Suite 300",CA,,,PA:18; WA:6; IL:3
"ADVISORY RESEARCH, INC",29,unknown,6300 UNIVERSITY AVE,WI,,,IL:29
DOORDASH,28,confirmed,"303 2nd Street, Suite 800",CA,,,CT:22; WA:6
BLAKE PARTNERS LLC,28,corrected,"1 Boston Place, Boston, MA",MA,"270 West 39th Street, Second Floor",NY,NY:26; NJ:2
RAMAZ,28,confirmed,160 E 78th St,NY,,,NJ:28
TREGAN PARTNERS,28,corrected,"One Logan Square, 130 North 18th Street, Suite 1300, Philadelphia, PA",PA,"200 Crescent Court, Suite 1040",TX,TX:28
SPENCER FANE LLP,28,confirmed,"1 Westbrook Corporate Center, Suite 1200",MO,,,TX:27; CA:1
ENCOMPASS HEALTHCARE,27,confirmed,1 Freedom Way,AL,,,MI:16; TX:11
KELLER WILLIAMS,27,confirmed,"1221 South Mopac Expressway, Suite 400",TX,,,CA:17; NY:6; OR:3
OLD CITY INVESTMENT PARTNERS,27,corrected,"1730 Market St, Suite 1510, Philadelphia, PA",PA,"589 5th Avenue, PH",NY,NJ:25; NY:2
KAWESCH LAW GROUP,27,corrected,"7330 NW 36th Street, Suite 30, Miami, FL",FL,6 Garner Street,MA,MA:27
BAYVIEW ASSET MANAGEMENT,26,corrected,"1000 N West St, Suite 1200, Wilmington, DE",DE,4425 Ponce de Leon Boulevard,FL,FL:23; CO:2; NY:1
DATA.WORLD,26,corrected,"1600 Amphitheatre Pkwy, Mountain View, CA",CA,"701 Brazos St., Suite 519",TX,TX:26
BNB REALTY,26,corrected,"26 Broadway, Suite 301, New York, NY",NY,3665 Woodhead Dr,IL,IL:26
COVINGTON & BURLING LLP,26,confirmed,"One CityCenter, 850 Tenth St NW",DC,,,MD:24; CA:1; NY:1
PLS FINANCIAL SERVICES,26,corrected,"101 N. Colonnade Center, Suite 310, Carmel, IN",IN,"1 S Wacker Drive, 36th Floor",IL,IL:26
MEDSTAR HEALTH,26,corrected,"110 Irving St NW, Washington, DC",DC,10980 Grantchester Way,MD,MD:26
INDEPENDENT CHEMICAL CORP,26,corrected,"24425 Northwestern Hwy, Southfield, MI",MI,79-51 Cooper Avenue,NY,NY:26
"SURFACE TECHNOLOGY, INC",26,corrected,"1011 W 124th Ave, Thornton, CO",CO,1405 Lower Ferry Rd,NJ,NJ:26
HD SUPPLY,25,corrected,"13995 Pasteur Blvd, Jacksonville, FL",FL,3400 Cumberland Blvd SE,GA,GA:25
CATALYST CAPITAL ADVISORS,25,corrected,"3000 Sand Hill Road, Bldg 2, Suite 200, Menlo Park, CA",CA,"36 N New York Avenue, Floor 3",NY,NY:25
ROCKEFELLER CAPITAL MANAGEMENT,25,confirmed,"219 Lexington Ave, 19th Floor",NY,,,FL:14; NJ:5; GA:5
FOX ROTHSCHILD,25,confirmed,"2000 Market Street, 20th Floor",PA,,,NJ:22; NY:2; WA:1
FOLEY,25,corrected,"3000 K Street NW, Washington, DC",DC,777 East Wisconsin Avenue,WI,TX:25
THRIVE PET HEALTHCARE,25,corrected,"1209 Orange Street, Wilmington, DE",DE,"211 Walter Seaholm Drive, Suite 200",TX,CA:25
WEITZ & LUXENBERG,25,confirmed,700 Broadway,NY,,,PA:19; AZ:6
DELOITTE TAX LLP,25,confirmed,30 Rockefeller Plaza,NY,,,MD:25
BASCO INC,25,corrected,"7201 Snider Rd, Mason, OH",OH,2595 Palmer Ave,IL,TX:22; MI:3
AGREE REALTY CORPORATION,24,corrected,"1313 North Arlington Heights Road, Suite 300, Arlington Heights, IL",IL,32301 Woodward Avenue,MI,MI:24
MARBLEGATE ASSET MANAGEMENT,24,corrected,"285 Madison Avenue, 10th Floor, New York, NY",NY,"5 Greenwich Office Park, Suite 400",CT,CT:24
OPTUM,24,confirmed,11000 Optum Circle,MN,,,WA:13; NY:5; CT:2
"FEDERAL INDUSTRIES, INC",24,corrected,"80 Broad St, New York, NY",NY,645 Hawaii St,CA,CA:24
POSTERMEDIA,24,unknown,900 New York Ave NW Suite 300,DC,,,FL:24
"ARTISTIC TILE, INC",24,corrected,"39-04 29th Street, Long Island City, NY",NY,520 Secaucus Road,NJ,FL:23; NJ:1
"PRIMARY ARMS, LLC",24,corrected,"2147 E Broadway Blvd, Tucson, AZ",AZ,"3219 South Sam Houston Parkway East, Ste 100",TX,TX:24
HARRIS WILLIAMS,23,confirmed,"1001 Fleet St, Suite 700",VA,,,NY:17; NJ:6
AXIOM,23,corrected,"3801 Piper Rd, Suite 400, Sarasota, FL",FL,33 Benedict Place,CT,CT:18; CA:5
FNF,23,confirmed,601 Riverside Ave,FL,,,CA:23
COMCAST,23,confirmed,"One Comcast Center, 1701 John F Kennedy Blvd",PA,,,NJ:22; FL:1
CLOUDERA,23,confirmed,"5470 Great America Parkway, Suite 200",CA,,,MA:23
ROSS ARONSTAM & MORITZ LLP,23,corrected,"1420 Walnut St, Suite 1000, Philadelphia, PA",PA,"1313 North Market Street, Suite 1001",DE,DE:23
MARYS MERCY CENTER,23,corrected,"207 South Broadway, St. Louis, MO",MO,641 Roberds Ave N,CA,CA:23
VALLEY HEALTH SYSTEM,23,confirmed,1 Medical Center Drive,VA,,,NJ:23
WALKER & DUNLOP,23,corrected,"1400 McKinney Street, Suite 1000, Houston, TX",TX,"7272 Wisconsin Avenue, Suite 1300",MD,NY:22; MD:1
STIFEL NICOLAUS,23,confirmed,501 N Broadway,MO,,,FL:23
CHAIR KING BACKYARD STORE,23,corrected,"1460 S Pacific Coast Hwy, Wilmington, CA",CA,5405 W Sam Houston Pkwy N,TX,TX:23
ALMAR SALES CO,23,corrected,"700 N BRAND BLVD STE 600, GLENDALE, CA",CA,"320 5th Ave, 3rd Floor",NY,NY:23
IOHK,23,corrected,"301 East 57th Street, New York, NY",NY,"2015 Ionosphere Street, Suite 201",CO,CO:23
DIAMOND VENTURES,22,corrected,"500 Terry A Francois Blvd, Suite 300, San Francisco, CA",CA,"2200 East River Road, Suite 115",AZ,AZ:22
VIAWEST GROUP,22,corrected,"1000 Town Center Drive, Suite 300, Southfield, MI",MI,"2390 E. Camelback Rd, Ste. 305",AZ,AZ:22
RYAN LLC,22,corrected,"1201 W Lake St Suite 400, Chicago, IL",IL,8101 Windrose Avenue Suite 2000,TX,TX:18; FL:3; MD:1
AMERICAN TECHNION SOCIETY,21,confirmed,"600 Third Avenue, 7th Floor",NY,,,WA:20; CA:1
IRA FINANCIAL,21,corrected,"6 West Hubbard Street, Suite 360, Chicago, IL",IL,5109 S Broadband Lane,SD,FL:21
ALIX PARTNERS,21,corrected,"2000 Town Center, Suite 1900, Southfield, MI",MI,909 3rd Ave,NY,NJ:20; NY:1
LUMINA INVESTMENT ADVISORS,21,corrected,"130 N 18th Street, Suite 1700, Philadelphia, PA",PA,"20900 NE 30th Ave, Suite 310",FL,FL:21
DORADO BEACH RESORT/CPG REAL ESTATE,21,corrected,"Dorado Beach, Ritz-Carlton Reserve (CPG-related), Dorado, PR",PR,"440 Columbia Drive, Suite 103",FL,FL:21
THE CARLYLE GROUP,21,confirmed,1001 Pennsylvania Avenue NW,DC,,,NY:21
THE STRO COMPANIES,21,corrected,"1390 Willow Pass Rd, Ste 600, Concord, CA",CA,"104 Chestnut St, Suite 300",NJ,NJ:21
VEDDER PRICE,21,confirmed,222 N LaSalle St,IL,,,CA:21
A& R KATZ MANAGEMENT,21,corrected,"600 Third Avenue, New York, NY",NY,3175 Commercial Ave Ste 100,IL,IL:21
WYSH,21,corrected,"120 Broadway, 37th Floor, New York, NY",NY,720 E Wisconsin Ave,WI,KY:21
STRUCK CAPITAL,21,corrected,"299 Park Ave, Floor 33, New York, NY",NY,1520-D Cloverfield Blvd,CA,CA:21
QUARLES & BRADY LLP,21,confirmed,"33 East Main Street, Suite 900",WI,,,IL:15; AZ:6
"ALTUS CAPITAL PARTNERS, INC",21,corrected,"45 EAST 20TH ST STE 1100, NEW YORK, NY",NY,"10 Westport Road, Suite C204",CT,CT:21
STEIN INDUSTRIES INC,21,corrected,"200 Larkin Ave, San Francisco, CA",CA,7153 Northland Drive North,MN,FL:14; MN:7
AMERICAN INDUSTRIAL PARTNERS,20,confirmed,712 Fifth Avenue,NY,,,FL:13; IL:7
ARENTFOX SCHIFF,20,confirmed,1301 K Street NW,DC,,,NY:9; CA:7; IL:4
EPIC CLEANTEC,20,corrected,"1201 Third Ave, Suite 2200, Seattle, WA",WA,449 10th St,CA,CA:20
ETKIN JOHNSON REAL ESTATE PARTNERS,20,corrected,"400 Rella Boulevard, Suite 165, Hewlett, NY",NY,"1512 Larimer Street, Suite 100 (Bridge Level)",CO,CO:20
AMROCK HOLDINGS,20,corrected,"250 Peachtree Street NE, Suite 2200, Atlanta, GA",GA,662 Woodward Ave,MI,MI:20
LLR PARTNERS,20,corrected,"1280 Avenue of the Americas, 25th Floor, New York, NY",NY,"2929 Arch Street, Cira Centre",PA,PA:20
PROFICIO CAPITAL PARTNERS,20,corrected,"605 Third Avenue, 35th Floor, New York, NY",NY,"300 Washington Street, Suite 951",MA,MA:17; FL:3
MCDERMOTT,20,corrected,"333 South Grand Avenue, 47th Floor, Los Angeles, CA",CA,915 N Eldridge Pkwy,TX,FL:19; TX:1
SSI INVESTMENT MANAGEMENT,20,corrected,"1 New York Plaza, New York, NY",NY,"2121 Avenue of the Stars, Suite 2050",CA,CA:20
MKDA,20,corrected,"6 Beacon St, Boston, MA",MA,"902 Broadway, 17th Floor",NY,NY:17; FL:3
WILSON SONSINI,20,confirmed,650 Page Mill Road,CA,,,NJ:18; WA:1; DC:1
RT SPECIALTY,20,corrected,"55 Water Street, 32nd Floor, New York, NY",NY,"180 N Stetson Ave, Suite 4600",IL,IL:20
"FLAGER & ASSOCIATES, PC",20,corrected,"200 E Broward Blvd, Suite 1110, Fort Lauderdale, FL",FL,"One Northbrook Corporate Center, 1210 Northbrook Drive, Ste 280",PA,PA:20
CUSHMAN & WAKEFIELD,20,corrected,"1290 Avenue of the Americas, New York, NY",NY,"225 West Wacker Drive, Suite 3000",IL,CA:13; MD:5; NJ:2
RED FOX CAPITAL PARTNERS,20,corrected,"3200 Cherry Creek South Drive, Suite 610, Denver, CO",CO,1960 Queens Road West,NC,NC:20
BRONNER GROUP,19,corrected,"400 W Peachtree St NW, Suite 1640, Atlanta, GA",GA,"120 N. LaSalle Street, Suite 1300",IL,IL:19
CBIZ,19,confirmed,"6055 Rockside Woods Boulevard, Suite 200",OH,,,PA:9; NY:7; CA:3
LISCR,19,confirmed,766 Duke Street,VA,,,MD:15; FL:4
SULLIVAN & WORCESTER LLP,19,corrected,"1633 Broadway, 32nd Floor, New York, NY",NY,1 Post Office Square,MA,NH:19
MORRIS BART & ASSOCIATES LLC,19,corrected,"1200 Northeast 127th Street, North Miami, FL",FL,"601 Poydras Street, 24th Floor",LA,LA:19
"THE PERLES LAW FIRM, PC",19,corrected,"321 N Clark St, Suite 2200, Chicago, IL",IL,"1050 Connecticut Ave NW, Suite 500",DC,FL:19
ELMAN RETINA GROUP,18,corrected,"4650 Executive Drive, Suite 100, San Diego, CA",CA,"9114 Philadelphia Road, Suite 310",MD,MD:18
LEVINE ORGANIZATION,18,corrected,"200 S Orange Ave, Suite 1100, Orlando, FL",FL,"445 Broadhollow Rd, Suite 430",NY,NY:18
ACTION BEHAVIOR CENTERS,18,corrected,"2200 Powell St, Suite 104, Emeryville, CA",CA,"2100 Kramer Lane, Suite 150",TX,TX:18
IPFS,18,corrected,"3200 N Central Ave, Phoenix, AZ",AZ,"1055 Broadway Blvd, 11th Floor",MO,KS:18
MITTELMAN PLASTIC SURGERY,18,corrected,"120 E Palmetto Park Rd, Suite 200, Boca Raton, FL",FL,810 Altos Oaks Drive,CA,CA:18
MDC HOLDINGS,18,unknown,5353 West Alabama Street,TX,,,CO:17; CA:1
SIGNAL BRANDS,18,corrected,"1400 16th St NW, Suite 600, Washington, DC",DC,"5600 West Adams, Suite 200",CA,CA:18
TEMPUS AI,18,corrected,"6000 Fairview Rd, Suite 120, Charlotte, NC",NC,"600 West Chicago Avenue, Suite 510",IL,IL:18
MILL CREEK RESIDENTIAL TRUST,18,corrected,"300 Pryor St SW, Atlanta, GA",GA,"4855 Technology Way, Suite 400",FL,TX:18
ROPES & GRAY LLP,18,confirmed,"Prudential Tower, 800 Boylston St",MA,,,NY:18
PWC US TAX LLP,18,confirmed,300 Madison Avenue,NY,,,CA:10; CT:8
UBS WEALTH MANAGEMENT,18,corrected,"1285 Avenue of the Americas, New York, NY",NY,1200 Harbor Boulevard,NJ,CA:18
GOLDHABER POLICY SERVICES LLC,18,corrected,"555 W 57th St, New York, NY",NY,4112 Gardenlake Drive,NC,NC:18
ALASKA IMAGING ASSOCIATES,17,confirmed,"3100 Providence Drive, Suite 200",AK,,,TX:17
ASPEN SQUARE MANAGEMENT,17,corrected,"225 W Washington St, Suite 2600, Chicago, IL",IL,"67 Hunt Street, Suite 206",MA,CT:16; MA:1
EISENBERG ROTHWEILER,17,corrected,"305 Broadway, Floor 7, New York, NY",NY,1634 Spruce Street,PA,PA:17
CAMBRIDGE INFORMATION GROUP,17,corrected,"245 FIRST STREET, SUITE 300, CAMBRIDGE, MA",MA,"888 7th Avenue, 17th Floor",NY,FL:8; NY:6; MD:3
HEALTH ADVOCATES,17,corrected,"1 University Plaza Dr, Suite 412, Hackensack, NJ",NJ,"21540 Plummer Street, Suite B",CA,CA:17
HUDSON ADVISORS,17,confirmed,"Wells Fargo Tower, 301 Commerce Street, Suite 3300",TX,,,NY:17
RIDA DEVELOPMENT CORPORATION,17,corrected,"1330 Avenue of the Americas, 11th Floor, New York, NY",NY,"1777 Walker St, Suite 501",TX,TX:17
MONUMENT ADVOCACY,17,corrected,"55 West 39th Street, Suite 1701, New York, NY",NY,"975 F Street NW, Suite 400",DC,WA:17
TRIUS LENDING PARTNERS,17,corrected,"1100 NW 163rd Dr, Suite 100, Beaverton, OR",OR,"1104 Kenilworth Dr, Suite 501",MD,MD:17
TMB,17,corrected,"1 N LaSalle St, Chicago, IL",IL,527 Park Avenue,CA,CA:17
THE MINKOFF GROUP,17,corrected,"20130 Century Blvd, Germantown, MD",MD,6272 Virgo Road,CA,CA:17
CUTLER MANAGEMENT CORP,17,corrected,"1000 N West St, Suite 1200, Wilmington, DE",DE,43 Harvard Street,MA,FL:17
STONE HOUSE PARTNERS,17,corrected,"200 Clarendon St, 32nd Floor, Boston, MA",MA,"1019 Kane Concourse, Suite 202",FL,FL:17
MAI CAPITAL MANAGEMENT LLC,17,corrected,"605 Third Avenue, 32nd Floor, New York, NY",NY,"6050 OAK TREE BLVD, SUITE 500",OH,MD:17
FIRSTSERVICE RESIDENTIAL,16,corrected,"8500 Normandale Lake Blvd, Suite 700, Bloomington, MN",MN,"1855 Griffin Road, Suite A-330",FL,FL:16
ACQUAVIVA WINERY,16,corrected,"16050 Vineyard Trail, Lodi, CA",CA,47W614 Route 38,IL,IL:16
ARTIMUS,16,corrected,"141 West Jackson Boulevard, Suite 2310, Chicago, IL",IL,316 West 118th Street,NY,CT:9; NY:7
JSSI,16,corrected,"200 International Drive, Suite 300, Portsmouth, NH",NH,"167 N Green St, Ste 1300",IL,IL:16
PEGASUS INVESTMENTS,16,corrected,"6400 Arlington Blvd, Suite 500, Falls Church, VA",VA,"1901 Avenue of the Stars, Suite 630",CA,CA:16
PINNACLE,16,unknown,"4250 North Fairfax Drive, Suite 900",VA,,,NY:16
TRAMMO,16,corrected,"700 Town Center Drive, Suite 380, Costa Mesa, CA",CA,"8 West 40th Street, 12th Floor",NY,FL:16
CASSIDY TURLEY,16,unknown,100 Summer St,MA,,,CA:16
PRISM REAL ESTATE SERVICES LLC,16,unknown,"7700 SAN FELIPE, SUITE 500",TX,,,KS:16
MORGAN LEWIS,16,confirmed,1701 Market Street,PA,,,MA:16
S JONAS ASSOCIATES LLC,16,corrected,"330 N Wabash Ave, Suite 2100, Chicago, IL",IL,215 West 90th St,NY,NY:16
SIRIS CAPITAL LLC,16,corrected,"1345 Avenue of the Americas, 36th Floor, New York, NY",NY,"777 S. Flagler Drive, Suite 1400",FL,FL:16
SIDLEY,16,corrected,"1501 K Street NW, Washington, DC",DC,"One South Dearborn, 1 S Dearborn St",IL,CA:16
WAYPOINT,16,unknown,1 Manhattanville Road,NY,,,IL:16
CANAL CARTAGE COMPANY,15,corrected,"2611 W 47th St, Chicago, IL",IL,11643 Wallisville Rd Unit A,TX,TX:15
FEDERAL GOVERNMENT,15,confirmed,1600 Pennsylvania Avenue NW,DC,,,MD:6; VA:5; NY:4
FOOT LOCKER,15,corrected,"3300 NW 114th St, Miami, FL",FL,330 West 34th Street,NY,NJ:15
DOMINION ELECTRIC SUPPLY,15,corrected,"8007 Assembly Drive, Raleigh, NC",NC,5053 Langston Boulevard,VA,MD:15
HEI HOTELS,15,corrected,"1410 Avenida Acaso, Suite 200, Pacific Palisades, CA",CA,"101 Merritt 7 Corporate Park, 1st Floor",CT,FL:15
H.W. KAUFMAN,15,corrected,"1133 NE 45th St, Suite 200, Seattle, WA",WA,30833 Northwestern Hwy #220,MI,MI:15
EMA INVESTMENTS,15,unknown,One Rockefeller Plaza,NY,,,NJ:15
HRC-FERTILITY,15,corrected,"1040 Park Avenue, 7th Floor, New York, NY",NY,"55 S. Lake Ave, 9th Floor",CA,CA:15
IPRO,15,corrected,"1700 West Park Drive, Westborough, MA",MA,"300 Jericho Quadrangle, Suite 300",NY,NY:15
MCGUIREWOODS,15,confirmed,"Gateway Plaza, 800 East Canal Street",VA,,,CA:9; NC:6
MASSMUTUAL,15,confirmed,1 Financial Plaza,MA,,,NY:11; AL:4
IDEAL FASTNER CORPORATION,15,corrected,"603 West Industry Drive, Oxford, NC",NC,10800 Biscayne Blvd Suite 400,FL,TX:15
ROWLEY COMPANY,15,corrected,"65 Commerce Way, Wakefield, MA",MA,230 Meek Road,NC,TX:15
OPC POLYMERS,15,corrected,"1540 West 206th Street, Torrance, CA",CA,1920 Leonard Ave,OH,OH:15
ROADSIDE DEVELOPMENT,15,confirmed,"1730 Rhode Island Ave NW, Suite 410",DC,,,MD:15
THE VISION COUNCIL,15,corrected,"1400 K Street NW, Suite 450, Washington, DC",DC,"225 Reinekers Ln, Suite 700",VA,NJ:15
WELLINGTON RADIOLOGY,15,corrected,"12100 W Forest Hill Blvd, Suite 200, Wellington, FL",FL,836 W Wellington Ave,IL,IL:15
STIEFEL,15,confirmed,5 Moore Dr,NC,,,FL:15
STRATEGIC WEALTH PARTNERS,15,corrected,"3515 K Street NW, Suite 300, Washington, DC",DC,520 Lake Cook Road Suite 520,IL,IL:15
PATRIOT AUTO GROUP,15,corrected,"47 S Main St, Leominster, MA",MA,769 Portland Road,ME,NH:12; FL:3
CARTER MORSE & GOODRICH,15,corrected,"100 High St, Boston, MA",MA,99 Harbor Road,CT,CT:15
JUMP OPERATIONS LLC,15,corrected,"150 Broadway, New York, NY",NY,"600 West Chicago Avenue, Suite 600",IL,NJ:15
SAGE VENTURES LLC,15,corrected,"One Letterman Drive Building D, Suite D420, San Francisco, CA",CA,"1777 Reisterstown Rd, Suite 245",MD,MD:15
THRYV INC,15,confirmed,"2600 Dallas Parkway, Suite 300",TX,,,NY:15
WEWORK,15,confirmed,110 5th Ave,NY,,,NJ:15
A PRIORI,14,confirmed,"300 Baker Ave, Suite 320",MA,,,CT:14
DELMAR GARDENS ENTERPRISES,14,corrected,"4300 Frontage Road, Quincy, IL",IL,14805 N Outer 40 Rd Suite 300,MO,MO:14
ARDEA PARTNERS,14,corrected,"One Freedom Plaza, 50 Kennedy Plaza, Providence, RI",RI,"10 Hudson Yards, 48th Floor",NY,NY:14
ACCENTURE,14,confirmed,161 N Clark St,IL,,,NY:11; KS:2; MA:1
ALLADAPT IMMUNOTHERAPEUTICS,14,corrected,"82 Falmouth Road, Westborough, MA",MA,405 El Camino Real #611,CA,CT:14
FRIEDKIN PROPERTY,14,corrected,"777 Walker St, Houston, TX",TX,"44 Montgomery Street, Suite 3700",CA,CA:14
EDGEWOOD CONSULTING,14,corrected,"1111 Superior Ave E, Suite 1010, Cleveland, OH",OH,"1719 State Route 10, Ste 226",NJ,NJ:14
FROST BROWN TODD,14,corrected,"300 North Meridian St, Suite 2700, Indianapolis, IN",IN,"400 West Market Street, Suite 3200",KY,KY:14
GREYSTONE,14,corrected,"601 S Figueroa St, Suite 1500, Los Angeles, CA",CA,"152 West 57th Street, 60th Floor",NY,NY:8; NJ:6
IRVING INVESTORS,14,corrected,"251 Royal Palm Way, Suite 200, Palm Beach, FL",FL,"205 Detroit St, Ste 400",CO,CO:14
IDW,14,corrected,"263 Shuman Boulevard, Naperville, IL",IL,2765 Truxtun Road,CA,NJ:14
GNI,14,corrected,"5959 CORPORATE DR, HOUSTON, TX",TX,"219 N Broad St, 7th Fl",PA,PA:14
MCA FINANCIAL,14,corrected,"333 S. Grand Avenue, 42nd Floor, Los Angeles, CA",CA,4909 North 44th Street,AZ,AZ:14
MCKINNEY PROPERTIES,14,corrected,"401 N Loop 1604 W, Suite 100, San Antonio, TX",TX,1717 Penn Avenue Suite 5015,PA,PA:14
GCF,14,corrected,"675 Third Avenue, 12th Floor, New York, NY",NY,18909 NE 29th Ave,FL,FL:13; CO:1
MCGUIRE WOODS. BECKERS HEALTHCARE,14,confirmed,800 East Canal Street,VA,,,IL:14
MEATEATER,14,corrected,"1214 3rd Avenue South #205, Seattle, WA",WA,131 Discovery Dr,MT,CA:14
ORACLE,14,corrected,"500 Oracle Parkway, Redwood Shores, CA",CA,2300 Oracle Way,TX,AZ:13; MD:1
SOAPSTONE CAPITAL,14,corrected,"101 California Street, Suite 2750, San Francisco, CA",CA,"7500 Old Georgetown Road, Suite 200",MD,MD:14
RECOVERY MANAGEMENT CORPORATION,14,corrected,"25 SE 2nd Ave, Suite 500, Miami, FL",FL,3236 Noland Rd,MO,KS:14
SPGI,14,confirmed,55 Water Street,NY,,,NH:14
RAC,14,corrected,"100 Washington St, Woburn, MA",MA,"3890 Tampa Rd, Suite 405",FL,FL:14
USI INSURANCE SERVICES,14,corrected,"601 Union Street, Suite 6000, Seattle, WA",WA,"100 Summit Lake Drive, Suite 400",NY,CA:14
STORAGE PROS MANAGEMENT,14,corrected,"150 N. Radnor-Chester Road, Suite F-150, Radnor, PA",PA,"30665 Northwestern Highway, Suite 100",MI,MI:14
THE WOLCOTT GROUP,14,corrected,"10 High St, Worcester, MA",MA,"935 West Chestnut St, Suite 600",IL,IL:14
STRETTO,14,confirmed,"4100 Newport Pl Dr, Suite 600",CA,,,NV:14
TIMESHARES DIRECT,14,corrected,"1000 N West St, Wilmington, DE",DE,"7083 Grand National Drive, Suite 105",FL,FL:14
VSC MANAGEMENT,14,corrected,"545 Long Wharf Drive, New Haven, CT",CT,"100 Glenborough Dr, Suite 1000",TX,TX:14
SUSMAN GODFREY LLP,14,confirmed,"1000 Louisiana Street, Suite 5100",TX,,,NY:14
KESSLER & KESSLER LLC,14,corrected,"121 West Washington Street, Suite 2020, Chicago, IL",IL,"1000 Marina Village Pkwy, Ste 130",CA,CA:14
AGAM CAPITAL,13,corrected,"660 Madison Avenue, 4th Floor, New York, NY",NY,"500 Frank W Burr Blvd, 4th Floor",NJ,NJ:13
ADLER REAL ESTATE PARTNERS,13,corrected,"1701 L St NW #750, Washington, DC",DC,800 Brickell Ave Suite 701,FL,FL:13
ARISE CAPITAL PARTNERS,13,corrected,"445 Park Avenue, 10th Floor, New York, NY",NY,"555 Skokie Blvd, Suite 445",IL,FL:7; IL:6
CALBAG METALS COMPANY,13,corrected,"700 North Hope Avenue, City of Industry, CA",CA,2495 NW Nicolai St,OR,OR:13
BOFA,13,confirmed,100 North Tryon Street,NC,,,NY:13
COLLIERS,13,corrected,"601 SW Second Avenue, Suite 1900, Portland, OR",OR,"601 Union Street, Suite 4800",WA,FL:13
COLDWELL BANKER REALTY,13,confirmed,175 Park Ave,NJ,,,FL:7; CA:4; TX:2
CITROMAX GROUP,13,corrected,"300 Theodore Fremd Avenue, Rye, NY",NY,444 Washington Ave,NJ,NJ:13
CRESSET CAPITAL,13,corrected,"333 South Grand Avenue, Suite 3300, Los Angeles, CA",CA,"444 West Lake Street, Suite 4700",IL,FL:11; GA:2
DERMATOLOGISTS OF CENTRAL STATES,13,corrected,"1205 S 2nd St, Springfield, IL",IL,"9987 Carver Road, Suite 250",OH,MI:13
FOURPOINT ENERGY,13,corrected,"1411 Broadway, Suite 300, Fort Worth, TX",TX,"100 St. Paul Street, Ste. 400",CO,CO:13
ELLE RYAN DESIGN,13,corrected,"1515 Broadway, New York, NY",NY,14011 Ventura Blvd #302,CA,CA:13
ELM STREET PARTNERS,13,corrected,"333 West Wacker Drive, Chicago, IL",IL,"820 Gessner Rd, Suite 1200",TX,FL:13
LATHROPGPM,13,confirmed,"2345 Grand Boulevard, Suite 2200",MO,,,CA:12; MD:1
MARINE POLYMER TECHNOLOGY,13,corrected,"11825 W Burleigh Rd, Brookfield, WI",WI,"461 Boston St, Suite B5",MA,MA:13
HOMEWOOD REALTY,13,corrected,"600 Quail Hollow Rd, Homewood, AL",AL,1121 E Philadelphia St,CA,CA:13
HAMMERMAN CAPITAL MANAGEMENT,13,corrected,"100 Crestview Drive, Suite 203, Summit, NJ",NJ,1232 Rose Lane,CA,CA:13
MERIDIAN CAPITAL GROUP,13,corrected,"1700 Market St, Suite 1600, Philadelphia, PA",PA,"1 Battery Park Plaza, 26th Floor",NY,NY:12; NJ:1
GROVE POINT PARTNERS,13,unknown,"400 North Michigan Avenue, Suite 1200",IL,,,FL:13
NEWFRONT,13,corrected,"1300 19th Street NW, Suite 300, Washington, DC",DC,"550 California St, Suite 840",CA,CA:13
MERRILL LYNCH/BANK OF AMERICA,13,confirmed,100 N Tryon St,NC,,,NY:13
THE BLOOM ORGANIZATION,13,corrected,"555 W 5th St Suite 3100, Los Angeles, CA",CA,"Optima Onyx Tower, 1010 S. Federal Highway, Suite 2804",FL,FL:13
SPOKE REAL ESTATE CAPITAL,13,corrected,"115 East 23rd Street, 5th Floor, New York, NY",NY,"875 N. High St., Suite 300",OH,OH:9; FL:4
SELECT PET PRODUCTS,13,corrected,"10 Longwater Drive, Suite 400, Norwell, MA",MA,2980 NE 207TH STREET SUITE 701,FL,FL:13
TKO GROUP HOLDINGS,13,confirmed,"125 West 55th Street, 27th Floor",NY,,,NV:13
ARNOLD & PORTER,13,confirmed,601 Massachusetts Avenue NW,DC,,,NJ:8; NY:4; MD:1
TUBI,13,confirmed,"100 Universal City Plaza, Building 700",CA,,,NY:13
SHALOM TIKVAH,13,corrected,"34 West 85th St, New York, NY",NY,2045 Myrtlewood Rd,MD,MD:13
BARNES & THORNBURG,13,confirmed,202 N. Meridian Street,IN,,,GA:6; TX:5; MN:1
POPPACK LLC,13,corrected,"100 Crescent Court, Suite 700, Dallas, TX",TX,"301 Junipero Serra Blvd, Suite 220",CA,CA:13
GURSTEL LAW FIRM PC,13,corrected,"30 East 33rd Street, Suite 500, New York, NY",NY,6681 Country Club Drive,MN,AZ:13
ORI HAMPEL MD PA,13,corrected,"2200 NE 33rd Ave, Suite 100, Ocala, FL",FL,3230 Strawberry Rd,TX,TX:13
DOWD BENNETT LLP,13,confirmed,"7733 Forsyth Boulevard, Suite 1900",MO,,,SC:13
"BIZMAVEN, LLC",13,unknown,600 W Chicago Ave,IL,,,DC:13
TIPTREE INC,13,corrected,"780 Third Ave, 21st Floor, New York, NY",NY,"660 Steamboat Road, 2nd Floor",CT,CT:13
REED SMITH LLP,13,confirmed,225 Fifth Avenue,PA,,,CT:9; NY:3; IL:1
STUART L DAITCH DMD PC,13,corrected,"7-11 Wyckoff Ave, Glen Rock, NJ",NJ,515 Madison Ave Suite 1225,NY,NY:13
ARROW PARKING CORP,13,corrected,"90 John Street, New York, NY",NY,204 E Lombard St,MD,MD:13
1970 GROUP,12,confirmed,33 Benedict Place,CT,,,NY:12
ALLIANCE BERNSTEIN,12,corrected,"1345 Avenue of the Americas, New York, NY",NY,501 Commerce Street,TN,TX:12
AMERICAN HEALTHCARE REIT,12,corrected,"c/o Welltower Inc., 500 Plaza Drive, Suite 400, Secaucus, NJ",NJ,"18191 Von Karman Avenue, Third Floor",CA,CA:12
ARGO PARTNERS,12,corrected,"555 California St Suite 300, San Francisco, CA",CA,"12 West 37th Street, Suite 900",NY,NY:12
BLUE ARCH CAPITAL,12,corrected,"150 East 52nd Street, 34th Floor, New York, NY",NY,2875 NE 191st Street PH 2A,FL,FL:12
AVEVA,12,corrected,"265 Franklin St, 17th Floor, Boston, MA",MA,"920 Memorial City Way, Suite 1200",TX,TX:12
COLRICH,12,corrected,"100 Fifth Avenue, Suite 700, Waltham, MA",MA,"444 West Beech Street, Suite 300",CA,CA:12
BRT REALTY,12,corrected,"200 Park Avenue, 11th Floor, Florham Park, NJ",NJ,"60 Cutter Mill Road, Suite 303",NY,NY:8; FL:4
ENDEAVOR,12,confirmed,"9601 Wilshire Boulevard, Suite 700",CA,,,FL:10; PR:2
AMATUS MANAGEMENT,12,unknown,10461 Mill Run Cir Ste 620,MD,,,VA:12
EB5 CAPITAL,12,corrected,"101 Montgomery Street, Suite 2200, San Francisco, CA",CA,"6106 MacArthur Blvd, Suite 104",MD,VA:12
EPIC BROKERS,12,confirmed,"1345 Avenue of the Americas, 36th Floor",NY,,,NJ:12
CONRAD N. HILTON FOUNDATION,12,corrected,"3033 Wilson Blvd, Suite 550, Arlington, VA",VA,1 Dole Drive,CA,CA:12
FDA,12,confirmed,10903 New Hampshire Avenue,MD,,,NJ:12
GSA,12,confirmed,1800 F Street NW,DC,,,CA:12
MAGELLAN DEVELOPMENT,12,corrected,"1201 Elm St, Suite 3500, Dallas, TX",TX,225 N. Columbus Drive Suite 100,IL,IL:12
ELUX CAPITAL,12,corrected,"250 Park Avenue, New York, NY",NY,"1101 Brickell Ave, South Tower, 8th Floor",FL,FL:12
MINTZ LEVIN,12,confirmed,One Financial Center,MA,,,NY:12
KOMAR ALLIANCE,12,corrected,"90 Hudson St, Jersey City, NJ",NJ,6900 Washington Blvd,CA,CA:12
MOSAIC CONSTRUCTION,12,corrected,"4700 Millenia Blvd, Suite 175, Orlando, FL",FL,"4201 Lake Cook Road, Suite 102",IL,IL:12
NUCANA,12,corrected,"3201 Tower Oaks Blvd, Suite 200, Rockville, MD",MD,"275 Grove Street, Suite 2-400",MA,MA:12
NEFCO,12,corrected,"318 West 39th Street, New York, NY",NY,411 Burnham Street,CT,CT:12
OFFIT KURMAN,12,confirmed,"7501 Wisconsin Ave, Suite 1000W",MD,,,VA:12
RICHARDS MANUFACTURING,12,corrected,"1110 W 7th Street, Pawtucket, RI",RI,517 Lyons Avenue,NJ,NJ:12
SCHOENBERG MEMORIAL CHAPEL,12,corrected,"280 Lincoln Street, Middletown, CT",CT,519 Philadelphia Pike,DE,DE:12
TEMPLE BETH ABRAHAM,12,corrected,"67 Jerome Ave, Providence, RI",RI,25 Leroy Avenue,NY,NY:12
"BRACEBRIDGE CAPITAL, LLC",12,corrected,"200 Liberty Street, 27th Floor, New York, NY",NY,"888 Boylston Street, 15th Floor",MA,MA:12
TERRACO,12,corrected,"45 Broad Street, Boston, MA",MA,"3201 Old Glenview Road, Suite 300",IL,IL:10; GA:2
VAPORSTREAM,12,corrected,"11440 Commerce Park Dr., Suite 400, Reston, VA",VA,"223 W Jackson Blvd, Suite 1104",IL,NJ:12
SPRING LABS,12,corrected,"55 Madison Avenue, 17th Floor, New York, NY",NY,"4551 Glencoe Ave, Suite 155",CA,FL:12
KING & SPALDING,12,confirmed,1180 Peachtree Street NE,GA,,,CA:8; NY:4
BELKIN BURDEN GOLDMAN,12,confirmed,476 5th Avenue,NY,,,NJ:12
CASPER SLEEP,12,confirmed,175 Greenwich Street,NY,,,PA:12
CLEAN CURRENTS INC,12,corrected,"59 Maiden Ln, Suite 302, New York, NY",NY,"8403 Colesville Rd, Suite 310",MD,MD:12
HOLLAND & KNIGHT,12,corrected,"800 17th Street NW, Suite 1100, Washington, DC",DC,"100 North Tampa Street, Suite 4100",FL,FL:11; TX:1
WEINBERG WHEELER HUDGINS GUNN & DIAL,12,confirmed,"3344 Peachtree Road NE, Suite 2400",GA,,,FL:12
MET COUNCIL ON JEWISH POVERTY,12,confirmed,232 East 1st Street,NY,,,NJ:12
ARTISAN PARTNERS,11,corrected,"325 South County Rd, Franklin, TN",TN,"875 E. Wisconsin Ave, Suite 800",WI,NY:11
BRG,11,corrected,"30 Deerfield Lane, Boston, MA",MA,"2200 Powell Street, Suite 1200",CA,NY:10; CT:1
ADELPHI DATA,11,corrected,"1000 Park Drive, Suite 300, Swansea, MA",MA,6713 Wemberly Way,VA,CT:11
ELEMENTS PHARMACY,11,corrected,"150 CambridgePark Dr, Suite 100, Cambridge, MA",MA,12602 Ventura Blvd,CA,CA:11
BY NANCY,11,unknown,242 West 38th Street,NY,,,CA:11
GREENWICH HOSPITAL,11,confirmed,5 Perryridge Road,CT,,,NY:11
BLATT REALTY,11,unknown,500 Seventh Avenue,NY,,,CA:11
HCA,11,confirmed,"One Park Plaza, 1 Park Plaza",TN,,,FL:8; TX:1; GA:1
HERON CAPITAL,11,corrected,"250 W 55th St, New York, NY",NY,"9245 N. Meridian St., Ste. 101",IN,CA:10; IN:1
JAFFE TILCHIN WEALTH MANAGEMENT,11,corrected,"830 Third Avenue, 7th Floor, New York, NY",NY,15350 N. Florida Avenue,FL,FL:11
HERROD CONSTRUCTION,11,corrected,"4600 E Washington Ave, Madison, WI",WI,1095 Cranbury South River Road,NJ,NJ:11
JBS HOLDING,11,confirmed,1770 Promontory Circle,CO,,,NY:11
LONG AND FOSTER,11,confirmed,"14501 George Carter Way, Suite 100",VA,,,MD:11
JONES DAY,11,corrected,"250 Vesey Street, New York, NY",NY,901 Lakeside Avenue,OH,FL:10; OH:1
MAGNITE,11,corrected,"2390 E Camelback Rd, Suite 700, Phoenix, AZ",AZ,"1250 Broadway, 9th Floor",NY,CA:6; NJ:5
MERITAGE HOMES,11,corrected,"9950 West Sample Road, Suite 100, Coral Springs, FL",FL,"18655 North Claret Drive, Suite 400",AZ,AZ:11
MATRIX PARTNERS,11,corrected,"44 Farnsworth Street, 4th Floor, Boston, MA",MA,"535 Mission Street, Suite 2600",CA,CA:11
QUEST DIAGNOSTICS,11,confirmed,500 Plaza Drive,NJ,,,CA:6; FL:3; PA:1
MERCHANT ASSOCIATES,11,unknown,ONE PENNSYLVANIA PLAZA 52ND FL,NY,,,CA:11
ROCKBRIDGE GROWTH EQUITY,11,corrected,"680 Lee Rd NE, Suite 200, Atlanta, GA",GA,"1555 Broadway St, The Madison - 4th Floor",MI,MI:11
STRIPE,11,confirmed,510 Townsend St,CA,,,NY:11
RADIUS RECYCLING,11,corrected,"201 Mission St, Suite 2375, San Francisco, CA",CA,"222 SW Columbia Street, Suite 1150",OR,WA:11
THE ARBA GROUP,11,corrected,"1000 Brickell Ave Suite 720, Miami, FL",FL,6300 Wilshire Blvd Suite 1800,CA,CA:11
ADVOCATE LLP,11,corrected,"3075 Highland Parkway, Downers Grove, IL",IL,805 Third Avenue Suite 2030,NY,NJ:10; GA:1
NEUROCK CAPITAL,11,corrected,"1111 Brickell Ave, Suite 600, Miami, FL",FL,"25 Robert Pitt Dr, Suite 204",NY,NY:11
ZOOMIN SOFTWARE,11,corrected,"55 Almaden Blvd, Suite 900, San Jose, CA",CA,"150 West 28th Street, 17th Floor",NY,NY:11
THE RIVERSIDE COMPANY,11,corrected,"5201 Tennyson Pkwy, Ste 500, Plano, TX",TX,"45 Rockefeller Center, 630 Fifth Avenue, Suite 400",NY,OH:9; NY:2
BDT&MSD,11,corrected,"200 Park Avenue, 19th Floor, New York, NY",NY,"401 North Michigan Avenue, Suite 3100",IL,IL:11
CEISLER MEDIA & ISSUE ADVOCACY,11,corrected,"445 Park Ave, New York, NY",NY,"1525 Locust St, 6th Floor",PA,PA:11
"CARYN GROEDEL & ASSOCIATES CO., LPA",11,confirmed,"31300 Solon Rd, Suite 27",OH,,,FL:11
HUGHES & SCALISE PC,11,corrected,"600 Montgomery St, San Francisco, CA",CA,600 Luckie Dr Ste 405,AL,AL:11
LCA BANK CORP,11,corrected,"58 South Service Road, Suite 202, Melville, NY",NY,"310 South Main St, Suite 900",UT,MI:11
"L&M FOOTWEAR, INC",11,corrected,"461 Fifth Avenue, New York, NY",NY,5303 E Washington Blvd,CA,CA:11
ROSEN NEUBERGER LEHMANN LLP,11,corrected,"800 Third Avenue, 26th Floor, New York, NY",NY,"2850 Quarry Lake Drive, Suite 300",MD,MD:11
MARC J. BERN & PARTNERS LLP,11,confirmed,"245 Park Avenue, 39th Floor",NY,,,CO:11
"NATIONAL COLLECTOR''S MINT, INC",11,corrected,"16000 Ventura Blvd, Suite 200, Encino, CA",CA,"2975 Westchester Ave, Suite 300",NY,CT:11
SHADER BROTHERS CORP,11,corrected,"100 Sunrise Hwy, Bay Shore, NY",NY,6327 Edgewater Dr,FL,FL:11
"THALHEIMER BROTHERS, LLC",11,corrected,"1450 Broadway, New York, NY",NY,700 E Godfrey Avenue,PA,PA:11
WOLFE & WYMAN LLP,11,corrected,"400 Atlantic Avenue, Boston, MA",MA,2212 Dupont Drive,CA,CA:11
JCC ASSOCIATION OF NORTH AMERICA,11,confirmed,"520 Eighth Avenue, 4th Floor",NY,,,NJ:11
"EYE PHYSICIANS OF ORANGE COUNTY, P.C",11,corrected,"2600 Michelson Dr Suite 1200, Irvine, CA",CA,"1 Hatfield Lane, Suite 3",NY,NY:11
SCHONFELD STRATEGIC ADVISORS,11,confirmed,"299 Park Avenue, 12th Floor",NY,,,FL:11
ACCESS ENTERTAINMENT,10,corrected,"110 N Wacker Dr, Suite 3500, Chicago, IL",IL,"40 West 57th Street, 28th Floor",NY,CA:10
ADI MANAGEMENT,10,corrected,"185 Berry St, Suite 6500, San Francisco, CA",CA,17290 Highland Ave Ste 1,NY,NY:10
ATHENE,10,corrected,"4750 S Biltmore Ln, Madison, WI",WI,7700 Mills Civic Parkway,IA,CA:10
ALCO PRODUCTS,10,corrected,"2200 W Lake St, Melrose Park, IL",IL,580 Saint Jean St,MI,MD:10
BECKER GURIAN,10,corrected,"200 State St, 7th Floor, Boston, MA",MA,"513 Central Avenue, Suite 400",IL,IL:10
CASTING NETWORKS,10,corrected,"6900 Universal Blvd, Ste 460, Orlando, FL",FL,"3250 Wilshire Blvd, Ste 1800",CA,CA:10
CHIEF EXECUTIVE GROUP,10,corrected,"1276 Walt Whitman Road, Suite 101, Melville, NY",NY,"100 Westwood Pl, Suite 445",TN,CT:9; NH:1
BLOOMFIELD CAPITAL,10,corrected,"900 North Michigan Avenue, Suite 2500, Chicago, IL",IL,700 Forest Ave,MI,MI:10
CRESA,10,corrected,"2100 Ross Avenue, Suite 1600, Dallas, TX",TX,"167 N Green Street, Suite 1301",IL,MD:10
AES MANAGEMENT,10,corrected,"4300 Wilson Boulevard, Arlington, VA",VA,539 Eastern Parkway,NY,NY:10
DRAFTKINGS,10,corrected,"Citi Tower, 2200 N Commerce Pkwy, Suite 300, Fort Lauderdale, FL",FL,"222 Berkeley Street, 5th Floor",MA,CO:10
FRIEDLANDER GROUP,10,corrected,"5200 Butler St, Pittsburgh, PA",PA,"2500 Westchester Ave, Suite 400A",NY,NY:10
HIGHCAPE CAPITAL,10,corrected,"3801 PGA Boulevard, Suite 600, Palm Beach Gardens, FL",FL,36 Church Lane,CT,CT:10
GEMINI PROPERTIES,10,corrected,"650 California Street, Suite 1900, San Francisco, CA",CA,1313 Washington St,MA,MA:10
HEALTH QUALITY MANAGEMENT,10,corrected,"1015 15th St NW, Suite 600, Washington, DC",DC,"15760 Ventura Boulevard, Suite 920",CA,CA:10
INCYTE,10,confirmed,1801 Augustine Cut Off,DE,,,PA:10
EDJCO,10,unknown,"1101 Pennsylvania Ave NW, Suite 500",DC,,,CA:10
IMC,10,confirmed,"525 West Monroe Street, Suite 3000",IL,,,NY:10
INGENUS PHARMACEUTICALS,10,corrected,"12650 Constitution Dr, Sheridan, IN",IN,"4901 Vineland Road, Suite 260",FL,TX:10
LIQUID ENVIRONMENTAL SOLUTIONS,10,confirmed,"7651 Esters Blvd, Suite 200",TX,,,CA:10
LOCKTON,10,confirmed,"444 West 47th Street, Suite 900",MO,,,NY:9; FL:1
LERNER RESIDENTIAL,10,corrected,"2000 M St NW, Suite 700, Washington, DC",DC,5009 Monroe Rd Suite 200,NC,NC:10
OUTERSTUFF,10,confirmed,1412 Broadway,NY,,,NJ:10
ORIGIN VENTURES,10,corrected,"150 California Street, Suite 1800, San Francisco, CA",CA,"549 W Randolph St, Suite 601",IL,IL:10
RED VENTURES,10,confirmed,"1441 Main St., Ste. 400",SC,,,NC:10
NEW AMSTERDAM PHARMA,10,corrected,"260 West 39th Street, 4th Floor, New York, NY",NY,"20803 Biscayne Blvd, Suite 105",FL,FL:8; IL:2
RICHMARK LABEL,10,corrected,"311 SW 4th Ave, Suite 700, Portland, OR",OR,1110 E Pine St,WA,WA:10
LAMBERT MEDIA GROUP,10,corrected,"3 West 18th Street, 2nd Floor, New York, NY",NY,11400 W Olympic Blvd Suite 590,CA,CA:10
OURCROWD,10,confirmed,"20 Jay St, Suite 315",NY,,,IL:5; CT:5
STANBERY DEVELOPMENT,10,corrected,"1325 4th Ave, Suite 940, San Diego, CA",CA,"2807 Delmar Drive, Suite A",OH,OH:10
RPC,10,confirmed,"2801 Buford Hwy NE, Suite 300",GA,,,KS:9; FL:1
STEVENS TRANSPORT,10,corrected,"1900 W Wabash Ave, Springfield, OH",OH,9757 Military Pkwy,TX,TX:10
RIEDER COMMUNITIES,10,unknown,"800 S. Douglas Road, Suite 100",FL,,,NY:10
TIEKS,10,corrected,"1000 S Pine Island Rd, Plantation, FL",FL,"269 S Beverly Dr, Ste 1402",CA,CA:10
TREELINE BIOSCIENCES,10,corrected,"650 California Street, Suite 1900, San Francisco, CA",CA,"677 Washington Boulevard, Suite 525",CT,CT:10
NUCARE SERVICES CORP,10,corrected,"1501 4th Ave, Seattle, WA",WA,7257 N Lincoln Ave Ste 100,IL,IL:10
"SEDER $ CHANDLER, LLP",10,corrected,"225 WASHINGTON STREET, SUITE 300, HOBOKEN, NJ",NJ,"339 Main Street, Suite 300",MA,MA:10
PAUL HASTINGS LLP,10,corrected,"200 Park Avenue, New York, NY",NY,"515 South Flower Street, 25th Floor",CA,CA:3; IL:3; MD:3
AMERICAN FINDINGS CORP,10,corrected,"151 W 26th St, 12th Floor, New York, NY",NY,10441 N Scottsdale Rd,AZ,AZ:10
ZOCHEM LLC,10,corrected,"30 Technology Dr, Westborough, MA",MA,600 Printwood Dr,TN,TX:10
"SHAMBERG, JOHNSON & BERGMAN",10,corrected,"2600 N Central Ave, Ste 1800, Phoenix, AZ",AZ,"2600 Grand Blvd, Suite 550",MO,OH:10
TOTAL PACKAGING,10,corrected,"217 S 8th Street, Perkasie, PA",PA,6800 Jericho Turnpike,NY,NY:10
HLM CAPITAL MANAGEMENT GROUP,10,corrected,"440 Lincoln St, Worcester, MA",MA,"1849 Green Bay Road, Suite 200",IL,IL:10
SPONSEL MILLER GREENBERG PLLC,10,corrected,"55 West Monroe St, Chicago, IL",IL,520 Post Oak Blvd Suite 310,TX,TX:10
AZTEC GROUP,10,corrected,"3801 Hulen St #450, Fort Worth, TX",TX,2665 S Bayshore Dr PH-2A,FL,FL:10
FIRST REPUBLIC PRIVATE WEALTH MANAGEMENT,10,confirmed,111 Pine St,CA,,,FL:10
"ACRISURE, DBA ODELL STUDNER GROUP",10,corrected,"200 W MADISON ST STE 2600, CHICAGO, IL",IL,100 Ottawa Ave SW,MI,PA:9; FL:1
CBIZ MARKS PANETH,10,confirmed,6050 Oak Tree Boulevard South,OH,,,NY:10
APPLIED MATERIALS,9,confirmed,3050 Bowers Avenue,CA,,,NY:9
BH3,9,corrected,"100 State St, Suite 400, Boston, MA",MA,"819 NE 2nd Avenue, Suite 500",FL,FL:9
ASCEND ADVISORS,9,corrected,"3 Columbus Circle, 15th Floor, New York, NY",NY,"27001 Agoura Road, Suite 280",CA,CA:9
CHIME,9,corrected,"One Thomas Johnson Drive, Suite 200, Frederick, MD",MD,"101 California Street, Suite 500",CA,CA:9
CITIBANK,9,confirmed,388 Greenwich Street,NY,,,NJ:5; CT:4
CORNERSTONE GOVERNMENT AFFAIRS,9,confirmed,"1627 I St NW, Suite 1100",DC,,,IA:7; IL:2
COPS MONITORING,9,corrected,"1033 N. Kirk Rd., Suite 250, Hickory, NC",NC,1041 Glassboro Rd Suite F2,NJ,NY:9
CRAYHILL CAPITAL MANAGEMENT,9,corrected,"1611 Telegraph Avenue, Oakland, CA",CA,"280 Park Avenue, FL 27E",NY,NY:9
BIRTHRIGHT ISRAEL,9,corrected,"1101 14th Street NW, Suite 700, Washington, DC",DC,"711 3rd Ave, 10th Floor",NY,MD:9
CSG LAW,9,corrected,"599 Lexington Ave, 41st Floor, New York, NY",NY,105 Eisenhower Parkway,NJ,NJ:9
DOWNTOWNWORKS,9,corrected,"220 W 19th St, Suite 100, New York, NY",NY,"550 West B Street, 4th Floor",CA,CA:9
ELDRIDGE ACRE PARTNERS,9,corrected,"250 Park Ave S, 6th Floor, New York, NY",NY,"1900 Avenue of the Stars, Suite 2400",CA,CA:9
EPSTEIN BECKER AND GREEN,9,confirmed,875 Third Avenue,NY,,,FL:8; TX:1
ELECTRO INDUSTRIES,9,corrected,"56 Federal Road, Danbury, CT",CT,1800 Shames Drive,NY,NY:9
DRG BEHAVIORAL HEALTH,9,corrected,"150 North Radnor Chester Road, Suite F140, Radnor, PA",PA,3219 E Camelback Rd # 798,AZ,AZ:9
FOURSQUARE CORPORATION,9,corrected,"170 W Santa Clara St, 8th Floor, San Jose, CA",CA,"50 W 23rd St, 8th Floor",NY,MA:9
EDGILE,9,corrected,"1000 Winter Street, Suite 200, Waltham, MA",MA,"7000 N. Mopac Expressway, Suite 200",TX,TX:9
FRAGILEPAK,9,corrected,"3000 Corporate Exchange Drive, Suite 100, Columbus, OH",OH,"2270 Corporate Circle, Ste. 220",NV,CA:9
GARDEN FRESH MARKET,9,corrected,"1005 West Morehead Street, Charlotte, NC",NC,400 Townline Rd,IL,IL:9
GREENSPRING REALTY PARTNERS,9,corrected,"8300 Greensboro Drive, Suite 700, McLean, VA",VA,"1212 York Road, Suite C 300",MD,MD:9
GLOBAL INFRASTRUCTURE PARTNERS,9,corrected,"Two Greenwich Plaza, 3rd Floor, Greenwich, CT",CT,50 Hudson Yards,NY,NY:9
GEM REALTY CAPITAL,9,corrected,"80 Broad Street, 23rd Floor, New York, NY",NY,"900 N Michigan Ave, 14th Floor",IL,IL:9
KECHES LAW GROUP,9,corrected,"3111 Camino del Rio North, Suite 400, San Diego, CA",CA,"2 Lakeshore Center, Suite 3",MA,MA:9
KRG CAPITAL PARTNERS,9,corrected,"40 West 32nd Street, 12th Floor, New York, NY",NY,"1800 Larimer Street, Suite 2200",CO,CO:9
NORTHMARQ,9,corrected,"200 SW Market St, Suite 900, Portland, OR",OR,"3500 American Blvd W, Suite 500",MN,CA:8; MD:1
LEE ALPERT AND COMPANY,9,corrected,"400 Summit Drive, Suite 200, Valhalla, NY",NY,"3033 East 1st Avenue, Ste 725",CO,CO:9
LONGEVITY HEALTH PLAN,9,corrected,"2 Hampton Drive, Suite 200, Riverton, NJ",NJ,"11780 U.S. Highway One, Suite N107",FL,FL:9
LITWIN KACH,9,corrected,"60 Cutter Mill Road, Suite 303, Great Neck, NY",NY,"401 N Michigan Ave, Suite 1200",IL,IL:9
PHATHOM PHARMA,9,corrected,"3000 Ocean Park Blvd, Suite 209, Santa Monica, CA",CA,"100 Campus Drive, Suite 102",NJ,NJ:9
PACIFIC ASSET,9,confirmed,840 Newport Center Dr,CA,,,FL:9
PRICE BENOWITZ,9,confirmed,409 7th St NW,DC,,,VA:9
SCI CAPITAL,9,corrected,"10 EAST 53RD STREET, 30TH FLOOR, NEW YORK, NY",NY,"1875 Century Park East, Suite 320",CA,CA:9
SABER REAL ESTATE ADVISORS,9,corrected,"10 Federal St, Suite 1100, Boston, MA",MA,"80 Business Park Drive, Suite 306",NY,FL:8; NY:1
SIGMA INVESTMENT COUNSELORS,9,corrected,"300 Continental Dr, Suite 401, Newark, DE",DE,"186 E. Main Street, Suite 200",MI,OH:9
SIGNAL HILL HOLDINGS,9,corrected,"1100 Louisiana Street, Houston, TX",TX,38 Sylvan Rd,CT,CA:9
TELEDYNE TECHNOLOGIES,9,corrected,"300 Interpace Pkwy, Parsippany, NJ",NJ,1049 Camino Dos Rios,CA,CA:9
TEMPLE AHAVAT SHALOM,9,corrected,"777 Concord Ave, Cambridge, MA",MA,1575 Curlew Rd,FL,FL:9
USIP,9,confirmed,"2301 Pennsylvania Avenue NW, Suite 300",DC,,,NY:9
VERIZON,9,confirmed,1095 Avenue of the Americas,NY,,,NJ:8; MA:1
THE VISTRIA GROUP,9,unknown,"1 South Wacker Drive, Suite 3900",IL,,,NY:9
STANDARD EQUITY GROUP,9,unknown,"1 Harborview Plz, Suite 101",NY,,,PA:9
WEISS ASSOCIATES,9,corrected,"1200 Route 22 West Suite 100, Bridgewater, NJ",NJ,"2560 Ninth Street, Suite 212",CA,CA:9
TRION PROPERTIES,9,corrected,"3500 Lenox Rd NE Ste 600, Atlanta, GA",GA,"700 N San Vicente Blvd, Suite G460",CA,FL:9
VIVA LEARNING,9,corrected,"1600 Amphitheatre Parkway, Mountain View, CA",CA,3736 Bee Caves Rd Ste 1-230,TX,TX:9
BAIN & COMPANY,9,confirmed,131 Dartmouth Street,MA,,,CA:9
L M SANDLER AND SONS INC,9,corrected,"64 W 48th St, New York, NY",NY,"448 Viking Drive, Suite 220",VA,VA:9
DORA'S NATURALS INC,9,confirmed,21 Empire Blvd,NJ,,,NY:9
WITHIN HEALTH,9,corrected,"201 King of Prussia Road, Suite 350, Radnor, PA",PA,"2665 S Bayshore Drive, Suite 220",FL,FL:9
MAMIYE BROS INC,9,corrected,"9801 Roosevelt Blvd, Philadelphia, PA",PA,"1385 Broadway, 18th Floor",NY,NY:9
"GYL FINANCIAL SYNERGIES, LLC",9,confirmed,75 Isham Rd,CT,,,NY:9
NCH ADVISORS INC,9,corrected,"300 S Tryon St, Suite 2500, Charlotte, NC",NC,"452 Fifth Avenue, 24th Floor",NY,NY:9
"LONESTAR DATA HOLDINGS, INC",9,corrected,"600 Congress Ave, Austin, TX",TX,450 8th Ave SE,FL,NY:9
"SCHLANGER SILVER, LLP",9,corrected,"150 East 58th Street, 34th Floor, New York, NY",NY,"109 North Post Oak Lane, Suite 300",TX,TX:9
SEARS FINANCIAL CORP,9,corrected,"3333 Beverly Rd, Hoffman Estates, IL",IL,"6340 N Campbell Ave, Ste 278",AZ,AZ:9
BERGER FIRM PA,9,corrected,"150 East 58th Street, New York, NY",NY,10800 Biscayne Blvd Suite 201,FL,FL:9
LIGHITLITY,9,corrected,"2000 K Street NW, Suite 850, Washington, DC",DC,"9200 Corporate Blvd, Suite 150",MD,MD:9
SCOR GLOBAL LIFE REINSURANCE,9,corrected,"1999 Avenue of the Stars, Suite 1200, Los Angeles, CA",CA,"101 South Tryon Street, Suite 3200",NC,NC:9
SNELL & WILMER LLP,9,corrected,"3883 Howard Hughes Pkwy, Suite 1100, Las Vegas, NV",NV,"One Arizona Center, 400 E Van Buren Street, Suite 1900",AZ,TX:9
WRP MANAGEMENT CORP,9,unknown,"50 California Street, Suite 1500",CA,,,AZ:9
WIPRO,9,confirmed,2 Tower Center Blvd,NJ,,,TX:9
"KAUFMAN PRODUCTS, INC",9,corrected,"14000 NW 14th Ct, Sunrise, FL",FL,3811 Curtis Avenue,MD,MD:9
MACKENZIE HUGHES LLP,9,corrected,"1809 K St NW #1100, Washington, DC",DC,"440 South Warren Street, Suite 400",NY,NY:9
DELOITTE,9,corrected,"2 Tower Center Boulevard, East Brunswick, NJ",NJ,"30 Rockefeller Plaza, 41st Floor",NY,IL:5; NY:3; FL:1
BMO CAPITAL MARKETS,9,corrected,"1 North Jefferson Avenue, Chicago, IL",IL,1585 Broadway,NY,NJ:8; NY:1
ARCXIS,8,corrected,"61 Broadway, 10th Floor, New York, NY",NY,"19450 State HWY 249, Suite 300",TX,TX:8
ASRC FEDERAL,8,corrected,"500 C St SW, Suite 320, Washington, DC",DC,"11091 Sunset Hills Road, Suite 800",VA,MD:8
AMG,8,corrected,"600 Newport Center Drive, Suite 1100, Newport Beach, CA",CA,777 South Flagler Drive,FL,TX:8
CENTENNIAL RETAIL SERVICES,8,corrected,"1001 East Palm Avenue, Hemet, CA",CA,"2505 21st Avenue South, Suite 201",TN,TN:8
ASURION,8,corrected,"14651 Dallas Parkway, Suite 600, Dallas, TX",TX,1101 Church St,TN,VA:8
AVANTUS,8,corrected,"4451 E Cotton Center Blvd, Suite 350, Phoenix, AZ",AZ,"655 W Broadway, Suite 1550",CA,LA:8
DEPT OF ARMY,8,confirmed,101 Army Pentagon,DC,,,TX:8
CHATHAM FINANCIAL,8,confirmed,"2000 Market Street, Suite 4200",PA,,,FL:8
DUKAS LINDEN PUBLIC RELATIONS,8,confirmed,"120 W 45th Street, 16th Floor",NY,,,NJ:8
FIRST REPUBLIC,8,confirmed,111 Pine Street,CA,,,FL:8
FOX NEWS,8,confirmed,1211 Avenue of the Americas,NY,,,IL:8
GESHER DAY SCHOOL,8,corrected,"35 East 67th Street, New York, NY",NY,4800 Mattie Moore Ct,VA,VA:8
CISCO SYSTEMS,8,confirmed,170 West Tasman Drive,CA,,,MA:5; AZ:3
GOODWIN,8,confirmed,100 Northern Ave,MA,,,NY:8
HCC,8,confirmed,"13403 Northwest Freeway, Suite 800",TX,,,MD:8
GIFT OF LIFE DONOR PROGRAM,8,corrected,"401 Warren Ave S, Minneapolis, MN",MN,401 N. 3rd Street,PA,PA:8
HBK CAPITAL MANAGEMENT,8,corrected,"2 PPG Place, Suite 1800, Pittsburgh, PA",PA,"2300 North Field Street, Suite 2200",TX,NY:8
HIGHTECHLENDING,8,confirmed,2030 Main St,CA,,,NY:6; FL:2
GROMIS EQUITIES,8,unknown,"35 West 36th Street, 11th Floor",NY,,,CA:8
IMPCO,8,corrected,"3030 S Susan St, Santa Ana, CA",CA,5757 Farinon Drive,TX,OR:8
HOLY CROSS HEALTH,8,corrected,"4925 Lankershim Blvd, Los Angeles, CA",CA,4725 N Federal Highway,FL,FL:8
MANI BROTHERS,8,corrected,"30 Brier Pl, Farmingdale, NY",NY,"9200 Sunset Boulevard, Suite 555",CA,CA:8
INNOVATION GROUP,8,corrected,"1 Freedom Plz, King of Prussia, PA",PA,"1051 Perimeter Dr, Suite 800",IL,CA:8
NICHOLS PARTNERSHIP,8,corrected,"One Montgomery Street, Suite 1600, San Francisco, CA",CA,"1644 Platte Street, Suite 130",CO,CO:8
LEVORITZ LAW,8,corrected,"2200 Ross Ave, Suite 750, Dallas, TX",TX,"200 Vesey Street, 24th Floor",NY,NY:8
MILEONE AUTOGROUP,8,corrected,"600 S Main St, Dover, NH",NH,1 Olympic Pl Suite 1120,MD,MD:8
PHYSICIANS DIALYSIS,8,corrected,"3311 Cumberland Blvd SE, Suite 600, Atlanta, GA",GA,"1000 Park Centre Blvd, Ste 134",FL,FL:8
MIDSTATE RADIOLOGY ASSOCIATES,8,corrected,"2000 East Galbraith Road, Cincinnati, OH",OH,101 North Plains Industrial Road,CT,CT:8
OCTAGON CREDIT INVESTORS,8,confirmed,"360 Madison Ave, 6th Floor",NY,,,NJ:8
REPUBLIC CLOTHING,8,confirmed,"320 West 38th Street, 8th Floor",NY,,,CT:8
RETINA VITREOUS CONSULTANTS,8,corrected,"3500 E Fletcher Ave, Suite 200, Tampa, FL",FL,"349 East Northfield Road, Suite 100",NJ,NJ:8
RELATIVITY,8,corrected,"55 Water Street, 28th Floor, New York, NY",NY,3500 E Burnett St,CA,CA:8
RKW RESIDENTIAL,8,corrected,"4400 Post Oak Parkway, Suite 300, Houston, TX",TX,"24 Mercer St, 3rd Floor, Office 402",NY,FL:8
PROHEALTH PROFESSIONAL SERVICES,8,corrected,"PO Box 487, Amherst, NY",NY,"500 E Colorado St, Ste 100",CA,CA:8
RLH,8,corrected,"1000 Continental Drive, Glenview, IL",IL,1550 Market St Suite 350,CO,CA:8
RODAN FAMILY FOUNDATION,8,corrected,"1000 South Pine Island Road, Suite 420, Plantation, FL",FL,"21 Orinda Way, Suite C-381",CA,CA:8
SUPERSTRUCTURES,8,corrected,"4455 Milwaukee Street NW, Huntsville, AL",AL,"14 Wall Street, 25th Floor",NY,NY:7; NJ:1
ROLAND LAW FIRM,8,corrected,"325 North St. Paul Street, Suite 3350, Dallas, TX",TX,"4 Tower Place, 2nd Floor",NY,NY:8
TSG CONSUMER,8,confirmed,"11601 Wilshire Blvd, Suite 2040",CA,,,CT:8
AUERBACH FUNDS LLC,8,corrected,"280 Park Ave South 8th Floor, New York, NY",NY,"6000 Fairview Road, 12th Floor",NC,NC:8
VERITA GLOBAL,8,corrected,"303 Congress St, Suite 410, Boston, MA",MA,"222 N Pacific Coast Hwy, Ste 300",CA,NY:8
SCP MANAGEMENT,8,unknown,"155 N. Wacker Drive, Suite 4250",IL,,,FL:8
LAZARD FRERES & CO. LLC,8,confirmed,30 Rockefeller Plaza,NY,,,CT:8
HUTT LAW PC,8,corrected,"500 108th Ave NE, Ste 200, Bellevue, WA",WA,"305 Broadway, 7th Floor",NY,NY:8
VPC,8,unknown,1400 New Hope Road,VA,,,IL:8
REXTAR LLC,8,corrected,"135 US Highway 46, Fairfield, NJ",NJ,1004 Dulaney Valley Road,MD,MD:8
RIALTO MANAGEMENT CORP,8,corrected,"3800 North Classen Boulevard, Suite 200, Oklahoma City, OK",OK,"872 Madison Avenue, Suite 2A",NY,NY:8
ROSENTHAL FOODS CORP,8,corrected,"2 Corporate Drive, Cranbury, NJ",NJ,1313 11th St Ste 2,IA,AZ:8
"SEGAL MANAGEMENT, LLC",8,corrected,"1 PENN PLAZA, 36TH FLOOR, NEW YORK, NY",NY,2220 Cape Cod Place,MN,MN:8
KONA ADVISORS LLC,8,unknown,55 West 46th Street,NY,,,IL:8
U.S. SEARCH LLC,8,corrected,"66 Rimmon Hill Rd, Carmel, NY",NY,"600 Corporate Pointe, Suite 220",CA,MD:8
VERNON & PARK CAPITAL,8,corrected,"711 Third Avenue, 9th Floor, New York, NY",NY,"10 South Riverside Plaza, Suite 1830",IL,IL:8
HIGHTOWER,8,corrected,"1201 West Peachtree Street NW, Suite 1400, Atlanta, GA",GA,"200 West Madison Street, Suite 2500",IL,NJ:8
MEDSTAR MEDICAL GROUP,8,corrected,"110 Irving St NW, Suite 700, Washington, DC",DC,10980 Grantchester Way,MD,MD:8
CLEARCOVER INC,8,corrected,"28 Liberty St, New York, NY",NY,"33 W Monroe St, Suite 1350",IL,IL:8
UBER TECHNOLOGIES,8,confirmed,1515 3rd Street,CA,,,PA:6; NJ:2
GLOBAL STEEL DUST,8,corrected,"2240 Winton Road South, Rochester, NY",NY,109 N Post Oak Ln Ste 415,TX,TX:8
"ROSENBERG & ROSENBERG, P.A",8,corrected,"1025 Connecticut Ave NW Suite 1000, Washington, DC",DC,2501 Hollywood Boulevard Suite 110,FL,FL:8
"DANALEX, INC",8,corrected,"299 Park Ave, 12th Floor, New York, NY",NY,85 Pristine Glen St,NV,NV:8
BOSTON BEER COMPANY,7,confirmed,One Design Center Place,MA,,,KS:7
ACTIO CORPORATE ASSET ADVISORS,7,corrected,"1200 G Street NW, Suite 800, Washington, DC",DC,125 Maiden Lane #207,NY,NY:7
AHOLD DELHAIZE,7,corrected,"500 N. King Street, Wilmington, DE",DE,300 South Riverside Plaza,IL,IL:7
CB COMMERCIAL,7,corrected,"2100 McKinney Avenue, Dallas, TX",TX,533 S. Fremont Ave,CA,CA:7
CHAIFETZ GROUP,7,corrected,"200 S. Biscayne Blvd, Suite 2795, Miami, FL",FL,"455 N. Cityfront Plaza Drive, 13th Floor",IL,IL:7
BROADMOOR,7,corrected,"1 Lake Ave, Colorado Springs, CO",CO,"809 N 96th St, Ste 1",NE,NE:7
CARDINAL CAPITAL COMPANY,7,corrected,"101 Arch Street, Suite 1900, Boston, MA",MA,"8665 Wilshire Blvd, Suite 410",CA,CA:7
CLIFFSIDE REHAB,7,corrected,"100 Patterson Ave, Cliffside Park, NJ",NJ,119-19 Graham Court,NY,NY:7
FORTRESS INVESTMENT GROUP,7,confirmed,1345 Avenue of the Americas,NY,,,CA:7
CROOKED MONKEY,7,corrected,"118 N Market St, Georgetown, DE",DE,8220 River Quarry Place,MD,MD:7
CANVASBACK MANAGEMENT,7,unknown,"1055 31st Street NW, Suite 600",DC,,,AL:7
GREENHOUSE SOFTWARE,7,confirmed,"1 Lafayette Street, 4th Floor",NY,,,NC:7
DLR GROUP,7,corrected,"600 108th Avenue NE, Suite 2200, Bellevue, WA",WA,"6457 Frances St, Ste 200",NE,CA:7
HBO,7,confirmed,30 Hudson Yards,NY,,,CA:7
GRANITE POINT MORTGAGE TRUST,7,corrected,"12100 Sunset Hills Road, Suite 750, Reston, VA",VA,"3 Bryant Park, 24th Floor",NY,CT:6; FL:1
JARU,7,corrected,"12 E 14th Street, New York, NY",NY,12901 Flagler Center Blvd.,FL,FL:7
HERMAN CAPITAL CORPORATION,7,corrected,"1 N LaSalle St, Suite 2200, Chicago, IL",IL,3539 Douglas Dr N,MN,MN:7
HERCULES FENCE,7,corrected,"1440 Railroad Ave, Union City, CA",CA,8580 Mission Rd,MD,VA:6; MD:1
JOULE VENTURES,7,corrected,"1 Maritime Plaza, Suite 900, San Francisco, CA",CA,535 W. 110th St #5F,NY,GA:6; NY:1
MADISON ELECTRIC CO,7,corrected,"240 Mount Airy Rd, Santa Rosa, CA",CA,31855 Van Dyke Ave,MI,MI:7
LISI NIGRIN INTERIORS,7,corrected,"33 E 2nd St, New York, NY",NY,13 Paladia Way,MD,MD:7
KCC,7,unknown,805 Central Avenue,NJ,,,NY:6; DC:1
KBT,7,corrected,"2550 Riva Road, Suite 400, Annapolis, MD",MD,1633 Broadway,NY,NY:7
MEOPTA USA,7,corrected,"465 Aberdeen Drive, Hillsboro, OR",OR,7826 Photonics Drive,FL,FL:7
MILESTONE BANK,7,corrected,"10900 Lowell Blvd, Broomfield, CO",CO,"310 South Main St, Suite 900",UT,MI:7
NCH CAPITAL,7,corrected,"300 S Tryon St, Suite 2500, Charlotte, NC",NC,75 Rockefeller Plaza,NY,NY:7
OODA-HEALTH,7,corrected,"100 Overlook Center, 2nd Floor, Princeton, NJ",NJ,"100 Montgomery Street, Suite 2100",CA,DC:7
NAPCO,7,unknown,333 Pitkin St,CT,,,IL:7
ROBBINS FIRM,7,corrected,"10880 Wilshire Boulevard, Suite 1200, Los Angeles, CA",CA,500 14th Street NW,GA,GA:7
ROYCE CORPORATION,7,corrected,"745 Fifth Avenue, New York, NY",NY,"20900 NE 30th Ave, Suite 102",FL,FL:7
STEWART TITLE,7,confirmed,"1980 Post Oak Blvd, Suite 800",TX,,,CA:7
PALLADIO BEAUTY GROUP,7,corrected,"225 Liberty St, 7th Floor, New York, NY",NY,3912 Pembroke Road,FL,FL:7
THE WASHINGTON INSTITUTE,7,confirmed,"1828 L Street NW, Suite 1050",DC,,,CA:7
TRISPAN,7,corrected,"1400 Providence Highway, Norwood, MA",MA,"152 West 57th Street, 5th Floor",NY,NY:7
TRUCORDIA,7,confirmed,"2745 West 600 North, Suite 500",UT,,,FL:7
MENTO,7,unknown,300 Park Ave,NY,,,CA:6; CO:1
TRIANGLE CAPITAL GROUP,7,corrected,"629 West 5220 South, Suite 100, Murray, UT",UT,"1370 Avenue of the Americas, Floor 30",NY,NY:6; NJ:1
THE TOBIN GROUP,7,corrected,"9 W Broad St, Suite 1400, Columbus, OH",OH,2405 Marbury Rd,PA,MI:7
TSG BRANDS,7,corrected,"555 Long Wharf Dr, 6th Floor, New Haven, CT",CT,31 W 34th St,NY,NY:7
VETERANS ADMINISTRATION,7,confirmed,810 Vermont Avenue NW,DC,,,FL:7
WEITZ MEDICAL MANAGEMENT,7,corrected,"2101 Cedar Springs Rd, Dallas, TX",TX,2300 Sutter St Ste 304,CA,CA:7
WIINGATE LIVING,7,confirmed,300 1st Ave,MA,,,FL:6; NJ:1
ZIONS BANCORPORATION,7,confirmed,1 S Main St,UT,,,CO:4; MA:2; CA:1
GERBER & CO INC,7,corrected,"200 N Martingale Rd, Suite 100, Schaumburg, IL",IL,"1880 Century Park East, Suite 200",CA,CA:7
MCCARTER & ENGLISH LLP,7,corrected,"405 N. King Street, 8th Floor, Wilmington, DE",DE,"Four Gateway Center, 100 Mulberry St.",NJ,NJ:6; MA:1
WESTMORE CAPITAL ADVISORS,7,corrected,"445 Park Ave, 11th Floor, New York, NY",NY,301 21st Pl,CA,CA:7
ROYER COOPER COHEN BRAUNFELD LLC,7,corrected,"675 Third Avenue, Suite 1815, New York, NY",NY,"101 West Elm Street, Suite 400",PA,PA:7
RAINES FELDMAN LITTRELL LLP,7,corrected,"400 Rella Blvd, Suite 285, Suffern, NY",NY,"1900 Avenue of the Stars, 19th Floor",CA,CA:7
ARDR REALTY LLC,7,corrected,"224 W 30th St, 8th Floor, New York, NY",NY,318 Amethyst Avenue,CA,CA:7
GENERATION CAPITAL LLC,7,confirmed,"520 Seventh Avenue, 12th Floor",NY,,,OH:7
SINGLETON SCHREIBER LLP,7,corrected,"100 Park Avenue, New York, NY",NY,"591 Camino de la Reina, Suite 1025",CA,CA:6; NM:1
SHERMAN IP LLP,7,corrected,"1250 Connecticut Ave NW, Suite 700, Washington, DC",DC,"15760 Ventura Blvd., Suite 700",CA,FL:7
CAMBRIDGE INFO GROUP,7,corrected,"245 First Street, Cambridge, MA",MA,"888 7th Avenue, 17th Floor",NY,FL:7
ISLAND CAPITAL GROUP,7,corrected,"2711 Centerville Rd, Suite 401, Wilmington, DE",DE,717 Fifth Avenue,NY,NY:7
MORGAN LEWIS AND BOCKIUS,7,corrected,"1000 Louisiana Street, Suite 4000, Houston, TX",TX,2222 Market St,PA,MA:3; MD:2; DC:1
PHATHOM PHARMACEUTICALS,7,corrected,"200 Berkeley St, 10th Floor, Boston, MA",MA,"100 Campus Drive, Suite 102",NJ,NJ:7
REDDY RAW INC,7,corrected,"2100 SW River Pkwy, Tigard, OR",OR,1 Ethel Boulevard,NJ,NY:7
TRUCK FAX INC,7,corrected,"6215 N Cortez Ave, Scottsdale, AZ",AZ,17700 S Woodland Road,OH,OH:7
"GAFCON, INC",7,corrected,"201 3rd St NW, Gainesville, GA",GA,10301 Meanley Drive Suite 225,CA,CA:7
ARCADIA DEVELOPMENT CO,7,corrected,"50 Broadway, New York, NY",NY,5185 Cherry Ave Ste 10,CA,CA:7
DELOITTE & TOUCHE LLP,7,corrected,"111 South Wacker Drive, Chicago, IL",IL,"30 Rockefeller Plaza, 41st Floor",NY,NJ:7
ACADEMY PARTNERS GROUP,6,corrected,"3 Embarcadero Center, Suite 300, San Francisco, CA",CA,260 Josephine St Ste 300,CO,CO:6
ADMIRAL PACKAGING,6,corrected,"9255 N Broad St, Philadelphia, PA",PA,10 Admiral St,RI,RI:6
AJM PACKAGING CORPORATION,6,corrected,"111 S. Rio Grande Avenue, Tampa, FL",FL,E-4111 Andover Rd,MI,MI:4; CT:2
BAIRD,6,confirmed,"777 East Wisconsin Avenue, Suite 3000",WI,,,NY:3; IL:3
AXOGEN,6,confirmed,13631 Progress Blvd,FL,,,GA:6
AXA XL,6,corrected,"1301 Avenue of the Americas, New York, NY",NY,"Seaview House, 70 Seaview Ave",CT,NJ:6
BRAINFUSE,6,corrected,"2200 North Loop West, Suite 600, Houston, TX",TX,271 Madison Ave,NY,CA:6
BAYBERRY CARE CENTER,6,corrected,"1 Bayberry Dr, Portsmouth, NH",NH,40 Keogh Lane,NY,CT:6
CHARLES RIVER ASSOCIATES,6,confirmed,"200 Clarendon St, 54th Floor",MA,,,CT:6
CEDAR,6,corrected,"200 Portland Street, Boston, MA",MA,"32 6th Avenue, 18th Floor",NY,VA:6
CHICAGO TITLE,6,corrected,"10 S LaSalle St, Chicago, IL",IL,601 Riverside Avenue,FL,CA:6
CFI MANAGEMENT,6,corrected,"1500 District Ave, Suite 240, Burlington, MA",MA,50 Schilling Rd Ste 100,MD,MD:6
CLEARLIGHT PARTNERS,6,corrected,"1601 Trapelo Road, Suite 333, Waltham, MA",MA,"100 Bayview Circle, Suite 5000",CA,CA:6
ARC,6,unknown,2401 W 38th St,IL,,,FL:4; CA:2
CITY FIRST MORTGAGE,6,corrected,"1401 I Street NW, Washington, DC",DC,6100 Hollywood Blvd #305,FL,FL:6
COX COMMUNICATIONS,6,confirmed,6205-B Peachtree Dunwoody Road NE,GA,,,AZ:6
DAVIDOVICH LAW,6,corrected,"300 A St, Boston, MA",MA,"6442 Coldwater Canyon Avenue, Suite 209",CA,CA:6
DANKMEYER,6,corrected,"55 S SERVICE RD, Melville, NY",NY,"825 N Hammonds Ferry Rd, Suite D",MD,MD:6
COOPER COMMUNICATIONS,6,confirmed,245 West 29th Street,NY,,,CA:6
DCPS,6,confirmed,1200 First St NE,DC,,,VA:6
DISCOVER VISION CENTERS,6,corrected,"3099 Easton Square Place, Suite 1200, Columbus, OH",OH,4741 S Cochise Dr,MO,KS:6
DIGITAL DRAFTING SYSTEMS,6,corrected,"2300 Perimeter Park Dr, Suite 300, Morrisville, NC",NC,"16969 NW 67th Avenue, Suite 100",FL,FL:6
ELEVANCE HEALTH,6,corrected,"220 Virginia Avenue NE, Washington, DC",DC,220 Virginia Avenue,IN,CA:5; AZ:1
DANLY,6,corrected,"1000 N Park Dr, Glenview, IL",IL,500 Progress Road,OH,TX:6
EVEREDE TOOL COMPANY,6,corrected,"1040 Keene Road, Cheshire, CT",CT,850 West Hawthorne Lane,IL,AZ:6
ENVISION,6,corrected,"222 S Riverside Plaza, Suite 1500, Chicago, IL",IL,"20 Burton Hills Blvd, Suite 300",TN,FL:6
FRICTION BRANDS,6,corrected,"4001 Westchase Blvd, Suite 200, Houston, TX",TX,925 S Bedford St Unit 2,CA,CA:6
FINANCIAL PARTNERS CAPITAL MANAGEMENT,6,corrected,"21830 Burbank Blvd, Suite 210, Woodland Hills, CA",CA,150 East 52nd Street,NY,NY:6
GENET PROPERTY GROUP,6,corrected,"1155 S. Bascom Ave, Suite 400, San Jose, CA",CA,7071 W Commercial Blvd,FL,FL:6
GOVERNMENTAL ADVOCATES,6,corrected,"1001 Pennsylvania Avenue NW, Suite 1300S, Washington, DC",DC,"1127 11th Street, Suite 400",CA,CA:6
FULTON CAPITAL,6,corrected,"6400 S Fiddlers Green Cir, Suite 1500, Greenwood Village, CO",CO,"601 Skokie Blvd, Suite 204",IL,IL:6
HEALTHFIRST,6,confirmed,"520 8th Avenue, 10th Floor",NY,,,CO:5; FL:1
GORDON REES SCULLY MANSUKHANI,6,corrected,"One North Franklin, Suite 800, Chicago, IL",IL,315 Pacific Avenue,CA,CA:6
HARDWOOD PARTNERS,6,corrected,"600 Peachtree Street NE, Suite 2400, Atlanta, GA",GA,968 Harbor Rd,CT,CT:6
HIRSCH ROBERTS WEINSTEIN,6,corrected,"100 N Greene St, Suite 700, Winston-Salem, NC",NC,"One Liberty Square, 12th Floor",MA,MA:6
IDEAL,6,confirmed,1375 Park Ave,IL,,,TX:6
INSIGHT GLOBAL,6,corrected,"1550 Wynkoop St, Suite 900, Denver, CO",CO,"1224 Hammond Drive, Suite 1500",GA,DC:6
IMPERIAL DADE,6,corrected,"3535 Breakwater Way, Pompano Beach, FL",FL,120 Fieldcrest Avenue,NJ,OH:6
IMA FINANCIAL GROUP,6,corrected,"140 West 57th Street, New York, NY",NY,8200 E 32nd St N,KS,TX:6
INTERNAL REVENUE SERVICE,6,confirmed,1111 Constitution Avenue NW,DC,,,MD:6
IRIDIAN ASSET MANAGEMENT,6,corrected,"701 North Capital of Texas Highway West, Suite 250, Austin, TX",TX,"55 Post Road West, 2nd Fl",CT,FL:6
INVEL CAPITAL,6,corrected,"299 Park Ave, New York, NY",NY,47 Maple Street,NJ,NJ:6
LT APPAREL GROUP,6,corrected,"2 N Riverside Plaza, Suite 2000, Chicago, IL",IL,2 Park Ave,NY,NJ:6
KAFTAN ENTERPRISES,6,corrected,"1298 Union Turnpike, New Hyde Park, NY",NY,"29100 Northwestern Hwy, Suite 260",MI,MI:6
LORD ABBETT,6,confirmed,90 Hudson Street,NJ,,,NY:6
LASZLO STRATEGIES,6,unknown,"1201 Connecticut Ave NW, Suite 500",DC,,,MD:6
MAYER BROWN,6,confirmed,71 South Wacker Drive,IL,,,NY:6
MADISON DEARBORN PARTNERS,6,corrected,"60 Cutter Mill Rd, Suite 302, Great Neck, NY",NY,"70 W Madison St, Suite 4600",IL,IL:5; FL:1
MONDAY PROPERTIES,6,corrected,"1230 Peachtree St NE, Suite 1000, Atlanta, GA",GA,"595 Madison Avenue, Suite 1903",NY,NY:5; VA:1
NATIONAL INSTITUTES OF HEALTH,6,confirmed,"9000 Rockville Pike, Building 1",MD,,,TX:3; DC:3
MERRITT GALLERY,6,corrected,"215 Sullivan St, New York, NY",NY,88 Village Square,MD,MD:6
NMRK,6,corrected,"8750 North Central Expressway, Suite 1500, Dallas, TX",TX,125 Park Avenue,NY,IL:6
PARKWAY CORPORATION,6,corrected,"6601 4th St N, St. Petersburg, FL",FL,150 North Broad Street,PA,PA:6
NORTH RIVER CAPITAL,6,corrected,"767 Third Ave, 22nd Floor, New York, NY",NY,5642 Coventry Ln,IN,IN:6
PINNACLE COMMUNITIES,6,corrected,"5800 Granite Pkwy, Suite 300, Plano, TX",TX,"9100 S. Dadeland Blvd, Suite 700",FL,FL:6
PATRIOT SUBARU,6,corrected,"100 Patriot Place, Foxborough, MA",MA,769 Portland Rd,ME,FL:4; NH:2
PRECISION TASK GROUP,6,corrected,"1515 Pacific Ave Suite 700, Tacoma, WA",WA,"9801 Westheimer Road, Suite 803",TX,TX:5; IL:1
POLSINELLI,6,corrected,"600 3rd Avenue, 42nd Floor, New York, NY",NY,"900 W. 48th Place, Suite 900",MO,MO:5; MD:1
PHARMACY BENEFIT CONSULTANTS,6,corrected,"One Walgreens Way, Deerfield, IL",IL,7 Arborview Way,NJ,NJ:3; FL:3
NPS RENT ASSURANCE,6,corrected,"224 Lafayette St, New York, NY",NY,220 Reservoir St Ste 5,MA,MA:6
RIDA,6,corrected,"11601 Wilshire Blvd Suite 1250, Los Angeles, CA",CA,1777 Walker St Suite 501,TX,CO:6
RHP STAFFING CO,6,corrected,"2101 Cedar Springs Rd, Dallas, TX",TX,31200 Northwestern Hwy,MI,MI:6
SCI TECH AUTOMOTIVE,6,corrected,"2450 E. Gage Avenue, Pomona, CA",CA,12010 S US Highway 71,MO,KS:6
SHL INVESTMENT GROUP,6,corrected,"201 Tresser Boulevard, Suite 400, Stamford, CT",CT,"9 West 57th Street, 50th Floor",NY,NY:6
SOAVE ENTERPRISES,6,corrected,"3333 Michelson Drive, Suite 100, Irvine, CA",CA,3400 E Lafayette St,MI,MI:5; FL:1
TEMPLE HAR ZION,6,corrected,"1609 Edgewater Dr, Cherry Hill, NJ",NJ,1040 North Harlem Avenue,IL,IL:6
THE BERG CORPORATION,6,corrected,"2000 Market St Suite 1600, Philadelphia, PA",PA,2519 Wilkens Avenue,MD,DC:6
STEEL PEAK WEALTH MANAGEMENT,6,corrected,"140 Broadway, New York, NY",NY,"21650 Oxnard St, Suite 2300",CA,CA:6
TOBIN INJURY LAW,6,corrected,"Three Riverway, Ste 1775, Houston, TX",TX,38 Old Ivy Rd. NE,GA,GA:6
TILEBAR,6,corrected,"700 West State Street, West Springfield, MA",MA,15 Hoover Street,NY,NY:6
VILLAGE HEALTH PARTNERS,6,corrected,"400 W Washington St, Suite 700, Chicago, IL",IL,"5655 W Spring Creek Pkwy, Suite 200",TX,TX:6
WCHN,6,confirmed,24 Hospital Ave,CT,,,NY:6
ANTARES CAPITAL CORP,6,corrected,"1345 Avenue of the Americas, 31st Floor, New York, NY",NY,320 South Canal Street,IL,FL:6
WORKDAY,6,confirmed,6110 Stoneridge Mall Road,CA,,,IL:6
TRIUMPH INTERIORS,6,corrected,"One Parkwood Court, Cedar Rapids, IA",IA,"1255 Drummers Lane, Suite 200",PA,AZ:6
YS TECH USA,6,corrected,"1800 East Old Settlers Boulevard, Suite 200, Round Rock, TX",TX,"17771 Sampson Ln, Ste A",CA,CA:6
FABFITFUN INC,6,corrected,"2951 28th St SW, Suite 200, Grandville, MI",MI,360 N La Cienega Blvd,CA,CA:6
DARSANA CAPITAL PARTNERS LP,6,corrected,"299 South Main Street, Suite 220, Providence, RI",RI,"40 West 57th Street, 22nd Floor",NY,NY:6
"LAURAND ASSOCIATES, INC",6,corrected,"1410 Timberloch Pl, Suite 100, The Woodlands, TX",TX,"20900 NE 30th Avenue, Suite 102",FL,FL:6
"GREENE KARLIN REAL ESTATE, LLC",6,unknown,1000 Stewart Avenue,NY,,,GA:6
KIND LLC,6,confirmed,"120 Varick Street, 4th Floor",NY,,,TX:6
MARCADIS SINGER PA,6,corrected,"1225 S Clairemont Ave, Decatur, GA",GA,5104 SOUTH WESTSHORE BLVD,FL,FL:6
"KURSH, LLC",6,unknown,"900 Third Avenue, 16th Floor",NY,,,FL:6
SDI TECHNOLOGIES INC,6,corrected,"1160 Hull Street, Dunedin, FL",FL,1299 Main Street,NJ,NY:6
SCOTT FANE CPA PA,6,corrected,"1900 WYNKOOP STREET, SUITE 200, DENVER, CO",CO,"555 SE 6th Avenue, Unit 8E",FL,FL:6
"SMARTLOGIC, LLC",6,corrected,"1173 South California Avenue, Palo Alto, CA",CA,8 Market Pl Ste 377,MD,MD:6
OMNI NEW YORK LLC,6,confirmed,"7th Avenue at 51st Street (Omni New York Hotel is a property),",NY,,,FL:6
NBCUNIVERSAL,6,confirmed,30 Rockefeller Plaza,NY,,,CA:6
YURKO PARTNERS PC,6,corrected,"1001 SW 5th Ave, Suite 1900, Portland, OR",OR,"One Tech Drive, Suite 205",MA,MA:6
RANGER GLOBAL ADVISORS LLC,6,corrected,"675 Ponce de Leon Ave NE, Suite 500, Atlanta, GA",GA,9465 Wilshire Blvd,CA,CA:6
"ASSOCIATION MANAGEMENT GROUP, INC",6,corrected,"4408 Bayard Lane, Bethesda, MD",MD,614 W Friendly Ave,NC,NC:6
DETROIT PISTONS BASKETBALL CLUB,6,confirmed,One Agracel Place,MI,,,CA:6
"ATLANTIC REALTY CONSULTANTS, INC",6,corrected,"2600 Horizon Drive, Suite 210, King of Prussia, PA",PA,"8150 Leesburg Pike, Suite 1100",VA,VA:5; DC:1
SUN PHARMACEUTICAL/WILLVER,6,corrected,"270 Park Ave, New York, NY",NY,2 Independence Way,NJ,NJ:6
"BERENSON PARTNERS, LLC",6,corrected,"375 Park Avenue, 19th Floor, New York, NY",NY,12415 NE 13 Ave,FL,FL:6
"MALCO INDUSTRIES, INC",6,corrected,"300 South Service Road, Charlotte, NC",NC,"1717 Second Street, Ste A",FL,FL:6
YENKIN-MAJESTIC PAINT CORP,6,corrected,"2058 North Seventh Street, Philadelphia, PA",PA,1920 Leonard Avenue,OH,OH:6
"STORCH REALTY, INC",6,corrected,"41 Madison Ave, 6th Floor, New York, NY",NY,8930 Baltimore Street,MD,MD:6
ROIVANT SOCIAL VENTURES INC,6,corrected,"100 Cambridgepark Drive Suite 200, Cambridge, MA",MA,"1 Pennsylvania Plaza, 54th Floor",NY,CT:6
"SERLING & ABRAMSON, P.C",6,corrected,"2200 Corporate Blvd, Suite 200, Orlando, FL",FL,"280 N Old Woodward Ave, Suite 406",MI,MI:6
303 CAPITAL PARTNERS,5,corrected,"303 Colorado Street, Suite 2300, Austin, TX",TX,"401 W Superior St, Suite 101",IL,IL:5
ACASI,5,corrected,"3 Millennium Drive, Somerset, NJ",NJ,7085 NW 46th Street,FL,FL:5
ADVANCE PACKAGING TECHNOLOGIES,5,corrected,"4201 Winpark Dr, Midlothian, TX",TX,5720 Williams Lake Road,MI,MI:5
ACRISURE ARONSON INSURANCE,5,corrected,"2002 Summit Blvd, Suite 900, Atlanta, GA",GA,5664 Prairie Creek Dr SE,MI,MA:5
AEPI FOUNDATION,5,corrected,"3701 Woodland Avenue, Suite 300, Philadelphia, PA",PA,8815 Wesleyan Road,IN,FL:5
ARONOV,5,corrected,"2100 E. Route 83, Suite 600, Hoffman Estates, IL",IL,3500 Eastern Blvd,AL,AL:5
AVANT,5,corrected,"222 W Las Colinas Blvd, Suite 700, Irving, TX",TX,"222 W Merchandise Mart Plaza, Suite 900",IL,IL:5
ASPEN CAPITAL,5,corrected,"450 Lexington Avenue, 21st Floor, New York, NY",NY,"13190 SW 68th Parkway, Suite 130",OR,OR:5
ALIYA HEALTH GROUP,5,corrected,"23422 Mill Creek Dr, Laguna Hills, CA",CA,1590 S Congress Ave,FL,PA:5
ASSURED INVESTMENT MANAGEMENT,5,confirmed,3000 Marcus Ave Ste 3W2,NY,,,NJ:5
BARVIN GROUP,5,corrected,"260 Madison Ave, 11th Floor, New York, NY",NY,"8 Greenway Plaza, Suite 905",TX,TX:5
ASCENDA CAPITAL,5,corrected,"221 N LaSalle St, Suite 300, Chicago, IL",IL,"345 N Maple Dr, Suite 127",CA,CA:5
BETHESDA SOFTWORKS,5,confirmed,"1370 Piccard Drive, Suite 120",MD,,,VA:5
BLUMBERG CAPITAL,5,confirmed,580 California St,CA,,,NY:3; FL:2
BNA,5,corrected,"2415 17th St NW, Washington, DC",DC,1801 S Bell St,VA,NY:5
CANAM ENTERPRISES,5,corrected,"1 Canam Way, Berwick, PA",PA,"48 Wall Street, 24th Floor",NY,CT:4; NY:1
BRAVO,5,confirmed,"30 Hudson Yards, 38th Floor",NY,,,NJ:5
CAULIPOWER,5,confirmed,3851 Rickey Street,CA,,,NY:5
CORE HOME,5,corrected,"100 Matsonford Road, Radnor, PA",PA,42 W 39th St,NY,NY:5
DECRON PROPERTIES,5,unknown,"230 Park Avenue South, Suite 322",NY,,,CA:5
DELL,5,confirmed,One Dell Way,TX,,,IL:2; UT:2; FL:1
BRIDGE 360,5,corrected,"600 California Street, San Francisco, CA",CA,"10801 MoPac Expressway, Bldg. #1, Suite 320",TX,NY:5
CYBERHAVEN,5,corrected,"100 Cambridgepark Dr, Cambridge, MA",MA,345 California Avenue,CA,TX:5
DESERT ORTHOPAEDIC CENTER,5,corrected,"6175 E Southern Ave, Suite 135, Mesa, AZ",AZ,"2800 East Desert Inn Road, Suite 100",NV,NV:5
EASYHEALTH,5,corrected,"251 Little Falls Drive, Wilmington, DE",DE,1180 S. Beverly Dr. Ste 700,CA,CA:5
EMERALD//ARS,5,confirmed,3636 N Central Ave,AZ,,,FL:5
EPIPHANY DERMATOLOGY,5,corrected,"1701 Pennsylvania Ave NW, Suite 300, Washington, DC",DC,"6601 Vaught Ranch Rd, Ste 200",TX,GA:5
DRL,5,confirmed,"1211 Connecticut Ave NW, Suite 300",DC,,,CA:5
GENESISCARE,5,corrected,"1111 South Arroyo Parkway, Suite 300, Pasadena, CA",CA,"1419 SE 8th Terrace, Suite 200",FL,FL:5
GENESYS,5,confirmed,2001 Junipero Serra Blvd,CA,,,VA:5
F-FACTOR,5,corrected,"3301 Eucalyptus Avenue, Suite 200, Chandler, AZ",AZ,"115 E 57th Street, Suite 1007",NY,NY:5
GLOBAL INDUSTRIAL,5,corrected,"25 Northpointe Parkway, Saukville, WI",WI,11 Harbor Park Drive,NY,FL:5
GUIDEPOST STRATEGIES,5,corrected,"75 State Street, Suite 300, Boston, MA",MA,"1401 H Street NW, 5th Floor",DC,VA:5
IMBIBE,5,corrected,"45 W 27th St, 5th Floor, New York, NY",NY,7350 N Croname Rd,IL,IL:5
HELLER INDUSTRIES,5,corrected,"15058 County Highway 3, Strum, WI",WI,4 Vreeland Road,NJ,MI:4; NY:1
IRON FINANCIAL,5,corrected,"2600 First Ave S, Birmingham, AL",AL,"630 Dundee Road, Suite 300",IL,IL:5
GUARDIAN PHARMACY,5,corrected,"330 E 38th St, New York, NY",NY,"300 Galleria Parkway SE, Suite 800",GA,FL:5
KABR GROUP,5,corrected,"200 Clarendon St, Boston, MA",MA,"34 South Dean Street, Suite 200",NJ,NY:5
JBG SMITH,5,confirmed,"4445 Willard Avenue, Suite 700",MD,,,DC:5
INTERSTEEL CORPORATION,5,corrected,"2001 W Frontage Rd, Hastings, MN",MN,"1100 NW Loop 410, Ste 601",TX,TX:5
JOHN HENRY HOMES,5,corrected,"5115 San Felipe St, Suite 400, Houston, TX",TX,11025 Reed Hartman Highway,OH,OH:5
L3 HOSPITALITY GROUP,5,corrected,"10 East 40th Street, New York, NY",NY,100 W Kinzie St Ste 275,IL,IL:5
MARINER WEALTH ADVISORS,5,corrected,"150 N Radnor-Chester Rd, Suite F140, Radnor, PA",PA,"5700 W 112th St, Suite 200",KS,NY:5
LOMAX CARPET AND TILE MART,5,corrected,"3434 S Texas Ave, Bryan, TX",TX,230 North DuPont Highway,DE,PA:5
MEDICAL FACILITIES OF AMERICA,5,corrected,"16 West Main Street, Cleveland, TN",TN,2917 Penn Forest Blvd SW,VA,NJ:5
MONARCH CASINO AND RESORT,5,corrected,"100 Ranchero Dr, Black Hawk, CO",CO,3800 S Virginia St,NV,NV:5
MOZILLA,5,confirmed,331 E Evelyn Ave,CA,,,NY:5
MOISHE HOUSE,5,corrected,"110 E 25th St, 4th Floor, New York, NY",NY,"441 Saxony Road, Barn 2",CA,NC:3; FL:2
NORTHWESTERN MUTUAL,5,confirmed,720 East Wisconsin Avenue,WI,,,CA:2; MA:1; OH:1
MXGUIREWOODS,5,corrected,"501 Fayetteville Street, Suite 500, Raleigh, NC",NC,"Gateway Plaza, 800 East Canal Street",VA,IL:5
MPI,5,corrected,"30 Rockefeller Plaza, New York, NY",NY,"14131 Midway Road, Suite 800",TX,IL:5
MSL,5,corrected,"One E. Wacker Drive, Suite 3000, Chicago, IL",IL,375 Hudson Street,NY,FL:5
PALO ALTO NETWORKS,5,confirmed,"3000 Tannery Way, Santa Clara",CA,,,PA:5
NORWOOD PUBLIC SCHOOL,5,confirmed,20 Medford St,MA,,,NJ:5
PARAGON BIOSCIENCES,5,corrected,"1600 Technology Drive, Suite 100, San Jose, CA",CA,"330 N Wabash Avenue, Suite 3500",IL,FL:5
PASCHAL ROTH PUBLIC AFFAIRS,5,corrected,"1001 G St NW, Suite 1000, Washington, DC",DC,"2710 X Street, 2nd Floor",CA,CA:5
PLATINUM DERMATOLOGY,5,corrected,"2100 S Ocean Blvd, Suite 106, Boca Raton, FL",FL,"9900 N. Central Expressway, Suite 500",TX,CA:3; NC:2
PLATINUM EQUITY,5,confirmed,"360 N. Crescent Drive, Suite 200",CA,,,CT:5
RUTTENBERG IP LAW,5,corrected,"250 West 57th Street, 21st Floor, New York, NY",NY,"1801 Century Park East, Suite 1920",CA,CA:5
RELIABLE BACKGROUND SCREENING,5,corrected,"13647 Ingenuity Dr, Suite 200, Orlando, FL",FL,PO Box 12743,AZ,AZ:5
RAYTHEON TECHNOLOGIES,5,corrected,"870 Winter Street, Waltham, MA",MA,1000 Wilson Blvd,VA,CA:5
KRAMER BEVERAGE,5,corrected,"1401 Walnut St, Philadelphia, PA",PA,161 S 2nd Rd,NJ,FL:5
SIMONCRE,5,corrected,"225 West Washington Street, Indianapolis, IN",IN,6900 E 2nd Street,AZ,AZ:5
PRICE CONSTRUCTION,5,corrected,"800 W 6th St Suite 1000, Los Angeles, CA",CA,495 Route 304,NY,NY:5
SAFE HARBOR MARINAS,5,corrected,"2929 E Commercial Blvd, Suite 300, Fort Lauderdale, FL",FL,"14785 Preston Road, Suite 975",TX,TX:5
SAGE CHEMICAL,5,corrected,"2415 W 16th St, Tulsa, OK",OK,"2 University Plaza, Suite 204",NJ,NJ:5
SUCCESSFUEL,5,corrected,"150 E Olive Ave, Suite 200, Burbank, CA",CA,"660 American Ave, Suite 203",PA,PA:5
ST. GEORGE'S EPISCOPAL SCHOOL,5,corrected,"4101 Thomasville Road, Tallahassee, FL",FL,923 Napoleon Avenue,LA,LA:5
SOFTBANK CAPITAL NY,5,confirmed,"590 Madison Avenue, 34th Floor",NY,,,FL:5
THALES GROUP,5,corrected,"345 Park Avenue, New York, NY",NY,"2733 South Crystal Drive, Suite 1200",VA,CA:5
THE SHOPPING CENTER GROUP,5,corrected,"18 W 33rd St, 2nd Fl, New York, NY",NY,"300 Galleria Parkway, 12th Floor",GA,GA:5
SUNVERA GROUP,5,corrected,"1011 W North Avenue, Suite 200, Chicago, IL",IL,"30150 Telegraph Rd, Ste 271",MI,MI:5
THE RON KAUFMAN COMPANIES,5,corrected,"PO Box 914098, Longwood, FL",FL,1 Lombard St Ste 201,CA,CA:5
STATE STREET CAPITAL PARTNERS,5,corrected,"900 Third Avenue, 30th Floor, New York, NY",NY,"2 North Riverside Plaza, Suite 1400",IL,IL:5
TOWNSQUARE MEDIA,5,corrected,"25 Mall Road, Secaucus, NJ",NJ,"One Manhattanville Road, Suite 202",NY,FL:3; NY:2
TRANSOCEAN,5,corrected,"4 Greenwich Plaza, Greenwich, CT",CT,1414 Enclave Parkway,TX,TX:5
USAF RESERVE,5,confirmed,155 2nd Street West,GA,,,NY:5
UNION CAPITAL ASSOCIATES,5,corrected,"1 Bishop Allen Drive, Cambridge, MA",MA,"124 Mason St, Ste. 102",CT,CT:5
USAF,5,confirmed,1670 Air Force Pentagon,DC,,,NY:5
UHG,5,confirmed,UnitedHealth Group Center,MN,,,MD:5
WALLICK COMMUNITIES,5,confirmed,"3801 Richmond Road, Suite 200",OH,,,VA:3; NY:2
VANTAGE CAPITAL PARTNERS,5,corrected,"3200 Highland Ave S, Suite 500, Birmingham, AL",AL,269 South Beverly Drive #1018,CA,CA:4; NY:1
GRUND & LEAVITT,5,corrected,"800 Westchester Avenue, Suite N-120, Rye Brook, NY",NY,812 North Dearborn Street,IL,IL:5
ATLAS PUMP REPAIR CORP,5,corrected,"2650 S Queen St, Arlington, VA",VA,743 W Merrick Road,NY,NY:5
ARGENT MANAGEMENT LLC,5,corrected,"1 Marina Park Dr, Quincy, MA",MA,980 American Pacific Dr Suite 111,NV,NV:5
"HILL & MARKES, LLC",5,corrected,"3071 North Lima Street, Burbank, CA",CA,1997 State Highway 5S,NY,NY:5
LOEB & LOEB LLP,5,confirmed,"10100 Santa Monica Boulevard, 22nd Floor",CA,,,NY:3; NJ:2
"LANDMARK COMPANIES, LLC",5,corrected,"1000 Riverplace Blvd, Suite 100, Jacksonville, FL",FL,1200 Sunnyview Oval,NJ,NJ:5
QUALITY METALS INC,5,corrected,"535 N 10th St, Allentown, PA",PA,2575 Doswell Ave,MN,MN:5
QUINN EMANUEL URQUHART & SULLIVAN LLP,5,confirmed,"50 California Street, 22nd Floor",CA,,,IL:5
MARC ADAM & COMPANY,5,unknown,"116 E 27th St, 8th Floor",NY,,,CA:5
RUSHING MCCARL LLP,5,corrected,"1201 Elm St, Suite 4800, Dallas, TX",TX,2219 Main St. No. 144,CA,CA:5
PREMIER DENTAL PRODUCTS COMPANY,5,corrected,"1665 Route 10 West, Lakewood, NJ",NJ,1710 Romano Drive,PA,PA:5
INDIGO CAPITAL LLC,5,corrected,"1111 Lincoln Rd, Miami Beach, FL",FL,"950 Third Avenue, 28th Floor",NY,NY:5
"LANDAU LAW, PLLC",5,corrected,"360 Lexington Avenue, 16th Floor, New York, NY",NY,"3010 N. Military Trail, Suite 318",FL,FL:5
CONGREGATION ADAT ARI EL,5,corrected,"4566 Harriman Rd, Denville, NJ",NJ,12020 Burbank Blvd,CA,CA:5
VENABLE LLP,5,confirmed,600 Massachusetts Ave NW,DC,,,FL:3; MD:2
AKIN,5,corrected,"1700 Pacific Avenue, Dallas, TX",TX,"2001 K Street, N.W.",DC,NY:4; VA:1
THE GERGEL GROUP,5,corrected,"100 N. 18th St, Suite 2500, Philadelphia, PA",PA,"3300 NE 191st St, Suite 1017",FL,FL:5
S L NUSBAUM REALTY,5,corrected,"1130 Connecticut Ave NW Suite 300, Washington, DC",DC,440 Monticello Avenue Suite 1700,VA,VA:5
PROSKAUER ROSE LLP,5,corrected,"One International Place, 22nd Floor, Boston, MA",MA,"Eleven Times Square, 640 8th Avenue",NY,NY:5
"BLADYKAS ENGINEERING, P.C",5,corrected,"65 Parsonage Road, Dayton, NJ",NJ,"50 Jackson Avenue, Suite 300",NY,NY:5
JPMC,5,confirmed,383 Madison Avenue,NY,,,IL:5
INFORMA,5,confirmed,225 Liberty Street,NY,,,NJ:5
"SCHOCHOR, STATON, GOLDBERG AND CARDEA, P.A",5,corrected,"110 SE 6th St Suite 1700, Fort Lauderdale, FL",FL,1211 St Paul Street,MD,MD:5
"MEDICALLY HOME GROUP, INC",5,corrected,"10 S 5th St, Suite 200, Minneapolis, MN",MN,133 Brookline Ave,MA,PA:5
01 ADVISORS,4,confirmed,"1 Letterman Dr, Building C",CA,,,CO:4
ABECAP,4,corrected,"1201 Pacific Ave, Tacoma, WA",WA,319 West Simpson Street Suite 109,AZ,AZ:4
ALLENCOMM,4,corrected,"2840 N. Church Street, Suite 300, Burlington, NC",NC,55 West 900 South,UT,UT:4
ACRISURE,4,corrected,"2955 Campus Drive, Suite 100, Blue Bell, PA",PA,100 Ottawa Ave SW,MI,NY:3; FL:1
ALZHEIMER'S ASSOCIATION,4,confirmed,"225 N. Michigan Ave., Fl. 17",IL,,,FL:4
ALPA,4,corrected,"1625 Massachusetts Ave NW, Washington, DC",DC,"7950 Jones Branch Drive, Suite 400S",VA,MD:4
ANCHORAGE CAPITAL ADVISORS,4,confirmed,"601 Lexington Ave, 44th Floor",NY,,,NJ:4
AMERICAN JEWISH MEDICAL ASSOCIATION,4,corrected,"1425 K Street NW, Suite 600, Washington, DC",DC,2108 N St Ste N,CA,CT:4
ALIGN REAL ESTATE,4,corrected,"500 W 2nd St #2900, Austin, TX",TX,"123 Mission Street, 7th Floor",CA,CA:4
AOPA,4,confirmed,421 Aviation Way,MD,,,FL:4
ANDURIL INDUSTRIES,4,confirmed,1560 Sherman Ave,CA,,,DC:4
BANYAN RESIDENTIAL,4,corrected,"250 West 57th Street, Suite 1101, New York, NY",NY,"228 Main Street, Suite 10",CA,CA:4
APPLYCHECK,4,corrected,"5550 Painted Mirage Road, Suite 320, Las Vegas, NV",NV,"57 West Timonium Road, Suite 105A",MD,MD:4
BAYER,4,confirmed,100 Bayer Blvd,NJ,,,MO:4
BILTMORE FAMILY OFFICE,4,corrected,"1 EAST WASHINGTON ST, PHOENIX, AZ",AZ,500 East Boulevard,NC,NC:4
BOYNE CAPITAL,4,corrected,"125 West Front Street, Suite 100, Traverse City, MI",MI,"3350 Virginia Street, Suite 400",FL,FL:4
ART OF LIVING FOUNDATION,4,corrected,"2110 Palomar Airport Rd #400, Carlsbad, CA",CA,2401 15th St NW,DC,FL:4
BRISTOL ASSOCIATES,4,corrected,"100 S Charles St, Baltimore, MD",MD,20 Morris Ln,NY,NY:4
BRIGADE CAPITAL MANAGEMENT,4,confirmed,"437 Madison Ave, 19th Floor",NY,,,NJ:4
CENTENE,4,confirmed,7700 Forsyth Boulevard,MO,,,CA:4
CABALETTA BIO,4,corrected,"425 Summer Street, Suite 201, Boston, MA",MA,"2929 Arch Street, Suite 600",PA,PA:4
CICCIO AND DEMAREST,4,corrected,"104 Old Short Hills Road, West Orange, NJ",NJ,"1 Pondfield Road, Suite 304",NY,NY:4
CIENA,4,corrected,"250 Campus Drive, Middletown, NJ",NJ,7035 Ridge Road,MD,CA:4
CLARITY PARTNERS,4,corrected,"One Post Office Square, 30th Floor, Boston, MA",MA,"11601 Wilshire Blvd, Suite 1600",CA,CA:4
CONCORD COMPANIES,4,corrected,"2 Granite Place, Concord, NH",NH,"449 S Beverly Drive, 1st Floor",CA,CA:4
CLEARY GOTTLIEB,4,corrected,"2112 Pennsylvania Avenue NW, Suite 400, Washington, DC",DC,"One Liberty Plaza, 165 Broadway",NY,NJ:3; NY:1
CAMELOT BIOCAPITAL,4,unknown,"250 Park Avenue South, 7th Floor",NY,,,FL:4
COVETRUS,4,corrected,"100 Performance Drive, Portsmouth, NH",NH,12 Mountfort St,ME,AZ:4
CHRISTIES REAL ESTATE,4,unknown,20 Rockefeller Plaza,NY,,,NJ:4
DALET,4,corrected,"4109 McEwen Rd, Suite 101, Dallas, TX",TX,"88 Pine Street, 8th Floor",NY,FL:4
CREDIT SUISSE,4,confirmed,11 Madison Avenue,NY,,,CT:3; IL:1
CRUISER CAPITAL ADVISORS,4,corrected,"1200 Brickell Ave, Suite 1950, Miami, FL",FL,"243 Tresser Blvd, 17th Floor",CT,CT:4
DEPT OF VETERANS AFFAIRS,4,confirmed,810 Vermont Ave NW,DC,,,CA:2; PA:1; NY:1
DIXIE MILL SUPPLY COMPANY,4,corrected,"1401 19th St N, Birmingham, AL",AL,901 Tchoupitoulas St,LA,LA:4
EMBE,4,confirmed,300 W 11th St,SD,,,FL:4
DELPHI,4,confirmed,5725 Delphi Drive,MI,,,IN:4
EMINENCE CAPITAL,4,corrected,"47 S. 400 West, Suite 300, Salt Lake City, UT",UT,"399 Park Avenue, 25th Floor",NY,NY:4
DOUBLE RAINBOW,4,confirmed,3059 Masonic Avenue,CA,,,OH:4
ENCOMPASS CAPITAL,4,corrected,"1209 Orange Street, Wilmington, DE",DE,"200 Park Avenue, 11th Floor",NY,NY:4
FULCRUM PROPERTY,4,corrected,"1330 Avenue of the Americas, 28th Floor, New York, NY",NY,"1530 J Street, Suite 200",CA,CA:4
FREEDONIA GROUP,4,corrected,"2 CENTER PLAZA, SUITE 600, CLEVELAND, OH",OH,6116 Executive Blvd #550,MD,FL:4
FORBES,4,confirmed,499 Washington Boulevard,NJ,,,NY:3; MI:1
GEFFEN ENTERPRISES,4,corrected,"2000 Avenue of the Stars, Los Angeles, CA",CA,5 Breckenridge Lane,GA,GA:4
GENEBYGENE,4,corrected,"2440 N. University Drive, Suite 211, Coral Springs, FL",FL,"1445 North Loop West, Suite 820",TX,TX:4
GASTROHEALTH,4,corrected,"411 N Providence Rd, Media, PA",PA,"9500 S. Dadeland Blvd., Suite 200",FL,FL:3; MD:1
EQ OFFICE,4,corrected,"999 Third Avenue, Suite 3800, Seattle, WA",WA,"233 S Wacker Dr, Suite 4700",IL,NY:4
FURSQUARE,4,confirmed,"40 Worth Street, 10th Floor",NY,,,MA:4
GXO,4,corrected,"600 MacArthur Blvd, Building C, Mahwah, NJ",NJ,Two American Lane,CT,NY:4
HOSPITAL FOR SPECIAL SURGERY,4,confirmed,535 East 70th Street,NY,,,NJ:4
HARLAN CAPITAL PARTNERS,4,corrected,"600 Montgomery Street, Suite 2010, San Francisco, CA",CA,"440 Royal Palm Way, Suite 300",FL,FL:4
HMS PARTNERS,4,corrected,"One Post Office Square, Boston, MA",MA,7370 Andorra Place,FL,FL:4
GERCHEN CAPITAL PARTNERS,4,corrected,"One Liberty Square, 8th Floor, Boston, MA",MA,"150 N Riverside Plaza, Suite 4170",IL,IL:3; FL:1
INOAPPS,4,corrected,"95 Hayden Ave, Lexington, MA",MA,"5177 Richmond Avenue, Suite 200",TX,NY:4
IQVIA,4,confirmed,4820 Emperor Boulevard,NC,,,FL:3; NJ:1
HSF KRAMER,4,corrected,"600 Montgomery St, Suite 3000, San Francisco, CA",CA,1177 Avenue of the Americas,NY,NY:4
JINSA,4,confirmed,"Jewish Institute for National Security of America, 1101 14th Street NW, Suite 1400",DC,,,FL:4
KORNMEHL LASER EYE ASSOCIATES,4,corrected,"1001 6th Ave, New York, NY",NY,54 Washington Street,MA,MA:4
KORNHABER DENTAL GROUP,4,corrected,"3750 S Moore Rd, Grove City, OH",OH,30 S Bayles Ave,NY,NY:4
LIV GOLF,4,corrected,"555 West 5th Street, Suite 2800, Los Angeles, CA",CA,"50 Hudson Yards, Suite 65B",NY,NY:4
M B KAHN CONSTRUCTION COMPANY,4,corrected,"1340 Ridgeview Dr, Norton Shores, MI",MI,101 Flintlake Road,SC,SC:4
LOVELL SAFETY,4,confirmed,110 William St,NY,,,FL:4
MATRIX EQUITIES,4,corrected,"100 Crescent Ct, Suite 700, Dallas, TX",TX,"30000 Chagrin Road, Suite 200",OH,OH:4
NAM,4,confirmed,733 10th St NW,DC,,,IL:3; MI:1
JAVELIN,4,unknown,200 Park Avenue,NY,,,CA:4
OPEN INDUSTRIAL,4,corrected,"2200 Penn Ave Unit 21, Pittsburgh, PA",PA,"2 Bethesda Metro Center, Suite 500",MD,CA:4
MWE,4,confirmed,"444 W Lake St, Suite 4000",IL,,,FL:4
PEPOSE VISION INSTITUTE,4,corrected,"200 S. Brea Blvd., Suite 210, Brea, CA",CA,1815 Clarkson Road,MO,MO:4
MARQ MEDICAL,4,unknown,2801 NW 10th Terrace,FL,,,CA:4
OSAWATOMIE SH,4,confirmed,509 5th St,KS,,,MO:4
PANTERA,4,confirmed,"44 Montgomery St, Suite 1210",CA,,,NY:4
PEAPACK PRIVATE,4,confirmed,"1 Meadowlands Plaza, Suite 100",NJ,,,NY:4
PORTAGE POINT PARTNERS,4,corrected,"250 Monroe Avenue NW, Suite 1000, Grand Rapids, MI",MI,"300 N LaSalle Dr, Suite 1420",IL,NY:2; NJ:2
RABIN WORLDWIDE,4,corrected,"38777 Seven Mile Road, Suite 600, Livonia, MI",MI,"21 Locust Avenue, Suite 2A",CA,CA:4
PROFESSIONAL GROUP PLANS,4,corrected,"400 Plaza Drive, Secaucus, NJ",NJ,"225 Wireless Blvd, Suite 200",NY,NY:4
RECHT KORNFELD,4,corrected,"2361 Rosecrans Ave., Ste. 475, El Segundo, CA",CA,"1600 Stout Street, Suite 1400",CO,CO:4
PSG,4,unknown,18 Columbia Turnpike,NJ,,,TX:2; MD:1; FL:1
RHEUMATOLOGY CONSULTANTS,4,corrected,"1500 E Medical Center Dr, Ann Arbor, MI",MI,1351 Main St,MA,MA:4
RENALOGIC,4,corrected,"4600 Marriott Dr, Suite 700, Burlington, MA",MA,"223 W Jackson Blvd, Suite 604",IL,IL:4
RILEY SAFER,4,corrected,"1979 Marcus Avenue, Suite 210, Lake Success, NY",NY,"1 South Dearborn Street, Suite 2200",IL,IL:4
REVEDGE ANALYTICS,4,unknown,201 Mission St,CA,,,GA:4
RIVKIN CENTER FOR OVARIAN CANCER,4,corrected,"50 West 168th Street, Suite 4-48, New York, NY",NY,"1200 12th Ave S, Suite 1110",WA,WA:4
SOUTHEASTERN GROCERS,4,confirmed,380 E Jackson Street,FL,,,NH:4
ROSEWOOD,4,confirmed,2828 N. Harwood St.,TX,,,NJ:2; NY:2
SOUTH OCEAN CAPITAL PARTNERS,4,corrected,"250 West 57th Street, New York, NY",NY,"401 E Las Olas Blvd, Suite 2220",FL,CT:4
SEQUENTIAL BRANDS,4,corrected,"100 Christie, Suite 400, Santa Cruz, CA",CA,"1407 Broadway, 38th Floor",NY,NY:4
STREAM CAPITAL PARTNERS,4,corrected,"100 Lafayette St, Floor 5, New York, NY",NY,"4201 West Irving Park Road, Suite 200",IL,IL:4
TEMPLE BETH SHOLOM,4,unknown,4144 Chase Ave,FL,,,NJ:3; KS:1
TM ASSOCIATES,4,corrected,"400 Atlantic Ave, Boston, MA",MA,1375 Piccard Dr Suite 375,MD,MD:4
THE NANZ COMPANY,4,corrected,"5405 North 128th St, Brookfield, WI",WI,"121 Varick Street, 10th Floor",NY,NY:4
TRUISLENDING,4,confirmed,214 N Tryon St,NC,,,MD:4
TRUXTON TRUST COMPANY,4,corrected,"901 S MoPac Expy, Building 3, Suite 100, Austin, TX",TX,"20 Burton Hills Blvd, Suite 200",TN,TN:4
WEBSTER LOCK CO,4,corrected,"1 Webster Way, Temple,, GA",GA,2471 Webster Avenue,NY,CT:2; NY:2
SPARE,4,corrected,"124 W 30th St, New York, NY",NY,750 N San Vicente Blvd,CA,NJ:4
WEIGHTWATCHERS,4,confirmed,477 5th Ave,NY,,,NJ:4
WEDGEWOOD PHARMACY,4,confirmed,405 Heron Dr,NJ,,,AZ:4
WINDELS MARX,4,confirmed,1201 RXR Plaza,NY,,,CT:4
WAND AI,4,confirmed,2415 Michigan Ave,CA,,,FL:4
WINSHIP WEALTH,4,corrected,"2 Canal Park Drive, Suite 700, Portland, ME",ME,23 Ross Common,CA,CA:4
WOODLINE PARTNERS,4,corrected,"1001 4th Ave, Suite 3200, Seattle, WA",WA,4 Embarcadero Center Suite 3450,CA,NY:4
WITHEY MORRIS BAUGH,4,corrected,"5 Greentree Centre, Suite 200, Marlton, NJ",NJ,2121 E Highland Ave,AZ,AZ:4
WOLFE RESEARCH,4,corrected,"222 North LaSalle Street, Suite 300, Chicago, IL",IL,"757 Third Avenue, 6th Floor",NY,NJ:4
ALLEGAERT BERGER & VOGEL LLP,4,corrected,"1100 County Road B West, Suite 200, Roseville, MN",MN,"111 Broadway, 20th Floor",NY,NY:4
TEMPLE EMANUEL,4,unknown,1 E 65th St,NY,,,TX:2; CA:1; NJ:1
WOODCREST SCHOOLS,4,corrected,"71 West Lancaster Avenue, Radnor, PA",PA,6043 Tampa Ave,CA,CA:4
ADEMCO INC,4,corrected,"1395 University Boulevard West, Salisbury, MD",MD,"2 Corporate Center Drive, Suite 100",NY,FL:4
"CHALKER FLORES, LLP",4,corrected,"555 Montgomery Street, Suite 1206, San Francisco, CA",CA,"14841 North Dallas Parkway, Suite 575",TX,TX:4
ASF WINES LLC,4,corrected,"4600 Lang Ave, Suite 100, Napa, CA",CA,68 Clover Drive,NY,NY:4
ASPHALT ANCHORS CORP,4,corrected,"385 Oakmead Parkway, Suite 20, Sunnyvale, CA",CA,10 Ridge Road,NJ,NJ:4
EISNER LLP,4,confirmed,"2600 Michelson Dr, Suite 1000",CA,,,NY:4
ESSEX TITLE LLC,4,corrected,"75 Columbia Street, Suite 200, Morristown, NJ",NJ,"29777 Telegraph Rd, Suite 1170",MI,MI:4
FLAX & ASSOCIATES,4,corrected,"1500 Broadway, 16th Floor, New York, NY",NY,"3835 NW Boca Raton Blvd, Suite 200",FL,FL:4
FRIEDMAN LLP,4,confirmed,"1633 Broadway, 46th Floor",NY,,,PA:4
DIGITAL GADGETS LLC,4,corrected,"110 Meadowlands Pkwy Suite 100, Secaucus, NJ",NJ,244 East 58th Street,NY,NY:4
GALIUM CAPITAL LLC,4,corrected,"220 W Colfax Ave, Suite 700, Denver, CO",CO,"3323 NE 163rd St, Suite 508",FL,FL:4
JORDAN RAMIS PC,4,corrected,"1201 Third Avenue, Suite 3200, Seattle, WA",WA,"1211 SW 5th Ave, Ste 2700 (PacWest, 27th Floor)",OR,OR:4
GHB CAPITAL LLC,4,corrected,"100 Crescent Court, Suite 700, Dallas, TX",TX,805 Wilmot Rd,NY,NY:4
LABOVICK & LABOVICK,4,corrected,"1000 N. West Street, Suite 1200, Wilmington, DE",DE,"5220 Hood Road, Suite 200",FL,FL:4
LIEBERMAN BLECHER & SINKEVICH,4,corrected,"667 Madison Ave, 6th Floor, New York, NY",NY,"10 Jefferson Plaza, Suite 400",NJ,NJ:4
P&R FASTENERS,4,corrected,"1000 Wabash Ave, Springfield, IL",IL,325 Pierce Street,NJ,NJ:4
LAW OFFICES OF ELLYN BANK DUGOW PC,4,corrected,"2650 Avenue of the Stars, Suite 1750, Los Angeles, CA",CA,2 Park Avenue,NY,FL:4
WILLIAMS & CONNOLLY LLC,4,confirmed,"725 Twelfth Street, N.W.",DC,,,MD:4
FORD MOTOR COMPANY,4,confirmed,1 American Rd,MI,,,GA:4
SKOPOS LABS INC,4,corrected,"255 California Ave, Palo Alto, CA",CA,34 Colonial Dr,NY,NY:4
WYATT TARRANT AND COMBS,4,corrected,"2525 McKinnon Street, Suite 700, Dallas, TX",TX,"400 West Market Street, Suite 2000",KY,KY:4
TOWNSQUARE,4,corrected,"250 Peachtree Street NW, Suite 2200, Atlanta, GA",GA,"One Manhattanville Road, Suite 202",NY,NY:4
MKDA ARCHITECTURE,4,corrected,"2701 Millrace Dr, Cincinnati, OH",OH,"902 Broadway, 17th Floor",NY,FL:4
SAADIA GROUP,4,corrected,"10940 Wilshire Blvd, Los Angeles, CA",CA,275 Madison Ave,NY,NY:4
MERIDIAN,4,unknown,"2750 E Cotton Center Blvd, Suite 112",AZ,,,NY:2; MD:2
IBEX MEDICAL ANALYTICS (ISRAEL),4,confirmed,5 Walnut St,MA,,,OH:4
D&H,4,confirmed,350 Highland Drive,PA,,,FL:4
SOUTHWEST MOUNTAIN STATES COUNCIL OF CARPENTERS,4,corrected,"575 S Randall Rd, Suite 200, St. George, UT",UT,911 20th St,CA,CA:4
BITDEFENDER INC,4,corrected,"114 W 26th St 9th Floor, New York, NY",NY,"6301 NW 5th Way, Suite 4300",FL,CA:4
APG ASSET MANAGEMENT US INC,4,corrected,"600 CALIFORNIA ST 12TH FL, SAN FRANCISCO, CA",CA,"666 Third Avenue, 2nd Floor",NY,NY:4
FORTITUDE RE,4,corrected,"1111 Brickell Avenue, Miami, FL",FL,"10 Exchange Place, Suite 2210",NJ,MA:3; NY:1
HOME EXPRESSIONS INC,4,corrected,"7625 Dean Martin Dr, Las Vegas, NV",NV,195 Raritan Center Parkway,NJ,NJ:4
"HANGLEY ARONCHICK SEGAL PUDLIN & SCHILLER, P.C",4,confirmed,"One Logan Square, 27th Floor",PA,,,FL:4
"MAYERS ELECTRIC CO., INC",4,corrected,"2712 S 32nd St, Tacoma, WA",WA,4004 Erie Court,OH,OH:4
"WOLF, RIFKIN, ET AL",4,corrected,"3556 E Russell Road, Suite 200, Las Vegas, NV",NV,"11400 West Olympic Boulevard, Ninth Floor",CA,CA:4
ICOS INC,4,unknown,10425 Science Center Dr,CA,,,NJ:4
MSBD CAPITAL MANAGEMENT CORP,4,corrected,"470 Park Avenue South, New York, NY",NY,725 Redwood Ln,IL,IL:4
ADT,3,confirmed,"1501 Yamato Road, Suite 100",FL,,,NC:3
ADAMS BEVERAGES,3,corrected,"2755 Wellington Ct, Fairfield, OH",OH,7505 Statesville Road,NC,NC:3
ADVENTIST,3,confirmed,12501 Old Columbia Pike,MD,,,OR:3
ADVOCATE RADIATION,3,corrected,"One Advocate Plaza, Downers Grove, IL",IL,3080 Harbor Blvd,FL,FL:3
ADVECTION GROWTH CAPITAL,3,corrected,"50 North Main Street, Staunton, VA",VA,"320 Park Avenue, Floor 22",NY,CT:3
ALTRIA,3,confirmed,6601 West Broad Street,VA,,,MA:3
ALLEGIANCE STAFFING,3,corrected,"5201 Congress Avenue, Suite 150, Boca Raton, FL",FL,5726 Root Rd,TX,WA:3
AKF PROPERTIES,3,corrected,"100 Broadway, New York, NY",NY,6936 Sunflower Ln,PA,CA:3
AMHERST,3,corrected,"300 Tri-State International, Suite 400, Lincolnshire, IL",IL,"401 Congress Ave, 33rd Floor",TX,NC:3
ANGIOLOGY CORPORATION OF AMERICA,3,corrected,"2700 North 2nd Street, Suite 300, Harrisburg, PA",PA,6986 Clarksville Pike,TN,FL:3
ARCOS COMMUNICATIONS,3,corrected,"401 S Tryon St Suite 3000, Charlotte, NC",NC,341 W 38th St Fl 12,NY,NY:3
ARDELYX,3,corrected,"6601 Owens Dr, Pleasanton, CA",CA,"400 Fifth Avenue, Suite 210",MA,FL:2; MA:1
AUGUSTA PRECIOUS METALS,3,corrected,"1911 S Interstate 35 Frontage Rd, Austin, TX",TX,5830 East 2nd Street,WY,CA:3
AXIA HOME LOANS,3,corrected,"2680 E Main St, Tucson, AZ",AZ,"3009 112th Ave NE, Suite 200",WA,NY:2; WA:1
AXCEL PARTNERS,3,corrected,"1001 N West St, Suite 1200, Wilmington, DE",DE,10955 Nacirema Lane,MD,FL:3
BALFOUR,3,corrected,"1311 Mamaroneck Avenue, Suite 301, White Plains, NY",NY,7211 Circle S Rd,TX,GA:3
"BANK OF NEW YORK MELLON, NA",3,confirmed,240 Greenwich Street,NY,,,PA:3
BELDON ROOFING COMPANY,3,corrected,"14500 E 33rd Ave, Aurora, CO",CO,5039 West Avenue,TX,TX:3
BLACK DIAMOND GOURMET,3,corrected,"1629 Pearl Street, Boulder, CO",CO,1581 McDonald Ave,NY,NY:3
BRIDGE INVESTMENT GROUP,3,corrected,"600 Anton Boulevard, Suite 2000, Costa Mesa, CA",CA,"111 East Sego Lily Drive, Suite 400",UT,NC:3
CAMPUS APARTMENTS,3,corrected,"111 East Worthington Avenue, Columbus, OH",OH,4043 Walnut Street,PA,PA:3
CHABAD,3,confirmed,770 Eastern Pkwy,NY,,,UT:1; TX:1; CA:1
CENTRA HEALTH,3,confirmed,1401 Wicker Drive,VA,,,NC:3
BUCKINGHAM CAPITAL MANAGEMENT,3,corrected,"100 West Monument Street, Suite 300, Baltimore, MD",MD,"485 Lexington Avenue, 3rd Floor",NY,NY:3
CES,3,corrected,"1100 Pennsylvania Avenue NW, Washington, DC",DC,40 Lindeman Drive,CT,CT:3
CHEQ.AI,3,corrected,"1001 Broadway, Oakland, CA",CA,"22 W 19th St, 9th Fl",NY,NY:3
CHANNEL FACTORY,3,corrected,"1 E 29th St, 8th Floor, New York, NY",NY,17700 Castleton Street Suite 406,CA,FL:3
CHICOS FAS,3,corrected,"2525 East Camelback Road, Suite 1100, Phoenix, AZ",AZ,11215 Metro Parkway,FL,CA:3
CANYONMD,3,corrected,"6410 S Fiddlers Green Cir, Suite 400, Greenwood Village, CO",CO,347 5th Ave,NY,CA:3
COOPER UNIVERSITY HOSPITAL,3,confirmed,1 Cooper Plaza,NJ,,,PA:3
CORTEC GROUP,3,corrected,"7580 Commercial Way, Brooklyn Park, MN",MN,"140 East 45th Street, 43rd Floor",NY,NY:3
COURTALERT,3,corrected,"1500 Sunday Dr, Suite 102B, Raleigh, NC",NC,"141 West 36th Street, 20N",NY,NY:3
CLEARLYDERM,3,corrected,"2 Bridge Ave, Red Bank, NJ",NJ,"33 East 33rd Street, 12th Floor",NY,FL:3
COMMON STRATEGIC CAPITAL,3,unknown,"555 West 5th Street, 35th Floor",CA,,,NY:3
CSC PROPERTIES,3,corrected,"251 Little Falls Drive, Wilmington, DE",DE,"5795 Ulmerton Road, Suite 200",FL,FL:2; VA:1
CORO GROUP,3,unknown,250 Park Avenue South,NY,,,TX:3
DICKINSON WRIGHT,3,confirmed,"500 Woodward Ave, Suite 4000",MI,,,FL:3
DICKS SPORTING GOODS,3,confirmed,345 Court Street,PA,,,NY:3
DOLLARTREE,3,confirmed,500 Volvo Parkway,VA,,,SD:3
CUMMING GROUP,3,corrected,"3 Lagoon Drive, Suite 201, Beverly, MA",MA,"151 West 42nd Street, 12th Floor",NY,CA:3
DATAIKU,3,corrected,"350 Rhode Island St, Suite 400, San Francisco, CA",CA,"902 Broadway, 8th Floor",NY,NY:3
DUANE MORRIS,3,confirmed,30 S 17th Street,PA,,,FL:2; IL:1
EMERGENT MEDICAL ASSOCIATES,3,corrected,"3030 Westchester Ave Suite 205, Purchase, NY",NY,"898 N. Pacific Coast Highway, Suite 600",CA,CA:3
EDELSTEIN PUBLIC AFFAIRS,3,corrected,"45 Rockefeller Plaza, 20th Floor, New York, NY",NY,6417 Thornhill Dr,CA,CA:3
ENFINITY GLOBAL,3,corrected,"16435 Addison Road, Suite 200, Addison, TX",TX,"501 Brickell Key Drive, Suite 302",FL,CT:3
ECHO RIVER CAPITAL,3,corrected,"One Pennsylvania Plaza, 36th Floor, New York, NY",NY,1550 Tiburon Blvd Ste G #313,CA,CA:3
ESJ CAPITAL PARTNERS,3,corrected,"600 Lexington Avenue, 30th Floor, New York, NY",NY,"19950 West Country Club Drive, Suite 800",FL,FL:3
FAIRFIELD PROPERTIES,3,corrected,"13045 Morris Rd, Suite 120, Alpharetta, GA",GA,"538 Broadhollow Road, Third Floor East",NY,NY:3
ENVISION HEALTHCARE,3,unknown,"601 13th Street NW, Suite 300N",DC,,,FL:3
FAIRLEAD,3,corrected,"500 Airport Blvd, Suite 200, Burlingame, CA",CA,650 Chautauqua Avenue,VA,VA:3
EYE PHYSICIANS AND SURGEONS,3,corrected,"1801 N Florida Ave, Tampa, FL",FL,1207 N Scott St,DE,DE:3
EYE PHYSICIANS OF OC,3,corrected,"3301 Hyland Ave, Costa Mesa, CA",CA,"1 Hatfield Lane, Ste 3",NY,NY:3
FEDERAL EQUIPMENT CO,3,corrected,"3250 NE 5th St, Des Moines, IA",IA,8200 Bessemer Ave,OH,OH:3
GAINSIGHT,3,confirmed,"5 3rd Street, 2nd Floor",CA,,,IN:3
FRIEDMAN REAL ESTATE,3,corrected,"399 Park Ave, 29th Floor, New York, NY",NY,34975 West Twelve Mile Rd,MI,MI:3
FORD,3,confirmed,"World Headquarters, 1 American Rd",MI,,,WA:3
GALLO VITUCCI KLAR,3,corrected,"100 Willowbrook Boulevard, Suite 100, Wayne, NJ",NJ,"711 Third Avenue, Suite 500",NY,NY:3
GUARDIAN DENTISTRY PARTNERS,3,corrected,"2600 Skymark Avenue, Suite 100, Hawthorne, CA",CA,"5803 NW 151st Street, Suite 201",FL,FL:2; MI:1
GUMENICK PROPERTIES,3,corrected,"225 W. Washington Street, Suite 1600, Chicago, IL",IL,"4901 Libbie Mill East Boulevard, Suite 200",VA,FL:2; VA:1
HIGHLAND BAKING COMPANY,3,corrected,"4300 Winona Avenue, Los Angeles, CA",CA,2301 Shermer Rd,IL,IL:3
HEIGHTS ADVISORS,3,corrected,"271 Waverley Oaks Rd, Suite 200, Waltham, MA",MA,"140 Remsen Street, 2nd Fl",NY,PA:3
GS HOLDINGS,3,unknown,200 West Street,NY,,,CA:3
HALO BRANDED SOLUTIONS,3,confirmed,"1001 Warrenville Road, Suite 100",IL,,,NY:3
HILLSPIRE,3,corrected,"4000 Pheasant Ridge Dr, Dublin, OH",OH,1010 Alma St,CA,CA:3
INTERDESIGN,3,corrected,"800 West Fullerton Avenue, Suite 200, Chicago, IL",IL,30725 Solon Industrial Parkway,OH,OH:3
IKO INDUSTRIES,3,corrected,"2000 Riveredge Parkway, Atlanta, GA",GA,6 Denny Rd Ste 200,DE,WA:3
IC CONSTRUCTION,3,corrected,"2655 First Street, Suite 200, Snohomish, WA",WA,488 Cumberland St,NJ,NJ:3
INTERMOUNTAIN CHILDREN'S HOME,3,corrected,"PO Box 1726, Ogden, UT",UT,3240 Dredge Drive,MT,MT:3
INTERNATIONAL INTIMATES,3,corrected,"400 West Civic Center Drive, Muncie, IN",IN,31 W 34th St 9th Floor,NY,NJ:3
INFOSEC LABS,3,unknown,525 Washington Blvd,NJ,,,TX:3
INTRALINKS,3,corrected,"3000 El Camino Real, Bldg 5, Palo Alto, CA",CA,"10 CityPoint, 500 Totten Pond Road, 2nd Floor",MA,MA:3
JACKOWAY AUSTEN,3,corrected,"6166 Warren Parkway, Suite 200, Frisco, TX",TX,"1925 Century Park East, 22nd Floor",CA,CA:3
KAJEET,3,confirmed,"1791 Preuss Rd, Suite 650",VA,,,PA:3
KCM,3,confirmed,"525 West Monroe Street, 19th Floor",IL,,,TX:3
"KANE AND KOLTUN, ATTORNEYS AT LAW",3,corrected,"121 S. Broad Street, Suite 400, Philadelphia, PA",PA,"150 Spartan Drive, Suite 100",FL,FL:3
JAMAICA HOSPITAL MEDICAL CENTER,3,confirmed,89-01 Parsons Boulevard,NY,,,NJ:3
LANE ENTERPRISES,3,corrected,"845 Commerce Dr, Chattanooga, TN",TN,"275 Grandview Ave, Suite 300",PA,FL:3
KOTEL PARTNERS,3,corrected,"55 West 46th Street, 17th Floor, New York, NY",NY,"4849 Rugby Ave, 1st Floor",MD,FL:3
IRONGATE,3,unknown,"4211 Wilshire Boulevard, Suite 600",CA,,,TX:3
LANX PARTNERS,3,confirmed,"104 West 40th Street, Floor 19",NY,,,MD:3
LAZ PARKING,3,corrected,"10 North Dearborn Street, Suite 1800, Chicago, IL",IL,"755 Main Street, 14th Floor",CT,CT:3
KLEINPARTNERS,3,corrected,"315 West 36th Street, New York, NY",NY,400 Continental Blvd Ste 600,CA,CA:3
LIVEGAGE,3,corrected,"701 Brazos Street, Austin, TX",TX,"101 Crawfords Corner Rd., Ste. 4116",NJ,NJ:3
LIGHTHOUSE DENTAL CARE,3,corrected,"2801 E Commercial Blvd, Fort Lauderdale, FL",FL,88 Ryders Ln,CT,CT:3
LEVATA,3,corrected,"2000 West Loop South, Suite 1200, Houston, TX",TX,"200 W Monroe St, 23rd Floor",IL,IL:3
LINKER EQUIPMENT,3,corrected,"1600 Oakmont Ct, Wheeling, IL",IL,5 Evans Terminal Rd,NJ,NJ:3
LW HOSPITALITY ADVISORS,3,corrected,"1601 4th Ave, Suite 500, Seattle, WA",WA,"200 West 41st Street, Suite 602",NY,NY:2; NJ:1
MAGIC COTTAGE PRESCHOOL,3,corrected,"1500 Main Street, Waltham, MA",MA,1427 11th Ave,CA,CA:3
MARKETRESEARCH.COM,3,corrected,"3000 Ocean Park Blvd, Suite 1200, Santa Monica, CA",CA,"6116 Executive Blvd, Suite 550",MD,MD:3
LMR ADVISORS,3,corrected,"930 15th Street NW, Suite 600, Washington, DC",DC,1841 W Mercer Way,WA,WA:3
MENDELSON LAW FIRM,3,corrected,"40 Worth St Suite 1100, New York, NY",NY,799 Estate Place,TN,TN:3
MAGELLAN MIDSTREAM PARTNERS,3,corrected,"1001 Louisiana St, Suite 1000, Houston, TX",TX,"One Williams Center, 101 E 2nd Street",OK,OK:3
MCO,3,unknown,3400 South West 145th Avenue,FL,,,PA:2; NJ:1
MERCHSOURCE,3,corrected,"5201 Congress Ave, Suite 1010, Boca Raton, FL",FL,7755 Irvine Center Drive Suite 100,CA,CA:3
MASCOT RECORDS,3,corrected,"3333 E Camelback Rd Suite 600, Phoenix, AZ",AZ,118 E 28th St Suite 701,NY,NY:3
MOMENTUM UNLIMITED,3,corrected,"122 E 42nd St, 18th Floor, New York, NY",NY,"6101 Executive Blvd, Suite 385",MD,MD:3
MILLENNIUM CAPITAL MANAGEMENT,3,corrected,"200 Clarendon Street, 51st Floor, Boston, MA",MA,399 Park Avenue,NY,NY:3
MOTOROLA SOLUTIONS,3,confirmed,500 West Monroe Street,IL,,,NY:3
MILLENNIUM HEALTHCARE,3,corrected,"340 Pine St, San Francisco, CA",CA,"445 Broad Hollow Road, Suite 25",NY,NJ:3
MORGAN LANGUAGE SERVICES,3,corrected,"1321 Shaws Cove Rd, New London, CT",CT,11515 Gauguin Ln,MD,MD:3
MOVADO GROUP,3,corrected,"6505 Paseo Del Norte, Carlsbad, CA",CA,"650 From Road, Ste. 375",NJ,NY:3
MINDSPRING ASSOCIATES,3,corrected,"5262 W 109th St, Overland Park, KS",KS,49 Granite Street,NY,NY:3
NATIONAL LUMBER COMPANY,3,corrected,"401 S 2nd St, Nashville, TN",TN,4901 Pulaski Highway,MD,MD:3
NOVA CONSULTING,3,corrected,"60 State Street, Boston, MA",MA,10486 NW 31st Terrace,FL,CA:2; FL:1
NUVEEN,3,confirmed,"333 West Wacker Drive, Suite 2700",IL,,,NY:3
MOUNTAIN CAPITAL PARTNERS,3,corrected,"300 E Main Street, Suite 100, Boise, ID",ID,11726 San Vicente Blvd Suite 414,CA,CA:3
NIGHTHAWK,3,corrected,"1209 Orange St, Wilmington, DE",DE,"6898 N Camino Martin, Ste. 120",AZ,AZ:3
ODELL STUDNER GROUP,3,corrected,"3900 University Dr, Suite 106, Fairfax, VA",VA,"200 North Warner Road, Suite 450",PA,PA:2; FL:1
OHDELA,3,corrected,"15950 Dallas Pkwy, Suite 200, Addison, TX",TX,"1550 Old Henderson Road, Suite W-110",OH,OH:3
ORVA,3,corrected,"1600 West 2200 South, Suite 250, West Valley City, UT",UT,"88 Pine Street, Floor 26, Wall Street Plaza",NY,NY:3
ORTHODOX UNION,3,confirmed,305 Seventh Avenue,NY,,,NJ:3
OTGP,3,corrected,"18 West 33rd Street, Suite 901, New York, NY",NY,"400 Meadowmont Village Circle, Suite 421",NC,NC:3
PAN AM EQUITIES,3,corrected,"555 W 5th St, 51st Floor, Los Angeles, CA",CA,"18 East 50th Street, 3rd Floor",NY,NY:3
PARK HILL,3,corrected,"1551 N Tustin Ave, Ste 400, Santa Ana, CA",CA,"280 Park Avenue, 15th Floor",NY,NY:3
PAYJOY,3,confirmed,"26 South Park, Suite 300",CA,,,AZ:3
PEACHTREE PARTNERS,3,corrected,"3525 Piedmont Rd NE, Building 5, Suite 300, Atlanta, GA",GA,"1819 E Morten Ave, Ste 180",AZ,AZ:3
PARKVIEW CAPITAL PARTNERS,3,corrected,"5335 Wisconsin Ave NW, Suite 440, Washington, DC",DC,160 Pearl Street,NY,FL:3
PHILIPS,3,confirmed,3000 Minuteman Road,MA,,,TX:3
PORTAGE TECHNOLOGIES,3,corrected,"1133 3rd Ave, King of Prussia, PA",PA,"10 East 53rd Street, 18th Floor",NY,NY:3
PROCORE,3,confirmed,"6309 Carpinteria Avenue, Suite 100",CA,,,FL:3
RADIOLOGY PARTNERS,3,corrected,"5100 E Skelly Dr, Suite 290, Tulsa, OK",OK,12554 Riata Vista Circle,TX,FL:1; NY:1; TX:1
PRIMUS CONSULTING,3,corrected,"2 Logue Court, Cranston, RI",RI,8000 Towers Crescent Dr,VA,OH:3
REALTY EXECUTIVES,3,corrected,"15551 W. 109th St., Ste. 100, Olathe, KS",KS,"8324 E Hartford Dr, Ste 100",AZ,AZ:3
PROVATION,3,corrected,"One Harborfront Place, Suite 500, Wilmington, DE",DE,"533 South Third Street, Suite 300",MN,FL:2; IL:1
PRINCE CHEMICAL,3,corrected,"3600 West 76th Street, Richfield, MN",MN,P.O. Box 672077,GA,GA:3
REINGOLD,3,corrected,"1233 20th Street NW, Suite 700, Washington, DC",DC,1321 Duke St.,VA,VA:3
RICH YOUNG COMPANY,3,corrected,"201 West Big Beaver Road, Suite 500, Troy, MI",MI,"5710 Lyndon B. Johnson Fwy, Suite 150",TX,TX:3
RHYTHM MANAGEMENT GROUP,3,corrected,"3000 Old Ranch Pkwy, Seal Beach, CA",CA,"6116 Executive Blvd, Ste 670",MD,TX:3
RIVERSTONE,3,confirmed,"520 Madison Avenue, 39th Floor",NY,,,MI:3
RMC PROPERTY GROUP,3,corrected,"1209 Orange Street, Wilmington, DE",DE,"8902 N Dale Mabry Hwy, Suite 200",FL,FL:3
RETINAL CONSULTANTS OF AMERICA,3,confirmed,"7000 Fannin St, Suite 1400",TX,,,NY:3
RUBBER RING FILMS,3,corrected,"100 Nutmeg Road, Hampton, NH",NH,3100 Donald Douglas Loop North #203-A,CA,CA:3
RUDNER LAW OFFICES,3,corrected,"304 Lighthouse Ave, Pacific Grove, CA",CA,"5001 Spring Valley Road, Suite 225E",TX,TX:3
ROOMS TO GO,3,confirmed,340 Royal Palm Way,FL,,,GA:3
RSS CAPITAL,3,corrected,"200 Clarendon St, Boston, MA",MA,1100 S Northlake Drive,FL,NJ:2; FL:1
SBNY,3,confirmed,565 5th Ave,NY,,,FL:3
SELTZER CAPLAN,3,corrected,"222 2nd Ave S, Suite 400, Nashville, TN",TN,"750 B Street, Suite 2100",CA,CA:3
RUBENSTEIN CAPITAL,3,corrected,"225 W 34th St, 7th Floor, New York, NY",NY,480 3rd Street,CA,CA:2; GA:1
SAUL EWING,3,corrected,"1200 North Broom Street, Wilmington, DE",DE,1735 Market Street Suite 3400,PA,MA:2; IL:1
SG360,3,corrected,"3801 N. Fairfax Drive, Suite 100, Arlington, VA",VA,1351 S. Wheeling Rd,IL,IL:2; NY:1
SCHWEIGER DERMATOLOGY,3,corrected,"30 Moulton Street, Medford, MA",MA,"110 East 55th Street, 14th Floor",NY,NJ:3
SHANNON FABRICS,3,corrected,"1701 N. 33rd St., Richmond, VA",VA,3131 South Alameda Street,CA,CA:3
SERMONIX PHARMACEUTICALS,3,corrected,"1100 Corporate Dr, Suite 100, Eagan, MN",MN,250 East Broad Street Suite 250,OH,OH:3
SIMON WIESENTHAL CENTER,3,confirmed,9760 West Pico Boulevard,CA,,,IL:3
SIX FLAGS ENTERTAINMENT,3,corrected,"1 Six Flags Drive, Arlington, TX",TX,8701 Red Oak Boulevard,NC,NY:3
SIS ARCHITECTS,3,unknown,725 B Street,CA,,,NJ:3
SOCIAL MEDIA VICTIMS LAW CENTER,3,corrected,"P.O. Box 1254, Cedarhurst, NY",NY,600 1st Avenue Suite 102-PMB 2383,WA,WA:3
SOUTHGATE MEDICAL GROUP,3,corrected,"15367 Hedding Street, San Jose, CA",CA,1026 Union Rd,NY,NY:3
SHANNON RUSSO INTERIORS,3,unknown,"45 West 27th St, 6th Fl",NY,,,NJ:3
SJP RESIDENTIAL PROPERTIES,3,corrected,"3000 Toringdon Way, Suite 200, Charlotte, NC",NC,389 Interpace Parkway,NJ,NY:3
STATE FARM,3,confirmed,1 State Farm Plaza,IL,,,CA:3
STAR EQUITIES,3,corrected,"44 Wall Street, 14th Floor, New York, NY",NY,420 N Camden Drive Suite 100,CA,CA:3
SUNSHINE TAPE PRODUCTS,3,corrected,"6010 Village Drive NW, Gig Harbor, WA",WA,300 Ansin Blvd,FL,FL:3
STINSON,3,confirmed,"7700 Forsyth Blvd, Suite 1100",MO,,,TX:3
THE GART COMPANIES,3,corrected,"4500 Dorr St, Toledo, OH",OH,"240 St. Paul Street, Suite 200",CO,CO:3
T7 CAPITAL,3,corrected,"100 S King St, Suite 300, Seattle, WA",WA,"1040 6th Ave, Floor 15",NY,PA:3
THE GUTMAN GROUP,3,corrected,"9701 Wilshire Blvd, Suite 700, Beverly Hills, CA",CA,10 Venetian Way #703,FL,FL:3
THE JAFFE CORPORATION,3,corrected,"10 Aetna Avenue, Providence, RI",RI,300 North Nova Road,FL,FL:3
THE ROBERTS COMPANIES,3,corrected,"2300 E President George Bush Hwy, Ste 100, Richardson, TX",TX,2886 Colorado Ave,CA,CA:3
TRICERA CAPITAL,3,corrected,"555 California St Ste 4925, San Francisco, CA",CA,600 Brickell Avenue Suite 1623,FL,FL:3
SUN DIAMOND,3,confirmed,"1000 S Fremont Ave, Suite A",CA,,,NY:3
TRINET,3,corrected,"8800 Hixson Pike, Cincinnati, OH",OH,"One Park Place, Suite 600",CA,NY:2; MA:1
TRV,3,confirmed,"One Liberty Plaza, 165 Broadway",NY,,,FL:3
U.S. DEPARTMENT OF AGRICULTURE,3,confirmed,1400 Independence Ave SW,DC,,,IL:3
UNIVERSITY OF CHARLESTON,3,confirmed,2300 MacCorkle Ave SE,WV,,,SC:3
US ENVIRONMENTAL PROTECTION AGENCY,3,confirmed,1200 Pennsylvania Avenue NW,DC,,,MD:3
USG,3,confirmed,550 West Adams Street,IL,,,DC:2; GA:1
ZETA GLOBAL,3,confirmed,"7 W 34th St, 4th Floor",NY,,,CT:3
US HEALTH PARTNERS,3,corrected,"US Health Partners, Inc., St. Paul, MN",MN,"2000 Tower Oaks Blvd, Suite 480",MD,DE:2; MD:1
YARGER WEALTH STRATEGIES,3,corrected,"2361 North Side Drive, Suite 300, San Diego, CA",CA,140 Dorchester Square Ste B,OH,OH:3
ZIMMER MEDICAL GROUP,3,corrected,"1 Parkway North, Suite 300, Deerfield, IL",IL,509 Jackson St N,FL,FL:3
BLB&G LLP,3,confirmed,222 Jarvis St,NY,,,NJ:3
"BEVERAGE DISTRIBUTORS COMPANY, LLC",3,corrected,"2601 W CYPRESS CREEK RD, FORT LAUDERDALE, FL",FL,14200 E Moncrieff Place,CO,CO:3
"BOREN, OSHER & LUFTMAN, LLP",3,corrected,"1200 17th Street NW, Suite 600, Washington, DC",DC,"222 N Pacific Coast Hwy, Suite 2222",CA,CA:3
"BARGAIN CAR, TRUCK & VAN RENTALS, INC",3,corrected,"2313 NW 82nd Ave, Miami, FL",FL,18 S Sproul Rd,PA,PA:3
"BUSINESS MACHINES CONSULTANTS, INC",3,corrected,"11601 Miracle Hills Dr, Omaha, NE",NE,6735 Odessa Avenue,CA,CA:3
CAMP ROSMARIN INC,3,corrected,"PO Box 358, Friendship, ME",ME,12 School Rd,NY,NY:3
VAST,3,corrected,"1900 L Street NW, Suite 800, Washington, DC",DC,240 W 37th Street,NY,NJ:3
DEMOCRACY ENGINE LLC,3,corrected,"1209 3rd Avenue South, Nashville, TN",TN,2125 14th St NW #101W,DC,DC:3
FELD ENTERTAINMENT INC,3,confirmed,P.O. Box 1000 (Feld Entertainment HQ / administrative offices),FL,,,NY:3
FELDESMAN LEIFER LLP,3,confirmed,"1129 20th Street NW, Suite 900",DC,,,MD:3
"ERL FOOD SERVICES, INC",3,corrected,"2400 North 44th Street, Phoenix, AZ",AZ,2839 Smith Avenue,MD,MD:3
DENALI BRANDS INC,3,corrected,"55 W 39th St, Suite 1105, New York, NY",NY,4 Andover Country Club Lane,MA,MA:3
"FLOWERS PROPERTIES, LLC",3,corrected,"1100 Abernathy Rd NE Suite 150, Atlanta, GA",GA,864 Goodman Rd E,MS,MS:3
FUNDAMENTAL ADVISORS LP,3,corrected,"160 West Santa Clara Street, Suite 975, San Jose, CA",CA,"745 Fifth Avenue, 25th Floor",NY,NY:3
HAITH & CO,3,corrected,"20 W 20th St, New York, NY",NY,11415 W 87th Terrace,KS,KS:3
"DPIS ENGINEERING, LLC",3,corrected,"1717 Arch Street, Philadelphia, PA",PA,"19450 State Hwy 249, Ste 300",TX,TX:3
CARDINAL EQUITIES LLC,3,corrected,"1501 M St NW, Washington, DC",DC,"8665 Wilshire Blvd, Suite 410",CA,CA:3
"GROUP 1001 RESOURCES, LLC",3,corrected,"225 Liberty Street, 10th Floor, New York, NY",NY,10555 Group 1001 Way,IN,IL:3
INVEMED ASSOCIATES LLC,3,corrected,"2211 N Elston Ave, Chicago, IL",IL,"375 Park Avenue, Suite 2205",NY,NY:3
HEIDEMAN NUDELMAN & KALIK PC,3,confirmed,"1140 19th St NW, Suite 500",DC,,,MD:3
"INNOVATIONS IN EDUCATION, LLC",3,corrected,"1000 N West St, Wilmington, DE",DE,10400 Hardwood Ct,MD,MD:3
LEVY AFFILIATED HOLDINGS LLC,3,corrected,"6250 N River Rd, Suite 600, Rosemont, IL",IL,"201 Wilshire Boulevard, Second Floor",CA,CA:3
KWALU LLC,3,corrected,"1819 Eastchester Drive, High Point, NC",NC,6160 Peachtree Dunwoody Rd Building C,GA,GA:3
MARS SCIENCE & DIAGNOSTICS,3,corrected,"800 North Lindbergh Blvd., St. Louis, MO",MO,6885 Elm Street,VA,CA:3
MERCURY PUBLIC AFFAIRS LLC,3,corrected,"1201 Connecticut Ave NW, Suite 500, Washington, DC",DC,"200 Varick Street, Suite 600",NY,NY:3
OKUN ORTHODONTICS PC,3,corrected,"150 RIVER ROAD, TENAFLY, NJ",NJ,"14 Rye Ridge Plaza, Suite 243",NY,NY:3
LET THERE BE WATER LLC,3,corrected,"103 Lovell Pl, Enfield, CT",CT,"300 Central Park West, Apt 7A",NY,NY:3
"PESSAH LAW GROUP, PC",3,corrected,"600 Town Center Drive, Suite 1200, Dearborn, MI",MI,"9100 Wilshire Blvd, Ste 850E",CA,CA:3
NACHT & ROUMEL PC,3,corrected,"333 West Wacker Drive, Chicago, IL",IL,"501 Avis Dr, Suite 3",MI,MI:3
ORLO MANAGEMENT LLC,3,corrected,"100 Broadway, 10th Floor, New York, NY",NY,711 Gorman Ave,MD,MD:3
REMICA PROPERTY GROUP CORP,3,corrected,"1500 Walnut Street, Suite 600, Philadelphia, PA",PA,229 East 85th St #1010,NY,NY:3
SEIDBERG LAW OFFICES PC,3,corrected,"100 MIDLANTIC DRIVE, SUITE 300, MOUNT LAUREL, NJ",NJ,2412 E Campbell Ave,AZ,AZ:3
RFE MANAGEMENT CORP,3,corrected,"175 Park Ave, Florham Park, NJ",NJ,10 Wright Street,CT,CT:3
"PROLIFIC ELECTRONICS, LLC",3,corrected,"1317 Wabash Ave, Huntsville, AL",AL,2297 Worthing Lane,CA,CA:3
SHAPERO & SHAPERO,3,corrected,"80 Broad St, 28th Fl, New York, NY",NY,"5950 Canoga Ave, Suite 235",CA,CA:3
RUBIN & ROTHMAN,3,corrected,"111 W Jackson Blvd, Suite 1700, Chicago, IL",IL,1787 Veterans Memorial Highway,NY,NY:3
"SOLINSKY EYECARE, LLC",3,corrected,"1195 N State Rd 7, Margate, FL",FL,433 South Main St,CT,CT:3
SUMMIT DESIGN BUILD,3,corrected,"57 North Main Street, Milford, CT",CT,"1036 W Fulton Market, Suite 500",IL,IL:3
"TECTA AMERICA ZERO CO., LLC",3,corrected,"126 West 22nd Street, New York, NY",NY,6225 Wiehe Rd,OH,OH:3
WEST AND FEINBERG PC,3,corrected,"1880 Century Park E, Suite 925, Los Angeles, CA",CA,"4550 Montgomery Ave, Suite 775N",MD,MD:3
TOLPIN AND PARTNERS PC,3,corrected,"150 E 58th St, New York, NY",NY,"30 N LaSalle St, Suite 2250",IL,IL:3
"THE CHAZIN GROUP, INC",3,corrected,"275 Madison Ave Suite 801, New York, NY",NY,3100 West Lake Street Suite 230,MN,MN:3
WACHTEL MISSRY LLP,3,confirmed,885 Third Avenue,NY,,,NJ:3
WHITE LAKE REAL ESTATE CAPITAL LLC,3,unknown,"1840 Century Park East, Suite 1200",CA,,,CT:3
EVERSHEDS-SUTHELRAND,3,confirmed,"999 Peachtree Street NE, Suite 2300",GA,,,NY:3
SHUMAKER LOOP & KENDRICK,3,corrected,"101 E Kennedy Blvd, Suite 2800, Tampa, FL",FL,1000 Jackson Street,OH,OH:3
VERSA CAPITAL GROUP,3,corrected,"5601 River Rd, Suite 300, Bethesda, MD",MD,"One Logan Square, 130 N. 18th Street, Suite 315",PA,PA:3
KEY MOTORS,3,confirmed,549 US Hwy 1 Byp,NH,,,CA:3
U.S. CABINET DEPOT,3,corrected,"701 N Thompson St, Palatine, IL",IL,2050 Roswell Rd,GA,TX:3
"A&B STORE FIXTURES, INC",3,corrected,"1015 S ELMIRA ST, APPLETON, WI",WI,6202 Swing Court,NC,NC:3
"ARONOV REALTY MANAGEMENT, INC",3,corrected,"31-00 Route 110, Syosset, NY",NY,3500 Eastern Blvd,AL,GA:2; AL:1
GLOBALIZATION PARTNERS,3,corrected,"300 Frank W. Burr Blvd, Suite 600, Teaneck, NJ",NJ,"175 Federal St, 17th Floor",MA,MA:3
"BEST CARE NURSES REGISTRY, INC",3,corrected,"1500 Hempstead Turnpike, East Meadow, NY",NY,208 South 28th Avenue,FL,FL:3
BDO USA P.C,3,confirmed,"330 North Wabash Avenue, Suite 3200",IL,,,GA:2; OH:1
"CORPORATE GOVERNANCE PARTNERS, INC",3,corrected,"1111 Broadway, 12th Floor, Oakland, CA",CA,"303 E Wacker Drive, Suite 1100",IL,IL:3
"DYNAMIC CAPITAL MANAGEMENT, INC",3,corrected,"1201 N Market St #1400, Wilmington, DE",DE,"1007 W 3rd Ave, Suite 203",AK,AK:3
"KITU SYSTEMS, INC",3,corrected,"1440 Broadway, Suite 6040, New York, NY",NY,"12636 High Bluff Drive, Suite 400",CA,CA:3
"HY-VEE, INC",3,confirmed,5820 Westown Pkwy,IA,,,MN:3
"LAW OFFICES OF FRANK B. CAHN, P.A",3,corrected,"One Biscayne Tower, 2 South Biscayne Boulevard, Miami, FL",FL,4153 Patterson Avenue,MD,MD:3
"EQUIPMENTSHARE, INC",3,corrected,"2201 E Plano Pkwy Suite 100, Plano, TX",TX,5710 Bull Run Drive,MO,CA:3
"LEARNING RESOURCES, INC",3,corrected,"1103 Regal Row, Minneapolis, MN",MN,380 N Fairway Dr,IL,IL:3
LIPSON NEILSON P.C,3,corrected,"420 Lexington Avenue, Suite 2750, New York, NY",NY,"3910 Telegraph Road, Suite 200",MI,MI:3
"RICHARDS MANUFACTURING CO SALES, INC",3,corrected,"431 S Buchanan St, Muncie, IN",IN,517 Lyons Avenue,NJ,NJ:3
"TRIPLE-S STEEL HOLDINGS, INC",3,corrected,"1600 W 6th St, Romeoville, IL",IL,6000 Jensen Dr,TX,TX:3
SOSLAND PUBLISHING CO,3,corrected,"12920 W 87th St Pkwy, Lenexa, KS",KS,"2345 Grand Blvd, Suite 1950",MO,MO:3
SHOPPING CENTER MANAGEMENT CO,3,corrected,"1000 Town Center Drive, Suite 200, Southfield, MI",MI,"1829 Reisterstown Rd, Suite 440",MD,MD:3
MOUNT SINAI MEDICAL CENTER,3,corrected,"One Gustave L. Levy Place, New York, NY",NY,4300 Alton Rd,FL,FL:3
ABC DOORS,2,corrected,"7233 Carroll Avenue, Takoma Park, MD",MD,5100 S Willow Dr,TX,TX:2
ACHIEVE BEHAVIORAL HEALTH,2,corrected,"1500 Puritan Rd N, Suite 200, Minneapolis, MN",MN,"25 Robert Pitt Drive, Suite 101",NY,NJ:2
ACE GLOBAL,2,corrected,"1450 Broadway, 22nd Floor, New York, NY",NY,20231 NE 15th Ct,FL,FL:2
1440 FOODS,2,corrected,"220 9th Street, Oakland, CA",CA,"450 7th Avenue, 10th Floor",NY,NY:2
ACXION FOODSERVICE,2,corrected,"1000 S Pine Island Rd, Suite 200, Plantation, FL",FL,1701 Crossroads Drive,MD,IL:2
ACTUM,2,corrected,"1200 17th St NW, Suite 600, Washington, DC",DC,"767 S Alameda St, Suite 490",CA,CA:2
AIRESPRING,2,corrected,"2100 Geng Road, Suite 200, Palo Alto, CA",CA,"600 Cleveland Street, Suite 226",FL,FL:2
AGI FINANCIAL,2,corrected,"25320 Battle Lk, San Antonio, TX",TX,930 Carmel Ct,CA,CA:2
ALIYA CAPITAL PARTNERS,2,corrected,"4 Embarcadero Center, Suite 1400, San Francisco, CA",CA,"1450 Brickell Ave, Suite 2600",FL,FL:2
ALLIANT INSURANCE SERVICES,2,confirmed,701 B St Suite 400,CA,,,IL:1; MD:1
ALERICA,2,corrected,"2600 S Poplar Ave #200, Fresno, CA",CA,"3323 NE 163rd Street, Suite PH-704",FL,FL:2
ALUMNI VENTURES,2,corrected,"1211 East Cary Street, Suite 300, Richmond, VA",VA,"670 N. Commercial St, Suite 403",NH,NY:2
AMERICAN HOSPITAL ASSOCIATION,2,confirmed,"155 N. Wacker Drive, Suite 400",IL,,,MD:2
ALTER TRADING,2,corrected,"300 North Meridian Street, Suite 300, Indianapolis, IN",IN,700 Office Parkway,MO,AR:2
AETION,2,corrected,"125 CambridgePark Drive, Suite 300, Cambridge, MA",MA,"5 Penn Plaza, 7th Floor",NY,NY:2
ARCADIA IBI GROUP,2,corrected,"1201 West Peachtree St NW, Suite 400, Atlanta, GA",GA,421 Fayetteville Street,NC,CA:2
ARDMORE TOYOTA,2,corrected,"1815 Commerce Dr, Ardmore, OK",OK,219 E. Lancaster Ave,PA,PA:2
APPOLLO,2,confirmed,9 West 57th Street,NY,,,FL:2
ARMY,2,confirmed,1400 Army Pentagon,DC,,,CA:2
ARWAY CONFECTIONS,2,corrected,"35 W 36th St, 11th Floor, New York, NY",NY,3425 N. Kimball Ave,IL,IL:2
ATLAS STRATEGY GROUP,2,corrected,"1200 G St NW Ste 800, Washington, DC",DC,15 Ladue Lane,MO,MO:2
AT HOME,2,confirmed,"3750 Quorum Drive, Suite 700",TX,,,AR:2
AVENUE SIX STUDIOS,2,corrected,"34 W 35th St, Floor 8, New York, NY",NY,7900 Haskell Ave,CA,CA:2
BARON PROPERTY GROUP,2,corrected,"777 S Alameda St, Los Angeles, CA",CA,"152 West 57th Street, 37th Floor",NY,NY:2
AWS,2,confirmed,410 Terry Ave N,WA,,,IN:1; NY:1
AUDACIOUS,2,unknown,1500 Broadway 12th Floor,NY,,,IL:2
AVIV GROWTH PARTNERS,2,unknown,1209 Orange St,DE,,,MA:2
BAYVIEW,2,corrected,"3701 Solomons Island Rd S, Edgewater, MD",MD,4425 Ponce de Leon Boulevard,FL,NY:1; FL:1
BEELINE MOBILITY,2,corrected,"50 California St, Suite 1500, San Francisco, CA",CA,8110 7th Ave S,WA,PA:2
BELVOIR PROPERTIES,2,corrected,"3050 K St NW, Suite 300, Washington, DC",DC,"17 Virginia Ave, Ste 100",RI,RI:2
BERRY GLOBAL,2,confirmed,10100 Kincey Avenue,IN,,,NY:2
BLOOM ADVISORS,2,corrected,"300 Baker Avenue, Suite 302, Concord, MA",MA,"31275 Northwestern Highway, Suite 145",MI,MI:2
BLEAKLEY FINANCIAL GROUP,2,confirmed,"9 Campus Drive, Suite 201",NJ,,,CT:2
BERMAN FINANCIAL SERVICES,2,corrected,"3300 Douglas Boulevard, Roseville, CA",CA,1872 Greentree Rd #1,NJ,NJ:2
BOSPAR,2,confirmed,"260 California St, Suite 450",CA,,,NY:2
CANTOR INJURY LAW,2,corrected,"10866 Wilshire Blvd, Suite 1000, Los Angeles, CA",CA,12283 Olive Boulevard,MO,MO:2
BERMAN SKIN INSTITUTE,2,corrected,"1425 N 10th St, Suite 120, North Las Vegas, NV",NV,"900 Welch Rd, Suite 300",CA,CA:2
CARD COMPLIANT,2,corrected,"1400 16th St NW, Washington, DC",DC,"11610 Ash Street, Suite 200",KS,KS:2
CAPALINO,2,confirmed,"100 Church Street, 8th Floor",NY,,,WA:2
CATALIS,2,corrected,"1 Kendall Square, Building 300, Suite 300, Cambridge, MA",MA,"3025 Windward Plaza, Ste 200",GA,FL:2
CAPITAL DIGESTIVE CARE,2,corrected,"2000 15th Street NW, Suite 300, Washington, DC",DC,"12510 Prosperity Drive, Suite 200",MD,MD:2
BOYLSTON DEVELOPMENT CORPORATION,2,unknown,"100 Federal Street, 28th Floor",MA,,,AZ:2
CDS MECHANICAL SERVICES,2,corrected,"6401 W 121st St, Palos Heights, IL",IL,909 William Meade Ct,MD,MD:2
CATALYST,2,corrected,"101 Federal Street, Boston, MA",MA,8277 Belleview Drive,TX,TX:2
CBG REAL ESTATE,2,corrected,"111 Monument Circle, Suite 500, Indianapolis, IN",IN,4629 Macro Dr,TX,TX:2
CEDAR REALTY,2,corrected,"2000 PNC Center, 1900 East 9th St, Cleveland, OH",OH,2529 Virginia Beach Blvd.,VA,NY:2
CENTRAL ALLERGY,2,corrected,"10100 West 190th Street, Mokena, IL",IL,"1034 S Brentwood Blvd, Suite 460",MO,MO:2
CESJDS,2,corrected,"4500 Arlington Boulevard, Fairfax, VA",VA,1901 East Jefferson Street,MD,MD:2
CEDAR ASSET MANAGEMENT,2,unknown,280 Park Ave,NY,,,NJ:2
CHILDRENS MEDICAL CENTER,2,confirmed,1935 Medical District Drive,TX,,,FL:2
CHILDREN'S LAW CENTER,2,confirmed,"616 H Street NE, Suite LL06",DC,,,CA:2
CCG / ALTERITY CAPITAL,2,unknown,"60 East 42nd Street, 6th Floor",NY,,,IL:2
CJDS,2,corrected,"10 W 65th St, New York, NY",NY,"5007 Providence Road, Building E",NC,NC:2
CITRINFINANCIAL,2,corrected,"101 Duffy Avenue, South San Francisco, CA",CA,3005 NE Quayside Lane,FL,FL:2
CHASE,2,confirmed,383 Madison Avenue,NY,,,OH:1; NJ:1
COLD CHAIN TECHNOLOGIES,2,corrected,"666 E. Milwaukee Street, Milwaukee, WI",WI,135 Constitution Boulevard,MA,MA:2
CLEERLY,2,corrected,"3000 El Camino Real, Suite 200, Palo Alto, CA",CA,"1099 18th Street, Suite 2860",CO,TX:2
CONGREGATION EMANU-EL,2,corrected,"1 E 65th St, New York, NY",NY,2 Lake Street,CA,CA:2
COREVEST,2,corrected,"750 Park of Commerce Blvd, Suite 104, Boca Raton, FL",FL,"4 Park Plaza, Suite 900",CA,MI:2
COVE HILL PARTNERS,2,corrected,"95 Fourth Street, Burlingame, CA",CA,888 Boylston Street Suite 1410,MA,MA:2
CMI,2,unknown,2121 North Collins Boulevard,TX,,,NY:2
COLUMBUS CONSULTING GROUP,2,corrected,"10 West Broad Street, Suite 1200, Columbus, OH",OH,"16 Madison Square West, Suite 1211",NY,CA:2
CREATIVE PLANNING,2,corrected,"8515 East Orchard Road, Greenwood Village, CO",CO,5454 W 110th St,KS,KS:1; FL:1
DAVIDON HOMES,2,corrected,"9150 S 150 E, Suite 210, Sandy, UT",UT,"1600 South Main Street, Suite 150",CA,CA:2
CYPRESS EQUITY INVESTMENTS,2,corrected,"1330 Ave of the Americas, 21st Floor, New York, NY",NY,"12121 Wilshire Blvd, Suite 801",CA,CA:2
COLUMBIA COMPANIES,2,unknown,"600 4th Street NE, Suite 300",IA,,,TX:2
CVS HEALTH,2,confirmed,One CVS Drive,RI,,,NY:1; VA:1
DERMCARE,2,corrected,"3030 LBJ Freeway, Suite 700, Dallas, TX",TX,"4000 Hollywood Boulevard, Suite 215-S",FL,FL:2
DEEL,2,confirmed,"300 Brannan Street, Suite 202",CA,,,FL:1; WA:1
DAVIS WRIGHT TREMAINE,2,confirmed,"920 Fifth Avenue, Suite 3300",WA,,,NY:2
DORIS BOUDAIE OPTOMETRY,2,corrected,"2100 Westlake Ave N, Suite 307, Seattle, WA",WA,8500 Beverly Blvd,CA,CA:2
DW ADVERTISING,2,corrected,"315 South Kalamazoo Mall, Suite 120, Kalamazoo, MI",MI,682 Bloomfield Ave,CT,CA:2
DOUGLAS M. LIEBMAN ESTATE JEWELER,2,corrected,"24 E 81st St, New York, NY",NY,15255 N 40th St Ste 151,AZ,AZ:2
DESIGN CONCEPTS,2,corrected,"1216 N State St, Jackson, MS",MS,273 Closter Dock Rd Ste 1,NJ,NJ:2
DIAMOND REALTY HOLDINGS,2,confirmed,805 N Milwaukee Ave Ste 301,IL,,,FL:2
DWT,2,corrected,"1900 K Street NW, Suite 800, Washington, DC",DC,"920 Fifth Avenue, Suite 3300",WA,CA:2
EAST COAST MEDICAL ASSOCIATES,2,corrected,"25 Technology Place, Suite 101, Woonsocket, RI",RI,1500 NW 10th Ave Suite 205,FL,FL:2
EDUCATION LEADERS OF COLOR,2,corrected,"34 5th Avenue, Suite 3A, New York, NY",NY,3680 Wilshire Blvd Ste P04-1052,CA,CA:2
ECA FUND ADVISORS,2,unknown,"3030 LBJ Freeway, Suite 1250",TX,,,CA:2
EDEN STREET PARTNERS,2,corrected,"75 State Street, Suite 100, Boston, MA",MA,228 Park Ave S #754590,NY,NY:2
ELDRIDGE,2,confirmed,1345 Avenue of the Americas,NY,,,TX:2
ECO MARKETING,2,corrected,"1000 Abernathy Road NE, Suite 500, Atlanta, GA",GA,41 Nace Ave,CA,CA:2
ELION PARTNERS,2,corrected,"300 Montgomery Street, San Francisco, CA",CA,"3323 NE 163rd Street, Suite 600",FL,FL:2
ENFIELD CAPITAL PARTNERS,2,corrected,"1111 Brickell Avenue, Miami, FL",FL,3701 W Lunt Ave,IL,IL:2
ENGINE,2,confirmed,"1100 15th St NW, Suite 900",DC,,,PA:2
EMPIRE BRANDS,2,unknown,"1000 S. Wadsworth Blvd., Suite 400",CO,,,NJ:2
EP WEALTH ADVISORS,2,confirmed,"111 Sutter St, Suite 500",CA,,,WI:2
EVERCORE,2,confirmed,"55 East 52nd Street, 35th Floor",NY,,,MA:1; CT:1
EPCF,2,corrected,"180 Maiden Ln, Suite 603, New York, NY",NY,"333 North Oregon St., 2nd Floor",TX,FL:2
ELNET-US,2,corrected,"1101 14th Street NW, Suite 700, Washington, DC",DC,"5215 Old Orchard Road, Suite 880",IL,FL:2
EPIC MECHANICAL,2,corrected,"8750 Commerce Park Dr, Suite 100, Cincinnati, OH",OH,76 Mall Drive,NY,NY:2
EVG CAPITAL,2,unknown,"40 Broad Street, 9th Floor",NY,,,MI:2
FASHION INSTITUTE OF TECHNOLOGY,2,confirmed,Seventh Avenue at 27th Street,NY,,,NJ:2
EYESOUTH,2,corrected,"2201 Green Street, Jackson, MS",MS,"5775 Glenridge Drive, Building B, Suite 500",GA,FL:2
FERRING,2,confirmed,500 College Road East,NJ,,,FL:2
FASB,2,confirmed,401 Merritt 7,CT,,,CO:2
FINCH BRANDS,2,corrected,"2100 S Bascom Ave, Suite 135, Campbell, CA",CA,"123 S. Broad Street, Suite 2150",PA,PA:2
FEVO,2,corrected,"500 4th Street NE, Suite 500, Minneapolis, MN",MN,12 Little West 12th St,NY,NY:2
FISCHER ROOFING,2,corrected,"1660 Schofield Ave, Waukesha, WI",WI,276 S Hope Chapel Rd,NJ,NJ:2
FRANKLIN STREET REAL ESTATE,2,corrected,"3017 OAK AVE, SUITE 300, DALLAS, TX",TX,"1311 North Westshore Boulevard, Suite 200",FL,FL:2
FRIENDS OF THE ISRAEL DEFENSE FORCE,2,confirmed,1430 Broadway,NY,,,TX:2
FLAGSTONE FOODS,2,corrected,"1401 Dove St Suite 200, Newport Beach, CA",CA,"323 N Washington Avenue, Suite 400",MN,NC:2
FRY-WAGNER,2,confirmed,"1211 W Port Plaza Dr, Suite 200",MO,,,KS:2
FRAZIER HEALTHCARE,2,corrected,"3475 RIVER DRIVE, SUITE 200, HUNT VALLEY, MD",MD,"601 Union Street, Suite 3200",WA,WA:2
GLOBAL PHOTONICS,2,corrected,"11400 West Bernardo Court, Suite 200, San Diego, CA",CA,7826 Photonics Dr,FL,FL:1; NY:1
GOLUB CAPITAL,2,corrected,"One Financial Center, 3rd Floor, Boston, MA",MA,"200 Park Avenue, 25th Floor",NY,NY:2
GLEASON CORPORATION,2,confirmed,100 Pleasant Street,NY,,,CA:2
GRANDSTONE INVESTMENT SALES,2,corrected,"350 5th Avenue, Suite 7100, New York, NY",NY,1385 Brookwood Place,OH,OH:2
GEARSUPPLY DIRECT,2,corrected,"1901 E 4th St, Santa Ana, CA",CA,"302 W 3rd St, Suite 200",OH,OH:2
"GROSINGER, SPIGELMAN AND GREY",2,corrected,"800 Third Avenue, New York, NY",NY,"1750 S Telegraph Rd, Ste 205",MI,MI:2
GRID DYNAMICS,2,corrected,"100 Matsonford Rd, Suite 300, Radnor, PA",PA,"6101 Bollinger Canyon Road, Suite 465",CA,CA:2
GREENBERG APARTMENT COMMUNITIES,2,unknown,"10490 Park Meadows Drive, Suite 400",CO,,,OH:2
GSK,2,corrected,"3000 Hanover Street, Wilmington, DE",DE,"2929 Walnut Street, Ste. 1700",PA,MA:2
GREGORY FUNDING,2,corrected,"2200 East Camelback Road, Suite 200, Phoenix, AZ",AZ,"13190 SW 68th Pkwy, Suite 200",OR,OR:2
GTREASURY,2,corrected,"1101 Pennsylvania Avenue NW, Suite 700, Washington, DC",DC,"2100 E. Lake Cook Rd., Suite 1100",IL,IL:2
HABIF PROPERTIES,2,corrected,"5300 S Quebec St, Greenwood Village, CO",CO,"3717 Roswell Rd NE, Suite 100",GA,GA:2
HARTREE PARTNERS,2,confirmed,"1 State St, 33rd Floor",NY,,,FL:2
HAVENLY VENTURES,2,corrected,"1010 N 7th St, Suite 200, St. Louis, MO",MO,"99 University Place, Suite 204",NY,NY:2
HDT GLOBAL,2,corrected,"2 Enterprise Drive, Suite 100, Shelton, CT",CT,"30500 Aurora Road, Suite 100",OH,UT:2
GUILD PARTNERS,2,corrected,"200 Clarendon Street, 43rd Floor, Boston, MA",MA,4832 North 26th Road,VA,VA:2
HEALTHPEAK,2,corrected,"3101 Michelson Drive, Suite 1000, Irvine, CA",CA,"4600 South Syracuse Street, Suite 500",CO,CO:2
HILLEL,2,corrected,"1 West 4th Street, Suite 200, New York, NY",NY,800 Eighth Street NW,DC,OH:1; DC:1
HILLEL INTERNATIONAL,2,corrected,"1100 East 55th St, Suite 12A, Chicago, IL",IL,800 Eighth Street NW,DC,DC:2
HPE,2,corrected,"6280 America Center Drive, Santa Clara, CA",CA,1701 E Mossy Oaks Road,TX,IN:2
HUEY AND WEPRIN OBGYN,2,corrected,"240 West 57th Street, Suite 601, New York, NY",NY,20 West Wenger Road Suite 2,OH,OH:2
HILLSON GLOBAL STRATEGIES,2,unknown,1209 Orange Street,DE,,,SC:2
HMH,2,confirmed,222 Berkeley Street,MA,,,NJ:2
IBG HOLDINGS,2,corrected,"600 Technology Square, Cambridge, MA",MA,One Pickwick Plaza,CT,NY:2
ICG ADVISORS,2,corrected,"450 Lexington Avenue, New York, NY",NY,"11111 Santa Monica Boulevard, Suite 2100",CA,WA:1; CA:1
HON,2,confirmed,200 Oak Street,IA,,,TX:2
INCEPTIV,2,corrected,"80 Broad St, 3rd Floor, New York, NY",NY,"3975 Landmark St, Suite 1400",CA,CO:2
ICIC,2,corrected,"2 West 45th Street, New York, NY",NY,"727 Atlantic Avenue, Suite 600",MA,MA:2
IGN,2,corrected,"1500 Broadway, New York, NY",NY,2231 S Barrington Ave,CA,NJ:2
INNER CIRCLE SPORTS,2,corrected,"200 Clarendon St, Boston, MA",MA,"441 Lexington Avenue, 17th Floor",NY,NY:2
IMAGINE CAPITAL,2,corrected,"150 N Riverside Plaza, Suite 2200, Chicago, IL",IL,"One California Street, 28th Floor",CA,CA:2
INTERVISION,2,corrected,"1730 Rhode Island Ave NW, Washington, DC",DC,"3050 Peachtree Rd, Suite 450",GA,GA:2
INFINITE GAMES,2,corrected,"2300 Geng Rd, Palo Alto, CA",CA,1380 S Ambassador Way,UT,CO:2
INOVA,2,confirmed,8110 Gatehouse Road,VA,,,MD:2
JCRC OF GREATER WASHINGTON,2,corrected,"2025 E Street NW, Suite 360, Washington, DC",DC,"6101 Executive Boulevard, Suite 300",MD,VA:2
JACOBSON EQUITIES,2,corrected,"200 Park Avenue South, 6th Floor, New York, NY",NY,"12121 Wilshire Blvd, Suite 700",CA,CA:2
IQHQ,2,corrected,"1800 K Street NW, Suite 1000, Washington, DC",DC,"674 Via de la Valle, Suite 206",CA,CA:2
JE RICHARDS,2,corrected,"9107 N IH 35, Suite 200, Austin, TX",TX,"4600 Hargrove Drive, Suite 100",MD,SD:2
JELMARLLC.COB,2,confirmed,5550 W. Touhy Ave Suite 200,IL,,,FL:2
J.M. EDBERG INVESTMENT MANAGEMENT,2,corrected,"111 Wood Ave S, Suite 210, Iselin, NJ",NJ,6206 Landon Lane,MD,MD:2
JESCO FOOTWEAR,2,corrected,"70 Harristown Road, Glen Rock, NJ",NJ,"209 W 38th Street, Suite 1110",NY,NY:2
JORDAN RIVER MOVING,2,corrected,"695 West 200 North, Providence, UT",UT,"12515 Willows Rd NE, Suite 220",WA,WA:2
JONCOCO,2,corrected,"75 Rockefeller Plaza, 2nd Floor, New York, NY",NY,"17701 Biscayne Blvd, Suite 200",FL,FL:2
KAFTAN MANAGEMENT,2,corrected,"1298 Union Turnpike, New Hyde Park, NY",NY,"29100 Northwestern Hwy, Suite 260",MI,MI:2
KAP'S WHOLESALE FOODS,2,corrected,"4065 North Illinois Route 83, Arlington Heights, IL",IL,1300 Maple Street,MI,MI:2
JTS,2,corrected,"801 W 31st St, Chicago, IL",IL,5310 S. Cockrell Hill Road,TX,SC:2
KAWA CAPITAL MANAGEMENT,2,corrected,"1999 Avenue of the Stars, Suite 1100, Los Angeles, CA",CA,"1010 S. Federal Highway, Suite 2900",FL,FL:2
KELLER POSTMAN,2,corrected,"10 Courthouse Square, Suite 600, Providence, RI",RI,"150 N. Riverside Plaza, Suite 4100",IL,IL:2
KAPLAN,2,corrected,"999 Third Avenue, Suite 3200, Seattle, WA",WA,1515 West Cypress Creek Road,FL,FL:2
KEM KREST,2,corrected,"455 S La Salle Street, Suite 1900, Chicago, IL",IL,3221 Magnum Dr.,IN,IN:2
KENNEDY WILSON,2,corrected,"19 Story Street, Boston, MA",MA,151 S. El Camino Dr.,CA,CA:2
KLUGER KAPLAN,2,corrected,"850 Third Avenue, New York, NY",NY,"201 S. Biscayne Blvd., Suite 1800",FL,FL:2
KINSOR MANAGEMENT,2,corrected,"70 West Madison Street, Chicago, IL",IL,1169 Ocean Avenue,NY,NY:2
KNISH SHOP,2,corrected,"189 Atlantic Avenue, Brooklyn, NY",NY,508 Reisterstown Rd,MD,MD:2
KENTWOOD,2,confirmed,4900 Breton Rd SE,MI,,,CO:2
KHC,2,confirmed,one PPG Place,PA,,,NJ:2
KORNWASSER REALTY ADVISORS,2,corrected,"305 Madison Ave, New York, NY",NY,8222 Melrose Ave Ste 300,CA,CA:2
KW REALTY,2,confirmed,"1221 South Mopac Expressway, Suite 400",TX,,,NY:2
L3HARRIS,2,confirmed,1025 W. NASA Boulevard,FL,,,NY:1; OH:1
KYNDRYL,2,confirmed,350 Park Avenue,NY,,,NJ:1; IL:1
KSL GLOBAL MARKET RESEARCH,2,corrected,"1111 3rd Avenue, Suite 2000, Seattle, WA",WA,"6614 Clayton Rd, Suite 182",MO,MO:2
LATHROP GAGE,2,confirmed,"2345 Grand Blvd, Suite 2200",MO,,,CA:2
LANDING POINT,2,corrected,"1209 Orange St, Wilmington, DE",DE,"2 Grand Central Tower, 140 E. 45th Street, 20th Floor",NY,NY:2
LEXICON STRATEGIES,2,corrected,"25 Broadway, 9th Floor, New York, NY",NY,"3017 Bolling Way NE, Suite 226",GA,GA:2
LAW OFFICES AND BERSHIRE HATHAWAY,2,confirmed,3555 Farnam Street,NE,,,NJ:2
LAUREATE MEDICAL GROUP,2,corrected,"1111 S Arroyo Parkway, Suite 350, Pasadena, CA",CA,"3400 Old Milton Parkway, Building C, Suite 500",GA,GA:2
LONGVIEW ASSET MANAGEMENT,2,corrected,"200 Clarendon Street, 54th Floor, Boston, MA",MA,222 North LaSalle Street,IL,IL:2
LOWEY LAW FIRM,2,confirmed,1 North Lexington Avenue,NY,,,TX:2
LUNDBECK,2,corrected,"3075 East Via Josephine, Carlsbad, CA",CA,6 Parkway North,IL,FL:2
LINKEDIN,2,confirmed,1000 West Maude Avenue,CA,,,NY:2
MAYO,2,confirmed,200 1st St SW,MN,,,AZ:2
MAXIM LIGHTING,2,corrected,"7 Babcock Rd, Brooklyn, NY",NY,253 N Vineland Ave,CA,CA:2
MEDPACE,2,confirmed,3000 Kenton St,OH,,,NJ:2
MAS DEVELOPMENT,2,corrected,"2800 N. Central Ave, Suite 1600, Phoenix, AZ",AZ,"2875 NE 191st Street, Suite 305",FL,FL:2
MERCK,2,confirmed,2000 Galloping Hill Rd,NJ,,,NY:2
MGA STUDIOS,2,corrected,"545 Broome St, New York, NY",NY,9220 Winnetka Ave,CA,CA:2
MIAMI MARLINS,2,confirmed,501 Marlins Way,FL,,,NY:2
MERIT STREET MEDIA,2,corrected,"280 King of Prussia Rd, Radnor, PA",PA,13600 Heritage Parkway,TX,TX:2
MONROE GROUP,2,corrected,"27-01 Queens Plaza N, 5th Floor, Long Island City, NY",NY,6875 East Evans Ave,CO,CO:2
MISSION PEAK CAPITAL,2,corrected,"55 Francisco St, Suite 350, San Francisco, CA",CA,1908 Main St,MO,KS:2
MMA,2,corrected,"950 17th St, Suite 2600, Denver, CO",CO,"360 Hamilton Ave, Suite 930",NY,TX:2
MONTEREY BAY LABS,2,confirmed,"MBARI, 7700 Sandholdt Rd",CA,,,AZ:2
MOSAIC DENTAL COLLECTIVE,2,corrected,"4100 Westheimer Road, Suite 320, Houston, TX",TX,"16703 SE McGillivray Blvd, Ste 200",WA,WA:2
MOZAIC SENIOR LIFE,2,corrected,"500 E Broward Blvd, Suite 1500, Fort Lauderdale, FL",FL,4200 Park Avenue,CT,CT:2
MREG,2,corrected,"1 N Franklin St, Chicago, IL",IL,"60 Columbus Circle, 20th Floor",NY,NY:2
MZ CAPITAL PARTNERS,2,corrected,"600 Lexington Avenue, New York, NY",NY,"400 Skokie Blvd, Suite 580",IL,IL:2
NEC,2,corrected,"4 Independence Way, Princeton, NJ",NJ,3929 W. John Carpenter Freeway,TX,FL:2
NEW HAVEN COMPANIES,2,corrected,"1 Technology Dr, West Haven, CT",CT,3951 SW 30th Ave,FL,FL:2
NEW HORIZONS,2,confirmed,"100 Cummings Center, Suite 307-A",MA,,,FL:2
NATIONAL APARTMENT PARTNERS,2,corrected,"1015 18th St NW, Suite 700, Washington, DC",DC,1528 Shermer Rd,IL,IL:2
NEXTGEN APARTMENTS,2,corrected,"1800 Century Park E, Suite 100, Los Angeles, CA",CA,"14201 N 87th St, Suite B121",AZ,AZ:2
NEXT TERRA CAPITAL,2,unknown,"40 Wall St, 28th Floor",NY,,,FL:2
NFI,2,corrected,"4240 Sherwin Rd, Schaumburg, IL",IL,2 Cooper Street,NJ,TX:2
"NFP, AN AON COMPANY",2,confirmed,200 Park Avenue South,NY,,,MD:2
OES GLOBAL,2,corrected,"50 John F Kennedy Pkwy, Suite 250, Short Hills, NJ",NJ,1935 NW 18th Street,FL,FL:2
NORTH AMERICAN DEVELOPMENT GROUP,2,corrected,"2201 West Plano Pkwy, Suite 100, Plano, TX",TX,"360 South Rosemary Avenue, Suite 400",FL,FL:2
NW RADIOLOGY ASSOCIATED,2,corrected,"1500 N 4th St, Bismarck, ND",ND,800 W Central Rd,IL,IL:2
OLD CITY CAPITAL,2,corrected,"1730 Market St, Suite 1510, Philadelphia, PA",PA,"589 5th Avenue, PH",NY,NY:2
OAKMONT CAPITAL,2,corrected,"540 Maryville University Dr, St. Louis, MO",MO,640 S San Vicente Blvd Ste 350,CA,CA:2
ONEOAK CAPITAL,2,confirmed,"560 Lexington Avenue, 15th Floor",NY,,,NC:2
ORACLE AMERICA,2,confirmed,500 Oracle Parkway,CA,,,FL:2
OSU,2,corrected,"200 Administration Building, 301 N. Doan Mall, Stillwater, OK",OK,"15 East 15th Avenue, Fifth Floor (University Square South)",OH,OH:2
ORANGE DENTAL PARTNERS,2,corrected,"1386 N Glassell St, Suite 300, Orange, CA",CA,1212 US Highway 1 Unit B,FL,FL:2
ORDORO,2,corrected,"2175 N California Blvd, Suite 800, Walnut Creek, CA",CA,"815 Brazos St, Suite 900",TX,NJ:2
OPENBET,2,unknown,"One Culver Road, Suite 400",NY,,,IL:2
PANOPTO,2,confirmed,"4720 Creekside Dr, Suite 200",PA,,,WA:2
OWEN STEEL COMPANY,2,corrected,"7181 Summers Ave, Youngstown, OH",OH,727 Mauney Drive,SC,SC:2
PAGNY,2,corrected,"180 Mason Circle, Suite 220, Pickerington, OH",OH,"420 Lexington Ave, Suite 1750",NY,NY:2
PCS WIRELESS,2,corrected,"2600 Camino Ramon, Suite 200, San Ramon, CA",CA,11 Vreeland Road,NJ,TX:2
PERATON,2,confirmed,"12901 Worldgate Drive, Suite 600",VA,,,PA:2
PHONETERNET,2,corrected,"7900 Tysons One Place, Suite 1450, McLean, VA",VA,3410 Midcourt Rd Ste 119,TX,TX:2
POLARIS REAL ESTATE PARTNERS,2,corrected,"250 South Clinton Street, Suite 200, Chicago, IL",IL,1388 Sutter Street #1220,CA,CA:2
POKERGO,2,corrected,"1000 West Olympic Boulevard, Los Angeles, CA",CA,6365 Montessouri Street,NV,NV:2
PRIME POLICY GROUP,2,confirmed,"1875 Connecticut Ave NW, Suite 700",DC,,,MD:2
OVIVA THERAPEUTICS,2,corrected,"One Broadway Plaza, Oakland, CA",CA,"289 St. George St., Suite 209",MA,CT:2
POMEROY LIVING,2,corrected,"504 E Edgerton St, Graham, WA",WA,5480 Corporate Dr,MI,MI:2
QUAD PROPERTY GROUP,2,corrected,"201 N Civic Dr #500, Walnut Creek, CA",CA,"224 West 30th Street, Suite 206",NY,NJ:2
PRIZEPICKS,2,corrected,"One Riverway, Suite 1500, Houston, TX",TX,"1055 Howell Mill Rd NW, Suite 1400",GA,VA:2
PROGRESS RESIDENTIAL,2,corrected,"3333 Warrenville Road, Suite 200, Lisle, IL",IL,7500 N Dobson Rd Suite 300,AZ,TX:2
RABBINICAL COUNCIL CA,2,corrected,"305 Seventh Avenue, New York, NY",NY,3780 Wilshire Blvd Suite 420,CA,CA:2
RAZORFISH,2,corrected,"10 Almaden Boulevard, Suite 600, San Jose, CA",CA,375 Hudson Street,NY,NY:2
RANGE MEDIA PARTNERS,2,corrected,"1100 New York Ave NW, Washington, DC",DC,2425 Michigan Ave,CA,CA:2
RATNER STEEL,2,corrected,"2700 Armitage Ave, Bronx, NY",NY,2500 West County Road B,MN,MN:2
REALTYMARK,2,corrected,"7090 DTC Parkway, Suite 200, Greenwood Village, CO",CO,2250 Terwood Drive,PA,PA:2
REDEMPTION BANK,2,corrected,"7290 Ambassador Caffery Pkwy., Ste. A, Lafayette, LA",LA,2020 East Murray Holladay Road,UT,MI:2
REFRIGIWEAR,2,corrected,"1 RefrigiWear Drive, Marlboro, NY",NY,54 Breakstone Drive,GA,GA:2
REMAX PREMIER ASSOCIATES,2,corrected,"5075 N 40th St, Suite 210, Phoenix, AZ",AZ,6 Church Ln,MD,MD:2
REMAX ALLEGIANCE,2,corrected,"5075 North 40th Street, Suite 210, Phoenix, AZ",AZ,6084 Franconia Rd Suite A,VA,VA:2
RAINEN COMPANIES,2,corrected,"30 N LaSalle St, Chicago, IL",IL,"215 West Pershing Rd, Suite 1010",MO,KS:1; FL:1
REDWOOD CAPITAL MANAGEMENT,2,corrected,"601 Montgomery St., Ste. 2200, San Francisco, CA",CA,"250 West 55th Street, 26th Floor",NY,NJ:2
RETAIL MANAGEMENT SERVICES,2,corrected,"2000 Town Center, Suite 1900, Southfield, MI",MI,11540 E US HIGHWAY 92,FL,GA:2
REVERENCE CAPITAL PARTNERS,2,corrected,"225 West Wacker Drive, Suite 1400, Chicago, IL",IL,590 Madison Avenue,NY,NY:2
RETINA VITREOUS ASSOCIATES,2,corrected,"8301 E Prentice Ave, Suite 103, Greenwood Village, CO",CO,"1245 Wilshire Blvd, Ste 380",CA,CA:2
REXFORD INDUSTRIAL,2,corrected,"155 N. Wacker Drive, Suite 2323, Chicago, IL",IL,"11620 Wilshire Boulevard, Suite 1000",CA,CA:2
RHP PROPERTIES,2,corrected,"101 Montgomery Street, Suite 1000, San Francisco, CA",CA,31200 Northwestern Hwy,MI,MI:2
RGP,2,corrected,"4 Embarcadero Center, Suite 1000, San Francisco, CA",CA,"15950 North Dallas Parkway, Suite 330",TX,NJ:2
RIVERON,2,corrected,"1101 Pennsylvania Avenue NW, Suite 400, Washington, DC",DC,"2515 McKinney Avenue, 16th Floor",TX,CO:2
ROOSEVELT PAPER,2,confirmed,1 Roosevelt Dr,NJ,,,PA:2
ROCKEFELLER GLOBAL FAMILY OFFICE,2,confirmed,45 Rockefeller Plaza,NY,,,FL:1; NJ:1
RMS INVESTMENT GROUP,2,corrected,"100 Crescent Ct, Suite 700, Dallas, TX",TX,"3401 Tuttle Road, Suite 350",OH,OH:2
RIVERPARK CAPITAL,2,confirmed,"477 Madison Avenue, 6th Floor",NY,,,FL:2
RJC,2,corrected,"200 South Biscayne Blvd, Suite 3300, Miami, FL",FL,"50 F Street NW, Suite 100",DC,NY:1; CA:1
SCHREIBER ALLERGY,2,corrected,"329 E. 80th Street, Suite 1, New York, NY",NY,"9601 Blackwell Road, Suite 350",MD,MD:2
SALISBURY MANAGEMENT,2,corrected,"2700 Post Oak Blvd Suite 1400, Houston, TX",TX,23 Walker Ave,MD,MD:2
SEMINOLE INVESTMENT MANAGEMENT,2,corrected,"125 South Orange Avenue, Suite 1700, Orlando, FL",FL,"55 Post Road West, Third Floor",CT,CT:2
SALZBERG LAW OFFICE,2,corrected,"100 Garden City Plaza Suite 300, Garden City, NY",NY,2725 1/2 Lowell Blvd,CO,CO:2
ROSENBERG AUTOMOTIVE HOLDINGS,2,unknown,"6600 N Scottsdale Rd, Suite 200",AZ,,,MA:2
SEMPRE CAPITAL,2,unknown,"750 Lexington Ave, 14th Floor",NY,,,MI:2
SHAKER RECRUITMENT MARKETING,2,corrected,"2372 Morse Ave, Akron, OH",OH,1100 Lake Street,IL,FL:2
RRC,2,unknown,"1221 McKinney St., Suite 2300",TX,,,CA:2
SESAME MEDITERRANEAN GRILL,2,corrected,"75 9th Ave, New York, NY",NY,15233 Ventura Blvd Ste 230,CA,CA:2
SGWS,2,corrected,"148 State Route 31, Flanders, NJ",NJ,1600 NW 163rd St,FL,FL:2
SKLAR KIRSH,2,corrected,"777 Third Avenue, Suite 2800, New York, NY",NY,"1850 Sawtelle Blvd, Suite 300",CA,CA:2
SHERMAN RESIDENTIAL,2,corrected,"700 South Flower Street, Suite 1200, Los Angeles, CA",CA,400 Skokie Blvd Suite 200,IL,IL:2
SLS GROUP,2,corrected,"200 Park Ave, New York, NY",NY,"6582 S Big Cottonwood Canyon Rd, Suite 200",UT,UT:1; MO:1
SLG,2,confirmed,"420 Lexington Avenue, 9th Floor",NY,,,PA:2
SKYWAY EQUITIES,2,corrected,"510 S Marengo Ave, Suite 200, Pasadena, CA",CA,"375 Park Ave, Suite 2508",NY,NY:2
SMI,2,unknown,"3000 Continental Drive, Suite 200",PA,,,CA:2
SNF MANAGEMENT,2,corrected,"1101 14th St NW, Washington, DC",DC,"9200 Sunset Blvd, Suite 700",CA,CA:2
SMC,2,corrected,"3731 Harbor Boulevard, Costa Mesa, CA",CA,330 SMC Drive,WI,MA:2
SLF,2,unknown,"One Park Place, 621 NW 53rd St",OK,,,NC:2
SONCO,2,corrected,"5200 Blazer Pkwy, Suite 500, Dublin, OH",OH,2050 E Devon Ave,IL,IL:2
SPETNER ASSOCIATES,2,corrected,"1040 Avenue of the Americas, New York, NY",NY,"8630 Delmar Blvd, Suite 100",MO,MO:2
SOVEREIGN PROPERTIES,2,corrected,"1111 Third Ave, Suite 1700, Seattle, WA",WA,"150 E 52nd Street, Suite 22002",NY,FL:2
SOUTHWOOD PARTNERS,2,corrected,"520 Pike St, Suite 1650, Seattle, WA",WA,"505 20th St N, Ste 1150",AL,AL:2
SOLARIA,2,confirmed,"300 Spectrum Center Drive, Suite 1900",CA,,,NY:2
STAR CAPITAL PARTNERS,2,unknown,"70 E 55th St, Suite 1206",NY,,,OH:2
STEMRAD,2,corrected,"401 Broadway, 9th Floor, Cambridge, MA",MA,802 E Whiting St,FL,FL:2
"STEVEN J. SHAPERO, ALC",2,corrected,"200 S Michigan Ave, 11th Floor, Chicago, IL",IL,"5950 Canoga Ave, Suite 235",CA,CA:2
ST. LUKE'S,2,corrected,"111 S Central Ave, Sandy, UT",UT,6720 Bertner Ave,TX,TX:2
STARFISH CARE HOMES,2,corrected,"1818 SE Ankeny St, Portland, OR",OR,6611 E River Hills Pl,AZ,AZ:2
STRATEGAS RESEARCH PARTNERS,2,corrected,"625 N. Michigan Avenue, Suite 2300, Chicago, IL",IL,"52 Vanderbilt Avenue, 19th Floor",NY,CT:2
SUNRISE TOYOTA,2,corrected,"5555 Copley Drive, San Diego, CA",CA,3984 Sunrise Highway,NY,UT:2
SUPERSMILE,2,corrected,"1 East Liberty Drive, Suite 140, Wheaton, IL",IL,"32 E 57th St, 15th Floor",NY,NY:2
STI,2,confirmed,3535 Harbor Blvd,CA,,,NJ:2
SUPERCLEAN,2,corrected,"4300 S Miami Blvd, Durham, NC",NC,"1380 Corporate Center Curve, Suite 107",MN,MN:2
TABLEAU,2,confirmed,1621 N 34th St,WA,,,CA:2
TAP ROOT CAPITAL,2,corrected,"265 E 5th St, Suite 700, Cincinnati, OH",OH,60 River Rd,NJ,NJ:2
TAYLOR EQUITIES,2,corrected,"3001 N Miami Ave, Suite 400, Miami, FL",FL,"3660 Wilshire Blvd, Suite 612",CA,CA:2
TCV,2,confirmed,"275 5th Ave, Suite 510",CA,,,NJ:2
TASK US,2,corrected,"2101 E Palm Ave, Suite 200, Tampa, FL",FL,"1650 Independence Drive, Suite 100",TX,TX:2
TELECARE CORPORATION,2,corrected,"2541 Wells Branch Pkwy, Suite 110, Austin, TX",TX,"1080 Marina Village Pkwy, Suite 100",CA,CA:2
THE ABSINTHE GROUP,2,corrected,"310 Fourth Ave Suite 1000, Pittsburgh, PA",PA,"368 Hayes Street, 2nd Floor",CA,CA:2
THE FELDMAN COMPANIES,2,corrected,"3000 Marcus Ave, Suite 2W3, Lake Success, NY",NY,"3323 NE 163rd St, Suite 501",FL,FL:2
THE GERSON COMPANIES,2,corrected,"1000 Westgate Drive, Suite 300, Brentwood, TN",TN,1450 S. Lone Elm Rd.,KS,MO:2
THE ARDENT COMPANIES,2,corrected,"200 West 41st St, New York, NY",NY,"2100 Powers Ferry Rd, Suite 350",GA,GA:2
THE GUILFORD HOUSE,2,corrected,"1200 Easton Road, Doylestown, PA",PA,109 West Lake Avenue,CT,CT:2
TECHMARK,2,confirmed,"300 River Place Drive, Suite 350",MI,,,FL:2
THE FISHER GROUP,2,corrected,"3000 Ocean Dr, Santa Monica, CA",CA,"Two Towne Square, Suite 900",MI,MI:2
THE JOHNSON COMPANY,2,corrected,"11622 El Camino Real, Suite 100, San Diego, CA",CA,"610 Fifth Avenue, 2nd Floor",NY,NY:2
THE LIVELY FOUNDATION,2,corrected,"10 East 53rd Street, 8th Floor, New York, NY",NY,550 Mountain View Ave,CA,CA:2
THE LOVELL GROUP,2,corrected,"10455 N Central Expwy Ste 109-355, Dallas, TX",TX,"229 Katherine Blvd, Unit 3310",FL,FL:2
THE OXFORD INVESTMENT GROUP,2,corrected,"45 Rockefeller Plaza, New York, NY",NY,9404 Genesee Ave Ste 200,CA,CA:2
THE MANAGEMENT GROUP,2,corrected,"345 Park Avenue, New York, NY",NY,"8383 Wilshire Blvd, Ste 400",CA,CA:2
THE MARS AGENCY,2,corrected,"520 White Plains Road, Tarrytown, NY",NY,25200 Telegraph Rd,MI,FL:2
THE SEPHARDIC HOME FOR THE AGED,2,corrected,"22629 W 8 Mile Rd, Oak Park, MI",MI,2266 Cropsey Ave,NY,NY:2
THE SPINDEL AGENCY,2,corrected,"1274 S Robertson Blvd, Los Angeles, CA",CA,"277 Bendix Rd, Suite 500",VA,VA:2
TOKIO MARINE HCC,2,corrected,"Two Bala Plaza, Suite 100, Bala Cynwyd, PA",PA,13403 Northwest Freeway,TX,CA:2
TIOGA PIPE,2,corrected,"One Rockefeller Plaza, Suite 600, New York, NY",NY,2450 Wheatsheaf Ln,PA,PA:2
TOKIO MARINE SURETY GROUP,2,corrected,"201 Jones Road, Bala Cynwyd, PA",PA,13403 Northwest Freeway,TX,CA:2
TRADITION,2,confirmed,"1 New York Plaza, 26th Floor",NY,,,TX:1; CT:1
TOTAL SOURCE,2,corrected,"701 N Green Street, Suite 1000, Wilmington, DE",DE,1 ADP Boulevard,NJ,CA:2
THREATCURVE,2,unknown,1250 S Capital of Texas Hwy,TX,,,CA:2
TRANSOM CONSULTING GROUP,2,corrected,"211 N Union St, Manhattan, KS",KS,"1925 Century Park East, Suite 1250",CA,CA:2
TRIUMPH DEALER SERVICES,2,corrected,"3000 Atrium Way, Suite 200, Mt. Laurel, NJ",NJ,4574 Nautilus Drive,FL,FL:2
TRI-STAR CONSTRUCTION,2,corrected,"1500 Commerce Ct, Nashville, TN",TN,"770 Lexington Avenue, 13th Floor",NY,NY:2
TRICORBRAUN,2,corrected,"3500 Route 66, Neptune, NJ",NJ,"6 CityPlace Drive, Suite 1000",MO,MO:1; TN:1
TWINCO INDUSTRIAL PRODUCTS,2,corrected,"2301 Airport Rd, Winona, MN",MN,5201 South Loop East,TX,TX:2
UES,2,corrected,"440 Park Avenue South, New York, NY",NY,4205 Vineland Rd Ste L1,FL,FL:2
UHS,2,corrected,"116 Huntington Avenue, Boston, MA",MA,367 South Gulph Road,PA,PA:2
TWIN OAKS EQUITY PARTNERS,2,unknown,300 S Wacker Dr Suite 3200,IL,,,NY:2
TSTI,2,corrected,"850 S Kimball Ave, Southlake, TX",TX,432 Scotland Road,NJ,NJ:2
UIPATH,2,confirmed,90 Park Ave,NY,,,IL:2
UMD,2,confirmed,"3159 Administration Building, University of Maryland, College Park",MD,,,VA:2
UNITED MEDICAL CREDIT,2,corrected,"1600 Market Street, Philadelphia, PA",PA,"1 Park Plaza, Ste 600",CA,CA:2
UNITED PROPERTY ASSOCIATES,2,corrected,"One Gateway Center, Newton, MA",MA,"301 Bendix Road, Suite 300",VA,VA:2
US STANDARD PRODUCTS,2,corrected,"U.S. Standard Products, Buffalo, NY",NY,41 Honeck St,NJ,NJ:2
US ARMY,2,corrected,"9301 Chapek Rd, Fort Belvoir, VA",VA,101 Army Pentagon,DC,CA:1; NY:1
UNGER MANAGEMENT,2,corrected,"400 East Pratt Street, Baltimore, MD",MD,425 Asylum St,CT,CT:2
UNIVERSAL RISK ASSOCIATES,2,corrected,"400 North Michigan Avenue, Chicago, IL",IL,14011 Ventura Blvd,CA,CA:2
VITUITY,2,confirmed,"One Maritime Plaza, Suite 1500",CA,,,IL:2
VICTORY WHOLESALE GROUP,2,corrected,"500 W Madison St, Suite 1600, Chicago, IL",IL,400 Victory Drive,OH,OH:2
WAITER.COM,2,corrected,"245 5th Avenue, New York, NY",NY,"1931 Old Middlefield Way, Ste A",CA,CA:2
WALMART,2,confirmed,702 S.W. 8th Street,AR,,,CA:2
WATERMAN PROPERTIES,2,corrected,"3186 University Drive NW, Walker, MI",MI,400 Park Avenue,NY,NY:2
WELLPATH,2,corrected,"3000 Enterprise Drive, Suite 300, West Des Moines, IA",IA,"6550 Carothers Parkway, Suite 500",TN,CA:2
WELLMED,2,confirmed,"3101 Bee Caves Road, Suite 200",TX,,,FL:2
WITHUM,2,corrected,"3100 Harvest Drive, Suite 300, Blue Bell, PA",PA,"506 Carnegie Center, Suite 400",NJ,CA:2
VERIS,2,unknown,"165 Broadway, 36th Floor",NY,,,WA:2
WOLFSON GROUP,2,corrected,"3200 West End Avenue, Suite 500, Nashville, TN",TN,"One State Street Plaza, 29th Floor",NY,NY:2
YMCA,2,confirmed,101 North Wacker Dr,IL,,,MA:2
WORLD INSURANCE ASSOCIATES,2,corrected,"16 W. 46th Street, Suite 700, New York, NY",NY,"100 Wood Ave South, 4th Floor",NJ,MO:2
WYNNEFIELD CAPITAL,2,corrected,"1845 Walnut Street, Suite 1900, Philadelphia, PA",PA,"450 7th Avenue, Suite 509",NY,NY:2
YOUNG ADJUSTMENT COMPANY,2,corrected,"2733 Commerce St, Troy, MI",MI,900 Lenmar Drive,PA,PA:2
ZEKELMAN INDUSTRIES,2,corrected,"2600 West Big Beaver Road, Troy, MI",MI,"191 North Wacker Drive, Suite 2100",IL,NY:2
WTW,2,corrected,"512 Spring Street SE, Atlanta, GA",GA,"200 Liberty Street, 6th Floor (Brookfield Place)",NY,NJ:1; CA:1
YORK PROPERTIES,2,corrected,"30-00 47th Ave, Suite 201, Long Island City, NY",NY,2108 Clark Ave,NC,MI:2
BARETZ BRUNELLE,2,corrected,"30 S Wacker Dr, Suite 3300, Chicago, IL",IL,44 Wall Street,NY,NY:2
"757CFO, LLC",2,unknown,"500 W Cummings Park, Ste 4000",MA,,,VA:2
BENEDICT PROPERTIES LLC,2,corrected,"62 Cedar St., Danvers, MA",MA,711 Stewart Ave Ste 100,NY,NY:2
BEN & ESTHER ROSENBLOOM FDN,2,corrected,"2401 W. Commercial Blvd., Suite 103, Fort Lauderdale, FL",FL,"8 Reservoir Circle, Suite 202",MD,MD:2
ALLIED UNIVERSAL CORP,2,corrected,"3345 Michelson Dr Suite 100, Irvine, CA",CA,"161 Washington Street, Suite 600",PA,FL:2
"ARLEMARK, INC",2,unknown,"510 N. Valley Forge Road, Suite 300",PA,,,CA:2
"CHILDREN''S EYE SPECIALISTS, PA",2,corrected,"3300 N Tampa St Suite 200, Tampa, FL",FL,2731 Lemmon Ave E Ste 302,TX,TX:2
CENTAURI HEALTH SOLUTIONS INC,2,corrected,"5010 Wheelis Drive, Austin, TX",TX,"51 W. 3rd St., Suite 301",AZ,AZ:2
"CHOSEN RESUMES, LLC",2,corrected,"150 N Radnor Chester Rd Suite F200, Radnor, PA",PA,1330 Cornell Dr SE,MI,MI:2
"CUNEO GILBERT & LADUCA, LLP",2,confirmed,"1001 Pennsylvania Avenue NW, Suite 1300S",DC,,,FL:2
"CONSUMER CELLULAR, INC",2,corrected,"6780 Sierra Center Pkwy, Suite 200, Reno, NV",NV,9363 E. Bahia Drive,AZ,AZ:2
"CUSTOM OUTFITTERS, LLC",2,corrected,"1400 Airport Blvd, Burlingame, CA",CA,5400 S. University Drive #104,FL,FL:2
"CERTIFIED FINANCIAL GROUP, INC",2,corrected,"3 West 51st Street, New York, NY",NY,1111 Douglas Ave,FL,FL:2
"BOULEVARD HEALTHCARE MANAGEMENT, LLC",2,corrected,"1901 Avenue of the Stars, Suite 1800, Los Angeles, CA",CA,"6400 Shafer Ct, Suite 600",IL,NY:2
DAVIDON CORP,2,corrected,"9009 N 49th St, Brown Deer, WI",WI,1600 S Main St Ste 150,CA,CA:2
GRANT THORNTON ADVISORS LLC,2,confirmed,"171 N Clark St, Suite 200",IL,,,CA:2
FAUVER ATTORNEYS & COUNSELORS AT LAW,2,unknown,214 W 7th St,MN,,,VA:2
LAZARUS & HARRIS LLP,2,corrected,"220 Montgomery Street, Suite 2100, San Francisco, CA",CA,561 Seventh Avenue,NY,NY:2
HEYMAN WEALTH MANAGEMENT LLC,2,corrected,"30 Wall Street, New York, NY",NY,16133 Ventura Blvd #640,CA,CA:2
LERCH EARLY & BREWER,2,corrected,"7600 France Ave S, Suite 500, Edina, MN",MN,"7600 Wisconsin Avenue, Suite 700",MD,MD:2
LOWENSTEIN & WEATHERWAX LLP,2,corrected,"1 World Trade Center, Suite 8500, New York, NY",NY,1016 Pico Blvd,CA,CA:2
HISPANIC AMERICAN MARKETING INC,2,unknown,"333 West 39th Street, 6th Floor",NY,,,CA:2
"JOEL RENBAUM, M.D. INC",2,corrected,"8100 Lakeview Pkwy, Suite 10, Rowlett, TX",TX,"1 Daniel Burnham Ct, Suite 365C",CA,CA:2
"MARGULES PROPERTIES, INC",2,corrected,"7700 Maryland Drive, Suite 300, Willowbrook, IL",IL,"381 Park Ave South, Suite 1420",NY,NY:2
"LIGHT VERDE, LLC",2,unknown,"2112 5th Avenue, Suite 200",CA,,,VA:2
MARK HOLDINGS LLC,2,corrected,"362 S Lake Ave, Suite 200, Pasadena, CA",CA,P.O. Box 141,NY,NY:2
MATRIX INVESTMENTS LLC,2,unknown,"100 Crescent Ct, Suite 700",TX,,,OH:2
METZ LEWIS BRODMAN MUST O'KEEFE LLC,2,corrected,"1100 Connecticut Avenue NW, Suite 500, Washington, DC",DC,"444 Liberty Avenue, Suite 2100",PA,PA:2
MERCURY AVIATION COMPANIES LLC,2,corrected,"660 S County Farm Rd, Wheaton, IL",IL,"2780 Skypark Drive, Suite 300",CA,CA:2
"MAHAAI PROPERTIES, LLC",2,corrected,"200 Park Avenue South, Suite 1700, New York, NY",NY,1883 Waltham Circle,GA,GA:2
"NANCY K. LONSDORF, MD PC",2,corrected,"60 E 56th St, Suite 3101, New York, NY",NY,"500 N 3rd St, Suite 105C",IA,IA:2
"MURRAY J. LEBEN, DMD, PA",2,corrected,"3100 SW 22nd Ave, Gainesville, FL",FL,147 S Washington Ave,NJ,NJ:2
MOYAL DESIGNS LLC,2,corrected,"3301 NE 1st Ave, Suite 305, Miami, FL",FL,4200 Kenwyck Ct,GA,GA:2
"PATANE GUMBERG AVILA, LLP",2,corrected,"1100 Walnut St, Suite 2000, Kansas City, MO",MO,"4 Rossi Circle, Suite 231",CA,CA:2
"OPTIMUS PROPERTIES, LLC",2,corrected,"1 International Place, Suite 1400, Boston, MA",MA,"1801 Century Park East, Suite 2100",CA,CA:2
NORTHROCK LLC,2,corrected,"601 Lexington Ave, New York, NY",NY,"225 South 6th Street, Suite 1400",MN,IL:2
PIONEER SECURITY SERVICES INC,2,corrected,"2650 W 44th Ave, Denver, CO",CO,991 Lomas Santa Fe Drive Suite C415,CA,CA:2
OSPREY TRANSFORMATIVE DEVELOPMENT LLC,2,unknown,111 N Market St,DE,,,NJ:2
PRICEMDS,2,corrected,"1800 Wazee St, Suite 300, Denver, CO",CO,"19321 US Hwy 19 N, Building C - Suite 509",FL,FL:2
PROSPECT RIDGE ADVISORS LLC,2,corrected,"100 High St, Suite 925, Boston, MA",MA,"640 Fifth Avenue, 8th Floor",NY,NY:2
SHAPIRO ZWANETZ & LAKE,2,corrected,"1250 Broadway, New York, NY",NY,"7226 Lee Deforest Drive, Suite 207",MD,FL:2
RAYMOUR & FLANIGAN,2,corrected,"1850 Union Ave, Lakewood, NJ",NJ,7248 Morgan Road,NY,NY:2
SCHINDLER BROKERAGE LLC,2,corrected,"10 West 33rd Street, 5th Floor, New York, NY",NY,7333 Rondel Ct,CA,CA:2
SMITH & WARREN,2,corrected,"19 Peabody St, Woburn, MA",MA,127 Oakley Ave,NY,NY:2
MATTHEWS & CO,2,corrected,"1920 Main St, Irvine, CA",CA,"270 Madison Avenue, 16th Floor",NY,NY:2
STEVENS & LEE,2,confirmed,111 N 6th St,PA,,,NJ:2
"SCHOOL TELECOM, LLC",2,unknown,"2200 Mission College Boulevard, Suite 450",CA,,,MO:2
STANSPORT LLC,2,corrected,"7811 NW 61st St, Miami, FL",FL,2801 E 12th St,CA,CA:2
UNITED HEALTH GROUP,2,confirmed,9900 Bren Road East,MN,,,FL:2
"TAYLOR MORRISON NW, LLC",2,confirmed,"3620 1st Ave S, Suite 300",WA,,,OR:2
WSI MANAGEMENT LLC,2,corrected,"500 Boylston Street, 10th Floor, Boston, MA",MA,9229 Wilshire Blvd #200,CA,CA:2
YELLEN & ASSOCIATES,2,corrected,"700 Pennsylvania Avenue SE, Washington, DC",DC,32119 Harborview Lane,CA,CA:2
"SHP REALTY, INC",2,unknown,"1475 N. Harbor Boulevard, Suite 204",CA,,,IL:2
AMGEN,2,confirmed,One Amgen Center Drive,CA,,,FL:2
HIGHTOWER ADVISORS,2,confirmed,"333 West Wacker Drive, Suite 1700",IL,,,CA:2
GSW,2,corrected,"100 West 33rd Street, New York, NY",NY,500 Olde Worthington Rd,OH,CA:2
ADL,2,confirmed,605 Third Ave,NY,,,FL:2
SPARACINO PLLC,2,corrected,"1000 Town Center Drive, Suite 200, Southfield, MI",MI,"1920 L Street, NW, Suite 835",DC,IL:2
FACTORY MOTOR PARTS,2,unknown,1533 W Fullerton Ave,IL,,,MN:2
BOFA SECURITIES,2,confirmed,One Bryant Park,NY,,,NJ:2
MOUNT SINAI WEST,2,confirmed,1000 10th Avenue,NY,,,TX:2
FTI,2,confirmed,"1101 K Street NW, Suite 700",DC,,,NY:1; CA:1
OPTUM HEALTHCARE,2,corrected,"11000 Optum Circle, Hopkinton, MA",MA,11000 Optum Circle,MN,NY:2
OPTUM MEDICAL,2,corrected,"11000 Optum Circle, Hopkinton, MA",MA,11000 Optum Circle,MN,NY:2
OCTAGON,2,corrected,"700 FIFTH AVENUE, 12TH FLOOR, NEW YORK, NY",NY,400 Atlantic Street,CT,MA:2
CITI,2,confirmed,388 Greenwich St,NY,,,NJ:1; CT:1
OPTUM HEALTH,2,confirmed,11000 Optum Cir,MN,,,NY:2
GOODMAN-GABLE-GOULD ADJUSTERS INTERNATIONAL,2,corrected,"444 N Michigan Ave, Suite 1200, Chicago, IL",IL,"10110 Molecular Drive, Suite 300",MD,MD:1; GA:1
WELLS FARGO PRIVATE BANK,2,corrected,"550 S Tryon St, Charlotte, NC",NC,420 Montgomery Street,CA,NY:2
PALANTIR,2,corrected,"100 Hamilton Ave, Palo Alto, CA",CA,"19505 Biscayne Blvd, Suite 2350",FL,NY:2
DELOS HOLDINGS LLC,2,confirmed,501 2nd Street,FL,,,CT:2
"BLUE RIBBON PET PRODUCTS, INC",2,corrected,"1307 Gover St, Quakertown, PA",PA,1545 Ocean Ave Ste B,NY,NY:2
LUKE'S LOBSTER,2,corrected,"26 W 17th St Fl 4, New York, NY",NY,84 Industrial Park Road,ME,CT:2
"BROWN & BROWN METRO, INC",2,corrected,"120 Broadway, Lynnfield, MA",MA,"56 Livingston Ave, Ste 230",NJ,NJ:2
LEVIN AND ROSENSTEIN,2,corrected,"500 White Plains Rd, Suite 402, Tarrytown, NY",NY,14120 Chinkapin Dr,MD,MD:2
CAPITAL ONE FINANCIAL,2,confirmed,1680 Capital One Dr,VA,,,NY:2
WITHERS BERGMAN,2,corrected,"600 Steiner St, San Francisco, CA",CA,"430 Park Avenue, 10th Floor",NY,NY:2
COPADO INC,2,corrected,"180 Montgomery St, 9th Floor, San Francisco, CA",CA,"330 N. Wabash Ave., Fl. 23",IL,FL:2
"ERADANI, INC",2,corrected,"1299 Pennsylvania Ave NW Suite 1020, Washington, DC",DC,11501 Dublin Blvd #200,CA,CA:2
"MAJOR BRANDS, INC",2,corrected,"3100 West Big Beaver Road, Troy, MI",MI,6701 Southwest Ave,MO,KS:2
"METRON, INC",2,corrected,"1225 Connecticut Ave NW, Suite 400, Washington, DC",DC,"1818 Library Street, Suite 600",VA,MD:2
IFC CO,2,confirmed,2121 K St NW,DC,,,NY:2
"RIMON, P.C",2,confirmed,355 S Grand Ave Suite 2450,CA,,,NY:2
"SJM PARTNERS, INC",2,corrected,"600 Lexington Ave, 6th Floor, New York, NY",NY,"11890 Sunrise Valley Drive, Suite 554",VA,VA:2
"SCHEINER LAW GROUP, P.C",2,corrected,"One International Plz Suite 1400, Boston, MA",MA,2211 Norfolk St Ste 735,TX,TX:2
STUDIO LEVANA LTD,2,unknown,"30 East 33rd St, 6th Floor",NY,,,NJ:2
