employer_name,decision,expansion,confidence,verified,evidence,why
ADDCA,expand,ADD COACH ACADEMY,high,,https://addca.com/,"ADD Coach Academy is headquartered at 17 Googas Rd, Slingerlands NY — the exact donor city — and the OWNER occupation matches founder/president David Giwerc."
ADVENTIST,expand,ADVENTIST HEALTH,medium,,https://www.adventisthealth.org/portland/,"Donor is a PHYSICIAN in Portland OR; Adventist Health Portland is a 302-bed medical center with ~290 physicians at 10123 SE Market St, Portland OR — occupation and city both corroborate the Adventist Health system rather than the Silver Spring MD church body."
ALLENCOMM,expand,ALLEN COMMUNICATION LEARNING SERVICES,high,,"https://www.dnb.com/business-directory/company-profiles.allen_communication_learning_services_inc.html — Allen Communication Learning Services, Inc., Salt Lake City, Utah; brand 'AllenComm'",Salt Lake City HQ and donor city match exactly; CEO/MANAGEMENT occupations fit a corporate-training firm.
ANTEX,expand,ANTEX KNITTING MILLS,high,,"https://www.antex.com/ — 'Antex Knitting Mills', vertical knitting mill located in California since 1973","antexknitting.com redirects to antex.com, which identifies the company as Antex Knitting Mills, a California vertical knitting mill — matching the MANUFACTURER/MANUFACTURING donors in Beverly Hills, CA and the Los Angeles, CA resolved HQ."
ASMG,expand,ANESTHESIA SERVICE MEDICAL GROUP,high,,"Anesthesia Service Medical Group, Inc. (ASMG), founded 1946, 3626 Ruffin Road, San Diego CA — confirmed via search results for the group's own site","Donor is a PHYSICIAN in Del Mar CA, which is in San Diego County where ASMG is the large anesthesiology group — occupation and location corroborate it directly."
ASN,expand,ANESTHESIOLOGY SERVICES NETWORK,high,,https://asndayton.org/,"ANESTHESIOLOGIST occupation with a Dayton OH donor matches Anesthesiology Services Network (asndayton.org), headquartered at 1 Wyoming St, Dayton — an exact occupation-plus-city corroboration."
ASYV,expand,AGAHOZO-SHALOM YOUTH VILLAGE,high,,"https://asyv.org/ — 'Agahozo-Shalom Youth Village (ASYV)', US office 228 Park Ave S, New York, NY 10003","The organization's site confirms ASYV as its abbreviation and lists a US office at 228 Park Ave S, New York, NY, matching the CFO donor in New York, NY."
AWS,expand,AMAZON WEB SERVICES,high,,well-established public fact; no search performed,"Seattle WA resolved HQ plus TECH EXECUTIVE occupation corroborate Amazon Web Services; the expansion ties the employer to Amazon, which a general reader recognizes far more readily than the initialism. Decided without a search — globally documented brand."
BAYLOR,expand,BAYLOR COLLEGE OF MEDICINE,high,confirmed,https://www.bcm.edu/departments/neurosurgery/faculty/pediatric-neurosurgical-clinical-faculty,"Donors are a PEDIATRIC NEUROSURGEON and SURGEON in Houston, TX; BCM's Houston pediatric neurosurgery faculty (Texas Children's) corroborates the medical school, not Baylor University in Waco (the AI HQ is wrong)."
BCCP,expand,BALTIMORE CITY CANCER PROGRAM,medium,,https://html.duckduckgo.com/html/?q=%22Baltimore+City+Cancer+Program%22+BCCP+nurse,"Search confirms the Baltimore City Cancer Program (BCCP), run by University of Maryland's Greenebaum Comprehensive Cancer Center, and that it staffs RN case manager/navigator roles — matching the REGISTERED NURSE donor in BALTIMORE MD. Maryland's statewide Breast and Cervical Cancer Program shares the initialism, which caps confidence at medium."
BDT&MSD,expand,BDT & MSD PARTNERS,high,,https://bdtmsd.com/ and https://en.wikipedia.org/wiki/BDT_%26_MSD_Partners — merchant bank co-headquartered in Chicago and New York,"The MERCHANT BANKER occupation, Highland Park IL donors and the Chicago HQ corroborate the firm exactly; adding 'Partners' makes it read as a company rather than a string of initials."
BIDMC,expand,BETH ISRAEL DEACONESS MEDICAL CENTER,high,,https://bidmc.org/about,"PHYSICIAN and REGISTERED NURSE donors in Needham and Newton Centre, MA with a Boston HQ match the Longwood-area Harvard teaching hospital exactly."
BILH,expand,BETH ISRAEL LAHEY HEALTH,high,,"https://www.bilh.org/ — full name 'Beth Israel Lahey Health', 100+ locations in MA and NH","Official site confirms Beth Israel Lahey Health, a Massachusetts/New Hampshire health system; the PHYSICIAN donor in Newton Center MA and resolved HQ Boston MA corroborate it precisely."
BMCI,expand,BEST MANAGEMENT CONSTRUCTION,high,,http://bmci.us/ ; https://www.dnb.com/business-directory/company-profiles.bmci.0f8df0816406f00b0eac48818c88d8b5.html,"Search identifies BMCI as Best Management Construction, Inc. of Irvine CA; the donor is PRESIDENT living in Irvine / Foothill Ranch CA, which corroborates that exact firm."
BNE,expand,BNE REAL ESTATE GROUP,medium,,https://html.duckduckgo.com/html/?q=BNE+Real+Estate+Group+Livingston+New+Jersey,"Confirmed as a family-owned real estate developer at 16 Microlab Road, Livingston NJ — matching both REAL ESTATE donors in Livingston and Short Hills NJ. The letters BNE have no published expansion, so the firm's full trading name is the most intelligible form available."
BRG,expand,BERKELEY RESEARCH GROUP,high,,https://en.wikipedia.org/wiki/Berkeley_Research_Group ; https://www.thinkbrg.com/industries/healthcare/,"Berkeley Research Group is HQ'd in Emeryville CA, matching resolved_hq exactly, and its large healthcare practice corroborates the HEALTHCARE MANAGEMENT CONSULTANT donor."
BROCKTON,expand,BROCKTON PUBLIC SCHOOLS,medium,,https://html.duckduckgo.com/html/?q=Brockton+Public+Schools+Massachusetts+teacher+employer,"'Brockton' is a Massachusetts city name, not an acronym; the TEACHER occupation and Canton MA residence (a Brockton-adjacent town) corroborate Brockton Public Schools, confirmed as the city's district and a large teacher employer."
BSW,expand,BAYLOR SCOTT & WHITE HEALTH,high,,"https://www.bswhealth.com/locations/service-area/austin-tx — Baylor Scott & White Health, bswhealth.com, six hospitals in the Austin area","BSW is meaningless to a reader; the HEALTHCARE occupation and Austin TX donor location corroborate Baylor Scott & White, which itself abbreviates to BSW in its own domain name."
CALTRANS,expand,CALIFORNIA DEPARTMENT OF TRANSPORTATION,high,,https://en.wikipedia.org/wiki/Caltrans,"Wikipedia confirms Caltrans = California Department of Transportation, headquartered in Sacramento — exactly the resolved_hq on this row; retired CA donor corroborates."
CAMSF,expand,CARDIOVASCULAR ASSOCIATES OF MARIN & SAN FRANCISCO,medium,,https://www.acronymfinder.com/Cardiovascular-Associates-of-Marin-&-San-Francisco-Inc.-(California)-(CAMSF).html,"The donor city San Rafael is the seat of Marin County, exactly the practice's service area, which corroborates the Marin & San Francisco cardiology group; the RETIRED occupation is neutral rather than confirming, hence medium."
CAPLIN,expand,CAPLIN & DRYSDALE,high,,"https://www.caplindrysdale.com/ — Caplin & Drysdale, Chartered, 1200 New Hampshire Ave NW, Washington DC","Donor occupation LAWYER in Silver Spring, MD (DC suburb); Caplin & Drysdale is a Washington DC tax law firm founded 1964 — the only prominent 'Caplin' law employer in the DC area."
CATALYST,expand,CATALYST PHYSICIAN GROUP,medium,,https://html.duckduckgo.com/html/?q=Catalyst+Plano+Texas+physician+healthcare+company,"Search confirms Catalyst Physician Group, a physician-owned primary care organization headquartered in Plano TX — matching both the PHYSICIAN occupation and the Plano donor location and Plano resolved HQ. Medium because Catalyst Health Group operates from the same Plano base under a similar name."
CCAC,expand,COMMUNITY COLLEGE OF ALLEGHENY COUNTY,high,,https://en.wikipedia.org/wiki/Community_College_of_Allegheny_County,"TEACHER in Pittsburgh PA; CCAC is the standard abbreviation for the Community College of Allegheny County, whose campuses are in Pittsburgh and Allegheny County — occupation and city both corroborate."
CCF,expand,CLEVELAND CLINIC,medium,,https://en.wikipedia.org/wiki/Cleveland_Clinic,"PHYSICIAN in Beachwood OH, a Cleveland suburb; Wikipedia confirms the institution's legal entity is the Cleveland Clinic Foundation (hence CCF), so location and occupation corroborate, though CCF is a widely reused acronym."
CDPA,expand,CAPITAL DISTRICT PATHOLOGY ASSOCIATES,high,,https://html.duckduckgo.com/html/?q=CDPA+pathology+Slingerlands+Albany+New+York,"Donor is a PATHOLOGIST in Slingerlands NY, an Albany suburb, and Capital District Pathology Associates PLLC is the Albany pathology group at 315 South Manning Blvd — occupation and location both corroborate."
CDPH,expand,CALIFORNIA DEPARTMENT OF PUBLIC HEALTH,high,,"https://www.cdph.ca.gov/ and https://en.wikipedia.org/wiki/California_Department_of_Public_Health — headquartered Sacramento, CA","Sacramento HQ matches; donor lives in Lincoln, CA (Sacramento metro); PHYSICIST fits CDPH's Radiologic Health Branch, which employs health physicists."
CDSD,expand,CENTRAL DAUPHIN SCHOOL DISTRICT,high,,https://www.cdschools.org/our-district,"A SCHOOL PSYCHOLOGIST donor in Harrisburg, PA matches the large suburban Harrisburg district that uses exactly this acronym."
CEDARS,expand,CEDARS-SINAI MEDICAL CENTER,high,,"https://en.wikipedia.org/wiki/Cedars-Sinai_Medical_Center — 919-bed teaching hospital at 8700 Beverly Boulevard, Los Angeles, California","Donor is a PHYSICIAN in LOS ANGELES, CA, which corroborates the LA hospital universally shortened to 'Cedars'."
CES,expand,COOPERATIVE EDUCATIONAL SERVICES,high,,"https://www.cestrumbull.org/ - Cooperative Educational Services, 40 Lindeman Drive, Trumbull CT, RESC serving Fairfield County",Cooperative Educational Services is the Trumbull CT regional education service center; the LIBRARIAN donor in Fairfield CT and the resolved Trumbull CT HQ both corroborate it exactly.
CESJDS,expand,CHARLES E. SMITH JEWISH DAY SCHOOL,high,,https://html.duckduckgo.com/html/?q=CESJDS+Charles+E.+Smith+Jewish+Day+School+Rockville,"CESJDS is the school's own abbreviation for Charles E. Smith Jewish Day School at 1901 East Jefferson St, Rockville MD — matching resolved_hq Rockville and the LANG ARTS SPECIALIST donor in nearby Silver Spring MD."
CFVHS,expand,CAPE FEAR VALLEY HEALTH,medium,,https://webcampus.med.drexel.edu/clinicaleducation/Year3/ClinicalSiteFairCFVHS-2023-2024.pdf and https://www.capefearvalley.com/,"CFVHS is a documented abbreviation for Cape Fear Valley Health System, an 8-hospital North Carolina system; the donor is in Greenville NC, which corroborates the state and region though not the Fayetteville home city specifically."
CHOP,expand,CHILDREN'S HOSPITAL OF PHILADELPHIA,high,,"https://www.chop.edu/about-us - 'Children's Hospital of Philadelphia', 3401 Civic Center Blvd, Philadelphia PA 19104","CHOP.edu confirms CHOP = Children's Hospital of Philadelphia at 3401 Civic Center Blvd, Philadelphia PA; donor is a PHYSICIAN in Philadelphia PA with a Philadelphia resolved_hq - exact corroboration."
CHSLI,expand,CATHOLIC HEALTH SERVICES OF LONG ISLAND,high,,"https://en.wikipedia.org/wiki/Catholic_Health_Services_of_Long_Island — six hospitals on Long Island, ~17,000 employees, sponsored by the Diocese of Rockville Centre (renamed 'Catholic Health' in 2021)","CHSLI is Catholic Health Services of Long Island; a PHYSICIAN donor in Great Neck NY and the Hicksville NY HQ both sit inside its Long Island service area, corroborating it decisively."
CIBC,expand,CIBC BANK USA,medium,,"https://en.wikipedia.org/wiki/CIBC_Bank_USA (HQ 120 S LaSalle St, Chicago)","Chicago HQ pins this to CIBC Bank USA (the former PrivateBank, acquired by Canadian Imperial Bank of Commerce in 2017); managing director / senior counsel / attorney donors fit a commercial bank. 'CIBC Bank USA' is the entity's own public name and reads as a bank."
CITIZENS,expand,CITIZENS BANK,medium,,"https://en.wikipedia.org/wiki/Citizens_Financial_Group — Citizens Financial Group, Inc., headquartered in Providence, Rhode Island, operating under the Citizens Bank brand","Resolved HQ Providence, RI matches Citizens Financial Group exactly and a HOUSTON 'COMMODITY SOLUTIONS' role fits its commodity-hedging desk; medium because bare 'CITIZENS' is a common bank-name element."
CJDS,expand,CHARLOTTE JEWISH DAY SCHOOL,high,,https://www.cjdschool.org/,The school uses CJDS as its own abbreviation on its website; Charlotte NC HQ and both donors (EDUCATION and HOMEMAKER) in Charlotte NC corroborate.
CJFS,expand,COLLAT JEWISH FAMILY SERVICES,high,,"https://cjfsbham.org/ — CJFS = Collat Jewish Family Services, Birmingham, Alabama","Donor is a CARE MANAGER in MOUNTAIN BROOK, AL, a Birmingham suburb, matching this Birmingham social-services agency; its own site confirms the acronym."
CSRPS,expand,CSR PRIVACY SOLUTIONS,high,,"https://csrps.com/about-company/ — CSR Privacy Solutions, Inc., 830 NE Pop Tilton Place, Jensen Beach, FL","Donor is a CEO in Jensen Beach, FL — CSR Privacy Solutions, Inc. is headquartered in Jensen Beach and uses csrps.com as its domain; exact city match on a small firm."
CTCA,expand,CANCER TREATMENT CENTERS OF AMERICA,high,,https://en.wikipedia.org/wiki/Cancer_Treatment_Centers_of_America,"Wikipedia confirms CTCA is Cancer Treatment Centers of America, which operated a Phoenix-area hospital from 2008; the donor is a PHYSICIAN in Paradise Valley AZ, a Phoenix suburb."
CUSM,expand,CREIGHTON UNIVERSITY SCHOOL OF MEDICINE,high,,"DuckDuckGo result set: CUSM = Creighton University School of Medicine, private medical school founded 1892 in Omaha, Nebraska","PHYSICIAN donor located in Omaha NE matches the school's city exactly, ruling out the other CUSM (California University of Science and Medicine)."
D&H,expand,D&H DISTRIBUTING,medium,,"https://www.dandh.com/ — D&H Distributing, technology distributor, Camp Hill PA",Resolved HQ Camp Hill PA matches D&H Distributing's facility exactly; MANAGER occupation is consistent with the distributor.
DCPS,expand,DISTRICT OF COLUMBIA PUBLIC SCHOOLS,high,,"https://en.wikipedia.org/wiki/District_of_Columbia_Public_Schools — official name ""District of Columbia Public Schools"", acronym DCPS, HQ 1200 First Street NE, Washington DC","District of Columbia Public Schools, HQ Washington DC — matches resolved_hq exactly; donor is a SPEECH LANGUAGE PATHOLOGIST in Arlington VA, a DC-metro commuter role that school districts staff."
DDR,expand,DEVELOPERS DIVERSIFIED REALTY,medium,,"Search result confirming DDR Corp = Developers Diversified Realty, headquartered in Beachwood, Ohio","Resolved HQ Beachwood OH matches the REIT exactly; corroboration is HQ-only since the donor is RETIRED, and the firm later traded formally as 'DDR Corp', so medium."
DELTA,expand,DELTA AIR LINES,high,,Atlanta HQ in row + pilot occupation; Delta Air Lines is the Atlanta-headquartered airline,"Atlanta, GA resolved HQ plus a donor occupation of PILOT (PILPT) corroborates the airline, not the many other 'Delta' companies."
DERMIC,expand,DERM INSTITUTE OF CHICAGO,high,,"https://dermic.com/ and https://dermic.com/about/ — Derm Institute of Chicago, multiple Chicago-area dermatology locations","dermic.com is the Derm Institute of Chicago, a Chicago dermatology practice — the donor is a MEDICAL DOCTOR in Chicago IL, which corroborates it exactly, and 'DERMIC' is the domain contraction rather than a public brand a reader would parse."
DESRI,expand,D. E. SHAW RENEWABLE INVESTMENTS,high,,"https://desri.com/contact — DESRI, 575 Fifth Avenue, New York NY",New York NY HQ matches and the POWER/CEO occupations corroborate the renewable energy arm of the D. E. Shaw group.
DOWNSTATE,expand,SUNY DOWNSTATE HEALTH SCIENCES UNIVERSITY,high,,https://www.downstate.edu/,"Official site confirms SUNY Downstate Health Sciences University, 450 Clarkson Ave, Brooklyn, NY; donor is an OPHTHALMOLOGIST in Woodmere, NY (NYC metro) — a bare 'DOWNSTATE' is not readable to a general audience."
DP&F,expand,DICKENSON PEATMAN & FOGARTY,high,,https://dpf-law.com/about/,"Firm site confirms DP&F is Dickenson, Peatman & Fogarty, a California wine-country law firm with Napa and Santa Rosa offices; donor is a LAWYER in Berkeley, CA — occupation and state corroborate. Initials, not a readable founder name, so expansion adds real intelligibility."
DRL,expand,DAPEER ROSENBLIT & LITVAK LLP,medium,,"https://www.drllaw.com/ and https://www.drllaw.com/about/ — Dapeer Rosenblit & Litvak LLP, West Los Angeles real estate/business firm","DRL Law = Dapeer Rosenblit & Litvak LLP, a West Los Angeles firm — the donor is an ATTORNEY in Los Angeles CA, which corroborates it directly. The row's resolved_hq of Washington DC looks like a mis-resolution to the State Department's Bureau of Democracy, Human Rights and Labor, which would not employ an LA attorney."
DTNA,expand,DAIMLER TRUCK NORTH AMERICA,high,,https://en.wikipedia.org/wiki/Daimler_Truck_North_America,"Wikipedia confirms DTNA is Daimler Truck North America LLC, headquartered in Portland, Oregon — exactly matching the resolved HQ, and the ENGINEER occupation fits a truck manufacturer."
DVRA,expand,DELAWARE VALLEY RETINA ASSOCIATES,high,,"https://www.dvra.net/locations/lawrenceville/ — Delaware Valley Retina Associates, 4 Princess Rd, Lawrenceville NJ, uses dvra.net","Donor is a PHYSICIAN in Pennington NJ, a few miles from the practice's Lawrenceville NJ office in Mercer County — occupation and location both corroborate, and the practice itself abbreviates to DVRA."
DWT,expand,DAVIS WRIGHT TREMAINE,high,,"https://en.wikipedia.org/wiki/Davis_Wright_Tremaine — Davis Wright Tremaine LLP, abbreviated DWT, headquartered in Seattle, Washington",Resolved HQ Seattle matches exactly and the LAWYER occupation in Los Angeles fits a firm with a large LA office.
EGRS,expand,EDELSTEIN GILBERT ROBSON & SMITH,high,,https://www.egrslobby.com/who-we-are,"A LEGISLATIVE ADVOCATE donor in Carmichael, CA (Sacramento suburb) matches this top-ranked Sacramento lobbying firm, whose own domain is egrslobby.com."
EJDC,expand,EIGHTH JUDICIAL DISTRICT COURT,high,,https://www.clarkcountycourts.us/departments/district-court/,"Clark County courts site confirms the Eighth Judicial District Court of Nevada, seated in Las Vegas; donor is an INTERPRETER in Las Vegas, NV — court interpreting is a standard role there, corroborating both occupation and place."
ERNEST,expand,ERNEST PACKAGING SOLUTIONS,medium,,"https://www.ernestpackaging.com/about-us/ - 'Ernest Packaging Solutions', packaging/supply chain, Los Angeles CA, founded 1946 as Ernest Paper Products","Company site confirms Ernest Packaging Solutions is an LA-based family packaging firm, and the donor's Commerce CA location is exactly where Ernest is headquartered, corroborating it over any personal-name reading."
EXTELL,expand,EXTELL DEVELOPMENT COMPANY,medium,,https://extell.com/,"EVP FINANCE and LAWYER donors in New York, NY and Cedarhurst, NY with a New York HQ match Gary Barnett's NYC developer; adding 'Development Company' makes the coined name intelligible without displacing its trading name."
FASB,expand,FINANCIAL ACCOUNTING STANDARDS BOARD,high,,"https://en.wikipedia.org/wiki/Financial_Accounting_Standards_Board — based in Norwalk, Connecticut","BANKER occupation plus a Norwalk, CT resolved_hq exactly matches FASB's headquarters city, a distinctive corroboration."
FCA,expand,FIAT CHRYSLER AUTOMOBILES,high,,"https://en.wikipedia.org/wiki/Fiat_Chrysler_Automobiles — FCA US LLC, 1000 Chrysler Dr, Auburn Hills MI","FCA is opaque and collides with many other acronyms, but the Auburn Hills MI HQ plus ENGINEER donors in Ann Arbor, Farmington Hills and West Bloomfield MI pin it unambiguously to the automaker."
FDD,expand,FOUNDATION FOR DEFENSE OF DEMOCRACIES,high,,https://www.fdd.org/about-fdd/,"Washington DC donor plus CEO/DEVELOPMENT/FUNDRAISER occupations match the DC think tank's staffing profile, and its pro-Israel foreign-policy focus fits the donor population of these PACs."
FHLBSF,expand,FEDERAL HOME LOAN BANK OF SAN FRANCISCO,high,,https://en.wikipedia.org/wiki/Federal_Home_Loan_Banks — San Francisco is one of the 11 FHLBank districts; fhlbsf.com is its domain,"RISK MANAGEMENT occupation in Moraga, CA (SF Bay Area) with a San Francisco resolved_hq matches the FHLBank of San Francisco precisely."
FHPS,expand,FOREST HILLS PUBLIC SCHOOLS,high,,https://www.fhps.net/,"Donor is a TEACHER in Grand Rapids, MI; official district site confirms Forest Hills Public Schools at 620 Forest Hill Ave SE, Grand Rapids, MI — occupation and city both corroborate."
FIDF,expand,FRIENDS OF THE ISRAEL DEFENSE FORCES,high,,"https://www.fidf.org/ and https://en.wikipedia.org/wiki/Friends_of_the_Israel_Defense_Forces — Friends of the Israel Defense Forces (FIDF), US 501(c)(3), New York NY","Donors include a COMMUNITY ENGAGEMENT role across Baltimore MD, Teaneck NJ and West Hempstead NY — all major Jewish communities where FIDF has chapters — which corroborates the national FIDF organization in this pro-Israel PAC donor dataset."
FIDM,expand,FASHION INSTITUTE OF DESIGN & MERCHANDISING,high,,https://en.wikipedia.org/wiki/Fashion_Institute_of_Design_%26_Merchandising (downtown LA; closed March 2025),"FIDM is the Fashion Institute of Design & Merchandising, headquartered in downtown Los Angeles — matches resolved_hq; a retired Marina del Rey donor fits a local LA institution."
FINRA,expand,FINANCIAL INDUSTRY REGULATORY AUTHORITY,high,,https://www.finra.org/about/locations,"A Washington, DC HQ and a Potomac, MD donor match FINRA's K Street headquarters and its DC-area workforce; the acronym is opaque to a general reader."
FJECC,expand,FRANCES JACOBSON EARLY CHILDHOOD CENTER,high,,"https://fjecc.org/ — The Frances Jacobson Early Childhood Center at Temple Israel, Boston","Opaque acronym; the school sits between Boston/Brookline/Chestnut Hill, matching the donor's Chestnut Hill MA location."
FMR,expand,FIDELITY INVESTMENTS,high,,"https://en.wikipedia.org/wiki/Fidelity_Investments - 'FMR LLC becoming the owning entity', HQ 245 Summer Street, Boston MA","FMR LLC is Fidelity's parent entity; donor is RETIRED in Newton MA (a Boston suburb) with resolved HQ Boston MA, matching Fidelity's 245 Summer Street headquarters. 'Fidelity Investments' is the common public name preferred over the legal name FMR LLC."
FNF,expand,FIDELITY NATIONAL FINANCIAL,medium,,https://www.fnf.com/,"FNF is the ticker and self-branding of Fidelity National Financial, HQ 601 Riverside Ave Jacksonville FL, matching the resolved HQ; the CA donor location is unconfirmed so corroboration rests on the HQ match."
FPF,expand,FUTURE OF PRIVACY FORUM,high,,"https://fpf.org/about/ - 'Future of Privacy Forum', offices in Washington, Brussels and Singapore","Donor is POLICY COUNSEL in Washington DC, matching the Future of Privacy Forum's DC office and its privacy-policy legal staffing - the occupation and city together corroborate it."
FPL,expand,FLORIDA POWER & LIGHT,high,,"https://en.wikipedia.org/wiki/Florida_Power_%26_Light - 'Florida Power & Light Company', HQ 700 Universe Boulevard, Juno Beach FL","Resolved HQ Juno Beach FL matches Florida Power & Light's headquarters exactly, and the RETIRED donor lives in Miami Beach FL inside FPL's service territory."
FRISCH,expand,THE FRISCH SCHOOL,medium,,https://frisch.org/,"DIRECTOR OF OPERATIONS donors in Englewood, NJ with a Paramus, NJ HQ match the Paramus Jewish day school serving the adjacent Bergen County community; the bare surname would otherwise read as a person."
FTI,expand,FTI CONSULTING,high,,"https://en.wikipedia.org/wiki/FTI_Consulting — FTI Consulting, Inc., HQ Washington, D.C.","CONSULTANT and FINANCIAL occupations with a Washington, DC resolved_hq match FTI Consulting; the bare initials read as nothing to a general audience."
GBMC,expand,GREATER BALTIMORE MEDICAL CENTER,high,,https://www.gbmc.org/about-gbmc ; https://en.wikipedia.org/wiki/Greater_Baltimore_Medical_Center,"Search confirms GBMC = Greater Baltimore Medical Center; the donor is a FAMILY PHYSICIAN in Baltimore MD and the hq is in the Baltimore area, corroborating exactly."
GNTC,expand,GEORGIA NORTHWESTERN TECHNICAL COLLEGE,high,,https://en.wikipedia.org/wiki/Georgia_Northwestern_Technical_College - campuses in Ringgold/Catoosa County adjacent to Chattanooga TN,"Donor is a COLLEGE INSTRUCTOR in Chattanooga TN; GNTC's Catoosa County campus sits in the county adjacent to Chattanooga, making it the clear employer."
GOODMANS,expand,GOODMANS INTERIOR STRUCTURES,medium,,"https://www.goodmans.com/ — Goodmans Interior Structures, 1400 E Indian School Rd, Phoenix, AZ","CEO donor in Paradise Valley, AZ is a Phoenix suburb matching Goodmans' HQ; expanding tells the reader it is a commercial interiors dealer, not a generic surname."
GPSN,expand,GREAT PUBLIC SCHOOLS NOW,high,,https://ballotpedia.org/Great_Public_Schools_Now ; https://www.guidestar.org/profile/47-4962715,"GPSN is Great Public Schools Now, a Los Angeles education nonprofit founded 2015; LA HQ and EVP / managing director donors in Los Angeles corroborate exactly."
GSU,expand,GEORGIA STATE UNIVERSITY,medium,,"https://www.gsu.edu/ — lists Atlanta, Decatur, Clarkston, Dunwoody and other metro campuses; uses ""GSU"" throughout","Georgia State University abbreviates itself GSU and operates a dedicated Decatur campus in the Atlanta metro, directly corroborating the TEACHER donor located in Decatur GA."
GUHSD,expand,GROSSMONT UNION HIGH SCHOOL DISTRICT,high,,"https://www.guhsd.net/ — 'Grossmont Union High School District', 1100 Murray Drive, El Cajon, CA 92020","Official district site confirms the name and El Cajon, CA location, which matches resolved_hq exactly, and the SUBSTITUTE TEACHER donor in San Diego, CA corroborates a school district employer."
GW&K,expand,GW&K INVESTMENT MANAGEMENT,high,,"https://www.gwkinvest.com/ and https://adviserinfo.sec.gov/firm/summary/121942 — GW&K Investment Management, LLC (formerly Gannett Welsh & Kotler), 222 Berkeley St, Boston MA",Boston HQ and a Brookline MA donor whose occupation is CHAIRMAN AND FOUNDER / INVESTMENT ADVISOR corroborate the Boston investment manager; keeping the firm's own 'GW&K' styling plus 'Investment Management' rather than the retired Gannett Welsh & Kotler legal name.
HAMMOND,expand,HAMMOND RESIDENTIAL REAL ESTATE,medium,,https://www.hammondre.com/ and https://www.yelp.com/biz/hammond-residential-real-estate-newton,"REALTOR / REAL ESTATE donor in Waban, MA (a Newton village) matches Hammond Residential Real Estate, the dominant Newton-Brookline-Chestnut Hill brokerage; the bare surname is ambiguous on a dashboard."
HCC,expand,HOWARD COMMUNITY COLLEGE,high,,"https://www.howardcc.edu/ and https://en.wikipedia.org/wiki/Howard_Community_College — Howard Community College (HCC), a public community college in Columbia, Maryland","Donor is an EDUCATOR living in Columbia MD, which is exactly where Howard Community College sits — occupation and city corroborate it; note the AI-resolved Houston TX HQ is wrong (it picked Houston Community College)."
HEWLETT,expand,WILLIAM AND FLORA HEWLETT FOUNDATION,medium,,"https://hewlett.org/about-us/ - 'William and Flora Hewlett Foundation', based in the Bay Area, wholly independent of HP/HPE","Foundation site confirms the full name and Bay Area base, and the PHILANTHROPY occupation in San Francisco CA plus Palo Alto CA resolved_hq corroborate the foundation rather than Hewlett-Packard; medium because bare 'HEWLETT' could still read as the HP lineage."
HHCMG,expand,HARTFORD HEALTHCARE MEDICAL GROUP,high,,"https://npiregistry.cms.hhs.gov/api/?version=2.1&organization_name=Hartford%20HealthCare%20Medical%20Group - NPI 1043561301, 1290 Silas Deane Hwy, Wethersfield CT","NPI registry confirms HARTFORD HEALTHCARE MEDICAL GROUP, INC, a multi-specialty group in Wethersfield CT; donor is a PHYSICIAN in West Hartford CT, corroborating the Connecticut health system (the ai-resolved Kansas City HQ is wrong)."
HIGHTOWER,expand,HIGHTOWER ADVISORS,high,,"https://hightoweradvisors.com/ and https://en.wikipedia.org/wiki/Hightower_Advisors — Hightower Advisors, wealth management firm headquartered in Chicago IL","Resolved HQ Chicago IL and a FINANCE donor match the Chicago RIA exactly; 'Hightower' alone is ambiguous with unrelated Hightower brands, so adding 'Advisors' makes the employer intelligible."
HILLEL,expand,HILLEL INTERNATIONAL,high,,"https://en.wikipedia.org/wiki/Hillel_International — ""Hillel: The Foundation for Jewish Campus Life"", HQ Washington, D.C.","DIRECTOR and EXECUTIVE donors in Columbus, OH and Washington, DC with a Washington, DC resolved_hq match the national Jewish campus organization headquartered there."
HMFP,expand,HARVARD MEDICAL FACULTY PHYSICIANS,high,,http://hmfphysicians.org/,"The organization's own site confirms HMFP is Harvard Medical Faculty Physicians, the Boston-based physician group for Beth Israel Deaconess; the donor is a PHYSICIAN in Newton Center MA, a Boston suburb."
HMH,expand,HACKENSACK MERIDIAN HEALTH,medium,,"https://www.hackensackmeridianhealth.org/ — full name Hackensack Meridian Health, Inc., abbreviated HMH, operating throughout New Jersey","PHYSICIAN donor in Englewood NJ corroborates New Jersey's largest hospital network; medium because the AI-resolved HQ (Boston) instead points at the rival HMH, Houghton Mifflin Harcourt."
HOCS,expand,HOCS CONSULTING,medium,,"https://hocs.com/ and https://hocs.com/about-us/the-experts/ (vCIO role listed) via WebSearch ""HOCS Consulting IT vCIO Maryland managed services""","HOCS Consulting is a managed-IT provider whose staff hold vCIO titles — the donors' occupations are literally IT and VCIO, and their Potomac MD / Silver Spring MD locations fit its nationwide service footprint. HOCS itself has no published word expansion, so the gain is only marking it as a consulting firm."
HPE,expand,HEWLETT PACKARD ENTERPRISE,high,,https://en.wikipedia.org/wiki/Hewlett_Packard_Enterprise,HPE is an initialism for Hewlett Packard Enterprise Company; Spring TX HQ matches the row exactly and the donor is in SALES — the full name is materially more readable to a dashboard visitor.
HRA-DSS,expand,NEW YORK CITY HUMAN RESOURCES ADMINISTRATION / DEPARTMENT OF SOCIAL SERVICES,high,,https://en.wikipedia.org/wiki/New_York_City_Human_Resources_Administration - 'The Human Resources Administration or Department of Social Services (HRA/DSS) is the department of the government of New York City',Wikipedia confirms HRA/DSS is the single NYC agency 'Human Resources Administration / Department of Social Services' serving all five boroughs; donor occupation SOCIAL SERVICES ADMINISTRATION in the Bronx corroborates exactly.
HSS,expand,HOSPITAL FOR SPECIAL SURGERY,high,,"https://www.hss.edu/about/ and NPI registry: HOSPITAL FOR SPECIAL SURGERY, 535 E 70TH ST, NEW YORK, NY","HSS.edu confirms HSS = Hospital for Special Surgery at 535 E 70th St, New York NY, and that it pioneered the total knee replacement; donor is a KNEE SURGEON in New York, NY - exact corroboration (the ai-resolved Boston HQ is wrong)."
HUMC,expand,HACKENSACK UNIVERSITY MEDICAL CENTER,medium,,https://www.acronymfinder.com/Hackensack-University-Medical-Center-(HUMC).html and https://en.wikipedia.org/wiki/Hackensack_University_Medical_Center,"HUMC is the standard abbreviation for Hackensack University Medical Center, a 950-bed Bergen County NJ teaching hospital; the donor is a PHYSICIAN in Englewood NJ, the same Bergen County area, which corroborates it over the AI-resolved Bayonne address."
IBJ,expand,INDIANAPOLIS BUSINESS JOURNAL,high,,"https://en.wikipedia.org/wiki/Indianapolis_Business_Journal - weekly newspaper published in Indianapolis, Indiana, abbreviated IBJ","Wikipedia confirms IBJ = Indianapolis Business Journal, headquartered in Indianapolis; donor is RETIRED in Carmel IN, an Indianapolis suburb, and resolved_hq is Indianapolis."
ICSD,expand,ITHACA CITY SCHOOL DISTRICT,high,,https://www.ithacacityschools.org/ and https://en.wikipedia.org/wiki/Ithaca_City_School_District - district uses ICSD in official communications,"Ithaca City School District uses ICSD as its own official acronym, and the sole donor lives in Ithaca NY, which pins the district exactly."
IHSS,expand,IN-HOME SUPPORTIVE SERVICES,high,,"https://www.cdss.ca.gov/in-home-supportive-services — In-Home Supportive Services (IHSS) Program, California Department of Social Services","Both donors are CARE PROVIDER / CAREGIVER in California (Fresno and Irvine), and IHSS is California's state program that pays in-home caregivers directly — occupation and state corroborate it precisely."
IMC,expand,IMC FINANCIAL MARKETS,medium,,"https://en.wikipedia.org/wiki/IMC_Financial_Markets — IMC Financial Markets (IMC Trading), major Chicago trading office; FINRA firm 104143",The donor occupation 'FINANCIAL MARKETS' plus the Chicago HQ corroborate the proprietary trading firm specifically; medium because IMC is a heavily overloaded acronym and the firm also brands itself simply 'IMC Trading'.
IPFS,expand,IMPERIAL PFS,medium,,"https://www.ipfs.com/about — IPFS/Imperial PFS, insurance premium finance, headquartered Kansas City, Missouri","Resolved HQ Kansas City, MO matches IPFS Corporation exactly and donors are BUSINESSMAN/FINANCE in Leawood, KS (KC suburb); the bare acronym collides with the InterPlanetary File System, so the Imperial PFS brand is clearer."
IPM,expand,INCOME PROPERTY MANAGEMENT,medium,,https://www.ipmco.com/portland-property-management and https://www.yelp.com/biz/income-property-management-portland,"PROPERTY MANAGER / REAL ESTATE MANAGER donors in Portland, OR match Income Property Management (IPM Co.), the Portland-headquartered manager of 8,000+ units that uses exactly this abbreviation."
IRELL,expand,IRELL & MANELLA LLP,high,,"https://www.irell.com/ — 'Irell & Manella LLP', offices in Los Angeles, Newport Beach and Washington, D.C.","The firm's own site gives the full name and lists Los Angeles among its offices, matching the LAWYER donor in Los Angeles, CA and the Los Angeles, CA resolved HQ."
IWHC,expand,INTERNATIONAL WOMEN'S HEALTH COALITION,medium,,"https://en.wikipedia.org/wiki/International_Women's_Health_Coalition — NYC-based NGO, acronym IWHC, merged 2021","IWHC is overwhelmingly the International Women's Health Coalition, a New York City women's-health NGO (1984-2021) — the RETIRED donor in Scarsdale NY sits in the NYC metro, corroborating. The row's Washington DC HQ likely reflects its 2021 merger into DC-linked Fos Feminista rather than a different org."
JCRC,expand,JEWISH COMMUNITY RELATIONS COUNCIL OF ATLANTA,high,,https://www.atlantajcrc.org/,"Standard acronym for a Jewish Community Relations Council, and the Atlanta GA donor pins it to the Atlanta chapter (atlantajcrc.org); fits the pro-Israel PAC donor base."
JEFFERSON,expand,JEFFERSON HEALTH,medium,,https://www.jeffersonhealth.org/locations/599-w-state-street,"PHYSICIAN donor in Doylestown PA, where Jefferson Health operates the 599 W. State Street site and Jefferson Moss-Magee Rehabilitation at Doylestown Hospital; medium because bare 'Jefferson' could also mean Thomas Jefferson University, its academic arm."
JFCS,expand,JEWISH FAMILY & CHILDREN'S SERVICES,high,,"ProPublica Nonprofit Explorer (IRS data) returns 'Jewish Family & Childrens Services', San Francisco, CA",IRS nonprofit records list 'Jewish Family & Children's Services' in San Francisco CA — matching the SF HQ; CEO and EXECUTIVE DIRECTOR occupations fit a nonprofit social-services agency.
JFCSNNJ,expand,JEWISH FAMILY & CHILDREN'S SERVICES OF NORTHERN NEW JERSEY,high,,https://www.jfcsnnj.org/,"The acronym maps letter-for-letter and the org's own domain is jfcsnnj.org; PSYCHOTHERAPIST occupation matches its clinical mental-health services and the Tenafly NJ donor is in Bergen County, its core service area."
JFNA,expand,THE JEWISH FEDERATIONS OF NORTH AMERICA,high,,"https://www.jewishfederations.org/ — 'The Jewish Federations of North America' (JFNA), 25 Broadway, New York, NY 10004","The organization's site confirms JFNA as its abbreviation and New York, NY as its headquarters, matching the resolved HQ; a CEO/PRESIDENT donor fits a national federation umbrella body."
JFOGR,expand,JEWISH FEDERATION OF GREATER ROCHESTER,high,,"https://www.jewishrochester.org/ — 'Jewish Federation of Greater Rochester', 255 East Avenue, Rochester, NY; footer logo file 'JFOGR_Logo_2Color'","The federation's own site carries a logo file named JFOGR and is based in Rochester, NY, matching the DIRECTOR - NON PROFIT donor in Rochester, NY."
JFS,expand,JEWISH FAMILY SERVICE OF METRO DETROIT,high,,https://www.jfsdetroit.org/,"DEVELOPMENT / DEVELOPMENT ADMIN occupations are nonprofit fundraising roles, and both donor place and manual HQ are Bloomfield Hills MI — Jewish Family Service of Metro Detroit sits at 6555 W Maple Rd, West Bloomfield Township MI."
JINSA,expand,JEWISH INSTITUTE FOR NATIONAL SECURITY OF AMERICA,high,,"https://jinsa.org/about/ and https://en.wikipedia.org/wiki/Jewish_Institute_for_National_Security_of_America — Washington, DC","Washington, DC HQ matches exactly, and DEVELOPMENT/FUNDRAISER occupations fit a nonprofit advocacy institute."
JMBM,expand,JEFFER MANGELS BUTLER & MITCHELL,high,,https://www.jmbm.com/,"JMBM is the firm's own domain (jmbm.com); ATTORNEY occupation, Encino/Hidden Hills CA donors and Los Angeles HQ match the LA-founded firm exactly."
JNS,expand,JEWISH NEWS SYNDICATE,medium,,https://en.wikipedia.org/wiki/Jewish_News_Syndicate and https://www.jns.org/about-jns — nonprofit news agency; leadership includes a Chief Development Officer and a VP of Development,"JNS is the Jewish News Syndicate, a nonprofit Israel-focused news agency — decisive corroboration is that the row's occupations, CHIEF DEVELOPMENT OFFICER and VP OF DEVELOPMENT, are both real published JNS titles (Shira Ben Or and Jennifer Schrutt), an unusual pairing to occur by chance. Donor cities Beverly Hills CA / Bronx NY fit a US-facing nonprofit's development staff."
JPMC,expand,JPMORGAN CHASE,high,,JPMC is the standard internal abbreviation for the New York-headquartered bank,"New York, NY HQ and a corporate DESIGNER role match the bank; JPMC is an internal-style abbreviation a reader would not parse. Well-known company, decided without search."
JSSI,expand,JET SUPPORT SERVICES,high,,"https://en.wikipedia.org/wiki/Jet_Support_Services and https://jetsupport.com/about/ — Jet Support Services, Inc. (JSSI), headquartered Chicago, IL","Resolved HQ Chicago, IL with CHAIRMAN & CEO / EXECUTIVE donors in Chicago matches Jet Support Services, Inc. (JSSI), the Chicago business-aviation firm."
JUF,expand,JEWISH UNITED FUND,high,,"https://www.juf.org/ — 'JUF – Together for good', full name Jewish United Fund, Chicago, IL 60606","Official site confirms JUF is the Jewish United Fund, headquartered at 30 S. Wells Street, Chicago IL — directly corroborated by the RABBI donor in Chicago IL."
KARLIN,expand,KARLIN ASSET MANAGEMENT,medium,,"https://karlinfund.com/ and https://www.crunchbase.com/organization/karlin-asset-management-inc — Karlin Asset Management, Los Angeles CA, co-founder/CEO David A. Cohen","Donor is a CEO in Pacific Palisades CA and Karlin Asset Management is an LA family office whose CEO title matches; medium because Karlin also brands affiliates (Karlin Ventures, Karlin Real Estate) and no HQ was resolved for the row."
KCC,expand,KURTZMAN CARSON CONSULTANTS,medium,,"https://www.dnb.com/business-directory/company-profiles.kurtzman_carson_consultants_inc.html — legal-services firm HQ El Segundo, CA","Resolved HQ El Segundo CA matches KCC exactly, and the LAWYER occupation fits a legal claims/restructuring administrator (now Verita Global)."
KCU,expand,KANSAS CITY UNIVERSITY,high,,"https://www.kansascity.edu/ — 'Kansas City University (KCU)', Kansas City, Missouri with a Joplin, MO campus","Official site confirms Kansas City University abbreviates to KCU and is located in Kansas City, Missouri — matching the PHYSICIAN donor in Kansas City MO (KCU is an osteopathic medical school, so the physician occupation corroborates directly)."
KEYES,expand,KEYES AUTO GROUP,high,,"https://www.lithia.com/keyes-auto-group/index.htm and https://www.keyestoyota.com/ — Keyes Auto Group, Van Nuys / Los Angeles CA dealerships","Occupations AUTO and CAR SALES with a Hidden Hills CA donor and a Los Angeles resolved HQ corroborate the Van Nuys dealership group; 'Keyes' alone reads as a surname, so 'Keyes Auto Group' is materially clearer."
KSDS,expand,KRIEGER SCHECHTER DAY SCHOOL,high,,https://www.ksds.edu/,"ksds.edu resolves to Krieger Schechter Day School in Baltimore MD — the donor is a MUSIC DIRECTOR in Baltimore, and a K-8 day school employs a music director, so city and occupation both corroborate."
KYHS,expand,KATZ YESHIVA HIGH SCHOOL OF SOUTH FLORIDA,high,,https://html.duckduckgo.com/html/?q=KYHS+%22Katz+Yeshiva+High+School%22+Boca+Raton+Florida,"Confirmed as the Boca Raton Orthodox Jewish high school; donor is an EXECUTIVE DIRECTOR in BOCA RATON FL, matching the school's own location exactly."
LAJH,expand,LOS ANGELES JEWISH HEALTH,high,,https://www.lajhealth.org/,"The organization's own site confirms LAJH as its abbreviation (formerly Los Angeles Jewish Home); its Grancell/Eisenberg Village campuses are in the San Fernando Valley, and the donor is a PHYSICIAN in Encino, in that same valley."
LANSDALE,expand,LANSDALE SEMICONDUCTOR,medium,,https://www.lansdale.com/,"PRESIDENT in Phoenix AZ; Lansdale Semiconductor, Inc. is a Phoenix-based legacy-IC manufacturer — city and executive title corroborate, though 'Lansdale' alone is also a PA place name."
LAPL,expand,LOS ANGELES PUBLIC LIBRARY,high,,https://en.wikipedia.org/wiki/Los_Angeles_Public_Library,"LAPL is the confirmed abbreviation of the Los Angeles Public Library, headquartered in Los Angeles — matching both the donor city and the resolved HQ on this row."
LECG,expand,LAW AND ECONOMICS CONSULTING GROUP,medium,,https://en.wikipedia.org/wiki/LECG,"Only one notable LECG — the litigation/economics consulting firm founded as The Law and Economics Consulting Group; corroboration is weak (donor is RETIRED, Portland OR, and resolved_hq New York vs actual Emeryville CA), and the firm did formally rename to just 'LECG' in 1997, so this is a readability-driven expansion."
LINDEN,expand,LINDEN CAPITAL PARTNERS,medium,,"https://www.linden.com/ (redirect from lindenllc.com) — Linden Capital Partners, healthcare private equity, 110 N. Wacker Drive, Chicago, IL","Donor is an INVESTOR in CHICAGO, IL and resolved HQ is Chicago, IL, matching this Chicago healthcare PE firm; medium because bare 'LINDEN' is also used by unrelated firms."
LISCR,expand,LIBERIAN INTERNATIONAL SHIP AND CORPORATE REGISTRY,high,,https://www.liscr.com/,"LISCR is the Liberian International Ship and Corporate Registry, headquartered in Dulles VA which matches the resolved Northern Virginia HQ, and the CHAIR/CHAIRMAN/CO-CHAIR occupations fit its board leadership based in the DC metro (Bethesda MD donor)."
LRGRW,expand,"LEFKOFF, RUBIN, GLEASON, RUSSO & WILLIAMS",high,,https://www.linkedin.com/company/lefkoff-rubin-gleason-russo-williams-p-c and https://www.reachattorneys.com/lawyers/georgia/atlanta-1/lefkoff-rubin-gleason-russo-williams-p-c/,"LRGRW is the initialism of Lefkoff, Rubin, Gleason, Russo & Williams, P.C., the Atlanta creditors'-rights firm at 5555 Glenridge Connector in Sandy Springs GA - exactly where the RETIRED donor lives (the firm later renamed the last partner to Smith)."
LSV,expand,LSV ASSET MANAGEMENT,high,,https://en.wikipedia.org/wiki/LSV_Asset_Management ; https://www.lsvasset.com/about-lsv/,"LSV Asset Management is a Chicago quantitative value manager (initials of founders Lakonishok, Shleifer, Vishny); Chicago HQ and PARTNER / PORTFOLIO MANAGER / RESEARCH occupations corroborate exactly."
LUSD,expand,LAYTONVILLE UNIFIED SCHOOL DISTRICT,medium,,"https://www.lusd.us/ and https://en.wikipedia.org/wiki/Laytonville_Unified_School_District - Laytonville Unified School District, Mendocino County CA, uses lusd.us","The RETIRED donor lives in Willits CA (Mendocino County) and Laytonville Unified School District is the LUSD roughly 25 miles up US-101 from Willits; the Brea CA resolved_hq is an unreliable AI guess, and other California LUSDs (Lynwood, Lodi) are far from the donor."
LVHN,expand,LEHIGH VALLEY HEALTH NETWORK,high,,https://html.duckduckgo.com/html/?q=LVHN+Lehigh+Valley+Health+Network+Allentown,"LVHN is the standard abbreviation for Lehigh Valley Health Network, based in Allentown PA — matching resolved_hq Allentown exactly and the PHYSICIAN donor living in Allentown."
LVJUSD,expand,LIVERMORE VALLEY JOINT UNIFIED SCHOOL DISTRICT,high,,https://www.livermoreschools.org/lvjusd,"LVJUSD is the district's own self-applied acronym; a RETIRED California donor fits a retired district employee, and no competing organization uses the initialism."
LVPG,expand,LEHIGH VALLEY PHYSICIAN GROUP,high,,"https://www.lvhn.org/about-us/lehigh-valley-physician-group-lvpg — LVPG, Allentown PA",Resolved HQ Allentown PA matches LVPG exactly and the PHYSICIAN occupation with Allentown/Villanova PA donors corroborates the LVHN physician group.
LWHA,expand,LW HOSPITALITY ADVISORS,high,,"https://www.lwhospitalityadvisors.com/ - 'LW Hospitality Advisors (LWHA)', 200 West 41st Street, New York NY, hotels/resorts/gaming valuation","Company site confirms LWHA = LW Hospitality Advisors, a NYC hotel/resort valuation and real estate advisory firm; donor occupation HOTELS in Teaneck NJ (NYC metro) corroborates directly."
MBHB,expand,MCDONNELL BOEHNEN HULBERT & BERGHOFF,high,,https://www.mbhb.com/,"The firm's own site confirms MBHB is McDonnell Boehnen Hulbert & Berghoff LLP, an IP firm with its main office in Illinois; the donor is a LAWYER in Glencoe IL, a Chicago suburb."
MCCC,expand,MONTGOMERY COUNTY COMMUNITY COLLEGE,high,,https://en.wikipedia.org/wiki/Montgomery_County_Community_College,"Wikipedia confirms MCCC is the common abbreviation for Montgomery County Community College in Blue Bell, PA; the donor is a PROFESSOR in Bala Cynwyd, which is in Montgomery County PA."
MCCSC,expand,MONROE COUNTY COMMUNITY SCHOOL CORPORATION,high,,https://en.wikipedia.org/wiki/Monroe_County_Community_School_Corporation,"Wikipedia confirms MCCSC is the Monroe County Community School Corporation in Monroe County, Indiana, and the donor is a SUBSTITUTE TEACHER in Bloomington IN — the county seat the district serves."
MCDERMOTT,expand,MCDERMOTT WILL & EMERY,medium,,https://www.mwe.com/locations/dallas/ and https://www.mcdermottlaw.com/locations/miami/,Attorney/lawyer donors in Dallas TX and Miami FL match McDermott Will offices in exactly those two cities; the resolved Houston HQ is a mis-geocode onto the unrelated McDermott International engineering firm. Firm rebranded to McDermott Will & Schulte in 2025 but was Emery over the filing period.
MCNAUL,expand,MCNAUL EBEL NAWROT & HELGREN,high,,https://www.mcnaul.com/ and https://chambers.com/law-firm/mcnaul-ebel-nawrot-helgren-pllc-usa-5:101566,"McNaul Ebel Nawrot & Helgren PLLC is a Seattle litigation firm at One Union Square, 600 University St — matching the ATTORNEY occupation and Seattle / Mercer Island WA donor cities; 'MCNAUL' alone is a truncation, and the firm trades under the fuller founder-name string."
MCPS,expand,MONTGOMERY COUNTY PUBLIC SCHOOLS,high,,https://www.montgomeryschoolsmd.org/,"Official site confirms Montgomery County Public Schools headquartered at 15 W. Gude, Rockville, MD — matching the resolved HQ exactly; donor is a TEACHER in Potomac, MD, inside that district."
MCPS-MD,expand,MONTGOMERY COUNTY PUBLIC SCHOOLS,high,,"https://en.wikipedia.org/wiki/Montgomery_County_Public_Schools_(Maryland) — abbreviation MCPS, HQ Rockville, Montgomery County, MD","The ""-MD"" suffix plus a RETIRED donor in Hanover, MD and a Bethesda, MD resolved_hq (Montgomery County) pin this to the Maryland MCPS rather than any other MCPS."
MDCPS,expand,MIAMI-DADE COUNTY PUBLIC SCHOOLS,high,,https://en.wikipedia.org/wiki/Miami-Dade_County_Public_Schools,Miami FL HQ plus TEACHER donors in Miami and Miami Beach corroborate the district exactly.
MEDPAC,expand,MEDICARE PAYMENT ADVISORY COMMISSION,high,,https://www.medpac.gov/,"Official site confirms the Medicare Payment Advisory Commission at 425 I St NW, Washington, DC; donor is RETIRED in Silver Spring, MD, a DC suburb — HQ and donor place both corroborate."
MEDVAMC,expand,MICHAEL E. DEBAKEY VA MEDICAL CENTER,high,,https://www.va.gov/houston-health-care/,"VA.gov confirms the Houston VA was renamed the Michael E. DeBakey VA Medical Center; donor is a PHYSICIAN in Houston, TX — occupation and city both corroborate (the AI-resolved Greensboro, NC HQ is wrong)."
MEQS,expand,MIDTOWN EQUITIES,high,,https://www.meqs.com/about and https://www.linkedin.com/company/meqs,"MEQS is Midtown Equities' own domain and abbreviation; NEW YORK, NY donors with PARTNER / REAL ESTATE occupations match the NYC real estate investment firm exactly."
MGB,expand,MASS GENERAL BRIGHAM,high,,"https://en.wikipedia.org/wiki/Mass_General_Brigham — MGB is the standard abbreviation, HQ Boston/Somerville, MA","PHYSICIAN donor in Winchester, MA sits in Mass General Brigham's Greater Boston catchment, where MGB is the established abbreviation for the health system."
MHP,expand,MICHIGAN HEALTHCARE PROFESSIONALS,high,,https://www.mhpdoctor.com/ and https://www.healthcare4ppl.com/medical-group/michigan/bloomfield-hills/michigan-healthcare-professionals-pc-0345413258.html - MHP has 21 members at 9 Bloomfield Hills locations,Michigan Healthcare Professionals is a large physician-led group with practice locations in Bloomfield Hills MI; the PHYSICIAN donors in Bloomfield Hills and Franklin MI corroborate it directly.
MHS,expand,MEMORIAL HEALTHCARE SYSTEM,high,,"https://www.mhs.net/about - 'Memorial Healthcare System', flagship Memorial Regional Hospital in Hollywood FL, serving Broward County","Donor is a PHYSICIAN in Fort Lauderdale FL; Memorial Healthcare System is the Broward County public health system flagshipped in Hollywood FL, directly serving that donor's location."
MMC,expand,MAIMONIDES MEDICAL CENTER,medium,,https://en.wikipedia.org/wiki/Maimonides_Medical_Center and https://maimo.org/,"Donors are PHYSICIANs in Brooklyn and New York NY; Maimonides Medical Center is the 711-bed Brooklyn hospital universally abbreviated MMC, and the physician occupation rules out the other main NYC 'MMC' (Marsh McLennan Companies), though the resolved HQ says Manhattan rather than Brooklyn."
MMGA,expand,MEDSTAR MEDICAL GROUP ANESTHESIOLOGY,medium,,"https://www.medschool.umaryland.edu/anesthesiology/ search surfacing MedStar Medical Group Anesthesiology (MMGA), Baltimore/DC region","Both donors are Baltimore MD anesthesiologists/physicians, matching MedStar Medical Group Anesthesiology, the largest employed anesthesia group in the Maryland/DC region; no resolved HQ, so the match rests on the occupation-plus-geography fit."
MSG,expand,MADISON SQUARE GARDEN,medium,,https://en.wikipedia.org/wiki/Madison_Square_Garden_Sports — MSG is standard shorthand; based in New York City,"VP SOCIAL IMPACT is a role the MSG companies staff, and donors in Belle Harbor, NY and Fort Lee, NJ with a New York, NY resolved_hq fit the NYC employer."
MSK,expand,MEMORIAL SLOAN KETTERING CANCER CENTER,high,,"https://www.mskcc.org/ — Memorial Sloan Kettering Cancer Center, self-abbreviated ""MSK"", New York NY","Memorial Sloan Kettering Cancer Center refers to itself as MSK throughout its own site and is located in New York City, matching both the MEDICAL DOCTOR occupation and the New York donor location and resolved HQ."
MSL,expand,MSL CPAS & ADVISORS,high,,"https://www.linkedin.com/company/mslcpa and https://www.forvismazars.us/about-us/newsroom/news-releases/msl-pa-joins-forces-with-forvis-mazars-in-florida — MSL, P.A., 255 S. Orange Ave, Orlando FL","CPA occupation plus Orlando/Casselberry FL donors match the Orlando CPA firm MSL, P.A.; the AI-resolved New York HQ is the erroneous field here, not the identification."
NAPCO,expand,NORTH AMERICAN POLYMER COMPANY,high,,"https://www.napcoltd.com/contact/ and https://www.facebook.com/NorthAmericanPolymerCompany/ — NAPCO, Ltd. (North American Polymer Company), 7315 Hamlin Ave, Skokie IL","Resolved HQ Skokie IL matches the company's address exactly, and the donor is an ACCOUNTING / OFFICER in neighbouring Highland Park IL — location and a corporate-officer role both corroborate."
NCJW,expand,NATIONAL COUNCIL OF JEWISH WOMEN,high,,https://www.ncjw.org/about/ ; https://en.wikipedia.org/wiki/National_Council_of_Jewish_Women,"NCJW is the National Council of Jewish Women, HQ Washington DC — matches resolved_hq; a retired Chicago donor fits its 40+ volunteer sections including a long-standing Chicago section."
NCPA,expand,NATIONAL COMMUNITY PHARMACISTS ASSOCIATION,high,,"DuckDuckGo results for 'NCPA Alexandria Virginia pharmacists association' - National Community Pharmacists Association, 100 Daingerfield Road, Alexandria VA 22314","Donor works in HEALTH POLICY and the resolved HQ Alexandria VA matches NCPA's 100 Daingerfield Road headquarters exactly - the pharmacy trade association, not the other NCPA candidates."
NCSY,expand,NATIONAL CONFERENCE OF SYNAGOGUE YOUTH,medium,,"https://en.wikipedia.org/wiki/NCSY - 'formerly known as the National Conference of Synagogue Youth', HQ 40 Rector Street, New York City","Donor is a MAJOR GIFTS DIRECTOR (nonprofit fundraising) and resolved HQ New York, NY matches NCSY's 40 Rector Street NYC headquarters; the Orthodox Union youth movement is the only fit."
NDI,expand,NATIONAL DEMOCRATIC INSTITUTE,high,,"https://en.wikipedia.org/wiki/National_Democratic_Institute — National Democratic Institute for International Affairs, Washington DC, democracy assistance / international development","NDI is the National Democratic Institute, HQ Washington DC — matching resolved_hq exactly — and the donor's occupation INTERNATIONAL DEVELOPMENT in Washington DC is precisely NDI's field, ruling out other NDI meanings."
NFG,expand,NATIONAL FUEL GAS,high,,"https://www.nationalfuel.com/ — National Fuel Gas Company, NYSE: NFG, headquartered in Western New York","National Fuel Gas Company trades as NYSE: NFG and is headquartered in Williamsville NY, exactly matching this row's resolved HQ, and an EXECUTIVE in Whitehall PA fits its Pennsylvania exploration/utility operations."
NIGHTHAWK,expand,NIGHTHAWK RADIOLOGY,medium,,https://www.nighthawkradiology.com/,"Donor occupation is RADIOLOGIST, and NightHawk Radiology is a 24/7 teleradiology provider — the occupation corroborates the radiology company over other 'Nighthawk' businesses, though the Tucson AZ resolved HQ mirrors the donor city rather than an independent HQ."
NJBS,expand,NEW JERSEY BRAIN AND SPINE,high,,https://njbrainspine.com/,"PHYSICIAN donor in Teaneck, NJ matches this Bergen County neurosurgery practice, which uses NJBS itself and has Hackensack/Paramus offices serving Teaneck."
NJIT,expand,NEW JERSEY INSTITUTE OF TECHNOLOGY,high,,"https://en.wikipedia.org/wiki/New_Jersey_Institute_of_Technology — official name New Jersey Institute of Technology, acronym NJIT, Newark NJ","NJIT is the New Jersey Institute of Technology in Newark NJ, matching resolved_hq Newark NJ; PROFESSOR and RETIRED donors in West Orange NJ (a short commute) corroborate a university employer."
NMRK,expand,NEWMARK,high,,"https://ir.nmrk.com/home/default.aspx — Newmark Group, Inc. (Nasdaq: NMRK), commercial real estate",NMRK is only the stock ticker; New York HQ and COMMERCIAL REAL ESTATE EXEC donors corroborate Newmark Group.
NORC,expand,NORC AT THE UNIVERSITY OF CHICAGO,high,,https://www.norc.org/about.html and https://en.wikipedia.org/wiki/NORC_at_the_University_of_Chicago,"NORC at the University of Chicago is headquartered in downtown Chicago (matching resolved_hq) and employs research programmers; the donor is a PROGRAMMER in Highland Park IL, a Chicago suburb — occupation and geography both corroborate."
NORTHSIDE,expand,NORTHSIDE HOSPITAL,medium,,"https://en.wikipedia.org/wiki/Northside_Hospital — Northside Hospital System, 1000 Johnson Ferry Road NE, Sandy Springs, GA","Donor cities Atlanta and Sandy Springs, GA match Northside's headquarters and main campus, the dominant ""Northside"" employer in that metro."
NQGRG,expand,NEUBERGER QUINN GIELEN RUBIN & GIBBER,high,,https://www.nqgrg.com/ ; https://www.nqgrg.com/about-us/,"Search confirms NQGRG = Neuberger, Quinn, Gielen, Rubin & Gibber, P.A., a Baltimore law firm at 1 South Street; the donor is an ATTORNEY in Baltimore MD, corroborating exactly."
NRSC,expand,NATIONAL REPUBLICAN SENATORIAL COMMITTEE,high,,"https://en.wikipedia.org/wiki/National_Republican_Senatorial_Committee - HQ 425 2nd Street NE, Washington DC","Donor's occupation is POLITICAL DIRECTOR in Washington DC and the resolved HQ is Washington DC, matching the NRSC's 425 2nd Street NE headquarters - an unambiguous fit."
NSUHS,expand,NORTHSHORE UNIVERSITY HEALTHSYSTEM,high,,https://en.wikipedia.org/wiki/Endeavor_Health - formerly NorthShore University HealthSystem; Highland Park Hospital (777 Park Avenue West) and Evanston Hospital,"Donor is a PHYSICIAN in Highland Park IL, and NorthShore University HealthSystem operates Highland Park Hospital plus its Evanston flagship - an exact geographic match for the initialism."
NUMC,expand,NASSAU UNIVERSITY MEDICAL CENTER,high,,"https://en.wikipedia.org/wiki/Nassau_University_Medical_Center - 'Nassau University Medical Center', 2201 Hempstead Turnpike, East Meadow NY, Nassau County","Donor is a MEDICAL DOCTOR in Port Washington NY - both Port Washington and NUMC's East Meadow campus are in Nassau County, so the county public hospital is the clear match (the resolved Camden NJ HQ is a bad geocode)."
NYC,expand,CITY OF NEW YORK,high,,NYC civil service title 'Associate Staff Analyst' + all-NYC donor geography,"'ASSOCIATE STAFF ANALYST' is a specific New York City civil-service job title, and all donors are NYC-area (Brooklyn, New York, Armonk) with a NY HQ, so this is municipal government employment."
NYLAG,expand,NEW YORK LEGAL ASSISTANCE GROUP,high,,"https://nylag.org/ - 'New York Legal Assistance Group', 100 Pearl Street, New York NY",Organization site confirms the acronym; LAWYER occupation and both donor city and resolved_hq being New York NY corroborate the civil legal services group exactly.
NYMC,expand,NEW YORK MEDICAL COLLEGE,medium,,"https://www.nymc.edu/ - 'New York Medical College', Valhalla NY, Westchester County","Official site confirms NYMC is the standard abbreviation for New York Medical College, and a PHYSICIAN donor in Englewood NJ fits its NY-metro faculty; downgraded to medium because the resolved_hq of Manhasset NY conflicts with the college's Valhalla NY campus."
NYS,expand,NEW YORK STATE,medium,,"resolved_hq Albany, NY (state capital) plus all-NY donor cities","MEDICAL DOCTOR and RETIRED donors in Gloversville and Great Neck, NY with an Albany resolved_hq corroborate New York State government employment, though the specific agency is unknown."
NYSWCB,expand,NEW YORK STATE WORKERS' COMPENSATION BOARD,high,,https://www.wcb.ny.gov/ and https://www.linkedin.com/company/nyswcb — official NYSWCB handle,"The donor's occupation COMP CLAIMS REFEREE is a job title specific to this agency, which adjudicates workers' compensation claims; East Brunswick, NJ is within commuting range of NY offices."
OFJCC,expand,OSHMAN FAMILY JCC,high,,"https://paloaltojcc.org/ — ""Oshman Family JCC"", 3921 Fabian Way, Palo Alto, CA","CEO donor in Los Altos, CA is adjacent to the Palo Alto campus, confirming the Oshman Family JCC despite the AI-guessed Roseville HQ being wrong."
ONS,expand,ORTHOPAEDIC & NEUROSURGERY SPECIALISTS,high,,"https://www.onsmd.com/ — ONS - Orthopaedic & Neurosurgery Specialists, 6 Greenwich Office Park, Greenwich CT","Donor is a MEDICAL DOCTOR in Riverside CT, which is a village within Greenwich CT where ONS is headquartered — occupation and location both corroborate the orthopaedic practice."
OPWDD,expand,NEW YORK STATE OFFICE FOR PEOPLE WITH DEVELOPMENTAL DISABILITIES,high,,https://opwdd.ny.gov/ - 'The New York State Office for People With Developmental Disabilities',Official NY State agency site confirms the acronym; Albany NY resolved_hq is the agency seat and the RETIRED donor in Huntington NY fits a NY State employee.
ORH,expand,OVERLAKE REPRODUCTIVE HEALTH,high,,"https://fertileweb.com/why-orh/our-team/ and https://www.facebook.com/ORHfertility/ — Overlake Reproductive Health, 11232 NE 15th St, Bellevue WA","MEDICAL DOCTOR/PHYSICIAN donors in Bellevue, WA; Overlake Reproductive Health is a Bellevue fertility practice that uses 'ORH' as its own abbreviation (fertileweb.com/why-orh, Facebook @ORHfertility)."
OTGP,expand,OT GROWTH PARTNERS,high,,"https://www.otgrowthpartners.com/ and https://www.bbb.org/us/nc/chapel-hill/profile/management-consultant/otgp-management-llc-0593-90320259 — OTGP Management LLC, 1129 Weaver Dairy Rd, Chapel Hill, NC","Chapel Hill, NC HQ matches exactly, the BBB record confirms OTGP Management LLC is OT Growth Partners, and the CEO occupation fits the founder-led Orangetheory franchisee group headquartered near the Greensboro, NC donor."
OVRDRV,expand,OVERDRIVE INTERACTIVE,medium,,"https://www.ovrdrv.com/ — ""Digital Marketing & Advertising Agency | Overdrive, Boston"", stylized Overdrive Interactive","ovrdrv.com is the Boston digital agency Overdrive Interactive and the donor is in Newton, MA (Boston metro); the vowel-dropped brand is unreadable to a dashboard reader."
PAGNY,expand,PHYSICIAN AFFILIATE GROUP OF NEW YORK,high,,"https://www.pagny.org/ — ""Physician Affiliate Group of New York, P.C."", 420 Lexington Ave, New York, NY","Donor is a UROLOGIST near NYC (Monsey, NY) and resolved_hq is New York, NY; PAGNY staffs physicians for NYC Health + Hospitals — context corroborates exactly."
PAMF,expand,PALO ALTO MEDICAL FOUNDATION,high,,"https://en.wikipedia.org/wiki/Palo_Alto_Medical_Foundation — PAMF, Palo Alto CA, offices in 15+ Bay Area cities","PHYSICIAN donor in Menlo Park, CA with a San Mateo, CA resolved_hq sits inside PAMF's Bay Area service area — an unambiguous match."
PGCPS,expand,PRINCE GEORGE'S COUNTY PUBLIC SCHOOLS,high,,https://en.wikipedia.org/wiki/Prince_George%27s_County_Public_Schools,"Confirmed Prince George's County Public Schools, Sasscer Administration Building, Upper Marlboro, MD — matching the resolved HQ; donor is a SUB TEACHER in Clinton, MD, inside that district."
PJCC,expand,PENINSULA JEWISH COMMUNITY CENTER,high,,https://projects.propublica.org/nonprofits/search?q=Peninsula+Jewish+Community+Center,"ProPublica Nonprofit Explorer confirms Peninsula Jewish Community Center in Foster City, CA; donor is in San Carlos, CA (same San Francisco Peninsula) with occupation 'NONPROFIT JEWISH COMMUNITY' — occupation and place both corroborate."
PKFOD,expand,PKF O'CONNOR DAVIES,high,,https://www.pkfod.com/,"Firm site confirms PKFOD is PKF O'Connor Davies, a licensed CPA and advisory firm; donor is a CPA, which corroborates the accounting-firm identity."
PM&R,expand,PHYSICAL MEDICINE AND REHABILITATION,medium,,https://en.wikipedia.org/wiki/Physical_medicine_and_rehabilitation,"PM&R is the standard abbreviation for Physical Medicine and Rehabilitation (physiatry); the MEDICAL DOCTOR occupation in the Bronx corroborates a physician in that specialty, though the entry names a specialty/department rather than a distinct employer."
RADCO,expand,THE RADCO COMPANIES,medium,,https://radco.us/ ; https://www.zoominfo.com/c/the-radco-companies/352632125,The RADCO Companies is an Atlanta real estate investment firm founded by Norman Radow; Atlanta HQ plus CEO and Chief Investment Officer donors corroborate the real-estate investment firm.
RAMAZ,expand,THE RAMAZ SCHOOL,high,,"https://www.ramaz.org/ — 'The Ramaz School', 125 E 85th St, New York NY","Ramaz is The Ramaz School, a Modern Orthodox Jewish day school on Manhattan's Upper East Side; NY HQ and TEACHER occupation (donor in North Caldwell NJ, commuting distance) corroborate."
RASF,expand,RADIOLOGY ASSOCIATES OF SOUTH FLORIDA,high,,"https://rasf.net/about-us/ — Radiology Associates of South Florida, largest radiology group in Miami",RADIOLOGIST occupation and Miami Beach FL donor location corroborate the Miami radiology group precisely.
RCCA,expand,REGIONAL CANCER CARE ASSOCIATES,high,,https://www.regionalcancercare.org/ and https://usoncology.com/patients/practice/regional-cancer-care-associates/,"PHYSICIAN donors in Colts Neck and Englewood, NJ match RCCA, the large New Jersey-based oncology network that uses this exact acronym."
RGP,expand,RESOURCES GLOBAL PROFESSIONALS,medium,,"https://www.rgp.com/ — 'RGP' brands as Resources Global Professionals, legal entity Resources Connection, Inc.","Donor occupation LEGAL CONSULTANT corroborates RGP's consulting/legal-services model; resolved HQ (Dallas) does not match RGP's Irvine CA HQ, hence medium."
RISHMFM,expand,ROSH MATERNAL & FETAL MEDICINE,high,,https://roshmfm.com/locations/great-neck-obgyn/,"Almost certainly a FEC keying variant of ROSHMFM: Rosh Maternal & Fetal Medicine has a Great Neck NY office at 233 East Shore Rd, and the donor is a PHYSICIAN in Great Neck NY — occupation, specialty suffix (MFM) and city all corroborate."
RJC,expand,REPUBLICAN JEWISH COALITION,high,,"https://www.rjchq.org/about — 'The Republican Jewish Coalition, based in Washington, D.C.'","Resolved HQ Washington DC matches exactly, and RABBI / STAFF donor occupations fit a Jewish political advocacy organization."
RMCB,expand,RETRIEVAL-MASTERS CREDITORS BUREAU,high,,"https://www.bbb.org/us/ny/elmsford/profile/collections-agencies/retrieval-masters-creditors-bureau-inc-0121-2590 — 4 Westchester Plaza, Elmsford, NY","Elmsford, NY HQ in the file matches the BBB-listed address exactly; retired donor in nearby Fairfield, CT is consistent with the Westchester-area employer."
RNC,expand,REPUBLICAN NATIONAL COMMITTEE,high,,"https://en.wikipedia.org/wiki/Republican_National_Committee - headquartered 310 First Street SE, Washington, D.C.","Wikipedia confirms RNC = Republican National Committee, headquartered at 310 First Street SE, Washington DC; donor is a FUNDRAISER in Washington DC and resolved_hq is Washington DC."
RNDC,expand,REPUBLIC NATIONAL DISTRIBUTING COMPANY,high,,https://www.rndc-usa.com/locations/texas/ ; https://www.zoominfo.com/c/republic-national-distributing-company-llc/95913167,"RNDC is Republic National Distributing Company, HQ Grand Prairie TX — exactly the resolved_hq; EVP Government Affairs / board member occupations fit a $9.2B wine-and-spirits distributor."
RRH,expand,ROCHESTER REGIONAL HEALTH,high,,https://www.rochesterregional.org/about and https://en.wikipedia.org/wiki/Rochester_Regional_Health,"Donors are MEDICAL DOCTORs in Rochester/Pittsford, NY, and RRH is the standard self-used abbreviation for the Rochester NY health system."
RWJBH,expand,RWJBARNABAS HEALTH,high,,https://en.wikipedia.org/wiki/RWJBarnabas_Health,"RWJBH is the standard abbreviation for RWJBarnabas Health, whose academic HQ is New Brunswick NJ — matching resolved_hq exactly and the PHYSICIAN donor in Short Hills NJ."
RWJPE,expand,ROBERT WOOD JOHNSON PHYSICIAN ENTERPRISE,high,,"https://www.linkedin.com/company/robert-wood-johnson-physician-enterprise and https://www.bbb.org/us/nj/dayton/profile/medical-doctor/robert-wood-johnson-physician-enterprise-rwjpe-0221-90209142 — Robert Wood Johnson Physician Enterprise (RWJPE), central New Jersey","Both donors are PHYSICIANs in Westfield NJ and the resolved HQ is New Brunswick NJ, the Robert Wood Johnson home base — the acronym, specialty and geography all line up."
SAS,expand,SAS INSTITUTE,medium,,"https://en.wikipedia.org/wiki/SAS_Institute — SAS Institute Inc. (dba SAS), analytics software, headquartered in Cary NC","Resolved HQ Cary NC plus a Raleigh NC donor pin this to the analytics firm; bare 'SAS' reads as Scandinavian Airlines or a service acronym to a general reader, so 'SAS Institute' is materially clearer — medium because two of the three donors (GA, NV) add no corroboration."
SBA,expand,U.S. SMALL BUSINESS ADMINISTRATION,medium,,"https://en.wikipedia.org/wiki/Small_Business_Administration — HQ 409 Third St SW, Washington DC; 'The SBA has at least one office in each U.S. state'","Occupation STATE COORDINATOR plus the Washington DC HQ and a West Virginia donor fit the federal agency, which maintains at least one office in every state; SBA Communications (Boca Raton FL) is the main rival reading but neither the occupation nor the geography fits it."
SBH,expand,SEPHARDIC BIKUR HOLIM,high,,"https://sbhonline.org/ — signed 'Sephardic Bikur Holim', serves Brooklyn, Manhattan, Jersey Shore, Lakewood; divisions include mental health counseling and family services","SBH is Sephardic Bikur Holim, a Brooklyn-based social services network; the donor being a SOCIAL WORKER in BROOKLYN directly corroborates its service area and staffing."
SBNY,expand,SIGNATURE BANK,medium,,"https://www.nasdaq.com/market-activity/stocks/sbny — Signature Bank, ticker SBNY, based in New York, NY","SBNY is Signature Bank's ticker and the file resolves HQ to New York, NY, matching; the VENTURE CAPITAL occupation is consistent with Signature's venture-banking group, though the donor's Miami Beach location is only weak support."
SCMV,expand,SELTZER CAPLAN MCMAHON VITEK,high,,"https://www.scmv.com/practice-groups/litigation ; https://www.acronymfinder.com/Seltzer-Caplan-McMahon-Vitek-(law-firm;-San-Diego,-CA)-(SCMV).html","Search confirms SCMV = Seltzer Caplan McMahon Vitek, a San Diego law firm founded 1948; the donor is an ATTORNEY in San Diego, corroborating exactly."
SCPMG,expand,SOUTHERN CALIFORNIA PERMANENTE MEDICAL GROUP,high,,https://permanente.org/southern-california-permanente-medical-group/,"DOCTOR / MEDICAL DOCTOR donors in La Jolla and Newport Coast, CA sit squarely in SCPMG's Southern California service area (San Diego and Orange counties)."
SCRRA,expand,SOUTHERN CALIFORNIA REGIONAL RAIL AUTHORITY,high,,"https://en.wikipedia.org/wiki/Southern_California_Regional_Rail_Authority — founded 1991 as SCRRA, adopted 'Metrolink' moniker; HQ Wilshire Grand Center, Los Angeles CA","SCRRA is the Southern California Regional Rail Authority, the joint powers authority that runs Metrolink; the Los Angeles HQ in the row matches its headquarters and the RETIRED California donor is consistent with a former agency employee."
SDG&E,expand,SAN DIEGO GAS & ELECTRIC,high,,"https://en.wikipedia.org/wiki/San_Diego_Gas_%26_Electric — ""San Diego Gas & Electric Company, commonly abbreviated as SDG&E"", headquartered in San Diego, California","Donor is a BUSINESS MANAGER in SAN DIEGO, CA and resolved HQ is San Diego, CA — both corroborate the San Diego utility."
SDSU,expand,SAN DIEGO STATE UNIVERSITY,medium,,"https://en.wikipedia.org/wiki/San_Diego_State_University - 'San Diego State University (SDSU) is a public research university in San Diego, California'","Wikipedia confirms SDSU = San Diego State University in San Diego CA; resolved_hq San Diego plus a California donor (Sacramento) corroborates San Diego State over South Dakota State, and expanding removes that real ambiguity."
SGWS,expand,SOUTHERN GLAZER'S WINE & SPIRITS,high,,https://html.duckduckgo.com/html/?q=SGWS+Southern+Glazer%27s+Wine+and+Spirits+Miami+headquarters,"SGWS is the standard abbreviation for Southern Glazer's Wine & Spirits, headquartered in Miami FL — matching resolved_hq Miami and both donors (EXECUTIVE/MANAGER) living in Boca Raton and Weston FL."
SHALHEVET,expand,SHALHEVET HIGH SCHOOL,high,,"https://en.wikipedia.org/wiki/Shalhevet_High_School — Modern Orthodox school at 910 South Fairfax Avenue, Los Angeles, California (legal name Jean and Jerry Friedman Shalhevet High School)","Donor is a TEACHER in LOS ANGELES, CA, matching the LA school; used the common public name rather than the longer legal name."
SHAW,expand,THE SHAW GROUP,medium,,"https://en.wikipedia.org/wiki/Shaw_Group — ""The Shaw Group"", an engineering/fabrication firm historically headquartered in Baton Rouge, Louisiana","Donor is a CONTRACTOR in BATON ROUGE, LA, the Shaw Group's home city; medium because bare 'SHAW' could also be Shaw Industries and the resolved HQ (Dallas) does not match."
SHEPPARD,expand,SHEPPARD MULLIN RICHTER & HAMPTON,high,,"https://en.wikipedia.org/wiki/Sheppard,_Mullin,_Richter_%26_Hampton — full name ""Sheppard, Mullin, Richter & Hampton LLP""; primary office Los Angeles, California","Donor is an ATTORNEY in LOS ANGELES, CA, matching the firm's main office; 'SHEPPARD' alone is a truncation, not the firm's trading name."
SHVI,expand,SANGER HEART & VASCULAR INSTITUTE,high,,"https://en.wikipedia.org/wiki/Atrium_Health — ""Sanger Heart & Vascular Institute is a cardiovascular practice in Charlotte, North Carolina.""","Donor is a DOCTOR in CHARLOTTE, NC, exactly matching the Atrium Health cardiovascular institute abbreviated SHVI."
SIFMA,expand,SECURITIES INDUSTRY AND FINANCIAL MARKETS ASSOCIATION,high,,"https://www.sifma.org/about/ — full name Securities Industry and Financial Markets Association, 140 Broadway, New York, NY","Donor is a CFO in NEW ROCHELLE, NY and resolved HQ is New York, NY, matching SIFMA's New York headquarters."
SIG,expand,SUSQUEHANNA INTERNATIONAL GROUP,high,,https://en.wikipedia.org/wiki/Susquehanna_International_Group,"Resolved HQ Bala Cynwyd PA is Susquehanna International Group's exact headquarters, and the trader/finance/investor donors all live in its Philadelphia-area commuting towns (Merion Station, Villanova, Princeton)."
SLG,expand,SL GREEN REALTY,medium,,https://en.wikipedia.org/wiki/SL_Green_Realty,"SLG is the NYSE ticker for SL Green Realty Corp, NYC's largest office landlord; resolved_hq New York NY matches and the donor works in FINANCE, though a three-letter ticker is inherently weaker corroboration."
SLHS,expand,SAINT LUKE'S HEALTH SYSTEM,high,,https://en.wikipedia.org/wiki/Saint_Luke%27s_Health_System,DOCTOR in Overland Park KS; Saint Luke's Health System (Kansas City) operates Saint Luke's South Hospital and Saint Luke's Community Hospital in Overland Park — donor city and occupation both corroborate.
SMBC,expand,SUMITOMO MITSUI BANKING CORPORATION,high,,https://www.smbcgroup.com/ and https://www.smbc.co.jp/global/realestate_finance/,"SMBC is Sumitomo Mitsui Banking Corporation, whose Americas headquarters is at 277 Park Avenue, New York NY (matching resolved_hq) and which runs a dedicated Real Estate Finance business — precisely the donor's REAL ESTATE FINANCE occupation."
SPGI,expand,S&P GLOBAL,high,,"https://en.wikipedia.org/wiki/S%26P_Global — S&P Global Inc., NYSE ticker SPGI, headquartered in Manhattan NY","SPGI is only the ticker symbol and is opaque to a reader; the New York HQ and EXECUTIVE occupation corroborate S&P Global, whose common public name is 'S&P Global'."
STATE,expand,U.S. DEPARTMENT OF STATE,high,,FOREIGN SERVICE OFFICER is a US Department of State job title,"Donor occupation FOREIGN SERVICE OFFICER uniquely corroborates the federal foreign-affairs department; 'STATE' alone is opaque to a dashboard reader. Well-known entity, decided without search."
SUNY,expand,STATE UNIVERSITY OF NEW YORK,high,,https://en.wikipedia.org/wiki/State_University_of_New_York,"SUNY stands for the State University of New York, whose system administration has been at SUNY Plaza in Albany since 1978 (matching resolved_hq); the donor is a PROFESSOR in Pine Bush NY, corroborating both the academic role and the state."
SUTTER,expand,SUTTER HEALTH,high,,https://en.wikipedia.org/wiki/Sutter_Health (HQ Sacramento; Palo Alto Foundation Medical Group / Mills-Peninsula on the Peninsula),Sutter Health is the Sacramento-headquartered (matching resolved_hq) not-for-profit system operating 25 hospitals and 200+ clinics across Northern California including Peninsula groups near Menlo Park — the PHYSICIAN occupation and Menlo Park CA donor city both corroborate.
TCV,expand,TECHNOLOGY CROSSOVER VENTURES,medium,,https://html.duckduckgo.com/html/?q=TCV+Technology+Crossover+Ventures+San+Francisco,"Confirmed that TCV stands for Technology Crossover Ventures, a Bay Area investment firm whose website lists a San Francisco location — matching the resolved SF HQ; a CFO donor is consistent with a VC firm. Confidence is medium because the firm now brands primarily as 'TCV'."
TLLF,expand,THE LEON LEVINE FOUNDATION,high,,"https://www.leonlevinefoundation.org/ — 6000 Fairview Rd, Charlotte NC",PROGRAM DIRECTOR/PROGRAM OFFICER occupations are grantmaking-foundation roles and the Charlotte NC donor location matches the foundation's office exactly.
TPMG,expand,THE PERMANENTE MEDICAL GROUP,high,,https://northerncalifornia.permanente.org/ and https://permanente.org/the-permanente-medical-group-inc/,"PHYSICIAN donors in Davis and Foster City, CA with a San Francisco HQ match TPMG, the Northern California Permanente group; the acronym is unintelligible to readers."
TSTI,expand,TEMPLE SHAREY TEFILO-ISRAEL,high,,https://html.duckduckgo.com/html/?q=TSTI+South+Orange+New+Jersey+temple+rabbi,"Confirmed as the Reform synagogue at 432 Scotland Road, South Orange NJ; the donor is a RABBI in SOUTH ORANGE NJ with a South Orange resolved HQ — an exact match on both occupation and place."
TUSD,expand,TUCSON UNIFIED SCHOOL DISTRICT,high,,"https://en.wikipedia.org/wiki/Tucson_Unified_School_District — Tucson Unified School District (TUSD), Tucson, Arizona","PSYCHOLOGIST donor in Tucson, AZ with a Tucson HQ — TUSD is the standard abbreviation for Tucson Unified School District, which employs school psychologists."
U.S.P.S,expand,UNITED STATES POSTAL SERVICE,high,,https://about.usps.com/who/profile/ - organization's own name given as 'The United States Postal Service',"U.S.P.S is the United States Postal Service - the RETIRED and TREASURER donors plus the Washington DC resolved HQ match the federal agency, and the punctuated form is materially less readable than the full name."
UBCC,expand,UNIVERSAL BUSINESS COMPUTING COMPANY,high,,https://lehifreepress.com/directory/universal-business-computing-compan-2/,"PRESIDENT donor in Lehi UT matches Universal Business Computing Company, listed in the Lehi small-business directory and Utah-press coverage of its 2024 acquisition; co-founder Ken Garen led the firm there."
UHG,expand,UNITEDHEALTH GROUP,high,,"Minnetonka, MN is UnitedHealth Group's headquarters","Minnetonka, MN HQ is UnitedHealth Group's headquarters, and an EXECUTIVE donor near Washington fits; 'UHG' is opaque to a reader. Well-known company, decided without search."
UHS,expand,UNIVERSAL HEALTH SERVICES,high,,https://en.wikipedia.org/wiki/Universal_Health_Services,"Wikipedia confirms Universal Health Services, Inc. (UHS) is a Fortune 500 hospital company headquartered in King of Prussia PA — exactly the resolved HQ; donors are EXECUTIVE / EXECUTIVE CHAIR living in Gladwyne and Newtown Square PA, both King of Prussia commuter suburbs."
UMD,expand,UNIVERSITY OF MARYLAND,medium,,no search result obtained (web search budget exhausted),College Park MD resolved HQ is the University of Maryland's campus and donor is a TEACHER in Alexandria VA (DC metro); 'UMD' is less established as a public name than the full title. NOTE: search budget was exhausted before I could confirm with a live result — treat as unverified.
UMSJMC,expand,UNIVERSITY OF MARYLAND ST. JOSEPH MEDICAL CENTER,high,,"https://www.umms.org/sjmc and https://en.wikipedia.org/wiki/University_of_Maryland_St._Joseph_Medical_Center - 300-bed center in Towson MD, renamed 2012, abbreviated UM SJMC",University of Maryland St. Joseph Medical Center abbreviates to UM SJMC; the RETIRED donor in Baltimore MD matches the hospital's Towson location just north of Baltimore (the Worcester MA resolved_hq is a bad AI geocode).
UNCC,expand,UNIVERSITY OF NORTH CAROLINA AT CHARLOTTE,high,,"https://en.wikipedia.org/wiki/UNC_Charlotte — official name ""University of North Carolina at Charlotte"", Charlotte NC",UNCC is the University of North Carolina at Charlotte; resolved_hq Charlotte NC and donors in Charlotte NC with FACULTY/LECTURER/PROFESSOR occupations corroborate a university employer precisely.
UPMC,expand,UNIVERSITY OF PITTSBURGH MEDICAL CENTER,medium,,https://en.wikipedia.org/wiki/University_of_Pittsburgh_Medical_Center,Pittsburgh PA HQ and PHYSICIAN donors in Pittsburgh corroborate; the full name is far more intelligible to a national reader even though the system now brands as UPMC.
USHP,expand,US HEALTH PARTNERS,high,,https://www.ushphealth.com/contact,"US Health Partners is headquartered at 2000 Tower Oaks Blvd, Rockville MD — the exact donor city — and the PHYSICIAN occupation matches its physician-led cardiovascular care platform."
USPTO,expand,UNITED STATES PATENT AND TRADEMARK OFFICE,high,,"https://www.uspto.gov/about-us/uspto-locations/headquarters — HQ 600 Dulany St, Alexandria VA","HQ Alexandria VA matches the donors' Alexandria VA location, and ATTORNEY/LAWYER occupations fit patent examiners/attorneys."
USUHS,expand,UNIFORMED SERVICES UNIVERSITY OF THE HEALTH SCIENCES,high,,https://en.wikipedia.org/wiki/Uniformed_Services_University_of_the_Health_Sciences,"USUHS is the federal health-sciences university's own acronym and domain (usuhs.edu); donor city and resolved HQ are both Bethesda MD, and TEACHER matches a faculty role."
VAST,expand,VAST DATA,medium,,"https://www.vastdata.com/about and https://www.cbinsights.com/company/vast-data - VAST Data, headquarters New York NY, ~500-1000 employees","VAST Data is a New York-headquartered storage/AI-infrastructure company, matching both the New York resolved_hq and the SOFTWARE DEVELOPER donor in nearby Englewood NJ; 'VAST' alone reads as a word rather than a company."
VERIS,expand,VERIS LAW GROUP,high,,https://verislawgroup.com/,"ATTORNEY donor on Mercer Island WA with a Seattle HQ matches Veris Law Group PLLC at 1809 Seventh Ave, Seattle; distinguishes it from the unrelated NJ REIT Veris Residential."
VPC,expand,VICTORY PARK CAPITAL,high,,"https://www.victoryparkcapital.com/ — Victory Park Capital Advisors, LLC ('VPC'), global alternative asset manager headquartered in Chicago","Resolved HQ Chicago, IL with ASSET MANAGER and CEO donors in North Shore suburbs (Glencoe, Highland Park, Wilmette) matches Victory Park Capital Advisors, the Chicago alternative asset manager that brands itself 'VPC'."
WBD,expand,WARNER BROS. DISCOVERY,high,,"https://en.wikipedia.org/wiki/Warner_Bros._Discovery — article notes 'For other uses, see WBD', confirming it as the company abbreviation","Wikipedia confirms WBD as the company's abbreviation, and the Burbank, CA resolved HQ (the Warner Bros. lot) plus a REMASTERING SPECIALIST occupation strongly corroborate the studio."
WCHN,expand,WESTERN CONNECTICUT HEALTH NETWORK,high,,"https://en.wikipedia.org/wiki/Western_Connecticut_Health_Network — 24 Hospital Ave, Danbury CT",Resolved HQ Danbury CT matches WCHN exactly and the PHYSICIAN donor in Mamaroneck NY is within its catchment (network later renamed Nuvance Health).
WDS,expand,WESTCHESTER DAY SCHOOL,high,,https://www.westchesterday.org/,"ASSISTANT TEACHER donor in New Rochelle NY, immediately adjacent to Mamaroneck where Westchester Day School (which uses 'WDS' for itself) is located; a school-staff role fits precisely."
WESTSIDE,expand,WESTSIDE INVESTMENT PARTNERS,medium,,https://www.westsideinv.com/,INVESTOR donors in Denver and Greenwood Village CO match Denver-based Westside Investment Partners; medium because 'Westside' is a generic modifier and there is no resolved HQ to confirm.
WLRK,expand,"WACHTELL, LIPTON, ROSEN & KATZ",high,,"https://en.wikipedia.org/wiki/Wachtell,_Lipton,_Rosen_%26_Katz — NYC firm, website www.wlrk.com","Wikipedia lists wlrk.com as the firm's website, confirming WLRK as its initials, and its single Manhattan office matches the New York, NY resolved HQ and the ATTORNEY/LAWYER donors in New York, NY."
WME,expand,WILLIAM MORRIS ENDEAVOR,high,,https://en.wikipedia.org/wiki/William_Morris_Endeavor,"WME stands for William Morris Endeavor, the Beverly Hills talent agency formed by the 2009 William Morris / Endeavor merger; Beverly Hills HQ and TALENT AGENT / AGENT / department-head partner occupations corroborate precisely."
WPH,expand,WHITE PLAINS HOSPITAL,low,,"https://en.wikipedia.org/wiki/White_Plains_Hospital (41 East Post Road, White Plains, Westchester, NY)","MEDICAL DOCTOR donor in Armonk NY; White Plains Hospital is the major hospital in the same Westchester County town roughly five miles away, the only plausible WPH employer for a local physician — though the acronym itself is not documented on the hospital's own materials, so flag for review."
WRSSR,expand,"WOLF, RIFKIN, SHAPIRO, SCHULMAN & RABKIN",high,,https://www.wrslawyers.com/about/,"Initials match Wolf, Rifkin, Shapiro, Schulman & Rabkin (the firm abbreviates itself WRSS&R); LAWYER occupation and Los Angeles donor match its LA office."
WTW,expand,WILLIS TOWERS WATSON,medium,,https://investors.wtwco.com/news-releases/news-release-details/wtw-celebrates-new-name-and-nasdaq-ticker-symbol-market-opening and https://www.insurancetimes.co.uk/news/wtw-reintroducing-old-brand-names-as-part-of-2025-market-efforts/1454230.article,"ACTUARY and INSURANCE BROKER occupations plus a New York HQ corroborate the insurance brokerage; WTW is the current legal name but three opaque letters, and the firm itself reintroduced Willis and Towers Watson as go-to-market names, so the fuller form is materially more readable."
ZMC,expand,ZELNICK MEDIA CAPITAL,medium,,https://en.everybodywiki.com/Zelnick_Media_Capital,"FINANCE occupation with New York donor and New York HQ matches Zelnick Media Capital, the NYC media/entertainment private equity firm; medium only because the firm now brands itself simply 'ZMC', though the full name is far more intelligible to a dashboard reader."
ACTUM,keep_as_is,,medium,,"actumllc.com returned HTTP 403 and actum.com is a parked domain — but the name is a word brand, not an acronym","Actum is a Latin word used as the firm's brand name, not an acronym, so there is no expansion; CO-CHAIRMAN/CONSULTANT donors and a Los Angeles, CA HQ are consistent with the public-affairs firm that trades under this name."
AFLAC,keep_as_is,,high,,"n/a — well-known brand, no search needed per instructions","Aflac is the company's actual trading name and a household insurance brand; Columbus, GA HQ matches and RETIRED/SALES donors fit. Decided without search (obvious brand)."
ALCHEMIST,keep_as_is,,medium,,"n/a — plain-word trading name, not an acronym","Not an acronym but an ordinary word used as a trading name; ENTREPRENEUR donor in Cambridge, MA gives no expansion to find, so there is nothing more intelligible to substitute."
ALKERMES,keep_as_is,,high,,"resolved_hq Waltham, MA matches Alkermes' known US HQ",No search needed — Alkermes plc is the company's actual trading name (not an acronym) and the resolved HQ Waltham MA matches its US headquarters; a reader sees a normal company name.
ALLSTATE,keep_as_is,,high,,,"Allstate is a major well-known insurance brand; Northbrook IL HQ matches. Obvious brand, no search needed."
ALTBANQ,keep_as_is,,high,,"https://altbanq.com/ — 'altbanq', an alternative finance provider offering lending and payments","altbanq is the company's own brand styling, not an acronym; it is a US alternative-finance lender, consistent with the FINANCE donor in New York, NY."
AMEDISYS,keep_as_is,,high,,,"Amedisys is the company's actual registered brand name (home health care), not an acronym; already intelligible as a proper noun. No search needed."
AMGEN,keep_as_is,,high,,"well-known public brand (Amgen Inc., NASDAQ: AMGN)","Amgen is the biotech's registered public brand; Thousand Oaks CA HQ matches. Well-known brand, decided without search."
AMPLIFY,keep_as_is,,medium,,,"Amplify is an ordinary word used as a trading name; VENTURE CAPITAL occupation and San Francisco HQ fit Amplify Partners, which brands itself simply as Amplify. Not an opaque acronym."
ARCXIS,keep_as_is,,high,,"https://www.prnewswire.com/news-releases/dpis-builder-services-rebranding-as-arcxis-301478932.html — DPIS Builder Services rebranded as ARCXIS, headquartered in Houston TX","ARCXIS is a coined trading name, not an acronym — it has no expansion; the Houston HQ and Bellaire TX CEO donor confirm the identification, so the name stays."
ARDELYX,keep_as_is,,high,,no search (known public company),"Ardelyx is the real corporate name of the Waltham, MA biopharma (Nasdaq: ARDX); PHARMACEUTICAL EXEC/SALES occupations and the Waltham HQ corroborate it."
ARMY,keep_as_is,,high,,no search (already intelligible),"Already fully intelligible to any reader and the Washington DC HQ confirms the U.S. Army; not an acronym, so no expansion adds clarity. Decided without search."
ASTELLAS,keep_as_is,,high,,"n/a — well-known pharmaceutical brand, no search needed per instructions","Astellas is a coined brand name rather than an acronym and is the pharma company's public identity; the Northbrook, IL resolved HQ is its US headquarters and the donor is a SALES REP. Decided without search (recognized brand)."
AVANT,keep_as_is,,high,,"Chicago HQ + software engineer matches Avant, the Chicago consumer-lending fintech","Avant is the Chicago fintech lender's actual brand name and matches the SOFTWARE ENGINEER donor and Chicago HQ; it is a trading name, not an acronym. Decided without search."
BAIRD,keep_as_is,,high,,decided without search (Milwaukee HQ in row + fixed-income trading occupations corroborate Robert W. Baird & Co),"No search needed — Robert W. Baird & Co is a Milwaukee investment bank universally traded as ""Baird""; resolved_hq Milwaukee WI plus FIXED INCOME SALES & TRADING / MANAGING DIRECTOR occupations confirm it. Founder-name brand."
BAMKO,keep_as_is,,high,,https://bamko.net/ ; https://www.bbb.org/us/ca/los-angeles/profile/product-development-and-marketing/bamko-promotional-items-llc-1216-568328,"BAMKO is the company's own trading name (BAMKO Inc / BAMKO LLC), a branded-merchandise firm; no acronym expansion exists. LA HQ and MARKETING occupation in Encino CA corroborate."
BARCLAYS,keep_as_is,,high,,,Globally known bank brand; NY banker/analyst donors and NY HQ fit. No search needed.
BAYER,keep_as_is,,high,,,"No search needed — Bayer is a globally recognized brand and the company's actual name; Whippany, NJ US HQ matches."
BCG,keep_as_is,,high,,,The firm officially trades and brands itself as 'BCG' — same category as IBM/PWC in the rules. CONSULTANT occupation and Boston MA HQ confirm the identification. No search needed.
BDJ,keep_as_is,,high,,https://www.bdj.com/ ; https://lawyers.findlaw.com/california/beverly-hills/4254413_1/,"Search confirms BD&J, PC is a Beverly Hills personal injury firm - the initialism IS the firm's public trading name (founder initials), and the ATTORNEY/PRESIDENT donors in Beverly Hills and LA plus the manual LA hq corroborate it."
BENESCH,keep_as_is,,high,,decided without search (founder-named Ohio law firm; Ohio HQ + attorney donors corroborate),"No search needed — Benesch (Benesch, Friedlander, Coplan & Aronoff) is an Ohio law firm named for a founder; ATTORNEY donors in Beachwood OH and Chicago IL plus an Ohio HQ confirm it. The short form is the firm's own public brand."
BENTEX,keep_as_is,,high,,"https://www.bentex.com/about — Bentex Group, children's apparel, 34 W 33rd St, New York NY","Bentex is the company's own brand name, not an acronym; Brooklyn donors in import/wholesale with a New York HQ corroborate the children's apparel wholesaler."
BERNSTEIN,keep_as_is,,high,,https://en.wikipedia.org/wiki/AllianceBernstein,"Bernstein is a founder surname (Sanford C. Bernstein) and an established public brand in asset and private wealth management, matching the INVESTMENT MANAGER donor; it is not an acronym and needs no expansion."
BETTERUP,keep_as_is,,high,,well-known brand,BetterUp is the public brand of the coaching platform; resolved HQ San Francisco CA matches. Decided without search.
BH3,keep_as_is,,high,,,No search needed - BH3 Management is the real estate firm's own trading name; Fort Lauderdale hq matches resolved_hq and the CEO / REAL ESTATE donors corroborate. No meaningful expansion exists.
BIGHAWK,keep_as_is,,medium,,no search needed — coined brand name,"Coined compound-word brand, not an initialism; a reader parses it as a company name already."
BLACKROCK,keep_as_is,,high,,well-known public brand; NY HQ + asset management occupations corroborate,"BlackRock is a globally recognized asset manager brand; NY HQ and ASSET MANAGEMENT / attorney donors match. Obvious brand, no search needed."
BLATT,keep_as_is,,medium,,https://html.duckduckgo.com/html/?q=Blatt+Cincinnati+Ohio+homebuilder+homes,"A surname, not an acronym. The Cincinnati homebuilding Blatt family trades publicly as 'John Henry Homes', but the filed employer 'BLATT' is most likely the family's own entity; no public expansion of 'BLATT' itself exists."
BLOOMBERG,keep_as_is,,high,,,No search needed - globally recognized brand; NY hq and VICE CHAIRMAN / VICE PRESIDENT donors in New York confirm.
BLUELINX,keep_as_is,,high,,no search needed - public company trading name,"BlueLinx Holdings is the building-products distributor's real trading name, not an acronym; Atlanta GA donor and Atlanta GA HQ agree. Decided without search."
BLUETENT,keep_as_is,,medium,,no search needed — coined brand name,"Coined two-word brand (hospitality marketing firm), readable as-is rather than an opaque initialism."
BMO,keep_as_is,,medium,,https://en.wikipedia.org/wiki/BMO_Capital_Markets,"BMO is the bank's official public brand (BMO Capital Markets is the New York investment-banking arm, matching the SALES TRADER donor and NYC resolved HQ). Expanding to 'Bank of Montreal' would name the Canadian parent rather than the actual employer, so the brand name is the better label."
BODMAN,keep_as_is,,high,,decided without search (founder-named law firm; Detroit HQ in row corroborates),No search needed — Bodman PLC is a Detroit law firm named for its founder; resolved_hq Detroit MI and ATTORNEY/LAWYER occupations in Ann Arbor MI confirm the firm. Founder-name trading names stay per the rules.
BOSPAR,keep_as_is,,high,,https://bospar.com/about/,"Bospar is the firm's actual trading name — a San Francisco tech PR agency (name derives from founders Boehlke + Sparrer), matching the resolved SF HQ and CONTENT DIRECTOR occupation. Not an acronym with a public expansion."
BOSSWORKS,keep_as_is,,medium,,no search needed — coined brand name,Coined compound-word brand rather than an acronym; already readable to a dashboard visitor.
BRAMAN,keep_as_is,,medium,,no search needed — founder-named firm,"Founder surname of the Braman auto dealership group in South Florida, corroborated by the CAR SALES donor in Palm Beach Gardens FL; founder-named firms stay as-is."
BRAVEN,keep_as_is,,medium,,no search needed — word-style brand name,"Braven is the trading name of the career-readiness nonprofit; a CEO donor fits and the name is a readable word, not an initialism."
BRAZE,keep_as_is,,high,,no search needed - public company trading name,"Braze is the New York customer-engagement software company's actual brand name, not an acronym; PRODUCT MANAGER donors and the New York HQ fit. Decided without search."
BREX,keep_as_is,,high,,well-known brand,"Brex is the public brand of the corporate-card fintech; coined name, not an acronym. Decided without search."
BTIG,keep_as_is,,high,,BTIG LLC is the firm's registered trading name; known broker-dealer brand,BTIG LLC is the firm's actual legal and trading name (no public expansion); NY HQ with SALES TRADER/BANKING/FINANCE donors in NY and Englewood NJ corroborates the broker-dealer.
BURBERRY,keep_as_is,,high,,no search needed - well-known public brand,Burberry is a globally recognized fashion brand; NYC/Englewood NJ donors and the New York HQ office fit. Decided without search.
BUSINESS,keep_as_is,,low,,,"Generic FEC self-description by one retired donor, not an acronym; there is no organization behind it to expand to."
CACTUS,keep_as_is,,high,,"https://cactuswhd.com/cactus-companies/ and https://stockanalysis.com/stocks/whd/company/ - Cactus, Inc., Houston TX","Cactus, Inc. (NYSE: WHD) is the Houston oilfield pressure-control company's actual legal and trading name, not an acronym; the Houston/Bellaire TX COO donor corroborates the company but the name needs no expansion."
CAKETECH,keep_as_is,,low,,,"Compound word brand name, not an opaque initialism; no public expansion identified for the Stamford CT CEO."
CALDWELL,keep_as_is,,medium,,https://search.brave.com/search?q=Caldwell+Partners+executive+search+New+York+consultant,"Caldwell is the firm's own trading name (founder-named executive search/consulting firm) and it has a New York office, matching the CONSULTANT donor in New York, NY."
CALTECH,keep_as_is,,high,,well-known institution; Pasadena CA HQ in row corroborates,"Caltech is the universally used common short name of the California Institute of Technology; Pasadena CA HQ matches. Obvious keep, decided without search."
CAPITALZ,keep_as_is,,medium,,"name is self-evidently a stylized brand, not an initialism",Coined trading name rather than an acronym — 'Capitalz' reads as the firm's own brand for a Boca Raton private-equity shop; no public expansion exists. Decided without search.
CAREMARK,keep_as_is,,high,,,"Caremark is the recognized pharmacy-benefit brand (now CVS Caremark); a retired Northbrook IL donor fits its longstanding Illinois-area operations. Known brand, no search needed."
CARTA,keep_as_is,,high,,,"Carta is the actual product/company name of the cap-table software firm; customer success and sales occupations fit its go-to-market roles. Known brand, no search needed."
CBIZ,keep_as_is,,high,,,"CBIZ is the NYSE-listed company's actual legal and trading name (Cleveland OH HQ matches, accountant/CPA donors fit its accounting practice); it is not an expandable acronym. Known brand, no search needed."
CEDAR,keep_as_is,,medium,,,"Word-style brand name (New York HQ, marketing donor), not an unintelligible acronym."
CFCPAPC,keep_as_is,,medium,,string structure = initials + CPA + PC; occupation CPA,Reads as a person's initials plus 'CPA PC' — a solo accountant's professional corporation in San Antonio TX; CPA occupation corroborates. No public expansion exists for such an entity.
CGI,keep_as_is,,high,,CGI Inc. is the registered trading name,CGI Inc. is the company's actual legal and trading name (the IT consultancy dropped 'Consultants to Government and Industry' long ago); NETWORK ENGINEER fits. Decided without search (known brand).
CHABAD,keep_as_is,,high,,"occupation RABBI + resolved_hq Brooklyn, NY (770 Eastern Parkway)","No search needed — Chabad is the movement's own well-known public name, the donors are RABBIs, and the Brooklyn NY resolved HQ matches Chabad-Lubavitch world headquarters; a reader recognizes 'Chabad'."
CHAPMAN,keep_as_is,,high,,founder-surname law firm pattern,"ATTORNEY donor — a founder-surname law firm name, which the rules keep as-is. Decided without search per the founder-named-firm exception."
CHASE,keep_as_is,,high,,well-known brand; New York NY HQ in row corroborates,"Chase is the consumer-facing brand of JPMorgan Chase and instantly recognizable; New York NY HQ and FINANCE occupations match. Obvious keep, no search needed."
CHERRE,keep_as_is,,high,,"name is the company's own brand, not an initialism",Not an acronym — Cherre is the actual trading name of the NYC real-estate data company; DATA SCIENTIST in New York with a New York HQ matches. Decided without search (known brand name).
CHIME,keep_as_is,,high,,,No search needed - Chime is the fintech's actual consumer brand; San Francisco hq matches and the MARKETING donor in Campbell CA fits.
CHROMADEX,keep_as_is,,high,,known public company brand,"ChromaDex is the company's public brand and trading name (NASDAQ: CDXC, nicotinamide riboside supplements); a reader recognizes it as written. Decided without search as an obvious brand."
CHUBB,keep_as_is,,high,,,"Chubb is the insurer's well-known public brand, not an acronym; NJ HQ and insurance-counsel donors fit (no search needed)."
CISCO,keep_as_is,,high,,,"No search needed — Cisco is a globally recognised brand and its own trading name; resolved HQ San Jose, CA confirms the identification."
CITIBANK,keep_as_is,,high,,,No search needed - universally recognized bank brand; NY hq and BANKER / VICE PRESIDENT donors in the NY metro area confirm.
CITYPAC,keep_as_is,,high,,,"No search needed — the occupation is literally POLITICAL ACTION COMMITTEE and CityPAC is the committee's own registered public name, not an opaque acronym."
CLARKSONS,keep_as_is,,medium,,trading name / known brand,"Decided without search: Clarksons is the public trading name of the shipping services and investment banking group (Clarkson PLC); donor occupation INVESTMENT BANKER and NY resolved_hq fit, and the name is already the brand."
CLAROTY,keep_as_is,,high,,no search needed — Claroty is the company's own brand name,Claroty is the trading name of the NYC industrial-cybersecurity firm; NYC HQ and SALES/TECHNOLOGY donors match.
CLASSIQ,keep_as_is,,medium,,trading name,"Decided without search: Classiq is the company's own coined trading name (quantum computing software), not an acronym needing expansion."
CLEERLY,keep_as_is,,high,,no search needed — Cleerly is the company's own brand name,"Cleerly is the trading name of the cardiac-imaging AI firm, not an acronym; nothing to expand."
COGNIZANT,keep_as_is,,high,,known brand; resolved_hq Teaneck NJ matches,"Well-known public brand (Cognizant Technology Solutions, NASDAQ: CTSH); Teaneck NJ HQ in the row matches. Decided without search as an obvious brand."
COLLIERS,keep_as_is,,high,,no search needed — well-known commercial real estate brand,Colliers is the firm's actual trading name (Colliers International); real-estate and corporate-counsel donors in Florida corroborate the brokerage.
COLRICH,keep_as_is,,medium,,ColRich is the firm's own brand name (San Diego real estate development); HQ and donor city match,ColRich is the San Diego real-estate developer's actual trading name (not an acronym); San Diego CA HQ with REAL ESTATE DEVELOPER/INVESTOR donors in San Diego matches exactly.
COMCAST,keep_as_is,,high,,,"Household-name cable/media brand, Philadelphia PA HQ matches. No search needed."
COMPASS,keep_as_is,,high,,"well-known brand (Compass, Inc., NYSE: COMP, New York)","Compass, Inc. is the residential brokerage's actual trading name; New York NY HQ with BROKER/REAL ESTATE donors across PA, TX and NY matches its national agent network. Decided without search."
CONVERMAT,keep_as_is,,high,,"https://www.convermat.com/ - Convermat Corp., offices Great Neck NY and 9401 Wilshire Blvd, Beverly Hills CA","Company site confirms Convermat Corp is the firm's own name (global tissue/pulp supplier) and it has a Beverly Hills CA office matching the donor's city exactly; the name is already the trading name, not an acronym."
CORCORAN,keep_as_is,,high,,no search needed — well-known real estate brand,The Corcoran Group is the firm's actual trading name; broker/real-estate donors in New York and Palm Beach with a NYC HQ corroborate it.
COREVEST,keep_as_is,,high,,Irvine CA HQ + INVESTMENTS occupation in row; firm trades as CoreVest,"CoreVest is the trading name of CoreVest Finance, the Irvine CA residential real estate lender — not an acronym; Irvine CA HQ matches and donors are in INVESTMENTS."
COVETRUS,keep_as_is,,high,,"Portland, ME HQ + compounding division matches Covetrus, the animal-health technology and services company","Covetrus is the animal-health company's real brand name (Portland, ME HQ matches), not an acronym; the SVP COMPOUNDING DIVISION title fits its compounding business. Decided without search."
CRAFTY,keep_as_is,,medium,,"name is a plain-word trading name, not an initialism","An ordinary English word used as a brand name, not an opaque acronym — a reader parses it as-is; no expansion would add intelligibility."
CRESA,keep_as_is,,high,,no search needed — Cresa is the firm's trading name,Cresa is the actual name of the tenant-representation real estate firm; commercial real estate broker donors in Bethesda MD and a Chicago HQ corroborate it.
CRICUT,keep_as_is,,high,,no search needed — well-known consumer brand,Cricut is the trading brand of the cutting-machine maker; South Jordan UT HQ and Salt Lake City engineering donor match.
CVENTURES,keep_as_is,,low,,https://signal.nfx.com/firms/c-ventures ; https://www.linkedin.com/company/cventures-inc (competing Denver entity),"Best match is C Ventures, the LA-and-Hong-Kong venture firm (LA HQ, managing director/consultant donors), but a Denver family office shares the name and the only 'expansion' would be 'C Ventures' — not materially more intelligible."
CVSHEALTH,keep_as_is,,high,,decided without search (Woonsocket RI HQ in row is CVS Health's headquarters; nationally known brand),"No search needed — CVS Health is a household retail-pharmacy brand and resolved_hq Woonsocket RI is its actual headquarters. Readers recognize it; only the missing space is cosmetic, not an intelligibility problem."
CYBERARK,keep_as_is,,high,,,"Decided without a search: CyberArk is the company's real public brand (Nasdaq: CYBR), and FOUNDER/CHAIRMAN/CEO donors near its Newton, MA US HQ confirm it."
CYBREXA,keep_as_is,,high,,https://www.cybrexa.com/about/,"Confirmed as Cybrexa Therapeutics, a clinical-stage oncology biotech whose CHIEF MEDICAL OFFICER role matches the donor occupation exactly and whose Northeast base fits the Melrose MA donor; CYBREXA is an invented trading name, not an acronym."
CYDCOR,keep_as_is,,high,,,"No search needed - Cydcor is the outsourced-sales firm's actual coined company name (not an initialism), and its Agoura Hills CA hq matches resolved_hq exactly."
DALET,keep_as_is,,high,,https://www.dalet.com/about-us/ and https://www.crunchbase.com/organization/dalet-digital-media-systems-usa-inc,"Dalet is the media-software company's actual brand name with its US office in New York, matching the HQ; a BUSINESS DEVELOPMENT MANAGER fits, and there is no acronym to expand."
DAMSKI,keep_as_is,,medium,,founder/surname-named firm,Decided without search: a surname-based small practice (FINANCIAL ADVISOR in Clifton NJ) with no public expansion.
DANKMEYER,keep_as_is,,high,,"http://www.dankmeyer.com/ — Dankmeyer, Inc., 825 N Hammonds Ferry Rd, Linthicum Heights MD",Founder-named firm (Charles 'Herb' Dankmeyer) trading under its own surname; Linthicum Heights MD HQ matches the resolved HQ exactly.
DARTMOUTH,keep_as_is,,high,,"well-known institution short name, no search needed","Dartmouth is the university's common short name and readers recognize it; PROFESSOR in Norwich VT with a Hanover NH HQ confirms Dartmouth College, and per the rules universities' common short names stay."
DELL,keep_as_is,,high,,decided without search (Round Rock TX HQ in row is Dell Technologies' headquarters),No search needed — Dell is a globally recognized computer brand named for founder Michael Dell; resolved_hq Round Rock TX is Dell's headquarters and ENGINEER/SALES occupations fit. Not an acronym.
DELPHI,keep_as_is,,high,,"Troy, MI is Delphi's longtime headquarters; Delphi is the company's trading name","Troy, MI HQ and an ENGINEER donor in Carmel, IN match the auto-parts maker, whose actual public brand is simply Delphi. Well-known brand, decided without search."
DENTONS,keep_as_is,,high,,well-known firm name; attorneys + NY HQ corroborate,"Dentons is the law firm's actual name (not an acronym) and a recognized global brand; attorney donors and NY HQ match. Obvious brand, no search needed."
DERMCARE,keep_as_is,,high,,"no search needed — 'DermCare' is a readable trading name, not an opaque acronym",Already intelligible as a dermatology practice/group; Hollywood FL HQ and MEDICAL DOCTOR donor in Pinecrest FL are consistent.
DESIGNER,keep_as_is,,high,,,"Not an acronym at all - a generic occupation word entered as an employer (SUSTAINABLE DESIGN / RETIRED donors, no hq). There is nothing to expand."
DHR,keep_as_is,,medium,,https://www.dhrglobal.com/,"The firm's own site shows it trades simply as DHR Global, an executive search and leadership consulting firm — matching the EXECUTIVE SEARCH occupation — and the initials have no publicly disclosed expansion, so no materially more intelligible name exists."
DISNEY,keep_as_is,,high,,,Disney is a globally recognized brand; Burbank CA HQ and attorney/director donors in Studio City CA and Winter Park FL fit (no search needed).
DOCMJ,keep_as_is,,medium,,docmj.com (403 to fetch); brand name corroborated by FL medical cannabis donor context,"DocMJ is the clinic network's actual consumer-facing brand name, and the MEDICAL CANNABIS PHYSICIAN occupation in Clearwater FL matches its Florida medical-marijuana certification business; the official site blocked automated fetch but the brand-name status is not in doubt."
DOORDASH,keep_as_is,,high,,well-known public brand; SF HQ corroborates,"DoorDash is a household consumer brand; San Francisco HQ with attorney and product manager donors matches. Obvious brand, no search needed."
DUPONT,keep_as_is,,high,,"well-known brand, no search needed",DuPont is a globally recognized public brand and its own trading name; RETIRED donor in Wilmington DE matches the company's Wilmington HQ. Decided without a search as an obvious known brand.
ECKSTEIN,keep_as_is,,medium,,,"Not an acronym — a founder surname; LAWYER in New York, NY indicates a surname-named law firm, which the rules keep as-is. Decided without search."
EDJCO,keep_as_is,,high,,https://www.linkedin.com/in/david-rubin-174541227/ ; https://davidrubinfinancial.wordpress.com/,"Search shows EDJCO is David Rubin's own Los Angeles construction-management / affordable-housing company - context matches (HOMELESS HOUSING, PRINCIPAL, LA hq) but no published expansion of the name exists, so it is a founder's own entity name."
ELDRIDGE,keep_as_is,,high,,"no search needed — Eldridge is the firm's own trading name, not an acronym","Eldridge (Eldridge Industries) is a real word-name holding company; NY HQ matches, and an ATTORNEY donor in Dallas fits an in-house or affiliated role."
ELLIPSIS,keep_as_is,,medium,,,"Not an acronym — a coined single-word firm name; NY consulting/board-advisor context gives no alternate expansion. Decided without search (word, not initialism)."
EMORY,keep_as_is,,high,,,"Decided without a search: Emory is the university's own common public short name, and PHYSICIAN/PROFESSOR donors in Atlanta with an Atlanta HQ confirm it; a reader recognizes it unaided."
ERLANGER,keep_as_is,,high,,https://en.wikipedia.org/wiki/Erlanger_Health_System,"Not an acronym — the health system's common public name; confirmed as Erlanger in Chattanooga, TN, exactly matching the PHYSICIAN donor's city (the AI-resolved Cincinnati HQ is wrong, but the name itself needs no expansion)."
EXCELLUS,keep_as_is,,high,,"n/a - known regional brand, HQ matches Rochester NY","Excellus is the public brand of the Rochester NY health insurer, and the Rochester NY resolved_hq plus a RETIRED donor in Wantagh NY corroborate it; the brand name is already what a reader recognizes."
F-FACTOR,keep_as_is,,high,,decided without search (NYC HQ in row + dietitian occupation match the F-Factor nutrition brand),"No search needed — F-Factor is the public brand of the New York fiber-based nutrition company; the DIETITIAN and R&D donors in New York NY plus resolved_hq New York NY corroborate. It is the trading name, not an acronym."
FABRICANT,keep_as_is,,medium,,n/a - founder-surname firm,Surname-based small insurance firm in New York matching the donor's city and INSURANCE occupation; no public acronym expansion exists.
FACTORLAW,keep_as_is,,medium,,"https://www.factorlaw.com/ - Law Office of Elizabeth Lidd Factor, P.C., La Grange, Illinois (Chicago metro)","Founder-surname law practice (Factor) in the Chicago area, matching the Chicago IL ATTORNEY donor; per the rules, founder-named firms stay as-is."
FARMER,keep_as_is,,high,,"n/a - occupation, not an acronym","No search needed - this is an occupation entered as employer by a RETIRED donor, not an acronym; there is no organization to expand."
FCB,keep_as_is,,medium,,,"The global advertising agency formally renamed itself FCB; New York HQ and a CREATIVE donor in Queens Village, NY corroborate that identity, and FCB is its actual trading name. Decided without search as an industry brand."
FERRING,keep_as_is,,medium,,"decided without search — established pharmaceutical brand name, not an acronym","SALES donor in Florida with a Princeton, NJ resolved_hq matches Ferring Pharmaceuticals' US base, but ""Ferring"" is a readable brand word rather than an unintelligible acronym."
FIBERTRON,keep_as_is,,medium,,decided without search — coined single-word corporate name,"Fibertron is already a complete trading name rather than an initialism, so there is no expansion that would add intelligibility."
FIGHTCAMP,keep_as_is,,medium,,n/a - consumer brand name,"Readable consumer trading name (home boxing fitness brand), not an acronym; a Los Angeles CFO fits the company and the name needs no expansion."
FILMRISE,keep_as_is,,high,,n/a - trading brand name,"FilmRise is the actual trading name of the Brooklyn NY film and TV distributor, matching the donor's Brooklyn NY location; a descriptive brand, not an acronym."
FINMARC,keep_as_is,,high,,http://www.finmarc.com/company/,"Verified as Finmarc Management, a Bethesda MD commercial real estate firm — the Bethesda/Potomac MD real estate donor corroborates exactly, but FINMARC is the firm's own coined trading name, not an acronym, so nothing intelligible to expand."
FINNEGAN,keep_as_is,,high,,n/a - founder-named law firm,"Founder-named IP law firm Finnegan, Henderson, Farabow, Garrett & Dunner; LAWYER occupation and Washington DC resolved_hq match the firm's DC base. No search needed per founder-named rule."
FIS,keep_as_is,,medium,,,"Jacksonville, FL HQ matches the fintech that legally trades as FIS; FIS is the company's own public brand (like IBM/PWC), not an opaque internal abbreviation. Decided without search as a known brand."
FISERV,keep_as_is,,high,,"https://en.wikipedia.org/wiki/Fiserv - 'Fiserv, Inc.' is the company's actual name, not an acronym","Fiserv is the company's real corporate name and public fintech brand, not an acronym; donor is a SALES DIRECTOR and the resolved HQ matches the company."
FLUXON,keep_as_is,,medium,,n/a - coined trading name,"Coined pronounceable trading name of a Palo Alto product-development firm, matching the Palo Alto CEO donor; not an acronym with a fuller form."
FOGELMAN,keep_as_is,,high,,decided without search — founder-surname property firm,"REAL ESTATE occupation in Memphis, TN matches Fogelman Properties, a surname-named firm that trades under exactly this name."
FOODGRAPH,keep_as_is,,medium,,not an acronym — no expansion exists; no public company record found,"FoodGraph is a coined company name rather than an acronym, so there is no expansion to give; a single Needham MA CEO donor indicates a small private firm with no public expansion."
FORBES,keep_as_is,,high,,,"Decided without a search: Forbes is a globally recognized media brand, and the EDITOR occupation plus Jersey City HQ matches the publisher."
FORD,keep_as_is,,high,,"resolved_hq Dearborn, MI",No search needed — Ford is one of the most recognizable brands in the world and resolved_hq Dearborn MI confirms Ford Motor Company; a reader needs no expansion.
FOX,keep_as_is,,high,,,Decided without a search: Fox is a household media brand and the DIGITAL/EXECUTIVE donors with a New York HQ fit it; expanding to a legal entity name would not aid a reader.
GAINSIGHT,keep_as_is,,high,,decided without search (San Francisco CA HQ in row matches Gainsight; established SaaS brand),"No search needed — Gainsight is the public brand of the customer-success software company; resolved_hq San Francisco CA matches and DIRECTOR is a generic fit. A coined word, not an acronym."
GAMESTOP,keep_as_is,,high,,decided without search — globally recognized retail brand,"RETIRED donor in Austin, TX with a Grapevine, TX resolved_hq matches GameStop's corporate HQ; the name is the public brand."
GANTRY,keep_as_is,,medium,,decided without search (occupations in row are Gantry Inc's exact business line; SF donor matches its base),"No search needed — Gantry, Inc. is the trading name of the independent commercial mortgage banking firm, and the row's occupations (COMMERCIAL MORTGAGE BANKER, COMMERCIAL MORTGAGE BROKER) plus a San Francisco CA donor match it directly. It is a word-mark, not an acronym, so there is nothing to expand."
GARMIN,keep_as_is,,high,,,"Globally recognized navigation/aviation electronics brand; resolved HQ Olathe KS matches Garmin, and the AVIATION SALES MANAGER occupation fits. Obvious brand, no search needed."
GARTNER,keep_as_is,,high,,"https://en.wikipedia.org/wiki/Gartner - 'Gartner, Inc. is an American research and advisory firm'","Gartner is the firm's actual public brand name, not an acronym; donor's VP OF STRATEGY occupation fits the research/advisory firm."
GARY-SELF,keep_as_is,,high,,n/a - self-employment listing,"No search needed - this is a self-employed physician's own listing ('Gary, self-employed'); no public organization or expansion exists."
GENENTECH,keep_as_is,,high,,,No search needed - Genentech is the biotech company's actual name; South San Francisco hq matches and the Berkeley CA attorney fits.
GENESYS,keep_as_is,,high,,decided without search (Daly City CA HQ in row matches Genesys Cloud Services; known enterprise software brand),"No search needed — Genesys is the public brand of the customer-experience/contact-center software company; resolved_hq Daly City CA matches its Bay Area headquarters and MARKETING occupations fit. A coined word, not an acronym."
GFI,keep_as_is,,medium,,,"The FINANCE occupation and New York HQ fit GFI Group, the interdealer broker, but GFI is that firm's actual public trading name with no commonly used expansion, so expanding would not help a reader."
GIVNER,keep_as_is,,medium,,,"A founder surname used as a law-firm name, matching the LAWYER occupation in Bay Harbor Islands FL; founder-named firms stay as-is per the rules. No search needed."
GLOBETAX,keep_as_is,,high,,"https://www.globetax.com/ — 'Globe Tax Services, Inc.', One New York Plaza, New York, NY","GlobeTax is the public trading name (legal name Globe Tax Services, Inc.); NYC HQ and FINANCIAL SERVICES donor in New York, NY corroborate, but the full legal name is no more intelligible."
GOCHARGE,keep_as_is,,medium,,"n/a - trading name, not an acronym","Concatenated trading name ('Go Charge'), readable as-is rather than an opaque acronym; donor is a CEO of a small venture with no fuller public name."
GOLDMAN,keep_as_is,,low,,surname-style name with no resolved HQ; Goldman Sachs not corroborated by PA venture-capital context,"A readable surname, not an opaque acronym; a VENTURE CAPITAL donor in Merion Station, PA with no resolved HQ does not support Goldman Sachs, so it is most likely a surname-named firm that should stand."
GREEN,keep_as_is,,medium,,,A common surname used as a physician's own practice name in Chester NY; not an acronym and no public expansion exists.
GREENSKY,keep_as_is,,high,,"n/a — well-known brand, no search needed per instructions","Not an acronym — GreenSky is the well-known Atlanta fintech's actual trading name; donor is a CEO in Atlanta, GA and resolved HQ is Atlanta, GA. Decided without search (obvious brand)."
GREYSTONE,keep_as_is,,high,,,"Greystone is the actual trading name of the NY-based commercial real estate lender; CEO/funding occupations and NY HQ fit. Known brand, no search needed."
GRIFFIN,keep_as_is,,medium,,,"Ordinary surname/word, not an opaque acronym; RETIRED donor in Lake Elsinore CA with no HQ gives no organization to expand to. No search needed."
GROSSMAN,keep_as_is,,medium,,"n/a — surname-based private entity, no public expansion exists","A surname used as a business name for a BUSINESS EXECUTIVE in Boca Raton, FL, with no resolved HQ — a founder-named private entity with no public expansion to substitute."
GRT,keep_as_is,,medium,,https://grtcorp.com/contact-us/ ; https://www.dnb.com/business-directory/company-profiles.grt_corporation.111bed96608f70db5861786b086936d0.html,"Context matches GRT Corporation, an IT consulting firm in Stamford CT (donor is a CTO in Stamford, HQ Stamford), but GRT has no public letter expansion — GRT Corporation is the trading name, so no materially clearer name exists."
GRUNBAUM,keep_as_is,,high,,,"Decided without a search: a surname with INVESTOR/RETIRED donors in Tarzana, CA and no HQ — a personal or family investment entity with no public expansion."
GRYPHON,keep_as_is,,medium,,,"Gryphon is the actual trading name of several finance firms (e.g. Gryphon Investors); the New York HQ and FINANCE occupation fit but the word is the brand itself, not an acronym needing expansion."
GSK,keep_as_is,,high,,"n/a — well-known brand, no search needed per instructions","GSK plc has been the company's official name since its 2022 rebrand and is a globally recognized pharma brand; Philadelphia, PA is its US HQ and the donor is a SCIENTIST. Decided without search (well-known brand)."
GTCR,keep_as_is,,medium,,,No search needed — GTCR is the Chicago private-equity firm's actual legal and trading name (the founder initials were retired as a name); there is no current full form to expand to. Chicago HQ matches.
GTREASURY,keep_as_is,,high,,decided without search — GTreasury is the company's own product and corporate name,"SALES donor in Chicago with a Buffalo Grove, IL resolved_hq matches GTreasury's actual HQ, and GTreasury is the full trading name with nothing to expand."
GUAC-LOCK,keep_as_is,,high,,https://www.cnbc.com/2017/11/15/two-moms-invented-guac-lock-to-keep-guacamole-from-browning.html,"Guac-Lock is the real product and company name of the avocado-storage venture started by two founders in the NY metro area, matching the FOUNDER occupation and Scarsdale NY HQ; it is a brand, not an acronym."
GUMGUM,keep_as_is,,high,,,"GumGum is the company's real trading name (contextual advertising / computer-vision adtech), not an acronym; resolved HQ and SALES DIRECTOR occupation fit. No expansion exists."
GUNSTER,keep_as_is,,high,,no search needed — founder-named law firm,"Gunster (Gunster, Yoakley & Stewart) is a Florida law firm named for its founder; attorney donors across Fort Lauderdale, Palm Beach Gardens and Plantation with a Miami HQ corroborate it."
GXO,keep_as_is,,medium,,,"No search needed — GXO Logistics is a listed company whose brand and ticker are simply GXO; Greenwich, CT HQ in the file matches, and finance-analyst occupations fit its corporate office."
HADASSAH,keep_as_is,,high,,,"Hadassah is the common public name of the Women's Zionist Organization of America (NY HQ matches); readers recognize it, decided without search."
HASBRO,keep_as_is,,high,,,"Well-known consumer toy brand and the company's actual trading name; resolved HQ Pawtucket RI matches Hasbro. Obvious brand, decided without search."
HAVAS,keep_as_is,,high,,https://en.wikipedia.org/wiki/Havas,"Wikipedia confirms Havas is not an acronym but the founder-derived actual company name of the French advertising group, headquartered with major NY operations matching the White Plains NY donor."
HCA,keep_as_is,,high,,"well-known public brand (HCA Healthcare, Nashville TN)","HCA is the company's own public brand (HCA Healthcare, NYSE: HCA) — it dropped 'Hospital Corporation of America' as its trading name; Nashville TN HQ and Florida physician donors fit. Decided without search."
HEDGEACT,keep_as_is,,medium,,"https://www.hedgeact.com/ — HedgeACT, Chicago registered investment advisor, brand of Griffin Asset Management LLC",HedgeACT is the firm's own public trading name and is semantically readable (hedge-fund access); the legal parent 'Griffin Asset Management' is not more intelligible. Chicago + ATTORNEY donor matches the firm.
HENKEL,keep_as_is,,high,,n/a - well-known brand,"Henkel is the well-known global consumer-goods and adhesives brand and its actual corporate name; the SENIOR DIRECTOR, MARKETING occupation fits. No search needed."
HERRUPCPA,keep_as_is,,high,,decided without search — surname + credential practice name,"CPA occupation in Miami, FL confirms this is Herrup CPA, an individual accountant's own practice with no public corporate expansion."
HEYMAN,keep_as_is,,high,,"n/a - surname, corroborated by occupation field","A surname, and the occupation field itself says 'VICE CHAIRMAN- THE TRAVELERS COMPANIES', so this is a person's name rather than an acronym needing expansion. No search needed."
HIDROCK,keep_as_is,,medium,,"https://www.hidrock.com/ - 'Hidrock Properties', real estate with investor portal","Company site confirms Hidrock Properties is the firm's own name (NYC real estate); donor INVESTMENTS in New York NY fits, and the name is not an acronym."
HIGHMARK,keep_as_is,,high,,decided without search (nationally known insurer brand; Pittsburgh HQ in row corroborates),No search needed — Highmark is the well-known Pittsburgh-based Blue Cross health insurer and is its own public brand; resolved_hq Pittsburgh PA and a Pittsburgh donor corroborate. Not an acronym.
HILLDUN,keep_as_is,,medium,,,"Not an acronym — the New York factoring firm's own trading name; FINANCE occupation and New York, NY HQ corroborate. Decided without search."
HILLSPIRE,keep_as_is,,high,,"resolved_hq Menlo Park, CA + investment occupations match Hillspire LLC","No search needed — Hillspire is the actual trading name of Eric Schmidt's Menlo Park family office (matching resolved_hq) and the INVESTMENT / REAL ESTATE occupations of the San Francisco donors; it is a coined name, not an acronym."
HILLWOOD,keep_as_is,,high,,well-known trading name; Irving TX HQ corroborates,"Hillwood is the actual trading name of the Perot family's Irving TX real estate development company; Dallas CEO donor and Irving HQ match. Decided without search — established company name, not an acronym."
HINSHAW,keep_as_is,,high,,n/a - founder-named law firm,"Founder-named law firm Hinshaw & Culbertson; the ATTORNEY occupation and Chicago IL resolved_hq match the firm's Chicago base, and the short form is how the firm is commonly referred to. No search needed per founder-named rule."
HON,keep_as_is,,medium,,"https://en.wikipedia.org/wiki/The_HON_Company — 'The HON Company', Muscatine Iowa, office furniture; HON derives from 'Home-O-Nize'","HON is the firm's own trading name and the literal expansion (Home-O-Nize) is less intelligible, not more; the REAL ESTATE occupation also fails to corroborate the furniture maker."
HONIGMAN,keep_as_is,,high,,"known founder-named law firm; context (Detroit HQ, attorneys) self-corroborating",Honigman LLP is a founder-named Detroit law firm operating under exactly this name; ATTORNEY/LAWYER donors in metro Detroit and a Detroit HQ match. Decided without search — well-established firm name.
HUPPINS,keep_as_is,,high,,"https://www.spokesman.com/stories/2022/jul/07/iconic-spokane-business-huppins-sells-retail-store/ — Huppin's, 114-year-old Spokane electronics retailer",Huppin's is the family firm's own public trading name; Spokane WA HQ and BUSINESS OWNER donor match the Huppin family.
IDT,keep_as_is,,medium,,https://html.duckduckgo.com/html/?q=IDT+Corporation+Newark+New+Jersey+telecom+company,"IDT Corporation is the company's current public name — the original 'International Discount Telecommunications' expansion is retired and no longer used. NJ/NY donor locations (Passaic NJ, Woodmere NY) fit the Newark-headquartered IDT rather than Integrated Device Technology, but no expansion would be more intelligible."
IDW,keep_as_is,,medium,,"https://idwmediaholdings.com/about/ — IDW Media Holdings, Inc.","IDW is the company's own trading name (IDW Publishing / IDW Media Holdings); the CEO donor in Paramus NJ fits IDW Media's NJ base, though the resolved San Diego HQ is the publishing arm — expanding to 'Idea and Design Works' would be less intelligible, not more."
IGN,keep_as_is,,high,,no search needed — IGN is the outlet's own brand name,"IGN is the actual trading name of the games/media outlet; LA HQ and MEDIA occupation corroborate, and the historic expansion (Imagine Games Network) is not the public name."
INCEPTIV,keep_as_is,,high,,https://inceptiv.com/,"INCEPTIV is a coined brand name, not an acronym — it provides specialty GP capital to private investment sponsors, which corroborates the PRIVATE EQUITY INVESTOR donor; no expansion exists."
INCYTE,keep_as_is,,high,,,No search needed - Incyte Corporation is the biopharma company's actual name; Wilmington DE hq matches and the PHYSICIAN donor near Philadelphia fits its footprint.
INFOR,keep_as_is,,high,,no search (known company name),"Infor is the enterprise software company's actual corporate name (not an acronym), and the resolved Plano TX HQ matches its US headquarters."
INFOSYS,keep_as_is,,high,,no search needed - well-known public brand,Infosys is the global IT-services firm's actual public name and is widely recognized; CONSULTANT donor and Plano TX US office fit. Decided without search.
INSCRIBE,keep_as_is,,medium,,,"A readable word-style trading name, not an unintelligible acronym; a reader parses it as the company's own brand."
INSPERITY,keep_as_is,,high,,decided without search (Kingwood TX HQ in row and Insperity's signature 'Business Performance Advisor' title corroborate),"No search needed — Insperity is a coined brand name (NYSE: NSP, PEO/HR services) headquartered in Kingwood TX, matching resolved_hq; ""BUSINESS PERFORMANCE ADVISOR"" is Insperity's own job title. Not an acronym."
INVENTEL,keep_as_is,,medium,,search blocked (CAPTCHA); decided on the basis that the name is not an initialism,"A coined portmanteau brand name (consumer products), not an initialism, so there is no expansion to apply. Could not run a confirming search — DuckDuckGo returned CAPTCHA on both attempts."
IPSOS,keep_as_is,,high,,,No search needed — Ipsos is a globally recognized market-research brand and its actual company name; CONSULTANT occupation and New York office match.
IQHQ,keep_as_is,,high,,https://html.duckduckgo.com/html/?q=IQHQ+Solana+Beach+California+life+science+real+estate+REIT,IQHQ is the company's actual brand name (life-science real estate developer/REIT) headquartered in Solana Beach CA — matching the resolved HQ and the REAL ESTATE occupation. The letters have no published expansion.
ITREK,keep_as_is,,high,,https://html.duckduckgo.com/html/?q=%22itrek%22+organization+New+York+Israel+trips+graduate+students,"itrek is the organization's actual coined brand name (from 'Israel Trek'), not an acronym; it is a New York-based nonprofit running Israel trips for graduate students, matching the NEW YORK NY donor and SENIOR ASSOCIATE title."
JAFFA,keep_as_is,,medium,,,"Word-style name (an investor's own vehicle in Mill Valley CA), not an acronym needing expansion."
JAMS,keep_as_is,,medium,,https://en.wikipedia.org/wiki/JAMS_(organization) ; HQ Irvine CA matches resolved_hq,"JAMS is the organization's current official name (it dropped 'Judicial Arbitration and Mediation Services' as its formal style); Irvine CA HQ and MEDIATOR occupation confirm it is this ADR provider, but JAMS is the name it trades under."
JENEL,keep_as_is,,medium,,https://www.jenel.net/about-us,"NYC REAL ESTATE donor matches Jenel Real Estate / Jenel Management, but 'JENEL' is the firm's own brand name rather than an acronym needing expansion."
JETTY,keep_as_is,,medium,,"n/a — plain-word trading name, not an acronym","Jetty is an ordinary-word brand name, not an acronym, so no expansion exists; a REVENUE OPERATIONS MANAGER in Englewood, NJ is consistent with the insurtech that trades under this name."
JEWBELONG,keep_as_is,,high,,,"No search needed - JewBelong is the nonprofit's actual public brand name, not an acronym, and CO-FOUNDER in New York matches the org's own leadership."
JITTERBIT,keep_as_is,,high,,"Jitterbit, Inc. is the company's own trading name (integration software, California)","Jitterbit Inc. is the software company's actual name, not an acronym; SF Bay Area HQ and Alamo CA board-member donor fit. Decided without search."
JPORLEANS,keep_as_is,,high,,"https://www.jporleans.com/about-us — JPOrleans, Two Tower Bridge, One Fayette Street, Conshohocken, PA","JPOrleans is the family homebuilder's actual trading name (founder-named, third generation), and the Conshohocken, PA address matches the donor's city with a CEO occupation."
KAMAN,keep_as_is,,high,,decided without search (Bloomfield CT HQ in row is Kaman Corporation's headquarters),No search needed — Kaman Corporation (aerospace/distribution) is named for founder Charles Kaman and trades under that name; resolved_hq Bloomfield CT is Kaman's headquarters and the RETIRED donor is in Stamford CT.
KAPLAN,keep_as_is,,medium,,,No search needed - not an acronym; a surname-based firm name with a Fort Lauderdale FL hq matching the donors' South Florida locations. Nothing to expand.
KATTEN,keep_as_is,,high,,no search (firm's own trading name),"'Katten' is the firm's own official brand following its rebrand from Katten Muchin Rosenman LLP; ATTORNEY occupation and LA/NY/Dallas offices fit. Founder-named firm, decided without search."
KATZIN,keep_as_is,,medium,,no search (founder-named entity rule),"Surname-based one-person real estate investment entity (REAL ESTATE INVESTOR, Los Angeles); no public expansion exists, so the surname is the name."
KBHOME,keep_as_is,,high,,"well-known public brand (KB Home, NYSE: KBH)","KB Home is the homebuilder's actual public brand and NYSE trading name; LA HQ and SHERMAN OAKS CA executive donor fit. Well-known brand, decided without search."
KBR,keep_as_is,,high,,decided without search (KBR Inc is the current official name; Houston TX HQ in row corroborates),"No search needed — KBR, Inc. is the company's actual legal and trading name (it formally dropped Kellogg Brown & Root); resolved_hq Houston TX matches and the donor is a Texas attorney. Expanding to a retired name would be less accurate, not more intelligible."
KEMPSTAR,keep_as_is,,medium,,"https://www.bbb.org/us/fl/coral-gables/profile/oil-and-gas-exploration/kempstar-llc-0633-90554590 — Kempstar, LLC, 4000 Ponce de Leon Blvd, Coral Gables FL","Kempstar, LLC is the firm's actual legal name (not an acronym) — a Coral Gables liquid-fuels trading firm, matching the FINANCE donor in Coral Gables, FL; expanding to 'Kempstar LLC' adds no intelligibility."
KENMAR,keep_as_is,,medium,,no search needed — coined brand name,"Kenmar is a coined/portmanteau trading name used by asset-management firms, consistent with the FINANCE occupation; not an initialism requiring expansion."
KENTWOOD,keep_as_is,,medium,,no search (brand-name rule),"Not an acronym — 'Kentwood' is the trading brand of the Denver-area residential brokerage, corroborated by REALTOR occupation and Englewood, CO donor; decided without search as a recognizable brand word. The 'Kentwood, MI' resolved_hq is a bad geocode, not the real HQ."
KINGSTONE,keep_as_is,,medium,,no search needed — firm's own trading name,"Kingstone Companies is the trading name of a New York property insurer; resolved HQ Albany NY and the EXECUTIVE donor in Hewlett NY are consistent. Readable word, not an acronym."
KJBINC,keep_as_is,,medium,,not searched (web search budget exhausted); pattern-matches the personal-LLC keep_as_is rule,Reads as a personal-initials corporation ('KJB Inc') tied to a single RETIRED donor in Skokie IL with no resolved HQ; no public expansion exists for such an entity.
KKR,keep_as_is,,high,,"Well-known brand — no search needed; KKR & Co. Inc. is the firm's legal and trading name, NYSE: KKR, headquartered in New York","The New York HQ and a New York FINANCE/INVESTOR donor match KKR, and 'KKR' is the firm's actual name — it dropped Kohlberg Kravis Roberts as its public branding, so a reader recognizes it as-is."
KLEINBARD,keep_as_is,,high,,https://kleinbard.com/ (site resolves; firm trades as Kleinbard),Founder-named Philadelphia law firm (Kleinbard LLC); donor is an ATTORNEY in Philadelphia and HQ resolves to Philadelphia — decided without search per founder-named-firm rule.
KREINDLER,keep_as_is,,high,,decided without search (founder-named NY law firm; NY HQ + attorney donors corroborate),No search needed — Kreindler & Kreindler is a New York aviation-disaster law firm named for its founders; ATTORNEY donors in New York NY and resolved_hq New York NY corroborate. Founder-named firm stays.
KROGER,keep_as_is,,high,,well-known brand,Major US supermarket chain and its public brand; resolved HQ Cincinnati OH matches the Cincinnati donor exactly. Decided without search.
KROLL,keep_as_is,,high,,well-known founder-named firm; NY HQ corroborates,"Kroll is the firm's actual trading name (risk and financial advisory), founder-derived; NY HQ and advisor/attorney/COO donors match. Obvious brand, no search needed."
KROST,keep_as_is,,medium,,"https://www.krostcpas.com/ — KROST CPAs & Consultants (Pasadena/Woodland Hills), a surname-derived firm name","KROST is a surname, not an acronym; the ORAL SURGEON occupation does not corroborate the KROST CPA firm, so this is most likely a practitioner's own surname practice with no public expansion."
KYNDRYL,keep_as_is,,high,,https://en.wikipedia.org/wiki/Kyndryl,"Kyndryl is a coined brand name (from 'kinship' + 'tendril'), not an acronym — there is nothing to expand; NYC headquarters matches the resolved HQ."
L3HARRIS,keep_as_is,,high,,https://en.wikipedia.org/wiki/L3Harris,L3Harris is the company's public brand name; resolved_hq Melbourne FL matches L3Harris Technologies exactly and donors are ENGINEERs.
LANDLORD,keep_as_is,,high,,"occupation SELF-EMPLOYED; term is an occupation, not an initialism",Not an acronym or an employer name — it is the donor's self-employment description; SELF-EMPLOYED occupation confirms. Nothing to expand.
LAZARD,keep_as_is,,high,,publicly listed firm trading as Lazard,Lazard is the well-known investment bank's own public name; BANKER in New York with New York HQ matches. Decided without search (known brand).
LHOIST,keep_as_is,,high,,"known company; family-surname trading name, not an acronym","Lhoist is the company's actual family trading name (Belgian lime and minerals group), not an initialism; the resolved Atlanta GA HQ is consistent with its North American operations."
LIFETOWN,keep_as_is,,medium,,,"No search needed — LifeTown is the organization's actual public name (a Friendship Circle life-skills facility), not an acronym; EXECUTIVE DIRECTOR in NEW ALBANY, OH fits the Columbus-area location."
LIGHTBANK,keep_as_is,,high,,Chicago HQ + INVESTOR occupation in row; firm trades as Lightbank,"Lightbank is the actual trading name of the Chicago venture capital firm, not an acronym; Chicago HQ and the INVESTOR donor in Chicago match."
LIGHTBOX,keep_as_is,,high,,,"Decided without a search: LightBox is the company's actual trading name and brand in real estate data/analytics, matching the NY real-estate donor context; it is a readable word, not an opaque acronym."
LINKEDIN,keep_as_is,,high,,well-known brand; Sunnyvale CA HQ in row corroborates,"LinkedIn is a globally recognized brand, not an acronym; Sunnyvale CA HQ matches. Obvious keep, no search needed."
LINKSYS,keep_as_is,,high,,,"No search needed — Linksys is a well-known consumer networking brand and its own trading name; TECHNOLOGY occupation and Irvine, CA HQ confirm it."
LIPPY,keep_as_is,,medium,,,"No search needed — a surname-based medical practice (MEDICAL DOCTOR in SHAKER HEIGHTS, OH); founder-named practices are their own public name with no acronym to expand."
LOCKTON,keep_as_is,,high,,,"No search needed - Lockton Companies is the insurance broker's actual trading name; Kansas City MO hq and MANAGING DIRECTOR/PARTNER titles fit, and a reader recognizes it."
LOWES,keep_as_is,,high,,well-known brand; Mooresville NC HQ in row corroborates,"Lowe's is a household retail brand, not an acronym; Mooresville NC HQ matches exactly. Obvious keep, no search needed."
LOWNDES,keep_as_is,,high,,no search needed - founder-named law firm trading name,"Lowndes (Lowndes, Drosdick, Doster, Kantor & Reed) is a founder-named Orlando law firm that brands itself simply as Lowndes; attorney donors in Maitland/Winter Park FL and the Orlando HQ match. Decided without search."
LUCID,keep_as_is,,high,,known brand; resolved_hq Newark CA matches Lucid Motors,Lucid Motors is a well-known public brand (NASDAQ: LCID); the Newark CA HQ and a SOFTWARE ENGINEER donor in Fremont CA match it exactly. Decided without search as an obvious brand.
LUMENT,keep_as_is,,high,,known brand; coined trading name,"Lument is the firm's actual trading name (commercial real estate finance, formed from ORIX Real Estate Capital brands) — a coined brand, not an acronym a reader needs expanded."
LUNDBECK,keep_as_is,,high,,well-known pharma brand; Deerfield IL US HQ in row corroborates,"Lundbeck is the founder-named public brand of the Danish pharmaceutical company (H. Lundbeck A/S); Deerfield IL is its US HQ and the donor is an AREA SALES MANAGER, consistent with pharma sales. Obvious keep, no search needed."
LYFT,keep_as_is,,high,,,"Globally recognized consumer brand; San Francisco, CA HQ and SOFTWARE ENGINEER donor fit. Decided without search as a well-known brand."
M13,keep_as_is,,high,,"trading name, no expansion exists","Decided without search: M13 is the venture firm's actual trading name (Santa Monica-based, founder-led), not an acronym with an expansion; CO-FOUNDER in Santa Monica CA fits the firm."
MACYS,keep_as_is,,high,,"well-known brand, no search needed",Macy's is a well-known retail brand and its own trading name; ANALYST in Tenafly NJ is consistent with the Cincinnati/NYC corporate operations. Decided without a search as an obvious known brand.
MAGNETIC,keep_as_is,,low,,"name is a plain English word, not an initialism",Not an acronym — a readable one-word trading name for an NYC real estate operation; no expansion would apply. Decided without search.
MANIV,keep_as_is,,medium,,"https://www.maniv.com/ — 'Maniv Mobility', early-stage VC in transportation/logistics, offices in Tel Aviv and New York","Verified as Maniv Mobility, an early-stage mobility VC — but 'Maniv' is the firm's proper trading name rather than an opaque acronym, so expansion adds little; note the file's Los Angeles HQ appears wrong (offices are Tel Aviv and New York), which weakens the geographic corroboration."
MARSHALLS,keep_as_is,,high,,known brand; resolved_hq Framingham MA matches TJX,Well-known US retail chain; the Framingham MA HQ matches parent TJX and a BACKROOM occupation is a standard store role. Decided without search as an obvious brand.
MATTEL,keep_as_is,,high,,,Globally known toy company; El Segundo CA HQ and LA-area lawyer/TV development donors fit. No search needed.
MCDONALDS,keep_as_is,,high,,"well-known brand, no search needed",McDonald's is one of the world's most recognized brands; IT ANALYST in Lansing IL matches the Chicago HQ. Decided without a search as an obvious known brand.
MCKINSEY,keep_as_is,,high,,no search needed — universally recognized brand,McKinsey & Company is the firm's common public name; management-consultant donors in NY/Houston with NYC HQ corroborate the consultancy.
MDEMDPC,keep_as_is,,medium,,,"Pattern reads as a physician's own professional corporation ('[initials] MD PC') — a personal practice with no public expansion, matching the PHYSICIAN occupation in Oxnard, CA."
MDESIGN,keep_as_is,,low,,,"Coined studio brand ('M' + design) rather than an initialism; HEAD OF DESIGN/CO-FOUNDER in Moreland Hills, OH is consistent with a small design firm with no public expansion."
MEDIFLIX,keep_as_is,,medium,,,"Coined portmanteau brand name, not an acronym; PRESIDENT in Palm Beach, FL gives nothing to expand. Decided without search."
MEDNAX,keep_as_is,,medium,,,"Coined corporate brand name (Sunrise, FL HQ matches the physician-services company), not an initialism with a real expansion; a PHYSICIAN donor fits it. Decided without search as a coined brand."
MEDSTAR,keep_as_is,,high,,"well-known regional brand (MedStar Health, Washington DC)","MedStar is the public brand of MedStar Health, the DC/Maryland hospital system; Washington DC HQ and physician donors in Bethesda/Rockville MD fit. Recognizable regional brand, decided without search."
MEDTRONIC,keep_as_is,,high,,well-known public brand; Minneapolis HQ corroborates,"Medtronic is a globally recognized medical-device brand; Minneapolis HQ and engineer/attorney donors in Maple Grove and Minneapolis match. Obvious brand, no search needed."
MEDVET,keep_as_is,,high,,"https://www.medvet.com/ — site brands solely as ""MedVet"", no expanded corporate name published","VETERINARIAN / VETERINARY RADIOLOGIST donors confirm the veterinary specialty hospital network, and MedVet is its actual trading name with no acronym expansion to give."
MENTO,keep_as_is,,medium,,"No search performed (budget exhausted); Mento is a coined single-word brand name, not an initialism","There is no acronym to expand — a CEO donor with a New York HQ is consistent with the NY-based company trading simply as Mento, and the name is already its public form."
MERCER,keep_as_is,,high,,n/a - well-known brand,No search needed - Mercer is the well-known HR/benefits consulting brand and its actual trading name; New York HQ matches.
MERCK,keep_as_is,,high,,no search needed - well-known public brand,Merck is a globally recognized pharmaceutical brand; PHYSICIAN/MARKETING donors and the Kenilworth NJ HQ fit. Decided without search.
MERCOR,keep_as_is,,high,,https://en.wikipedia.org/wiki/Mercor,"Mercor is the AI-hiring company's own trading name, not an acronym, and it recruits lawyers as expert contractors, which fits the ATTORNEY donor; no fuller name exists to expand to."
MERCURY,keep_as_is,,medium,,n/a - not an acronym,"Mercury is a real single-word trading name (public affairs, insurance, systems firms all use it), not an initialism; there is no acronym to expand even though the specific firm is ambiguous."
METROVAC,keep_as_is,,medium,,n/a - trading brand name,"MetroVac is the trading brand under which the vacuum manufacturer sells; the PRESIDENT/CEO donor in River Vale NJ fits a small manufacturer principal, and the brand name is what the public sees."
METTEL,keep_as_is,,high,,n/a - known trading name,MetTel is the actual trading brand of the New York NY telecommunications provider and matches the donor's New York NY location; a reader recognizes it as a company name. No search needed.
MICHELMAN,keep_as_is,,high,,"https://www.michelman.com/ - 'Michelman, Inc.', global developer and manufacturer of specialized sustainable chemistry","Michelman, Inc. is the family/founder trading name of the Cincinnati specialty-chemicals maker, and the donor is a Cincinnati OH CEO - the name is the company's real public identity, not an acronym."
MICROCHIP,keep_as_is,,medium,,,"No search needed — Microchip Technology is a well-known listed semiconductor brand and 'MICROCHIP' is an ordinary English word, not an opaque acronym; Chandler, AZ HQ in the file matches the company."
MILBANK,keep_as_is,,high,,,Milbank LLP is a founder-named NYC law firm operating under exactly this name; NY attorney donors and NY HQ corroborate. Decided without search as a founder-named firm.
MILLIMAN,keep_as_is,,high,,no search needed - well-known founder-named actuarial firm,"Milliman is the actuarial consultancy's actual public name (founder-derived), and the ACTUARY donor occupation confirms the match; a reader recognizes it. Decided without search."
MINTZ,keep_as_is,,high,,"https://en.wikipedia.org/wiki/Mintz,_Levin,_Cohn,_Ferris,_Glovsky_and_Popeo - 'commonly referred to as Mintz Levin or simply Mintz', HQ One Financial Center, Boston",Founder-named law firm whose own common short name is 'Mintz'; Boston HQ matches the resolved HQ and donor is an ATTORNEY.
MKDA,keep_as_is,,high,,https://www.mkda.com/about/,"Verified as the NYC architecture and interior design firm founded 1959 as Milo Kleinberg Design Associates but publicly operating as MKDA — architect donors and NY HQ corroborate, and MKDA is the common public name so the founder-based legal expansion would be less recognizable."
MOCAP,keep_as_is,,medium,,,"MOCAP is the company's own trading name (plastic caps, plugs and masking products), a coined contraction rather than an expandable acronym; RETIRED donor gives no reason to override."
MONEM,keep_as_is,,low,,surname-style name with no resolved HQ; no public organization found,"Reads as a surname-based small real-estate entity (PRESIDENT / REAL ESTATE donors in Beverly Hills and West Hollywood, no resolved HQ); no public expansion exists for a person's own LLC."
MOODYS,keep_as_is,,high,,,No search needed - Moody's is a globally recognized brand; NY hq and CREDIT ANALYST donors confirm the ratings agency.
MORENERGY,keep_as_is,,medium,,https://www.dandb.com/businessdirectory/morenergyexplorationcompany-denver-co-10476963.html,"Denver BUSINESS OWNER matches Morenergy Exploration Company of Denver, but 'Morenergy' is already the company's readable trading name, not an opaque acronym."
MORRISON,keep_as_is,,medium,,,"A founder surname, the ordinary naming convention for financial/legal firms, matching the INVESTOR SOLUTIONS ASSOCIATE role; surname firms stay as-is. No search needed."
MOSS,keep_as_is,,medium,,https://moss.com/markets/south-florida/ and https://en.wikipedia.org/wiki/Moss_&_Associates,"Moss (formerly Moss & Associates) is a large South Florida general contractor with a Miami office, matching the PROJECT MANAGER occupation in Miami FL — but the company rebranded to the single word 'Moss', so that is its actual trading name and not an acronym."
MYSELF,keep_as_is,,high,,,"Self-employment placeholder, not an organization — there is no entity to expand and no public name exists. RETIRED donor in Healdsburg CA. No search needed."
NAVISTAR,keep_as_is,,high,,,"No search needed — Navistar is a well-known truck manufacturer and its actual brand name; Lisle, IL HQ in the file matches and a retired Skokie, IL donor is consistent."
NAVY,keep_as_is,,medium,,,Already intelligible to any reader as the military branch; a RETIRED donor in Chocowinity NC needs no expansion to be understood. Not an opaque acronym.
NEFCO,keep_as_is,,high,,"https://www.gonefco.com/ — NEFCO, construction supply company, 411 Burnham St, East Hartford CT","The company trades publicly as 'NEFCO' (legal name NEFCO Holding Company LLC); the East Hartford CT HQ and CT donors confirm the match, and the legal name adds no intelligibility."
NETATWORK,keep_as_is,,low,,n/a - not an acronym,"Reads as the trading name 'Net at Work' (IT services), not an acronym; a reader can parse it. No search evidence obtained, but nothing to expand."
NETFLIX,keep_as_is,,high,,decided without search — globally recognized brand,"BUSINESS AFFAIRS EXECUTIVE in Tarzana, CA with a Los Gatos, CA resolved_hq matches Netflix's HQ; the name needs no explanation."
NEWFRONT,keep_as_is,,high,,no search needed — Newfront Insurance is the firm's trading name,Newfront is a plain-English brand name rather than an acronym; the INSURANCE BROKER occupation and San Francisco HQ corroborate Newfront Insurance.
NEXTOP,keep_as_is,,medium,,"https://nextopvets.org/ — nonprofit recruiting, developing and placing veterans into industry careers; Houston TX with New Orleans hub",Identified confidently as the veterans employment nonprofit — its Louisiana/New Orleans operations and the donor's WORKFORCE DEVELOPMENT occupation in Mandeville LA corroborate it — but NextOp is the organization's own public trading name with no fuller form it uses.
NFP,keep_as_is,,medium,,"https://www.nfp.com/ ; https://www.crunchbase.com/organization/nfp (formerly National Financial Partners, acquired by Aon 2023)","The company legally rebranded from National Financial Partners to simply NFP (now an Aon company), so NFP is its current official trading name; NY HQ and INSURANCE/CONTROLLER/DIRECTOR donors confirm the identity."
NOBODY,keep_as_is,,low,,,"Junk self-description from one retired Portland OR donor, not an acronym or an organization; there is nothing to expand it to."
NORCHAR,keep_as_is,,medium,,"https://www.norchar.com/ - Rochester NY real estate, 389 Park Ave; no acronym expansion given","Company site confirms Norchar is a Rochester NY real-estate brokerage trading under that name; the site nowhere discloses an expansion, so there is no fuller name to substitute."
NORDSTROM,keep_as_is,,high,,n/a - well-known brand,No search needed - Nordstrom is a well-known retail brand and its real name; the ALTERATIONS SPECIALIST occupation and Seattle HQ confirm the retailer.
NORTHAVEN,keep_as_is,,medium,,https://www.northavencapital.com/,"Not an opaque acronym — it is a readable trading name; Dallas HQ matches Northaven Capital Partners but several distinct Dallas 'Northaven' entities exist, so no expansion is warranted."
NORTHMARQ,keep_as_is,,high,,,No search needed - NorthMarq is the commercial real estate capital firm's actual brand; Minneapolis hq matches and STRUCTURED FINANCE / REAL ESTATE occupations corroborate.
NORTHWELL,keep_as_is,,high,,,"Northwell (Northwell Health) is the recognized public brand of the Long Island health system; Manhasset NY HQ and doctor/healthcare donors in Great Neck and Glenwood Landing corroborate. Known brand, no search needed."
NOVARTIS,keep_as_is,,high,,decided without search (East Hanover NJ US HQ in row + pharma occupations corroborate),No search needed — Novartis is a globally recognized pharmaceutical brand; resolved_hq East Hanover NJ (its US headquarters) and MEDICAL DIRECTOR donors in Summit/Voorhees NJ corroborate. Not an acronym.
NUNYA,keep_as_is,,medium,,"decided without search (non-entity placeholder text, no HQ resolved)","No search needed — this is filer junk, the joke evasion 'nunya business', not an organization; ADVERTISING/BUSINESS donors in Miami Beach FL and Santa Monica CA with no resolved_hq. There is no real name to expand to."
OBXTEK,keep_as_is,,high,,"https://www.obxtek.com/ - 'OBXtek Inc.', relationship-driven technology and logistics company; no acronym expansion","Company site shows OBXtek Inc. is the actual trading and legal name of the Vienna VA technology/logistics contractor; not an initialism, and the CONGRESSIONAL AFFAIRS donor in Washington DC matches the govcon profile."
ODYSSEY,keep_as_is,,low,,,"Not an acronym - a plain English word used as a company name; a single RETIRED donor in New York with no resolved_hq cannot identify which Odyssey entity, but no acronym expansion applies either."
OPENTEXT,keep_as_is,,high,,n/a - well-known brand,OpenText is the well-known public brand and legal name of the enterprise information management software company; a reader recognizes it. No search needed.
OPTUM,keep_as_is,,high,,,Optum is the actual public brand of UnitedHealth Group's health-services arm (Eden Prairie MN HQ matches); decided without search as a well-known brand.
ORBIS,keep_as_is,,medium,,n/a - not an acronym,"Orbis is a real Latin word used as a trading name (multiple real-estate/investment firms), not an initialism; nothing to expand."
ORDERTECH,keep_as_is,,medium,,n/a - not an acronym,"Descriptive compound trading name (order + tech), not an acronym; donor is OWNER of a small Phoenix AZ business so no larger parent to expand to."
ORLINSKY,keep_as_is,,medium,,n/a - founder/surname firm,Surname-style personal investment entity in Teaneck NJ (occupation INVESTMENTS); no public expansion exists for a one-person named firm. Decided without search per founder-named rule.
ORRICK,keep_as_is,,high,,no search needed — founder-named law firm,"Orrick, Herrington & Sutcliffe is universally called Orrick; attorney donors in Menlo Park and a San Francisco HQ corroborate the firm."
ORTHOFIX,keep_as_is,,high,,,"No search needed — Orthofix Medical is a listed medical-device maker whose brand is simply Orthofix; the Lewisville, TX HQ in the file matches and a Dallas lawyer donor is consistent."
ORTHOMED,keep_as_is,,medium,,"n/a - descriptive name, not an acronym","Descriptive compound name ('ortho' + 'med') that a reader already understands as an orthopedic practice, matching the Weston FL SURGEON; many unrelated practices share it, so no single expansion applies."
OURCROWD,keep_as_is,,high,,,"No search needed - OurCrowd is the actual brand of the Israeli venture crowdfunding platform, and VENTURE CAPITAL / FINANCE occupations corroborate it."
OXBOMB,keep_as_is,,medium,,"https://www.signalhire.com/companies/oxbomb-inc and https://rocketreach.co/jade-small-email_19022511 — OXBOMB, INC, 9321 Sawyer St, Los Angeles CA, staff credited to writer/director Etan Cohen","Filmmaker and film/TV donors in Los Angeles corroborate Oxbomb Inc, but 'Oxbomb' is the company's coined name rather than an acronym, so there is nothing to expand it to."
PACKMAN,keep_as_is,,medium,,decided without search — founder-surname law practice pattern,"ATTORNEY donor in Miami, FL with no resolved_hq: this is a surname-named small legal practice, the class the rules assign to keep_as_is."
PALANTIR,keep_as_is,,high,,decided without search — globally recognized brand,Palantir Technologies is a household-name public company; the mononym is the brand a reader already knows.
PARENTMAP,keep_as_is,,high,,decided without search — self-descriptive publication title,"PUBLISHER occupation on Mercer Island, WA matches the Seattle-area parenting magazine ParentMap, which is its real masthead name and already readable."
PAYCHEX,keep_as_is,,high,,"n/a - well-known brand, HQ matches Rochester NY",Paychex is the well-known payroll and HR services brand and its actual corporate name; the Rochester NY resolved_hq matches its real headquarters. No search needed.
PAYJOY,keep_as_is,,high,,"resolved_hq San Francisco, CA matches PayJoy Inc.",No search needed — PayJoy is the fintech's actual brand name (not an acronym) and the San Francisco CA resolved HQ plus SOFTWARE ENGINEER occupation confirm it; nothing to expand.
PAYPAL,keep_as_is,,high,,well-known public brand; San Jose HQ corroborates,"PayPal is a household consumer brand; San Jose HQ and attorney / Chief IR Officer / product management donors match. Obvious brand, no search needed."
PEETS,keep_as_is,,medium,,,"Well-known US consumer coffee brand (Peet's); MANAGER in Clovis, CA fits a retail store role. Reader-recognizable, so it stays. Decided without search as a known brand."
PENZANCE,keep_as_is,,medium,,,"Not an acronym — the firm's actual trading name; REAL ESTATE DEVELOPMENT donor in Bethesda, MD matches the DC-area developer of that name. Decided without search."
PERSONAL,keep_as_is,,high,,,Not an acronym or an organization — a self-employment placeholder; no public expansion exists (no search needed).
PHILIPS,keep_as_is,,high,,,"Decided without a search: Philips is a globally recognized brand and the MEDICAL SALES occupation plus Andover, MA HQ matches Philips' North American healthcare operation."
PIMCO,keep_as_is,,high,,no search needed — well-known asset manager brand,PIMCO is the firm's trading name and is more recognizable than 'Pacific Investment Management Company'; Newport Beach donors in investment management corroborate it.
PINTEREST,keep_as_is,,high,,no search needed — globally recognized brand,Pinterest is the company's own name; SF HQ and SALES donor in Sherman Oaks CA are consistent.
PNC,keep_as_is,,high,,,"Major US bank whose legal and public name is PNC; Pittsburgh, PA HQ matches and LOANS occupation fits. Decided without search as a well-known brand."
PORTMAN,keep_as_is,,medium,,,"Not an acronym — a founder surname used as the firm's trading name; REAL ESTATE donor in New York, NY is consistent with the Portman real-estate developer. Decided without search."
PRECIGEN,keep_as_is,,high,,,"Decided without a search: Precigen is the company's actual public brand name (Nasdaq: PGEN) and matches the Virginia HQ; it is a coined name, not an acronym."
PRICEMDS,keep_as_is,,high,,"https://pricemds.com/ — 'PriceMDs', healthcare cost-containment company, Clearwater, FL 33764",PriceMDs is the firm's own trading name and is already readable; Clearwater FL HQ and CEO donor location match exactly.
PRODEW,keep_as_is,,high,,"https://www.prodew.com/ — 'Prodew Inc.', perishable-control/misting equipment maker, 1359 Gresham Road, Marietta, Georgia",Prodew is the company's own trading name rather than an acronym; Marietta GA address and ENGINEERING donor match exactly.
PROHEALTH,keep_as_is,,medium,,name is already an intelligible trading name,"ProHealth is a readable trading name rather than an opaque acronym; a RETIRED donor in Old Saybrook CT is consistent with ProHealth Physicians, the Connecticut medical group, but the name already reads as a brand either way."
PTC,keep_as_is,,medium,,"PTC Inc. (formerly Parametric Technology Corp), Boston MA HQ — matches resolved_hq and Lexington MA donors","PTC Inc. legally shortened its name from Parametric Technology Corporation to PTC, so PTC is the company's current trading name; Boston HQ and Lexington MA donors match its Massachusetts base. Known brand, no search needed."
PUBLIX,keep_as_is,,high,,"well-known brand, no search needed",Publix is a well-known supermarket brand and its own trading name; RETIRED donor in Boynton Beach FL matches the Lakeland FL HQ. Decided without a search as an obvious known brand.
PVH,keep_as_is,,high,,https://en.wikipedia.org/wiki/PVH_(company),"PVH Corp. is the company's official current name since its 2011 rename from Phillips-Van Heusen; Wikipedia confirms the Manhattan HQ, matching the NYC HEAD OF INVESTOR RELATIONS donor."
QUALCOMM,keep_as_is,,high,,,Qualcomm is the firm's well-known public brand; San Diego CA HQ and La Jolla counsel donor fit (no search needed).
QUARTZY,keep_as_is,,high,,no search needed — Quartzy is the company's own brand name,Quartzy is the trading name of the lab-supply management platform; SF HQ and San Mateo PRODUCT MANAGER donor match.
RADNET,keep_as_is,,high,,https://en.wikipedia.org/wiki/RadNet,"RadNet is the company's actual trading name (NASDAQ: RDNT), not an acronym; Wikipedia confirms LA headquarters and the PHYSICIAN/Los Angeles donor context matches the imaging-center operator."
RATNER,keep_as_is,,medium,,,"Not an acronym — a founder surname used as a company name; PRESIDENT in Minnetonka, MN suggests a family-named firm with no public expansion. Decided without search."
RAZORFISH,keep_as_is,,high,,no search needed — well-known digital agency brand,Razorfish is the agency's actual trading name; NYC HQ and WEB ANALYST occupation match.
RBC,keep_as_is,,medium,,"well-known brand, no search needed","Decided without search: RBC is the Royal Bank of Canada's own global trading brand (RBC Capital Markets in NYC), and a reader recognizes it; BANKING + New York fits but the brand is already the public name."
REINGOLD,keep_as_is,,high,,occupation + Northern Virginia geography match Reingold Inc.,No search needed — Reingold is a founder-named DC-area communications agency and its trading name; the SENIOR DIGITAL MARKETING ASSOCIATE occupation in Reston VA with an Alexandria VA HQ fits that firm exactly.
RENSOP,keep_as_is,,high,,https://www.rensopinvestment.com/copy-of-home,"Confirmed as Rensop Investment Group, a NYC private equity firm whose Chief Investment Officer title matches the donor occupation and NY location exactly; RENSOP is the firm's coined trading name (Posner reversed), not an acronym needing expansion."
RIPPLING,keep_as_is,,high,,well-known brand,Decided without search: Rippling is a well-known San Francisco HR/IT software brand; donor BIZOPS in San Francisco and SF resolved_hq match.
RISKSPAN,keep_as_is,,high,,"trading name, not an acronym","Decided without search: RiskSpan is the company's actual trading name (mortgage/credit analytics), already intelligible; donor occupation FINTECH corroborates the firm."
ROBELL,keep_as_is,,medium,,name is not an acronym,Decided without search: not an acronym - a proper company/family name; PRESIDENT in New York NY reads as an owner-run firm with no public expansion.
ROCHE,keep_as_is,,high,,well-known brand,Decided without search: Roche is a globally recognized pharmaceutical brand and the South San Francisco resolved_hq matches its Genentech site; a reader recognizes it.
RUDDELL,keep_as_is,,medium,,founder/surname-named firm,Decided without search: surname-named firm (REAL ESTATE in Birmingham AL); not an acronym and no public expansion.
RUGGABLE,keep_as_is,,high,,no search needed — well-known consumer brand,Ruggable is the trading brand for the washable-rug company; COO donor in Los Angeles fits its LA-area base.
RUTGERS,keep_as_is,,high,,no search needed — universally known university short name,Rutgers is the university's common public name; New Brunswick NJ HQ and NJ donor places match.
S-DOCS,keep_as_is,,medium,,trading name,"Decided without search: S-Docs is the company's own product and trading name (Salesforce document generation, NYC); donor TECHNOLOGY in New York NY fits, and there is no fuller public name."
SAFEHOLD,keep_as_is,,high,,New York NY HQ + REAL ESTATE occupation in row; company trades as Safehold,"Safehold Inc. is the company's actual name (NYSE: SAFE), a NYC ground-lease REIT — not an acronym; New York NY HQ and the REAL ESTATE donor in Scarsdale NY match."
SAFETECH,keep_as_is,,medium,,name is already a readable trading name,"Decided without search: SafeTech is a readable trading-style name, not an opaque acronym; which SafeTech the ENGINEER in Spring TX works for is unclear, but no expansion is needed for intelligibility."
SAGENT,keep_as_is,,medium,,"https://sagent.com/about/ — Sagent Lending Technologies, mortgage servicing software","Sagent is a coined proper brand name rather than an acronym; the SOFTWARE DEVELOPER occupation fits, though the company's King of Prussia, PA base does not match the file's New York resolution."
SANDHURST,keep_as_is,,low,,Irvington NY 'Sandhurst real estate investment' search returned no matching firm,"A readable one-word trading name, not an acronym; searching Irvington, NY real estate returned no public 'Sandhurst' firm, consistent with a private family investment company."
SAVERS,keep_as_is,,high,,https://en.wikipedia.org/wiki/Savers,"Savers (Savers Value Village) is the real retail brand, HQ Bellevue WA, which exactly matches the resolved HQ and the Mercer Island WA donor."
SAVILLS,keep_as_is,,high,,,Savills is the global commercial real estate brokerage's own trading name; broker/CRE occupations and NY HQ corroborate. Decided without search as a known brand.
SCHATZKI,keep_as_is,,medium,,"surname pattern; PHYSICIAN occupation, no resolved HQ","A surname, not an acronym — a PHYSICIAN in Wellesley MA working under a personally named medical practice with no resolved HQ and no public expansion."
SCHECHTER,keep_as_is,,medium,,founder-surname trading name; Bloomfield Hills MI location consistent,"Founder-surname firm — Schechter (wealth and insurance advisory) is based in Bloomfield Hills MI, matching the donor's city and CEO occupation; the surname is how the firm publicly trades."
SCHONFELD,keep_as_is,,high,,founder-surname trading name; occupation and NY HQ consistent,"Founder-named firm (Schonfeld Strategic Advisors, Steven Schonfeld) that trades under the surname; PORTFOLIO MANAGER occupation and New York NY HQ match, and the surname is the firm's public name."
SEDGWICK,keep_as_is,,high,,trading name / known brand,"Decided without search: Sedgwick is the actual trading name of both the claims-management firm and the law firm; either way a reader sees a real firm name, not an acronym."
SEGBRO,keep_as_is,,high,,https://www.pincusco.com/company/segbro-companies/ and https://nextdoor.com/pages/segbro-companies-englewood-cliffs-nj/,"Segbro Companies is a real family-run real estate firm at 619 E Palisade Ave, Englewood Cliffs NJ — exactly matching the donors' REAL ESTATE occupation and Englewood Cliffs / Englewood NJ cities — but 'Segbro' is the firm's own trading name (from founder Segal), not an acronym, so there is no intelligible expansion."
SEMRUSH,keep_as_is,,high,,known public company brand; resolved_hq Boston MA matches,"Semrush is the company's public brand (NYSE: SEMR, SEO/marketing analytics); the Boston MA HQ matches and a SALES occupation fits. Decided without search as an obvious brand."
SENTILINK,keep_as_is,,high,,no search needed — SentiLink is the company's brand name,"SentiLink is a coined brand, not an acronym; a VP of Finance donor and a Bay Area HQ corroborate the identity-fraud startup."
SETNA,keep_as_is,,high,,"https://setna.aero/ — 'Setna (Setna iO)', global aviation used-serviceable-material network, HQ 475 Bond St, Lincolnshire IL 60069","Verified as Setna iO, an aviation parts and leasing firm headquartered in Lincolnshire IL — the CEO donor in Glencoe IL corroborates it — but 'Setna' is the actual trading name, not an acronym, so expanding adds no intelligibility."
SEYFARTH,keep_as_is,,high,,founder-surname firm; Chicago HQ matches Seyfarth Shaw,"Founder-named law firm Seyfarth Shaw, commonly called 'Seyfarth'; the ATTORNEY occupation and Chicago IL HQ match its headquarters exactly. Decided without search as a recognized founder-named firm."
SFMG,keep_as_is,,high,,https://sfmg.com/ and https://www.napfa.org/firm/7454/19292,"WEALTH ADVISOR in Plano, TX matches SFMG Wealth Advisors, whose legal and public name is literally 'SFMG' — the letters have no published expansion."
SG360,keep_as_is,,medium,,"https://sg360.com/locations/ — sg360°, a Segerdahl company, 1351 S. Wheeling Rd, Wheeling, IL","Wheeling, IL HQ matches exactly and the MECHANIC/MACHINE ADJUSTER and SALES roles fit a direct-mail printer, but the fuller name 'Segerdahl' is a founder surname that is no more intelligible than the sg360° trading brand."
SHELL,keep_as_is,,high,,"well-known public brand (Shell plc / Shell USA, Houston)","Shell is a globally recognized brand; Houston TX HQ matches Shell USA. Well-known brand, decided without search."
SHORASHIM,keep_as_is,,medium,,https://search.brave.com/search?q=Shorashim+organization+Israel+program,"Shorashim is the organization's actual name — Hebrew for 'roots' — for the nonprofit building ties between Israeli and North American Jews; it is a word, not an acronym, so there is no expansion to apply."
SHOWD.ME,keep_as_is,,medium,,,"No search needed — this is a domain-style brand name, not an acronym, and a SOFTWARE DEVELOPER donor fits the company trading under that exact name."
SHUMAKER,keep_as_is,,high,,no search needed - founder-named law firm trading name,"Founder-named law firm (Shumaker, Loop & Kendrick) whose public trading name is simply Shumaker; attorney donors and Tampa FL HQ match. Decided without search per obvious founder-named-firm rule."
SHUSHANA,keep_as_is,,medium,,,"No search needed — reads as a personal/family-named real-estate entity (donor is a REAL ESTATE INVESTOR AND DEVELOPER in NEW YORK, NY); no public expansion exists for a name of this form."
SIDLEY,keep_as_is,,high,,Sidley Austin LLP brands as 'Sidley'; Chicago HQ matches resolved_hq,Sidley Austin LLP markets itself simply as 'Sidley' (sidley.com); founder-named law firm with Chicago HQ and attorney donors in Los Angeles — a reader recognizes it. Decided without search per the founder-named-firm rule.
SILBEY,keep_as_is,,medium,,,"A surname, not an acronym; one retired FL donor and no resolved HQ, consistent with a personal or family entity with no public expansion."
SIMONCRE,keep_as_is,,high,,https://simoncre.com/,"SimonCRE is the firm's actual trading name and brand (simoncre.com); Scottsdale AZ HQ and a CEO donor confirm the match, but the name needs no expansion."
SIMPLIGOV,keep_as_is,,medium,,,"No search needed — SimpliGov is a coined product/company brand rather than an acronym; EXECUTIVE CHAIRMAN in the Bay Area with an Oakland, CA HQ fits the govtech firm."
SKADDEN,keep_as_is,,high,,well-known founder-named firm; NY HQ + attorney occupations corroborate,Skadden is the universally used short form of the firm's own founder-derived name; attorneys/partners with NY HQ match. Decided without search per the obvious-brand allowance.
SKDK,keep_as_is,,medium,,,"No search needed — SKDK is the DC public-affairs and advertising firm's own current trading name (formerly SKDKnickerbocker); ADVERTISING occupation and Washington, DC HQ confirm the identification."
SKYFLOW,keep_as_is,,high,,,"Skyflow is the actual company name of the SF-based data-privacy vault startup; SF HQ and customer-programs/CX occupations fit. Known brand, no search needed."
SLADOWSKY,keep_as_is,,medium,,"surname pattern; no resolved HQ, single donor in FINANCIAL SERVICES","A surname, not an acronym — a person's own small financial services practice in Englewood NJ with no resolved HQ and no public expansion; falls under the person's-own-LLC keep rule."
SLATEWELL,keep_as_is,,high,,"coined wordmark, not an initialism",Not an acronym — a coined single-word company name; FOUNDER in Brooklyn NY is consistent with the donor's own venture. Decided without search.
SOCALGAS,keep_as_is,,high,,https://en.wikipedia.org/wiki/Southern_California_Gas_Company,SoCalGas is the registered trading name of the Southern California Gas Company and is how the utility publicly brands itself; Los Angeles HQ matches the row exactly.
SPACEX,keep_as_is,,high,,,SpaceX is the universally recognized public brand; Hawthorne CA HQ and ENGINEER donor fit (no search needed).
SPOTON,keep_as_is,,high,,"coined brand name, not an initialism","SpotOn is the payments/restaurant-tech company's own brand name, not an initialism; CHIEF INNOVATION OFFICER is consistent. Decided without search."
SS&C,keep_as_is,,medium,,,"No search needed — SS&C Technologies is the firm's actual public trading name (NASDAQ: SSNC); SOFTWARE ENGINEER occupation and the Windsor, CT HQ confirm the identification."
STAGWELL,keep_as_is,,high,,publicly listed as Stagwell Inc.,Stagwell Inc. is the publicly traded marketing holding company's own name; MARKETING occupation and New York HQ match. Decided without search (known brand).
STANFORD,keep_as_is,,high,,university common short name; Stanford CA HQ + physician occupations corroborate,"Stanford is the university's common public short name; Stanford CA HQ with pediatrician/physician donors in Atherton and Los Altos matches. Obvious institution, no search needed."
STAPLES,keep_as_is,,high,,"resolved_hq Framingham, MA matches Staples corporate HQ",Staples is the well-known office-supply retailer's own brand; the Framingham MA resolved HQ matches its corporate headquarters. Decided without search (known brand).
STARBUCKS,keep_as_is,,high,,,No search needed - universally recognized brand; Seattle hq and BARISTA donors confirm.
STARFIELD,keep_as_is,,medium,,surname-style solo practice pattern,"PHYSICIAN in Studio City CA — reads as a surname-based private medical practice, which the rules keep as-is; no public expansion would exist."
STARTUP,keep_as_is,,high,,"generic placeholder term, not an organization name",Not an acronym or a real employer name — a generic self-description from a FOUNDER & CEO donor. There is nothing to expand it to.
STEMRAD,keep_as_is,,high,,https://html.duckduckgo.com/html/?q=StemRad+Tampa+Florida+radiation+protection+company,"StemRad is the company's actual registered brand name (StemRad Inc., radiation-protection PPE) with US headquarters in Tampa FL — matching the CEO donor in Tampa and the Tampa resolved HQ. Not an acronym."
STENSUL,keep_as_is,,high,,"coined brand name, not an initialism",Stensul is the email-creation software company's own coined name; CUSTOMER SUCCESS role and Brooklyn NY HQ match. Decided without search.
STEPHENS,keep_as_is,,high,,,"No search needed - Stephens Inc. is the founder-named Little Rock AR investment bank, and resolved_hq is Little Rock AR. A surname firm name, not an acronym."
STERN,keep_as_is,,high,,surname-based firm name; no search performed,"A founder surname used as a firm name (REAL ESTATE DEVELOPMENT donor, New York resolved HQ), not an acronym — there is no expansion to apply. Decided without a search per the founder-named-firm rule."
STINSON,keep_as_is,,high,,https://www.stinson.com/locations,Stinson LLP is the firm's actual trading name — a 450-attorney founder-named law firm with a St. Louis office matching resolved_hq and an ATTORNEY donor in Dallas TX where the firm also practices; 'Stinson' is not an acronym.
STRETTO,keep_as_is,,high,,"Stretto is the company's own brand name (bankruptcy administration services, Orange County CA)",Stretto is the bankruptcy-services firm's actual trading name (not an acronym); Newport Beach CA HQ fits. No expansion exists.
STRIIM,keep_as_is,,high,,"coined brand name, not an initialism","Striim is the data-streaming software company's own coined name, not an acronym. Decided without search."
STRIPE,keep_as_is,,high,,,"No search needed - well-known payments brand; SF hq plus SOFTWARE ENGINEER/PRODUCT DESIGNER donors confirm it is the company, not an acronym."
STROOCK,keep_as_is,,high,,founder-named law firm; NY HQ + attorney occupations corroborate,"Stroock is the common short form of the founder-named New York firm Stroock & Stroock & Lavan; attorney donors and NY HQ match. Founder-named firm, no search needed."
STUDLEY,keep_as_is,,high,,,"Founder-named commercial real estate brokerage (Julien J. Studley, later Savills Studley) trading under that surname; NY HQ and retired NY/MD donors fit. Founder-named firm, no search needed."
SUBWAY,keep_as_is,,high,,"resolved_hq Milford, CT matches Subway corporate HQ",Subway is the sandwich franchise's own brand; OWNER occupation fits a franchisee and the Milford CT resolved HQ matches Subway's headquarters. Decided without search (known brand).
SULTAN,keep_as_is,,medium,,"surname-style single word, not an initialism",A surname rather than an acronym; FINANCE in New York gives no organization to expand to and no public expansion exists.
SUNWEST,keep_as_is,,low,,,Readable compound word used as a trading name by many firms; a RETIRED Dallas TX donor with no HQ gives no basis to pick one.
SWIRNOW,keep_as_is,,high,,"https://swirnow.com/ and https://swirnowstructures.com/ — Swirnow Building Systems / Swirnow Structures / Swirnow Capital, all Baltimore MD","Swirnow is the family surname the businesses actually trade under, and the Baltimore MD donor matches; the several Swirnow entities share that name so there is no single fuller form to substitute (the Sunnyvale CA resolved HQ is wrong)."
SYNOPSYS,keep_as_is,,high,,well-known brand,"Well-known public EDA software brand (NASDAQ: SNPS); resolved HQ Mountain View CA matches, and an ENGINEER donor fits. Decided without search."
SYNTHEGO,keep_as_is,,medium,,,"Coined brand name of the genome-engineering company, not an acronym; South San Francisco HQ fits its Bay Area base."
TACTIX,keep_as_is,,medium,,no search needed — name is a trading brand,"Pronounceable trading name, not an opaque acronym; TACTIX Real Estate Advisors is a Philadelphia tenant-rep firm, matching the RE BROKER / Philadelphia PA donor context. Decided without search (brand-style name)."
TANDEMHR,keep_as_is,,high,,"https://tandemhr.com/about-us/ - Tandem HR, IRS-certified PEO headquartered in Westchester, Illinois","Tandem HR is the Westchester IL PEO's actual brand name (rebranded 1998/2008), not an acronym; only spacing differs, and the Chicago IL donor matches its market."
TECHMARK,keep_as_is,,medium,,"No search performed (budget exhausted); the name is a coined compound word, not an initialism","Techmark is a trading name that reads as a brand, and the BRANDING occupation is consistent with it; there is no acronym to expand and the Boynton Beach FL donor vs Detroit MI resolved HQ gives no basis to pick a specific Techmark entity."
TESLA,keep_as_is,,high,,well-established public fact; no search performed,Globally recognized brand and the company's actual name; Austin TX resolved HQ matches. No search needed.
TETRAGON,keep_as_is,,medium,,"https://en.wikipedia.org/wiki/Tetragon_Financial_Group and https://www.tetragoninv.com/about-us/team/ — NY office, CEO based in New York","Tetragon is a word-mark trading name, not an acronym — Tetragon Financial Group / TFG Asset Management runs its New York office, matching the CEO donor in New York NY and resolved_hq New York NY. Nothing to expand."
THATCH,keep_as_is,,medium,,no search needed — word-style brand name,"Ordinary English word used as a company brand (health-benefits startup), not an unintelligible acronym; a reader reads it as a name. Decided without search."
THERABODY,keep_as_is,,high,,no search needed - well-known consumer brand,"Therabody is the company's actual consumer brand name (Theragun maker), not an acronym; CO-FOUNDER/EXECUTIVE donors in Beverly Hills CA fit. Decided without search."
THIMBLE,keep_as_is,,medium,,search blocked (CAPTCHA + HTTP 403); decided on the basis that the name is not an initialism,"An ordinary English word used as a company brand name (NY-based small-business insurer), not an acronym — there is no expansion to apply. Decided without a confirming search: DuckDuckGo returned CAPTCHA/403 on every attempt."
TIEKS,keep_as_is,,high,,,No search needed - Tieks is the actual consumer brand of the Beverly Hills footwear company; hq matches and the donor is its CEO in LA.
TIFIN,keep_as_is,,high,,https://html.duckduckgo.com/html/?q=TIFIN+company+New+York+fintech+wealth+management,"TIFIN is a coined brand name, not an acronym — an AI/fintech wealth-management company based in New York, matching the resolved NYC HQ. Nothing to expand."
TINDER,keep_as_is,,high,,"resolved_hq West Hollywood, CA matches Tinder Inc.",No search needed — Tinder is a globally recognized consumer brand and the West Hollywood CA resolved HQ confirms the dating app company; a reader needs no expansion.
TMB,keep_as_is,,medium,,"https://tmb.com/contact-us/ — TMB, 527 Park Avenue, San Fernando, CA 91340, entertainment technology since 1983","Resolved HQ San Fernando, CA matches TMB, the entertainment/concert-touring technology supplier at 527 Park Ave, San Fernando; TMB is the company's own trading name with no published expansion."
TORRECOM,keep_as_is,,medium,,no search needed — firm's own trading name,Torrecom is the trading name of a telecom tower infrastructure firm; resolved HQ New York NY matches the donor's INFRASTRUCTURE DEVELOPMENT AND OPERATIONS role and New York location.
TOSCO,keep_as_is,,medium,,"https://en.wikipedia.org/wiki/Tosco_Corporation — acronym for The Oil Shale Corporation, but operated 1955-2001 as refiner Tosco Corporation","Although originally 'The Oil Shale Corporation', the firm traded and was known as Tosco Corporation, a major refiner, through its 2001 Phillips merger; expanding it would mislead readers about a RETIRED donor's employer. Resolved HQ Santa Monica CA matches its founding location."
TRAMMO,keep_as_is,,medium,,"Trammo, Inc. is the firm's current trading name (New York commodity trading)","Trammo is the company's current official name (adopted from Transammonia); New York HQ with COMMODITY TRADING donors matches. Trading name, not an acronym."
TRANZPORT,keep_as_is,,low,,,Stylized word trading name rather than an acronym; no HQ resolved and no public expansion identified.
TREDWAY,keep_as_is,,medium,,no search needed — firm's own trading name,"Tredway is the actual trading name of a New York affordable-housing developer, matching the AFFORDABLE HOUSING RE DEVELOPER donor in Larchmont NY."
TRENDERA,keep_as_is,,medium,,no search needed — coined brand name,"Coined brand name of a trend-forecasting research firm, consistent with the RESEARCH occupation; not an acronym a reader needs expanded."
TRIBETALK,keep_as_is,,high,,"https://tribetalk.org/ ; ProPublica Nonprofit Explorer: 'Tribetalk Inc', Newton, MA","TribeTalk is the organization's own registered name, not an acronym; IRS records show TribeTalk Inc in Newton MA, exactly matching the donor city, and the ANTISEMITISM EDUCATOR occupation matches its mission."
TRIGRAM,keep_as_is,,medium,,no search needed — word-style brand name,"A real English word used as a firm name, not an initialism; CONSULTANT donor context gives no alternative expansion to apply."
TRILLER,keep_as_is,,high,,well-known brand,Triller is the public brand name of the video/social app company; resolved HQ Beverly Hills CA matches the Woodland Hills CA ENTREPRENEUR donor. Decided without search.
TRINET,keep_as_is,,high,,no search needed - public company trading name,TriNet Group is the HR/PEO company's real trading name and is readable as-is; Dublin CA HQ matches. Decided without search.
TRISPAN,keep_as_is,,high,,"https://www.trispanllp.com/ — TriSpan, private equity firm with New York and London offices",TriSpan is the firm's actual trading name (not an acronym); New York HQ matches the investment-manager donors in Brooklyn NY.
TTEC,keep_as_is,,high,,"https://www.ttec.com/ — site self-identifies as 'TTEC', a global customer experience technology and services company","Official site presents the company simply as 'TTEC' — it is the firm's actual corporate and NASDAQ name (formerly TeleTech), not an unexpanded acronym; the CEO donor in Greenwood Village CO matches TTEC's Colorado base."
TURNKEY,keep_as_is,,medium,,,Readable word name used as a startup brand; the CTO/co-founder donor context gives no alternate expansion to apply.
TWILLORY,keep_as_is,,high,,"https://twillory.com — Twillory performance menswear, retail store at 461 Central Ave, Cedarhurst NY","Twillory is a coined consumer brand, not an acronym; the Woodmere NY donors are in the Five Towns immediately adjacent to the company's Cedarhurst store, which corroborates the match."
UKG,keep_as_is,,medium,,"https://en.wikipedia.org/wiki/UKG — UKG (Ultimate Kronos Group), HQ Lowell MA and Weston FL","UKG is the company's official post-merger public name; the MA/FL donor split (Acton MA, Naples FL) loosely fits its dual HQ, but the resolved Westwood MA address does not match UKG, so corroboration is only partial — leave the recognized brand name alone."
UNC,keep_as_is,,medium,,,"Widely recognized university short name; Chapel Hill NC donor + Chapel Hill HQ confirm University of North Carolina, but 'UNC' is the common public name. No search used (rule: universities' common short names stay)."
UPFLEX,keep_as_is,,high,,,"Upflex is the company's actual trading name (flexible-workspace network), not an acronym; Culver City CA HQ is consistent. No search needed per obvious-brand rule."
VEARC,keep_as_is,,medium,,"VeARC — SaaS company for engineering testing/inspection workflow, a Long Arc Capital (New York PE firm) portfolio company",VeARC is a coined proper brand name with no acronym expansion; New York donor and OPERATING PARTNER occupation corroborate the Long Arc Capital portfolio company but yield no fuller name.
VERBIT,keep_as_is,,high,,"No search needed — Verbit is a coined company name (Verbit.ai, AI transcription and captioning), not an acronym","There is no expansion to give: Verbit is the company's own trading name, and a New York MARKETING donor with a NY-area HQ is consistent with it."
VETTED,keep_as_is,,medium,,,"Reads as an ordinary trading name, and donor is SELF-EMPLOYED with no resolved HQ — falls under the small self-owned entity rule where no public expansion exists."
VILLAGEMD,keep_as_is,,high,,,"VillageMD is the company's actual public brand name, not an acronym; PHYSICIAN occupation and Greenwood Village CO HQ are consistent. No search needed."
VIRGIN,keep_as_is,,high,,,"Virgin is a globally recognized public brand; a reader understands it immediately. Obvious brand, no search needed."
WALDEN,keep_as_is,,low,,,Readable word name (many firms trade as Walden); a RETIRED Cincinnati donor gives no corroboration for any single expansion.
WALMART,keep_as_is,,high,,no search needed - well-known public brand,Walmart is one of the most recognized retail brands in the world; RETAIL donors and the Bentonville AR HQ match. Decided without search.
WASSERMAN,keep_as_is,,high,,no search (founder-named brand),"Founder-named trading name of the Los Angeles sports/talent agency (Casey Wasserman), corroborated by the CEO/CHAIRMAN occupation and Los Angeles HQ; decided without search per the founder-named-firm rule."
WAYPOINT,keep_as_is,,medium,,word-mark trading name; no single organization identified from row context,"An ordinary English word used as a trading name, not an opaque acronym; a reader can read it. Retired/sales donors in Illinois with an Odenton MD HQ do not pin down a single Waypoint entity, so no replacement is warranted."
WAYS2WELL,keep_as_is,,high,,no search (trading-name rule),"Ways2Well is the company's actual trading name (Austin, TX health-optimization clinic), matching the HEALTHCARE occupation and Austin donor; not an acronym."
WEITZMAN,keep_as_is,,medium,,founder-surname firm; Dallas HQ matches donor city and commercial real-estate occupations,Founder-named commercial real-estate firm (The Weitzman Group) — Dallas TX HQ with COMMERCIAL REAL ESTATE EXECUTIVE and EXECUTIVE CHAIRMAN donors in Dallas; surname trading name needs no expansion.
WELLMED,keep_as_is,,high,,"no search (known brand, HQ corroborates)","WellMed is the actual brand of WellMed Medical Management (Austin TX HQ, large Florida footprint), matching both the resolved HQ and the Oldsmar FL PHYSICIAN donor; a compound word, not an opaque acronym."
WELLMEDFL,keep_as_is,,medium,,,"Reads as 'WellMed FL' — the WellMed brand plus a state suffix, already intelligible to a reader; PHYSICIAN occupation and Florida HQ/donor location are consistent. Not an opaque acronym."
WELLPATH,keep_as_is,,high,,"no search (known brand, HQ corroborates)","Wellpath is the company's real trading name (Franklin, TN correctional/behavioral healthcare provider), matching the resolved HQ and HEALTHCARE occupation; not an acronym."
WELLSTAR,keep_as_is,,high,,,"Wellstar Health System is the brand name, not an acronym — a reader recognizes it; Atlanta GA HQ and physician donors fit (no search needed)."
WESTAT,keep_as_is,,high,,,"Westat is the company's real registered and trading name (research firm), and the Rockville MD HQ matches it exactly. Not an acronym."
WESTCAP,keep_as_is,,high,,,"WestCap is the firm's actual trading name (investment firm), not an opaque acronym; FINANCE occupation is consistent. No search needed."
WEWORK,keep_as_is,,high,,"well-known public brand (WeWork Inc., New York)","WeWork is the coworking company's public brand; New York NY HQ and real-estate donors fit. Well-known brand, decided without search."
WGSN,keep_as_is,,high,,,WGSN is the trend-forecasting company's actual trading brand; it is how the business is publicly known. SALES occupation and New York HQ are consistent. No search needed.
WHEELS,keep_as_is,,medium,,"n/a — plain-word trading name; Wikipedia page for Wheels, Inc. returned 404","Wheels is the fleet-leasing company's actual trading name, not an acronym; expanding to 'Wheels, Inc.' would add no intelligibility, and the AI-resolved Cleveland, OH HQ does not match the company anyway."
WINDSOR,keep_as_is,,medium,,,"Not an acronym; Windsor is the trading name of the LA-area fashion retailer, and the FASHION / RETAIL EXECUTIVE donor in Beverly Hills fits. No expansion would add intelligibility."
WINTRUST,keep_as_is,,high,,,No search needed - Wintrust Financial is the Illinois bank holding company's real name; Schaumburg IL hq and BANKER donors in Evanston IL corroborate.
WIPRO,keep_as_is,,high,,"well-known public brand (Wipro Limited, NYSE: WIT)","Wipro is the IT services company's registered public brand (NYSE: WIT); consultant donors in Austin TX fit. Well-known brand, decided without search."
WITHUM,keep_as_is,,high,,"n/a — firm's actual trading name, no search needed per instructions","Withum is the firm's own public branding for WithumSmith+Brown; Princeton, NJ HQ matches and ACCOUNTANT/CPA donors fit. Decided without search (recognized accounting brand under its trading name)."
WOODNEXT,keep_as_is,,medium,,"https://woodnext.org/ — WoodNext Foundation, the Anthony and Susan Wood family office/foundation","WoodNext is already a readable proper name rather than an acronym, and the only fuller form ('WoodNext Foundation') adds no intelligibility; the New York FINANCE donor does not corroborate the San Francisco-based entity strongly enough to change the name."
WORKDAY,keep_as_is,,high,,,"Workday is the company's actual brand name, not an acronym; Pleasanton CA HQ fits (no search needed)."
WRITER,keep_as_is,,high,,"decided without search (occupation-as-employer self-employment entry, no HQ resolved)","No search needed — this is an occupation entered in the employer field by a self-employed filer (MEDICAL DOCTOR; RETIRED donors in West Hartford CT, no resolved_hq), not an acronym or a company with an expansion."
WTIC-TV,keep_as_is,,high,,,"Decided without a search: a broadcast call sign is the station's actual public identity, and the Hartford, CT HQ with a Bloomfield, CT retiree confirms the local station; readers identify TV stations by call sign."
WYSH,keep_as_is,,high,,https://www.wysh.com/ and https://coverager.com/company/wysh-life-and-health-insurance-company/,"Confirmed as Wysh, the direct-to-consumer life insurer owned by Northwestern Mutual, HQ Milwaukee WI matching the resolved HQ; a SALES occupation fits, and Wysh is the trading name rather than an acronym."
XOMETRY,keep_as_is,,high,,,"Xometry is a publicly traded on-demand manufacturing marketplace trading under its own coined name; not an acronym and has no fuller form. Known brand, decided without search."
YANOW,keep_as_is,,medium,,,Reads as a surname-based small business rather than an acronym; SALES in Brockton MA with no resolved HQ fits the founder-named/small-entity keep rule.
YARDSTICK,keep_as_is,,medium,,"No search performed (budget exhausted); Yardstick is an ordinary English word used as a trading name, not an initialism",There is no acronym to expand and the name is already readable; a CEO donor in Winnetka IL with no resolved HQ gives no basis to attach a longer corporate form.
YARMISH,keep_as_is,,medium,,"decided without search (surname-form name, retired donor, no HQ resolved — personal entity)","No search needed — Yarmish is a surname, not an acronym; a RETIRED donor in Beverly Hills CA with no resolved_hq indicates a personal/family entity with no public expansion. Rules keep person-named small entities as-is."
YOGASPARK,keep_as_is,,high,,,"YogaSpark is a plain trading name for a yoga studio, fully intelligible as written; FITNESS occupation corroborates. Not an acronym."
ZINTRO,keep_as_is,,high,,n/a — coined trading name,"No search needed — Zintro is a coined brand name for the expert-network marketplace, not an acronym; there is no fuller name to expand to."
A.L.P,uncertain,,low,,,"No search available. MANUFACTURING in Highland Park IL is loosely consistent with A.L.P. Lighting Components (Illinois), but the initials alone are not corroborated by the donor context."
A.T.N,uncertain,,low,,no corroborating source found,"Single filing, CFO in Highland Park, IL, no resolved HQ; initials with no corroborating organization found."
ACP,uncertain,,low,,no corroborating source found,"MEDICAL DOCTOR in Great Neck, NY suggests American College of Physicians, but ACP is a membership society rather than a typical employer and also stands for many private firms; no HQ to corroborate."
ADC,uncertain,,low,,no corroborating context in row; no single candidate identified,"One DIRECTOR donor in Boulder, CO and no resolved HQ; ADC could be ADC Telecommunications, Arab American Anti-Discrimination Committee, or many others — no corroboration."
ADCT,uncertain,,low,,no resolved HQ; searches returned no Boulder CO organization named ADCT,No Boulder CO organization matching ADCT could be identified; BOARD CHAIR / DIRECTOR occupations and an empty resolved_hq provide no disambiguating signal.
ADFAM,uncertain,,low,,,"No search available. EXECUTIVE in Newton MA, no HQ; likely a family office contraction ('AD family') with no public expansion, but unresolvable."
ADG,uncertain,,low,,https://adg-design.com/ (multiple competing ADG firms),"Search returned many distinct 'ADG' design firms (ADG Design, Akseizer Design Group, Anderson Design Group, ADG Architecture); none confirmed as the Los Angeles multifamily practice, so no single expansion is corroborated."
ADH,uncertain,,low,,no search performed (session web-search budget exhausted); context too thin to disambiguate,"Only context is a HEALTH CARE donor in Allenhurst NJ and no resolved_hq. ADH maps to many things (Arkansas Department of Health, ADH dental groups, private LLCs) and nothing narrows it to one."
ADMIN,uncertain,,low,,,Not an acronym for any organization — it is a generic placeholder value from a RETIRED donor with no HQ. Should likely be treated as junk/unknown rather than expanded; flagging for data-quality review.
AFC,uncertain,,low,,no corroborating context in row; no single candidate identified,BUSINESS/CPA/RETIRED donors in Paradise Valley AZ and Weston FL with no resolved HQ; AFC matches many unrelated entities and the context spans two states with no common thread.
AGDS,uncertain,,low,,,"No search available. MEDICAL DOCTOR in Burien WA, no HQ; likely a small clinic or dental/medical group initialism with no identifiable public expansion."
AGL,uncertain,,low,,,"No search available. CEO in Atlanta GA with Atlanta HQ is suggestive of Atlanta Gas Light, but AGL also covers AGL Constructors and other firms, and a CEO title does not confirm the utility."
AGP,uncertain,,low,,,"No search available. Occupation 'GP' in Emerald Hills CA, no HQ; AGP could be a fund general partnership or many firms — nothing narrows it."
ALF,uncertain,,low,,,"No search available. FINANCE in San Juan PR, no HQ; ALF has many readings (assisted living facility, American Latvian Fund, personal initials) with no corroboration."
ALMAR,uncertain,,low,,no corroborating search result obtained,"Brooklyn, NY EVP/VP with no HQ; 'Almar' is a common coined family-business name (Almar Sales, Almar Building, Almar Group) with nothing to pick between them."
ALPAC,uncertain,,low,,https://www.manta.com/c/mhbpx09/alpac-international-marine-oilfield-supplies ; https://tanktransport.com/directory/companies/united-states/texas/houston/alpac-marketing-services-inc/,"Multiple unrelated Houston-area ALPAC entities (Alpac International Marine & Oilfield Supplies, Alpac Marketing Services); donor is RETIRED with no resolved HQ, so nothing corroborates a single one."
ALPHA,uncertain,,low,,no corroborating source found,"MANAGER in Weston, MA with no resolved HQ; 'Alpha' is a generic word used by hundreds of firms with nothing to disambiguate."
ALTER,uncertain,,low,,,"Skokie, IL donor suggests the Skokie-based Alter Group real-estate developer, but no HQ resolved in the file and searches were exhausted before I could confirm — no verified corroboration."
ALTMAN,uncertain,,low,,https://altmancos.com/ and https://www.bbb.org/us/fl/fort-lauderdale/profile/real-estate-development/the-altman-companies-llc-0633-23007122 — Fort Lauderdale FL developer; but row lacks HQ corroboration,"The Altman Companies is a Fort Lauderdale multifamily developer and the donor is REAL ESTATE in Davie FL (adjacent to Fort Lauderdale), but Altman is a common surname, the row has no resolved_hq to confirm, and 'THE ALTMAN COMPANIES' adds little intelligibility — so the corroboration is suggestive rather than sufficient."
AMG,uncertain,,low,,No corroborating source; Houston TX donor against a West Palm Beach FL AI-resolved HQ,"AMG could be Affiliated Managers Group, AMG Advanced Metallurgical, Mercedes-AMG or a local firm, and a MANAGEMENT occupation in Houston with a Florida HQ corroborates none of them."
AMHERST,uncertain,,low,,"https://www.amherst.com/firm/ (Amherst Holdings, Austin TX)","The Austin HQ fits Amherst Holdings, but the donor is an ATTORNEY in Matthews, NC and Amherst is equally the common short name of Amherst College; occupation and location corroborate neither."
ANK,uncertain,,low,,,"No search available. FINANCE in Bedford NY, no HQ; likely personal initials of a small entity but nothing corroborates a specific organization."
ANS,uncertain,,low,,,"CO-FOUNDER donors in Paradise Valley and Scottsdale, AZ with no HQ; ANS has many expansions and the Arizona context corroborates none."
ARC,uncertain,,low,,no search performed (session web-search budget exhausted); acronym is inherently ambiguous and the row context does not isolate one organization,"ARC is one of the most overloaded acronyms in the file (American Red Cross, ARC of the US, Airlines Reporting Corp, dozens of local realty firms). BROKER/REAL ESTATE donors in Fort Lauderdale FL and Glendora CA point at a small brokerage, but no single organization is corroborated."
ASBURY,uncertain,,low,,,"RETIRED donors in East Hampton NY and Naples FL with an Ocean City NJ HQ — could be Asbury Automotive Group, Asbury Communities, or a place-name entity; no corroboration for any one."
ASTRA,uncertain,,low,,no corroborating source found,"CEO in Agoura Hills, CA against an AI-guessed Hawthorne, NY HQ; 'Astra' is used by many unrelated companies and the geography does not corroborate any one of them."
AWARD,uncertain,,low,,no corroborating source found,"RETIRED donor in Deerfield, IL with no resolved HQ and no occupation signal; no organization identified."
AWM,uncertain,,low,,,Miami finance/financial-advisor donors and no resolved HQ; AWM maps to many asset/wealth-management firms with nothing to single one out.
BAML,uncertain,,medium,,,"Unverifiable without search. Strong prior: occupation 'WMA' (wealth management advisor) plus New York HQ corroborates Bank of America Merrill Lynch, but the task requires a real search result before expanding — flag for re-run."
BANC,uncertain,,low,,No resolved HQ; ATTORNEY donor in Yorba Linda CA,"BANC could be Banc of California or a partner-initials law firm, and an attorney occupation actually argues against the bank, leaving no corroborated single candidate."
BASIC,uncertain,,low,,no corroborating search result obtained,"A FOUNDER in Baltimore, MD with no HQ; 'BASIC' is used by a benefits administrator (BASIC/basiconline), agencies, and product brands, with nothing to disambiguate."
BBS&G,uncertain,,low,,,"Four-initial professional-firm name split across two unrelated donors (ACCOUNTANT in Bethesda MD, ATTORNEY in Southfield MI) with no resolved HQ — the two contexts point to different firms, so no single organization is corroborated."
BCE,uncertain,,low,,,RETIRED donor in Beverly Hills CA with no HQ; BCE Inc. (Bell Canada) is the best-known match but nothing in the context supports it.
BCLL,uncertain,,low,,not searched (web search budget exhausted),MARKETING donor in Charlotte NC with no resolved HQ; no organization matched to the initialism.
BCMI,uncertain,,low,,,EXECUTIVE / EXECUTIVE VICE PRESIDENT in Bryn Mawr PA with no HQ; could not verify a candidate organization before the search budget was exhausted.
BDTX,uncertain,,low,,"https://finance.yahoo.com/quote/BDTX/ — Black Diamond Therapeutics, Cambridge, MA","The only well-known BDTX is Black Diamond Therapeutics, but its Cambridge, MA HQ contradicts the file's Great Neck, NY resolution and a RETIRED donor in New Hope, PA offers no corroboration."
BESTART,uncertain,,low,,no result — search budget exhausted,"ART SALES and business-owner donors in Teaneck NJ suggest an art dealership reading of 'Best Art', but with no resolved HQ and no verified organization this cannot be confirmed."
BIRDI,uncertain,,low,,,"Search found Birdi Systems (Los Angeles) and BirdiRx (Plymouth MI), neither in West Bloomfield MI; Birdi is also a surname, so the CEO context corroborates nothing."
BLANK,uncertain,,low,,no corroborating result found,Reads as a truncated surname-based firm or a literal placeholder; FACULTY in Woodmere NY provides no corroboration for any expansion.
BLG,uncertain,,low,,no corroborating result found,"LAWYERING in Los Angeles CA fits several firms; the best-known BLG (Borden Ladner Gervais) is Canadian and contradicted by the LA context, and no HQ was resolved."
BLUESPOT,uncertain,,low,,,"No resolved HQ and only a generic PRESIDENT/New York context; many unrelated entities use the BlueSpot name, so nothing corroborates a single organization."
BNA,uncertain,,low,,search for a Getzville/Buffalo 'BNA' physician group returned no such organization,"The ai-resolved Arlington, VA HQ points to Bureau of National Affairs, but the donor is a PHYSICIAN in Getzville (Buffalo), NY; the two contradict and no Buffalo-area 'BNA' physician group was found."
BPA,uncertain,,low,,no corroborating result found,"BPA could be Bonneville Power Administration, a medical group, or a billing firm; a PHYSICIAN in Melbourne Beach FL contradicts the best-known candidate and supports no single one."
BPI,uncertain,,low,,no corroborating result found,"BPI matches many architecture, banking, and consulting entities; ARCHITECT in New York NY with no resolved HQ corroborates none of them."
BRAVO,uncertain,,low,,no corroborating search result obtained,"SELF-EMPLOYED donor in Glen Rock, NJ with an ai-guessed New York HQ; 'Bravo' spans the NBCUniversal network, Bravo Group, and countless small businesses, with nothing corroborating."
BRIAN,uncertain,,low,,"occupation SELF-EMPLOYED, no HQ; value is a personal first name",Not an organization — a first name left in the employer field for a SELF-EMPLOYED Los Angeles donor; there is no entity to expand and no public name exists.
BTG,uncertain,,low,,,"RETIRED donor in Livingston NJ with a New York resolved HQ does not distinguish between BTG Pactual (Brazilian bank with a NY office), BTG plc (UK pharma), or a small local firm."
BYM,uncertain,,low,,"no result — DuckDuckGo returned a CAPTCHA, search budget exhausted",President/retired donors in Chestnut Hill MA with no resolved HQ; no candidate organization could be corroborated.
CAM,uncertain,,low,,no corroborating context in row,"No occupation, no resolved HQ, only West Hollywood CA. CAM matches dozens of organizations with nothing to disambiguate."
CANYONMD,uncertain,,low,,not searched (web search budget exhausted),Business-owner donor in Manhattan Beach CA with an AI-guessed New York HQ; no public organization confidently matched.
CBG,uncertain,,low,,,REAL ESTATE DEVELOPER / SELF-EMPLOYED donor in San Antonio TX with no resolved HQ; 'CBG' matches many unrelated firms and nothing corroborates one.
CCA,uncertain,,low,,no corroborating context in row,"CONSULTANT in San Rafael CA with no HQ; CCA maps to California College of the Arts, CoreCivic (CCA), Clinical Care Associates and many consultancies with nothing to select among them."
CCD,uncertain,,low,,occupation contradicts the only geographically plausible candidate,Denver PHYSICIAN. Community College of Denver fits the acronym and city but not a physician; no HQ resolved and no medical CCD in Denver identified.
CCEC,uncertain,,low,,no matching organization found,PHYSICIAN in Chadds Ford PA with no HQ; no medical organization matching CCEC in that area could be identified.
CCI,uncertain,,low,,"No resolved HQ; two donors split between Chicago IL and Delray Beach FL, INVESTMENTS / RETIRED / SELF-EMPLOYED","CCI is one of the most overloaded three-letter initialisms and the two donors point to different regions, so no single organization is corroborated."
CCT,uncertain,,low,,,"ENERGY POLICY ANALYST in Fairfax VA with no resolved HQ; CCT could be a DC-area policy center, a clean-coal technology body, or a consultancy. No corroboration for a single candidate."
CCTL,uncertain,,low,,no corroborating context in row,HOMEMAKER occupation and no HQ give no signal; CCTL has no dominant organizational meaning.
CDHH,uncertain,,low,,,"RETIRED/TEACHER donors in Pacific Palisades, CA with no HQ; CDHH commonly means a Commission on Deaf and Hard of Hearing but nothing here corroborates that or any alternative."
CDR,uncertain,,low,,"https://en.wikipedia.org/wiki/Clayton,_Dubilier_%26_Rice","Scarsdale NY finance donor hints at Clayton, Dubilier & Rice, but that firm styles itself CD&R (not CDR) and there is no HQ value to corroborate."
CDT,uncertain,,low,,,"Single BUSINESS OWNER donor in Irvine, CA with no HQ; CDT has many expansions (Center for Democracy & Technology, etc.) and none is corroborated."
CFC,uncertain,,low,,,"PHYSICIAN in CORONA, CA with no HQ; CFC has many expansions and none is corroborated here."
CHA,uncertain,,low,,https://search.brave.com/search?q=%22CHA%22+Mercer+Island+Washington+school+director+of+advancement (rate-limited; no candidate established),"CHA has many expansions (Catholic Health Association, Cambridge Health Alliance, Chabad, Community Health Alliance, CHA Consulting); DIR OF ADVANCEMENT on Mercer Island WA with no resolved HQ corroborates none of them."
CHADWAY,uncertain,,low,,https://search.brave.com/search?q=Chadway+company+Wentzville+Missouri+mergers+acquisitions+advisor,"No company named Chadway found in or near Wentzville MO or in M&A advisory generally; no resolved HQ, so the BUSINESS ADVISOR occupation cannot corroborate anything."
CHAIRMAN,uncertain,,low,,"occupation column contains 'KIMCO', indicating field-swap junk","Not an organization name at all — this is a job-title fragment ('Chairman') that landed in the employer field, reinforced by the junk occupation values (HOMEMAKER; KIMCO; RETIRED); there is no expansion, it needs data cleanup rather than a name change."
CHERNOMOR,uncertain,,low,,no corroborating context in row,Appears to be a truncated proper name rather than an acronym; ANALYST in Newton MA gives no way to identify the employer.
CHG,uncertain,,low,,no corroborating HQ in the row,MANAGEMENT / RETIRED donor in Mendota Heights MN with no resolved HQ; CHG Healthcare is Utah-based and CHG also denotes numerous holding groups — the Minnesota context corroborates none of them.
CHOF,uncertain,,medium,,no corroborating result,"No organization found for CHOF; a PHYSICIAN in Newton Center MA does not corroborate any candidate, and it may be a typo of another acronym."
CIR,uncertain,,low,,none,DIGITAL ORGANIZER in Austin TX is compatible with both the Center for Investigative Reporting and the Committee of Interns and Residents union; blank HQ leaves the tie unbroken.
CITIWORKS,uncertain,,low,,https://search.brave.com/search?q=CitiWorks+Irving+Texas+company,"No company named CitiWorks was found; the Irving TX HQ likely reflects a bad match to Citigroup's Irving campus, and the RETIRED donor in Aventura FL provides no corroboration."
CJSSF,uncertain,,low,,,"DIRECTOR in SAN FRANCISCO, CA with no HQ; the 'SF' tail hints at a San Francisco Jewish communal body but no specific organization could be verified."
CLTC,uncertain,,low,,none,"Could be the Certified in Long-Term Care designation, a long-term care entity, or a local firm; RETIRED donor in San Rafael CA with no HQ gives no corroboration."
CMI,uncertain,,low,,"no search performed (session web-search budget exhausted); row has blank occupation, no basis for corroboration","The row has no occupation at all and only a Brooklyn NY donor with a generic New York NY HQ. CMI is extremely overloaded (Cummins, Construction Marketing, Cleveland-Cliffs subsidiaries, many local firms) and there is zero context to disambiguate."
CMS,uncertain,,low,,none,"Baltimore HQ hints at Centers for Medicare & Medicaid Services, but the donor is a LAWYER in North Miami Beach FL and CMS is also a large international law firm — context does not corroborate a single organization."
CNI,uncertain,,low,,No corroborating source; RETIRED donor in Mountain Brook AL against an Arlington VA resolved HQ,"CNI maps to Chickasaw Nation Industries, CNI Inc and others; a retired donor supplies no occupational signal and the Alabama/Virginia split is not corroboration."
COAST,uncertain,,low,,,Generic word used by countless companies; no resolved HQ and generic operations/chief-of-staff roles in New York do not identify one organization.
COFESTCO,uncertain,,low,,none,Opaque coined name; consultant in Columbia MD with no HQ. Search engines were unavailable this session so no candidate could be found.
COLUMBUS,uncertain,,low,,none,"Common word matching many firms (Columbus McKinnon, Columbus Capital, etc.); CEO in San Carlos CA and blank HQ give no corroboration."
COMPANY,uncertain,,low,,none,Not an acronym — a generic placeholder value with no HQ and a single OTHER-occupation donor in Plymouth MN; no organization identifiable.
CONFETT,uncertain,,medium,,no organization found; likely truncation,Appears to be a truncated string rather than a real name; RETIRED in Dallas TX with no resolved HQ gives no corroboration for any candidate.
CORGRO,uncertain,,low,,"https://html.duckduckgo.com/html/?q=%22CoreGro%22+Miami+company — CoreGro, healthcare real estate investment firm, 153 E Flagler St, Miami FL","CoreGro, a Miami healthcare real-estate firm with a President & General Counsel, loosely matches the GENERAL COUNSEL donors in Miami/Miami Shores FL, but the spelling differs and 'COREGRO' would still be opaque — not a materially clearer expansion."
CORUS,uncertain,,low,,no corroborating search result obtained,"Many organizations use CORUS (Corus Entertainment, Corus Health, Corus International, Corus Bankshares); an LA 'ADMINISTRATOR' with no resolved HQ corroborates none of them."
CPA,uncertain,,low,,no resolved HQ; generic credential string,CPA here is almost certainly the professional credential (Certified Public Accountant) entered in the employer field rather than a company; the CONSULTANT donor in Beachwood OH and absent HQ identify no organization.
CPC,uncertain,,low,,no corroborating search result obtained,"ASSET MANAGEMENT / BANKING / COO in New Rochelle, NY with no HQ; CPC maps to Community Preservation Corporation, Chinese-American Planning Council, CPC Group and others, with nothing decisive."
CPF,uncertain,,low,,none,"Many candidates (Chicago Public Fund, Central Provident Fund, local school foundations); TEACHER in Wynnewood PA with no HQ is insufficient to disambiguate."
CRC,uncertain,,low,,none,"Highly overloaded acronym (CRC Press, California Resources Corp, CRC Group); real estate occupation in Calabasas CA with blank HQ does not single one out."
CRF,uncertain,,low,,,"Highly overloaded three-letter acronym with no resolved HQ; FINANCE in Scarsdale, NY does not discriminate among many candidates."
CRS,uncertain,,low,,none — no corroborating result obtained,"No resolved HQ; CEO in North Palm FL does not corroborate any of the many CRS organizations (Catholic Relief Services, Congressional Research Service, etc.)."
CSI,uncertain,,low,,no corroborating source found,SALES in Palo Alto CA with no resolved HQ; CSI is one of the most heavily overloaded acronyms in business with no corroborating context here.
CSMG,uncertain,,low,,Cedars-Sinai pages did not confirm the CSMG abbreviation,"MEDICAL DOCTOR in Los Angeles CA; Cedars-Sinai Medical Group is plausible on geography and occupation, but no source confirmed that CSMG is its used abbreviation and other medical groups share the initials."
CVP,uncertain,,medium,,no corroborating result,"CVP maps to many entities (CVP Inc, Customer Value Partners, various real estate LPs); REAL ESTATE in Baltimore MD with no resolved HQ corroborates none."
CWC,uncertain,,low,,none — no corroborating result obtained,No resolved HQ; SALES donors in NJ and FL give no signal to disambiguate among many CWC entities.
DANBAR,uncertain,,low,,no corroborating source found,"OWNER in New York NY; DANBAR reads like a small closely-held company name with no public expansion, and nothing distinguishes it from several unrelated Danbar entities."
DANLY,uncertain,,low,,searched: Danly Dayton Ohio company real estate — no matching org,Searched Danly against the Dayton OH resolved HQ and real estate context and found no matching organization; likely a surname-based private entity for the single Austin TX real estate investor donor.
DCI,uncertain,,low,,"WebSearch ""DCI Bakersfield California finance company"" — https://dci.com/ , https://www.dcigroup.com/contact/ (no Bakersfield match)","Searched; no DCI finance firm ties to Bakersfield, CA. Hits were DCI (Blackstone fixed-income, SF), DCI Group (DC lobbying), DCI Mortgage — none corroborated by the donor's Bakersfield/FINANCE context. No resolved_hq to help."
DCS,uncertain,,low,,no corroborating context in the row,"Only context is RETIRED in Philadelphia PA with no resolved HQ; DCS maps to dozens of organizations (DCS Corp, Department of Children's Services, Digital Control Systems) with nothing to select among them."
DDG,uncertain,,medium,,no corroborating result; multiple unrelated DDG organizations,"DDG maps to a NYC real estate developer, DuckDuckGo, and several others; a PRESIDENT in Portland OR corroborates none of them despite the NY resolved_hq."
DECIPHER,uncertain,,low,,no corroborating source found,"CEO in Saint Louis MO with no resolved HQ; Decipher matches several unrelated biotech, analytics, and marketing companies and the context picks none."
DEM,uncertain,,low,,none — no corroborating result obtained,No resolved HQ; likely truncated; MANAGER / GENERAL MANAGER in Boca Raton FL provides no disambiguation.
DEN,uncertain,,low,,none — no corroborating result obtained,"No resolved HQ; likely a truncated employer string, and CO-CEO in New York gives no corroboration."
DFAC,uncertain,,low,,no corroborating source found,CPA in Beverly Hills CA with no resolved HQ; DFAC has no dominant referent and the accounting occupation does not narrow the candidates.
DHS,uncertain,,low,,,"FORMER TEACHER/RETIRED donors in Eugene, OR against a Washington, DC HQ; DHS could be Department of Homeland Security, a state Department of Human Services, or a high school, and a teacher fits the federal reading poorly."
DIVOTS,uncertain,,low,,no corroborating source found,"SALES in Dunwoody GA with a Lincoln NE HQ; Divots is the name of a Nebraska golf entertainment venue but the Georgia donor location does not corroborate it, and no expansion is established."
DLLP,uncertain,,medium,,no organization found; likely string-truncation fragment,Reads as a truncation artifact of a law firm's trailing 'D LLP' suffix rather than a real employer name; ATTORNEY in Scarsdale NY gives no way to recover the firm.
DMW,uncertain,,low,,No resolved HQ; single CPA donor in Marlboro NJ,"Almost certainly a small accounting practice named for its partners' initials, with no public expansion discoverable and no HQ to corroborate."
DNI,uncertain,,medium,,no corroborating result,"DNI has many referents (Director of National Intelligence, DNI Corp, etc.); a SALES donor in Reisterstown MD with no resolved HQ corroborates none."
DOG,uncertain,,low,,no corroborating source found,SOFTWARE ENGINEER in New York NY with no resolved HQ; 'DOG' is likely a truncated or garbled employer entry rather than a resolvable acronym.
DONOVANS,uncertain,,low,,no corroborating context in the row,"RETIRED donor in Paradise Valley AZ with no resolved HQ; 'Donovan's' matches a San Diego steakhouse group, several Irish pubs and family businesses, none corroborated by the donor context."
DORSHIRE,uncertain,,low,,,"RETIRED donor in Deerfield, IL with no HQ; likely a small private holding entity but could not be verified before the search budget ran out."
DRIVING,uncertain,,low,,Not an acronym; the value duplicates the donor's DRIVER/DRIVING occupation,"This is a stray occupation word captured as an employer, not an organization name — there is no company to expand it to, so it needs data cleanup rather than an expansion."
DRUSCO,uncertain,,low,,no corroborating context in the row,"RETIRED donor in Pinecrest FL, no resolved HQ, no occupation signal; likely a small private holding company with no public expansion (search budget exhausted before a lookup could confirm)."
EBM,uncertain,,low,,,"PRESIDENT in Bethesda, MD with no HQ; EBM has many expansions (evidence-based medicine, various firms) and nothing corroborates one."
ELVENTS,uncertain,,low,,no corroborating source found,"The GLOBAL HEAD OF EVENTS occupation suggests an events company and possibly a truncated name, but with no resolved HQ and no reachable source there is no single organization to point to."
EMR,uncertain,,low,,no corroborated single match,"REAL ESTATE in Los Angeles against an AI-guessed Saint Louis, MO HQ is contradictory, and EMR maps to many unrelated entities (metal recycling, electronic medical records, initials firms)."
EPCF,uncertain,,low,,none — Wikipedia search returned no article; search-engine queries were blocked/exhausted,"EMERGENCY PHYSICIAN donors in Maitland FL make 'Emergency Physicians of Central Florida' plausible, but no source confirmed it and the resolved HQ (El Paso TX) contradicts it."
EPSWCVS,uncertain,,low,,,"RETIRED donor in Duncanville, TX, no HQ; this seven-letter string returns no identifiable organization."
ESP,uncertain,,low,,no corroborating source found,Three-letter initialism with very many readings; a PHYSICIAN in Deerfield IL and no resolved HQ cannot single out one organization.
ESS,uncertain,,low,,no corroborating context in the row,"RETIRED donor in Boca Raton FL with no resolved HQ; ESS matches ESS Inc (energy storage), ESS Group, Educational Staffing Solutions and many others with no way to disambiguate."
EVMAX,uncertain,,low,,no corroborating source found,Opaque coined name; a RETIRED donor in Sunny Isles Beach FL against a Buffalo Grove IL HQ with no address source gives no corroboration for any organization.
EVTS,uncertain,,low,,nothing found tying this to a single organization,"A generic EXECUTIVE occupation in Brookline, MA with no resolved_hq gives no corroborating signal for any candidate expansion."
EXILARCH,uncertain,,low,,www.exilarch.org DNS did not resolve; no other source reachable,"Exilarch is a historical Jewish title used by at least one foundation, but the site did not resolve and an EXECUTIVE donor in Larchmont NY with no resolved HQ does not corroborate a specific organization."
FATTOC,uncertain,,low,,,"RETIRED donor in West Hollywood, CA with a matching West Hollywood HQ but no occupation signal; the string looks like a compressed private entity name and could not be verified before the search budget ran out."
FCE,uncertain,,low,,"https://en.wikipedia.org/wiki/FuelCell_Energy (HQ Danbury CT) — HQ match alone, no donor corroboration","Resolved HQ Danbury CT points to FuelCell Energy (ticker FCE), but the only donor context is RETIRED in Winnetka IL, which does not corroborate an energy company; FCE is also a common acronym (First Capital, Federal Credit Enhancement, etc.)."
FERMENT,uncertain,,low,,,"No resolved HQ; a New York INVESTOR could match several small venture firms using this name, with nothing to single one out."
FFC,uncertain,,low,,,"Franchisee in Sharon, MA with an AI-guessed New York HQ; FFC maps to many entities and the franchisee occupation does not pin one down."
FFO,uncertain,,low,,,"CPA in Valley Stream, NY, no HQ; FFO is a generic finance initialism with no single corroborated organization."
FGMC,uncertain,,low,,,"Lawyer in Franktown, CO with no resolved HQ; several unrelated FGMC organizations exist and nothing in the row corroborates a single one."
FIRSTNAME,uncertain,,low,,no corroborating source found - likely data artifact,Appears to be form-template placeholder text rather than an employer; a RETIRED donor in Bethesda MD gives no organization to resolve to.
FLOWERRE,uncertain,,low,,,"REAL ESTATE BROKER donor in Great Neck, NY with no HQ; the string looks like a squashed 'Flower Real Estate' but that reading is unverified."
FPC,uncertain,,low,,none,"New City NY donor with no occupation and no resolved HQ; FPC has many expansions (Federal Prison Camp, Firearms Policy Coalition, FPC Holdings) and there is zero corroborating context."
FPMG,uncertain,,low,,no corroborated match,"CONSULTANT / MANAGING PARTNER in Tampa, FL with no resolved_hq fits many partnership initialisms and no single organization could be verified."
FTV,uncertain,,low,,resolved_hq Los Angeles conflicts with FTV Capital's San Francisco HQ,"FINANCE occupation in Hermosa Beach / San Diego CA suggests FTV Capital, but FTV Capital is headquartered in San Francisco (not the resolved Los Angeles), and FTV also denotes several media and holding entities — no single candidate is corroborated."
G-BAR,uncertain,,low,,none - Wikipedia lookup returned 404,"Glencoe IL OWNER suggests G-Bar Limited Partnership, a Chicago options trading firm, but I could not confirm it via a retrievable source, so this stays uncertain rather than expand."
GBD,uncertain,,low,,none,"RETIRED donor in Englewood Cliffs NJ with a San Francisco HQ; GBD matches architecture firms, consultancies and holding companies with no corroborating signal."
GBRS,uncertain,,low,,https://gbrsgroup.com/ ; https://www.innovate757.org/bizwheel/bizwheel-directory/gbrs-group-llc/,"Search found GBRS Group, a veteran-owned special-operations training firm, but it is Virginia Beach based while the donor is a CONSULTANT/RETIRED in Greenwood Village CO with no resolved_hq - no corroboration."
GCF,uncertain,,low,,"DuckDuckGo results showed GCF Investments Inc (Miami), GCF Development, GCFinance.net — none defined the acronym",Debt-acquisition/investor donors in Aventura FL and Denver CO match several unrelated Miami-area GCF entities; no single organization is corroborated.
GFX,uncertain,,low,,"search attempted for ""GFX company North Miami Beach Florida president"" but the session's web-search budget was exhausted; no corroborating source obtained",OWNER/PRESIDENT donors in North Miami Beach FL with no resolved_hq. GFX is a generic graphics-industry abbreviation used by countless small firms; no specific company corroborated.
GGP,uncertain,,low,,"https://en.wikipedia.org/wiki/GGP_Inc. — originally General Growth Properties, HQ 350 North Orleans St, Chicago; reverted to GGP brand under Brookfield in 2026","GGP was General Growth Properties (Chicago), but the Chicago HQ in this row is AI-guessed and therefore circular, and an ATTORNEY living in Astoria NY is weak corroboration for a Chicago mall REIT; GGP also now brands itself simply as GGP."
GHAM,uncertain,,low,,no corroborated match,"INVESTMENTS in Norwalk, CT with no resolved_hq; GHAM yields no verifiable organization and could be partner initials."
GHC,uncertain,,low,,no search performed (session web-search budget exhausted); no HQ and self-employed context prevent disambiguation,"SELF-EMPLOYED / REAL ESTATE donors in Surfside FL with no resolved_hq. GHC has many readings (Group Health Cooperative, Graham Holdings, Gulf Harbour, private holding LLCs) and the self-employed real-estate context suggests a private holding entity with no public name."
GHCA,uncertain,,low,,,"Multiple possible owners (state health care associations, Georgia Health Care Association, etc.); PHYSICIAN in Weston MA with no resolved HQ corroborates none of them."
GHNG,uncertain,,low,,Search attempts for GHNG in a Connecticut medical context returned no matching organization,No organization matching this acronym could be verified; PHYSICIAN in West Hartford CT with no resolved HQ hints at a Greater Hartford medical group but nothing confirms a specific one.
GIFT,uncertain,,low,,,"Common word with no resolved HQ; a RETIRED donor in Lutz, FL gives no corroboration for any specific organization or acronym expansion."
GNEAM,uncertain,,low,,"Bing search for ""GNEAM"" Great Neck New York investment returned no relevant organization",No organization by this acronym could be found; the Great Neck NY location and INVESTMENT EXECUTIVE occupation hint at a local asset manager but nothing verifiable turned up.
GNI,uncertain,,low,,"no result — DuckDuckGo returned a CAPTCHA, search budget exhausted","A part-time physician in Bryn Mawr PA with a Philadelphia HQ suggests a medical group, but GNI has many expansions and none could be verified."
GOVT,uncertain,,low,,none,"Shorthand for 'government' by a RETIRED donor, not an acronym for any identifiable organization; no HQ and no agency named."
GPKLEG,uncertain,,low,,,Appears to be a truncated FEC field rather than a public acronym; CPA in Miami FL with no resolved HQ gives no corroboration for any candidate firm.
GRATE,uncertain,,low,,,Likely a truncation or typo (possibly of a mortgage lender name) rather than a real acronym; LOAN OFFICER in Monroe NY with no resolved HQ does not establish any single organization.
GRG,uncertain,,low,,,"Three-letter acronym with dozens of possible owners; donor context (occupation 'PHYSICAL', Westport CT, no resolved HQ) corroborates no single organization."
GROUP,uncertain,,low,,no corroborating source found,"REAL ESTATE donor in Owings Mills, MD with no resolved HQ; 'GROUP' is almost certainly a truncated employer string rather than a real name, and no organization can be identified."
GSA,uncertain,,low,,DuckDuckGo returned a CAPTCHA; no verifiable result,"The resolved Washington DC HQ suggests the General Services Administration, but the donor is a CPA in Encino CA, which contradicts it — the mismatch means no single organization is corroborated."
GSC,uncertain,,low,,,"Very common acronym (GSC Capital, Global Supply Chain, GSC Enterprises...); OWNER in Englewood Cliffs NJ with no resolved HQ corroborates none."
GSD,uncertain,,low,,no corroborating source found,"Only context is CHIEF OF STAFF in New York, NY with no resolved HQ; GSD maps to many organizations (Harvard Graduate School of Design, numerous consultancies) with nothing to disambiguate."
GSP,uncertain,,low,,No resolved HQ; single Beverly Hills / Los Angeles real-estate donor,GSP maps to dozens of real-estate and investment entities and the row supplies no HQ or distinguishing context to corroborate any of them.
GSS,uncertain,,low,,no result — search budget exhausted,A single CEO donor in Longwood FL with no resolved HQ; GSS is a highly ambiguous acronym with no corroborating context.
GSSPORTS,uncertain,,low,,no confirming source found,"Shares the donor place (Piedmont, CA) and occupation (ADVISOR) with the GSW row, hinting at a 'GS Sports' entity, but no resolved HQ and no source found confirming any organization by this name."
GSW,uncertain,,low,,https://en.wikipedia.org/wiki/Golden_State_Warriors — team based in San Francisco; 'GSW' not stated as a standard abbreviation,"Two plausible readings that the context splits between: Golden State Warriors (donor is in Piedmont, CA — Bay Area — and the adjacent GSSPORTS row shares the same donor place) versus GSW Worldwide, the Westerville, OH agency that matches the AI-resolved HQ. Contradictory corroboration."
GTA,uncertain,,low,,not searched (web search budget exhausted),PRESIDENT/RETIRED donors in Dunwoody GA and no resolved HQ; GTA has many expansions with nothing in context to select one.
GTS,uncertain,,low,,no single candidate corroborated; occupation 'MANAGEMENT' is non-discriminating,"GTS maps to many organizations (Global Trading Systems in NYC, Global Technical Services, etc.); the only context is a Bronx donor with the generic occupation MANAGEMENT, which corroborates none of them."
GUARD,uncertain,,low,,no corroborating source found,"FINANCIAL ADVISOR in Los Angeles, CA with no resolved HQ; 'GUARD' is a common word used by many firms (e.g. GUARD Insurance Group, PA) and nothing corroborates a single one."
GWC,uncertain,,low,,,"Ambiguous acronym (GWC Warranty, GWC Capital, Golden West College, etc.); DEVELOPER in Saint Louis MO with no HQ corroborates none of them."
GWE,uncertain,,low,,,Generic three-letter acronym; VICE PRESIDENT in Atlanta GA with no resolved HQ does not point to any one organization.
HATCH,uncertain,,low,,no corroborating source found,"VICE PRESIDENT in New York NY with a Burlington MA HQ; Hatch matches an engineering consultancy, a baby-products brand, and several agencies, and neither the title nor the geography picks one."
HCHC,uncertain,,low,,"https://en.wikipedia.org/wiki/HCHC (Hellenic College Holy Cross, Brookline/Boston MA)","Only documented HCHC is Hellenic College Holy Cross in Brookline MA, which the New Haven CT / RETIRED context does not corroborate; the Hartford CT HQ has no address_source backing it, so no single candidate is supported."
HCLA,uncertain,,low,,no corroborating source found,Opaque initialism with a generic IT occupation in Rego Park NY and no resolved HQ; multiple unrelated organizations use HCLA and nothing corroborates one.
HCMG,uncertain,,low,,no corroborating source found,Opaque four-letter initialism; a NURSING HOME ADMINISTRATOR in Cincinnati OH suggests a health-care management group but no resolved HQ and no source pins a specific organization.
HCT,uncertain,,low,,,"Three donors in three unrelated metros (Skokie IL, Fort Lauderdale FL, North Hollywood CA) with no resolved HQ and generic marketing/finance occupations; HCT maps to many organizations with nothing to disambiguate."
HERCULES,uncertain,,low,,,"REAL ESTATE donor in Virginia Beach, VA conflicts with the Palo Alto HQ (which suggests Hercules Capital, a lender); the geography does not corroborate a single Hercules entity."
HFA,uncertain,,low,,"https://www.hemophiliafed.org/ - 'Hemophilia Federation of America', acronym HFA, but HQ not confirmed as Alexandria VA","Confirmed Hemophilia Federation of America uses HFA, but the acronym is heavily overloaded (housing finance agencies, others) and a PRESIDENT donor in Philadelphia PA against an Alexandria VA HQ does not single one out."
HGF,uncertain,,low,,none — no corroborating result obtained,No resolved HQ; FOUNDER in Agawam MA is consistent with a small private LLC or with HGF Ltd (UK IP firm) — no corroboration either way.
HIRVEST,uncertain,,low,,no corroborating source found,REAL ESTATE in Dallas TX with no resolved HQ; no public organization by this name could be confirmed and the context does not point to a specific firm.
HOMEX,uncertain,,low,,none — no corroborating result obtained,No resolved HQ; CEO in Chicago does not corroborate the Mexican homebuilder Homex or any US entity of that name.
HPR,uncertain,,low,,,"APPLICATION ENGINEER in BRIGHTON, MA with no HQ; HPR has multiple plausible readings and the row supplies no distinguishing detail."
HPS,uncertain,,low,,,"ACCOUNT MANAGER in CHERRY HILL, NJ with no HQ; HPS could be HPS Investment Partners, a staffing firm, or a local employer — no corroboration."
HRHMG,uncertain,,medium,,https://npiregistry.cms.hhs.gov/api/?version=2.1&organization_name=HRHMG* -> result_count 0,NPI organization search for HRHMG returned zero results; a PHYSICIAN in Mukilteo WA does not pin down any single medical group.
HSE,uncertain,,low,,none — no corroborating result obtained,No resolved HQ; FINANCIAL ANALYST in Washington DC does not corroborate any single HSE organization.
HTG,uncertain,,low,,none — no corroborating result obtained,No resolved HQ; REAL ESTATE DEVELOPMENT / BUSINESS OWNER in Coral Gables-Miami suggests a local private firm with no public expansion.
HTL,uncertain,,low,,none — no corroborating result obtained,No resolved HQ; EXECUTIVE in Bridgehampton NY provides no corroboration for any specific HTL entity.
HVDDSO,uncertain,,medium,,https://npiregistry.cms.hhs.gov/api/?version=2.1&organization_name=HVDDSO* -> result_count 0,NPI organization search returned zero results; nothing corroborates the MEDICAL DOCTOR in Rye NY.
HYLVER,uncertain,,low,,Dallas 'Hylver' search returned no matching organization,"Searching Dallas returned only unrelated 'Hyl' companies (Hyl Texas, Hyl Solutions, Hylant); no Dallas entity named Hylver was found, and it may be a small private holding company."
IBB,uncertain,,low,,none — no corroborating result obtained,No resolved HQ; CONTROLLER in Dallas TX does not distinguish among many IBB organizations.
IFG,uncertain,,medium,,no corroborating result,"IFG matches many firms (Independent Financial Group, IFG Companies, International Forest Group); a MARKETING SPECIALIST in Carmel IN with no resolved HQ corroborates none."
IKC,uncertain,,low,,,"SALES in CARMEL, IN with no HQ; no way to single out one organization behind IKC."
IMCD,uncertain,,low,,,"RETIRED donor in IRVINE, CA but resolved HQ is Lake Success, NY, which does not corroborate the IMCD chemicals distributor; context conflicts rather than confirms."
IMD,uncertain,,low,,,"CHAIRMAN in BEVERLY HILLS, CA with no HQ; IMD is a business school, a medical-device sense, and many private firms — nothing corroborates."
IMPCO,uncertain,,low,,"DuckDuckGo results show an 'Impco Sellwood Harbor' condominium management listing in Portland OR, but no expansion; Income Property Management in Portland trades as IPM Co., not IMPCO","The PROPERTY MANAGER occupation in Portland corroborates a Portland property-management firm, but the acronym's actual expansion could not be established and the San Antonio TX resolved HQ conflicts."
INCOMNET,uncertain,,low,,https://en.wikipedia.org/wiki/Incomnet returned 404; no source verified,"Incomnet Inc was plausibly a Southern California telecom holding company matching the Santa Monica CA donor, but I could not verify it from any live source (Wikipedia 404, search engines blocked), and the donor is RETIRED with no resolved HQ."
IPASS,uncertain,,low,,,REAL ESTATE / RETIRED donors in Los Angeles CA against a Ridgefield Park NJ resolved HQ fits neither iPass Inc (Redwood Shores CA connectivity firm) nor Illinois Tollway's I-PASS. No candidate is corroborated.
ISC,uncertain,,low,,no corroborating source found,"INSURANCE donor in Scarsdale, NY against an AI-guessed Nashville, TN HQ; the geographic mismatch plus the many firms using ISC leaves no single corroborated candidate."
ISDS,uncertain,,low,,,"CONSULTANT in Dallas TX with no HQ; the acronym has many readings (design, dermatologic surgery, security systems) and nothing narrows it."
ISL,uncertain,,low,,no corroborating source found,"EXECUTIVE in Purchase, NY with no resolved HQ; ISL maps to many organizations and nothing narrows it to one."
JACOB,uncertain,,low,,,Single common surname with no resolved HQ; a Miami Beach physician gives no basis to pick among many possible practices.
JAM,uncertain,,low,,,CEO in Encino CA with no HQ; 'JAM' matches many unrelated entities and nothing narrows it to one.
JAT,uncertain,,low,,,"REAL ESTATE in Atlanta/Sandy Springs GA with no HQ; almost certainly private initials, no public expansion corroborated."
JBI,uncertain,,low,,,"Overloaded three-letter acronym with no resolved HQ; INVESTMENTS/RETIRED in Scottsdale, AZ provides no corroborating detail."
JCAN,uncertain,,low,,search returned no relevant results,"CEO/EXECUTIVE in Coto de Caza, CA with no resolved HQ; search surfaced no organization using JCAN that the California context corroborates."
JCF,uncertain,,low,,jewishcommunalfund.org redirects to jcfny.org which returned HTTP 403 — unverified,"NONPROFIT MANAGEMENT / VICE PRESIDENT donors in New York, NY point toward the Jewish Communal Fund, but JCF is equally used by Jewish Community Foundation and other bodies, and the org's site could not be retrieved to confirm."
JCG,uncertain,,low,,,Three-letter initials with only VICE PRESIDENT / New York NY and no HQ; no way to distinguish among many JCG entities.
JFI,uncertain,,low,,no result — search budget exhausted,Executive/non-executive-chairman donors in New York and White Plains NY with no resolved HQ; JFI has many expansions and none is corroborated.
JHW,uncertain,,low,,no corroborating result found,INVESTOR in Gladwyne PA suggests initials of a person's own investment vehicle; the best-known JHW (J.H. Whitney & Co.) is Connecticut-based and not corroborated by the Pennsylvania context.
JJB,uncertain,,low,,no corroborating source found,"AUDIT donor in Slidell, LA with no resolved HQ; three-initial name most likely a small local partnership with no public expansion."
JJF,uncertain,,low,,,"No search available. CEO in San Rafael CA with no HQ; three initials with no distinguishing context, likely a small private entity."
JLEC,uncertain,,low,,,"No search available. ELECTRICAL CONSULTANT in Park Ridge NJ suggests initials plus 'Electrical Consulting', but no specific firm is corroborated."
JRCO,uncertain,,low,,,"No search available. DATABASE ADMINISTRATOR in San Diego CA, no HQ; 'JR + Co' pattern suggests a small owner-named company with no public expansion."
JSL,uncertain,,low,,,FINANCE / FINANCIAL SERVICES in Los Angeles with no HQ; three-letter initials with no corroborating detail.
JSV,uncertain,,low,,https://html.duckduckgo.com/html/?q=%22JSV%22+San+Jose+California+company — no usable results,"CEO/CHIEF PRODUCT OFFICER donors in San Jose, CA but no resolved HQ; no San Jose organization branded JSV could be verified (search engine returned a CAPTCHA and the search budget was exhausted)."
JTS,uncertain,,low,,"https://html.duckduckgo.com/html/?q=JTS+law+firm+Dallas+Texas+attorney — HTTP 403, no result","Donor is an ATTORNEY in Mount Pleasant SC while resolved_hq says Dallas TX — neither corroborates the best-known JTS (Jewish Theological Seminary, New York). Search attempt was blocked (HTTP 403) before any Dallas or law-firm JTS could be confirmed."
JVDEALS,uncertain,,low,,no corroborating result found,Reads as a small private venture/deal-flow entity with no public expansion; MANAGER in Tenafly NJ and no resolved HQ give no corroboration.
KBT,uncertain,,low,,No corroborating source found before search budget was exhausted; ATTORNEY donor in Merrick NY with a New York NY resolved HQ,"Three partner initials for a New York law firm is the likely pattern, but multiple firms use KBT and none could be confirmed as the match."
KCAV,uncertain,,low,,search for KCAV Overland Park KS returned no matching entity,"Searched Overland Park, KS attorney/compliance context and found no organization using this acronym; nothing to corroborate."
KCM,uncertain,,low,,not searched (web search budget exhausted),INVESTOR donor in Dallas TX with an AI-guessed Chicago HQ; KCM matches many asset managers and nothing discriminates.
KEYSTONE,uncertain,,low,,keystonepropertygroup.com unreachable (ECONNREFUSED); no corroborating source retrieved,"Gladwyne PA real-estate donors point plausibly to Keystone Property Group (Philadelphia area), but the company's site was unreachable and no source could be retrieved to confirm; 'Keystone' is also a very common generic name."
KGPM,uncertain,,low,,no corroborating result found,Four opaque initials with no resolved HQ; MANAGER in Sacramento CA identifies nothing.
KHC,uncertain,,low,,https://html.duckduckgo.com/html/?q=KHC+law+firm+Pittsburgh+Pennsylvania+attorney,"Search surfaced 'Kelly, Holt & Christenson PLLC', a Pittsburgh IP firm matching the AI-resolved Pittsburgh HQ, but the donor is a LAWYER living in Cherry Hill NJ — a South Jersey resident at a Pittsburgh firm is not corroborated, and the resolved_hq itself is AI-generated so it may be circular. KHC is also the Kraft Heinz ticker. Multiple plausible candidates."
KICORP,uncertain,,low,,https://en.wikipedia.org/wiki/Kikiktagruk_Inupiat_Corporation returned HTTP 404 — candidate unverified,"The manual HQ of Kotzebue AK hints at Kikiktagruk Inupiat Corporation, but no source could be retrieved and a CHAIRMAN donor in New York NY actively fails to corroborate an Alaska Native village corporation."
KIG,uncertain,,low,,,Two unrelated donor contexts (RETIRED in Delray Beach FL; TICKET SALES in Pikesville MD) and no resolved HQ; nothing corroborates a single organization.
KLNF,uncertain,,low,,,"LAWYER in POUND RIDGE, NY suggests a law firm's partner initials, but no resolved HQ and no verifiable match to a specific firm."
KMP,uncertain,,low,,,"Occupation 'FAB' in PEPPER PIKE, OH with no HQ; too little signal to identify a specific KMP."
KMS,uncertain,,low,,,"Three generic initials, PHYSICIAN donor in Hollywood FL, no resolved HQ. Many medical practices use KMS initials; nothing narrows it to one."
KRA,uncertain,,low,,not searched (web search budget exhausted),"Developer/real-estate donor in Los Angeles CA, no resolved HQ; likely a small firm's partner initials with no public expansion found."
KSOSN,uncertain,,low,,no matching organization found,"PHYSICIAN in Las Vegas NV suggests a medical practice, but no organization matching KSOSN could be identified and no HQ was resolved."
KTND,uncertain,,low,,no corroborating result found,No resolved HQ and PHYSICIAN in Wilmington DE does not map to any identifiable KTND organization.
L&J,uncertain,,low,,,Two-initial ampersand name for an ATTORNEY in Marietta GA with no resolved HQ; far too generic to tie to any single firm and no corroborating context available.
LANDMARK,uncertain,,low,,no corroborating context in row,"Truncated generic company name; REGIONAL MANAGER in Hillsborough NJ with no HQ cannot select among Landmark Theatres, Landmark Properties, Landmark Health and many others."
LASS,uncertain,,low,,no corroborating context in row,"RETIRED donor in Baton Rouge LA, no HQ; LASS has no dominant Louisiana organization and may simply be a surname."
LDA,uncertain,,low,,no corroborating context in row,"OWNER in Las Vegas NV with no HQ — most likely the owner's own initials-based LLC, but nothing confirms an expansion."
LDI,uncertain,,low,,,"Chairman/executive donors in Minnetonka and New Hope, MN with no resolved HQ; LDI matches many unrelated firms and Minnesota context corroborates none."
LDR,uncertain,,low,,not searched (web search budget exhausted),LAWYER/PARTNER donors in Houston TX but no resolved HQ; could not verify a Houston firm using LDR as its short name.
LEC,uncertain,,low,,no corroborating context in row,TEACHER in Hollywood FL; LEC could be a local elementary/education center but no HQ or named institution corroborates any one candidate.
LEX,uncertain,,low,,no corroborating context in row; no single candidate identified,BROKER/PROGRAMMER/OWNER donors in Los Angeles and Riverside CA with no resolved HQ; 'LEX' matches many unrelated firms and the mixed occupations give no corroboration.
LGN,uncertain,,low,,no result — search budget exhausted,Attorney in Saint Paul MN with no resolved HQ; nothing in the donor context singles out one LGN organization.
LIBERTY,uncertain,,low,,none,"Not an acronym and extremely overloaded (Liberty Mutual, Liberty Media, countless local firms); WHOLESALE occupation in Brooklyn with no HQ gives no signal."
LIBRA,uncertain,,low,,none,"Multiple candidates (Libra Group, Libra Industries, Libra Capital); CEO in Armonk NY with blank HQ does not corroborate any one."
LLG,uncertain,,low,,not searched (web search budget exhausted),LAWYER/SELF-EMPLOYED donor in Great Neck NY with no HQ; almost certainly a small '... Law Group' but the specific firm cannot be determined.
LMC,uncertain,,low,,,"Single donor, CEO/FOUNDER/CPA in Brooklyn and New York, no resolved_hq; LMC maps to many entities (Lennar Multifamily Communities among others) with nothing in the context selecting one."
LMG,uncertain,,low,,none,"Many candidates (LMG law/consulting/media groups); ATTORNEY in Washington DC with blank HQ is not enough to pick one, and search was unavailable."
LMPP,uncertain,,low,,no corroborating context in row; no organization established,No resolved HQ; a REAL ESTATE donor in Tiburon CA points to a private four-letter LLC or partnership with no public expansion.
LNC,uncertain,,low,,https://search.brave.com/search?q=LNC+Memphis+Tennessee+agriculture+company (HTTP 429; nothing established),"AG EXEC in Memphis TN suggests an agricultural firm, but Lincoln National Corp (the best-known LNC) is in Radnor PA and no Memphis agricultural LNC could be confirmed; no resolved HQ to corroborate."
LOMARHR,uncertain,,low,,no corroborating HQ in the row,"CONSULTANT in Scarsdale NY with no resolved HQ; the 'HR' tail suggests a small human-resources consultancy, but no public organization could be confirmed and search budget was exhausted."
LSG,uncertain,,low,,none,"Could be LSG Sky Chefs, LSG Insurance, or a local partnership; RETIRED donor in Monroe Township NJ with no HQ offers no corroboration."
LUP,uncertain,,low,,none,Three-letter acronym with no findable dominant expansion; MARKETING occupation in Chicago IL with blank HQ gives no corroboration.
M-RETS,uncertain,,medium,,http://cleancounts.org/ (redirect from https://www.mrets.org/),"Verified the real entity — Minneapolis, MN nonprofit renewable-energy attribute tracker, matching the Edina, MN PRESIDENT & CEO donor — but the site has rebranded to CleanCounts and does not state the acronym's expansion, so the correct replacement text is unresolved (rename, not expansion)."
M2G,uncertain,,low,,none — no corroborating result obtained,Generic three-character acronym with no resolved HQ; CONSULTANT in New York gives no disambiguating signal.
MAB,uncertain,,low,,no corroborating HQ in the row,"INVESTMENTS / REAL ESTATE occupations in Dallas TX but no resolved HQ; MAB matches MAB Capital, MAB American Builders and many personal-initial LLCs, with nothing selecting one."
MAGIC,uncertain,,low,,no resolved HQ and non-discriminating occupations; no single candidate found,"MAGIC has many possible referents (MAGIC trade shows, Magic Inc., acronym-based nonprofits); a Silver Spring MD donor with MARKETING/RETIRED and no resolved HQ corroborates none of them."
MAGNET,uncertain,,low,,no corroborating source found,"INVESTOR in Miami FL with a New York NY HQ; Magnet matches numerous unrelated funds and agencies, and the generic investor context corroborates none of them."
MANET,uncertain,,low,,"WebSearch ""Manet real estate Austin Texas company"" — no matching entity in results",Searched; no real-estate company named Manet surfaced in Austin TX or anywhere. Could be a small private LLC or a misspelling. No resolved_hq to corroborate.
MANJ,uncertain,,low,,"NJ trucking association search returned NJMTA (New Jersey Motor Truck Association), not MANJ","TRANSPORTATION donor in West Orange, NJ suggested a NJ trade body, but the state trucking association's acronym is NJMTA; no MANJ organization corroborated."
MARCH,uncertain,,low,,no corroborating search result obtained,"FINANCIAL PLANNER in Lower Gwynedd, PA; 'MARCH' could be a surname-based practice, March Capital, or a truncated firm name. No HQ and nothing corroborating."
MARZET,uncertain,,low,,no corroborating context in row; no organization established,No resolved HQ and only an OWNER donor in Parker TX; MARZET matches no identifiable public organization.
MAS,uncertain,,low,,,"COMMODITY TRADER in Leawood, KS with no HQ; MAS is a highly ambiguous three-letter string with no corroborating detail."
MASS,uncertain,,low,,no single-organization result; not verified,"HEALTH occupation in Boston, MA is consistent with several distinct entities (Commonwealth of Massachusetts, Mass General, MASS Design Group) and no resolved_hq exists to disambiguate."
MAVEN,uncertain,,low,,no single candidate corroborated; donor locations span three states,"Maven is a common company name across many sectors (Maven Clinic, Maven Real Estate, Maven Securities); donors span Bethesda MD, Los Altos Hills CA and NY with real-estate and managing-director roles, corroborating no single firm."
MCC,uncertain,,low,,no corroborating context in row; no single candidate identified,"A single RETIRED donor in New York, NY with a New York HQ; MCC matches many organizations (Manhattan Community College, MCC Global, Millennium Challenge Corporation) and retirement gives no occupational signal."
MCH,uncertain,,low,,no corroborating source found,PARTNER in New York NY with no resolved HQ; MCH matches many law and investment firms and the generic title gives no disambiguating signal.
MCK,uncertain,,low,,no corroborating source found,"CONSULTANT in New York NY; MCK is McKesson's ticker (a San Francisco drug distributor, inconsistent with a NY consultant) and is also used informally for McKinsey — two plausible readings with no corroboration."
MCO,uncertain,,low,,"resolved_hq Davie, FL conflicts with donor geography","ANALYST / SENIOR VICE PRESIDENT in Cherry Hill NJ and Philadelphia PA, but the resolved HQ is Davie FL, which conflicts; MCO also denotes Moody's (ticker), managed care organizations and MCO Transport, with no corroborated single match."
MCOL,uncertain,,low,,https://www.acronymfinder.com/MCOL.html (via search: no DC marketing org found),"Search returned no Washington DC marketing organization - MCOL resolves mainly to 'medium cost of living' and a healthcare e-learning publisher, neither corroborated by a MARKETING donor in DC with no hq."
MCS,uncertain,,low,,no corroborating HQ in the row,"EXECUTIVE DIRECTOR in Los Angeles CA with no resolved HQ; MCS matches Managed Care Systems, MCS Group, Mission Critical Solutions and many nonprofits, with no corroborating signal."
MCSO,uncertain,,low,,,"MEDICAL DOCTOR in Glencoe, IL with no HQ; MCSO overwhelmingly denotes county sheriff's offices, which contradicts the occupation, and no medical MCSO is corroborated."
MDA,uncertain,,low,,,"MEDICAL DOCTOR in Houston, TX could point to MD Anderson, but the AI-resolved HQ is Boulder, CO and MDA equally denotes the Muscular Dystrophy Association and others — no single candidate is corroborated."
METRO,uncertain,,low,,no corroborating source found,Generic word used by hundreds of businesses; SELF-EMPLOYED donor in Merion Station PA with no resolved HQ gives no corroboration for any specific organization.
MFLP,uncertain,,low,,,Pattern strongly suggests a private '[initial] Family Limited Partnership' for one Park City UT investments donor; no resolved HQ and no public organization to name.
MFM,uncertain,,low,,not searched (web search budget exhausted),"Single CONSULTANT donor in Scarsdale NY, no HQ; could be a maternal-fetal medicine practice or a small consultancy's initials."
MFP,uncertain,,low,,no corroborating source found,Three-letter initialism with many possible readings; MARKETING occupation in San Mateo CA and no resolved HQ provide no corroboration for a single org.
MHG,uncertain,,low,,none,"Harrison NY donor in BUSINESS SERVICES with a generic New York HQ; MHG matches many hotel, insurance and holding groups with no distinguishing signal."
MHPP,uncertain,,low,,,"RETIRED donor in Holland, MI with no HQ; no corroborated organization matches the initialism."
MHQ,uncertain,,low,,not searched (web search budget exhausted),FOUNDER AND CHAIR donor in Boston MA with no resolved HQ; no single organization identified.
MICH,uncertain,,low,,no corroborating search result obtained,"Chicago ATTORNEY; 'MICH' is likely a truncation (of a firm name, or of Michigan) rather than a resolvable acronym, and nothing corroborates a single organization."
MICRO,uncertain,,low,,no corroborated match,"ATTORNEY in Highland Park, NJ against the bare word MICRO with no resolved_hq — likely a truncated entry rather than a resolvable organization."
MIL,uncertain,,low,,none,"Greenwood Village CO developer, no HQ; could be The MIL Corporation (Bowie MD) or military shorthand - context does not corroborate either."
MILV,uncertain,,low,,none,"Allentown PA physician, no HQ resolved; MILV matches no identifiable medical organization."
MJJ,uncertain,,low,,no corroborated match,"The occupation field literally repeats ""MJJ"" alongside REAL ESTATE in Warwick, NY, giving no independent signal and no resolved_hq."
MJW,uncertain,,low,,none,"RETIRED donor in Palmyra VA, no HQ resolved; three initials with no corroborating context."
MLCO,uncertain,,low,,no corroborating search result obtained,"Chicago business owner/sales; MLCO reads as an initials-plus-Co family company (also the ticker for Melco Resorts, which does not fit Chicago sales). No corroboration."
MLEDLINE,uncertain,,low,,none,"Evanston IL product manager; looks like a mangled 'MEDLINE' (Medline Industries is nearby in Northfield IL) but the string as written matches no organization, so expansion would be a guess."
MLP,uncertain,,low,,no corroborated match,"LAWYER in Rye Brook, NY with no resolved_hq; MLP reads as either a three-partner firm's initials or master limited partnership, with nothing to decide between them."
MLRDELLC,uncertain,,low,,,A run-together personal LLC string (apparently 'MLRDE LLC') tied to one INVESTOR/RETIRED donor in Buffalo Grove IL with no resolved_hq; no public expansion is findable and no search result corroborates any candidate.
MNG,uncertain,,low,,,"Could be MNG Enterprises (media), MNG Holdings, or a local firm; PRESIDENT in Olivette MO with no resolved HQ gives no corroboration."
MPACT,uncertain,,low,,search returned no relevant results,"CEO in Greensboro, NC with no resolved HQ; many unrelated entities trade as MPACT and no source tied one to Greensboro."
MPI,uncertain,,low,,https://www.mpigroup.org/ and https://opencorporates.com/companies/us_tx/0102279900,"MPI maps to many real estate firms (MPI Group, MPI Properties Inc of Dallas, MPI Property Management); a Chicago REAL ESTATE donor with an Addison, TX HQ is internally inconsistent and corroborates none."
MREG,uncertain,,low,,no corroborated match,"EXECUTIVE in New York, NY with a New York resolved_hq is too generic to distinguish among the several real-estate-group initialisms MREG could denote."
MRJ,uncertain,,low,,,Three-letter initialism with no HQ resolved; a TRAVEL CONSULTANT in New York corroborates no specific organization.
MRM,uncertain,,low,,none,"New York PHYSICIAN donor; the best-known MRM is the McCann advertising agency, which the medical occupation contradicts rather than corroborates."
MSW,uncertain,,low,,,"MSW is most often the social-work degree, and as an employer it is ambiguous; REAL ESTATE INVESTOR-DEVELOPER in Tucson AZ with no resolved HQ corroborates no single firm."
MTL,uncertain,,low,,,Ambiguous acronym; ATTORNEY in Newport Beach CA with no resolved HQ does not identify a single law firm or company.
MTP,uncertain,,low,,,Generic acronym with many owners; DEALERSHIP RELATIONS in Charlotte NC with no resolved HQ is suggestive of an auto-industry vendor but corroborates no specific firm.
MUNDO,uncertain,,low,,,Common Spanish word used in many business names; RETIRED donor in Las Vegas NV with no resolved HQ provides no way to identify one organization.
MVDC,uncertain,,low,,No resolved HQ; single SALES donor in Danvers MA,"Four-letter initialism with many possible expansions (Merrimack Valley, Mill Valley, etc.) and only a generic SALES occupation to go on."
MVE,uncertain,,low,,,"Could be MVE + Partners (architecture, Irvine CA) among others, but a CEO in Beverly Hills CA with no resolved HQ does not corroborate a single candidate."
MVP,uncertain,,low,,,MVP could be MVP Health Care (Schenectady NY) or many others; donors in Auburndale MA and Bloomfield Hills MI with no resolved HQ corroborate none of them.
NAM,uncertain,,low,,"https://nam.org/about/ (trade association, not a fundraising employer in IL/MI)","The Washington, DC HQ fits National Association of Manufacturers, but donor occupations are FUNDRAISER / FUNDRAISING / DIRECTOR in Deerfield, IL and Grosse Pointe Woods, MI — a trade association does not corroborate, and NAM also denotes National Arbitration and Mediation and several Jewish nonprofits."
NAS,uncertain,,low,,,"Extremely ambiguous (NAS Investment Solutions, Naval Air Station, NAS Recruitment, etc.); REAL ESTATE in Los Angeles CA with no HQ does not single one out."
NBEC,uncertain,,low,,search returned no relevant results,"CEO in Smyrna, GA with no resolved HQ; search returned no organization matching NBEC in Georgia."
NCC,uncertain,,low,,no corroborating context in row; no single candidate identified,"Single MANAGER donor in Fairfax Station, VA and no resolved HQ; NCC matches dozens of organizations (NCC Group, National Council, Naval, community colleges) with nothing in the row to pick one."
NCCC,uncertain,,low,,,"Search surfaced only a Corvette-club usage in Owings Mills MD; no employer organization matched, and a bare MANAGER occupation corroborates nothing."
NDA,uncertain,,low,,no corroborated match,"REAL ESTATE in Boca Raton, FL with no resolved_hq; NDA is most readable as non-disclosure agreement and no matching employer could be identified."
NDP,uncertain,,low,,none,"Charlotte NC account executive with no HQ resolved; NDP could be NDP Group, an ad agency, or a party. No corroboration."
NEC,uncertain,,low,,,"NEC most commonly means the Japanese electronics corporation, which is not corroborated by a retired surgeon in Wellington FL, and the Irving TX resolved HQ points to yet another entity; no single candidate supported."
NETRTINGS,uncertain,,low,,https://www.crunchbase.com/organization/netratings,"Garbled string; nearest match NetRatings was a NY internet-audience firm absorbed into Nielsen by 2007, which does not corroborate a lone SF technologist donor and there is no resolved HQ."
NEWBROOK,uncertain,,low,,,"Newbrook is used by several unrelated entities (Newbrook Capital, Newbrook Partners); REAL ESTATE in Sherman Oaks CA with no resolved HQ does not single one out."
NEWCHEM,uncertain,,low,,,"Appears to be a coined company name rather than an acronym, and several unrelated chemical firms use it; CHAIRMAN in Irvine CA with no resolved HQ corroborates none."
NEWTECH,uncertain,,low,,no result — search budget exhausted,CEO/executive donor in Golden Beach FL with no resolved HQ; 'Newtech' is a generic trade name used by many unrelated firms.
NFI,uncertain,,low,,"https://www.nfiindustries.com/ — ""NFI Industries"", Camden, NJ; site publishes no expansion of the initials","An OWNER in Dallas, TX does not corroborate the family-owned Camden, NJ logistics firm the AI HQ guessed, and NFI has no published expansion even if it did."
NGM,uncertain,,low,,none,"RETIRED donor in Norfolk VA with no HQ; NGM matches NGM Insurance, NGM Bio and National Geographic Magazine - nothing distinguishes them."
NJY,uncertain,,low,,,No organization matching NJY found in or near Plainview NY; a lone CEO occupation offers no corroboration.
NLE,uncertain,,low,,,"Single DIRECTOR donor in Winnetka IL with no resolved_hq; could not obtain a search result (budget exhausted) and NLE has many expansions, so no candidate is corroborated."
NMG,uncertain,,low,,none,"New York MEDIA donor, no HQ resolved; NMG fits Neiman Marcus Group, National Media Group and others with no corroboration."
NNONE,uncertain,,low,,,"Almost certainly data junk — a mangled 'NONE' entry rather than a real employer; a RETIRED donor supports that reading, and no organization exists to expand."
NORTEX,uncertain,,low,,no corroborated match,"PRESIDENT in Dallas, TX suggests a North Texas firm, but multiple unrelated Nortex companies exist and no resolved_hq narrows it."
NOSVA,uncertain,,low,,none,Beverly Hills CA OWNER with no HQ resolved; NOSVA matches no identifiable organization.
NRT,uncertain,,low,,https://en.wikipedia.org/wiki/NRT_(company),"Search found NRT = National Realty Trust, a residential brokerage (rebranded Realogy Brokerage Group 2020, HQ Madison NJ); donor occupation is RETIRED in Dallas TX, which corroborates nothing, and the NY hq has no address_source."
NSI,uncertain,,low,,none,New York OWNER with a mismatched Jacksonville FL HQ; NSI matches dozens of firms and nothing narrows it.
NSSD,uncertain,,low,,"https://www.nssd112.org/about/we-are-112 (serves Highland Park/Highwood, not Wilmette)","Illinois TEACHER in Wilmette points to a North Shore district, but Wilmette itself is District 39 / New Trier, while NSSD 112 serves Highland Park-Highwood; also collides with Northshore SD (WA). No single corroborated match."
NTR,uncertain,,low,,https://en.wikipedia.org/wiki/NTR_plc ; https://nterica.com/ (neither matches SF),"Searches surfaced only NTR plc (Dublin renewables), Nterica Bio (San Diego) and NTR Metals — none match a San Francisco HQ with SCIENCE/SCIENTIST donors, so no single organization is corroborated."
NVE,uncertain,,low,,experiencenve.com returned HTTP 403; no other source reachable,"MARKETING occupation in Los Angeles CA points toward an experience/events agency, but I could not reach any source to confirm, and the Jacksonville FL resolved_hq contradicts an LA agency reading."
NWH,uncertain,,low,,,"Searched but found nothing tying NWH to Englewood, NJ; plausible candidates (Northern Westchester Hospital, Newton-Wellesley Hospital) are in other states and no HQ was resolved to corroborate."
NYBCOICF,uncertain,,low,,no corroborating source found,Eight-letter opaque string with a generic MANAGER occupation in Bayside NY and no resolved HQ; nothing to corroborate any candidate organization.
NYPW,uncertain,,low,,no corroborating source found,Opaque initialism; a PHYSICIAN in New Rochelle NY is consistent with several possible NY practice names and no resolved HQ narrows it.
NYRFP,uncertain,,low,,no corroborating source found,Opaque five-letter string; LENDING occupation in New York NY and no resolved HQ give no way to single out one organization among many possible readings.
O.S.G,uncertain,,low,,"WebSearch ""OSG company Torrance California"" — https://osgtool.com/contact-us/ shows St. Charles IL HQ and Placentia CA service center, no Torrance site","Searched; the OSG cutting-tool maker's US sites are St. Charles IL and Placentia CA, not Torrance CA, and Overseas Shipholding Group is NYC/Tampa. Neither is corroborated by the Mahwah NJ / Waxhaw NC donors with generic MANAGER/RETIRED occupations."
OFTEN,uncertain,,low,,no corroborating source found,"An ordinary English word, not an acronym; a CARDIOLOGY donor in Las Vegas NV gives no corroboration for any organization. Most likely FEC free-text junk."
OHS,uncertain,,low,,no corroborated match,"ATTORNEY in Santa Monica, CA weakly suggests Orrick Herrington & Sutcliffe, but that firm trades as ""Orrick"" and OHS equally denotes occupational health services or a high school; no HQ to disambiguate."
OMG,uncertain,,low,,no corroborated match,"ATTORNEY in Lawrence, NY does not fit Omnicom Media Group, the main public OMG, and no resolved_hq exists to identify a law firm using those initials."
PAM,uncertain,,low,,no corroborating source found,Reads as a given name or a generic three-letter initialism; a STRATEGY CONSULTANT in Aventura FL with no resolved HQ gives nothing to corroborate.
PARDES,uncertain,,low,,no corroborating source found,Pardes is a Hebrew word used by several Jewish educational and financial organizations; an EXECUTIVE donor in White Plains NY with a New York NY HQ does not distinguish among them.
PARRAGON,uncertain,,low,,no corroborating source found,A coined/variant spelling used as a trading name by several unrelated firms; a RETIRED donor in Suffern NY against an Irvine CA HQ with no address source offers no corroboration.
PAS,uncertain,,low,,,"Three-letter acronym with dozens of meanings, no resolved HQ, and ACCOUNTANT/RETIRED in Atlantic Beach, NY offers no corroboration."
PBS&J,uncertain,,low,,Wikipedia search returned no PBSJ article; SEC EDGAR 403; search engines blocked,"Likely the Post Buckley Schuh & Jernigan engineering firm (RETIRED donor in West Palm Beach FL fits its Florida base), but I could not confirm it against any real fetched source - Wikipedia has no article and search engines were unavailable, so I will not expand on memory alone."
PCDM,uncertain,,low,,"search for PCDM endodontist New Rochelle NY returned no matching practice (New Rochelle Endodontics, Westchester Putnam Endodontics, etc. only)","ENDODONTIST donor in New Rochelle, NY, but no dental practice branded PCDM appears in New Rochelle; searches returned only unrelated local endodontic practices."
PCI,uncertain,,low,,none — no corroborating result obtained,No resolved HQ; SALES / SELF-EMPLOYED in the Detroit area does not corroborate any of the very many PCI organizations.
PDI,uncertain,,low,,,"A single PRESIDENT donor in Austin, TX with a Houston HQ; PDI matches many firms (pharma, retail software, engineering) and nothing narrows it."
PDIQ,uncertain,,low,,,"FOUNDER in San Diego, CA with no HQ; likely a small startup with no corroborated public expansion."
PENOSCOT,uncertain,,low,,"resolved_hq Portland, ME only; no donor corroboration","Appears to be a misspelling of Penobscot, and the Portland ME resolved HQ fits a Maine entity, but the donor is RETIRED in Palm Beach FL with no occupation — Penobscot Shoe, Penobscot Bay Media and Penobscot Investment Management are all plausible with nothing to choose between them."
PFA,uncertain,,low,,,"Single RETIRED donor in Boca Raton, FL with no HQ or occupation signal; PFA has dozens of expansions and none is corroborated."
PFP,uncertain,,low,,No resolved HQ; single BUSINESS OWNER donor in Westport CT,"PFP commonly expands to Personal Financial Planning, Private Family Partners and many small LLCs; a business owner in Westport gives no distinguishing signal."
PGP,uncertain,,low,,,"BENEFITS CONSULTANT in Rockville Centre, NY, no HQ; PGP has many meanings (encryption, partnerships, practice groups) with nothing corroborating one."
PHCA,uncertain,,low,,,"PEDIATRICIAN in Tampa, FL suggests a pediatric group, but the candidate domains are dead/parked and no live source confirms a specific PHCA in Tampa."
PHILSON,uncertain,,low,,https://www.philsonltd.com/about-us ; https://www.bloomberg.com/profile/company/0163706D:US,Search surfaced only Philson Inc (metal anodizing) and Philson Ltd (a Canadian contractor); neither is corroborated by a RETIRED donor in Jupiter FL with no resolved_hq.
PHM,uncertain,,low,,no corroborating context in the row,"No occupation and no resolved HQ, only Bethesda MD; PHM maps to PulteGroup (ticker PHM), Population Health Management, Penn Highlands and others with no corroboration."
PIM,uncertain,,low,,,"INVESTMENT/REAL ESTATE donors in Pacific Palisades, CA with no HQ; PIM fits many investment-management shops and nothing identifies one."
PINNACLE,uncertain,,low,,no single organization identified from row context,"ATTORNEY/COUNSEL donors in New York, NY with a New York HQ, but 'Pinnacle' is used by many unrelated firms; cannot confirm whether this is the complete trading name or a truncation."
PIVOTSP,uncertain,,low,,no corroborating source found,"RECRUITER in Great Neck NY suggests a search/staffing firm (possibly 'Pivot Search Partners'), but no public source confirms the expansion and there is no resolved HQ to corroborate."
PLEXI,uncertain,,low,,"search attempted for ""Plexi consulting Los Angeles legal consulting firm"" but the session's web-search budget was exhausted; no corroborating source obtained",CONSULTANT and LEGAL/CONSULTING donors in Los Angeles CA with no resolved_hq. Could not identify a Los Angeles firm named Plexi; likely a small private consultancy.
PMB,uncertain,,low,,no result — search budget exhausted,"Design consultant in Santa Monica CA, no resolved HQ; PMB could be initials of a person's own firm or any of several companies."
PMG,uncertain,,low,,"No resolved HQ; two Los Angeles-area donors, ENGINEER / RETIRED","PMG is a very common initialism (Property Management Group, Precision Medicine Group, PMG Digital, etc.) and an engineer in Encino/LA does not single one out."
PML,uncertain,,low,,,"CEO in Mamaroneck, NY with no HQ; PML has many expansions and nothing in the row corroborates one."
PMP,uncertain,,low,,,"Three-letter acronym with many meanings (and also a common certification); no resolved HQ, and CEO in Greensboro, NC is not enough to identify one organization."
PMSCO,uncertain,,low,,no corroborating HQ in the row,"REAL ESTATE occupation in San Diego CA but no resolved HQ; PMSCO matches a Pennsylvania dental supply firm and various property-management companies, and search budget was exhausted before disambiguation."
POH,uncertain,,low,,no result — search budget exhausted,Real estate donor in Aventura FL with no resolved HQ; POH has many possible expansions and none is corroborated.
PPI,uncertain,,low,,no result — Bing fallback returned unrelated content after budget exhaustion,Management/manager donors in Brooklyn NY with no resolved HQ; PPI is one of the most overloaded acronyms and nothing narrows it.
PPLA,uncertain,,low,,plannedparenthood.org page returned 403; no confirming source,CONSULTANT in Los Angeles CA; Planned Parenthood Los Angeles is plausible on geography alone but the official page could not be fetched and a generic consultant title is weak corroboration against other PPLA entities.
PRA,uncertain,,low,,No corroborating source; RETIRED donor in Birmingham AL against a New York HQ,"PRA maps to PRA Health Sciences, PRA Group, PRA International and many others; a retired donor gives no occupational signal and the location split undercuts the resolved HQ."
PREF,uncertain,,low,,no corroborating context in the row,"RETIRED donor in Englewood NJ, no resolved HQ; PREF could be a private real estate fund, a preferred-equity vehicle, or an abbreviation artifact — nothing corroborates a single entity."
PRODUCER,uncertain,,low,,Not an acronym or an organization name; donor occupation is LAWYER / RETIRED,"This is a job description filed in the employer field, not a company, so there is no expansion — it needs cleanup rather than a full name."
PSCC,uncertain,,low,,none — no corroborating result obtained,No resolved HQ and a RETIRED donor in Shoreline WA gives no occupational signal to choose among many PSCC organizations.
PSG,uncertain,,low,,no corroborating search result obtained,"PSG is used by dozens of firms (PSG Equity, PSG Global, Professional Services Group); PRESIDENT/REAL ESTATE across Austin, Baltimore and Boca Raton with a Baltimore HQ corroborates no single one."
PSS,uncertain,,low,,no corroborating source found,CEO in Annapolis MD with no resolved HQ; PSS maps to dozens of organizations and the generic executive title provides no disambiguating signal.
PTG,uncertain,,low,,no result — search budget exhausted,Business-owner donors in Houston and Sugar Land TX with no resolved HQ; PTG is likely a closely held company with no verifiable public expansion.
PWH,uncertain,,low,,none — no corroborating result obtained,No resolved HQ; HEALTHCARE occupation in West Hartford CT is suggestive but corroborates no specific named PWH organization.
PWRFL,uncertain,,low,,,"Vowel-less stylization with no resolved HQ; an ATTORNEY on Mercer Island WA corroborates no identifiable firm, and my search budget was exhausted before verifying."
QACC,uncertain,,low,,no corroborating source found,OPERATOR in Lido Beach NY with no resolved HQ; QACC has no dominant referent and nothing in the donor context narrows it.
QIOSK.COM,uncertain,,low,,"https://www.bloomberg.com/profile/company/0152892D:US — Qiosk.Com, Corp., founded 1999, New York City, no longer active","The only Qiosk.com Corp on record was a New York City online-article portal, now defunct; the donor is RETIRED in Allentown, PA with no resolved HQ, so nothing corroborates the match."
RAC,uncertain,,low,,no result — search budget exhausted,"Physician donors in Clearwater FL with a Palm Harbor FL HQ point to a local medical practice, but RAC is a very common acronym and no specific organization was verified."
RAH,uncertain,,low,,none — no corroborating result obtained,No resolved HQ; PHYSICIAN donors in Fort Lauderdale suggest a local medical practice but no single organization is corroborated.
RAMS,uncertain,,low,,no corroborating source found,"Doctor in Harrison NY with a Los Angeles HQ; RAMS matches many unrelated entities (LA nonprofit, university athletics, engineering firms) and neither the medical occupation nor the NY/LA split corroborates a single one."
RAS,uncertain,,low,,,"ATTORNEY in Boca Raton, FL with no HQ; RAS matches multiple law firms and unrelated entities with nothing to disambiguate."
RAYVID,uncertain,,low,,,"Could not obtain a search result (budget exhausted, fallback engines CAPTCHA-blocked); appears to be a surname-based self-employed entity given CEO/FOUNDER/SELF-EMPLOYED in Seattle with no resolved_hq, but unverified."
RBS,uncertain,,low,,none — no corroborating result obtained,No resolved HQ and a RETIRED donor gives zero occupational signal; RBS could be Royal Bank of Scotland or any local firm.
RCBM,uncertain,,medium,,https://npiregistry.cms.hhs.gov/api/?version=2.1&organization_name=RCBM* -> result_count 0,"NPI registry organization search for RCBM returned zero results, so nothing corroborates the Bloomfield Hills MI physician context."
RCG,uncertain,,low,,no corroborating source found,CEO in Greenwich CT with no resolved HQ; RCG matches many investment and consulting firms and the generic executive title provides no disambiguation.
RECOM,uncertain,,low,,"https://www.linkedin.com/company/recomco/ (unrelated, not Spokane); Spokane searches returned nothing matching",No Spokane WA organization named RECOM could be found; the only hit was an unrelated Amazon-optimization firm. MERCHANT / DIVISION PRESIDENT gives no disambiguating signal.
REMEDY,uncertain,,low,,no corroborating source found,"DOCTOR in Grand Rapids MI with no resolved HQ; Remedy matches several unrelated healthcare, staffing, and software companies with no corroborating detail."
RENTIERT,uncertain,,low,,no corroborating source found,BOOKBINDER in El Cerrito CA; 'Rentiert' derives from the German for pensioner/retired and is most likely a self-employment or status artifact rather than a company acronym.
RESIDENT,uncertain,,low,,no corroborating source found,"CEO in Encino CA with no resolved HQ; 'Resident' is an ordinary English word that may be a real company (e.g. Resident Home) or a data artifact, with nothing to disambiguate."
RESURGENS,uncertain,,low,,"https://www.resurgens.com/about-us (orthopaedics, Atlanta) vs. Atlanta PE firm Resurgens — occupations split","Two distinct Atlanta organizations fit different donors in the same row: Resurgens Orthopaedics (MEDICAL DOCTOR, RETIRED) and Resurgens Capital (OPERATING PARTNER). Context does not corroborate one single organization."
RET,uncertain,,low,,no corroborating source found,"GERIATRIC SOCIAL WORKER in Houston TX; 'RET' is almost certainly a truncated 'RETIRED' status entry rather than an employer acronym, so no expansion applies."
REV,uncertain,,low,,none — no corroborating result obtained,"No resolved HQ; ACCOUNTANT in Tenafly NJ gives no signal, and REV is likely a truncated employer string."
REVV,uncertain,,low,,none — no corroborating result obtained,"Several unrelated companies trade as Revv (fundraising platform, car rental, auto-service); Boise ID HQ with a Santa Clarita CA product officer corroborates none of them."
RFA,uncertain,,medium,,no corroborating result,"RFA could be Richard Fleischman & Associates, Renewable Fuels Association, or others; MANAGING DIRECTOR in Calabasas CA with no resolved HQ corroborates none."
RFG,uncertain,,medium,,no corroborating result,RFG matches many insurance and financial groups; INSURANCE AGENT in Evanston IL with no resolved HQ does not select one.
RHH,uncertain,,low,,no corroborating source found,IMPORTERS in Palm Beach Gardens FL with no resolved HQ; RHH matches many unrelated firms and the import trade context corroborates none specifically.
RJCC,uncertain,,medium,,no corroborating result,RJCC could be any of several Jewish community centers or unrelated firms; MANAGER in Los Angeles with no resolved HQ does not select one.
RLH,uncertain,,low,,No corroborating source; row has an Irvine CA donor against a Denver CO AI-resolved HQ,"Generic three-letter finance initials, and the donor location (Irvine CA) conflicts with the resolved Denver HQ, so nothing points to one organization."
ROC,uncertain,,low,,,"CHIEF CAPITAL MARKETS OFFICER in White Plains NY hints at a real estate lender, but there is no resolved_hq and many organizations use ROC; no search result obtained to corroborate a single candidate."
ROCHESTER,uncertain,,low,,none,"A place name, not an acronym — could be University of Rochester, City of Rochester, or Rochester Regional Health; blank occupation and HQ give nothing to corroborate."
ROL&M,uncertain,,low,,"Search for ROL&M law firm in the Aptos/Santa Cruz CA area returned no matching firm (only Rossi, Hamerslough, Reischl & Chuck = RHRC, which does not fit)","Ampersand initials suggest a partner-named law firm matching the ATTORNEY occupation, but no firm with these initials could be identified and there is no resolved HQ to corroborate."
RPB,uncertain,,low,,https://www.rpblaw.com/ and https://rpblawfirm.com/,"Two plausible Beverly Hills-area law firms surfaced (Resch Polster Berger at rpblaw.com, and RPB Law Firm); an ATTORNEY in Beverly Hills fits both, and both already trade as 'RPB'."
RPC,uncertain,,low,,,"Atlanta hq would fit RPC Inc (oilfield services), but the donors are a DEVELOPER and OFFICE worker in Leawood KS and Miami Beach FL, which contradicts rather than corroborates; multiple RPC entities exist."
RPK,uncertain,,low,,No search performed after budget exhaustion; three-letter initials with no resolved HQ,"LA real-estate developer initials, most likely a principal's own initials-named LLC, but nothing corroborates a single organization and no HQ was resolved."
RPMS,uncertain,,low,,no result — search budget exhausted,Business-consulting/retired donors in Northbrook and Wilmette IL with no resolved HQ; no candidate organization could be corroborated.
RPS,uncertain,,medium,,no corroborating result,"RPS could be Risk Placement Services (Illinois, matching the Chicago resolved_hq) or many others, but a RETIRED donor in Scottsdale AZ gives no occupational corroboration."
RRC,uncertain,,low,,none — no corroborating result obtained,"RRC has many expansions (Range Resources, Railroad Commission, Rural Rental Corp); FINANCE occupation in LA with Santa Monica HQ does not single out one organization."
RRT,uncertain,,low,,no corroborating search result obtained,"GENERAL MANAGER / REAL ESTATE in Chestnut Hill, MA with no HQ; RRT collides with Registered Respiratory Therapist and many small firms, with no corroboration."
RSF,uncertain,,medium,,no corroborating result,RSF matches RSF Social Finance and many small firms; CEO in Sherman Oaks CA with no resolved HQ corroborates none.
RSI,uncertain,,medium,,no corroborating result,RSI has dozens of referents; a RETIRED donor in Lakewood NJ against a Rolling Meadows IL resolved_hq is not enough to corroborate any single one.
RUSH,uncertain,,medium,,context contradicts the Chicago Rush University guess,"The ai-resolved Chicago HQ suggests Rush University, but the donor is an ATTORNEY in San Antonio TX - occupation and place contradict that, and Rush is also a common surname law firm."
RVP,uncertain,,low,,no single candidate corroborated; likely a small private investment firm with no public profile,RVP has no dominant referent and commonly abbreviates a job title (Regional Vice President); Northbrook IL HQ with generic INVESTMENT ADVISOR / INVESTMENTS occupations corroborates no specific firm.
SADZ,uncertain,,low,,no search performed (session web-search budget exhausted); no HQ and no distinctive context to disambiguate,"ATTORNEY and REAL ESTATE donors in Allenhurst NJ and New York NY, no resolved_hq. SADZ reads like initials of a small partnership or family entity; no public organization identified."
SALTESH,uncertain,,low,,none,"Opaque coined name, likely a small private entity; RETIRED donor in Stamford CT with no HQ and no findable organization."
SBLF,uncertain,,low,,none — search unavailable,"Likely a Michigan law firm's initials given ATTORNEY in Farmington Hills MI, but WebSearch budget was exhausted and search frontends returned 403, so no candidate could be established."
SCHUYLER,uncertain,,low,,,"A place/surname used by many firms, no resolved HQ, and a RETIRED donor in Aventura, FL provides no corroborating signal."
SCIENTIST,uncertain,,low,,none,"Not an employer name — an occupation value that leaked into the employer field (RETIRED donor, San Diego CA); needs data cleanup rather than expansion."
SCP,uncertain,,low,,none,"PSYCHIATRIST in Providence RI hints at a medical practice, but SCP maps to many entities (SCP Health, SCP Pool, local partnerships) and blank HQ gives no corroboration."
SCS,uncertain,,low,,none,"Overloaded acronym (SCS Engineers, SCS Global, Sun Chemical Systems); COMPUTER PROGRAMMER in Bethlehem PA with blank HQ does not disambiguate."
SDA,uncertain,,low,,none — search unavailable,"DENTIST in Columbia SC suggests a dental association, but the South Carolina body is styled SCDA not SDA; could equally be a private practice's initials. No corroborating source obtainable."
SDG,uncertain,,low,,,"PHYSICIAN in CEDARHURST, NY with no resolved HQ; SDG maps to many organizations and nothing here narrows it to one."
SEF,uncertain,,low,,not searched (web search budget exhausted),"Attorney/investor donors spread across NY, FL and MI with no resolved HQ; SEF maps to dozens of organizations with nothing to discriminate."
SEL,uncertain,,low,,,"Donors span lawyer, nursing home and physician across NJ, MA and CA with no HQ; three-letter acronym with no converging context."
SELG,uncertain,,low,,no corroborating context in row; no organization established,No resolved HQ; a REAL ESTATE DEVELOPER in Tarzana CA suggests private LLC initials with no discoverable public expansion.
SELT,uncertain,,low,,no corroborating context in row; no organization established,"No resolved HQ and only INVESTOR/RETIRED donors in North Miami Beach FL; SELT could be a land trust, an acronym, or private initials — nothing corroborates a single organization."
SEPF,uncertain,,low,,none — search unavailable,"ATTORNEY in Boca Raton FL suggests a law firm's partner initials, but no candidate could be verified — WebSearch budget was exhausted and all search frontends returned 403."
SFHI,uncertain,,low,,none — search unavailable,MEDICAL DOCTOR in North Miami Beach FL against a Costa Mesa CA HQ is an odd pairing and no single healthcare organization could be identified; search frontends were blocked.
SFSS,uncertain,,low,,,Donors split between Boca Raton FL and San Francisco CA with no resolved HQ and generic doctor/administration occupations; several organizations use SFSS and nothing disambiguates.
SGC,uncertain,,low,,No resolved HQ; single CEO donor in Seminole FL,"SGC could be Sunrise Growers, SGC Foodservice, Scientific Games Corp or a private holding company; a bare CEO title with no HQ corroborates none."
SGUS,uncertain,,low,,none — hypothesis not corroborated by donor location,"WATCHMAKER occupation tempts a Swatch Group US reading, but that subsidiary's US service operations are in New Jersey, not Seattle WA, so the geography does not corroborate; no source obtainable with search unavailable."
SH&A,uncertain,,low,,,"MERGERS & ACQUISITIONS in LOS ANGELES, CA with no HQ; an ampersand initialism of this kind cannot be pinned to one advisory firm."
SHAPCO,uncertain,,low,,,"CO CHAIRMAN OF THE BOARD in SHERMAN OAKS, CA with resolved HQ Tucson, AZ; neither matches a verifiable Shapco entity, so no single organization is corroborated."
SHERIDAN,uncertain,,low,,,"RETIRED donor in GOLDEN BEACH, FL with resolved HQ New York, NY; Sheridan could be a broadcaster, printer, or healthcare group and retirement gives no occupational signal."
SHERWOOD,uncertain,,low,,no corroborating context in row; no single candidate identified,"Readable word/surname rather than an opaque acronym, but the garbled occupations (BIS, BUISNERSS, BUSINESS) from Glenwood Landing, NY and the absent HQ identify no specific organization."
SHHC,uncertain,,low,,,"REGISTERED NURSE in SALEM, MA with no HQ; the nursing context suggests a home-care or health-centre body but several fit and none is corroborated."
SHOWPLACE,uncertain,,low,,,"MANAGER in FLUSHING, NY with no resolved HQ; Showplace could be a cabinetry maker, a cinema chain, or a local venue and nothing in the row corroborates one."
SILCON,uncertain,,low,,no corroborating context in row; no organization established,"No resolved HQ and the only donor is RETIRED in Henderson NV, giving no occupational or geographic signal; SILCON matches nothing identifiable."
SIRM,uncertain,,low,,,"PHYSICIAN in BLOOMFIELD HILLS, MI with no HQ; SIRM could be a reproductive-medicine group or other body and nothing corroborates one."
SKAC,uncertain,,low,,,"CPA in LOS ANGELES, CA with no HQ; likely an accounting firm's partner initials but no specific firm could be verified."
SKG,uncertain,,low,,not searched (web search budget exhausted),"Real-estate donor in Encinitas CA with a manually set Encinitas HQ suggests a small local firm, but no public expansion could be established."
SKM,uncertain,,low,,,"ATTORNEY in BROOKLINE, MA but resolved HQ San Diego, CA; the conflict plus multiple SKM law firms leaves no corroborated match."
SKYLIGHT,uncertain,,low,,,"MANAGEMENT in MIAMI BEACH, FL with a Delaware registered-agent-style HQ (Wilmington, DE); no identifiable public organization."
SLF,uncertain,,low,,,"REALTOR / RETIRED donors in Charlotte NC against a Washington DC resolved HQ; 'SLF' commonly abbreviates law firms and Sun Life Financial, neither corroborated by a realtor in Charlotte."
SMC,uncertain,,low,,,"Management/retired donors in Boston, MA and Naples, FL against a Somerset, WI HQ; SMC is one of the most overloaded three-letter acronyms and the context is incoherent."
SMF,uncertain,,low,,no corroborating context in row,Occupation VIDEO in Ocean NJ; SMF is also the Sacramento airport code and many small firms. Nothing corroborates a single organization.
SMI,uncertain,,low,,https://search.brave.com/search?q=SMI+%22King+of+Prussia%22+Pennsylvania+company+headquarters,Search of King of Prussia PA headquarters turned up no company trading as SMI; donor context (EXECUTIVE/VP in San Diego CA) does not point to any single one of the many SMI organizations.
SNEC,uncertain,,low,,https://www.sneucc.org/ (HTTP 403); Wikipedia article 404,"West Hartford CT + RETIRED suggested the Southern New England Conference UCC, but I could not verify that SNEC (vs SNEUCC) is its abbreviation; org site returned 403 and Wikipedia page does not exist."
SOFTWARE,uncertain,,low,,"generic term, no HQ, two unrelated donor locations","Not an organization name — a generic industry word left in the employer field (donors in North Wales PA and Valley Stream NY with MARKETING / SOFTWARE ENGINEER occupations); it is a truncation artifact needing cleanup, not an expansion."
SONCO,uncertain,,low,,https://search.brave.com/search?q=SONCO+Elk+Grove+Village+Illinois+company,"At least three candidates — Sonoco Products (packaging, has Elk Grove Village facilities), Sonco Real Estate LLC of Elk Grove Village, and Sonco Worldwide; the donor's MANAGER occupation does not disambiguate even though the HQ matches Elk Grove Village."
SPARE,uncertain,,low,,,"Sales-executive donors in Ventnor City, NJ against a West Hollywood, CA HQ; SPARE is a readable word and may be a brand rather than an acronym, with no corroborating match."
SPAXEL,uncertain,,low,,no corroborating context in row; no organization established,No resolved HQ; a REAL ESTATE donor in Englewood NJ points to a small private entity with no discoverable public expansion.
SPC,uncertain,,low,,,"ATTORNEY donor in Agoura Hills CA / Scottsdale AZ with no resolved_hq; SPC is also a corporate suffix (Professional/Social Purpose Corporation), so no single organization is identifiable."
SPORTSMAN,uncertain,,low,,no result — search budget exhausted,Not an acronym but a truncated trade name; a single RETIRED donor in Prairie Village KS with no resolved HQ gives nothing to disambiguate among Sportsman's-named businesses.
SRG,uncertain,,low,,no corroborating search result obtained,"SRG is used by many real estate entities (Seritage Growth Properties, SRG Residential, Sterling Real Estate Group); a Bal Harbour, FL CORPORATE/REAL ESTATE donor with no HQ corroborates none."
SRM,uncertain,,low,,"https://html.duckduckgo.com/html/?q=%22SRM%22+Charleston+South+Carolina+company+CEO+financial — multiple unrelated SRM entities, no single match","CEO/FINANCE donors in Charleston SC and Kingston PA with no resolved HQ; Charleston-area SRM hits include SRM Concrete (Smyrna Ready Mix), SRM Solutions, SRM Group — none corroborated by the finance context."
SSA,uncertain,,low,,not searched (web search budget exhausted),"ATTORNEY donor in Bayside NY makes Social Security Administration plausible, but SSA is equally likely a law firm's partner initials and there is no HQ to corroborate."
SSL,uncertain,,low,,https://search.brave.com/search?q=%22SSL%22+law+firm+Washington+DC+attorneys,"Donor is a LAWYER in Washington DC but the only law firm trading as SSL is SSL Law Firm LLP, a real-estate firm in San Francisco with no DC office; no HQ resolved, so nothing corroborates a single organization."
SSLMI,uncertain,,low,,,"ATTORNEY in WASHINGTON, DC with no HQ; a five-letter law-firm initialism with no verifiable match."
STAMFORD,uncertain,,low,,"place-name fragment, no HQ resolved",A Connecticut place name truncated from something longer; TEACHER in Norwalk CT hints at Stamford Public Schools but nothing confirms which Stamford entity.
STI,uncertain,,low,,"https://html.duckduckgo.com/html/?q=STI+Costa+Mesa+California+company — HTTP 403, no result","BUSINESS occupation in Princeton NJ against a Costa Mesa CA resolved HQ — the mismatch gives no corroboration, and a search attempt for a Costa Mesa 'STI' was blocked (HTTP 403)."
STREAM,uncertain,,low,,resolved_hq conflicts with the leading candidate,"COMMERCIAL REAL ESTATE occupation points toward Stream Realty Partners, but the resolved HQ is Bala Cynwyd PA rather than Stream Realty's Dallas base, so the context does not corroborate a single firm."
STRECO,uncertain,,low,,no matching organization found,PRESIDENT in Virginia Beach VA with no HQ; 'Streco' is a contracted trade name whose expansion could not be established.
STS,uncertain,,low,,,"CFO donor in Sacramento CA, no resolved HQ; STS is used by hundreds of organizations (including the Society of Thoracic Surgeons, which the CFO title does not support). Nothing narrows it."
SUNBELT,uncertain,,low,,no result — Bing and DuckDuckGo fallbacks failed after budget exhaustion,"A Lake Mary FL HQ fits Sunbelt Business Brokers, but the donors are a MANAGER and a RETIRED person in Dallas TX, which equally fits Sunbelt Rentals or a local Sunbelt business — not corroborated to one."
SYNERGY,uncertain,,low,,,"Extremely common generic name with no resolved HQ; a Southfield, MI physician gives no discriminating corroboration."
TAG,uncertain,,low,,,Three-letter acronym with no resolved HQ and only generic CEO/chairman occupations from one SF-area donor; dozens of firms trade as TAG and nothing narrows it.
TECH,uncertain,,low,,no corroborating result found,"Generic word almost certainly a truncated or placeholder employer entry, not an acronym with an expansion."
TECHNOCON,uncertain,,low,,no corroborating result found,Compound coined name with no resolved HQ; MANUFACTURING in Sunny Isles Beach FL does not identify a specific company.
TEMPLE,uncertain,,low,,no search performed - budget exhausted; context self-evidently ambiguous,Could be Temple University or a synagogue congregation; CLERGY occupation plus scattered NJ/FL/PA donor cities and no resolved HQ corroborate neither.
TENS,uncertain,,low,,no corroborating result found,Likely a truncated or generic string rather than an organization; TEACHER in New York NY corroborates nothing specific.
TFC,uncertain,,low,,,"Houston / Seabrook TX donors with DIRECTOR, MANAGER and YOGA TEACHER occupations and no resolved_hq; TFC has dozens of expansions and nothing here selects one."
TFPS,uncertain,,low,,no corroborating result found,No resolved HQ; MEDICAL DOCTOR in Boca Raton FL is too weak to pick among many possible 'TFPS' practices.
THCF,uncertain,,low,,no corroborating result found,No resolved HQ; a CHIROPRACTOR in Davie FL does not single out any one organization behind these four letters.
TIKAVH,uncertain,,low,,,Unusual string with a CONSULTANT donor in San Francisco and no resolved HQ; possibly a garbled rendering of 'Tikvah' but nothing corroborates a specific organization.
TKE,uncertain,,low,,"https://en.wikipedia.org/wiki/TK_Elevator — article names the company 'TK Elevator'/'ThyssenKrupp Elevator', never 'TKE'","TKE could be TK Elevator, Tau Kappa Epsilon, or a local firm; Wikipedia's TK Elevator page does not even use 'TKE', and a SALES donor in Tampa FL corroborates none of the candidates."
TLE,uncertain,,low,,,Three generic initials with a RETIRED donor in Palm Beach Gardens FL and no resolved HQ — no occupational or geographic signal to disambiguate among many possible organizations.
TOPAZ,uncertain,,low,,not searched (web search budget exhausted),"REAL ESTATE donor in Englewood NJ, no resolved HQ; many unrelated companies trade as Topaz and none is corroborated."
TPMB,uncertain,,low,,no corroborating result found,Four-initial law firm style with no resolved HQ; LAWYER in Chicago IL is not enough to pin one partnership.
TRF,uncertain,,low,,no corroborating result found,RETIRED donor and no resolved HQ give zero corroboration; TRF maps to dozens of unrelated entities.
TRV,uncertain,,low,,not searched (web search budget exhausted),"VENTURE CAPITAL donor in Palm Beach Gardens FL with an AI-guessed New York HQ; TRV is also the Travelers ticker, so no single organization is corroborated."
TSO,uncertain,,low,,searched: TSO commercial real estate Millboro Blacksburg Virginia — no matching org,"Searched Millboro/Blacksburg VA commercial real estate and found no company trading as TSO; single donor, HQ resolved only to the donor's own rural VA town, so likely a private closely-held entity."
TURGO,uncertain,,low,,,Single retired donor in Palm Beach Gardens FL with a Key Biscayne FL HQ; no public organization identified and search budget exhausted before corroboration.
TWINCO,uncertain,,low,,"No resolved HQ; single Houston TX donor, RETIRED / SALES","Several unrelated firms trade as Twinco (supply, fasteners, romance), and a Houston sales donor with no HQ does not corroborate any single one."
UJC,uncertain,,low,,"https://html.duckduckgo.com/html/?q=UJC+Boulder+Colorado+Jewish+organization — returned Chabad CU Boulder, Boulder JCC, CU Hillel; no UJC","Searched Boulder CO Jewish organizations; no entity resolving to 'UJC' surfaced. Could be United Jewish Communities (defunct 2009, merged into JFNA) or a local body. RETIRED donor gives no corroboration and resolved_hq is blank."
UNH,uncertain,,low,,,"UNH is both University of New Hampshire and UnitedHealth Group's well-known ticker; a PROGRAMMER in Highland Park, IL corroborates neither, and the Durham NH HQ is itself an AI guess, not independent evidence."
URBAN,uncertain,,low,,not searched (web search budget exhausted),PRESIDENT/RETIRED donors in Greenwood Village CO with no resolved HQ; 'Urban' could be a surname-based firm or a truncated name and nothing corroborates a specific organization.
URG,uncertain,,low,,"https://njurology.com/locations/monroe/ - Monroe NJ urology office is branded New Jersey Urology, not URG","MEDICAL DOCTOR donor in Monroe Township NJ suggests a urology group, but the Monroe practices found are branded New Jersey Urology / University Urology Associates, not URG, so no expansion is corroborated."
USCD,uncertain,UNIVERSITY OF CALIFORNIA SAN DIEGO,high,,"https://html.duckduckgo.com/html/?q=UCSD+University+of+California+San+Diego+La+Jolla+physician — UCSD = University of California San Diego, La Jolla CA, UCSD Health facilities in La Jolla","REFUTED earlier: 4 of 19 rows are U.S. Cabinet Depot (donor DENBROCK), needs per-donor split"
USG,uncertain,,low,,,"Context splits two ways: the Chicago HQ points to USG Corporation (building materials) but a PROFESSOR in Demorest, GA points to the University System of Georgia, and attorney/DC donors fit neither cleanly."
USHER,uncertain,,low,,,"CEO/business-professional donors in Jacksonville, FL and no HQ; could be a surname-based private company, so no single organization is corroborated."
VERTEXT,uncertain,,low,,,"No search available. Donor is RETIRED in Teaneck NJ with no HQ; likely a misspelling of Vertex but which Vertex (pharma, Vertext legal services) is unresolvable."
VESTED,uncertain,,low,,,"INVESTOR / New York NY with no HQ; 'Vested' matches several unrelated firms (a fintech, a PR agency) and nothing corroborates one."
VLC,uncertain,,low,,,"No search available. 'Administrator' in Scarsdale NY, no HQ; VLC maps to many organizations (and a media player) with no corroboration."
VMY,uncertain,,low,,,"No search available. Real estate donor in Plano TX, no resolved HQ; three-letter string with no distinguishing context."
VSI,uncertain,,low,,,"Search returned several unrelated VSIs (Vertical Solutions Inc, VSI Technologies); none tied to Cherry Hill NJ, so the IT/software donor context corroborates no single org."
VTHS,uncertain,,medium,,,"Unverifiable without search. Strong prior: a TEACHER living in Valley Village CA corroborates Valley Torah High School, which is located in Valley Village — flag for re-run to confirm."
WARDHAW,uncertain,,low,,,"No search available. 'Legal admin' in Woodside NY suggests a small law firm, likely a surname-based name, but nothing corroborates a specific firm."
WBS,uncertain,,low,,,"No search available (budget exhausted, WebFetch fallbacks 403). VP in Davie FL, no resolved HQ; WBS has many readings (WBS Financial, WBS Group, or a project-management artifact) with no corroborating context."
WEDTMED,uncertain,,low,,search returned no relevant results,"PHYSICIAN in New Rochelle, NY with no resolved HQ; search found no organization by this name, suggesting a mangled or private entity."
WESTCORD,uncertain,,low,,No resolved HQ; single REAL ESTATE donor in Thousand Oaks CA,"Westcord is a compound trading name rather than an acronym and several unrelated Westcord entities exist (hotels, real estate); nothing in the row corroborates a specific one."
WESTVIEW,uncertain,,low,,,Generic place-style name with only SALES / Woodbury NY as context and no resolved HQ; many unrelated 'Westview' entities exist.
WHARTON,uncertain,,low,,,"No search available, and context conflicts: REAL ESTATE occupation in Eatontown NJ points to a Wharton realty firm, while the resolved Philadelphia PA HQ points to the Wharton School. Conflicting corroboration means uncertain, not expand."
WILLIVER,uncertain,,low,,no corroborating source found,"HEALTH CARE donor in Chatham, NJ with no resolved HQ; no organization by this name found, so it may be a small private entity."
WJC,uncertain,,low,,,"No search available. COMMUNITY SERVICE in New York NY is consistent with World Jewish Congress (NYC-headquartered), but WJC equally fits Westchester Jewish Council and Washington Jesuit Community; no single candidate is corroborated."
WJCS,uncertain,,medium,,,Unverifiable without search. Strong prior: DIRECTOR OF MARKETING donor in Scarsdale NY plus a Westchester-area HQ corroborates Westchester Jewish Community Services — flag for re-run to confirm.
WLG,uncertain,,low,,no corroborating source found,"LAWYER in Cherry Hill, NJ against an AI-guessed Boston, MA HQ; several law entities use WLG (World Law Group, various firm initialisms) and nothing corroborates one."
WPCM,uncertain,,low,,,"Four-letter acronym with no resolved HQ; FINANCE in Rumson, NJ likely indicates a small private capital-management firm, but nothing identifies which one."
WPI,uncertain,,medium,,,"Unverifiable without search. Worcester MA HQ strongly corroborates Worcester Polytechnic Institute, but 'EXECUTIVE' does not confirm an academic employer and WPI also reads as Washington Policy Institute / Women's Policy Inc — flag for re-run."
WRDC,uncertain,,low,,,"Attempted a search but it was blocked; no resolved HQ and REAL ESTATE in Ardmore, PA does not corroborate any single candidate."
WSI,uncertain,,low,,,"No search available. ATTORNEY (GENERAL COUNSEL) in Costa Mesa CA, no HQ; WSI maps to many entities (WSI Digital, Western Sierra, Water Standard) with no corroboration."
WWTS,uncertain,,low,,no result — search budget exhausted,Self-employed/president donor in Belle Harbor NY with no resolved HQ; likely a closely held business with no discoverable public expansion.
XTR,uncertain,,low,,,"Ambiguous three-letter acronym (XTR ETF brand, XTR Inc, etc.); COO in Los Angeles CA with no resolved HQ corroborates none."
XYX,uncertain,,low,,,"Placeholder junk, not a real employer — the donor's occupation is literally 'XYZ', indicating a filler FEC filing value with no organization behind it."
YBH,uncertain,,low,,,"No search available. EXECUTIVE DIRECTOR in Monsey NY suggests a local Jewish institution, but YBH fits many Monsey-area yeshivas (Yeshiva Bais Hachinuch and others) with no way to pick one."
YCM,uncertain,,low,,"no search performed (session web-search budget exhausted); acronym ambiguous, no HQ to anchor it","INVESTOR / MANAGING DIRECTOR / MEDICAL DOCTOR donors in Moraga CA and no resolved_hq. YCM commonly denotes small capital-management shops (""Y... Capital Management"") but no specific firm is corroborated."
YKLI,uncertain,,medium,,,Unverifiable without search. Strong prior: a TEACHER in Valley Stream NY corroborates Yeshiva Ketana of Long Island (located nearby in Inwood NY) — flag for re-run to confirm.
YMPC,uncertain,,low,,,Only EXECUTIVE / Columbus OH as context and no resolved HQ; no candidate organization could be corroborated (search budget exhausted before verification).
YRA,uncertain,,low,,,"No search available. PHYSICIAN in Lake Forest IL with no resolved HQ; likely a small medical practice using partner initials, no public expansion identifiable."
ZIG,uncertain,,low,,,COMMERCIAL REAL ESTATE OWNER / SELF-EMPLOYED in Charlotte NC with no HQ; likely a private initials-based LLC with no findable public expansion.
