employer_name,employer_address,employer_city,employer_state,employer_zip,employer_latitude,employer_longitude,address_source,address_trust
01 ADVISORS,"1 Letterman Dr, Building C",San Francisco,CA,94129,37.7879363,-122.4075201,ai,grounded
10 EAST,244 5th Avenue,New York,NY,10001,40.744628,-73.9877206,ai,corroborated
1130 COLLINS,1130 Collins Avenue,Miami Beach,FL,33139,25.7825214,-80.1315904,manual,verified
13TH FLOOR INVESTMENTS,848 Brickell Avenue PH1,Miami,FL,33131,25.7741566,-80.1935973,manual,verified
1440 FOODS,"450 7th Avenue, 10th Floor",New York,NY,10123,40.7514791,-73.9907411,ai,grounded
154 PARTNERS,"34 E 51st Street, 17th Floor",New York,NY,10022,40.7579447,-73.9744308,ai,grounded
17LPT,,,,,,,,
18 MANAGEMENT,,,,,,,,
1826 GROUP,"21050 NE 38TH AVE, STE. 3103",Aventura,FL,33180,25.9703385,-80.124495,ai,grounded
19 ENTERPRISES LLC,11 Toronado Drive,Latham,NY,12110,42.7631817,-73.7707065,ai,grounded
1901 PARTNERS,"750 Third Avenue, 29th Floor",New York,NY,10017,40.7538489,-73.9727152,ai,grounded
1970 GROUP,33 Benedict Place,Greenwich,CT,06830,41.029218,-73.6278835,ai,grounded
1EDTECH CONSORTIUM,801 International Parkway Suite 500,Lake Mary,FL,32746,28.776297,-81.358583,ai,uncorroborated
1ST CENTURY BANK,"1875 Century Park East, Suite 1400",Los Angeles,CA,90067,34.0609539,-118.4147945,manual,verified
21 IN 21,,,,,,,,
21 LAPS ENTERTAINMENT,"1201 W Olympic Blvd, Suite 2100",Los Angeles,CA,90015,34.046951,-118.269023,ai,uncorroborated
21CFI,1211 Avenue of the Americas,New York,NY,10036,40.7586695,-73.9823756,ai,grounded
22C CAPITAL,"277 Park Avenue, 40th Floor",New York,NY,10172,40.7552631,-73.9742085,ai,corroborated
25 MADISON,25 Madison Avenue,New York,NY,10010,40.7419329,-73.9870257,ai,corroborated
2U INC,"1891 Preston White Drive, Suite 700",Reston,VA,20191,38.9437109,-77.3291801,ai,uncorroborated
3 ARTS ENTERTAINMENT,"9460 Wilshire Blvd, Seventh Floor",Beverly Hills,CA,90212,34.0696501,-118.3963062,manual,verified
30 POINT STRATEGIES,"659 Auburn Avenue NE, Suite 232",Atlanta,GA,30312,33.7560215,-84.3661081,ai,grounded
303 CAPITAL PARTNERS,"401 W Superior St, Suite 101",Chicago,IL,60654,41.8952927,-87.6387531,ai,grounded
34TH STREET DENTAL,225 W 35th St #2,New York,NY,10001,40.7522171,-73.9911323,ai,grounded
3EDGEWOOD,"4210 East Camelback Road, Suite E",Phoenix,AZ,85018,33.509715,-111.989897,ai,grounded
3I FUND,"2 Wooster St, 2nd Floor",New York,NY,10013,40.721012,-74.0036839,ai,grounded
3P EQUITY,"1650 Las Plumas Ave, Suite F",San Jose,CA,95133,37.3610643,-121.8662266,ai,grounded
3Q DIGITAL,"1000 Sansome Street, Suite 300",San Francisco,CA,94111,37.7996876,-122.4021534,ai,corroborated
3SIXTY DUTY FREE,1998 NE 150th Street,North Miami,FL,33181,25.9137505,-80.1597017,ai,grounded
4 CORNERS GROUP,"215 Park Avenue South, Suite 2010",New York,NY,10003,40.736903,-73.9884712,ai,grounded
5 SPOKE CREAMERY,1089 Pulaski Highway,Goshen,NY,10924,41.3578826,-74.3760009,ai,grounded
5 STAR PEST SOLUTIONS,1402 Commerce Ave,Indianapolis,IN,46201,39.7861286,-86.131874,ai,grounded
50 EIGHTH AVENUE TENANTS CORP,50 8th Avenue,Brooklyn,NY,11217,40.6743204,-73.9726911,ai,grounded
510 VENTURES LLC,,,,,,,,
5306 TRUMP,,,,,,,,
7 STAR CONSTRUCTION COMPANY,P.O. Box 861,Rock Hill,SC,29731,34.9248667,-81.0250784,ai,grounded
72ND STREET MEDICAL ASSOCIATES,310 E 72nd St,New York,NY,10021,40.7684047,-73.9578231,ai,grounded
73V,"580 Broadway, 7th Floor",New York,NY,10012,40.7246036,-73.9972882,ai,grounded
757CFO LLC,,,,,,,,
76 WEST HOLDINGS,,,,,,,,
76UNDEFEATED,25 SE 2nd Ave Ste 550,Miami,FL,33131,25.7737529,-80.1901314,ai,grounded
7H LEGACY PROPERTY,,,,,,,,
7RIDGE,"Chrysler Building, 405 Lexington Avenue",New York,NY,10174,40.7127281,-74.0060152,ai,grounded
808 WEST END AVENUE LLC,808 West End Avenue,New York,NY,10025,40.7970793,-73.9712872,ai,uncorroborated
9 MUSES ART CORP,105 West 29th Street Apt 47D,New York,NY,10001,40.7468349,-73.9902614,ai,grounded
981 MANAGEMENT,520 US Highway 22,Bridgewater,NJ,08807,40.5598127,-74.5517146,ai,grounded
9FIN,"111 W 19th St, 6th Floor",New York,NY,10011,40.7408894,-73.9954138,ai,corroborated
A & R KATZ MNGT. INC,3175 Commercial Ave #100,Northbrook,IL,60062,42.1464109,-87.8586313,ai,grounded
A GIFTED SOLUTION,315 Central Park West #3W,New York,NY,10025,40.7887447,-73.9670194,ai,grounded
A PRIORI,"300 Baker Ave, Suite 320",Concord,MA,01742,42.4599821,-71.3893114,ai,grounded
A SIEGEL & ASSOCIATES,,,,,,,,
A WORLD OF WIPES,1000 Winter Street,Waltham,MA,02451,42.4076951,-71.2741569,ai,uncorroborated
A& R KATZ MANAGEMENT,3175 Commercial Ave Ste 100,Northbrook,IL,60062,42.1464109,-87.8586313,ai,grounded
A&B STORE FIXTURES INC,6202 Swing Court,Greensboro,NC,27409,36.0712577,-79.9083652,ai,grounded
A&E,235 E 45th St,New York,NY,10017,40.7522239,-73.9713998,ai,corroborated
A&E REAL ESTATE,"1065 Avenue of the Americas, 31st Floor",New York,NY,10018,40.7540547,-73.9854937,ai,grounded
A&W TECH CONSULTING,19206 Habitat Cv,San Antonio,TX,78258,29.6210569,-98.5146258,ai,grounded
A-STREET,,,,,,,,
A.L.P,6333 Gross Point Road,Niles,IL,60714,42.0193738,-87.7754149,ai,grounded
A.R.CONSULTANTS,,,,,,,,
A.S.K. FINANCIAL,"444 Cedar St, Suite 1700",Saint Paul,MN,55101,44.9493865,-93.0961008,ai,uncorroborated
A.T.N,,,,,,,,
AA ALL METAL RECYCLING,1106 Via Roble,Lafayette,CA,94549,37.8977311,-122.1369342,ai,uncorroborated
AAAASF,"33 W. Division St., Suite 302",Burr Ridge,IL,60527,41.7502971,-87.9161818,ai,uncorroborated
AAG,3000 Kellway Drive,Carrollton,TX,75006,32.971812,-96.843871,ai,uncorroborated
AAG MANAGEMENT,,,,,,,,
AARA,"242 Old New Brunswick Rd, Suite 440",Piscataway,NJ,08854,40.553085,-74.474676,ai,grounded
AARON ELKIN MD,1309 N Federal Hwy,Hollywood,FL,33020,26.0227866,-80.143146,ai,grounded
AARON WEALTH ADVISORS,"515 N. State St., Suite 1770",Chicago,IL,60654,41.8914005,-87.627297,ai,grounded
AB BERNSTEIN,745 5th Ave,New York,NY,10151,40.7633245,-73.9733602,ai,uncorroborated
AB INITIO,"55 Cambridge Parkway, Suite 300",Cambridge,MA,02142,42.3657418,-71.0760059,ai,corroborated
AB PRIVATE CREDIT INVESTORS,"1345 Avenue of the Americas, 22nd Floor",New York,NY,10105,40.7629997,-73.9790535,ai,uncorroborated
ABBA CAPITAL ENTERPRISES,,,,,,,,
ABBIE FRIEDMAN ATTORNEY AT LAW,5875 S Rainbow Blvd #203,Las Vegas,NV,89118,36.0820418,-115.2433306,ai,grounded
"ABBOTT LEE STILLMAN, ARTIST LLC",11 Birchall Drive,Scarsdale,NY,10583,40.9957172,-73.7815055,ai,grounded
ABBVIE,1 N Waukegan Rd,North Chicago,IL,60064,42.3015593,-87.8902499,ai,uncorroborated
ABC,77 W 66th St,New York,NY,10023,40.77354,-73.9805847,ai,corroborated
ABC DOORS,5100 S Willow Dr,Houston,TX,77035,29.6576018,-95.4674247,ai,grounded
ABC PACIFIC CORP,990 Vistoso Commerce Loop,Oro Valley,AZ,85755,32.4271751,-110.9469742,ai,uncorroborated
ABC SALES & MARKETING,10467 E Tarragon Ave,Mesa,AZ,85212,33.3188465,-111.6029549,ai,grounded
ABC/DISNEY,500 S. Buena Vista Street,Burbank,CA,91521,34.1551262,-118.3265025,ai,corroborated
ABE''S VEGAN MUFFINS LLC,389 West Nyack Road,West Nyack,NY,10994,41.0953907,-73.987703,ai,grounded
ABECAP,319 West Simpson Street Suite 109,Tucson,AZ,85711,32.2156569,-110.9746502,ai,grounded
ABINITIO SOFTWARE,190 Water Street,Cambridge,MA,02139,42.3719628,-71.0785403,ai,corroborated
ABOVE ALL ADVERTISING,6980 Corte Santa Fe,San Diego,CA,92121,32.879738,-117.170571,ai,grounded
ABRAHAM CAPITAL,"2550 Northwinds Pkwy SE, Suite 300",Alpharetta,GA,30009,34.0755962,-84.2945964,ai,uncorroborated
ABRAHAM ZERYKIER MD,16 Ross Ave,Staten Island,NY,10306,40.5736101,-74.1211384,ai,grounded
ABRAMS & ASSOCIATES,,,,,,,,
ABRAMS CAPITAL LLC,200 West 57th Street,New York,NY,10019,40.7654312,-73.9804189,ai,uncorroborated
ABRAMS ENTERTAINMENT,"5225 Wilshire Blvd, Suite 515",Los Angeles,CA,90036,34.0621109,-118.343279,ai,grounded
ABRO MANAGEMENT CORP,44 Wall Street,New York,NY,10005,40.706794,-74.0093855,ai,corroborated
ABROMS & ASSOCIATES PC,"201 S Court St, Ste 610",Florence,AL,35630,34.7988566,-87.6745785,ai,grounded
ABROMS & BRANDNER,1817 Oxmoor Rd,Homewood,AL,35209,33.4773441,-86.7912921,ai,grounded
ABS - ALTMAN WARWICK,1350 Avenue of the Americas,New York,NY,10019,40.7627635,-73.9779699,ai,corroborated
ABUNDANT VENTURE PARTNERS,"515 N STATE STREET, SUITE 300",CHICAGO,IL,60654,41.8914005,-87.627297,manual,verified
AC DISASTER CONSULTING,"1800 Glenarm Place, Suite 300",Denver,CO,80202,39.7457122,-104.9876957,ai,grounded
ACA FINANCIAL GUARANTY,199 Water Street,New York,NY,10038,40.7068659,-74.0043534,ai,corroborated
ACADEMIC ENGAGEMENT NETWORK,"1121 L St NW, Suite 900",Washington,DC,20005,38.903816,-77.0273535,ai,corroborated
ACADEMY OF GENERAL DENTISTRY,"560 W Lake Street, Suite 1300",Chicago,IL,60661,41.8856189,-87.6418733,ai,corroborated
ACADEMY OF SOUTH FLORIDA,"3721 NW 7 Street, Suite 3721-1",Miami,FL,33126,25.7741566,-80.1935973,ai,grounded
ACADEMY PARTNERS GROUP,260 Josephine St Ste 300,Denver,CO,80206,39.7204526,-104.9581395,ai,grounded
ACADEMY SERVICES LLC,,,,,,,,
ACADIA CAPITAL GROUP,601 Lexington Ave,New York,NY,10022,40.7587794,-73.9704834,ai,uncorroborated
ACADIA.IO LLC,"100 Crescent Ct, Suite 700",Dallas,TX,75201,32.7939116,-96.8033152,ai,uncorroborated
ACASI,7085 NW 46th Street,Miami,FL,33166,25.8158256,-80.3123439,ai,grounded
ACCENTURE,161 N Clark St,Chicago,IL,60601,41.8840655,-87.6331462,ai,grounded
ACCESS ENTERTAINMENT,"40 West 57th Street, 28th Floor",New York,NY,10019,40.7636059,-73.9758803,ai,grounded
ACCESSO PARTNERS,,MIAMI,FL,33131,,,,
ACCESSORY EXCHANGE,"1 East 33rd St, 6th Floor",New York,NY,10016,40.7477269,-73.9844071,ai,grounded
ACCIN OPPORTUNITY FUND,"111 W. St. John Street, Suite 800",San Jose,CA,95113,37.3373451,-121.8940619,ai,grounded
ACCOUNTNET INC,1333 Broadway Suite 303,New York,NY,10018,40.7512127,-73.9879717,ai,grounded
ACCURATE DIAMOND TOOL,910 N Hunt Ave,Pomona,CA,91768,34.0354241,-117.7369303,ai,uncorroborated
ACCURATE PERFORATING,3636 S Kedzie Ave,Chicago,IL,60623,41.82698,-87.7046361,ai,corroborated
ACE GLOBAL,20231 NE 15th Ct,Miami,FL,33179,25.9618608,-80.1709767,ai,grounded
ACE GUARANTY RE,1633 Broadway,New York,NY,10019,40.762093,-73.9846559,ai,grounded
ACE UNIFORM SERVICES,2400 S 54th St,Tulsa,OK,74107,36.0847771,-96.1270538,ai,uncorroborated
ACHIEVE BEHAVIORAL HEALTH,"25 Robert Pitt Drive, Suite 101",Monsey,NY,10952,41.110622,-74.0657849,ai,grounded
ACKERMAN & ACKERMAN PC,"1000 Wilshire Blvd, Suite 1500",Los Angeles,CA,90017,34.051474,-118.261657,ai,uncorroborated
ACKMAN-ZIFF REAL ESTATE GROUP,"582 8th Avenue, 19th Floor",New York,NY,10018,40.7549494,-73.9913313,ai,corroborated
ACME,,,,,,,,
ACME RESIDENTIAL,200 State St,Boston,MA,02109,42.3595921,-71.0530504,ai,uncorroborated
ACON INVESTMENTS,"1133 Connecticut Ave NW, Suite 700",Washington,DC,20036,38.904948,-77.0401971,ai,uncorroborated
ACP,190 North Independence Mall West,Philadelphia,PA,19106,39.9527237,-75.1635262,ai,grounded
ACPOWERS LLC,915 Broadway Suite 801,New York,NY,10010,40.7397099,-73.9897732,ai,grounded
ACQUAVIVA WINERY,47W614 Route 38,Maple Park,IL,60151,41.9075282,-88.5992494,ai,grounded
ACRISURE,100 Ottawa Ave SW,Grand Rapids,MI,49503,42.95978,-85.672755,ai,grounded
ACRISURE ARONSON INSURANCE,5664 Prairie Creek Dr SE,Caledonia,MI,49316,42.8530042,-85.5222769,ai,grounded
"ACRISURE, DBA ODELL STUDNER GROUP",100 Ottawa Ave SW,Grand Rapids,MI,49503,42.95978,-85.672755,ai,grounded
ACRISURE/OSG,2001 Market St,Philadelphia,PA,19103,39.953671,-75.173318,ai,corroborated
ACROMAG,30765 Pacific Court,Harrison Township,MI,48045,42.5886235,-82.8217131,ai,corroborated
ACTA CAPITAL LLC,600 Steamboat Rd,Greenwich,CT,06830,41.0160631,-73.623218,ai,corroborated
ACTA REALTY CORP,"One State Street Plaza, 29th Floor",New York,NY,10004,40.7028098,-74.0133384,ai,grounded
ACTIO CORPORATE ASSET ADVISORS,125 Maiden Lane #207,New York,NY,10038,40.7065909,-74.0062389,ai,grounded
ACTION BEHAVIOR CENTERS,"2100 Kramer Lane, Suite 150",Austin,TX,78758,30.390128,-97.711678,ai,grounded
ACTION PLUS IDEAS,"5222 Monroe Rd, Suite 100",Charlotte,NC,28205,35.1906014,-80.7750803,ai,grounded
ACTIONIQ INC,55 Prospect St,San Francisco,CA,94110,37.7879363,-122.4075201,ai,uncorroborated
ACTIONIST CONSULTING,1925 Century Park East Suite 1250,Los Angeles,CA,90067,34.0612599,-118.4145504,ai,grounded
ACTIVEST WEALTH MANAGEMENT,"300 Madison Ave, 6th Floor",New York,NY,10017,40.7526831,-73.9800764,ai,uncorroborated
ACTIVEST WM,"20900 NE 30th Avenue, Suite 311",Aventura,FL,33180,25.9694879,-80.142689,ai,grounded
ACTUM,"767 S Alameda St, Suite 490",Los Angeles,CA,90021,34.0306645,-118.238978,ai,grounded
ACUITY CAPITAL LLC,460 S Rosemary Ave Apt 208,West Palm Beach,FL,33401,26.7098532,-80.0569977,ai,grounded
ACXION FOODSERVICE,1701 Crossroads Drive,Odenton,MD,21113,39.095201,-76.694948,ai,grounded
AD SHANKMAN LLC,,,,,,,,
ADA,"401 North Michigan Avenue, Suite 3300",Chicago,IL,60611,41.8894215,-87.6235164,ai,grounded
ADAD,,,,,,,,
ADAM L PECK CPA MST LLC,630 Silver Street Ste 9B,Agawam,MA,01001,42.0564408,-72.651338,ai,grounded
ADAMS AND COMPANY REAL ESTATE,411 Fifth Avenue,New York,NY,10016,40.9171099,-73.8070382,ai,grounded
ADAMS BEVERAGES,7505 Statesville Road,Charlotte,NC,28269,35.3214482,-80.8424604,ai,grounded
ADAMS COUNTY,"4430 S Adams County Pkwy, Suite C100",Brighton,CO,80601,39.9238386,-104.8131691,ai,corroborated
ADAPTHEALTH,"5 Walnut Grove Drive, Suite 200",Mount Laurel,NJ,08054,39.934002,-74.8909988,ai,corroborated
ADAPTIVE BIO,"One Kendall Square, Building 600, Suite 380",Cambridge,MA,02139,42.3656347,-71.1040018,ai,uncorroborated
ADATH ISRAEL CONGREGATION,,,,,,,,
ADATH JESHURUN,,,,,,,,
ADC THERAPEUTICS,"430 Mountain Avenue, Suite 404",New Providence,NJ,07974,40.6904653,-74.3927592,manual,verified
ADDCA,1971 Western Avenue #106,Albany,NY,12203,42.6953994,-73.8794332,ai,grounded
ADDISON HOUSE,6300 Blue Lagoon Drive,Miami,FL,33126,25.7832046,-80.2935816,ai,corroborated
ADDITION,"101 Montgomery St, Suite 600",San Francisco,CA,94104,37.7902982,-122.4024772,ai,uncorroborated
ADDITION MANAGEMENT LLC,469 Seventh Avenue,New York,NY,10022,40.9176713,-73.8044579,ai,grounded
ADELPHI CAPITAL,"1054 31st Street NW, Suite 316",Washington,DC,20007,38.9044669,-77.0613029,ai,grounded
ADELPHI DATA INC,6713 Wemberly Way,McLean,VA,22101,38.9601037,-77.1763998,ai,grounded
ADEMCO INC,"2 Corporate Center Drive, Suite 100",Melville,NY,11747,40.7732173,-73.4113019,ai,grounded
ADFAM,,,,,,,,
ADG,11969 Ventura Blvd,Studio City,CA,91604,34.1434057,-118.3921517,ai,grounded
ADH,4815 West Markham Street,Little Rock,AR,72205,34.7511456,-92.3264831,ai,grounded
ADI MANAGEMENT INC,"172-90 Highland Ave, Ste 1",Jamaica,NY,11432,40.699835,-73.8077023,ai,grounded
ADINA DESIGN INC,14140 Ventura Blvd Suite 209,Sherman Oaks,CA,91423,34.1496116,-118.4413326,ai,grounded
ADINA STRAUS INVESTMENTS,,,,,,,,
ADIVUR US HOLDINGS,"20900 N.E. 30th Avenue, Suite 203",Aventura,FL,33180,25.9564812,-80.1392121,ai,grounded
ADJMI APPAREL,"463 Seventh Avenue, 4th Floor",New York,NY,10018,40.9176518,-73.8044709,ai,grounded
ADL,605 Third Ave,New York,NY,10158,40.8088444,-73.9303577,ai,grounded
ADLER & STACHENFELD,"675 Third Avenue, 31st Floor",New York,NY,10017,40.8088444,-73.9303577,ai,corroborated
ADLER ASSET MANAGEMENT,"142 W 57th Street, 5th Floor",New York,NY,10019,40.7648071,-73.9792438,ai,corroborated
ADLER LAW GROUP,1 South Church Ave,Henderson,NV,89015,36.0319602,-114.9822716,ai,uncorroborated
ADLER PROPERTIES,"9050 Pines Blvd, Suite 101",Pembroke Pines,FL,33024,26.0084976,-80.2648614,ai,grounded
ADLER REAL ESTATE PARTNERS,800 Brickell Ave Suite 701,Miami,FL,33131,25.7656854,-80.1911884,ai,grounded
ADMAIRAL,"232 Strawbridge Drive, Suite 300",Moorestown,NJ,08057,39.9505318,-74.9507167,ai,grounded
ADMIN,,,,,,,,
ADMINISTRATOR,,,,,,,,
ADMIRAL,,,,,,,,
ADMIRAL PACKAGING,10 Admiral St,Providence,RI,02908,41.8405647,-71.4182392,ai,grounded
ADMIRAL SECURITY SERVICES INC,,,,,,,,
ADOBE,345 Park Avenue,San Jose,CA,95110,37.3294709,-121.8947723,ai,corroborated
ADONEL CONCRETE,242 NW 42nd Ave,Miami,FL,33126,25.7738455,-80.2640247,ai,grounded
ADP,1 ADP Boulevard,Roseland,NJ,07068,40.8156767,-74.310335,ai,corroborated
ADR REALTY TRUST,One Financial Center,Boston,MA,02111,42.3524096,-71.0563898,ai,corroborated
ADS THAT WORK,,,,,,,,
ADT,"1501 Yamato Road, Suite 100",Boca Raton,FL,33431,26.3940803,-80.1175877,ai,grounded
ADV,"7676 Forsyth Boulevard, Fifth Floor",Saint Louis,MO,63105,38.6254063,-90.190009,ai,grounded
ADVAMED,"701 Pennsylvania Ave NW, Suite 800",Washington,DC,20004,38.8936824,-77.0219151,ai,uncorroborated
ADVANCE,,,,,,,,
ADVANCE CAR WASH,"2100 112th Ave NE, Suite 110",Bellevue,WA,98004,47.6291214,-122.1903473,ai,uncorroborated
ADVANCE NUTRITION,,,,,,,,
ADVANCE PACKAGING TECHNOLOGIES,5720 Williams Lake Road,Waterford Township,MI,48329,42.6892763,-83.4031871,ai,grounded
ADVANCE PUBLICATIONS INC,1 WORLD TRADE CTR 62ND FL,NEW YORK,NY,10007,40.7127281,-74.0060152,ai,corroborated
ADVANCED EYE CARE CONSULTANTS,316 Peterson Road,Libertyville,IL,60048,42.305917,-87.9689831,ai,grounded
ADVANCED EYE MDS,,LAWRENCEVILLE,NJ,08648,,,,
ADVANCED GASTROENTEROLOGY GROUP,1308 Morris Ave Ste 102,Union,NJ,07083,40.6872518,-74.2425705,ai,grounded
ADVANCED GYNECOLOGY AND SURGERY,"1711 Sheepshead Bay Road, 1st Floor",Brooklyn,NY,11235,40.5857321,-73.9513175,ai,grounded
ADVANCED HUMAN RESOURCES,,,,,,,,
ADVANCED MEDICAL TRANSPORT,3350 SW 148th Avenue Suite 110 #353,Miramar,FL,33027,25.9768579,-80.3451421,ai,grounded
ADVANCED NUTRIENTS,2000 Larch Avenue,Oxnard,CA,93033,34.1976308,-119.180381,ai,corroborated
ADVANCED NUTRITION,"844 First Colonial Road, Ste. 205",Virginia Beach,VA,23451,36.8549345,-76.023493,ai,grounded
ADVANCED ORTHO AND SPINE,"5651 Frist Boulevard, Suite 200",Hermitage,TN,37076,36.1781976,-86.6059232,ai,grounded
ADVANTAGE CAPITAL,"1 Financial Plaza, Suite 1900",Providence,RI,02903,41.8253152,-71.4101156,ai,uncorroborated
ADVANTAGE FOOD & BEVERAGE,682 N Cassady Ave,Columbus,OH,43219,39.9846741,-82.9315219,ai,grounded
ADVANTAGE WAYPOINT,1701 Crossroads Drive,Odenton,MD,21113,39.095201,-76.694948,ai,uncorroborated
ADVARRA,"500 Mamaroneck Avenue, Suite 301",Harrison,NY,10528,40.9770766,-73.7420223,ai,corroborated
ADVECTION GROWTH CAPITAL,"320 Park Avenue, Floor 22",New York,NY,10022,40.7575952,-73.9739924,ai,grounded
ADVENTHEALTH,8000 W. PALMETTO PARK RD,BOYNTON BEACH,FL,33472,26.5289139,-80.058141,ai,uncorroborated
ADVENTHEALTH LITTLETON HOSPITAL,1000 Plains End Way,Littleton,CO,80123,39.613321,-105.016649,ai,corroborated
ADVENTHEALTH UROLOGY,900 Hope Way,Altamonte Springs,FL,32714,28.6444535,-81.413164,ai,uncorroborated
ADVENTIST,12501 Old Columbia Pike,Silver Spring,MD,20904,39.0610486,-76.9658789,ai,grounded
ADVISOR PERSPECTIVES INC,"225 Liberty St, Suite 2310",New York,NY,10281,40.712272,-74.0154361,ai,grounded
ADVISORY RESEARCH INC,10233 Alliance Rd,Cincinnati,OH,45242,39.1012809,-84.5127405,ai,uncorroborated
ADVOCARE,8020 N. Spring Creek Parkway,Plano,TX,75024,33.0136764,-96.6925096,ai,uncorroborated
ADVOCARE GROVE FAMILY MEDICAL ASSOCIATES,"132 Grove Street, Suite A",Haddonfield,NJ,08033,39.9029342,-75.0319618,manual,verified
ADVOCARE GROVE FAMILY MEDICINE,132 Grove Street,Haddonfield,NJ,08033,39.9029342,-75.0319618,ai,grounded
ADVOCARE MAIN LINE PEDIATRICS,701 Montgomery Avenue Suite 18,Narberth,PA,19072,40.0098679,-75.2552146,ai,grounded
ADVOCATE AURORA HEALTHCARE,3075 Highland Parkway,Downers Grove,IL,60515,41.8326452,-88.0053115,ai,corroborated
ADVOCATE BROKERAGE CORP,820 Scarsdale Ave,Scarsdale,NY,10583,40.9848255,-73.809067,ai,grounded
ADVOCATE HEALTH,3075 Highland Pkwy,Downers Grove,IL,60515,41.8326452,-88.0053115,ai,corroborated
ADVOCATE LLP,805 Third Avenue Suite 2030,New York,NY,10022,40.8088444,-73.9303577,ai,grounded
ADVOCATE RADIATION,3080 Harbor Blvd,Port Charlotte,FL,33952,26.9860731,-82.0961487,ai,grounded
AECD GROUP,,,,,,,,
AECOM CAPITAL,"1999 Avenue of the Stars, 8th Floor",Los Angeles,CA,90067,34.0536909,-118.242766,ai,corroborated
AEG,800 W Olympic Blvd,Los Angeles,CA,90015,34.0446975,-118.2646054,ai,corroborated
AEGIS,40 Broad St,New York,NY,10004,40.7059374,-74.011542,ai,uncorroborated
AEI SEMINARS,"111 E. Merrill Street, Suite 300",Birmingham,MI,48009,42.5453351,-83.2146869,ai,corroborated
AEIG,"2250 Chapel Avenue West, Suite 200",Cherry Hill,NJ,08002,39.9292672,-75.0175678,ai,grounded
AEPI FOUNDATION,8815 Wesleyan Road,Indianapolis,IN,46268,39.9142741,-86.2220986,ai,grounded
AER SERVICES INC,2743 Hollywood Blvd,Hollywood,FL,33020,26.0111653,-80.1548249,ai,grounded
AEROPAY,275 Grove St,Newton,MA,02466,42.3390916,-71.2513667,ai,uncorroborated
AEROSTRAT,"999 3rd Ave, Suite 700",Seattle,WA,98104,47.6050344,-122.3340723,ai,grounded
AES MANAGEMENT,539 Eastern Parkway,Brooklyn,NY,11216,40.6702778,-73.9501597,ai,grounded
AETION,"5 Penn Plaza, 7th Floor",New York,NY,10001,43.1318845,-77.4402082,ai,grounded
AETNA,151 Farmington Avenue,Hartford,CT,06156,41.7669843,-72.6908971,ai,uncorroborated
AEYE STRATEGIC SOLUTIONS,"20 West 46th Street, Suite 600",New York,NY,10036,40.7563287,-73.9803339,ai,grounded
AFC,3700 Cahaba Beach Road,Birmingham,AL,35242,33.441276,-86.698647,ai,grounded
AFC INDUSTRIES INC,1002 N 9th St,Ankeny,IA,50023,41.7394893,-93.6306207,ai,uncorroborated
AFFIANCE FINANCIAL,"600 Highway 169 S., Suite 1750",Saint Louis Park,MN,55426,44.9475726,-93.3569023,ai,grounded
AFFILIATE.COM,,New York,NY,10005,,,,
AFFILIATED ANESTHESIOLOGISTS,13321 N Meridian Ave Ste 402,Oklahoma City,OK,73120,35.6063498,-97.6030217,ai,grounded
AFFILIATED DERM,20401 N 73rd St STE 230,Scottsdale,AZ,85255,33.6729667,-111.9235851,ai,grounded
AFFILIATED HEALTHCARE,,,,,,,,
AFFILIATED UROLOGISTS,"5133 N. Central Ave., Suite 206",Phoenix,AZ,85012,33.5123708,-112.0733614,ai,grounded
AFFINITY MARKETING PARTNERS,"29 West 20th Street, Suite 600",New York,NY,10011,40.7401587,-73.9918729,ai,uncorroborated
AFFORDABLE HOUSING ADVISORY GROUP,900 17th St NW,Washington,DC,20006,38.9015995,-77.0398021,ai,uncorroborated
AFHU,"633 Third Avenue, 10th Floor",New York,NY,10017,40.8088444,-73.9303577,ai,uncorroborated
AFI,,,,,,,,
AFIPO,"122 East 42nd Street, Suite 4507",New York,NY,10168,40.7512124,-73.9765595,ai,grounded
AFLAC,1932 Wynnton Road,Columbus,GA,31999,32.4680083,-84.9642553,ai,uncorroborated
AFRICAGEMS,,Mill Valley,CA,94941,,,,
AFTAU,"71 West 23rd Street, Suite 513",New York,NY,10010,40.7435779,-73.9919229,ai,corroborated
AFTON PARK DEVELOPMENT,251 N 1st Ave,Minneapolis,MN,55401,44.9799917,-93.2742875,ai,grounded
AGAM CAPITAL,"500 Frank W Burr Blvd, 4th Floor",Teaneck,NJ,07666,40.8722925,-74.0065991,ai,grounded
AGAMI LOANS,,Los Altos,CA,94022,,,,
AGBO,"1640 Pacific Coast Highway, Suite 200",Hermosa Beach,CA,90254,33.8669246,-118.3935333,ai,corroborated
AGC OF AMERICA,"2300 Wilson Boulevard, Suite 400",Arlington,VA,22201,38.890678,-77.0874363,ai,corroborated
AGDS,1225 Industrial Park Drive SE,Bemidji,MN,56601,47.4418379,-94.8522882,ai,grounded
AGE OF LEARNING,"1225 N. McDowell Blvd., Suite 150",Petaluma,CA,94954,38.2701217,-122.6613878,ai,corroborated
AGI FINANCIAL,930 Carmel Ct,Los Altos,CA,94022,37.3990338,-122.1204226,ai,grounded
AGILENT,5301 Stevens Creek Boulevard,Santa Clara,CA,95051,37.325462,-121.999033,ai,corroborated
AGINS INTERIOR,19 Eucalyptus Road,Belvedere Tiburon,CA,94920,37.8770247,-122.4614566,manual,verified
AGL,10 Peachtree Place NE,Atlanta,GA,30309,33.7810698,-84.3871362,ai,corroborated
AGP,12700 West Dodge Rd.,Omaha,NE,68154,41.2640233,-96.1124061,ai,grounded
AGREE REALTY CORPORATION,32301 Woodward Avenue,Royal Oak,MI,48073,42.5268898,-83.195243,ai,grounded
AHA,300 New Jersey Ave NW,Washington,DC,20001,38.894045,-77.010802,ai,uncorroborated
AHARONI LAW,"9440 Santa Monica Blvd, Suite 301",Beverly Hills,CA,90210,34.0712866,-118.4028281,ai,grounded
AHAVAS YISRAEL,,,,,,,,
AHAVATH ACHIM SYNAGOGUE,,,,,,,,
AHCA,"700 South Washington Street, Suite 300",Alexandria,VA,22314,38.8034986,-77.0473079,ai,uncorroborated
AHG GROUP,700 West Morse Boulevard Suite 220,Winter Park,FL,32789,28.5974604,-81.3585451,ai,grounded
AHOLD DELHAIZE,300 South Riverside Plaza,Chicago,IL,60606,41.8775721,-87.6387853,ai,grounded
AI EDUCATION LLC,9309 N Florida Ave,Tampa,FL,33612,28.0341943,-82.4593796,ai,grounded
AI FOR THE REST OF US INC,1500 N Grant St #5302,Denver,CO,80203,39.7287912,-104.9836082,ai,grounded
AICD,,,,,,,,
AIG,175 Water Street,New York,NY,10038,40.706308,-74.0054046,ai,corroborated
AIJM ASSOCIATES LLC,,,,,,,,
AIM INCORPORATED,1177 Avenue of the Americas,New York,NY,10036,40.7573123,-73.9827582,ai,uncorroborated
AIM SPECIALTY HEALTH,"1100 Virginia Drive, Suite 250",Fort Washington,PA,19034,40.1367835,-75.1900856,ai,uncorroborated
AINI & ASSOCIATES PLLC,2615 Coney Island Avenue,Brooklyn,NY,11223,40.5929529,-73.9604198,ai,grounded
AINSMAN LEVINE LLC,"11 Stanwix Street, Suite 750",Pittsburgh,PA,15222,40.4390288,-80.0062963,ai,grounded
AIO,,,,,,,,
AIPAC,251 H Street NW,Washington,DC,20001,38.900345,-77.0148717,manual,verified
AIQ,"2205 W 136th Avenue, Ste 106 PMB 3058",Broomfield,CO,80023,39.943993,-105.0130011,ai,grounded
AIR FORCE,"1670 Air Force Pentagon, Room 5E856",Washington,DC,20330,38.8950982,-77.0363849,ai,uncorroborated
AIRCALL,"44 W 28th Street, Floor 14",New York,NY,10001,40.7456406,-73.9898336,manual,verified
AIRESPRING,"600 Cleveland Street, Suite 226",Clearwater,FL,33755,27.9658084,-82.7984849,ai,grounded
AIROOM,6825 N Lincoln Ave,Lincolnwood,IL,60712,41.9972897,-87.718707,ai,corroborated
AIRVISION,,,,,,,,
AIRWAY THERAPEUTICS,"13120 Coit Road, Suite 110",Dallas,TX,75240,32.9272815,-96.7692169,ai,uncorroborated
AIZ,1211 Avenue of the Americas,New York,NY,10036,40.7586695,-73.9823756,ai,uncorroborated
AJ PREMIER ASSOCIATES INC,,,,,,,,
AJA,180 Litton Drive,Grass Valley,CA,95945,39.2338725,-121.0546177,ai,grounded
AJC CHICAGO,"515 N. State Street, 3rd Floor",Chicago,IL,60654,41.8914005,-87.627297,ai,corroborated
AJM PACKAGING CORPORATION,E-4111 Andover Rd,Bloomfield Hills,MI,48302,42.583645,-83.2454883,ai,grounded
AJMA,PO Box 2157,Fairfax,VA,22031,38.8462236,-77.3063733,ai,grounded
AJS STONE CONSULTING LLC,9715 Cresta Dr,Los Angeles,CA,90035,34.0471575,-118.39933,ai,grounded
AKERMAN LLP,"98 SE 7th St, Suite 1100",Miami,FL,33131,25.7672135,-80.192465,ai,corroborated
AKF PROPERTIES,6936 Sunflower Ln,Macungie,PA,18062,40.5298287,-75.5780553,ai,grounded
AKIBA SCHECHTER JEWISH DAY SCHO,1700 S Robertson Blvd,Los Angeles,CA,90035,34.048721,-118.385438,ai,uncorroborated
AKIN GUMP STRAUSS HAUER & FELD LLP,2001 K Street NW,Washington,DC,20006,38.902607,-77.045055,ai,corroborated
AKIVA PARTNERS LLC,22996 El Toro Road Suite 102,Lake Forest,CA,92630,33.6283,-117.6900082,ai,grounded
AKIVA SCHOOL,3884 Bering Dr,San Jose,CA,95135,37.3734809,-121.9127857,ai,uncorroborated
ALABAMA HOLOCAUST EDUCATION CENTER,HOMEWOOD Public offices / mailing address not a corporate HQ,Birmingham,AL,35209,33.5206824,-86.8024326,ai,corroborated
ALABAMA PEDIATRICS,2815 Independence Drive,Birmingham,AL,35209,33.5206824,-86.8024326,ai,grounded
ALABAMA STEEL SUPPLY,2900 1st Ave S,Birmingham,AL,35233,33.5179357,-86.7914227,ai,uncorroborated
ALAN AND GISELLE WEISSMAN FAMILY FOUND,440 Mamaroneck Ave Ste 514,Harrison,NY,10528,40.9713743,-73.7414057,ai,grounded
ALAN GRAHAM MOTORING,8618 Lindley Ave,Northridge,CA,91325,34.2269919,-118.527247,ai,grounded
ALAN H FEIN PC,"2 Executive Blvd, Suite 303",Suffern,NY,10901,41.1196183,-74.116281,ai,grounded
ALAN ROBIN LAW PLLC,,,,,,,,
ALAN SERURE MDPA,7300 SW 62nd Pl Suite 200,South Miami,FL,33143,25.7028197,-80.2951476,ai,grounded
ALANA MULLER ENTERPRISES,8209 W 145th St,Overland Park,KS,66223,38.8649872,-94.6799743,ai,grounded
ALASKA AIRLINES,19300 International Boulevard,Seattle,WA,98188,47.6038321,-122.330062,ai,uncorroborated
ALASKA CHANNEL,645 W 4th Ave,Anchorage,AK,99501,61.218634,-149.8944388,ai,corroborated
ALASKA DISTRIBUTORS CO,3100 E 29th Ave,Anchorage,AK,99508,61.1943904,-149.9022768,ai,uncorroborated
ALASKA IMAGING ASSOCIATES,"3100 Providence Drive, Suite 200",Anchorage,AK,99508,61.1897547,-149.8203382,ai,grounded
ALASKA WELLNESS JOURNEYS,1576 Inner Springer Loop,Palmer,AK,99645,61.5849873,-149.121065,ai,grounded
ALBANY BANK AND TRUST COMPANY,7 State Street,Albany,NY,12207,42.6489044,-73.7512993,ai,uncorroborated
ALBERT EINSTEIN COLLEGE OF MEDICINE,1300 Morris Park Avenue,Bronx,NY,10461,40.8504372,-73.8458099,ai,corroborated
ALBERT HARARY MD,"225 E 57th Street, Front 3",New York,NY,10022,40.7127281,-74.0060152,ai,grounded
ALBRIGHT COLLEGE,13th and Bern Streets,Reading,PA,19612,40.335345,-75.9279495,ai,corroborated
ALCALAY COMMUNICATIONS,885 University Avenue,Sacramento,CA,95825,38.5644375,-121.418965,ai,grounded
ALCHEMIST,"1000 Brickell Ave, Ste 715 PMB 5087",Miami,FL,33131,25.7639863,-80.1917803,ai,grounded
ALCO PRODUCTS,580 Saint Jean St,Detroit,MI,48214,42.362258,-82.9690864,ai,grounded
ALCOTT ADR SERVICES,1285 Avenue of the Americas,New York,NY,10019,40.7611591,-73.9805686,ai,grounded
ALCOTT ADR SOLUTIONS,1285 Avenue of the Americas,New York,NY,10019,40.7611591,-73.9805686,ai,grounded
ALEN COHEN MD A MEDICAL CORPORATION,2100 Solar Drive Suite 102,Oxnard,CA,93036,34.2206433,-119.1447838,ai,grounded
ALEPH INSTITUTE,"520 8th Avenue, Suite 1200",New York,NY,10018,40.753643,-73.9921669,ai,uncorroborated
ALERICA,"3323 NE 163rd Street, Suite PH-704",North Miami Beach,FL,33160,25.9285495,-80.1368421,ai,grounded
ALEX N SILL CO,150 Broadhollow Road,Melville,NY,11747,40.7881488,-73.4162331,ai,uncorroborated
ALEXANDER ROBERTSON SCHOOL,3 West 95th Street,New York,NY,10025,40.7913082,-73.9654747,ai,grounded
ALEXANDRIA ORAL SURGERY ASSOCIATES,"501 South Washington Street, Suite 301",Alexandria,VA,22314,38.8002356,-77.0485545,ai,uncorroborated
ALEXION PHARMACEUTICALS,300 Connell Drive,Burlington,MA,01803,42.5048167,-71.1956111,ai,uncorroborated
ALEXIS BEDNYAK DESIGN,57 Maple Hill Road,Glencoe,IL,60022,42.1437317,-87.7547187,manual,verified
ALF,,,,,,,,
ALFRED WEISSMAN REAL ESTATE LLC,"440 Mamaroneck Ave, Suite 514",Harrison,NY,10528,40.9713743,-73.7414057,ai,grounded
ALHADEFF AND ROUSSO LAW PA,2601 Burnt Mill Rd,Palm Beach Gardens,FL,33410,26.8233946,-80.1386547,ai,corroborated
ALHAMBRA THEATRE & DINING,100 West Main Street,Alhambra,CA,91801,34.0944572,-118.127942,ai,uncorroborated
ALI IRONWORKS,,,,,,,,
ALIGN REAL ESTATE,"123 Mission Street, 7th Floor",San Francisco,CA,94105,37.7918271,-122.3944786,ai,grounded
ALINA'S MUSIC STUDIO,,,,,,,,
ALISHA LEVIN MEMORIAL FUND,"1835 Market Street, Suite 2410",Philadelphia,PA,19103,39.9537066,-75.1711096,ai,grounded
"ALISON K WOLFSON FINE ARTS, LL",,,,,,,,
ALISTAR RESOURCES,41 Notre Dame Ln,Utica,NY,13502,43.0919303,-75.2812626,ai,grounded
ALIX PARTNERS,909 3rd Ave,New York,NY,10022,40.7582826,-73.967866,ai,grounded
ALIYA CAPITAL PARTNERS,"1450 Brickell Ave, Suite 2600",Miami,FL,33131,25.7586738,-80.1931402,ai,grounded
ALIYA HEALTH GROUP,1590 S Congress Ave,Palm Springs,FL,33406,26.6536252,-80.08822,ai,grounded
ALJ REGIONAL,"244 Madison Avenue, PMB #358",New York,NY,10016,40.7127281,-74.0060152,ai,grounded
ALKERMES,852 Winter Street,Waltham,MA,02451,42.4012964,-71.2809736,ai,uncorroborated
ALL ACCESS APPAREL,1515 Gage Rd,Montebello,CA,90640,33.9810046,-118.1227016,ai,grounded
ALL PACKAGING CO,17501 West 98th Street #18-42,Lenexa,KS,66219,38.951691,-94.789276,ai,grounded
ALL POINT,864 Spring Street NW,Atlanta,GA,30308,33.7793199,-84.3900894,ai,grounded
ALL POINT FINANCIAL INC,"6000 Broken Sound Parkway NW, Suite 300",Boca Raton,FL,33487,26.4004744,-80.1057431,ai,uncorroborated
ALL SET HOSPITALITY LLC,8630 Fenton St,Silver Spring,MD,20910,38.9979273,-77.0286378,ai,grounded
ALL STAR SPORTS,809 2nd Loop Rd,Florence,SC,29505,34.1676613,-79.7775657,ai,grounded
ALL STRINGS ATTACHED INC,8224 Olson Memorial Highway,Golden Valley,MN,55427,44.9850399,-93.384636,ai,grounded
ALLADAPT IMMUNOTHERAPEUTICS,405 El Camino Real #611,Menlo Park,CA,94025,37.4474279,-122.1723927,ai,grounded
"ALLAN SHULKIN, MD PA",7777 Forest Ln Ste B202,Dallas,TX,75230,32.9131257,-96.775521,ai,grounded
ALLAN WISER INSURANCE,4809 Sparks Ave,San Diego,CA,92110,32.7800057,-117.1977485,ai,grounded
ALLEGAERT BERGER & VOGEL LLP,"111 Broadway, 20th Floor",New York,NY,10006,40.707698,-74.011877,ai,grounded
ALLEGHENY DERMATOLOGY ASSOC,339 Old Haymaker Road Suite 201 Parkway Building,Monroeville,PA,15146,40.4466137,-79.7601556,ai,grounded
ALLEGIANCE STAFFING,5726 Root Rd,Spring,TX,77389,30.0795707,-95.4187924,ai,grounded
ALLEGIANT REAL ESTATE CAPITAL,"1133 20th Street NW, 9th Floor",Washington,DC,20036,38.9049546,-77.0445119,ai,uncorroborated
ALLEGIANTMD,"20 Burton Hills Boulevard, Suite 300",Nashville,TN,37215,36.0944695,-86.8207862,ai,grounded
ALLEGRA PRINT AND IMAGING,"5221 Spring Valley Road, Suite 350",Dallas,TX,75254,32.939575,-96.821456,ai,uncorroborated
ALLEN & CO,711 Fifth Avenue,New York,NY,10022,40.8021613,-73.9453686,ai,corroborated
ALLEN & OVERY LLP,1221 Avenue of the Americas,New York,NY,10020,40.7595136,-73.9825069,ai,uncorroborated
ALLEN DEV,155 N Lake Ave Ste 800,Pasadena,CA,91101,34.1485334,-118.1334899,ai,grounded
ALLEN FELTMAN REAL ESTATE,5509 Saint Andrews Ct,Plano,TX,75093,33.0345749,-96.8117312,ai,grounded
ALLEN FLAVORS INC,601 N Broad St,Middletown,PA,17057,40.1942806,-76.7314471,ai,uncorroborated
ALLEN LEWIS ORG,,,,,,,,
ALLEN MATKINS,"1900 Main Street, 5th Floor",Irvine,CA,92614,33.6847029,-117.8547763,ai,corroborated
ALLENCOMM,55 West 900 South,Salt Lake City,UT,84101,40.7491534,-111.8930034,ai,grounded
ALLENTOWN WELLNESS,1525 Hausman Rd,Allentown,PA,18104,40.6086827,-75.566271,ai,grounded
ALLERGY & ASTHMA CARE,,,,,,,,
ALLERGY & ASTHMA CARE OF ROCKLAND PC,"222 Route 59, Suite 205",Suffern,NY,10901,41.1126645,-74.1118164,ai,grounded
ALLERHAND & ODONER,205 East 92nd Street Apartment 35A,New York,NY,10128,40.7827497,-73.9503834,ai,grounded
ALLERMI,"480 Rutherford Avenue, Suite 203",Charlestown,MA,02129,42.383229,-71.073468,ai,uncorroborated
ALLEVATO FOR OHIO,,,,,,,,
ALLIANCE,,,,,,,,
ALLIANCE BERNSTEIN,501 Commerce Street,Nashville,TN,37203,36.1612676,-86.7795153,ai,grounded
ALLIANCE CANCER SPECIALISTS,"11264 Cleveland Avenue NW, Suite 200",North Canton,OH,44720,40.8986572,-81.4061793,ai,uncorroborated
ALLIANCE CAPITAL MANAGEMENT,"1345 Avenue of the Americas, 42nd Floor",New York,NY,10105,40.7629997,-73.9790535,ai,uncorroborated
ALLIANCE FOR A BETTER COMMUNITY,"160 W Fort Street, Suite 2000",Detroit,MI,48226,42.330625,-83.0483036,ai,uncorroborated
ALLIANCE FOR PHARMACY COMPOUNDING,"100 South Jefferson Road, Suite 100",Whippany,NJ,07981,40.8176442,-74.442751,ai,uncorroborated
ALLIANCE FRANCAISE,54 Thompson Street,New York,NY,10012,40.723831,-74.0033719,ai,corroborated
ALLIANCE STEEL,1700 South Ridge Road,Ashtabula,OH,44004,41.8916912,-80.6688769,ai,uncorroborated
ALLIANT CAPITAL,"1201 Main Street, Suite 3400",Dallas,TX,75202,32.7804465,-96.8018475,ai,uncorroborated
ALLIANT INSURANCE SERVICES,701 B St Suite 400,San Diego,CA,92101,32.717731,-117.158206,ai,grounded
ALLIANT STRATEGIC DEVELOPMENT,"26050 Mureau Road, Suite 101",Calabasas,CA,91302,34.1520318,-118.6953443,ai,grounded
ALLIANT STRATEGIC INVESTMENTS,500 W Madison St,Chicago,IL,60661,41.883827,-87.6405304,ai,uncorroborated
ALLIED DIGESTIVE HEALTH,"187 Highway 36, Suite 230",West Long Branch,NJ,07764,40.2904235,-74.0172558,ai,grounded
ALLIED METAL COMPANY,2059 S Canal St,Chicago,IL,60616,41.8543942,-87.6380435,ai,grounded
ALLIED UNIVERSAL CORP,"161 Washington Street, Suite 600",Conshohocken,PA,19428,40.0713688,-75.3078466,ai,grounded
ALLOTROPE PARTNERS,200 Clarendon St Suite 650,Boston,MA,02116,42.3491677,-71.075124,ai,uncorroborated
ALLSTATE,2775 Sanders Rd,Northbrook,IL,60062,42.1510416,-87.8835614,ai,uncorroborated
ALLURA IMPORTS,1407 Broadway Suite 401,New York,NY,10018,40.753531,-73.9876248,ai,grounded
ALMAR,,,,,,,,
ALMAR SALES CO,"320 5th Ave, 3rd Floor",New York,NY,10001,40.747367,-73.9856317,ai,grounded
ALMEL INCORPORATED,368 N Hametown Rd,Akron,OH,44333,41.14701,-81.6695313,ai,grounded
ALPA,"7950 Jones Branch Drive, Suite 400S",McLean,VA,22102,38.9342888,-77.1776327,ai,grounded
ALPAC,5752 Cedar Ridge Drive,Ann Arbor,MI,48103,42.2813722,-83.7484616,ai,grounded
ALPERT & AFFILIATES,1815 S Soto St,Los Angeles,CA,90023,34.0158642,-118.2200715,ai,grounded
ALPERT AND ALPERT,922 S Santa Fe Ave,Los Angeles,CA,90021,34.0322792,-118.2298968,ai,corroborated
ALPHA,,,,,,,,
ALPHA BETA PLANNING,75 Jefferson Ct,Yorktown Heights,NY,10598,41.3303622,-73.7811497,ai,grounded
ALPHA COMMODITIES INC,PO Box 3009,Gary,IN,46403,41.6045061,-87.3373495,ai,grounded
ALPHA EMPIRE DESIGNS,,,,,,,,
ALPHA EPSILON PI FOUNDATION,2750 Riva Rd Ste 230,Annapolis,MD,21401,38.9786401,-76.492786,ai,corroborated
ALPHA EPSILON PI FRATERNITY FOUNDATION,8815 West Pico Boulevard,Los Angeles,CA,90035,34.0549169,-118.3840513,manual,verified
ALPHA EPSILON PI FRATERNTIY INC,1180 Avenue of the Americas,New York,NY,10036,40.7574015,-73.9819995,ai,uncorroborated
ALPHASIGHTS,60 Madison Ave 34th Floor,New York,NY,10010,40.7432572,-73.9864215,ai,corroborated
ALPINE BANK,100 S Broadway,Gunnison,CO,81230,38.56765,-106.610894,ai,corroborated
ALPINE GUEST CARE CENTGER,2401 N Service Rd E,Ruston,LA,71270,32.5417607,-92.6084842,ai,grounded
ALPINE INVESTORS,"One Post Office Square, 6th Floor",Boston,MA,02109,42.356809,-71.0551195,ai,uncorroborated
ALPINE QUANTITATIVE INVESTMENT FUND,,,,,,,,
ALPINE RESOURCES LLC,,,,,,,,
ALPINEBIO VENTURES,,,,,,,,
ALSTON & BIRD,"One Atlantic Center, 1201 West Peachtree Street NW, Suite 4900",Atlanta,GA,30309,33.7870655,-84.3873685,ai,corroborated
ALTAIR RESOURCES,,,,,,,,
ALTAIR SIGN & LIGHT,,,,,,,,
ALTAMED,"Eastlake Ave E & 20th Ave, 3600 Eastlake Ave E, Building A",Los Angeles,CA,90011,34.0536909,-118.242766,ai,corroborated
ALTBANQ,"477 Madison Ave, Floor 24",New York,NY,10022,40.7585227,-73.9746317,ai,grounded
ALTER,,,,,,,,
ALTER TRADING,700 Office Parkway,Creve Coeur,MO,63141,38.6679198,-90.4331869,ai,grounded
ALTERIORS,,,,,,,,
ALTERNATIVE STRATEGIES INC,,,,,,,,
ALTICE USA,"1 Court Square West, 45th Floor",Long Island City,NY,11101,40.7456276,-73.9434301,ai,corroborated
ALTIUS FINANCIAL,,,,,,,,
ALTMAN,,,,,,,,
ALTMAN COMPANIES,"1325 4th Avenue, Suite 1200",Seattle,WA,98101,47.6087649,-122.3359152,ai,uncorroborated
ALTOPASS INC,"405 El Camino Real, Suite 629",Menlo Park,CA,94025,37.4474279,-122.1723927,manual,verified
ALTRIA,6601 West Broad Street,Richmond,VA,23230,37.5818157,-77.4936077,ai,grounded
ALTULA,,,,,,,,
ALTUS CAPITAL PARTNERS INC,,,,,,,,
ALTUS WEALTH,"400 Continental Boulevard, 6th Floor",El Segundo,CA,90245,33.9210073,-118.3902342,ai,uncorroborated
ALUMNI CAPITAL NETWORK,,,,,,,,
ALUMNI VENTURES,"670 N. Commercial St, Suite 403",Manchester,NH,03101,42.9978085,-71.4686675,ai,grounded
ALVAREZ & MARSAL,"600 Madison Avenue, 8th Floor",New York,NY,10022,40.7127281,-74.0060152,ai,corroborated
ALYDAR CAPITAL,"222 Berkeley Street, 17th Floor",Boston,MA,02116,42.3514077,-71.0730278,manual,verified
ALZHEIMER'S ASSOCIATION,"225 N. Michigan Ave., Fl. 17",Chicago,IL,60601,41.8864391,-87.6237899,ai,grounded
AM SHALOM TEMPLE,1600 Yellowstone Drive,Tucson,AZ,85716,32.2228765,-110.974847,ai,uncorroborated
AM. PHYSICIANS SERVICES GROUP,,,,,,,,
AMALFI ESTATES,,,,,,,,
AMALFI STONE,8456 San Fernando Road,Sun Valley,CA,91352,34.2235917,-118.3746619,ai,grounded
AMANCAY PARTNERS,,,,,,,,
AMARIN CORPORATION,5 Moore Drive,Bedford,MA,01730,42.4917301,-71.2817947,ai,uncorroborated
AMAS,,,,,,,,
AMATUS MANAGEMENT,10461 Mill Run Cir Ste 620,Owings Mills,MD,21117,39.4067755,-76.7939459,ai,uncorroborated
AMAZON,410 Terry Ave N,Seattle,WA,98109,47.622298,-122.3365001,ai,corroborated
AMAZON STUDIOS,9336 Washington Blvd,Culver City,CA,90232,34.0239414,-118.3934101,manual,verified
AMAZON TELEVISION,410 Terry Avenue North,Seattle,WA,98109,47.622298,-122.3365001,ai,uncorroborated
AMAZON WEB SERVICES,410 Terry Avenue North,Seattle,WA,98109,47.622298,-122.3365001,ai,uncorroborated
AMBASSADOR BOOKS,,,,,,,,
AMBER MOUNTAIN,,,,,,,,
AMD,2485 Augustine Drive,Santa Clara,CA,95054,37.3829605,-121.9703774,ai,uncorroborated
AMDEN INC,"999 N Sepulveda Blvd, Suite 100",El Segundo,CA,90245,33.9303798,-118.3968271,ai,corroborated
AME EQUITIES,2011 Bradford Hall Place,Charlotte,NC,28270,35.1169744,-80.7584844,ai,grounded
AMEDISYS,"12800 N. Meridian St., Suite 400",Carmel,IN,46032,39.9725293,-86.1588461,ai,corroborated
AMERICA AERO GROUP,,,,,,,,
AMERICA ONLINE,7501 North Dobson Road,Scottsdale,AZ,85256,33.6858219,-111.8759254,ai,uncorroborated
AMERICA RESURGENT,,,,,,,,
AMERICAL MANAGEMENT CO. INC,,,,,,,,
AMERICAN ADVERTISING FEDERATION,"1625 K Street NW, Suite 1100",Washington,DC,20006,38.9030339,-77.03739,ai,corroborated
AMERICAN AIRLINES,1 Skyview Drive,Fort Worth,TX,76155,32.8254795,-97.0654423,ai,uncorroborated
AMERICAN BADGE DBA SMITH AND WARRE,16E Progress Lane,Greenwich,CT,06831,41.0264862,-73.6284598,ai,uncorroborated
AMERICAN BANKERS ASSOCIATION,1120 Connecticut Ave NW,Washington,DC,20036,38.9041098,-77.0415314,ai,grounded
AMERICAN CENTURY,4500 Main Street,Kansas City,MO,64111,39.0459505,-94.5868142,ai,corroborated
AMERICAN COMB CORP,22 Kentucky Ave,Paterson,NJ,07503,40.8998542,-74.155233,ai,grounded
AMERICAN COMMUNITY DEVELOPERS,"3001 Connecticut Ave NW, Suite 200",Washington,DC,20008,38.928751,-77.0476266,ai,uncorroborated
AMERICAN CONFERENCE OF CANTORS,"1657 Third Avenue, 2nd Floor",New York,NY,10128,40.8088444,-73.9303577,ai,corroborated
AMERICAN CYANAMID COMPANY,5 Giralda Farms,Madison,NJ,07940,40.7598227,-74.417097,ai,corroborated
AMERICAN DRAPERY SYSTEMS,,,,,,,,
AMERICAN EDUCATIONAL INSTITUTE,,BIRMINGHAM,MI,48009,,,,
AMERICAN EXPRESS,200 Vesey Street,New York,NY,10285,40.713897,-74.014007,ai,corroborated
AMERICAN FINDINGS CORP,10441 N Scottsdale Rd,Scottsdale,AZ,85253,33.5818276,-111.9257253,ai,grounded
AMERICAN FIRE RESTORATION LLC,71-02 80th Street,Glendale,NY,11385,40.7014917,-73.8868028,ai,grounded
AMERICAN FLUX & METAL LLC,,,,,,,,
AMERICAN FOOD & VENDING,124 Metropolitan Park Dr,Liverpool,NY,13088,43.113705,-76.1780539,ai,corroborated
AMERICAN FREE ENTERPRISE CHAMBER OF COMMERCE,,,,,,,,
AMERICAN FRIENDS OF MAGEN DAVID ADOM,"275 Madison Avenue, Suite 1701",New York,NY,10016,40.7502038,-73.9813548,ai,uncorroborated
AMERICAN GREETINGS,One American Road,Cleveland,OH,44144,41.4473858,-81.7133425,ai,corroborated
AMERICAN HEALTHCARE REIT,"18191 Von Karman Avenue, Third Floor",Irvine,CA,92612,33.6856969,-117.825981,ai,grounded
AMERICAN HOSPICE SYSTEMS,,,,,,,,
AMERICAN HOSPITAL ASSOCIATION,"155 N. Wacker Drive, Suite 400",Chicago,IL,60606,41.8848667,-87.6363214,ai,grounded
AMERICAN HOUSING VENTURES LLC,,,,,,,,
AMERICAN INDUSTRIAL PARTNERS,712 Fifth Avenue,New York,NY,10019,40.7622941,-73.9750754,ai,grounded
AMERICAN INTERNATIONAL GROUP,70 Pine Street,New York,NY,10270,43.0690799,-76.1723723,ai,uncorroborated
AMERICAN JEWELRY DESIGNS INC,440 S Flower St #3500,Los Angeles,CA,90071,34.0522944,-118.2552746,ai,uncorroborated
AMERICAN JEWISH MEDICAL ASSOCIATION,2108 N St Ste N,Sacramento,CA,95816,38.5717556,-121.4802839,ai,grounded
AMERICAN JEWISH UNIVERSITY,15600 Mulholland Drive,Bel Air,CA,90077,34.0827278,-118.4479802,ai,corroborated
AMERICAN KENNEL CLUB,260 Madison Avenue,New York,NY,10016,40.750754,-73.9812427,ai,corroborated
AMERICAN LANDMARK,4890 W Kennedy Blvd,Tampa,FL,33609,27.9442645,-82.5257265,ai,corroborated
AMERICAN LEADERSHIP INITIATIVE,1330 New Hampshire Avenue NW,Washington,DC,20036,38.9081907,-77.0446694,ai,corroborated
AMERICAN MEDICAL ASSOCIATION,330 N Wabash Ave,Chicago,IL,60611,41.8886592,-87.627596,ai,uncorroborated
AMERICAN NITRILE,3500 Southwest Blvd,Grove City,OH,43123,39.892488,-83.094934,ai,grounded
AMERICAN PHARMACEUTICAL SVCS,,,,,,,,
AMERICAN PSYCHOLOGICAL ASSOC,750 First Street NE,Washington,DC,20002,38.9042275,-77.0058862,ai,uncorroborated
AMERICAN RADIOLOGY,,,,,,,,
AMERICAN REALTY ADVISORS,"601 California Street, Suite 1900",San Francisco,CA,94108,37.7923304,-122.4048333,ai,corroborated
AMERICAN SECURITIES,"1345 Avenue of the Americas, 34th Floor",New York,NY,10105,40.7629997,-73.9790535,ai,corroborated
AMERICAN TECHNION SOCIETY,"600 Third Avenue, 7th Floor",New York,NY,10016,40.7493233,-73.9758905,ai,grounded
AMERICAN TECHNOLOGY SERVICES,2750 Prosperity Avenue Suite 240,Fairfax,VA,22031,38.8788893,-77.2363595,ai,grounded
AMERICAN UNIVERSITY,4400 Massachusetts Avenue NW,Washington,DC,20016,38.9394738,-77.0846933,ai,corroborated
AMERINTHIUM LLC,,,,,,,,
AMERIPRISE,707 2nd Avenue South,Minneapolis,MN,55402,44.9755282,-93.2695436,ai,uncorroborated
AMG,777 South Flagler Drive,West Palm Beach,FL,33401,26.7063121,-80.0486874,ai,grounded
AMG PROPERTIES INC,,,,,,,,
AMG PSYD PC,,,,,,,,
AMGEN,One Amgen Center Drive,Thousand Oaks,CA,91320,34.1910399,-118.9206609,ai,grounded
AMHERST,"401 Congress Ave, 33rd Floor",Austin,TX,78701,30.2667073,-97.7430582,ai,grounded
AMHERST CAR CARE,,,,,,,,
AMHERST COLLEGE,1 South Pleasant Street,Amherst,MA,01002,42.375509,-72.519938,ai,corroborated
AMI,,,,,,,,
AMIEL TOURS OF ISRAEL,,,,,,,,
AMIR DEVELOPMENT,"8730 Wilshire Blvd, #300",Beverly Hills,CA,90211,34.0664247,-118.3823875,manual,verified
AMITAY CONSULTING,"444 North Capitol Street NW, Suite 345",Washington,DC,20001,38.8955745,-77.009164,ai,grounded
AMLON RESOURCES GROUP,10 East 40th Street Suite 3802,New York,NY,10016,40.7517726,-73.9810488,ai,grounded
AMNESTY INTERNATIONAL,"311 West 43rd Street, 7th Floor",New York,NY,10036,40.7584222,-73.990005,ai,corroborated
AMOCO,200 East Randolph Drive,Chicago,IL,60601,41.884596,-87.620392,ai,uncorroborated
AMOREPACIFIC US INC,"4285 Hacienda Drive, Suite 250",Pleasanton,CA,94588,37.6899687,-121.8947121,ai,uncorroborated
AMPERON,"2000 Crawford St, Suite 1300",Houston,TX,77002,29.746373,-95.365783,ai,grounded
AMPERSAND INC,N16 W23217 Stone Ridge Drive Suite 150,Waukesha,WI,53188,43.053992,-88.2093152,ai,grounded
AMPLIFY,"795 Folsom Street, 1st Floor",San Francisco,CA,94107,37.7822024,-122.4004519,ai,corroborated
AMPLIUS WEALTH ADVISORS,,,,,,,,
AMROCK HOLDINGS,662 Woodward Ave,Detroit,MI,48226,42.3307761,-83.0458857,ai,grounded
AMSTAR GROUP,"200 Crescent Court, Suite 1630",Dallas,TX,75201,32.7936093,-96.8039036,ai,uncorroborated
AMSTORE,3951 Trade Drive SE,Grand Rapids,MI,49508,42.9632425,-85.6678639,ai,grounded
AMTEL CORPORATION,"1800 West Olive Avenue, Suite 100",Burbank,CA,91506,34.1662868,-118.323867,ai,uncorroborated
AMTRUST FINANCIAL SERVICES,"59 Maiden Lane, Suite 301",New York,NY,10038,40.7087463,-74.0081095,ai,corroborated
AMTRUST NORTH AMERICA,"59 Maiden Lane, 43rd Floor",New York,NY,10038,40.7087463,-74.0081095,ai,corroborated
AMY BUSH COMMERCIAL,,,,,,,,
AMYLEV STRATEGIES,,,,,,,,
ANALYSIS GROUP,"111 Huntington Ave, 17th Floor",Boston,MA,02199,42.3464784,-71.0814676,ai,uncorroborated
ANANDA HOLDINGS INC,,,,,,,,
ANCESTRAL HOLDINGS,,,,,,,,
ANCHIN BLOCK AND ACHIN,"1611 Telegraph Ave, Suite 1210",Oakland,CA,94612,37.8063501,-122.2707063,ai,uncorroborated
ANCHORAGE CAPITAL ADVISORS,"601 Lexington Ave, 44th Floor",New York,NY,10022,40.7587794,-73.9704834,ai,grounded
AND ASSET MANAGEMENT,"2720 S. La Cienega Blvd., Suite A",Los Angeles,CA,90034,34.0334164,-118.3756745,ai,grounded
AND WEALTH PARTNERS,,,,,,,,
ANDALUSIAN,250 Park Avenue South,New York,NY,10003,40.7381944,-73.9880991,ai,corroborated
ANDALUSIAN PRIVATE CAPITAL,"1 North Franklin St, Suite 3600",Tampa,FL,33602,27.9588687,-82.4601895,ai,uncorroborated
ANDERSON KILL PC,"1251 Avenue of the Americas, 42nd Floor",New York,NY,10020,40.7600411,-73.9818903,ai,uncorroborated
ANDIGO CAPITAL,,NEW YORK,NY,10001,,,,
ANDMARK MANAGEMENT,,,,,,,,
ANDREESSEN HOROWITZ,2865 Sand Hill Rd,Menlo Park,CA,94025,37.4205533,-122.2118403,ai,corroborated
ANDURIL INDUSTRIES,1560 Sherman Ave,Santa Monica,CA,90404,34.0194704,-118.491227,ai,grounded
ANESTHESIA ASSOCIATES OF MORRISTOWN,21 Clover Street,Morristown,NJ,07960,40.7970382,-74.4809868,ai,corroborated
ANESTHESIA PAIN TREATMENT,,,,,,,,
ANESTHESIA SERVICES OF BIRMINGHAM,"2151 Old Rocky Ridge Rd, Ste 106",Vestavia Hills,AL,35216,33.4133883,-86.7737075,ai,grounded
ANESTHESISA CARE,,,,,,,,
ANEVIS,,,,,,,,
ANGELO GORDON,245 Park Ave,New York,NY,10167,40.7546124,-73.9746719,ai,corroborated
ANGELS MUSIC PRODUCTIONS,,,,,,,,
ANGIOLOGY CORPORATION OF AMERICA,6986 Clarksville Pike,Joelton,TN,37080,36.316824,-86.8785602,ai,grounded
ANHALT REALTY LLC,240 Grand Ave,Englewood,NJ,07631,40.8855599,-73.9776765,ai,grounded
ANK,,,,,,,,
ANNEX REAL ESTATE,"110 5th Ave, Suite 700",New York,NY,10011,40.7375819,-73.9927012,ai,corroborated
ANNEX VENTURES,"4984 El Camino Real, Suite 200",Los Altos,CA,94022,37.3973166,-122.1061244,ai,grounded
ANODYNE,"310 W Wells St, Suite 1250",Milwaukee,WI,53203,43.0400778,-87.9147955,ai,uncorroborated
ANS,,,,,,,,
ANSAM METALS,,,,,,,,
ANSBACHER LAW,"821 W 7th St, Suite 1000",Los Angeles,CA,90017,34.0490865,-118.2595437,ai,uncorroborated
ANTARES CAPITAL CORP,320 South Canal Street,Chicago,IL,60606,41.8775772,-87.6405063,ai,grounded
ANTELOPE VALLEY HIGH SCHOOL,44911 North 20th Street West,Lancaster,CA,93536,34.6981064,-118.1366153,ai,corroborated
ANTERIX,"420 Lexington Avenue, Suite 490",New York,NY,10170,40.7524677,-73.9757799,ai,uncorroborated
ANTEX,3750 Broadway Pl,Los Angeles,CA,90007,34.013885,-118.275537,ai,corroborated
ANTHEM BLUE SHIELD,220 Virginia Avenue,Indianapolis,IN,46204,39.7631664,-86.1508708,ai,uncorroborated
ANTI-DEFAMATION LEAGUE,"605 Third Avenue, 10th Floor",New York,NY,10158,40.8088444,-73.9303577,ai,uncorroborated
ANTIQUE DEALER,,,,,,,,
ANTON LEGAL GROUP,"5001 Spring Valley Road, Suite 200W",Dallas,TX,75244,32.9396041,-96.8265129,ai,uncorroborated
ANYA KISHINEVSKY MD,,,,,,,,
AON,200 East Randolph Street,Chicago,IL,60601,41.8852857,-87.6215489,ai,uncorroborated
AONE,,,,,,,,
AOPA,421 Aviation Way,Frederick,MD,21701,39.4168288,-77.3803563,ai,grounded
AOSPA,,,,,,,,
APCO,"1301 K Street NW, Suite 1000E",Washington,DC,20005,38.9030498,-77.0308071,ai,uncorroborated
APEX,731 Lexington Avenue,New York,NY,10022,40.7618743,-73.9682563,ai,uncorroborated
APEX BASEBALL,,,,,,,,
APEX CARDIOLOGY,"101 East Vine Street, Suite 400",Lexington,KY,40507,38.0453947,-84.4976112,ai,uncorroborated
APEX COLOR,311 E. 5th St,Pasadena,CA,91101,34.1476507,-118.144155,ai,uncorroborated
APEX COMPANIES,"999 Southbay Drive, Suite 100",League City,TX,77573,29.5074538,-95.0949303,ai,corroborated
APEX CONCIERGE HEALTH,,,,,,,,
APF PROPERTIES,"28 West 44th Street, Club Row Building, 7th Floor",New York,NY,10036,40.7127281,-74.0060152,ai,grounded
APG ASSET MANAGEMENT US INC,"666 Third Avenue, 2nd Floor",New York,NY,10017,40.8088444,-73.9303577,ai,grounded
APOLLO GLOBAL MANAGEMENT,9 West 57th Street,New York,NY,10019,40.7638353,-73.9749533,manual,verified
APOLLO INVESTMENT CONSULTING,9 West 57th Street,New York,NY,10019,40.7638353,-73.9749533,ai,corroborated
APOLLO ISG,"2121 Rosecrans Ave, Suite 5300",El Segundo,CA,90245,33.9026899,-118.3879546,manual,verified
APOTEX CORP,2400 N Commerce Parkway,Weston,FL,33326,26.0896264,-80.3670179,manual,verified
APPA REAL ESTATE,,,,,,,,
APPALACIAN MOUNTAIN CLUB,10 City Square,Boston,MA,02129,42.3722722,-71.0617366,ai,corroborated
APPLAUSE,"180 Varick Street, 10th Floor",New York,NY,10014,40.7274501,-74.0051394,ai,corroborated
APPLE INC,One Apple Park Way,Cupertino,CA,95014,37.3349372,-122.0126936,ai,corroborated
APPLEBAUM VENTURES,,,,,,,,
APPLESEED BUSINESS INC,,,,,,,,
APPLIED INTUITION,"315 Montgomery Street, 3rd Floor",San Francisco,CA,94104,37.7921032,-122.4028501,ai,corroborated
APPLIED MATERIALS,3050 Bowers Avenue,Santa Clara,CA,95054,37.376829,-121.97789,ai,grounded
APPLIED MICROSTRUCTURES,3985 Freedom Circle,Santa Clara,CA,95054,37.3904529,-121.9726577,ai,corroborated
APPLIED UNDERWRITERS,10805 Old Mill Road,Omaha,NE,68154,41.2595603,-96.0777745,manual,verified
APPLYCHECK,"57 West Timonium Road, Suite 105A",Lutherville Timonium,MD,21093,39.4391951,-76.6308268,ai,grounded
APPREHENSIVE PATIENT,629 Clifton Avenue,Clifton,NJ,07011,40.872148,-74.152383,ai,grounded
APPROVED FINANCIAL,"175 S. W. 7th Street, Suite 1925",Miami,FL,33130,25.8280253,-80.2835502,ai,corroborated
APRIO ADVISORY GROUP,"1301 Avenue of the Americas, 33rd Floor",New York,NY,10019,40.7618616,-73.9801825,ai,uncorroborated
APRIO LLP,"1555 N Technology Way, Suite 300",Orem,UT,84097,40.2981599,-111.6944313,ai,uncorroborated
APS & ASSOCIATES,105 W Madison St,Chicago,IL,60602,41.8818088,-87.6311557,ai,grounded
APTALIS,101 College Road East,Princeton,NJ,08540,40.3496953,-74.6597376,ai,uncorroborated
AQR,131 Dartmouth Street,Greenwich,CT,06830,41.0264862,-73.6284598,ai,corroborated
AQUATIC AV,,,,,,,,
AQUILINE,"One Manhattanville Road, Suite 201",Purchase,NY,10577,41.0255838,-73.712334,ai,uncorroborated
AR PLASTICS,,,,,,,,
ARANGO CIGAR CO,,,,,,,,
ARASH LAW,2960 Wilshire Blvd,Los Angeles,CA,90010,34.0617434,-118.2858952,ai,corroborated
ARBEL GROUP,"1401 Broadway, 29th Floor",New York,NY,10018,40.753032,-73.987378,ai,corroborated
ARBELLA INSURANCE FOUNDATION,60 State Street,Boston,MA,02109,42.3596782,-71.056579,ai,corroborated
ARBITER PARTNERS CAPITAL MANAGEMENT,"530 Fifth Avenue, 20th Floor",New York,NY,10036,40.919542,-73.8048636,ai,grounded
ARC,5504 Estate Oak Circle,Fort Lauderdale,FL,33312,26.1223084,-80.1433786,ai,grounded
ARCADIA DEVELOPMENT CO,5185 Cherry Ave Ste 10,San Jose,CA,95118,37.2588616,-121.8710315,ai,grounded
ARCADIA IBI GROUP,421 Fayetteville Street,Raleigh,NC,27601,35.7743454,-78.6387711,ai,grounded
ARCH INSURANCE,"FOUR EMBARCADERO CENTER, SUITE 3680",SAN FRANCISCO,CA,94111,37.7952988,-122.3962074,manual,verified
ARCHBISHOP STEPINAC HIGH SCHOOL,950 Mamaroneck Ave,White Plains,NY,10605,41.0077743,-73.753229,ai,corroborated
ARCHES SENIOR LIVING,100 Crescent Ct #300,Mesa,AZ,85210,33.4151005,-111.831455,ai,uncorroborated
ARCHIVE,,,,,,,,
ARCHIVE RESALE,,,,,,,,
ARCOS COMMUNICATIONS,341 W 38th St Fl 12,New York,NY,10018,40.7557023,-73.993384,ai,grounded
ARCXIS,"19450 State HWY 249, Suite 300",Houston,TX,77070,29.7589382,-95.3676974,ai,grounded
ARDEA PARTNERS,"10 Hudson Yards, 48th Floor",New York,NY,10001,40.7526862,-74.0015457,ai,grounded
ARDELYX,"400 Fifth Avenue, Suite 210",Waltham,MA,02451,42.3884346,-71.2584868,ai,grounded
ARDEN INSURANCE SERVICES LLC,"300 South Grand Avenue, 36th Floor",Los Angeles,CA,90071,34.052874,-118.251217,ai,corroborated
ARDMORE RESIDENTIAL,420 Lexington Ave,New York,NY,10170,40.7524677,-73.9757799,ai,uncorroborated
ARDMORE TOYOTA,219 E. Lancaster Ave,Ardmore,PA,19003,40.0040982,-75.283208,ai,grounded
ARDR REALTY LLC,318 Amethyst Avenue,Newport Beach,CA,92662,33.6078323,-117.8910532,ai,grounded
AREAS,"5301 Blue Lagoon Drive, Suite 690",Miami,FL,33126,25.7825213,-80.2821271,ai,grounded
ARENA STAGE,1101 Sixth St SW,Washington,DC,20024,38.8950982,-77.0363849,ai,uncorroborated
ARENTFOX SCHIFF,1301 K Street NW,Washington,DC,20005,38.9030498,-77.0308071,ai,grounded
ARES MANAGEMENT,"2000 Avenue of the Stars, 12th Floor",Los Angeles,CA,90067,34.0583138,-118.4146758,ai,corroborated
ARES PRIVATE EQUITY,"2000 Avenue of the Stars, 12th Floor",Los Angeles,CA,90067,34.0583138,-118.4146758,ai,corroborated
ARETE WEALTH INC,,,,,,,,
AREX CAPITAL MANAGEMENT,299 Park Ave,New York,NY,10171,40.7560254,-73.9741826,ai,corroborated
ARGENT CAPITAL MANAGEMENT,1745 N Brown Rd Suite 100,Lawrenceville,GA,30043,33.9566391,-83.9890066,ai,uncorroborated
ARGENT MANAGEMENT LLC,980 American Pacific Dr Suite 111,Henderson,NV,89014,36.0424256,-115.0273529,ai,grounded
ARGENT VENTURES,3600 Mansell Rd Suite 312,Alpharetta,GA,30022,34.037533,-84.294554,ai,uncorroborated
ARGO PARTNERS,"12 West 37th Street, Suite 900",New York,NY,10018,40.7505511,-73.9842484,ai,grounded
ARGO REAL ESTATE LLC,,,,,,,,
ARGUS CAPITAL GROUP,"555 Madison Avenue, 22nd Floor",New York,NY,10022,40.7611485,-73.9727174,ai,uncorroborated
ARI-EL ENTERPRISES INC,,,,,,,,
ARIE VROWN,,,,,,,,
ARIEL PROPERTY ADVISORS,"360 Lexington Avenue, 5th Floor",New York,NY,10017,40.7504859,-73.9771542,ai,corroborated
ARIEL ZISMAN MD PA,"2920 NE 207th St, Suite 802",Aventura,FL,33180,25.966507,-80.1430983,ai,grounded
ARILEUS CAPITAL,,,,,,,,
ARION FUND,,,,,,,,
ARIS VISION INSTITUTE MEXICO,,,,,,,,
ARISE CAPITAL PARTNERS,"555 Skokie Blvd, Suite 445",Northbrook,IL,60062,42.1413951,-87.7937814,ai,grounded
ARISING EDUCATIONAL CONSULTING,,,,,,,,
ARISTA NETWORKS,5453 Great America Parkway,Santa Clara,CA,95054,37.4120263,-121.9759495,ai,corroborated
ARIZONA ATTORNEY GENERALS OFFICE,1275 West Washington Street,Phoenix,AZ,85007,33.4480937,-112.0888889,ai,corroborated
ARIZONA STATE LEGISLATURE,1700 W Washington St,Phoenix,AZ,85007,33.4481203,-112.0978012,ai,corroborated
ARK,"3 Canal Plaza, Suite 100",Portland,ME,04101,43.6571522,-70.2551752,ai,uncorroborated
ARK HOMES FOR RENT,"19950 W Country Club Drive, 9th Floor",Aventura,FL,33180,25.9605416,-80.1401777,manual,verified
ARKENSTONE CAPITAL,"505 Montgomery Street, Suite 700",San Francisco,CA,94111,37.793845,-122.403525,ai,corroborated
ARKHOUSE,,,,,,,,
ARLEMARK INC,"1010 Washington Blvd, 3rd Floor",Stamford,CT,06901,41.0536475,-73.5426933,ai,uncorroborated
ARLENE AND ROBERTA,,,,,,,,
ARLINGTON PUBLIC SCHOOLS,1426 North Quincy Street,Arlington,VA,22207,38.8886318,-77.1089587,ai,corroborated
ARMSTRONG,2500 Columbia Avenue,Lancaster,PA,17603,40.039897,-76.372425,ai,uncorroborated
ARMSTRONG ATLANTIC,11935 Abercorn Street,Savannah,GA,31419,31.9782187,-81.1627303,ai,corroborated
ARMSTRONG TEASDALE LLP,"7700 Forsyth Boulevard, Suite 1800",Saint Louis,MO,63105,38.6461998,-90.3034052,ai,corroborated
ARMY,1400 Army Pentagon,Washington,DC,20310,38.8950982,-77.0363849,ai,grounded
ARMY CORPS OF ENGINEERS,441 G Street NW,Washington,DC,20314,38.8950982,-77.0363849,ai,uncorroborated
ARNALL GOLDEN GREGORY,"171 17th Street NW, Suite 2100",Atlanta,GA,30363,33.7915373,-84.3937739,ai,corroborated
ARNOLD & PORTER,601 Massachusetts Avenue NW,Washington,DC,20001,38.9021529,-77.0206199,ai,grounded
ARNOLD JACOBSON MD,,,,,,,,
ARONBERG GOLDGEHN,"330 North Wabash Avenue, Suite 1700",Chicago,IL,60611,41.8886592,-87.627596,ai,corroborated
ARONOV REALTY MANAGEMENT INC,"3500 Eastern Blvd, Suite 100",Montgomery,AL,36116,32.332857,-86.230393,manual,verified
ARREDONDO & CO,,,,,,,,
ARROW PARKING CORP,204 E Lombard St,Baltimore,MD,21202,39.2879075,-76.6113495,ai,grounded
ARROWHEAD STAIRS AND TRIM,13780 Benchmark Dr,Farmers Branch,TX,75234,32.9290964,-96.9183881,ai,grounded
ART FLAG,890 River Road,Edgewater,NJ,07020,40.825483,-73.9744485,ai,grounded
ART OF LIVING FOUNDATION,2401 15th St NW,Washington,DC,20009,38.9217321,-77.0350115,ai,grounded
ARTHRITIS & OSTEOPOROSIS CENTER,,,,,,,,
ARTHUR AGATSTON MD,4700 N Federal Hwy #300,Boca Raton,FL,33431,26.3757125,-80.0764532,ai,corroborated
ARTIMUS,316 West 118th Street,New York,NY,10026,40.805964,-73.9555658,ai,grounded
ARTISAN PARTNERS,"875 E. Wisconsin Ave, Suite 800",Milwaukee,WI,53202,43.038806,-87.9004887,ai,grounded
ARTIST,,,,,,,,
ARTISTIC TILE INC,520 Secaucus Road,Secaucus,NJ,07094,40.7749171,-74.0605277,manual,verified
ARTOCCA,,,,,,,,
ARWAY CONFECTIONS,3425 N. Kimball Ave,Chicago,IL,60618,41.9432929,-87.712507,ai,grounded
ASA BUILDERS SUPPLY,2040 Easy St,Walled Lake,MI,48390,42.537811,-83.4810481,ai,grounded
ASAI,,,,,,,,
ASBURY,2900 Seminary Ave,Ocean City,NJ,08226,39.2788685,-74.5762507,ai,uncorroborated
ASCEND ADVISORS,"27001 Agoura Road, Suite 280",Calabasas,CA,91301,34.138174,-118.713623,ai,grounded
ASCEND CAPITAL GROUP INTERNATIONAL LLC,"20 N Wacker Dr, Suite 1800",Chicago,IL,60606,41.8827112,-87.6374724,ai,uncorroborated
ASCENDA CAPITAL,"345 N Maple Dr, Suite 127",Beverly Hills,CA,90210,34.0746128,-118.3939683,ai,grounded
ASCENT PARTNERS,19505 Biscayne Blvd Suite 2350,Aventura,FL,33180,25.9554773,-80.143019,ai,grounded
ASCOT GROUP,1251 Avenue of the Americas,New York,NY,10020,40.7600411,-73.9818903,ai,grounded
ASE GROUP,,,,,,,,
"ASE GROUP, POLITICAL BRANDING ASSO",46800 Bayside Parkway,Fremont,CA,94538,37.4805016,-121.9399634,ai,grounded
ASF WINES LLC,68 Clover Drive,Great Neck,NY,11021,40.7937139,-73.7376246,ai,grounded
ASG EQUITIES,"26 Cortlandt Street, 5th Floor",New York,NY,10007,40.7100487,-74.0103132,manual,verified
ASH FINE ART,860 Park Avenue,New York,NY,10075,40.7746047,-73.961579,ai,grounded
ASH RENOVATIONS,6 Office Park Circle Suite 107,Birmingham,AL,35223,33.5206824,-86.8024326,ai,grounded
ASHAR GROUP,2400 N Federal Hwy,Boca Raton,FL,33431,26.370754,-80.076786,ai,corroborated
ASHE LAW,,,,,,,,
ASHENOFF AND ASSOCIATES,"1200 Brickell Ave, Suite 1950",Miami,FL,33131,25.7621104,-80.1923056,ai,corroborated
ASHKAN PIROUZ,301 W Bastanchury Rd Ste 285,Fullerton,CA,92835,33.8945705,-117.932116,ai,grounded
ASIAQUEST JOURNEYS,3046 N Street NW,Washington,DC,20007,38.906675,-77.0609325,ai,grounded
ASIRINT,,,,,,,,
ASK,"2 Huntington Quadrangle, Suite 4N05",Melville,NY,11747,40.7716874,-73.4165378,ai,corroborated
ASKNEO.MEDIA,,,,,,,,
ASMG,,,,,,,,
ASN,,,,,,,,
ASPEN CAPITAL,"13190 SW 68th Parkway, Suite 130",Tigard,OR,97223,45.4247478,-122.7448701,ai,grounded
ASPEN GROUP,"333 S Hope Street, 48th Floor",Los Angeles,CA,90071,34.0536175,-118.2532727,ai,uncorroborated
ASPEN IMAGING CONSULTANTS,"10101 N 92nd Street, Suite 150",Scottsdale,AZ,85258,33.5787148,-111.8801689,ai,uncorroborated
ASPEN SQUARE MANAGEMENT,"67 Hunt Street, Suite 206",Agawam,MA,01001,42.0830876,-72.5937373,ai,grounded
ASPEN STRATEGICS. LLC,,,,,,,,
ASPEN TLV,,,,,,,,
ASPHALT ANCHORS CORP,10 Ridge Road,West Orange,NJ,07052,40.7757718,-74.2602972,ai,grounded
ASPIRIANT,"1999 Harrison St, Suite 1500",Oakland,CA,94612,37.8077827,-122.2651196,ai,corroborated
ASRC FEDERAL,"11091 Sunset Hills Road, Suite 800",Reston,VA,20190,38.9460117,-77.3277513,ai,grounded
ASSA ABLOY FENESTRATION,"16530 N 90th St, Suite 200",Scottsdale,AZ,85260,33.6357952,-111.8869897,ai,uncorroborated
ASSESSMENT SOLUTIONS GROUP,215 Loch Lomond Way,Danville,CA,94526,37.8114037,-122.0044724,ai,corroborated
ASSET INVESTMENTS CORP,,,,,,,,
ASSOC FOR THE BLIND & VISUALLY IMPAIRE,"500 E Pratt St, Suite 900",Baltimore,MD,21202,39.2872209,-76.6082108,ai,uncorroborated
ASSOCIATED AGENCIES INC,1701 Golf Road Suite 3-700,Rolling Meadows,IL,60008,42.0514454,-88.0023983,ai,grounded
ASSOCIATED ASSET MANAGEMENT,"655 Third Avenue, 19th Floor",New York,NY,10017,40.8088444,-73.9303577,ai,uncorroborated
ASSOCIATED DERMATOLOGISTS,,,,,,,,
ASSOCIATED JEWISH COMMITTEE,"1101 14th St NW, Suite 600",Washington,DC,20005,38.9039711,-77.0315891,ai,uncorroborated
ASSOCIATED PENSION,,,,,,,,
ASSOCIATED PENSION CONSULTANTS,"1120 Route 73, Suite 200",Mount Laurel,NJ,08054,39.934002,-74.8909988,ai,corroborated
ASSOCIATED RETINAL CONSULTANTS,6200 Arrowhead Drive NE,Cedar Rapids,IA,52402,41.9758872,-91.6704053,ai,uncorroborated
ASSOCIATED UROLOGIC SPECIALISTS,"2000 East 22nd Street, Suite 208",Eugene,OR,97403,44.0505054,-123.0950506,ai,uncorroborated
ASSOCIATES IN DENTISTRY PC,,,,,,,,
ASSOCIATES IN GASTROENTEROLOGY OF UNION COUNTY PA,210 North Avenue East,Cranford,NJ,07016,40.6569431,-74.2975891,ai,uncorroborated
ASSOCIATION FOR WOMENS HEALTH CARE,"30 North Michigan Avenue, Suite 300",Chicago,IL,60602,41.8829938,-87.6249913,ai,grounded
ASSOCIATION MANAGEMENT GROUP INC,614 W. Friendly Avenue,Greensboro,NC,27401,36.0735477,-79.7920641,ai,grounded
ASSURED INVESTMENT MANAGEMENT,3000 Marcus Ave Ste 3W2,Lake Success,NY,11042,40.7588434,-73.6956206,ai,grounded
ASSURED PARTNERS,"510 S 8th St, Suite 300",Richmond,VA,23219,37.5383338,-77.4376196,ai,uncorroborated
ASTELLAS,1 Astellas Way,Northbrook,IL,60062,42.128704,-87.8265089,ai,uncorroborated
ASTON CAPITAL,"355 Alhambra Circle, Suite 1350",Coral Gables,FL,33134,25.7524633,-80.2617625,manual,verified
ASTRA,1 Rocket Road,Hawthorne,NY,10532,41.1073582,-73.7957894,ai,uncorroborated
ASTRO APPAREL,,,,,,,,
ASU,1151 S Forest Ave,Tempe,AZ,85281,33.42597,-111.9298974,ai,uncorroborated
ASURION,1101 Church St,Nashville,TN,37203,36.1594934,-86.7885986,ai,grounded
ASYV,,,,,,,,
AT HOME,"3750 Quorum Drive, Suite 700",Dallas,TX,75251,32.9486998,-96.824378,ai,grounded
AT&T,208 S Akard St,Dallas,TX,75202,32.7796042,-96.798763,ai,uncorroborated
AT&T MOBILITY,208 S Akard St,Dallas,TX,75202,32.7796042,-96.798763,ai,uncorroborated
ATALAN CAPITAL,"140 East 45th Street, 17th Floor",New York,NY,10017,40.7528121,-73.9739556,manual,verified
ATC ALERT,,,,,,,,
ATCO,"480 Wildwood Forest Drive, Suite 225",Spring,TX,77380,30.0795707,-95.4187924,ai,grounded
ATCO INTERNATIONAL,2399 Route 35,Holmdel,NJ,07733,40.3451095,-74.1840322,ai,uncorroborated
ATHENE,7700 Mills Civic Parkway,West Des Moines,IA,50266,41.5578766,-93.8120446,ai,grounded
ATHENS INSURANCE SERVICES,375 Richland Ave,Athens,OH,45701,39.3148831,-82.1050057,ai,grounded
ATHOS PR,,,,,,,,
ATLANTA CURBAPPEAL,,,,,,,,
ATLANTA ENT,"5555 Peachtree Dunwoody Road, Suite 125",Sandy Springs,GA,30342,33.9057565,-84.3519324,ai,grounded
ATLANTA FINE HOMES SOTHEBY'S INTERNATIONAL REALTY,"3353 Peachtree Road NE, Suite 100",Atlanta,GA,30326,33.8484064,-84.3663985,ai,corroborated
ATLANTA HAWKS,"1 State Farm Arena, 1 State Farm Drive SE",Atlanta,GA,30303,33.7544657,-84.3898151,ai,corroborated
ATLANTA PROPERTY GROUP,3850 Lenox Rd NE Ste 200,Atlanta,GA,30326,33.8501218,-84.3726095,ai,corroborated
ATLANTA PSYCHOLOGICAL SERVICES,2308 Perimeter Park Dr Ste 100,Atlanta,GA,30341,33.7544657,-84.3898151,ai,grounded
ATLANTIC AUTOMOTIVE CORP,"1 Olympic Place, Suite 1210",Towson,MD,21204,39.4029305,-76.6029347,manual,verified
ATLANTIC COAST ENTERPRISES,"1001 W Cypress Creek Rd, Suite 401",Fort Lauderdale,FL,33309,26.2028047,-80.16761,manual,verified
ATLANTIC DEVELOPMENT,200 S Orange Ave Ste 1200,Orlando,FL,32801,28.5400099,-81.3794971,ai,uncorroborated
ATLANTIC ENT,"530 Lakehurst Road, Suite 201",Toms River,NJ,08755,39.9656655,-74.2248735,ai,grounded
ATLANTIC HEALTH SYSTEM,475 South St,Morristown,NJ,07960,40.7874897,-74.470616,ai,corroborated
ATLANTIC MEDICAL IMAGING,121 Executive Blvd,Elmsford,NY,10523,41.0550969,-73.8201338,ai,uncorroborated
ATLANTIC REALTY ASSOCIATES INC,"8150 Leesburg Pike, Suite 1100",Vienna,VA,22182,38.916462,-77.227182,ai,grounded
ATLANTIC REALTY DEV CORP,90 Woodbridge Center Dr Ste 600,Woodbridge,NJ,07095,40.5516999,-74.2998671,ai,grounded
ATLANTIC REALTY DEVELOPMENT CO,90 Woodbridge Center Dr Ste 600,Woodbridge,NJ,07095,40.5516999,-74.2998671,ai,grounded
ATLANTIS CASINO RESORT & SPA,3800 S Virginia St,Reno,NV,89502,39.4889062,-119.7934661,ai,corroborated
ATLAS BILLIARD SUPPLIES LLC,,,,,,,,
ATLAS BRANDS,1155 Battery Ave SE,Atlanta,GA,30339,33.8907506,-84.4691663,ai,uncorroborated
ATLAS FINANCIAL,"2 Seagate, Suite 600",Tampa,FL,33602,27.9389055,-82.4492677,ai,uncorroborated
ATLAS HOLDINGS,"40 West 57th Street, 8th Floor",New York,NY,10019,40.7635878,-73.9759916,ai,uncorroborated
ATLAS PUMP REPAIR CORP,743 W Merrick Road,Valley Stream,NY,11580,40.6689734,-73.713891,ai,grounded
ATLAS STRATEGY GROUP,15 Ladue Lane,Saint Louis,MO,63124,38.6526497,-90.3858939,ai,grounded
ATLAS VENTURE,"125 High Street, Suite 201",Boston,MA,02110,42.3550474,-71.053416,ai,corroborated
ATLAS WEST GROUP,"550 West B Street, Fourth Floor Suite 181",San Diego,CA,92101,32.7174202,-117.162772,ai,grounded
ATLASSIAN,"350 Bush Street, Suite 200",San Francisco,CA,94104,37.7913454,-122.4032976,ai,corroborated
ATNY DESIGN,,,,,,,,
ATOMICMIND,,,,,,,,
ATRIA,"8515 Georgia Avenue, Suite 700",Silver Spring,MD,20910,38.9948407,-77.0272906,ai,uncorroborated
ATRIUMHEALTH,1000 Blythe Boulevard,Charlotte,NC,28203,35.2037517,-80.8403084,ai,corroborated
ATRIUS HEALTH/OPTUM,70 Fawcett Street,Cambridge,MA,02138,42.3924666,-71.1460604,ai,corroborated
ATTAIN PARTNERS,1280 North Lake Shore Drive,Chicago,IL,60611,41.905539,-87.625326,ai,uncorroborated
ATTENTIVE,"217 West 18th Street, 6th Floor",New York,NY,10011,40.7415685,-73.9987902,ai,corroborated
ATTORNEY GENERAL,U.S. Department of Justice 950 Pennsylvania Ave NW,Washington,DC,20530,38.8950982,-77.0363849,ai,uncorroborated
AUBURN UNIVERSITY,"The President's Office, 1 Biggin Hall",Auburn,AL,36849,32.6098566,-85.4807825,ai,corroborated
AUDACIOUS,"5523 Research Park Drive, Suite 370",Baltimore,MD,21228,39.2489786,-76.7134414,ai,grounded
AUDIBLE,1 Washington Blvd,Newark,NJ,07102,40.735657,-74.1723667,ai,corroborated
AUDIBLE ARTISTS,,,,,,,,
AUERBACH FUNDS LLC,"6000 Fairview Road, 12th Floor",Charlotte,NC,28210,35.151082,-80.839882,ai,grounded
AUERBACH REALTY HOLDINGS LLC,2416 Wilshire Blvd,Santa Monica,CA,90403,34.0299763,-118.4849302,manual,verified
AUGEO,"5080 Spectrum Dr NW, Suite 100",Bainbridge Island,WA,98110,47.6515096,-122.5246791,ai,uncorroborated
AUGLAIZE MERCER UROLOGY,"950 S Main St, Ste 10",Celina,OH,45822,40.5403865,-84.5740815,ai,grounded
AUGUSTA ENTERPRISES,3514 Washington Rd,Augusta,GA,30907,33.5142821,-82.0586361,manual,verified
AUGUSTA PRECIOUS METALS,5830 East 2nd Street,Casper,WY,82609,42.8448562,-106.237772,ai,grounded
AUKE BAY COMPANY,,Seattle,WA,98101,,,,
AURION BIOTECH,"701 Pike Street, Suite 2225",Seattle,WA,98101,47.6114981,-122.332779,ai,corroborated
AUSGAR,"10721 Treena Street, Suite 100",San Diego,CA,92131,32.91296,-117.113429,ai,grounded
AUSTIN GASTROENTEROLOGY,"1006 West 32nd St, Suite 200",Austin,TX,78705,30.301513,-97.746254,ai,corroborated
AUSTIN HEART,"401 W 15th St, Suite 1410",Austin,TX,78701,30.277802,-97.743624,ai,corroborated
AUSTIN ISD,4000 S IH-35 Frontage Rd,Austin,TX,78704,30.2711286,-97.7436995,ai,grounded
AUSTIN RADIOLOGICAL ASSOCIATION,6836 Austin Center Blvd,Austin,TX,78731,30.351306,-97.7522318,ai,corroborated
AUSTIN RADIOLOGY,12221 Renfert St,Austin,TX,78758,30.3754823,-97.7166729,ai,corroborated
AUTHZED INC,"155 2nd St, Suite 200",San Francisco,CA,94105,37.7873909,-122.398877,ai,uncorroborated
AUTISM SPEAKS,"1 East 33rd Street, 10th Floor",New York,NY,10016,40.7476501,-73.9845022,ai,corroborated
AUTO CLUB GROUP,1 Auto Club Plz,Dearborn,MI,48126,42.3222599,-83.1763145,ai,corroborated
AUTOMATED DOCUMENT SYSTEMS,1500 Eisenhower Place,Ann Arbor,MI,48108,42.2427841,-83.7301092,ai,uncorroborated
AUTOPARTS INTERNATIONAL,8520 NW 27th Terrace,Doral,FL,33122,25.7995368,-80.3531535,ai,uncorroborated
AUTUMN COMMUNICATIONS INC,335 N Maple Dr Suite 150,Beverly Hills,CA,90210,34.0737246,-118.3936008,ai,grounded
AVALON PROPERTIES,,,,,,,,
AVANT,"222 W Merchandise Mart Plaza, Suite 900",Chicago,IL,60654,41.8888053,-87.6344719,ai,grounded
AVANTI PROPERTIES GROUP,923 N Pennsylvania Ave,Winter Park,FL,32789,28.6055311,-81.3572785,ai,corroborated
AVANTUS,"655 W Broadway, Suite 1550",San Diego,CA,92101,32.71542,-117.168556,ai,grounded
AVATAR SECURITIES LLC,"100 Park Ave, 16th Floor",New York,NY,10017,40.9352886,-73.8557474,ai,corroborated
AVD MANAGEMENT,,,,,,,,
AVENTURA ENTERTAINMENT INC,,,,,,,,
AVENUE SIX STUDIOS,7900 Haskell Ave,Van Nuys,CA,91406,34.1866193,-118.4486675,ai,grounded
AVEVA,"920 Memorial City Way, Suite 1200",Houston,TX,77024,29.7817107,-95.5355633,ai,grounded
AVG PARTNERS,9595 Wilshire Blvd Suite 700,Beverly Hills,CA,90212,34.0674722,-118.402611,ai,grounded
AVIATOR CAPITAL,"405 Lexington Ave, Suite 1900",New York,NY,10174,40.7519148,-73.97553,ai,uncorroborated
AVIS MANAGEMENT,,,,,,,,
AVIV GROWTH PARTNERS,1209 Orange St,Wilmington,DE,19801,39.7485065,-75.5476836,ai,uncorroborated
AVNER GAT,,,,,,,,
AVOQ,"1201 New York Ave NW, Suite 900",Washington,DC,20005,38.9009286,-77.0282816,ai,grounded
AWARD,5711 Ridge Ave,Philadelphia,PA,19128,40.0274334,-75.2094292,ai,grounded
AWARE BUILDINGS,"8 The Green, Suite 425",Irvington,NY,10533,41.0398662,-73.872717,ai,corroborated
AWEARABLES,,,,,,,,
AWESOMELY,,,,,,,,
AWM,,,,,,,,
AWS,410 Terry Ave N,Seattle,WA,98109,47.622298,-122.3365001,ai,grounded
AXA XL,"Seaview House, 70 Seaview Ave",Stamford,CT,06902,41.0534302,-73.5387341,ai,grounded
AXCEL PARTNERS,10955 Nacirema Lane,Stevenson,MD,21153,39.4274301,-76.7048186,ai,grounded
AXEL PLASTICFS,,,,,,,,
AXELA DEVELOPMENT GROUP,,,,,,,,
AXELROD CONSULTING,,,,,,,,
AXIA HOME LOANS,"3009 112th Ave NE, Suite 200",Bellevue,WA,98004,47.6380654,-122.1951681,ai,grounded
AXIOM,33 Benedict Place,Greenwich,CT,06830,41.029218,-73.6278835,ai,grounded
AXIOM INVEST,,,,,,,,
AXIOM REAL ESTATE INVESTMENTS,"280 S Beverly Dr, Suite 312",Beverly Hills,CA,90212,34.0628011,-118.3989728,ai,grounded
AXLE HOMES,"595 Market St, Suite 200",San Francisco,CA,94105,37.7892292,-122.4007916,ai,corroborated
AXOGEN,13631 Progress Blvd,Alachua,FL,32615,29.7803818,-82.4745372,ai,grounded
AXONIC,12411 High Bluff Dr,San Diego,CA,92130,32.9441258,-117.239687,ai,uncorroborated
AXS,1216 Broadway,New York,NY,10001,40.7465808,-73.9883005,ai,uncorroborated
AY STRAUSS,,,,,,,,
AYC VENTURES,,,,,,,,
AZTEC GROUP,2665 S Bayshore Dr PH-2A,Miami,FL,33133,25.7741566,-80.1935973,ai,grounded
AZURE PRISM,,,,,,,,
AZW LAW PC,,,,,,,,
B RESI,575 Lexington Ave,New York,NY,10022,40.7571656,-73.9713791,ai,uncorroborated
B WITH A TWIST LLC,,,,,,,,
B WOLF AND SONS,,,,,,,,
B&A CONSTRUCTION,,,,,,,,
B'NAI SHALOM DAY SCHOOL,804 Winview Dr A,Greensboro,NC,27410,36.0935562,-79.8565574,ai,grounded
B'YACHAD OF SPRINGFIELD,979 Dickinson St,Springfield,MA,01108,42.0718629,-72.5501481,ai,grounded
B2M2 ADVISORS,,,,,,,,
BAB RADIOLOGY,200 Switzer Ave,Bloomington,IL,61701,40.4797828,-88.9939147,ai,uncorroborated
BABACO,497 Washington Ave,Carlstadt,NJ,07072,40.8318037,-74.0534682,ai,grounded
BABSON COLLEGE,231 Forest Street,Babson Park,MA,02457,42.292794,-71.2522287,ai,uncorroborated
BAC,100 N Tryon St,Charlotte,NC,28255,35.226844,-80.841883,ai,uncorroborated
BACC,,,,,,,,
BACHOW & ASSOCIATES,,,,,,,,
BACKENGINE,1924 Bagley Ave,Los Angeles,CA,90035,34.0462524,-118.3912498,ai,grounded
BACON WILSON PC,33 E Main St,Auburn,ME,04210,44.0955832,-70.2253824,ai,uncorroborated
BAE SYSTEMS,"Bailey's Crossroads Office Park, 1301 S. Joyce St",Arlington,VA,22202,38.8769326,-77.0893094,ai,corroborated
BAE SYSTEMS AIRCRAFT CONTROLS,66 Boston Street,Weymouth,MA,02188,42.2212188,-70.9391625,ai,uncorroborated
BAERS FURNITURE,,,,,,,,
BAFFIN ADVISORS,500 Mamaroneck Ave Suite 320,Harrison,NY,10528,40.9770766,-73.7420223,ai,grounded
BAG BAZAAR,1 East 33rd Street,New York,NY,10016,40.7477269,-73.9844071,ai,grounded
BAG INVESTMENTS,,CULVER CITY,CA,90232,,,,
BAGNOLS FAMILY OFFICE INVESTMENT PARTNERS,"152 W 57th St, 47th Floor",New York,NY,10019,40.7648665,-73.9796202,ai,grounded
BAILEY & PETERSON,,,,,,,,
BAIN & COMPANY,131 Dartmouth Street,Boston,MA,02116,42.346988,-71.0751345,ai,grounded
BAIN CAPITAL,"200 Clarendon Street, Floor 30",Boston,MA,02116,42.3491677,-71.075124,ai,corroborated
BAINBRIDGE COMPANIES,12765 W Forest Hill Blvd,Wellington,FL,33414,26.6549551,-80.2375279,ai,corroborated
BAIRD,"777 East Wisconsin Avenue, Suite 3000",Milwaukee,WI,53202,43.0381861,-87.902074,ai,grounded
BAIRDLAW PLLC,,,,,,,,
BAIS YAAKOV,,,,,,,,
BAIS YAAKOV HIGH SCHOOL FOR GIRLS,,,,,,,,
BAIS YAKOV OF MIAMI,,,,,,,,
BAKER & ASSOCIATES,,,,,,,,
BAKER & MCKENZIE,452 Fifth Avenue,New York,NY,10018,40.9176673,-73.8062778,ai,uncorroborated
BAKER DONELSON,"165 Madison Avenue, Suite 2000",Memphis,TN,38103,35.1442715,-90.0507827,ai,corroborated
BAKER KATZ,,,,,,,,
BAKER LAW GROUP,,,,,,,,
BAKER TILLY,"205 NORTH MICHIGAN AVENUE, 28TH FLOOR",CHICAGO,IL,60601,41.886053,-87.6237653,manual,verified
BAKER-TITAN ADHESIVES,8650 57th Avenue North,Pinellas Park,FL,33782,27.8428025,-82.6995444,ai,uncorroborated
BALABAN LAW,,,,,,,,
BALBOA NEPHROLOGY,"4275 Executive Square, Suite 800",La Jolla,CA,92037,32.873426,-117.21476,ai,grounded
BALCAN PLASTICS,,,,,,,,
BALDINGER BAKERY,,,,,,,,
BALFOUR,7211 Circle S Rd,Austin,TX,78745,30.1848134,-97.7790688,ai,grounded
BALLARD PARTNERS,"201 East Park Avenue, 5th Floor",Tallahassee,FL,32301,30.4415585,-84.2803065,ai,grounded
BALLARD SPAHR,"1735 Market Street, 51st Floor",Philadelphia,PA,19103,39.953644,-75.1695204,ai,corroborated
BALLS FOODS,400 South 4th Street,Arkansas City,KS,67005,37.0592627,-97.0439194,ai,corroborated
BALLYHOO MEDIA,3500 NW 53rd St,Gainesville,FL,32606,29.7293548,-82.3997197,ai,corroborated
BALTIMORE COUNTY DSS,400 Washington Avenue,Towson,MD,21204,39.4003367,-76.6065598,ai,corroborated
BALTIMORE JEWISH COUNCIL,"5801 Smith Avenue, Suite 400",Baltimore,MD,21209,39.3724889,-76.6589983,ai,uncorroborated
BAMBOO SUPPLY,,,,,,,,
BAMKO,"11620 WILSHIRE BLVD, SUITE 610",LOS ANGELES,CA,90025,34.0504481,-118.4594947,manual,verified
BAML,200 Park Avenue,New York,NY,10166,40.7536135,-73.97658,ai,corroborated
BANAFSHE LAW FIRM PC,1875 Century Park East Suite 1500,Los Angeles,CA,90067,34.0609539,-118.4147945,ai,grounded
BANC,,,,,,,,
BANDES CONSTRUCTION,"1368 Spalding Road, Suite C",Dunedin,FL,34698,28.021873,-82.783973,ai,grounded
BANFIELD,1321 Garden Hwy,Sacramento,CA,95833,38.6073852,-121.5033578,ai,uncorroborated
BANK CENTRAL ASIA-NY,"45 Rockefeller Plaza, 22nd Floor",New York,NY,10111,40.7592576,-73.9799569,ai,corroborated
BANK OF AMERICA,100 North Tryon Street,Charlotte,NC,28202,35.226844,-80.841883,ai,corroborated
BANK OF MONTREAL,320 S Canal Street,Chicago,IL,60606,41.8775772,-87.6405063,manual,verified
"BANK OF NEW YORK MELLON, NA",240 Greenwich Street,New York,NY,10286,40.714195,-74.011673,ai,grounded
BANK STREET,,,,,,,,
BANNER PUBLIC AFFAIRS LLC,"1331 L St NW, Suite 1000",Washington,DC,20005,38.904135,-77.031033,ai,uncorroborated
BANTAGE,,,,,,,,
BANTRY BAY VENTURES,,,,,,,,
BANYAN HOLDINGS,2100 SE 4th Ave,Pompano Beach,FL,33062,26.2277979,-80.1173934,ai,corroborated
BANYAN RESIDENTIAL,"228 Main Street, Suite 10",Venice,CA,90291,33.9892682,-118.4720117,ai,grounded
BAPTIST MEMORIAL HEALTHCARE,Paris Road at Humphreys Boulevard (system HQ),Memphis,TN,38103,35.146026,-90.0517786,ai,corroborated
BAR ILAN UNIVERSITY,,,,,,,,
BARANES DENTISTRY PLLC,,,,,,,,
BARATZ FINANCIAL,,,,,,,,
"BARBARA BLOOM,PH.D",,,,,,,,
BARBARY COAST HOTEL,2 New Montgomery St,San Francisco,CA,94105,37.7879475,-122.4019176,ai,uncorroborated
BARCELONA CHOCOLATE COMPANY,,,,,,,,
BARCLAY DAMON LLP,125 East Jefferson Street,Syracuse,NY,13202,43.0471904,-76.1512713,ai,corroborated
BARCLAYS,745 Seventh Avenue,New York,NY,10019,40.9138474,-73.8064848,ai,corroborated
BARETZ BRUNELLE,44 Wall Street,New York,NY,10005,40.706794,-74.0093855,ai,grounded
BARG SINGER HOESLY PC,,,,,,,,
"BARGAIN CAR, TRUCK & VAN RENTALS INC",,,,,,,,
BARKAI YESHIVAH,,,,,,,,
BARKER LAW FIRM,,,,,,,,
BARNABAS HEALTH,520 Broad St,Bloomfield,NJ,07003,40.8113845,-74.1938707,ai,corroborated
BARNABAS HEALTH MEDICAL GROUP,1 Johnson Drive,West Orange,NJ,07052,40.7987113,-74.2390353,ai,corroborated
BARNARD COLLEGE,3009 Broadway,New York,NY,10027,40.808341,-73.9637813,ai,corroborated
BARNES & THORNBURG,202 N. Meridian Street,Indianapolis,IN,46204,39.7700683,-86.15809,ai,grounded
BARON PROPERTY GROUP,"152 West 57th Street, 37th Floor",New York,NY,10019,40.7648665,-73.9796202,ai,grounded
BARON'S WHOLESALE CLOTHIER'S INC,,,,,,,,
BARONS,,,,,,,,
"BARRACK, RODOS & BACINE",2001 Market St,Philadelphia,PA,19103,39.953671,-75.173318,ai,corroborated
BARRINGTON JEWELS INC,,,,,,,,
"BARRY S. KAYNE, DDS",,,,,,,,
BARTLIT BECK,"54 W. Hubbard Street, Suite 300",Chicago,IL,60654,41.8902314,-87.6301348,ai,corroborated
"BARUCH COLLEGE, CITY UNIVERSITY OF NEW YORK",One Bernard Baruch Way,New York,NY,10010,40.7127281,-74.0060152,manual,verified
BARVIN GROUP,"8 Greenway Plaza, Suite 905",Houston,TX,77046,29.7325314,-95.4315772,ai,grounded
BAS HOLDINGS INVESTMENTS,,,,,,,,
BASCH KEEGAN &SPADA,"40 Rector St, 7th Floor",New York,NY,10006,40.7086278,-74.0147454,ai,corroborated
BASCO INC,2595 Palmer Ave,University Park,IL,60484,41.432028,-87.7516942,ai,grounded
BASIC,,,,,,,,
BASIC ADHESIVES,2225 Industrial Blvd,Plymouth,MN,55447,45.0023699,-93.4546164,ai,uncorroborated
BASIC EDUCATION TUTORS,,,,,,,,
BASIC PROMOTIONS,,,,,,,,
BASIC RESOURCES,"1411 Broadway, 2nd Floor",New York,NY,10018,40.7542112,-73.9875646,manual,verified
BASS TOOL,6200 W Houston Harte Expy,San Angelo,TX,76901,31.4523599,-100.4854577,ai,corroborated
BASSUK ORGANIZATION,7 Penn Plaza,New York,NY,10001,43.1318845,-77.4402082,manual,verified
BATH AND BODY WORKS,1950 W. Center Court,Columbus,OH,43228,39.9622601,-83.0007065,ai,corroborated
BATON ROUGE GENERAL,8585 Picardy Avenue,Baton Rouge,LA,70809,30.3942923,-91.0949938,ai,corroborated
BATON ROUGE MACHINE WORKS,,,,,,,,
BATON ROUGE PHYSICAL THERAPY LAKE,,,,,,,,
BATON ROUGE UROLOGY GROUP,8585 Picardy Avenue,Baton Rouge,LA,70809,30.3942923,-91.0949938,ai,corroborated
BATORY FOODS,,,,,,,,
BATTLE CREEK PUBLIC SCHOOLS,100 E Van Buren St,Battle Creek,MI,49017,42.3193505,-85.1761377,ai,corroborated
BATTLE FOWLER ET AL,,,,,,,,
BAUGHMAN KROUP BOSSE,,,,,,,,
BAUM IMAGE GROUP INC,,,,,,,,
BAUM REVISION,,,,,,,,
BAUPOST,"One Post Office Square, 14th Floor",Boston,MA,02109,42.356809,-71.0551195,ai,corroborated
BAY CHILDREN'S MEDICAL GROUP (BCMG),"6425 Christie Avenue, Suite 220",Emeryville,CA,94608,37.8443468,-122.2958826,manual,verified
BAY PARTNERS,2055 Limestone Rd Suite 200,Wilmington,DE,19808,39.7459468,-75.546589,ai,uncorroborated
BAYBERRY CARE CENTER,40 Keogh Lane,New Rochelle,NY,10805,40.8916882,-73.7843252,ai,grounded
BAYBRIDGE REAL ESTATE CAPITAL,"3200 Park Center Dr, Suite 260",Costa Mesa,CA,92626,33.688849,-117.8828239,ai,uncorroborated
BAYER,100 Bayer Blvd,Whippany,NJ,07981,40.8177463,-74.4133961,ai,grounded
BAYER VENTURES LLC,2130 Highland Avenue South,Birmingham,AL,35205,33.5001436,-86.7920096,ai,grounded
BAYLOR,One Baylor Plaza,Waco,TX,76706,31.5491899,-97.1474628,ai,corroborated
BAYLOR COLLEGE OF MEDICINE,One Baylor Plaza,Houston,TX,77030,29.7107903,-95.3966902,ai,corroborated
BAYLOR SCOTT & WHITE,2401 S 31st St,Temple,TX,76508,31.0769848,-97.3625747,ai,corroborated
BAYMARK,,,,,,,,
BAYNET,,,,,,,,
BAYSHORE 77 CORPORATION,,,,,,,,
BAYSTONE DEVELOPMENT,"1 Harbor Dr, Suite 200",Sausalito,CA,94965,37.8675117,-122.5007247,ai,uncorroborated
BAYVIEW,4425 Ponce de Leon Boulevard,Coral Gables,FL,33146,25.731374,-80.2578335,ai,grounded
BAYVIEW ASSET MANAGEMENT,4425 Ponce de Leon Boulevard,Coral Gables,FL,33146,25.731374,-80.2578335,ai,grounded
BBC,,,,,,,,
BBG,,,,,,,,
BBJ SYNAGOGUE,,,,,,,,
BBO,,,,,,,,
BBR PARTNERS,140 East 45th Street,New York,NY,10017,40.7528121,-73.9739556,manual,verified
BBS&G,,,,,,,,
BBX CAPITAL,"201 East Las Olas Boulevard, Suite 1900",Fort Lauderdale,FL,33301,26.1193402,-80.1410034,manual,verified
BCCP,,,,,,,,
BCE,,,,,,,,
BCG,200 Pier 4 Boulevard,Boston,MA,02210,42.3588336,-71.0578303,ai,uncorroborated
BCLL,,,,,,,,
BCMI,,,,,,,,
BCMONE,"1000 Woodbury Road, Suite 360",Woodbury,NY,11797,40.8025337,-73.4799213,ai,uncorroborated
BCR CORPORATION,,,,,,,,
BCR PROPERTIES,9 West Broad Street,Bethlehem,PA,18018,40.6222334,-75.3787959,ai,uncorroborated
BDG LAW GROUP,101 W Broadway #1300,San Diego,CA,92101,32.7150419,-117.164268,ai,corroborated
BDJ,11175 Santa Monica Blvd,Los Angeles,CA,90025,34.0475435,-118.4459152,manual,verified
BDMG INC,,,,,,,,
BDO,"1000 North West Street, Suite 1200",Wilmington,DE,19801,39.7459468,-75.546589,ai,uncorroborated
BDO USA PC,100 Park Ave,New York,NY,10017,40.7513385,-73.9790005,ai,uncorroborated
BDT&MSD,"401 North Michigan Avenue, Suite 3100",Chicago,IL,60611,41.8894215,-87.6235164,ai,grounded
BDTX,"111 Great Neck Road, Suite 102",Great Neck,NY,11021,40.785346,-73.7295403,ai,uncorroborated
BE-CAUSE,,,,,,,,
BEABLE EDUCATION,2201 Broadway,Santa Monica,CA,90404,34.0289332,-118.4765845,ai,uncorroborated
BEACHPOINT CAPITAL,"11150 Santa Monica Boulevard, Suite 700",Los Angeles,CA,90025,34.0469114,-118.4451093,ai,corroborated
BEACHWOOD VENTURES,,,,,,,,
BEACON DAY SCHOOL,,,,,,,,
BEACON POINTE,"28402 Town Center Drive, Suite 360",Agoura Hills,CA,91301,34.1481692,-118.7655456,ai,uncorroborated
BEACON RESIDENTIAL MANAGEMENT,"3700 Latham Street, Suite 210",Raleigh,NC,27609,35.7803977,-78.6390989,ai,uncorroborated
BEACONSTAC,200 State Street,Northampton,MA,01060,42.3246345,-72.6354312,ai,uncorroborated
BEAL,6000 Legacy Drive,Plano,TX,75024,33.0778134,-96.8267118,manual,verified
BEAR DEVELOPMENT HOLDINGS,,,,,,,,
BEAR STEARNS & CO,By historical note: 383 Madison Avenue,New York,NY,10179,43.0690799,-76.1723723,ai,uncorroborated
BEAUMONT HEALTH SYSTEM,3601 W 13 Mile Road,Royal Oak,MI,48073,42.5158223,-83.1904061,ai,corroborated
BEAUTIFUL INTERIRORS DESIGN GROUP,,,,,,,,
BEAUTIFUL SMILE,,,,,,,,
BEB CAPITAL,7 Seaview Blvd,Port Washington,NY,11050,40.8147796,-73.6564095,ai,corroborated
BECKER,,,,,,,,
BECKER ARCHITECTS LTD,1249 N 5th St,Philadelphia,PA,19122,39.9708597,-75.1447521,ai,uncorroborated
BECKER CHARITABLE TRUST,,,,,,,,
BECKER GURIAN,"513 Central Avenue, Suite 400",Highland Park,IL,60035,42.1862524,-87.7985293,ai,grounded
BECKER LAW GROUP,,Pasadena,CA,91101,,,,
BECKER MANAGEMENT GROUP,,,,,,,,
BECKER MEDIA,,,,,,,,
BECKERS HEALTHCARE AND MCGUIREWOODS,"17 North State Street, Suite 1800",Chicago,IL,60602,41.8826636,-87.6273678,manual,verified
BED BATH,650 Liberty Avenue,Union,NJ,07083,40.6973679,-74.3044599,ai,uncorroborated
"BED, BATH & BEYOND",650 Liberty Ave,Union,NJ,07083,40.6973679,-74.3044599,ai,corroborated
BEDFORD CAPITAL GROUP,114 West 47th Street,New York,NY,10036,40.7581783,-73.9829836,ai,uncorroborated
BEECHWOOD HOMES,200 Robbins Ln,Jericho,NY,11753,40.7948674,-73.5178355,ai,corroborated
BEELINE MOBILITY,8110 7th Ave S,Seattle,WA,98108,47.5299921,-122.3246819,ai,grounded
BEHAR COMPANY,,,,,,,,
BEHAVIORAL MEDICINE ASSOCIATES,,,,,,,,
BEILINSON ADVISORY GROUP,,,,,,,,
BEIT SHEMESH MUNICIPALITY,,,,,,,,
BEL AIR INVESTMENT ADVISORS,,,,,,,,
BEL AIR LAW FIRM PC,,,,,,,,
BELCARO GROUP,"3301 E 1st Ave, Suite 220",Denver,CO,80206,39.7182181,-104.9482494,ai,uncorroborated
BELDON ROOFING COMPANY,5039 West Avenue,San Antonio,TX,78213,29.5125241,-98.5260301,ai,grounded
BELGRAVIA GROUP,1 Little W 12th St,New York,NY,10014,40.7395934,-74.0057809,ai,uncorroborated
BELKIN BURDEN GOLDMAN,476 5th Avenue,New York,NY,10018,40.7533445,-73.9821524,ai,grounded
BELL TEXTRON,4501 N Ewing St,Fort Worth,TX,76117,32.753177,-97.3327459,ai,corroborated
BELLAGIO,3600 S Las Vegas Blvd,Las Vegas,NV,89109,36.1464498,-115.1554725,ai,corroborated
BELLOCK CONSTRUCTION INC,"2500 Arapahoe Avenue, Suite 220",Boulder,CO,80302,40.0141575,-105.261549,manual,verified
BELLWETHER,99 High Street,Boston,MA,02110,42.35417,-71.0547164,ai,uncorroborated
BELOVED COMMUNITY SERVICES CORPORATION,1528 South Robertson Boulevard,Los Angeles,CA,90035,34.0519234,-118.3840241,ai,uncorroborated
BELVOIR PROPERTIES,"17 Virginia Ave, Ste 100",Providence,RI,02905,41.7930779,-71.4007361,ai,grounded
BELZ ENTERPRISES,"100 Peabody Place, Suite 1400",Memphis,TN,38103,35.1412789,-90.0540168,manual,verified
BELZ INVESTCO,100 Peabody Place,Memphis,TN,38103,35.0600842,-80.910337,ai,corroborated
BEN & ESTHER ROSENBLOOM FDN,"8 Reservoir Circle, Suite 202",Pikesville,MD,21208,39.388085,-76.7326726,ai,grounded
BENCH FINANCIAL,,,,,,,,
BENCH WALK ADVISORS,"485 Lexington Avenue, 29th Floor",New York,NY,10017,40.7542495,-73.9738298,manual,verified
BENEDICT PROPERTIES LLC,711 Stewart Ave Ste 100,Garden City,NY,11530,40.7332965,-73.6090531,ai,grounded
BENEFIT STREET PARTNERS,"11 Times Square, 20th Floor",New York,NY,10036,40.7566036,-73.989657,ai,corroborated
BENESCH,"41 S. High St., Suite 2600",Columbus,OH,43215,39.9611747,-83.0010939,ai,corroborated
"BENESCH, FRIEDLANDER, COPLAN & ARONOFF LLP","200 Public Square, Suite 2300",Cleveland,OH,44114,41.4999675,-81.691827,manual,verified
BENIKO INC,,BEVERLY HILLS,CA,90210,,,,
"BENJAMIN ARBESFELD, MD PC",,,,,,,,
BENJAMIN END CO,,,,,,,,
"BENJAMIN TRIPP, MD PA",,,,,,,,
BENJMAIN TRIPP MD,,,,,,,,
BENTEX,34 W 33rd St,New York,NY,10001,40.7484047,-73.9868343,ai,corroborated
BENTLEY BUILDERS,"124 E. Washington St., 2nd Floor",Brentwood,TN,37027,36.0325687,-86.7825235,ai,uncorroborated
BENTLEY INVESTMENTS,1 Marina Park Drive,Quincy,MA,02171,42.2509914,-71.0037374,ai,uncorroborated
BENTOFF AND DUBER,,,,,,,,
BENTON LLOYD & CHUNG LLC,600 Montgomery Street,San Francisco,CA,94111,37.7951883,-122.4027902,ai,uncorroborated
BENVENT PROPERTIES LLC,,,,,,,,
BEONE MEDICINES,"16 Madison Square West, 5th Floor",New York,NY,10010,40.7127281,-74.0060152,ai,uncorroborated
BERAJA MEDICAL INSTITUTE,,,,,,,,
BERDON,"80 Broad St., 10th Floor",New York,NY,10004,40.7043518,-74.0118701,ai,uncorroborated
BERENSON PARTNERS LLC,"250 Park Ave S, 7th Floor",New York,NY,10003,40.7381944,-73.9880991,ai,uncorroborated
BERGENFIELD WOMENS' HEALTH,520 County Road,Bergenfield,NJ,07621,40.9275987,-73.9973608,ai,corroborated
BERGER & EPSTEIN P A,"3508 Fairfax Dr., Suite 410",Arlington,VA,22201,38.8841334,-77.1018435,ai,uncorroborated
BERGER & MONTAGUE,"1818 Market St., Suite 3600",Philadelphia,PA,19103,39.9530099,-75.171004,ai,corroborated
BERGER COMMUNITIES,"1300 SE Stark St., Suite 210",Portland,OR,97214,45.5191349,-122.6521123,ai,uncorroborated
BERGER CONSULTING GROUP,,,,,,,,
BERGER FIRM PA,10800 Biscayne Blvd Suite 201,Miami,FL,33161,25.8752091,-80.1707645,ai,grounded
BERGER KAHN,350 Cambridge Ave,Palo Alto,CA,94306,37.4282175,-122.145052,ai,corroborated
BERGER ORG,,,,,,,,
BERGER ORGANIZATION,1 Liberty Plaza,New York,NY,10006,40.6590616,-74.004415,ai,uncorroborated
BERGERSCHATZ,,,,,,,,
BERK MERCHANT & SIMS,510 Madison Avenue,New York,NY,10022,40.759672,-73.974396,ai,uncorroborated
BERKADIA,"300 Kimball Drive, Suite 300",Parsippany,NJ,07054,40.8608742,-74.4070377,ai,corroborated
BERKHEMER CLAYTON,"600 W Germantown Pike, Suite 300",Plymouth Meeting,PA,19462,40.102332,-75.2743467,ai,uncorroborated
BERKSHIRE BROADCASTING,,,,,,,,
BERKSHIRE HATHAWAY HOMESERVICES LAFFEY INTERNATIONAL REALTY,"1160 N Town Center Dr, Suite 200",Las Vegas,NV,89144,36.1829298,-115.3109366,ai,uncorroborated
BERKSHIRE PARTNERS LLC,"200 Clarendon Street, 39th Floor",Boston,MA,02116,42.3491677,-71.075124,ai,corroborated
BERLIN HS,,,,,,,,
BERLINER FROZEN STORAGE,,,,,,,,
BERLINER MOBILE VENDING,,,,,,,,
BERMAN ENT,"5410 Edson Lane, Suite 220",Rockville,MD,20852,39.0817985,-77.1516844,ai,corroborated
BERMAN FINANCIAL SERVICES,1872 Greentree Rd #1,Cherry Hill,NJ,08003,39.9053341,-74.9696125,ai,grounded
BERMAN SKIN INSTITUTE,"900 Welch Rd, Suite 300",Palo Alto,CA,94304,37.4368741,-122.177138,ai,grounded
"BERMAN, BERMAN, BERMAN, SCHNEIDER & LOWARY LLP","11900 West Olympic Boulevard, 6th Floor",Los Angeles,CA,90064,34.032782,-118.450977,manual,verified
"BERMAN, SOBIN, GROSS, FELDMAN & DARBY",,,,,,,,
BERNARD A SHUSTER MD PA,,,,,,,,
BERNARD FINANCIAL GROUP,,,,,,,,
BERNATH ROSENBERG,,,,,,,,
BERNSTEIN,"1845 Walnut Street, Suite 900",Philadelphia,PA,19103,39.9504697,-75.1717913,ai,uncorroborated
BERNSTEIN LAW FIRM,875 Third Avenue,New York,NY,10022,40.8088444,-73.9303577,ai,uncorroborated
BERNSTEIN LIEBHARD LLP,"10 East 40th Street, 22nd Floor",New York,NY,10016,40.7127281,-74.0060152,ai,corroborated
BERNSTEIN LITOWITZ BERGER & GROSSMANN,"1251 Avenue of the Americas, 44th Floor",New York,NY,10020,40.7127281,-74.0060152,ai,corroborated
BERRY GLOBAL,10100 Kincey Avenue,Evansville,IN,47725,37.970495,-87.5715641,ai,grounded
BERTA MANAGEMENT,,,,,,,,
BERYL TECHNICAL SERVICES,,,,,,,,
BESANCON VENTURES,,,,,,,,
BESPOKE,,,,,,,,
BESPOKE FASHION,,,,,,,,
BESSEMER VENTURE PARTNERS,"1 Letterman Drive, Building D, Suite D2-400",San Francisco,CA,94129,37.7879363,-122.4075201,ai,corroborated
BEST BRANDS CONSUMER PRODUCTS,,,,,,,,
BEST CARE HOME HEALTH INC,,,,,,,,
BEST CARE NURSES REGISTRY INC,,,,,,,,
BEST DEVELOPMENT,,,,,,,,
BEST ENERGY POWER,,,,,,,,
BEST MANAGEMENT CONSTRUCTION INC,,,,,,,,
BEST WESTSIDE PROPERTIES,,,,,,,,
BESTART,,,,,,,,
BET RESEARCH,,,,,,,,
BETA,,,,,,,,
BETH EMET SCHOOL,1224 Dempster St,Evanston,IL,60202,42.0409549,-87.6887444,ai,uncorroborated
BETH ISRAEL DEACONESS MEDICAL CENTER,330 Brookline Avenue,Boston,MA,02215,42.3397971,-71.1048718,ai,corroborated
BETH ISRAEL HOSPITAL,One Central Street,Boston,MA,02114,42.3587267,-71.0540865,ai,uncorroborated
BETH ISRAEL LAHEY HEALTH,"1 Essex Drive, Suite 300",Burlington,MA,01803,42.5048167,-71.1956111,ai,corroborated
BETH JACOB CONGREGATION,,,,,,,,
BETH TFILOH,3300 Old Court Road,Pikesville,MD,21208,39.3862758,-76.7071919,ai,corroborated
BETH TFILOH CONGREGATION,3935 ALBEMARLE ST,BALTIMORE,MD,21215,39.28996,-76.6047429,ai,corroborated
BETH WOLFF & ASSOCIATES,,,,,,,,
BETHESDA SOFTWORKS,"1370 Piccard Drive, Suite 120",Rockville,MD,20850,39.1052599,-77.1806421,ai,grounded
BETHESDA VISION CARE,4711 MONTGOMERY LN STE 400,BETHESDA,MD,20814,38.9836698,-77.0948197,ai,corroborated
BETTER LIFE PLANS,,,,,,,,
BETTERUP,"600 California Street, 11th Floor",San Francisco,CA,94108,37.7929829,-122.4047906,ai,uncorroborated
BEVERAGE DISTRIBUTORS COMPANY LLC,4500 S Stuart St,Arlington,VA,22206,38.8769326,-77.0893094,ai,uncorroborated
BEVERAGE MARKETING USA,,,,,,,,
BEVERLY HILLS LITTLE LEAGUE,,,,,,,,
BEVERLY HILLS PLASTIC SURGERY GROUP,464 N Roxbury Dr #200,Beverly Hills,CA,90210,34.0680398,-118.4067694,ai,corroborated
BEXAR COUNTY,100 Dolorosa St,San Antonio,TX,78205,29.423256,-98.49364,ai,corroborated
BGR GROUP,"300 New Jersey Ave NW, Suite 900",Washington,DC,20001,38.894044,-77.010805,ai,corroborated
BH CHAMELEON,,,,,,,,
BH3,"819 NE 2nd Avenue, Suite 500",Fort Lauderdale,FL,33304,26.1338568,-80.1423116,ai,grounded
BH3 MANAGEMENT,225 WASHINGTON ST,DOVER,NH,03820,43.1941424,-70.8812808,ai,uncorroborated
BHB HOLDINGS,,,,,,,,
BHI ENERGY,"2251 Lakeside Blvd, Suite 100",Richardson,TX,75082,32.9802697,-96.7102233,ai,uncorroborated
BID MILTON,,,,,,,,
BIDMC,330 Brookline Ave,Boston,MA,02215,42.3397971,-71.1048718,ai,corroborated
"BIENENFELD , LASEK AND STARR LLC",,,,,,,,
BIERER RESEARCH GROUP,,,,,,,,
BIG BOBS FLOORING,,,,,,,,
BIG GEYSER INC,,,,,,,,
BIGHAWK,,,,,,,,
BIJAN & CO,,,,,,,,
BILH,200 Cambridge St,Boston,MA,02114,42.3608577,-71.0656934,ai,corroborated
BILTMORE FAMILY OFFICE,500 East Boulevard,Charlotte,NC,28203,35.208763,-80.8543595,ai,grounded
BILWIN DEVELOPMENT AFFILIATES LLC,"360 Lexington Avenue, 12th Floor",New York,NY,10017,40.7504859,-73.9771542,ai,corroborated
BILZIN SUMBERG BAENA PRICE & AXELROD LLP,"1450 Brickell Avenue, 23rd Floor",Miami,FL,33131,25.7586738,-80.1931402,manual,verified
BIMBO BAKERIES USA,255 Business Center Dr,Hurst,TX,76054,32.8234621,-97.1705678,ai,uncorroborated
BINDLER INVESTMENT GROUP,,,,,,,,
BIOCCELERATION INC,,,,,,,,
BIONIC COLABS,,,,,,,,
BIOPLAND RD,,,,,,,,
BIOTECH ADVISOR,,,,,,,,
BIRCH RISK ADVISORS,"55 E 3rd Ave, Suite 200",San Mateo,CA,94401,37.5639315,-122.3251813,ai,corroborated
"BIRCH, HORTON, BITTNER AND CHEROT","1050 Connecticut Ave NW, Suite 500",Washington,DC,20036,38.9034565,-77.0401538,ai,corroborated
BIRCHWOOD PROPERTIES LLC,,,,,,,,
BIRD MARELLA,"1875 Century Park East, 23rd Floor",Los Angeles,CA,90067,34.0618409,-118.415054,ai,corroborated
BIRDI,,,,,,,,
BIRDIES,,,,,,,,
BIRMINGHAM VA HOSPITAL,700 S 19th St,Birmingham,AL,35233,33.5166902,-86.903222,ai,corroborated
BIRTHRIGHT ISRAEL,"711 3rd Ave, 10th Floor",New York,NY,10017,40.7521472,-73.9729112,ai,grounded
BISCAYNE ATLANTIC,1401 Brickell Ave #100,Miami,FL,33131,25.7597271,-80.1919203,ai,corroborated
BISHOP GOLD GROUP,,,,,,,,
BITDEFENDER INC,"6301 NW 5th Way, Suite 4300",Fort Lauderdale,FL,33309,26.2054213,-80.1511268,ai,grounded
BITREK CORPORATION,,,,,,,,
BIZMAVEN LLC,,,,,,,,
BKM TOTAL OFFICE,8101 Sandy Spring Rd,Laurel,MD,20707,39.1022529,-76.8665898,ai,uncorroborated
BLACK BEAR VALUE PARTNERS,100 S 5th St #1900,Minneapolis,MN,55402,44.9784227,-93.2686953,ai,uncorroborated
BLACK DIAMOND GOURMET,1581 McDonald Ave,Brooklyn,NY,11230,40.614475,-73.973735,ai,grounded
BLACKBIRD VENTURES,,,,,,,,
BLACKHAWK SEALS,2320 Industrial Drive,Belvidere,IL,61008,42.2502452,-88.8975833,ai,uncorroborated
BLACKROCK,55 East 52nd Street,New York,NY,10055,40.7590841,-73.9736001,ai,corroborated
BLACKROCK TCP CAPITAL CORP,55 East 52nd Street,New York,NY,10055,40.7590841,-73.9736001,ai,uncorroborated
BLACKSTONE GROUP,345 Park Avenue,New York,NY,10154,40.7577559,-73.9722731,manual,verified
BLACKSTREET,,,,,,,,
BLADYKAS ENGINEERING PC,,,,,,,,
BLAKE PARTNERS LLC,"270 West 39th Street, Second Floor",New York,NY,10018,40.7127281,-74.0060152,ai,grounded
BLANK ROME LLP,130 N 18th St,Philadelphia,PA,19103,39.956259,-75.169447,ai,corroborated
BLASS PROPERTIES,,,,,,,,
BLATT REALTY,241 S Linden Dr,Beverly Hills,CA,90212,34.0633237,-118.4080991,ai,grounded
BLATTNER FIDUCIARY SERVICES,1000 Nicollet Mall #900,Minneapolis,MN,55403,44.9737893,-93.2758321,ai,uncorroborated
BLB&G LLP,222 Jarvis St,New York,NY,10038,42.1038562,-75.9294672,ai,grounded
BLD THERAPY,,,,,,,,
BLDG MANAGEMENT CO. INC,,,,,,,,
BLEAKLEY FINANCIAL GROUP,"9 Campus Drive, Suite 201",Parsippany,NJ,07054,40.8436,-74.45249,ai,grounded
BLEEMA MANUFACTURING CO LLC,,,,,,,,
BLESS THIS MESS CLEANING,,,,,,,,
BLEY INVESTMENT GROUP,,,,,,,,
BLEZNAK ASSOCIATES,"255 E Brown Street, Suite 200",Birmingham,MI,48009,42.543962,-83.2146326,manual,verified
BLG,,,,,,,,
BLIMI & BENJY BERGER,,,,,,,,
BLOCK & LEVITON LLP,"260 Franklin Street, Suite 1860",Boston,MA,02110,42.3567772,-71.053804,ai,corroborated
BLOCK SEARCH LLC,,,,,,,,
BLOCKER LAW LLC,1717 S Bellaire St #302,Denver,CO,80222,39.6854115,-104.9372173,ai,uncorroborated
BLOOM ADVISORS,"31275 Northwestern Highway, Suite 145",Farmington Hills,MI,48334,42.4853125,-83.3771553,ai,grounded
BLOOM ENERGY,4353 North First Street,San Jose,CA,95134,37.3973247,-121.9362806,ai,uncorroborated
BLOOM FAMILY EYE SURGEONS,,,,,,,,
BLOOMBERG,731 Lexington Avenue,New York,NY,10022,40.7618743,-73.9682563,ai,corroborated
BLOOMERS INTIMATES,,New York,NY,,,,,
BLOOMFIELD CAPITAL,700 Forest Ave,Birmingham,MI,48009,42.5453658,-83.2095409,ai,grounded
BLS CONSULTING,,,,,,,,
BLT RESTAURANT GROUP,"106 East 57th Street, 12th Floor",New York,NY,10022,40.761365,-73.9703934,ai,corroborated
BLUE ARCH CAPITAL,2875 NE 191st Street PH 2A,Aventura,FL,33180,25.9564812,-80.1392121,ai,grounded
BLUE ARCH INVESTMENTS INC,,,,,,,,
BLUE CROSS,,,,,,,,
BLUE FOG CAPITAL LLC,"111 Sutter Street, Suite 700",San Francisco,CA,94104,37.7901267,-122.4026973,ai,corroborated
BLUE FOG MARINE LLC,,,,,,,,
BLUE GALLERY,,,,,,,,
BLUE HAVEN INITIATIVE,"100 High Street, Floor 8",Boston,MA,02110,42.3544401,-71.0556228,ai,uncorroborated
BLUE HERON CONSULTING,,,,,,,,
BLUE LAUREL ADVISORS,,,,,,,,
BLUE MOUNTAIN CAPITAL,"277 Park Avenue, 50th Floor",New York,NY,10172,40.755263,-73.9742085,ai,corroborated
BLUE OCEAN,,,,,,,,
BLUE OCEAN STRATEGIES LLC,,,,,,,,
BLUE OWL CAPITAL,"55 Hudson Yards, 17th Floor",New York,NY,10001,40.7552063,-74.0017804,ai,corroborated
BLUE RIBBON PET PRODUCTS INC,1015 US-70,Henderson,NC,27536,36.3273648,-78.4027265,ai,uncorroborated
BLUE STAR BENEFITS,,,,,,,,
BLUE STAR DEVELOPMENT,,,,,,,,
BLUELIGHT STRATEGIES,,,,,,,,
BLUELINX,"1000 Abernathy Road NE, Suite 1700",Atlanta,GA,30328,33.9348521,-84.3546257,ai,corroborated
BLUEMOUNTAIN CAPITAL MANAGEMENT,280 Park Avenue,New York,NY,10017,40.7564853,-73.975049,ai,uncorroborated
BLUESPOT,,,,,,,,
BLUESTAR ALLIANCE,"1350 Broadway, Suite 503",New York,NY,10018,40.7509424,-73.9873466,manual,verified
BLUESTAR PROPERTIES,,,,,,,,
BLUETENT,"1801 18th Street NW, Suite 400",Washington,DC,20009,38.914215,-77.041553,ai,uncorroborated
BLUMAX PARTNERS LLC,,,,,,,,
BLUMBERG CAPITAL,580 California St,San Francisco,CA,94104,37.7929844,-122.404152,ai,grounded
BLUT LAW GROUP,,,,,,,,
BLVD INN AND BISTRO,,,,,,,,
BM TONKIN INC,,,,,,,,
BMA,,,,,,,,
BMC INVESTMENTS,,,,,,,,
BMCI,,,,,,,,
BMO,425 Lexington Ave,New York,NY,10017,40.7522694,-73.9749665,ai,corroborated
BMO CAPITAL MARKETS,1585 Broadway,New York,NY,10036,40.7599838,-73.9855237,ai,grounded
BMR TECHNOLOGIES,,,,,,,,
BMW MANAGEMENT,,,,,,,,
BMWL & PARTNERS,,,,,,,,
BNA,1801 S Bell St,Arlington,VA,22202,38.8572901,-77.0505462,ai,grounded
BNB REALTY,3665 Woodhead Dr,Northbrook,IL,60062,42.1481984,-87.8700173,ai,grounded
BNE,,,,,,,,
BNE REAL ESTATE GROUP,,,,,,,,
BNK SALES,,,,,,,,
BNP PARIBAS,787 Seventh Avenue,New York,NY,10019,40.9138474,-73.8064848,ai,corroborated
BNY MELLON,240 Greenwich St,New York,NY,10286,40.7152837,-74.0113289,ai,corroborated
BNY MELLON FINANCIAL,240 Greenwich Street,New York,NY,10286,40.714195,-74.011673,ai,grounded
BOARD OF DIRECTORS,,,,,,,,
BOARD OF ED,,,,,,,,
BOARD OF EDUCATION,,,,,,,,
BOBER MARKEY FEDOROVICH,,,,,,,,
BOCA EXPRESS TRAVEL,4990 Town Center Road,Boca Raton,FL,33486,26.3615586,-80.1339918,ai,corroborated
BOCAVOX LLC,,,,,,,,
BODEGA FARMS,,,,,,,,
BODMAN,6th & Washington Square,Detroit,MI,48226,42.3315509,-83.0466403,ai,corroborated
BOEHRINGER,900 Ridgebury Road,Ridgefield,CT,06877,41.374866,-73.5262604,ai,uncorroborated
BOFA,100 North Tryon Street,Charlotte,NC,28255,35.226844,-80.841883,ai,grounded
BOFA SECURITIES,One Bryant Park,New York,NY,10036,40.7127281,-74.0060152,ai,grounded
BOFA/MERRILL LYNCH,250 Vesey St,New York,NY,10281,40.71406,-74.01584,ai,corroborated
BOGEY FREE LP,,,,,,,,
BOK MUSIC,,,,,,,,
BOLD HEALTH,56 Roland St,Boston,MA,02129,42.3822788,-71.0780906,ai,uncorroborated
BOLD LLC,,,,,,,,
BOLOUR & ASSOCIATES,8383 Wilshire Blvd,Beverly Hills,CA,90211,34.0651811,-118.3734211,ai,corroborated
BOLT VENTURES,,,,,,,,
BON APPETIT CATERING,1 Ferry Building #231,San Francisco,CA,94111,37.7955487,-122.3934746,ai,corroborated
BOND BROKER,,,,,,,,
BOND COMPANIES,200 S Wacker Dr Ste 3100,Chicago,IL,60606,41.8755616,-87.6244212,ai,corroborated
BOND SPORTS,,,,,,,,
BONJOUR CAPITAL,,,,,,,,
BOOK CAPITAL ENTERPRISES,"350 E Las Olas Boulevard, Suite 960",Fort Lauderdale,FL,33301,26.1190784,-80.1398402,manual,verified
BOOKKEEPER,,,,,,,,
BOOST OREGON,"1600 NW Bethany Boulevard, Suite 120",Portland,OR,97229,45.5202471,-122.674194,ai,corroborated
BOOTHBAY FUND MANAGEMENT,810 7th Ave Fl 27,New York,NY,10019,40.7628326,-73.9822756,ai,corroborated
BOOZ ALLEN HAMILTON,8283 Greensboro Drive,McLean,VA,22102,38.9342888,-77.1776327,ai,uncorroborated
"BOREN, OSHER & LUFTMAN LLP",3010 El Camino Real,Santa Clara,CA,95051,37.3525239,-121.9811659,ai,corroborated
BORENSTEIN FUNDING,,,,,,,,
BORGER FINANCIAL,,,,,,,,
BORO VENTURES,,,,,,,,
BORSTEIN ENTERPRISES,,,,,,,,
BOS CAPITAL,,,,,,,,
BOSHIC ADVANCED MATERIALS,,,,,,,,
BOSPAR,"260 California St, Suite 450",San Francisco,CA,94111,37.7934252,-122.399804,ai,grounded
BOSSHARDT REALTY,5542 NW 43rd St,Gainesville,FL,32653,29.705354,-82.3892924,ai,corroborated
BOSSWORKS,,,,,,,,
BOSTON BEER COMPANY,One Design Center Place,Boston,MA,02210,42.3442859,-71.0343297,ai,grounded
BOSTON COLLEGE,140 Commonwealth Avenue,Chestnut Hill,MA,02467,42.3354481,-71.1682665,ai,corroborated
BOSTON LAND COMPANY,,Palm Beach,FL,33480,,,,
BOSTON LAW COLLABORATIVE,17 Court St,Boston,MA,02108,42.3592919,-71.0583504,ai,uncorroborated
BOSTON PUBLIC SCHOOLS,2300 Washington Street,Boston,MA,02119,42.3302095,-71.0836433,ai,corroborated
BOSTON SOCIETY OF ARCHITECTS,"290 Congress St, Suite 200",Boston,MA,02210,42.3529918,-71.0526392,ai,corroborated
BOSTON UNIVERSITY,1 Silber Way,Boston,MA,02215,42.3496881,-71.1001848,ai,corroborated
BOSTON UNIVERSITY QUESTROM SCHOOL OF BUSINESS,595 Commonwealth Avenue,Boston,MA,02215,42.3496397,-71.0997323,manual,verified
BOULEVARD HEALTHCARE MANAGEMENT LLC,555 W 5th St,Los Angeles,CA,90013,34.0500816,-118.2534063,ai,uncorroborated
BOULEVARD HOMECARE,,,,,,,,
BOUSQUET HOLSTEIN,110 W Fayette St Ste 1000,Syracuse,NY,13202,43.0489235,-76.1533166,ai,corroborated
BOW RIVER CAPITAL,"1075 Peachtree Street NE, Suite 2000",Atlanta,GA,30309,33.7838879,-84.3828621,ai,uncorroborated
BOWDOIN COLLEGE,East Bridgham 255 College Street,Brunswick,ME,04011,43.9166529,-69.9659438,ai,uncorroborated
BOWHEAD SPECIALTY UNDERWRITERS,"100 Middle Street, Suite 400",Portland,ME,04101,43.6586654,-70.2517985,ai,uncorroborated
BOX EQUITIES LLC,,,,,,,,
BOXCAR PARTNERS,28 Liberty Street,New York,NY,10005,40.7078495,-74.0089818,ai,corroborated
BOXER PROPERTY CORPORATION,"199 Fremont Street, Suite 700",San Francisco,CA,94105,37.789893,-122.3950491,ai,uncorroborated
BOYD GAMING,6465 South Rainbow Boulevard,Las Vegas,NV,89118,36.0718178,-115.2448234,ai,corroborated
BOYLSTON DEVELOPMENT CORPORATION,"100 Federal Street, 28th Floor",Boston,MA,02110,42.3550533,-71.055957,ai,uncorroborated
BOYNE CAPITAL,"3350 Virginia Street, Suite 400",Miami,FL,33133,25.7294898,-80.2416208,ai,grounded
BOYNTON BEACH SKIN,,,,,,,,
BOYS & GIRLS CLUBS OF BELLEVUE,1701 134th Ave NE,Bellevue,WA,98005,47.6391147,-122.1621163,ai,corroborated
BOYS AND GIRLS OF BILLERICA,40 Cummings St,Billerica,MA,01821,42.5575616,-71.2690307,ai,corroborated
BOYS TOWN OF JERUSALEM,1326 Ocean Pkwy,Brooklyn,NY,11230,40.6162371,-73.9695801,ai,uncorroborated
BP DIVERSIFIED,,,,,,,,
BPA,,,,,,,,
BPI,,,,,,,,
BRACEBRIDGE CAPITAL LLC,201 California St,San Francisco,CA,94111,37.7930248,-122.3990346,ai,uncorroborated
BRACH EICHLER,99 Garnsey Road,Roseland,NJ,07068,40.8206555,-74.2937595,ai,corroborated
BRACIA,,,,,,,,
BRADDOCK FINANCIAL,,,,,,,,
BRADDOCK HOLDINGS,,,,,,,,
BRADLEY ARANT,1819 5th Avenue North,Birmingham,AL,35203,33.5168429,-86.810613,ai,corroborated
BRADLEY WOODS & CO. LTD,,,,,,,,
BRAHA BROTHERS,,,,,,,,
BRAHMAN CAPITAL,555 West 5th Street,Los Angeles,CA,90013,34.0500816,-118.2534063,ai,uncorroborated
BRAINFUSE,271 Madison Ave,New York,NY,10016,40.7511803,-73.9802959,ai,grounded
BRAMAN,,,,,,,,
BRAMAN AUTOMOTIVE GROUP,16670 South Dixie Highway,Miami,FL,33157,25.6156767,-80.3466618,ai,corroborated
BRAMAN MANAGEMENT ASSOCIATES,"2060 Biscayne Blvd, 2nd Floor",Miami,FL,33137,25.7965733,-80.1902591,ai,grounded
BRANCH ENGINEERING,,,,,,,,
BRANCH METRICS,"65 3rd Street, Suite 381",San Francisco,CA,94103,37.786601,-122.4023285,ai,uncorroborated
"BRAND,GLICK & BRAND",3000 Marcus Avenue,Lake Success,NY,11042,40.7588434,-73.6956206,ai,corroborated
BRANDEIS UNIVERSITY,415 South Street,Waltham,MA,02453,42.3660813,-71.2551629,ai,corroborated
BRANDT GROUP,,,,,,,,
"BRANDT, STEINBERG, LEWIS & BLOUD",,,,,,,,
"BRANDT,STEINBERG,LEWIS & BLOND LLP",,,,,,,,
BRANDYWINE CONSTRUCTION AND MANAGEMENT,23 N 3rd Street,Philadelphia,PA,19106,39.9509518,-75.1452677,manual,verified
BRATTLE GROUP,2 Willow St,Cambridge,MA,02138,42.370148,-71.093386,ai,uncorroborated
BRAVEN,"10 Post Office Square, 8th Floor",Boston,MA,02109,42.3575198,-71.0559309,ai,uncorroborated
BRAVEN AGENCY,101 Federal Street,Boston,MA,02110,42.354929,-71.0567125,ai,uncorroborated
BRAVO,"30 Hudson Yards, 38th Floor",New York,NY,10001,40.753983,-74.0006028,ai,grounded
BRAZE,"32 Old Slip, 8th Floor",New York,NY,10005,40.7037955,-74.0081614,ai,corroborated
BRC ADVISORS,420 Lexington Avenue,New York,NY,10170,40.7524677,-73.9757799,ai,uncorroborated
BREAKSTONE WHITE & GLUCK,155 Seaport Blvd,Boston,MA,02210,42.3500423,-71.0426929,ai,corroborated
BREAKTHROUGH PUBLIC SCHOOLS,"140 Broadway, 46th Floor",New York,NY,10005,40.708637,-74.0100343,ai,uncorroborated
BREAN CAPITAL,"330 Madison Avenue, 14th Floor",New York,NY,10017,40.7530304,-73.9792984,ai,corroborated
BREEZEMONT DAY CAMP,51 Merrick Road,Rockville Centre,NY,11570,40.6581867,-73.6544302,ai,corroborated
BREIT BINIAZAN,,,,,,,,
BREMER FINANCIAL SERVICES,"700 Wells Fargo Place, 30 East 7th Street",Saint Paul,MN,55101,44.9497487,-93.0931028,ai,corroborated
BRENNAN & ROLAND,,,,,,,,
BRENNER KAPROSY,One North Broadway,White Plains,NY,10601,41.0347951,-73.7638739,ai,uncorroborated
BRENT GROVER & CO,,,,,,,,
BREX,"251 Little Falls Drive, Suite 400",Wilmington,DE,19808,39.7459468,-75.546589,ai,uncorroborated
BRG,"2200 Powell Street, Suite 1200",Emeryville,CA,94608,37.8379755,-122.3017537,ai,grounded
BRI,,,,,,,,
BRIA HEALTH SERVICES,"5100 Westheimer Road, Suite 200",Houston,TX,77056,29.7410205,-95.4647779,ai,uncorroborated
BRIAN,,,,,,,,
BRIAN ALLEN DMD,,,,,,,,
BRIAN DROR CPA INC,"5967 West 3rd Street, Suite 102",Los Angeles,CA,90036,34.0698454,-118.3502424,ai,corroborated
BRIAR HALL,,,,,,,,
BRIARA TRADING CO,,,,,,,,
BRIDGE 360,"10801 MoPac Expressway, Bldg. #1, Suite 320",Austin,TX,78759,30.3754823,-97.7166729,ai,grounded
BRIDGE HOUSING,"100 Pine Street, Suite 1200",San Francisco,CA,94111,37.792607,-122.3990001,ai,corroborated
BRIDGE INVESTMENT GROUP,"111 East Sego Lily Drive, Suite 400",Salt Lake City,UT,84070,40.5732654,-111.8721775,ai,grounded
BRIDGE PARTNERS,237 Park Ave S,New York,NY,10003,40.7378519,-73.9879459,ai,uncorroborated
BRIDGEBIO,"3055 Olin Avenue, Suite 200",San Jose,CA,95128,37.3208992,-121.9497022,ai,corroborated
BRIDGEBIO PHARMA,421 Kipling St,Palo Alto,CA,94301,37.4484193,-122.1605317,ai,corroborated
BRIDGEINVEST,,MIAMI,FL,33131,,,,
BRIDGES FOR CHILDREN CENTER,,,,,,,,
BRIDGESTONE/FIRESTONE,200 4th Avenue South,Nashville,TN,37201,36.158923,-86.775731,ai,uncorroborated
BRIDGEWATERRARITAN SCHOOL DISTRICT,1 Crest Way,Bridgewater,NJ,08807,40.5598127,-74.5517146,ai,corroborated
BRIEF CARMEN & KLEIMAN LLP,225 Broadway,New York,NY,10007,40.7119924,-74.0086526,ai,corroborated
BRIGADE CAPITAL MANAGEMENT,"437 Madison Ave, 19th Floor",New York,NY,10022,40.7574405,-73.9750463,ai,grounded
BRIGHAM AND WOMEN'S HOSPITAL,75 Francis St,Boston,MA,02115,42.3356457,-71.1060376,ai,uncorroborated
BRIGHT HOUSE NETWORKS,13131 NW 107th Ave,Miami,FL,33178,25.8925918,-80.3721103,ai,corroborated
BRIGHTON SECURITIES,One Financial Plaza,Hartford,CT,06103,41.7654706,-72.6739404,ai,uncorroborated
BRIGHTVIEW SENIOR LIVING LLC,2 E 4th St,Wilmington,DE,19801,39.740293,-75.551217,ai,uncorroborated
BRIGHTWING,"150 South Wacker Drive, Suite 1000",Chicago,IL,60606,41.8796544,-87.637474,ai,uncorroborated
BRING YOUR HUMANN LLC,,,,,,,,
BRINKER INTERNATIONAL,"1200 North Federal Highway, Suite 500",Dallas,TX,75225,32.7762719,-96.7968559,ai,uncorroborated
BRINKHAVEN MANAGEMENT,,,,,,,,
BRINKLEY MORGAN,,,,,,,,
BRINSHORE,,,,,,,,
BRISTOL ASSOCIATES,20 Morris Ln,Scarsdale,NY,10583,40.9913258,-73.7818008,ai,grounded
BROAD STREET DEVELOPMENT,,,,,,,,
BROADCASTER,,,,,,,,
BROADER VIEW: ISRAEL RESOURCE CENTER,,,,,,,,
BROADMOOR,"809 N 96th St, Ste 1",Omaha,NE,68114,41.2676563,-96.0620091,ai,grounded
BROADRIDGE,55 Challenger Rd,Ridgefield Park,NJ,07660,40.8467659,-74.0128485,ai,corroborated
BROADRIDGE FINANCIAL,2 Ocean Winds Dr,Marlborough,MA,01752,42.3468589,-71.5525188,ai,uncorroborated
BROADWALL MANAGEMENT CORP,,,,,,,,
BROADWAY EXPORT,,,,,,,,
BROCKTON,,,,,,,,
BRODIE GENERATIONAL CAPITAL PARTNERS,"150 N. Radnor Chester Road, Suite F100",Radnor,PA,19087,40.0448619,-75.3594728,manual,verified
BRONNER GROUP,"120 N. LaSalle Street, Suite 1300",Chicago,IL,60602,41.8837271,-87.6329635,ai,grounded
BRONSTEIN PROP,,,,,,,,
BROOKFIELD PROPERTIES RETAIL,"250 Vesey St, 2nd Floor",New York,NY,10281,40.71406,-74.01584,ai,corroborated
BROOKHAVEN CARE CENTER,,,,,,,,
BROOKLYN COLLEGE,2900 Bedford Ave,Brooklyn,NY,11210,40.6310352,-73.9520082,ai,corroborated
BROOKLYN HOLDINGS,,,,,,,,
BROOKLYN INVESTMENT GROUP,,,,,,,,
BROOKS,401 Parkcenter Blvd,Boise,ID,83706,43.5981732,-116.1860447,ai,uncorroborated
BROOKS KUSHMAN,"1000 Town Center, 22nd Floor",Southfield,MI,48075,42.4751823,-83.2434378,ai,corroborated
BROOKS RECRUITING,,,,,,,,
BROOKSTEIN ASSOCIATES,,,,,,,,
BROOKVIEW ANIMAL HOSPITAL,11415 Brookview Dr,Overland Park,KS,66210,38.9742502,-94.6851702,ai,uncorroborated
BROOKWOOD MEDICAL CENTER,601 North Murphey Avenue,Birmingham,AL,35211,33.5206824,-86.8024326,ai,corroborated
BROWARD PAPER,4101 NW 130th Ave,Sunrise,FL,33323,26.1614507,-80.3199484,ai,corroborated
BROWARD PAPER & PACKAGING INC,,,,,,,,
BROWN & BROWN INSURANCE,300 North Beach Street,Daytona Beach,FL,32114,29.2170771,-81.0220331,ai,grounded
BROWN & BROWN METRO INC,220 S Ridgewood Ave,Daytona Beach,FL,32114,29.2078936,-81.021686,ai,uncorroborated
BROWN BROWN & PREMSRIRUT,,,,,,,,
BROWN DISTRIBUTING CO. OF WEST PALM BEACH,1300 Allendale Rd,West Palm Beach,FL,33405,26.686957,-80.069945,manual,verified
BROWN HARRIS STEVENS,770 Lexington Avenue,New York,NY,10065,40.7631713,-73.9678678,ai,corroborated
BROWN HAY & STEPHENS LLP,700 N Adams St,Springfield,IL,62701,39.8006164,-89.6500415,ai,corroborated
BROWN RUDNICK LLP,7 Times Square,New York,NY,10036,40.7555015,-73.9869028,ai,corroborated
BROWN UNIVERSITY,"Box 1876, 345 George Street",Providence,RI,02912,41.8239891,-71.4128343,ai,corroborated
BROWNSTEIN HYATT FARBER & MADDEN,"410 17th St, Suite 2200",Denver,CO,80202,39.744188,-104.988615,ai,corroborated
BROWNSTEIN HYATT FARBER SCHRECK,"410 17th Street, Suite 2200",Denver,CO,80202,39.744188,-104.988615,ai,corroborated
BROZONE,,,,,,,,
BRT APARTMENTS CORP,60 Cutter Mill Rd Ste 303,Great Neck,NY,11021,40.781289,-73.734026,ai,corroborated
BRT REALTY,"60 Cutter Mill Road, Suite 303",Great Neck,NY,11021,40.781289,-73.734026,ai,grounded
BRUCE DOWNS CPA,,,,,,,,
BRUIN BIOMETRICS LLC,10900 Wilshire Blvd,Los Angeles,CA,90024,34.0583372,-118.4440653,ai,corroborated
BRYAN CAVE LEIGHTON & PAISNER LLP,"One Metropolitan Square, 211 North Broadway, Suite 3600",Saint Louis,MO,63102,38.6254063,-90.190009,ai,uncorroborated
BRYN MAWR MEDICAL SPECIALTY ASSOCIATES,130 S Bryn Mawr Ave,Bryn Mawr,PA,19010,40.0193369,-75.3210956,ai,corroborated
BRYN PHARMA,7101 Millstone Ridge Court,Raleigh,NC,27614,35.7803977,-78.6390989,ai,uncorroborated
BS AND L,,,,,,,,
BSC MANAGEMENT,,,,,,,,
BSW,,,,,,,,
BTG,900 Third Avenue,New York,NY,10022,40.8088444,-73.9303577,ai,uncorroborated
BTI PARTNERS,500 E Broward Blvd,Fort Lauderdale,FL,33394,26.1218649,-80.1382116,ai,corroborated
BTIG,"1251 Avenue of the Americas, 23rd Floor",New York,NY,10020,40.7600411,-73.9818903,ai,corroborated
BTS,"280 Summer Street, Suite 1100",Boston,MA,02210,42.350264,-71.0499116,ai,uncorroborated
BUBBLE KING,,,,,,,,
BUCCINI POLLIN GROUP,"8500 Leesburg Pike, Suite 730",Tysons,VA,22182,38.9262095,-77.2379383,ai,uncorroborated
BUCHANAN INGERSOLL ROONEY,1700 K St NW,Washington,DC,20006,38.9022658,-77.039723,ai,corroborated
BUCK & BUCK,,,,,,,,
BUCKEYE RELIEF,,,,,,,,
BUCKINGHAM CAPITAL MANAGEMENT,"485 Lexington Avenue, 3rd Floor",New York,NY,10017,40.7542495,-73.9738298,ai,grounded
BUCKINGHAM PROPERTY MANAGEMENT LLC,150 N Radnor Chester Rd,Radnor,PA,19087,40.0430023,-75.3656459,ai,uncorroborated
BUCKLEY LAW PC,"1001 Pennsylvania Avenue NW, Suite 325",Washington,DC,20004,38.8954637,-77.0264855,ai,uncorroborated
BUENA VISTA CAR WASH,,,,,,,,
BUILD-A-BEAR,1954 Innerbelt Business Center Drive,Saint Louis,MO,63114,38.6865216,-90.3567887,ai,corroborated
BUILDER,,,,,,,,
BUILDING CONSULTANT,,,,,,,,
BUILDING INDUSTRY PARTNERS,,,,,,,,
BUILDING OWNERS AND MANAGERS ASSOCIATION,1901 L Street NW,Washington,DC,20036,38.903944,-77.043883,manual,verified
BUILDING THE NEW TOWER,,,,,,,,
BUILDINGLINK,"21 West 52nd Street, 7th Floor",New York,NY,10019,40.7604905,-73.9774165,ai,corroborated
"BULLSHARK, DBA JASON'S DELI OF COL",,,,,,,,
BULOW & ASSOCIATES LLC,,,,,,,,
BUNK,"545 W 25th St, 6th Floor",New York,NY,10001,40.7498665,-74.005004,ai,corroborated
BURBERRY,375 Hudson Street,New York,NY,10014,40.7284863,-74.0079039,ai,corroborated
BURDEENS LTD,,,,,,,,
BURFORD CAPITAL,250 West 55th Street,New York,NY,10019,40.7649395,-73.9829195,ai,uncorroborated
BURKE & HERBERT BANK,215 S. High Street,Somerset,PA,15501,40.0128372,-79.0858759,ai,uncorroborated
BURKE LEIGHTON,1 N Franklin St,Chicago,IL,60606,41.8824432,-87.6349588,ai,uncorroborated
BURKE WILLIAMS & SORENSEN,"1901 Avenue of the Stars, Suite 1900",Los Angeles,CA,90067,34.0595286,-118.4176184,ai,corroborated
"BURKE, BOGART & BROWNELL",,,,,,,,
"BURKE, WARREN, MACKAY & SERRITELLA PC",8 South Main Street,Middletown,CT,06457,41.5546393,-72.6490199,ai,uncorroborated
BURKETT BURKETT & BURKETT CPA PA,,,,,,,,
BURKETT CPAS,,,,,,,,
BURKLAND ASSOCIATES,2 Oliver St,Boston,MA,02109,42.3572063,-71.0545494,ai,corroborated
BURLINGTON,1830 Route 130 North,Burlington,NJ,08016,40.0712218,-74.8648859,ai,uncorroborated
BURLINGTON STORES,3300 Burlington Way,Burlington,NJ,08016,40.0712218,-74.8648859,ai,uncorroborated
BURNES LIBMAN LAW GROUP,11401 Concord Village Ave,San Diego,CA,92128,32.7174202,-117.162772,ai,uncorroborated
BURNS & WILCOX,One Tower Square,Hartford,CT,06183,41.7639833,-72.6731375,ai,uncorroborated
BURR FORMAN,420 N 20th St,Birmingham,AL,35203,33.5176823,-86.8083178,ai,uncorroborated
BURRITO BEACH,,,,,,,,
BURTON- OMNI EYE SERVIES,,,,,,,,
BUSHWICK POTATO,"130 Crossways Park Drive, Suite 107",Woodbury,NY,11797,40.8092554,-73.4851431,manual,verified
BUSINESS,,,,,,,,
BUSINESS CONCEPTS 2.0,,,,,,,,
BUSINESS EXECUTIVE,,,,,,,,
BUSINESS MACHINES CONSULTANTS INC,2400 W Chester Pike,Broomall,PA,19008,39.980446,-75.352908,ai,uncorroborated
BUTLER FITZGERALD & FIVESON PC,1309 Orange St,Wilmington,DE,19801,39.7492811,-75.5470409,ai,uncorroborated
BUTNICK & LEVENSON LLP,445 Hamilton Ave,White Plains,NY,10601,41.0348698,-73.7647624,ai,corroborated
BUTTONEDUP,"22 W 19th St, 3rd Floor",New York,NY,10011,40.7395583,-73.9927449,ai,uncorroborated
BUTZEL LONG,"1450 West Long Lake Road, Suite 200",Troy,MI,48098,42.5906664,-83.1773067,ai,corroborated
BUXNER LAW FIRM,,,,,,,,
BUYERS REALTY INC,,,,,,,,
BUYMEBEAUTY,,,,,,,,
BVISION SPORTSMEDIA,111 Valley Drive,Greenwich,CT,06831,41.0268231,-73.6408713,manual,verified
BW ANGEL INVESTMENTS,,,,,,,,
BY LILLA,,,,,,,,
BY NANCY,5020 Gloria Ave,Encino,CA,91436,34.1604172,-118.4791582,ai,grounded
"BYERS, MINTON & ASSOCIATES",,,,,,,,
BYM,,,,,,,,
C & G REAL ESTATE GROUP,,,,,,,,
C BOCHNER MD,9500 Euclid Ave,Cleveland,OH,44195,41.5025528,-81.6209195,ai,uncorroborated
C STREET ADVISORY GROUP,,,,,,,,
C. SHOR MANAGEMENT,,,,,,,,
C.T. BAUER COLLEGE OF BUSINESS AT THE UNIVERSITY OF HOUSTON,4750 Calhoun Road,Houston,TX,77204,29.7209942,-95.3394947,manual,verified
C21 STORES,22 Cortlandt St,New York,NY,10007,40.7104816,-74.0104876,ai,corroborated
C3 RISK & INSURANCE SERVICES,1201 Walnut Ridge Drive,Southlake,TX,76092,32.9412363,-97.1341783,manual,verified
C3.AI,1300 Seaport Boulevard,Redwood City,CA,94063,37.5135181,-122.2020535,manual,verified
C4I,,,,,,,,
CA CABLE TELECOMM. ASSOC,"360 22nd Street, Suite 750",Oakland,CA,94612,37.8109873,-122.2660022,ai,uncorroborated
CA COLLEGE,,,,,,,,
CA LEGISLATIVE ASSEMBLY,"State Capitol, Suite 3019",Sacramento,CA,95814,38.5766749,-121.4937139,ai,corroborated
CAA,"2000 Avenue of the Stars, 19th Floor",Los Angeles,CA,90067,34.0583138,-118.4146758,ai,corroborated
CABALETTA BIO,"2929 Arch Street, Suite 600",Philadelphia,PA,19104,39.9572797,-75.1824563,ai,grounded
CABINET BY DESIGN,,,,,,,,
CACHET ACCOUNTANCY,,,,,,,,
CACHET ADVISORY,,,,,,,,
CACTUS WELLHEAD,920 Memorial City Way Ste 300,Houston,TX,77024,29.7817107,-95.5355633,ai,corroborated
CADENCE,2655 Seely Avenue,Fremont,CA,94538,37.5482697,-121.988571,ai,uncorroborated
CADRE,"17 State Street, 21st Floor",New York,NY,10004,40.7029112,-74.0139782,ai,uncorroborated
CADRE BIOSCIENCES,"800 West El Camino Real, Suite 180",Mountain View,CA,94040,37.384935,-122.081857,ai,uncorroborated
CAHILL GORDON & REINDEL,32 Old Slip,New York,NY,10005,40.7037955,-74.0081614,ai,uncorroborated
CAKETECH,,,,,,,,
CAL COLOR GROWERS,,,,,,,,
CAL STATE,,,,,,,,
CAL STATE UNIVERSITY NORTHRIDGE,18111 Nordhoff Street,Northridge,CA,91330,34.2455346,-118.5263221,ai,corroborated
CALBAG METALS COMPANY,2495 NW Nicolai St,Portland,OR,97210,45.540482,-122.703461,ai,grounded
CALDWELL,,,,,,,,
CALDWELL MANUFACTURING,401 West 13th Street,Caldwell,ID,83605,43.6678736,-116.689415,ai,uncorroborated
"CALFEE, HALTER & GRISWOLD LLP","1401 WESTERVILLE ROAD, SUITE 400",COLUMBUS,OH,43207,39.9622601,-83.0007065,ai,corroborated
CALI RESOURCES INC,,,,,,,,
CALIFORNIA CABLE ASS'N,"1001 K STREET, SUITE 200",SACRAMENTO,CA,95814,38.579243,-121.49376,ai,corroborated
CALIFORNIA CHECK CASHING STORES,,,,,,,,
CALIFORNIA CULTURED,,,,,,,,
CALIFORNIA DEPARTMENT OF EDUCATION,1430 N STREET,SACRAMENTO,CA,95814,38.573494,-121.489445,ai,corroborated
CALIFORNIA DEPARTMENT OF JUSTICE,1300 I STREET,SACRAMENTO,CA,95814,38.6835965,-121.4360648,ai,corroborated
CALIFORNIA FARM BUREAU,2300 RIVER PLAZA DRIVE,SACRAMENTO,CA,95833,38.607375,-121.519751,ai,corroborated
CALIFORNIA LANDMARK,"2200 W. OLYMPIC BLVD., SUITE 200",LOS ANGELES,CA,90006,34.052073,-118.281162,ai,corroborated
CALIFORNIA NETWORK MANAGEMENT,,,,,,,,
CALIFORNIA ORTHOPAEDIC INSTITUTE,"625 SHAWNEE MISSION PKWY, SUITE 300",SACRAMENTO,CA,95825,38.5810606,-121.493895,ai,corroborated
CALIFORNIA PACIFIC MEDICAL CENTER,2330 POST STREET,SAN FRANCISCO,CA,94115,37.7845198,-122.4404107,ai,corroborated
CALIFORNIA POLYTECHNIC STATE UNIVERSIT,1 GRAND AVENUE,SAN LUIS OBISPO,CA,93407,35.3074623,-120.6646483,ai,corroborated
CALIFORNIA PRIMARY CARE ASSOCIATION,"1601 HEALTHCARE DRIVE, SUITE 100",SACRAMENTO,CA,95815,38.5810606,-121.493895,ai,corroborated
CALIFORNIA REAL PROPERTY INC,,,,,,,,
CALIFORNIA STATE UNIVERSITY,401 Golden Shore,Long Beach,CA,90802,33.7642032,-118.2012939,ai,corroborated
"CALIFORNIA STATE UNIVERSITY, FULLERTON",800 N State College Blvd,Fullerton,CA,92831,33.8830939,-117.8852152,ai,grounded
"CALIFORNIA STATE UNIVERSITY, LONG BEACH",1250 Bellflower Boulevard,Long Beach,CA,90840,33.7872569,-118.1143857,manual,verified
CALIFORNIA SUPPLY,,,,,,,,
CALITEX,,,,,,,,
CALLIDITAS,101 Maiden Lane,New York,NY,10038,40.7069708,-74.0068783,ai,uncorroborated
CALPORT RESOURCES,,,,,,,,
CALTECH,1200 E CALIFORNIA BOULEVARD,PASADENA,CA,91125,34.135905,-118.1294595,ai,corroborated
CALTRANS,"1120 N STREET, MS-54",SACRAMENTO,CA,95814,38.5810606,-121.493895,ai,corroborated
CALVERA PARTNERS,,,,,,,,
CAM,,,,,,,,
CAMBRIA,1425 CHAMPLIN DRIVE,SANTA ANA,CA,92705,33.7494951,-117.873221,ai,uncorroborated
CAMBRIDGE CAPITAL,,,,,,,,
CAMBRIDGE INFORMATION GROUP,"888 7th Avenue, 17th Floor",New York,NY,10019,40.7653708,-73.9809976,ai,grounded
CAMBRIDGE SECURITY SEALS,2 Lancaster Court,Enfield,CT,06082,41.9767721,-72.5917113,ai,uncorroborated
CAMBRIDGE WILKINSON,,,,,,,,
CAMELOT BIOCAPITAL,1100 Holland Dr,Boca Raton,FL,33487,26.405837,-80.1103044,ai,grounded
CAMERA,,,,,,,,
CAMERICAN INTERNATIONAL,300 Connell Drive,Berkeley Heights,NJ,07922,40.6629599,-74.414414,ai,uncorroborated
CAMINO MEDICAL GROUP,3865 S Fairview St,Santa Barbara,CA,93105,34.4221319,-119.702667,ai,corroborated
CAMMEBY'S MANAGEMENT CO,"55 W 39th St, 14th Floor",New York,NY,10018,40.7523912,-73.9839779,ai,corroborated
CAMP ROSMARIN INC,12 School Rd,Monroe,NY,10950,41.2998583,-74.2195155,ai,grounded
CAMPBELL & LEVINE LLC,,,,,,,,
CAMPBELL PROPERTY MANAGEMENT,1215 E Hillsboro Blvd,Deerfield Beach,FL,33441,26.3157402,-80.0874999,ai,corroborated
CAMPBELL SOUP COMPANY,1 Campbell Place,Camden,NJ,08103,39.9411627,-75.1079987,ai,corroborated
CAMPDEN GROUP,,,,,,,,
CAMPS EQUINUNK AND BLUE RIDGE,,,,,,,,
CAMPUS APARTMENTS,4043 Walnut Street,Philadelphia,PA,19104,39.95467,-75.2047009,ai,grounded
CAMPUS INNOVATION,,,,,,,,
CAMSF,,,,,,,,
CANAL CARTAGE COMPANY,11643 Wallisville Rd Unit A,Houston,TX,77013,29.7984647,-95.2311272,ai,grounded
CANAM ENTERPRISES,"48 Wall Street, 24th Floor",New York,NY,10005,40.706472,-74.0091188,ai,grounded
CANDELA,530 Boston Post Road,Sudbury,MA,01776,42.3614959,-71.4298177,ai,corroborated
CANFIELD DEVELOPMENT INC,,,,,,,,
CANNON COUNTY KNITTING MILLS,,,,,,,,
CANNON HEYMAN & WEISS LLP,535 E Pine St,Orlando,FL,32801,28.5414207,-81.3708274,ai,uncorroborated
CANO HEALTH,"1000 N Ashley Dr, Suite 1800",Tampa,FL,33602,27.952089,-82.4623403,ai,corroborated
CANOE BROOK MANAGEMENT,"300 Kimball Drive, Suite 200",Parsippany,NJ,07054,40.8608742,-74.4070377,ai,corroborated
CANON EQUITY PARTNERS,,LOS ANGELES,CA,90001,,,,
CANTON TIRE,,,,,,,,
CANTOR INJURY LAW,12283 Olive Boulevard,Saint Louis,MO,63141,38.6730028,-90.4542563,ai,grounded
CANUM CAPITAL PARTNERS,,,,,,,,
CANUS,,,,,,,,
CANVASBACK MANAGEMENT,"505 20th Street North, Ste 1150",Birmingham,AL,35203,33.5182867,-86.80811,ai,grounded
CANVASSER DEVELOPMENT INC,,,,,,,,
CANYON COUNTY REFRIGERATION LLC,,,,,,,,
CANYON PARTNERS,"2000 Avenue of the Stars, 11th Floor",Los Angeles,CA,90067,34.0536909,-118.242766,manual,verified
CANYONMD,347 5th Ave,New York,NY,10016,40.7480687,-73.984589,ai,grounded
CAO-SUMMIT ORTHOPEDICS,,,,,,,,
CAP,,,,,,,,
CAP GROUP,,,,,,,,
CAPALINO,"100 Church Street, 8th Floor",New York,NY,10007,40.7127281,-74.0060152,ai,grounded
CAPE FEAR VALLEY MEDICAL,1638 Owen Dr,Fayetteville,NC,28304,35.0313519,-78.9335603,ai,uncorroborated
CAPGEMINI,"7930 Jones Branch Drive, Suite 700",McLean,VA,22102,38.9287768,-77.2156427,ai,uncorroborated
CAPITAL ADVISORS LTD,,,,,,,,
CAPITAL CONSULTANTS GROUP,,,,,,,,
CAPITAL DIGESTIVE CARE,"12510 Prosperity Drive, Suite 200",Silver Spring,MD,20904,38.9959461,-77.0276231,ai,grounded
CAPITAL GROUP,333 South Hope Street,Los Angeles,CA,90071,34.0536175,-118.2532727,manual,verified
CAPITAL MARKETS ADVISORS LLC,,,,,,,,
CAPITAL ONE,1680 Capital One Drive,McLean,VA,22102,38.9242279,-77.2134433,ai,grounded
CAPITAL ONE FINANCIAL,1680 Capital One Dr,McLean,VA,22102,38.9242279,-77.2134433,ai,grounded
CAPITAL REALTY SERVICES,,,,,,,,
CAPITAL RECOVERY GROUP,,,,,,,,
CAPITAL TRUST ESCROW,,,,,,,,
CAPITAL VISION SERVICES,,,,,,,,
CAPITAL WOMEN'S CARE,,,,,,,,
CAPITALZ,,,,,,,,
CAPITOL CONSULTING,,,,,,,,
CAPITOL ENTERTAINMENT,,,,,,,,
CAPITOL VENTURE LLC,,,,,,,,
CAPLIN,,,,,,,,
CAPS PAYROLL,"220 Montgomery Street, Suite 650",San Francisco,CA,94104,37.7912938,-122.4021563,ai,corroborated
CAPSTONE,"500 Boylston Street, Suite 1700",Boston,MA,02116,42.3504303,-71.0739556,ai,uncorroborated
CAPSTONE CONSULTING SERVICES INC,,,,,,,,
CAPSULE GROUP,142 W 57th St,New York,NY,10019,40.7648071,-73.9792438,ai,uncorroborated
CAPTIVONE,,,,,,,,
CARAVUS,,,,,,,,
CARBONQUEST,,,,,,,,
CARD COMPLIANT,"11610 Ash Street, Suite 200",Leawood,KS,66211,38.9175855,-94.6478032,ai,grounded
CARDINAL CAPITAL COMPANY,"8665 Wilshire Blvd, Suite 410",Beverly Hills,CA,90211,34.0662604,-118.3801647,ai,grounded
CARDINAL EQUITIES LLC,"8665 Wilshire Blvd, Suite 410",Beverly Hills,CA,90211,34.0662604,-118.3801647,ai,grounded
CARDIO. ASSOC. OF PENINSULA,,,,,,,,
CARDIOLOGY CLINIC OF SAN ANTONIO,"4334 Northwest Loop 410, Suite 220",San Antonio,TX,78229,29.4889062,-98.5681652,ai,corroborated
CARDIOLOGY CONSULTANTS,,,,,,,,
CARDIOLOGY PC OF HARTFORD HEALTHCARE MEDICAL GROUP,1 State St,Hartford,CT,06103,41.7663891,-72.6688848,ai,corroborated
CARDIOVASCULAR ASSOCIATES OF NORTH JERSEY,"25 Rockwood Place, Suite 440",Englewood,NJ,07631,40.8793524,-73.9831384,manual,verified
CARDIOVASCULAR CONSULTANTS OF LONG ISLAND PC,"3 Clinton Square, Suite 200",Hempstead,NY,11550,40.7086622,-73.6879943,ai,corroborated
CARDIOVASCULAR LOGISTICS,,,,,,,,
CARDOZO LAW SCHOOL,55 Fifth Avenue,New York,NY,10003,40.9116172,-73.8096508,ai,corroborated
CARE DENTISTRY GROUP,1301 2nd St Suite 210,Santa Monica,CA,90401,34.016187,-118.498445,ai,corroborated
CARE NEW ENGLAND/BROWN UNIVERSITY,101 Dudley Street,Providence,RI,02905,41.8109023,-71.4133702,ai,corroborated
CAREMARK,1100 Park Place Boulevard,Vero Beach,FL,32960,27.6387163,-80.3975399,ai,uncorroborated
CAREPOINT,1515 River Avenue,Union City,NJ,07087,40.7795455,-74.0237512,ai,corroborated
CARILION CLINIC,1 James Madison Place,Roanoke,VA,24011,37.270973,-79.9414313,ai,corroborated
CARING PLACE HEALTHCARE GROUP,,,,,,,,
CARLOW UNIVERSITY,3333 Fifth Avenue,Pittsburgh,PA,15213,40.438763,-79.9636614,ai,grounded
CARLTON FIELDS,"4000 North Federal Highway, Suite 420",Boca Raton,FL,33431,26.38618,-80.076422,ai,corroborated
CARLTON MANAGEMENT,,,,,,,,
CARMEL PARTNERS MANAGEMENT,"1000 Sansome St, 1st Floor",San Francisco,CA,94111,37.7996876,-122.4021534,manual,verified
CARNEGIE HILL PROPERTIES,,,,,,,,
CARNEGIE MELLON UNIVERSITY,5000 Forbes Ave,Pittsburgh,PA,15213,40.4444415,-79.9424875,ai,corroborated
CARNIVAL CRUISE LINES,3655 N. Lake Shore Drive,Chicago,IL,60613,41.9501831,-87.6440682,ai,uncorroborated
CAROLINA FACIAL PLASTICS,1220 E Morehead St,Charlotte,NC,28204,35.2094181,-80.8407119,ai,corroborated
CAROLINAS MEDICAL CENTER,1000 Blythe Blvd,Charlotte,NC,28203,35.2038003,-80.8386847,ai,corroborated
CAROLWOOD,,,,,,,,
CAROLWOOD ESTATES,,,,,,,,
"CARON, COLVEN, ROBISON, & SHAFTON",,,,,,,,
CARPET AND TILE MART - MECHANICSBURG,7616 Allentown Blvd,Harrisburg,PA,17112,40.2663107,-76.8861122,ai,corroborated
CARR & FAMILY PROPERTIES LLC,,,,,,,,
CARR CHEVROLET,1000 W Park Ave,Tallahassee,FL,32304,30.4408116,-84.2959312,ai,uncorroborated
CARROLL COUNTY EMERGENCY MANAGEMENT AND COMMUNICATIONS,225 North Center St,Westminster,MD,21157,39.5729049,-76.9873035,ai,corroborated
CARTA,2550 Cunningham Blvd,San Diego,CA,92105,32.7174202,-117.162772,ai,corroborated
CARTER MORSE & GOODRICH,99 Harbor Road,Southport,CT,06890,41.137442,-73.274221,ai,grounded
CARUSO VENTURES,"8880 W Sunset Blvd, Ste 1500",West Hollywood,CA,90069,34.0905555,-118.3850707,ai,uncorroborated
"CARYN GROEDEL & ASSOCIATES CO., LPA","31300 Solon Rd, Suite 27",Solon,OH,44139,41.3870441,-81.4559605,ai,grounded
CASATOOLS,,,,,,,,
CASCADE PEDIATRICS,600 NE 8th St,Gresham,OR,97030,45.5026677,-122.4252824,ai,uncorroborated
CASE CLOSURE,,,,,,,,
CASE WESTERN RESERVE UNIVERSITY,10900 Euclid Ave,Cleveland,OH,44106,41.5141943,-81.6025385,ai,corroborated
CASEY GERRY,110 Laurel St,San Diego,CA,92101,32.73163,-117.16365,ai,corroborated
CASEY GERRY REED AND SCHENK,110 Laurel Street,San Diego,CA,92101,32.73163,-117.16365,ai,corroborated
CASEYS,1 SE Convenience Blvd,Ankeny,IA,50021,41.702745,-93.571601,ai,uncorroborated
CASO LAW FIRM,,,,,,,,
CASPER AND CASPER,,,,,,,,
CASPER SLEEP,175 Greenwich Street,New York,NY,10007,40.711006,-74.0116426,ai,grounded
CASSIDY TURLEY,"2101 L Street NW, Suite 700",Washington,DC,20037,38.903824,-77.046802,ai,grounded
CASSIN & CASSIN LLP,711 3rd Ave,New York,NY,10017,40.7521472,-73.9729112,ai,corroborated
CASTING NETWORKS,"3250 Wilshire Blvd, Ste 1800",Los Angeles,CA,90010,34.0609839,-118.2932673,ai,grounded
CASTLEKNIGHT,"810 Seventh Avenue, Suite 803",New York,NY,10019,40.9138474,-73.8064848,manual,verified
CASTLEWOOD CAPITAL PARTNERS LLC,200 West 41st Street,New York,NY,10036,40.755372,-73.9877527,ai,uncorroborated
CATALANO GALLARDO,,,,,,,,
CATALIS,"3025 Windward Plaza, Ste 200",Alpharetta,GA,30005,34.0931507,-84.239628,ai,grounded
CATALYST,8277 Belleview Drive,Plano,TX,75024,33.0891972,-96.8088064,ai,grounded
CATALYST CAPITAL ADVISORS,"36 N New York Avenue, Floor 3",Huntington,NY,11743,40.8590946,-73.4177832,ai,grounded
CATALYST PHYSICIANS GROUP,"2900 Bee Caves Road, Suite 401",Austin,TX,78746,30.2663749,-97.7831084,ai,corroborated
CATEGORY FIVE,,,,,,,,
CATHOLIC CHARITIES OF BOSTON,275 West Broadway,Boston,MA,02127,42.3388188,-71.0513548,ai,corroborated
CATS TRANSPORTATION,1020 N 128th St,Omaha,NE,68154,41.2689827,-96.1128938,ai,uncorroborated
CAULIPOWER,3851 Rickey Street,San Diego,CA,92110,32.7174202,-117.162772,ai,grounded
CAVES VALLEY PARTNERS,,Cockeysville,MD,21030,,,,
CB COMMERCIAL,533 S. Fremont Ave,Los Angeles,CA,90071,34.0884154,-118.1520833,ai,grounded
CBG REAL ESTATE,4629 Macro Dr,San Antonio,TX,78218,29.4671449,-98.4001767,ai,grounded
CBIZ,"6055 Rockside Woods Boulevard, Suite 200",Cleveland,OH,44131,41.3984944,-81.6351697,ai,grounded
CBIZ MARKS PANETH,6050 Oak Tree Boulevard South,Independence,OH,44131,41.3816571,-81.6406872,ai,grounded
CBRE,2100 McKinney Ave,Dallas,TX,75201,32.7915127,-96.8021075,manual,verified
CBS,51 West 52nd Street,New York,NY,10019,40.7612541,-73.9787812,ai,uncorroborated
CBS FOOD PROGRAM,,,,,,,,
CCA,,,,,,,,
CCAC,,,,,,,,
CCB LAW,,,,,,,,
CCD,,,,,,,,
CCEC,,,,,,,,
CCF,,,,,,,,
CCG / ALTERITY CAPITAL,1880 Lakeland Drive Suite C,Jackson,MS,39216,32.3339692,-90.1387351,ai,grounded
CCH HEALTHCARE,,,,,,,,
CCI,,,,,,,,
CCT,,,,,,,,
CCTL,,,,,,,,
CCU FLORIDA,,,,,,,,
CD WEALTH MANAGEMENT,,,,,,,,
CDC,"1600 Clifton Road NE, MS E-10",Atlanta,GA,30329,33.7544657,-84.3898151,ai,corroborated
CDHH,,,,,,,,
CDK ENTERPRISES,,,,,,,,
CDPA,,,,,,,,
CDPH,"1615 Capitol Ave, Suite 73.400",Sacramento,CA,95814,38.5747837,-121.4863223,ai,corroborated
CDR,,,,,,,,
CDS MECHANICAL SERVICES,909 William Meade Ct,Davidsonville,MD,21035,38.9648377,-76.62707879999999,ai,grounded
CDSD,,,,,,,,
CDT,,,,,,,,
CE AIR CHARTER,,,,,,,,
CEA,"1400 K Street NW, Suite 300",Washington,DC,20005,38.902158,-77.032284,ai,uncorroborated
CEA GROUP INC,"699 Town Center Drive, Suite 1500",Costa Mesa,CA,92626,33.6925476,-117.8840536,ai,uncorroborated
CED COMPANIES,5080 Virginia Way,Brentwood,TN,37027,36.0343068,-86.8162655,ai,uncorroborated
CEDAR,"32 6th Avenue, 18th Floor",New York,NY,10013,40.7200838,-74.0049886,ai,grounded
CEDAR ASSET MANAGEMENT,280 Park Ave,New York,NY,10017,40.7564853,-73.975049,ai,uncorroborated
CEDAR CAPITAL GROUP,333 West Wacker Drive,Chicago,IL,60606,41.886173,-87.6358607,ai,uncorroborated
CEDAR PRODUCTIONS,,,,,,,,
CEDAR REALTY,2529 Virginia Beach Blvd,Virginia Beach,VA,23452,36.8403779,-76.057849,ai,grounded
CEDARCREST,,,,,,,,
CEDARFIELD GROUP,,,,,,,,
CEDARS,,,,,,,,
CEDARS SINAI MEDICAL GROUP,,,,,,,,
CEDARS TOWERS SURGICAL MEDICAL GROUP INC,,,,,,,,
CEDARS-SINAI MEDICAL CENTER,8700 Beverly Blvd,Los Angeles,CA,90048,34.0751604,-118.3810936,ai,corroborated
CEISLER MEDIA & ISSUE ADVOCACY,"1525 Locust St, 6th Floor",Philadelphia,PA,19102,39.9487706,-75.1673943,ai,grounded
CENCORA,1500 Market St,Philadelphia,PA,19102,39.9531287,-75.1642021,ai,corroborated
CENTAURI HEALTH SOLUTIONS INC,"51 W. 3rd St., Suite 301",Tempe,AZ,85281,33.4255117,-111.940016,ai,grounded
CENTENE,7700 Forsyth Boulevard,Saint Louis,MO,63105,38.6461998,-90.3034052,ai,grounded
CENTENNIAL RETAIL SERVICES,"2505 21st Avenue South, Suite 201",Nashville,TN,37212,36.1258215,-86.805244,ai,grounded
CENTER CREEK CAPITAL GROUP,,,,,,,,
CENTER FOR DERMATOLOGY,,,,,,,,
CENTER FOR EMOTIONAL WELLNESS,,,,,,,,
CENTER FOR EYECARE,,,,,,,,
CENTER FOR FAMILY RESOURCES,703 East Main Street,Norwalk,OH,44857,41.2462957,-82.6072782,ai,uncorroborated
CENTER FOR FORENSIC PSYCHIATRY,4000 St. Antoine Street,Dearborn,MI,48124,42.3222599,-83.1763145,ai,corroborated
CENTER FOR INNOVATION,,,,,,,,
CENTER FOR JEWISH PHILANTHROPY OF GREATER PHOENIX,"12701 North Scottsdale Road, Suite 201",Scottsdale,AZ,85254,33.6057854,-111.9258653,manual,verified
CENTER FOR PRACTICE INNOVATIONS,"105 Davis Street, 2nd Floor",Albany,NY,12210,42.7790712,-73.7255863,ai,corroborated
CENTER ISRAEL,,,,,,,,
CENTER OF THE AMERICAN EXPERIMENT,"8421 Wayzata Boulevard, Suite 110",Golden Valley,MN,55426,44.9724978,-93.3872549,ai,corroborated
CENTERBASE LLC,"8350 N Central Expy, Suite 1950",Dallas,TX,75206,32.8623071,-96.7697284,ai,grounded
CENTERBRIDGE PARTNERS,"375 Park Avenue, 14th Floor",New York,NY,10152,40.7584073,-73.9719841,ai,corroborated
CENTERVIEW PARTNERS,"375 Park Avenue, 12th Floor",New York,NY,10152,40.7127281,-74.0060152,ai,corroborated
CENTRA HEALTH,1401 Wicker Drive,Lynchburg,VA,24502,37.4137536,-79.1422464,ai,grounded
CENTRAL ALLERGY,"1034 S Brentwood Blvd, Suite 460",Saint Louis,MO,63117,38.6362618,-90.3443545,ai,grounded
CENTRAL ATLANTA PROGRESS,"191 Peachtree Street NE, Suite 700",Atlanta,GA,30303,33.7590071,-84.386854,ai,corroborated
CENTRAL COAST HEAD AND NECK SURGEONS,120 Oak Park Blvd,Pismo Beach,CA,93449,35.13048,-120.6065241,ai,corroborated
CENTRAL ILLINOIS RETINA INSTITUTE,1315 North Neil Street,Champaign,IL,61820,40.128705,-88.2437041,ai,corroborated
CENTRAL MAINE EYE CARE,500 Main Street,Lewiston,ME,04240,44.109119,-70.2097622,ai,corroborated
CENTRAL TEXAS PEDITRIC ORTHOPEDICS,6811 Austin Center Blvd Suite 300,Austin,TX,78731,30.350713,-97.750423,ai,corroborated
CENTRAL WA UNIV,400 E University Way,Ellensburg,WA,98926,47.006469,-120.5367304,ai,corroborated
CENTRE PARTNERS MANAGEMENT,"120 Park Avenue, 16th Floor",New York,NY,10017,40.751608,-73.978175,ai,corroborated
CENTRE STREET PARTNERS,1 Federal Street,Boston,MA,02110,42.3565717,-71.0571515,ai,uncorroborated
CENTRIC BRANDS,"400 Broadhollow Road, Suite 300",Melville,NY,11747,40.7788343,-73.42123,ai,corroborated
CENTURION REALTY,"500 5th Ave, 39th Floor",New York,NY,10110,40.7539205,-73.9811817,manual,verified
CENTURY 21 AWARD,1180 Route 70 East,Cherry Hill,NJ,08034,39.9348351,-75.0307264,ai,uncorroborated
CENTURY 21 STORES,22 Cortlandt Street,New York,NY,10007,40.7104816,-74.0104876,manual,verified
CENTURY 26 CONSTRUCTION,,,,,,,,
CENTURY DEVELOPMENT CO,,,,,,,,
CENTURY KING REALTY,,,,,,,,
CENTURY PARK CAPITAL PARTNERS,1999 Avenue of the Stars,Los Angeles,CA,90067,34.058647,-118.4166661,ai,corroborated
CENTURY PARK LAW GROUP,"16133 Ventura Blvd, Suite 600",Encino,CA,91436,34.1567642,-118.4850325,ai,corroborated
CENTURY VETERINARY GROUP,,,,,,,,
CENVILL RECREATION INC,,,,,,,,
CEO PRESERVING YOUR BLOOM INC,,,,,,,,
CERBERUS CAPITAL MANAGEMENT,875 Third Avenue,New York,NY,10022,40.8088444,-73.9303577,ai,uncorroborated
CERENADE,,,,,,,,
CERES PIPE & METAL,2261 McHenry Ave,Modesto,CA,95350,37.6756407,-120.994197,ai,corroborated
CERINFUSE TECHNOLOGIES AND SELD,,,,,,,,
CERITY PARTNERS LLC,99 Park Avenue,New York,NY,10016,40.750694,-73.978591,manual,verified
CERRITOS COLLEGE,11110 Alondra Boulevard,Norwalk,CA,90650,33.8831622,-118.0973395,ai,corroborated
CERSONSKY& MCANELLY PC,,,,,,,,
CERTAIN INC,"1040 Park Ave, 2nd Floor",San Jose,CA,95126,37.3258325,-121.909356,ai,corroborated
CERTARES MANAGEMENT LLC,"660 Madison Avenue, 12th Floor",New York,NY,10065,40.7647391,-73.9711425,ai,corroborated
CERTIFIED FINANCIAL GROUP INC,"750 Park of Commerce Drive, Suite 102",Boca Raton,FL,33487,26.4005139,-80.1014674,ai,corroborated
CERULEAN ADVISORY,,,,,,,,
CES,40 Lindeman Drive,Trumbull,CT,06611,41.2326566,-73.1996521,ai,grounded
CESI,,,,,,,,
CESJDS,1901 East Jefferson Street,Rockville,MD,20852,39.063106,-77.129726,ai,grounded
CESSNA AIRCRAFT,1 Cessna Boulevard,Wichita,KS,67215,37.6380542,-97.4162223,ai,uncorroborated
CF PROPERTIES,,,,,,,,
CFC,,,,,,,,
CFC CAPITAL,"2 Bethesda Metro Center, Suite 600",Bethesda,MD,20814,38.9847744,-77.0957275,ai,uncorroborated
CFCPAPC,,,,,,,,
CFI MANAGEMENT,50 Schilling Rd Ste 100,Hunt Valley,MD,21031,39.4931586,-76.653983,ai,grounded
CFI PARTNERS,"1345 Avenue of the Americas, 44th Floor",New York,NY,10105,40.7629997,-73.9790535,ai,corroborated
CFL APPRAISAL,,,,,,,,
CFVHS,,,,,,,,
CGI,"1350 Broadway, 7th Floor",New York,NY,10018,40.7509424,-73.9873466,ai,uncorroborated
CH MANAGEMENT CORP,,,,,,,,
CHA,,,,,,,,
CHABAD,770 Eastern Pkwy,Brooklyn,NY,11213,40.6689619,-73.9427981,ai,grounded
CHABAD NP,,,,,,,,
CHABAD OF STAMFORD,1038 Newfield Ave,Stamford,CT,06905,41.0951831,-73.5318598,ai,corroborated
CHADBOURNE & PARKE,"30 Rockefeller Plaza, Suite 3300",New York,NY,10112,40.7591232,-73.979556,ai,uncorroborated
CHADWAY,,,,,,,,
CHAIFETZ GROUP,"455 N. Cityfront Plaza Drive, 13th Floor",Chicago,IL,60611,41.8897043,-87.6210358,ai,grounded
CHAIR KING BACKYARD STORE,5405 W Sam Houston Pkwy N,Houston,TX,77041,29.8460321,-95.5632905,ai,grounded
CHALKER FLORES LLP,"580 California Street, Suite 1750",San Francisco,CA,94104,37.7929844,-122.404152,ai,uncorroborated
CHAMPION FOREST BAPTIST CHURCH,15555 Stuebner Airline Rd,Houston,TX,77069,29.8746384,-95.4097277,ai,corroborated
CHANEN CONSTRUCTION COMPAMY INC,,,,,,,,
CHANNEL FACTORY,17700 Castleton Street Suite 406,City of Industry,CA,91748,33.992933,-117.917207,ai,grounded
CHAPEL HAVEN,75 Chase Ave,Seymour,CT,06483,41.3943578,-73.0741697,manual,verified
CHAPMAN & CUTLER,111 W Monroe St,Chicago,IL,60603,41.8804044,-87.6311351,ai,corroborated
CHAPMAN CONSULTING LLC,,,,,,,,
CHARDON CAPITAL,"333 W Wacker Dr, Suite 1800",Chicago,IL,60606,41.886173,-87.6358607,ai,uncorroborated
CHARGER WATER,,,,,,,,
CHARIOT,"16 W 22nd St, 4th Floor",New York,NY,10010,40.7410462,-73.9914203,ai,corroborated
CHARLES & LYNN SCHUSTERMAN FAMILY PHILANTHROPIES,"100 North Broadway, Suite 1100",Oklahoma City,OK,73102,35.4684781,-97.5133718,manual,verified
CHARLES BANK,"1 International Pl, 35th Floor",Boston,MA,02110,42.3588336,-71.0578303,ai,uncorroborated
CHARLES H NUSBAUM CPA,,,,,,,,
CHARLES RIVER ASSOCIATES,"200 Clarendon St, 54th Floor",Boston,MA,02116,42.3491677,-71.075124,ai,grounded
CHARLES SCHWAB,211 Main St,San Francisco,CA,94105,37.7905909,-122.3928495,ai,uncorroborated
CHARLIE HEALTH,"641 Minnesota Ave SE, Suite 300",Minneapolis,MN,55414,44.9772995,-93.2654692,ai,uncorroborated
CHARLOTTE RADIOLOGY,920 East Morehead Street,Charlotte,NC,28204,35.2132764,-80.8442363,ai,corroborated
CHARMOY & CHARMOY LLC,,,,,,,,
CHARTER COMMUNICATIONS,400 Washington Ave S,Saint Louis,MO,63102,38.629702,-90.187177,ai,uncorroborated
CHARTER OAK STATE COLLEGE,55 Paul Manafort Dr,New Britain,CT,06053,41.6882278,-72.7679692,ai,corroborated
CHARTER REALTY,"600 Lexington Ave, 51st Floor",New York,NY,10022,40.7580277,-73.9714246,ai,uncorroborated
CHASAN LAMPARELLO MALLON & CAPPUZZO,300 Lighting Way,Secaucus,NJ,07094,40.791204,-74.050486,ai,corroborated
CHASBRO INVESTMENTS,,,,,,,,
CHASE,383 Madison Avenue,New York,NY,10179,40.7554453,-73.9767459,ai,grounded
CHASSEN ENDO,,,,,,,,
CHATHAM FINANCIAL,"2000 Market Street, Suite 4200",Philadelphia,PA,19103,39.953509,-75.173351,ai,grounded
CHATSWORTH PRODUCTS,4014 Long Beach Boulevard,Long Beach,CA,90807,33.8310724,-118.1892437,ai,corroborated
CHC GROUP,"1001 Louisiana Street, Suite 2900",Houston,TX,77002,29.7578893,-95.3673868,ai,uncorroborated
CHE BEHAVIORAL HEALTH SERVICES,,,,,,,,
CHECKER SPECIALTY PHARMACY,701 S College Ave,Fort Collins,CO,80524,40.5779358,-105.0768586,ai,uncorroborated
CHEDER MENACHEM,,,,,,,,
CHEF IP,,,,,,,,
CHELAN ADVISORS LLC,,,,,,,,
CHELSEA FOOT AND ANKLE PC,,,,,,,,
CHELSEA SENIOR LIVING,3250 N Washington Ave,Bloomington,MN,55431,44.8322405,-93.3204872,ai,uncorroborated
CHELSEA VIDEOS INC,,,,,,,,
CHELTEN HOUSE,607 Heron Dr,Swedesboro,NJ,08085,39.7476136,-75.3104654,ai,corroborated
CHEMICAL SERVICES GROUP,8679 South Freeway Drive,Macedonia,OH,44056,41.313667,-81.50845,ai,grounded
CHENEYBROTHERS.COM,1350 N. 17th Avenue,Boise,ID,83702,43.6166163,-116.200886,ai,uncorroborated
CHEQ TECHNOLOGIES INC,"4 World Trade Center, 150 Greenwich Street, 34th Floor",New York,NY,10007,40.7102861,-74.011985,ai,corroborated
CHEQ.AI,"22 W 19th St, 9th Fl",New York,NY,10011,40.7127281,-74.0060152,ai,grounded
CHERKAS ACCOUNTANCY,,,,,,,,
CHERNER DEVELOPMENT GROUP,,,,,,,,
CHERNOMOR,,,,,,,,
CHERRE,"250 Park Avenue South, 3rd Floor",New York,NY,10003,40.7382829,-73.9880343,ai,corroborated
CHERRY CRREK SCHOOLS,4700 S. Yosemite Street,Denver,CO,80237,39.639473,-104.8850285,ai,corroborated
CHERRY HILL MEDICAL INC,"2300 Chapel Ave W, Suite 200",Cherry Hill,NJ,08002,39.9280678,-75.0121444,ai,uncorroborated
CHERYL COVICI CONSULTING,,,,,,,,
CHESAPEAKE PROPERTIES,"1750 K Street NW, Suite 400",Washington,DC,20006,38.9022031,-77.040776,ai,uncorroborated
CHESAPEAKE REALTY PARTNERS,4750 Owings Mills Blvd,Owings Mills,MD,21117,39.4016436,-76.7975399,ai,grounded
CHESTNUT HOLDINGS,,,,,,,,
CHEVRON CORPORATION,6001 Bollinger Canyon Road,San Ramon,CA,94583,37.7583351,-121.9594581,ai,corroborated
CHG,,,,,,,,
CHI HEALTH CLINIC,1000 N 90th St,Omaha,NE,68114,41.268437,-96.052665,ai,corroborated
CHICAGO ASSET FUNDING,200 W Madison St Suite 2500,Chicago,IL,60606,41.8822821,-87.634359,ai,uncorroborated
CHICAGO BOTANIC GARDEN,1000 Lake Cook Road,Glencoe,IL,60022,42.1490285,-87.7896856,ai,corroborated
CHICAGO JEWISH DAY SCHOOL,4331 Dempster Street,Skokie,IL,60076,42.0406762,-87.7365267,ai,corroborated
CHICAGO LOOP SYNAGOGUE,20 North Wacker Drive,Chicago,IL,60606,41.8827112,-87.6374724,ai,corroborated
CHICAGO POLICE DEPARTMENT,3510 S. Michigan Avenue,Chicago,IL,60653,41.8301901,-87.6238593,ai,corroborated
CHICAGO TITLE,601 Riverside Avenue,Jacksonville,FL,32204,30.3192214,-81.674122,ai,grounded
CHICAGO TITLE INSURANCE COMPANY,332 S. Michigan Avenue,Chicago,IL,60604,41.8772854,-87.6245973,ai,uncorroborated
CHICAGO TRADING COMPANY,"141 W Jackson Blvd, Suite 800",Chicago,IL,60604,41.8778674,-87.6320417,manual,verified
CHICAGO TRAINING COMPANY,,,,,,,,
CHICANOS POR LA CAUSA,1801 West 18th Street,Phoenix,AZ,85007,33.4484367,-112.074141,ai,corroborated
CHICOS FAS,11215 Metro Parkway,Fort Myers,FL,33966,26.5941722,-81.8504335,ai,grounded
CHIEF EXECUTIVE AIR,,,,,,,,
CHIEF EXECUTIVE GROUP,"100 Westwood Pl, Suite 445",Brentwood,TN,37027,36.036978,-86.805399,ai,grounded
CHIEFTAIN CAPITAL MANAGEMENT,630 5th Ave,New York,NY,10111,40.7590028,-73.9770864,ai,corroborated
CHIFLIKYAN,,,,,,,,
CHILD SPECIALTY GROUP,"1600 12th Street North, Suite 300",Arlington,VA,22209,38.887465,-77.076433,ai,corroborated
CHILDREN''S EYE SPECIALISTS PA,"1101 E Broward Blvd, Suite 301",Fort Lauderdale,FL,33301,26.122656,-80.132144,ai,uncorroborated
CHILDREN'S HEALTHCARE OF ATLANTA,1405 Clifton Road NE,Atlanta,GA,30322,33.7935655,-84.3198589,ai,corroborated
CHILDREN'S HOSPITAL LOS ANGELES,4650 Sunset Boulevard,Los Angeles,CA,90027,34.0976912,-118.2900801,ai,corroborated
CHILDREN'S HOSPITAL OF MN,345 N Smith Ave,Saint Paul,MN,55102,44.9422351,-93.1079867,ai,corroborated
CHILDREN'S LAW CENTER,"616 H Street NE, Suite LL06",Washington,DC,20002,38.9002869,-76.9979612,ai,grounded
CHILDRENS MEDICAL CENTER,1935 Medical District Drive,Dallas,TX,75235,32.8094783,-96.8375466,ai,grounded
CHILIVIS GRUBMAN WARNER & BERRY LLP,1834 Independence Sq,Atlanta,GA,30338,33.7544657,-84.3898151,ai,corroborated
CHIME,"101 California Street, Suite 500",San Francisco,CA,94111,37.7929054,-122.3981127,ai,grounded
CHINITZ ORTHODONTICS,77 Market St Suite 1,Haverhill,MA,01830,42.7777829,-71.0767724,ai,uncorroborated
CHIROPRACTOR,,,,,,,,
CHLOES FRUIT,,,,,,,,
CHOF,,,,,,,,
CHOICE NEW YORK MANAGEMENT,"254 W 31st St, 4th Floor",New York,NY,10001,40.7498584,-73.9944422,ai,corroborated
CHOICE NY MANAGEMENT,11 Penn Plaza Suite 1100,New York,NY,10001,43.1318845,-77.4402082,ai,corroborated
CHOP,3400 Spruce St,Philadelphia,PA,19104,39.9499481,-75.1941014,ai,corroborated
CHORDIO INC,"111 Sutter Street, 5th Floor",San Francisco,CA,94104,37.7901267,-122.4026973,ai,uncorroborated
CHOSEN RESUMES LLC,,,,,,,,
CHRISTENSEN GROUP,10900 Wayzata Blvd,Minnetonka,MN,55305,44.9713212,-93.4245478,ai,corroborated
"CHRISTIAN DIOR COUTURE, AMERICAS",57 W 57th St,New York,NY,10019,40.764332,-73.9764332,ai,uncorroborated
CHRISTIANACARE,1605 Philadelphia Pike,Wilmington,DE,19809,39.7459468,-75.546589,ai,corroborated
CHRISTIANS ENGAGED,,,,,,,,
CHRISTIES REAL ESTATE,20 W Clinton Ave,Tenafly,NJ,07670,40.924088,-73.966205,ai,grounded
CHROMADEX,"3993 Howard Hughes Pkwy, Ste 500",Las Vegas,NV,89169,36.1173401,-115.1572611,ai,uncorroborated
CHSLI,45 Willow Street,Hicksville,NY,11801,40.7681926,-73.5238207,ai,corroborated
CHUBB,202 Hall's Mill Rd,Whitehouse Station,NJ,08889,40.61538,-74.7704409,ai,corroborated
CHUH SCHOOL DISTRICT,3260 Fairmount Blvd,Cleveland Heights,OH,44118,41.4867043,-81.562703,ai,corroborated
CHURCH MISSION,,,,,,,,
CHURCHILL ASSET MANAGEMENT,375 Park Ave,New York,NY,10152,40.7584073,-73.9719841,ai,corroborated
CHURCHILL EXCHANGE,,,,,,,,
CHURCHILLFORGE PROPERTIES,"129 Newbury Street, 3rd Floor",Boston,MA,02116,42.3513245,-71.0767948,manual,verified
CIBC,120 S LaSalle Street,Chicago,IL,60603,41.8803154,-87.6328136,manual,verified
CIBC BANK USA,120 S LaSalle St,Chicago,IL,60603,41.8803154,-87.6328136,ai,corroborated
CIC PLUS,7321 Ridgeway Ave,Skokie,IL,60076,42.0140288,-87.7223548,ai,corroborated
CICCIO AND DEMAREST,"1 Pondfield Road, Suite 304",Bronxville,NY,10708,40.9421501,-73.8345554,ai,grounded
CIENA,7035 Ridge Road,Hanover,MD,21076,39.1923083,-76.7001299,ai,grounded
CIM GROUP,"10880 Wilshire Boulevard, Suite 1800",Los Angeles,CA,90024,34.058617,-118.4432767,ai,corroborated
CINCINNATI KOLLEL,1819 Sutton Avenue,Cincinnati,OH,45237,39.0935143,-84.3890379,ai,corroborated
CIR,,,,,,,,
CIRCLE K,1130 W Warner Road,Tempe,AZ,85284,33.3346361,-111.9577753,manual,verified
CISA,1888 Columbia Pike,Arlington,VA,22204,38.8652323,-77.0769883,ai,uncorroborated
CISCO,170 West Tasman Dr,San Jose,CA,95134,37.4083584,-121.9540909,ai,corroborated
CISCO SYSTEMS,170 West Tasman Drive,San Jose,CA,95134,37.4083584,-121.9540909,ai,grounded
CITADEL,830 Brickell Plaza,Miami,FL,33131,25.7660038,-80.1924327,ai,grounded
CITI,388 Greenwich St,New York,NY,10013,40.7206458,-74.0111721,ai,grounded
CITIBANK,388 Greenwich Street,New York,NY,10013,40.7206458,-74.0111721,ai,grounded
CITIGROUP SMITH BARNEY,388 Greenwich Street,New York,NY,10013,40.7206458,-74.0111721,ai,uncorroborated
CITIWORKS,2701 East Grauwyler Road,Irving,TX,75061,32.8307903,-96.9055257,ai,uncorroborated
CITIZENS,1 Citizens Plaza,Providence,RI,02903,41.8274821,-71.4107573,ai,uncorroborated
CITIZENS DISABILITY LLC,,,,,,,,
CITRIN COOPERMAN,529 Fifth Avenue,New York,NY,10017,40.9190454,-73.8055763,ai,corroborated
CITRINFINANCIAL,3005 NE Quayside Lane,Miami,FL,33138,25.8729936,-80.1677842,ai,grounded
CITROMAX GROUP,444 Washington Ave,Carlstadt,NJ,07072,40.8216728,-74.0618305,ai,grounded
CITY AND COUNTY OF DENVER,"1437 Bannock Street, Room 350",Denver,CO,80202,39.7390471,-104.9903453,ai,corroborated
CITY AND COUNTY OF SAN FRANCISCO,"City Hall, 1 Dr. Carlton B. Goodlett Place",San Francisco,CA,94102,37.7792929,-122.4192601,ai,corroborated
CITY CLUB APTS,,,,,,,,
CITY FIRST MORTGAGE,6100 Hollywood Blvd #305,Hollywood,FL,33024,26.0092938,-80.2101326,ai,grounded
CITY FIRST MTG,1401 I Street NW,Washington,DC,20005,38.9014997,-77.0322614,ai,uncorroborated
CITY MERCHANDISE,,,,,,,,
CITY OF HOPE,1500 E Duarte Rd,Duarte,CA,91010,34.1279634,-117.9730617,ai,corroborated
CITY OF HOPE MEDICAL GROUP,1500 East Duarte Road,Duarte,CA,91010,34.1303944,-117.972022,ai,corroborated
CITY OF LOS ANGELES,200 N. Spring Street,Los Angeles,CA,90012,34.0536961,-118.2429212,ai,corroborated
CITY OF PALM BEACH GARDENS,10500 North Military Trail,Palm Beach Gardens,FL,33410,26.833183,-80.1045675,ai,corroborated
CITY OF PHARR,118 South Cage Boulevard,Pharr,TX,78577,26.1940186,-98.1842587,ai,corroborated
CITY OF PHILADELPHIA,"City Hall, 1400 John F. Kennedy Blvd",Philadelphia,PA,19107,39.9527237,-75.1635262,ai,corroborated
CITY OF PROVIDENCE,25 Dorrance Street,Providence,RI,02903,41.8240345,-71.4129047,ai,corroborated
CITY OF SAN DIEGO,202 C Street,San Diego,CA,92101,32.7174385,-117.1633851,ai,corroborated
CITY OF TAMARAC,7525 NW 88th Ave,Tamarac,FL,33321,26.2137877,-80.2728141,ai,corroborated
CITY OF TRUSSVILLE,"One Trussville Town Center, 5211 Trussville Crossing Pkwy, Suite 101",Trussville,AL,35173,33.6196266,-86.6084342,ai,corroborated
CITY OF WEST UNIVERSITY,3800 University Blvd,West University Place,TX,77005,29.7149471,-95.4377124,ai,corroborated
CITY OFNY,"City Hall, 1 Centre Street",New York,NY,10007,40.7127281,-74.0060152,ai,corroborated
CITY PAPER CO,,,,,,,,
CITYPAC,,,,,,,,
CIVIC ENTERTAINMENT GROUP,,,,,,,,
CJ PARK AND ASSOCIATES,,,,,,,,
CJDS,"5007 Providence Road, Building E",Charlotte,NC,28226,35.2272086,-80.8430827,ai,grounded
CJFS,1817 Cleveland Avenue SW,Massillon,OH,44646,40.7965119,-81.5231597,ai,uncorroborated
CJSSF,,,,,,,,
CKP INSURANCE LLC,"200 W 41st St, 20th Floor",New York,NY,10036,40.755372,-73.9877527,ai,uncorroborated
CLAIMS QUESTION,,,,,,,,
CLAREMONT MCKENNA COLLEGE,850 Columbia Ave,Claremont,CA,91711,34.10211,-117.7113612,ai,corroborated
CLARITIZE,,,,,,,,
CLARITY CAPITAL,,,,,,,,
CLARITY MANAGEMENT,"11601 Wilshire Blvd, Suite 1600",Los Angeles,CA,90025,34.0510414,-118.4599151,manual,verified
CLARITY PARTNERS,"11601 Wilshire Blvd, Suite 1600",Los Angeles,CA,90025,34.0510414,-118.4599151,ai,grounded
CLARIVATE,225 Franklin Street,Boston,MA,02110,42.356128,-71.0539472,ai,corroborated
CLARK & WEINSTOCK,225 Franklin St,Boston,MA,02110,42.356128,-71.0539472,ai,uncorroborated
CLARKSONS,75 E 55th St,New York,NY,10022,40.7607354,-73.9720751,ai,uncorroborated
CLAROTY,"259 West 30th Street, 10th Floor",New York,NY,10001,40.7496553,-73.9944346,ai,corroborated
CLASS CHOREOGRAPHY,,,,,,,,
CLASSIQ,,,,,,,,
CLASY APP,,,,,,,,
CLAYGATE ADVISORS,,,,,,,,
CLEAN CURRENTS INC,"8403 Colesville Rd, Suite 310",Silver Spring,MD,20910,38.9948954,-77.0317251,ai,grounded
CLEAN MY STEEL,,,,,,,,
"CLEAN SKIES, USA","1000 Connecticut Avenue NW, Suite 700",Washington,DC,20036,38.9029008,-77.0398552,ai,uncorroborated
CLEAR ALLERGY,,,,,,,,
CLEAR CONENCTION,,,,,,,,
CLEARCOVER INC,"33 W Monroe St, Suite 1350",Chicago,IL,60603,41.8802657,-87.6288269,ai,grounded
CLEARLIGHT PARTNERS,"100 Bayview Circle, Suite 5000",Newport Beach,CA,92660,33.6559469,-117.8678305,ai,grounded
CLEARLYDERM,"33 East 33rd Street, 12th Floor",New York,NY,10016,40.7469854,-73.9826206,ai,grounded
CLEARWATER CARDIOVASC CONSULTANTS,455 Pinellas St,Clearwater,FL,33756,27.9519007,-82.8021925,ai,corroborated
CLEARY GOTTLIEB,"One Liberty Plaza, 165 Broadway",New York,NY,10006,40.7097367,-74.010857,ai,grounded
CLEARY GOTTLIEB STEEN & HAMILTON,"One Liberty Plaza, 25th Floor",New York,NY,10006,40.7097367,-74.010857,ai,corroborated
CLEERLY,"1099 18th Street, Suite 2860",Denver,CO,80202,39.749667,-104.9924601,ai,grounded
CLEMENTS BLANCHARD HOLMES,,,,,,,,
CLERESTORY PROPERTIES,"1101 Wootton Parkway, Suite 700",Rockville,MD,20852,39.0681175,-77.1562483,ai,uncorroborated
CLEVELAND CLINIC,9500 Euclid Avenue,Cleveland,OH,44195,41.5035186,-81.6156815,ai,corroborated
CLEVELAND CLINIC FOUNDATION,9500 Euclid Ave,Cleveland,OH,44195,41.5025528,-81.6209195,ai,corroborated
CLEVELAND REAL ESTATE SERVICES INC,,,,,,,,
CLEVELAND VA MEDICAL CENTER,10701 East Boulevard,Cleveland,OH,44106,41.513757,-81.6140627,ai,corroborated
CLICKIT INC,,,,,,,,
CLIFFORD CHANCE,31 West 52nd Street,New York,NY,10019,40.7608799,-73.9780399,ai,corroborated
CLIFFSIDE REHAB,119-19 Graham Court,Flushing,NY,11354,40.7654301,-73.8174291,ai,grounded
CLIMATE SOLUTIONS,"2121 4th Ave, Suite 2400",Seattle,WA,98121,47.6141075,-122.3425001,ai,corroborated
CLINICAL RESEARCH INSTITUTE OF MI,"3001 W Big Beaver Rd, Suite 100",Troy,MI,48084,42.5601962,-83.1887458,ai,corroborated
CLIVE CHRISTIAN,,,,,,,,
CLK PROPERTIES,,,,,,,,
CLOUDBASE SERVICES,,,,,,,,
CLOUDERA,"5470 Great America Parkway, Suite 200",Santa Clara,CA,95054,37.4125777,-121.978494,ai,grounded
CLOUDFLARE,101 Townsend St,San Francisco,CA,94107,37.7803446,-122.390613,ai,uncorroborated
CLOVER CAPITAL & ACTIVE INVESTMENT,14510 NE 20th St Suite 205,Bellevue,WA,98007,47.6294219,-122.1465573,ai,uncorroborated
CLTC,,,,,,,,
CM CAPITAL,,,,,,,,
CMA MANAGEMENT,,,,,,,,
CMC PROPERTIES,10925 Reed Hartman Hwy,Cincinnati,OH,45242,39.2508015,-84.3799824,ai,corroborated
CME GROUP,"CME Center, 20 South Wacker Drive",Chicago,IL,60606,41.8755616,-87.6244212,manual,verified
CMI,215 East 50th Street,New York,NY,10022,40.7557187,-73.9702856,ai,grounded
CMR RECRUITING,,,,,,,,
CMS,7500 Security Boulevard,Baltimore,MD,21244,39.3179559,-76.7639866,ai,uncorroborated
CNEI,,,,,,,,
CNI,"1003 North Glebe Road, Suite 900",Arlington,VA,22201,38.8822464,-77.1157707,ai,uncorroborated
CO FOUNDATION,,,,,,,,
CO VIEW CAPITAL,,,,,,,,
COALITION FOR COMPASSIONATE CARE,1 Chelsea Street,Boston,MA,02128,42.370048,-71.038467,ai,uncorroborated
COALITION FOR RESPONSIBLE COMMUNITY DEVELOPMENT,"4121 Whittier Blvd, Suite 205",Los Angeles,CA,90023,34.0240229,-118.1820028,ai,corroborated
COALITION INVESTMENT PARTNERS,750 Lexington Ave,New York,NY,10022,40.7625148,-73.9685564,ai,corroborated
COALRIDGE MENNONITE CHURCH,,,,,,,,
COAST,,,,,,,,
COASTAL MAINE REALTY,15 Main Street,Camden,ME,04843,44.2101033,-69.0646196,ai,corroborated
COASTAL RADIATION ONCOLOGY,,,,,,,,
COASTER MOBILITY,,,,,,,,
COAXISLEADERSHIP,,,,,,,,
COBBS CAPITAL,,,,,,,,
COCKROACH LABS,6 Canal Park,Cambridge,MA,02141,42.3693105,-71.0745959,ai,uncorroborated
COEURELUS CLINICAL SCIENCES,"1515 Riverbend Road, Suite 200",Durham,NC,27713,35.996653,-78.9018053,ai,uncorroborated
COFESTCO,,,,,,,,
COGNIZANT,300 Frank W Burr Blvd,Teaneck,NJ,07666,40.8734797,-74.0067601,ai,uncorroborated
COHEN & FEELEY,,,,,,,,
COHEN & FITCH LLP,"470 Atlantic Ave, 4th Floor",Brooklyn,NY,11217,40.6859089,-73.9824423,ai,corroborated
COHEN & MALAD LLP,"111 Monument Circle, Suite 2600",Indianapolis,IN,46204,39.7691068,-86.1570348,ai,corroborated
COHEN & STEERS,"280 Park Avenue, 8th Floor",New York,NY,10017,40.7564853,-73.975049,ai,corroborated
COHEN BROWN MANAGEMENT,"1 North Lexington Avenue, Suite 200",White Plains,NY,10601,41.03223,-73.7733539,ai,uncorroborated
COHEN FOUNDATION,"475 Park Avenue South, 5th Floor",New York,NY,10016,40.7453824,-73.9819834,ai,corroborated
COHEN HILL BOND AGENCY,,,,,,,,
COHEN HOLDINGS,,,,,,,,
COHEN INVESTMENTS,,,,,,,,
COHEN LERNER & RABINOVITZ PC,"420 Lexington Avenue, Suite 2400",New York,NY,10170,40.7524677,-73.9757799,ai,uncorroborated
COHEN RECYCLING,3500 Del Amo Boulevard,Torrance,CA,90503,33.848493,-118.347296,ai,uncorroborated
COHEN SCHATZ ASSOC,,,,,,,,
COHEN SCHATZ ASSOCIATES,,,,,,,,
COHN COHN & SINGER,"200 Park Avenue, Suite 1700",New York,NY,10166,40.7536135,-73.97658,ai,uncorroborated
COHNE RAPPORT & SEGAL,"605 Third Avenue, 33rd Floor",New York,NY,10158,40.8088444,-73.9303577,ai,uncorroborated
COIN-O-MATIC,1250 Bayshore Highway,Burlingame,CA,94010,37.5927026,-122.362132,ai,uncorroborated
COINBASE,300 Park Avenue,San Jose,CA,95110,37.3292077,-121.894672,ai,corroborated
COL U MED CTR,630 West 168th Street,New York,NY,10032,40.8405084,-73.9402259,ai,uncorroborated
COLBURN SCHOOL OF THE PERFORMING AR,200 South Grand Avenue,Los Angeles,CA,90012,34.0538399,-118.2496712,ai,corroborated
COLBY COLLEGE + BETH ISRAEL CONGREGATION,,,,,,,,
COLD CHAIN TECHNOLOGIES,135 Constitution Boulevard,Franklin,MA,02038,42.0541784,-71.3952159,ai,grounded
COLDWELL BANKER REALTY,175 Park Ave,Madison,NJ,07940,40.770568,-74.423504,ai,grounded
COLE RAYLOR BANK,,,,,,,,
COLE SCHOTZ PC,25 Main Street,Hackensack,NJ,07601,40.8791642,-74.044443,ai,corroborated
COLFAX LAW OFFICE,301 North Garfield Avenue,Pierre,SD,57501,44.365718,-100.316833,ai,uncorroborated
COLGATE UNIVERSITY,13 Oak Drive,Hamilton,NY,13346,42.8165618,-75.5325514,ai,corroborated
COLL CAPITAL,,,,,,,,
COLLEEN HANABUSA AAL LLLC,"120 Pauoa Road, Suite 200",Honolulu,HI,96821,21.3215412,-157.8385456,ai,corroborated
COLLEGE BOUND CONSULTANTS LLC,,,,,,,,
COLLEGE HUNKS ATLANTA,"1225 West Peachtree Street NW, Suite 2030",Atlanta,GA,30309,33.7875044,-84.3877022,ai,corroborated
COLLEGE OF MARIN,835 College Avenue,Kentfield,CA,94904,37.955798,-122.5506398,ai,corroborated
COLLEGE OF NOTRE DAME,1500 Ralston Avenue,Belmont,CA,94002,37.515251,-122.283712,ai,uncorroborated
COLLIERS,"601 Union Street, Suite 4800",Seattle,WA,98101,47.6099437,-122.3325277,ai,grounded
COLLINS&LACY,"1330 Lady Street, Suite 100",Columbia,SC,29201,34.0033272,-81.0311955,ai,corroborated
COLOGNE LIFE REINSURANCE,,,,,,,,
COLORADO KIDNEY CARE,"2695 South Colorado Boulevard, Suite 450",Denver,CO,80222,39.6677749,-104.9410775,ai,corroborated
COLORADO REHAB AND OC MED PLLC,,,,,,,,
COLRICH,"444 West Beech Street, Suite 300",San Diego,CA,92101,32.721237,-117.167108,ai,grounded
COLTER LEWIS INVESTMENT PARTNERS,"22 West Putnam Avenue, Second Floor",Greenwich,CT,06830,41.0264862,-73.6284598,ai,grounded
COLUMBIA,1166 Avenue of the Americas,New York,NY,10036,40.7568778,-73.9820036,ai,corroborated
COLUMBIA BUSINESS SCHOOL,"3022 Broadway, Uris Hall",New York,NY,10027,40.7127281,-74.0060152,ai,corroborated
COLUMBIA COMPANIES,"1 Greenway Plaza, Suite 850",Houston,TX,77046,29.7322584,-95.4324621,ai,grounded
COLUMBIA DOCTORS,177 Fort Washington Ave,New York,NY,10032,40.8414043,-73.9428366,ai,corroborated
COLUMBIA PEDIATRIC DENTISTRY,,,,,,,,
COLUMBIA PRESBYTERIAN MEDICAL CENTER,630 W 168th St,New York,NY,10032,40.8419836,-73.9436897,ai,corroborated
COLUMBIA UNIVERSITY,"116th St & Broadway, Low Memorial Library",New York,NY,10027,40.7127281,-74.0060152,ai,corroborated
COLUMBIA UNIVERSITY IRVING MEDICAL CENTER,630 West 168th Street,New York,NY,10032,40.8405084,-73.9402259,manual,verified
COLUMBINE HEALTH PLAN,"7601 East Orchard Road, Suite 101",Greenwood Village,CO,80111,39.6096405,-104.9006993,ai,corroborated
COLUMBUS,,,,,,,,
COLUMBUS CONSULTING GROUP,"16 Madison Square West, Suite 1211",New York,NY,10010,40.7127281,-74.0060152,ai,grounded
COLUMBUS JEWISH FEDERATION,1175 College Ave,Columbus,OH,43209,39.945107,-82.935234,ai,corroborated
COLUMBUS PACIFIC DEVELOPMENT,"601 California St, Suite 1000",San Francisco,CA,94108,37.7923304,-122.4048333,ai,corroborated
COLUMBUS RADIOLOGY,"2055 E Broad St, Suite 169",Columbus,OH,43209,39.9686179,-82.9452716,ai,corroborated
COLUMBUS SQUARE MANAGEMENT,"111 Huntington Ave, 14th Floor",Boston,MA,02199,42.3464784,-71.0814676,ai,uncorroborated
COMBINED ARMS,,,,,,,,
COMCAST,"One Comcast Center, 1701 John F Kennedy Blvd",Philadelphia,PA,19103,39.9527237,-75.1635262,ai,grounded
"COMITER, SINGER, BASEMAN & BRAUN","100 Jericho Quadrangle, Suite 120",Jericho,NY,11753,40.7891193,-73.5539158,ai,uncorroborated
COMM-CLUB WIRELESS PHONES,,,,,,,,
COMMAND MARKETING INNOVATIONS,70 Outwater Lane,Garfield,NJ,07026,40.8809027,-74.115576,manual,verified
COMMAND PERFORMANCE,,,,,,,,
COMMERCE BANK,100 Chestnut St,Saint Louis,MO,63102,38.630272,-90.207442,ai,uncorroborated
COMMERCIAL METALS COMPANY,1990 West North Loop Boulevard,Irving,TX,75038,32.8295183,-96.9442177,ai,corroborated
COMMON STRATEGIC CAPITAL,"335 Madison Ave, Suite 6A",New York,NY,10017,40.7536221,-73.9780733,ai,grounded
COMMONWEAL VENTURES MANAGEMENT LLC,"1 Market Street, Suite 400",San Francisco,CA,94105,37.79382,-122.3948144,ai,uncorroborated
COMMONWEALTH BENEFITS,"100 Cambridge Street, Suite 1600",Boston,MA,02114,42.360981,-71.0626238,ai,uncorroborated
COMMONWEALTH CAPITAL VENTURES,,,,,,,,
COMMUNICARE,10123 Alliance Road,Blue Ash,OH,45242,39.245318,-84.3804624,manual,verified
COMMUNITY ACTIVIST,,,,,,,,
COMMUNITY CARE ADHC,,,,,,,,
COMMUNITY COLLEGE OF AURORA,16000 E Centretech Pkwy,Aurora,CO,80011,39.7198806,-104.8033578,ai,corroborated
COMMUNITY DEVELOPMENT GROUP,,,,,,,,
COMMUNITY FOUNDATION OF BROWARD,"100 W. Cypress Creek Road, Suite 700",Fort Lauderdale,FL,33309,26.203181,-80.149347,ai,corroborated
COMMUNITY HOLDINGS CORP,1000 Elm St,Manchester,NH,03101,42.9927397,-71.4643389,ai,uncorroborated
COMMUNITY SECURITY INITIATIVE,,,,,,,,
COMMUNITY VOLUNTEER LEADER,,,,,,,,
COMMVAULT SYSTEMS INC,3 West Hillside Avenue,Tinton Falls,NJ,07724,40.2890734,-74.0927967,ai,corroborated
COMPASS,"90 5th Ave, 2nd Floor",New York,NY,10011,40.7362844,-73.9936689,ai,corroborated
COMPASS BEVERLY HILLS,"150 South Rodeo Drive, Suite 100",Beverly Hills,CA,90212,34.0657561,-118.4009856,ai,corroborated
COMPASS BUSINESS SOLUTIONS INC,,,,,,,,
COMPASS HEALTH CENTER,,,,,,,,
COMPASS LEXECON,"555 12th St NW, Suite 501",Washington,DC,20004,38.8967216,-77.0275548,ai,grounded
COMPASS TRANSPORTATION AND TECHNOLOGY,,,,,,,,
COMPASSION VENTURES,,,,,,,,
COMPATICO,,,,,,,,
COMPLETE SUPPLY,,,,,,,,
COMPONENT RESEARCH CO,260-A San Antonio Cir,Mountain View,CA,94040,37.4075646,-122.1086308,ai,uncorroborated
COMPREHENSIVE COMMERCIAL MANAGEMENT,,,,,,,,
COMPREHENSIVE PAIN MANAGEMENT,,,,,,,,
COMPUTER CONSULTANT,,,,,,,,
COMVEST PARTNERS,"2925 Richmond Avenue, Suite 1500",Houston,TX,77098,29.733355,-95.4226478,ai,uncorroborated
CONCORD ADVICE,,,,,,,,
CONCORD COMPANIES,"449 S Beverly Drive, 1st Floor",Beverly Hills,CA,90212,34.0624658,-118.3987727,ai,grounded
CONCORDIA PROPERTIES,11601 Wilshire Blvd,Los Angeles,CA,90025,34.0510414,-118.4599151,ai,uncorroborated
CONFETT,,,,,,,,
CONG B'NAI ISRAEL,,,,,,,,
CONG. NER TAMID,,,,,,,,
CONG. YETEV LEV,152 RODNEY STREET,BROOKLYN,NY,11211,40.7046917,-73.9602564,manual,verified
CONGREGATION ADAT ARI EL,12020 Burbank Blvd,Valley Village,CA,91607,34.1720913,-118.3897988,ai,grounded
CONGREGATION B'NAI AMOONA,324 S Mason Rd,Creve Coeur,MO,63141,38.6510778,-90.4773865,ai,corroborated
CONGREGATION B'NAI ISRAEL,,,,,,,,
CONGREGATION BETH EL,,,,,,,,
CONGREGATION BETH SHOLOM,,,,,,,,
CONGREGATION BNAI YESHURUN,1876 Broad St,Bloomfield,NJ,07003,40.837233,-74.1845983,ai,corroborated
CONGREGATION BROTHERS OF ISRAEL,,,,,,,,
CONGREGATION EMANU-EL,2 Lake Street,San Francisco,CA,94118,37.7870258,-122.4600787,ai,grounded
CONGREGATION KEHILATH JESHURUN,125 E 85th St,New York,NY,10028,40.7791708,-73.956706,ai,corroborated
CONGREGATION KEHILLAH,,,,,,,,
CONGREGATION OHEV SHALOM,,,,,,,,
CONGREGATION SHAAREI TEFILLAH,46 Dunham Road,Newton Centre,MA,02459,42.3300309,-71.1948774,ai,corroborated
CONGREGATION SHAAREY TIKVAH,26811 Fairmount Blvd,Beachwood,OH,44122,41.4863955,-81.4878976,manual,verified
CONGREGATION SHAAREY ZEDEK,,,,,,,,
CONGREGATION TIKVAT JACOB,1829 N Sepulveda Blvd,Manhattan Beach,CA,90266,33.8917369,-118.3960781,ai,corroborated
CONGREGATION TORAH OHR,,,,,,,,
CONGRESS AUTO INSURANCE AGENCY,,,,,,,,
CONKRETA GROUP,701 Brazos St,Austin,TX,78701,30.268971,-97.7406286,ai,uncorroborated
CONNECT NOW INC,34 Washington Street,Wellesley,MA,02481,42.3246723,-71.261077,ai,corroborated
CONNECTICUT COLLEGE,270 Mohegan Ave,New London,CT,06320,41.3791334,-72.1065306,ai,uncorroborated
CONNECTICUT GI,,,,,,,,
CONRAD N. HILTON FOUNDATION,1 Dole Drive,Westlake Village,CA,91362,34.151961,-118.804963,ai,grounded
CONROY COMMERCIAL,5877 West 3rd Street,Los Angeles,CA,90036,34.0694312,-118.3481554,manual,verified
CONSOLIDATED AGENCY PARTNERS,,,,,,,,
CONSOLIDATED CCS,,,,,,,,
CONSOLIDATED INVESTMENT GROUP,7331 S Alton Way Ste 100,Centennial,CO,80112,39.5882123,-104.883837,ai,corroborated
CONSOLIDATED TRADING,141 W Jackson Blvd,Chicago,IL,60604,41.8778674,-87.6320417,ai,corroborated
CONSORTIUM BRAND PARTNERS,200 Park Ave,New York,NY,10166,40.7536135,-73.97658,ai,corroborated
CONSTELLATION,300 Exelon Way,Baltimore,MD,21202,39.2908816,-76.610759,ai,corroborated
CONSTRUCTION MANAGEMENT ASSOCIATES,,,,,,,,
CONSULTANTS IN DIAGNOSTIC IMAGING,,,,,,,,
CONSULTING SOLUTIONS,,,,,,,,
CONSUMER CELLULAR INC,"9th Floor, 200 SW Market Street",Portland,OR,97201,45.5202471,-122.674194,ai,uncorroborated
CONSUMER TESTING LABS,2601 Otis Corley Dr,Bentonville,AR,72712,36.3464286,-94.1912838,manual,verified
CONSUMERLAB.COM LLC,"420 Lexington Avenue, Suite 332",New York,NY,10170,40.7524677,-73.9757799,ai,corroborated
CONTEMPO FLOOR COVERING,,,,,,,,
CONTEMPORARY INSURANCE SERVICES INC,"One Wicker Park, 1435 N Milwaukee Ave, Suite 320",Chicago,IL,60622,41.8755616,-87.6244212,ai,uncorroborated
CONTESSA HEALTH,"600 West Cummings Park, Suite 2200",Woburn,MA,01801,42.4964493,-71.1267844,ai,uncorroborated
CONTINENTAL CABLEVISION,1 State St,New York,NY,10004,40.7025642,-74.0131538,ai,uncorroborated
CONTINENTAL COMPUTERS,,LOS ANGELES,CA,90001,,,,
CONTINENTAL DIAMOND,10 E 40th St,New York,NY,10016,40.7517726,-73.9810488,ai,uncorroborated
CONTINENTAL ENVELOPE,100 Newark Pompton Turnpike,Pompton Plains,NJ,07444,40.9729104,-74.2967962,ai,uncorroborated
CONTINENTAL REALTY CORPORATION,"1427 Clarkview Rd, Suite 500",Baltimore,MD,21209,39.3781959,-76.6550934,ai,corroborated
CONTINENTAL SERVICES,3600 N. St. Augustine Road,Jacksonville,FL,32207,30.3262247,-81.6579179,ai,uncorroborated
CONTINENTAL VENTURES,,,,,,,,
CONTRACTOR,,,,,,,,
CONTRARIAN CAPITAL,"250 West 57th Street, Suite 2400",New York,NY,10107,40.7663399,-73.9826892,ai,corroborated
CONVERMAT,,,,,,,,
COOK CHILDREN'S HOSPITAL,801 7th Avenue,Fort Worth,TX,76104,32.7365621,-97.3411127,ai,corroborated
COOKIES,,,,,,,,
COOLEY LLP,3175 Hanover Street,Palo Alto,CA,94304,37.4144823,-122.1415005,ai,corroborated
COOMUNITY DEVELOPMENT VENTURE CAPITAL,,,,,,,,
COOPER & DUNHAM,"30 Rockefeller Plaza, 9th Floor",New York,NY,10112,40.7591232,-73.979556,ai,uncorroborated
COOPER COMMUNICATIONS,245 West 29th Street,New York,NY,10001,40.7487928,-73.9945426,ai,grounded
COOPER FUNERAL HOME,5000 Dempster Street,Skokie,IL,60077,42.040882,-87.7521951,ai,uncorroborated
COOPER HOSPITAL,1 Cooper Plaza,Camden,NJ,08103,39.941225,-75.1163865,ai,corroborated
COOPER HOTELS,,,,,,,,
COOPER MANAGEMENT,,HIGHLAND PARK,IL,60035,,,,
COOPER REALTY,,,,,,,,
COOPER SPONG & DAVIS,555 West 5th Street,Los Angeles,CA,90013,34.0500816,-118.2534063,ai,uncorroborated
COOPER UNIVERSITY HOSPITAL,1 Cooper Plaza,Camden,NJ,08103,39.941225,-75.1163865,ai,grounded
COOPERATIVE PURCHASES,,,,,,,,
COOPERMAN HOLDING CORP,2000 Westchester Avenue,Purchase,NY,10577,41.0167233,-73.7101432,ai,corroborated
COORDINATES OPERATIONS LLC,,,,,,,,
COPADO INC,"330 N. Wabash Ave., Fl. 23",Chicago,IL,60611,41.8886592,-87.627596,ai,grounded
COPPOLA HOCKENBERG PC,,,,,,,,
COPS MONITORING,1041 Glassboro Rd Suite F2,Williamstown,NJ,08094,39.6885131,-75.010533,ai,grounded
CORAD INVESTMENTS LLC,,,,,,,,
CORBEL CAPITAL PARTNERS,"1001 Brickell Bay Dr, Suite 2500",Miami,FL,33131,25.76161,-80.1897961,ai,uncorroborated
CORCORAN,17 State St,New York,NY,10004,40.7029112,-74.0139782,ai,corroborated
CORCORAN REALTY,32 East 57th Street,New York,NY,10022,40.7618724,-73.9720863,ai,uncorroborated
CORDARY INC,,,,,,,,
CORDISH CO,"One Bethesda Metro Ctr, 4th Floor",Bethesda,MD,20814,38.9840754,-77.0946871,ai,corroborated
CORDISH COMPANIES,"300 W Pratt St, Suite 400",Baltimore,MD,21201,39.2866853,-76.6196986,ai,corroborated
CORE HOME,42 W 39th St,New York,NY,10018,40.7523783,-73.9844068,ai,grounded
CORE INNOVATION CAPITAL,"1899 Pennsylvania Ave NW, Suite 320",Washington,DC,20006,38.9005054,-77.0430103,ai,uncorroborated
CORE PEDIATRIC CARDIOLOGY PC,,,,,,,,
CORE SCAFFOLD SYSTEMS INC,,,,,,,,
COREVEST,"4 Park Plaza, Suite 900",Irvine,CA,92614,33.6782537,-117.8378306,ai,grounded
CORGRO,,,,,,,,
"CORLETO, ACKERMAN & NUSSBAUM LLP",,,,,,,,
CORNERSTONE BUILDING BRANDS INC,"15475 Innovation Drive, Suite 100",Chesterfield,MO,63017,38.6581764,-90.5680617,ai,uncorroborated
CORNERSTONE GOVERNMENT AFFAIRS,"1627 I St NW, Suite 1100",Washington,DC,20006,38.901655,-77.0381078,ai,grounded
CORNERSTONE ONDEMAND,"1601 Cloverfield Blvd, Suite 600",Santa Monica,CA,90404,34.028449,-118.473667,ai,corroborated
CORNERSTONE OPS,,,,,,,,
CORNERSTONE PSYCHIATRY ASSOCIATES PA,"2000 16th Street North, Suite 750",Arlington,VA,22201,38.8915167,-77.0895629,ai,uncorroborated
CORNERSTONE RESIDENTIAL MANAGEMENT,"10833 Valley View St, Suite 560",Cypress,CA,90630,33.8062179,-118.0280992,ai,uncorroborated
CORO GROUP,250 Park Avenue South,New York,NY,10003,40.7381944,-73.9880991,ai,uncorroborated
CORONA,,,,,,,,
CORONA BRUSHES INC,63-18 188th Street,Fresh Meadows,NY,11365,40.7354796,-73.7838479,ai,uncorroborated
CORPAC GROUP,"20803 Biscayne Blvd, Suite 502",Aventura,FL,33180,25.9684602,-80.1430903,manual,verified
CORPORATE FINANCE ASSOCIATES,"1300 W Sam Houston Pkwy S, Suite 200",Houston,TX,77042,29.7493541,-95.5584442,ai,uncorroborated
CORPORATE GOVERNANCE PARTNERS INC,"521 Fifth Avenue, Suite 1600",New York,NY,10175,42.9831825,-78.7118828,ai,uncorroborated
CORR CRONIN,"1001 4th Ave, Suite 3900",Seattle,WA,98154,47.6038321,-122.330062,ai,corroborated
CORTEC GROUP,"140 East 45th Street, 43rd Floor",New York,NY,10017,40.7528121,-73.9739556,ai,grounded
CORUM DEVELOPMENT,"50 Milk St, Suite 910",Boston,MA,02109,42.357074,-71.0575972,ai,uncorroborated
CORUS,,,,,,,,
CORUS ORTHODONTISTS,,,,,,,,
COTRONICS CORP,60 Willow Road,Brooklyn,NY,11237,40.6526006,-73.9497211,ai,corroborated
COUNCIL OF STATE GOVERNMENTS - NHCSL,"277 South Washington Street, Suite 200",Alexandria,VA,22314,38.803331,-77.047544,ai,uncorroborated
COUNCIL ON FOREIGN RELATIONS,58 East 68th Street,New York,NY,10065,40.7684347,-73.9662495,ai,uncorroborated
COUNTERPOINT GOVERNMENT RELATIONS,"600 Pennsylvania Ave SE, Suite 400",Washington,DC,20003,38.8856649,-76.9976468,ai,uncorroborated
COUNTERPOINTE SUSTAINABLE ADVISORS,1207 Orange St,Wilmington,DE,19801,39.748034,-75.5478586,ai,uncorroborated
COUNTRY CLUB MALL THEATERS,,,,,,,,
COUNTRYWIDE FINANCIAL,450 N Brand Blvd,Glendale,CA,91203,34.1526952,-118.2545802,ai,uncorroborated
COUNTY OF LOS ANGELES,500 West Temple Street,Los Angeles,CA,90012,34.0568474,-118.2462025,ai,corroborated
COUNTY OF SAN DIEGO,1600 Pacific Highway,San Diego,CA,92101,32.7213951,-117.1720706,ai,corroborated
COURAGEOUS PATHS COUNSELING,,,,,,,,
COURT LIQUORS,,,,,,,,
COURT SUPPORT INC,,,,,,,,
COURTALERT,"141 West 36th Street, 20N",New York,NY,10018,40.7127281,-74.0060152,ai,grounded
COURTSIDE VENTURES,,,,,,,,
COVE HILL PARTNERS,888 Boylston Street Suite 1410,Boston,MA,02199,42.3480424,-71.082783,ai,grounded
COVEE,,,,,,,,
COVER 4,,,,,,,,
COVER FOUR,,,,,,,,
COVETRUS,12 Mountfort St,Portland,ME,04101,43.6620174,-70.2478896,ai,grounded
COVINGTON & BURLING LLP,"One CityCenter, 850 Tenth St NW",Washington,DC,20001,38.8950982,-77.0363849,ai,grounded
"COWAN, LIEBOWITZ & LATMAN PC",114 West 47th Street,New York,NY,10036,40.7581783,-73.9829836,ai,corroborated
COWEN INC,599 Lexington Ave,New York,NY,10022,40.7578542,-73.9707227,ai,corroborated
COX AUTOMOTIVE,6205 Peachtree Dunwoody Road NE,Atlanta,GA,30328,33.7544657,-84.3898151,ai,corroborated
COX COMMUNICATIONS,6205-B Peachtree Dunwoody Road NE,Atlanta,GA,30328,33.7544657,-84.3898151,ai,grounded
COX ENTERPRISES,"6205 Peachtree Dunwoody Road, NE",Atlanta,GA,30328,33.7544657,-84.3898151,ai,corroborated
COZEN OCONNOR,1650 Market Street,Philadelphia,PA,19103,39.9525789,-75.1681341,ai,corroborated
CPC,,,,,,,,
CPF,,,,,,,,
CRACKER BARREL,305 Hartmann Drive,Lebanon,TN,37087,36.2351775,-86.2774013,ai,corroborated
CRAFTWORK INC,"2401 W Stadium Blvd, Suite 2",Ann Arbor,MI,48103,42.2778965,-83.7793473,ai,uncorroborated
CRAFTY,,,,,,,,
"CRAIG H SHERMAN, MD PC",,,,,,,,
CRAIG RISK SERVICES LTD,"1600 West End Avenue, Suite 7A",Nashville,TN,37203,36.1544933,-86.7935648,ai,uncorroborated
CRAIG/IS,"7077 Bonneval Road, Suite 435",Jacksonville,FL,32216,30.2469901,-81.597292,manual,verified
CRANE FOUNDATION AND MSDE,,,,,,,,
CRANE GROUP COMPANY,6000 Westown Parkway,West Des Moines,IA,50266,41.5943616,-93.7914283,ai,uncorroborated
CRATE & BARREL,1250 N Kingsbury Street,Chicago,IL,60642,41.9052928,-87.6495775,ai,uncorroborated
"CRAVATH, SWAINE & MOORE LLP","Worldwide Plaza, 825 Eighth Avenue",New York,NY,10019,40.7127281,-74.0060152,ai,corroborated
CRAWFORD SUPPLY,3715 NW 11th St,Gainesville,FL,32605,29.681105,-82.3358501,ai,corroborated
CRAYHILL CAPITAL MANAGEMENT,"280 Park Avenue, FL 27E",New York,NY,10017,40.7564853,-73.975049,ai,grounded
CRC,,,,,,,,
CREATIVE ARTISTS AGENCY,2000 Avenue of the Stars,Los Angeles,CA,90067,34.0583138,-118.4146758,ai,corroborated
CREATIVE CONSUMER CONCEPTS,,Overland Park,KS,66207,,,,
CREATIVE CONTRACTORS,,,,,,,,
CREATIVE EFFECTS INC,,,,,,,,
CREATIVE PLANNING,5454 W 110th St,Overland Park,KS,66211,38.9294324,-94.648236,ai,grounded
CREDIT AGRICOLE CIB,1301 Avenue of the Americas,New York,NY,10019,40.7618616,-73.9801825,ai,corroborated
CREDIT SUISSE,11 Madison Avenue,New York,NY,10010,40.7415982,-73.9871904,ai,grounded
CREEKSTONE COMPANIES,200 SW Market St,Kansas City,MO,64108,39.100105,-94.5781416,ai,uncorroborated
CREEKSTONE FARMS,3185 Creekstone Drive,Kansas City,MO,64120,39.100105,-94.5781416,ai,uncorroborated
CREIGHTON UNIVERSITY MEDICAL CENTER,601 North 30th Street,Omaha,NE,68131,41.2649292,-95.9567058,ai,corroborated
CRESA,"167 N Green Street, Suite 1301",Chicago,IL,60607,41.8841385,-87.6484851,ai,grounded
CRESCENT GARDEN COMPANY,,MIAMI,FL,33131,,,,
CRESCENT HEIGHTS OF AMERICA,"8433 Wilshire Blvd, 7th Floor",Beverly Hills,CA,90211,34.0650606,-118.3753058,ai,corroborated
CRESCENT REALTY ADVISORS,4840 Andasol Ave,Encino,CA,91316,34.1581449,-118.5118848,ai,grounded
CRESCENT STREET MANAGEMENT,,,,,,,,
CRESCO LABS,"2401 West Big Beaver Road, Suite 200",Troy,MI,48084,42.5615788,-83.1819251,ai,uncorroborated
CRESSET CAPITAL,"444 West Lake Street, Suite 4700",Chicago,IL,60606,41.8861713,-87.6394541,ai,grounded
CRESSON MANAGEMENT USVI LLC,,Saint Thomas,VI,,,,,
CREST OPERATING COMPANY,"1401 Enclave Pkwy, Suite 800",Houston,TX,77077,29.758017,-95.618622,ai,corroborated
CRESTVIEW PARTNERS,"712 Fifth Avenue, 9th Floor",New York,NY,10019,40.7622941,-73.9750754,ai,corroborated
CRF,,,,,,,,
CRICUT,10855 S River Front Pkwy,South Jordan,UT,84095,40.5584882,-111.9367107,manual,verified
CRIMINAL JUSTICE,,,,,,,,
CRITERIA,"1600 S Highway 101, Suite 334",Solana Beach,CA,92075,32.9813934,-117.2691442,ai,uncorroborated
CROKE FAIRCHILD,,,,,,,,
CROKE FAIRCHILD DUARTE & BERES,,,,,,,,
CROMWELL GROUP,,,,,,,,
CROMWELL LEATHER,,,,,,,,
CRONIN AUTO,26875 N Dixie Hwy,Perrysburg,OH,43551,41.5571178,-83.6279321,ai,uncorroborated
CROOKED MONKEY,8220 River Quarry Place,Bethesda,MD,20817,38.9930061,-77.159958,ai,grounded
CROSS KEYS CAPITAL MW,,,,,,,,
CROSS RIVER PICTURES,"511 West 25th Street, Suite 403",New York,NY,10001,40.7495167,-74.0038673,ai,uncorroborated
CROSS SHORE CAPITAL MANAGEMENT,,,,,,,,
CROSSCOUNTRY MORTGAGE,"1 International Place, Suite 600",Boston,MA,02110,42.3557866,-71.0521134,ai,uncorroborated
CROSSLAND LLC,,,,,,,,
CROSSOVER HEALTH,"2601 Mission St., Suite 300",San Francisco,CA,94110,37.7552799,-122.4182951,ai,uncorroborated
CROW HOLDINGS,"200 Crescent Court, Suite 700",Dallas,TX,75201,32.7936093,-96.8039036,ai,corroborated
CROWDSTRIKE,"1344 Treat Avenue, Suite 400",San Francisco,CA,94110,37.7509326,-122.4128578,ai,corroborated
CROWELL & MORING LLP,1001 Pennsylvania Avenue NW,Washington,DC,20004,38.8954637,-77.0264855,ai,corroborated
CROWN ACQUISITIONS INC,"2 Jericho Plaza, Suite 309",Jericho,NY,11753,40.7851038,-73.5495907,ai,corroborated
CROWN ASSOCIATES REALTY,,,,,,,,
CROWN COUNSELING,,,,,,,,
CROWNE PARTNERS INC,"100 Grandview Pl, Suite 420",Birmingham,AL,35243,33.5206824,-86.8024326,manual,verified
CRS,,,,,,,,
CRT MANAGEMENT,,,,,,,,
CRUCIAL HIRE,,,,,,,,
CRUISER CAPITAL ADVISORS,"243 Tresser Blvd, 17th Floor",Stamford,CT,06901,41.050736,-73.53792,ai,grounded
CRYE LEIKE,"545 N. Broadway, Suite 200",Lebanon,TN,37087,36.2079779,-86.2910945,ai,corroborated
CRYSTAL ASSOCIATES,"777 S Figueroa St, Suite 4050",Los Angeles,CA,90017,34.0483799,-118.2609106,ai,uncorroborated
CRYSTAL BEACH ADVENTURES,,,,,,,,
CRYSTAL PLAZA GROUP,305 W Northfield Rd,Livingston,NJ,07039,40.790336,-74.3368164,ai,corroborated
CSC PROPERTIES,"5795 Ulmerton Road, Suite 200",Clearwater,FL,33760,27.9658533,-82.8001026,ai,grounded
CSG LAW,105 Eisenhower Parkway,Roseland,NJ,07068,40.8275321,-74.3196001,ai,grounded
CSI,,,,,,,,
CSL SERVICES,"150 N Michigan Ave, Suite 800",Chicago,IL,60601,41.8846348,-87.6249873,ai,uncorroborated
CSMC MORTGAGE CORPORATION,"1860 S Bascom Ave, Suite 215",Campbell,CA,95008,37.2898351,-121.9312709,ai,corroborated
CSMG,,,,,,,,
CSMS LLC,,,,,,,,
CSR PRIVACY SOLUTIONS,830 NE Pop Tilton Place,Jensen Beach,FL,34957,27.2238654,-80.2417011,manual,verified
CSSS LLC,,,,,,,,
CSX CORPORATION,500 Water Street,Jacksonville,FL,32202,30.3245086,-81.6641398,ai,uncorroborated
CT GREEN BANK,"55 Trumbull Street, 3rd Floor",Hartford,CT,06103,41.7654624,-72.676828,ai,uncorroborated
CT MANAGEMENT,,,,,,,,
CTB ADVISORY LLC,,,,,,,,
CTCA,,,,,,,,
CTR MANAGEMENT INC,,,,,,,,
CUDDY & FEDER LLP,"1340 Avenue of the Americas, 28th Floor",New York,NY,10105,40.762567,-73.9783512,ai,corroborated
CUDLIE ACCESSORIES LLC,,,,,,,,
CULTURAL STRATEGIES,,,,,,,,
CUMMING GROUP,"151 West 42nd Street, 12th Floor",New York,NY,10036,40.7554036,-73.9852254,ai,grounded
CUNEO GILBERT & LADUCA LLP,"7733 Forsyth Boulevard, Suite 1675",Saint Louis,MO,63105,38.6503629,-90.3356508,ai,uncorroborated
CUNY,365 Fifth Avenue,New York,NY,10016,40.9163902,-73.807268,ai,corroborated
CUPIXEL LTD,,,,,,,,
CURALEAF,"15 Farm Springs Road, Suite 200",Farmington,CT,06032,41.7198216,-72.8320435,ai,uncorroborated
CURB GARDNER CREATIVE GROUP,,,,,,,,
CURIO WELLNESS,10 Wight Ave,Cockeysville,MD,21030,39.4897875,-76.6481231,ai,corroborated
CUSHMAN & WAKEFIELD,"225 West Wacker Drive, Suite 3000",Chicago,IL,60606,41.8862507,-87.6350904,ai,grounded
CUSM,,,,,,,,
CUSTOM DOOR SHOP,4600 W 160th St,Cleveland,OH,44135,41.4298059,-81.81222,ai,uncorroborated
CUSTOM HOLDING INC,,,,,,,,
CUSTOM OUTFITTERS / BSN SPORTS,7211 W. 129th Street,Overland Park,KS,66213,38.8954874,-94.6680978,ai,uncorroborated
CUSTOM PROGRAMMING RESOURCES,,,,,,,,
CUTLER CAPITAL MANAGEMENT,"306 Main St, Suite 400",Worcester,MA,01608,42.2661225,-71.8015241,ai,corroborated
CUTLER MANAGEMENT CORP,43 Harvard Street,Worcester,MA,01609,42.2704181,-71.802331,ai,grounded
CVENTURES,,LOS ANGELES,CA,90001,,,,
CVP,,,,,,,,
CVS CAREMARK,One CVS Drive,Woonsocket,RI,02895,41.9919663,-71.4770385,ai,uncorroborated
CVSHEALTH,1 CVS Drive,Woonsocket,RI,02895,41.9907288,-71.4773244,ai,uncorroborated
CWC,,,,,,,,
CYBERARK,19 King St,Newton,MA,02458,42.350909,-71.245481,ai,corroborated
CYBERHAVEN,345 California Avenue,Palo Alto,CA,94306,37.4268564,-122.1442638,ai,grounded
CYBREXA,"6 Liberty Square, 2nd Floor",Boston,MA,02109,42.3580751,-71.0552551,ai,corroborated
CYDCOR,29899 Agoura Rd,Agoura Hills,CA,91301,34.1451739,-118.7790534,ai,corroborated
CYMBAL DLT,,,,,,,,
CYPRESS EQUITY INVESTMENTS,"12121 Wilshire Blvd, Suite 801",Los Angeles,CA,90025,34.0440837,-118.467955,ai,grounded
CYRULI SHANKS,,,,,,,,
D VASQUEZ LAW,,,,,,,,
D&H,350 Highland Drive,Camp Hill,PA,17011,40.2398118,-76.9199742,ai,grounded
DACHS EMPLOYER LLC,,,,,,,,
DAIMLER TRUCK NA,"455 N Cityfront Plaza Dr, Suite 600",Chicago,IL,60611,41.8897262,-87.6212705,ai,uncorroborated
DAKOTA ENTERPRISES,,,,,,,,
DAKOTA POWER PARTNERS,,,,,,,,
DALET,"88 Pine Street, 8th Floor",New York,NY,10005,40.7056848,-74.0060818,ai,grounded
DALTON & FINEGOLD,,,,,,,,
DALTON INVESTMENTS LLC,,,,,,,,
DAMOL INNOVATION LLC,,,,,,,,
DAMSKY PAPER CO,,,,,,,,
DAN ALPERT MD,,,,,,,,
DAN KELLY PRODUCTIONS,,,,,,,,
DAN M. KAHEN DO APC,,,,,,,,
DANA-FARBER CANCER INSTITUTE,450 Brookline Ave,Boston,MA,02215,42.3375681,-71.1078696,ai,corroborated
DANALEX INC,"1200 G Street NW, Suite 800",Washington,DC,20005,38.89814,-77.0282319,ai,uncorroborated
DANBAR,"1401 Broadway, 27th Floor",New York,NY,10018,40.753032,-73.987378,ai,corroborated
"DANIEL B HEYMAN, CPA APC",,,,,,,,
DANIEL JAY COSGROVE MD INC,,,,,,,,
DANKMEYER,"825 N Hammonds Ferry Rd, Suite D",Linthicum Heights,MD,21090,39.2174324,-76.663564,ai,grounded
DANLY,500 Progress Road,Dayton,OH,45449,39.7589478,-84.1916069,ai,grounded
DANNING GILL ISRAEL AND KRASNOFF LLP,"1901 Avenue of the Stars, Suite 1900",Los Angeles,CA,90067,34.0595286,-118.4176184,ai,corroborated
DANTO INVESTMENT CO,"1700 Stutz Dr, Suite 25",Troy,MI,48084,42.5489384,-83.1781785,manual,verified
DANZIGER DELLANO,"440 Louisiana St, Suite 1212",Houston,TX,77002,29.7626162,-95.3645783,manual,verified
DARE TO DREAM AVIATION,,,,,,,,
DAROMA RESTAURANT EQUIPMENT CORP,150 W 28TH ST,New York,NY,10001,40.7467748,-73.9928099,ai,corroborated
DARSANA CAPITAL PARTNERS LP,"40 West 57th Street, 22nd Floor",New York,NY,10019,40.7635878,-73.9759916,ai,grounded
DARTMOUTH,6201 Main Street,Hanover,NH,03755,43.7004794,-72.2895003,ai,uncorroborated
DARTMOUTH COLLEGE,"6134 McNutt Hall, 6208 Main Street",Hanover,NH,03755,43.7023545,-72.2892164,ai,uncorroborated
DARVISH INTERIORS,,,,,,,,
DATA,,,,,,,,
DATA CONCEPTS,,,,,,,,
DATA SPARK SECURITY CONSULTING,,,,,,,,
DATA.WORLD,"701 Brazos St., Suite 519",Austin,TX,78701,30.268971,-97.7406286,ai,grounded
DATAIKU,"902 Broadway, 8th Floor",New York,NY,10010,40.7393401,-73.9893929,ai,grounded
DATEL SOLUTIONS,"6001 Bollinger Canyon Rd, Suite 100",San Ramon,CA,94583,37.7583351,-121.9594581,ai,uncorroborated
"DAUGHERTY, KUPERMAN, GOLDEN & MOREH",,,,,,,,
DAUM,312 West 4th Street,Loveland,CO,80537,40.3954446,-105.0796309,ai,uncorroborated
DAVE PERRY MILLER REAL ESTATE,"12770 Coit Road, Suite 100",Dallas,TX,75251,32.9216608,-96.7682931,ai,corroborated
"DAVID DANIEL, M.D. PC",,,,,,,,
DAVID F. JAFFE MD PA,,,,,,,,
DAVID HIRSON & PARTNERS LLP,"1122 Broadway, Suite 900",New York,NY,10010,40.7431141,-73.9889848,ai,uncorroborated
DAVID LERNER ASSOCIATES,,,,,,,,
"DAVID M SCHWARTZ, ESQ",,,,,,,,
DAVID MARK RUDNICK M.D,,,,,,,,
DAVID PLOTKIN,,,,,,,,
DAVID S. BROWN ENT. LTD,,,,,,,,
DAVID SCHWARTZWALD MDPA SFLSS,,,,,,,,
DAVID SCHWARZ ARCHITECTS,"75 N Broadway, Suite 3",White Plains,NY,10601,41.0391624,-73.766921,ai,uncorroborated
DAVID SHAPIRO LAW PLLC,"1225 19th Street NW, Suite 320",Washington,DC,20036,38.9066528,-77.0430677,ai,uncorroborated
"DAVID STEIN, ESQ",,,,,,,,
DAVID ZWIRNER GALLERY,525 West 19th Street,New York,NY,10011,40.745807,-74.0070327,ai,corroborated
DAVIDON CORP,1600 S Main St Ste 150,Walnut Creek,CA,94596,37.8890508,-122.0558777,ai,grounded
DAVIDON HOMES,"1600 South Main Street, Suite 150",Walnut Creek,CA,94596,37.8890508,-122.0558777,ai,grounded
DAVIDOVICH LAW,"6442 Coldwater Canyon Avenue, Suite 209",North Hollywood,CA,91606,34.1941767,-118.4138004,ai,grounded
DAVIDSON KEMPER CAPITAL MANAGEMENT,520 Madison Ave,New York,NY,10022,40.7602214,-73.9744253,ai,corroborated
DAVIDSON KEMPNER,"520 Madison Avenue, 25th Floor",New York,NY,10022,40.7602214,-73.9744253,ai,corroborated
DAVIES WARD,900 Third Avenue,New York,NY,10022,40.8088444,-73.9303577,manual,verified
DAVIS GILBERT LLP,950 Third Avenue,New York,NY,10022,40.8088444,-73.9303577,ai,corroborated
DAVIS POLK & WARDWELL LLP,450 Lexington Avenue,New York,NY,10017,40.7532602,-73.9754403,manual,verified
DAVIS REALTY,,,,,,,,
DAVIS WRIGHT TREMAINE,"920 Fifth Avenue, Suite 3300",Seattle,WA,98104,47.6038321,-122.330062,ai,grounded
"DAVIS, CEDILLO & MENDOZA INC","2500 Broadway, Suite 1000",Santa Monica,CA,90404,34.0307217,-118.4741142,ai,uncorroborated
"DAVIS, STURGES & TOMLINSON PLLC",,,,,,,,
DAVISPOSTERARO AND WASSERMD'S,,,,,,,,
DAWN HOMES,,,,,,,,
DAWS DENTAL,,,,,,,,
DAY & NITE,,,,,,,,
DAY GROUP,,,,,,,,
DAYAH CAPITAL,,,,,,,,
DAYAN INVESTMENTS LLC,,,,,,,,
DAYGLO VENTURES LLC,,,,,,,,
DAYTON CHILDRENS,One Children's Plaza,Dayton,OH,45404,39.7589478,-84.1916069,ai,corroborated
DAYTON STREET PARTNERS,"100 Montgomery St, Ste 2500",San Francisco,CA,94104,37.7903433,-122.4018704,ai,uncorroborated
DAYTONA STREET CAPITAL,,,,,,,,
DBA: RACHEL GOLDHAMER,,,,,,,,
DBK MD PHD,10102 Empyrean Way #302,Los Angeles,CA,90067,34.0541453,-118.4087014,ai,uncorroborated
DC CRUISES LLC,,,,,,,,
DC DENTAL,,,,,,,,
DC OF GA,,,,,,,,
DCI,,,,,,,,
DCP MIDSTREAM,"370 17th Street, Suite 2500",Denver,CO,80202,39.7434959,-104.9886472,ai,corroborated
DCPS,1200 First St NE,Washington,DC,20002,38.9042275,-77.0058862,ai,grounded
DCR FAMILY LIMITED PARTNERSHIP LLLP,,,,,,,,
DCS,,,,,,,,
DDG,325 Hudson Street,New York,NY,10013,40.7268469,-74.0075795,ai,uncorroborated
DDR,"3300 Enterprise Parkway, Suite 500",Beachwood,OH,44122,41.4694994,-81.4947758,ai,uncorroborated
DE RITO PARTNERS INC,101 Montgomery St,San Francisco,CA,94104,37.7902982,-122.4024772,ai,uncorroborated
DE SHAW,"One 44th Street (DE Shaw Tower), New York University campus area",New York,NY,10010,40.7127281,-74.0060152,ai,corroborated
DEALERDIRECT LLC,,,,,,,,
DEAN ROAD REALTY TRUST,,,,,,,,
DEATH WITH DIGNITY,"207 SE Grand Ave, Suite 417",Portland,OR,97214,45.5213495,-122.6608332,ai,uncorroborated
DEBEVOISE,919 Third Avenue,New York,NY,10022,40.7588917,-73.9674682,ai,uncorroborated
"DEBORAH GATES, JD, LLM ATTORNEY AT LAW",,,,,,,,
DEBORAH SILVER ENTERTAINMENT,,,,,,,,
DECHERT LLP,"Cira Centre, 2929 Arch Street",Philadelphia,PA,19104,39.9572797,-75.1824563,ai,corroborated
DECIPHER,,,,,,,,
DECISION TACTICAL LLC,,,,,,,,
DECKO DESIGNS INC,,,,,,,,
DECON WORLDWIDE,"70 Linden Oaks, Suite 200",Malvern,PA,19355,40.036202,-75.5138959,ai,uncorroborated
DECRON PROPERTIES,6222 Wilshire Blvd Ste 400,Los Angeles,CA,90048,34.0630768,-118.3643384,ai,grounded
DEEL,"300 Brannan Street, Suite 202",San Francisco,CA,94107,37.78183,-122.3925687,ai,grounded
DEEP TRACK CAPITAL,200 Greenwich Avenue,Greenwich,CT,06830,41.0273954,-73.6264304,manual,verified
DEERFIELD MANAGEMENT,"780 Third Avenue, 37th Floor",New York,NY,10017,40.7127281,-74.0060152,ai,uncorroborated
DEFINED ADVANTAGE,,,,,,,,
DEFY DESSERTS LLC,,,,,,,,
DEGEN PAPER PRODUCTS INC,,,,,,,,
DEKALB COUNTY,1300 Commerce Drive,Decatur,GA,30030,33.7742549,-84.2994041,ai,corroborated
DEKEL CAPITAL,,,,,,,,
DELANO MEDICAL CENTER,1401 11th Ave,Delano,CA,93215,35.771521,-119.239229,ai,corroborated
DELIGHT RESTAURANT GROUP,,,,,,,,
DELL,One Dell Way,Round Rock,TX,78682,30.4868577,-97.6668546,ai,grounded
DELMAN & COMPANY CPAS,,,,,,,,
DELMAN ADVISORS,,,,,,,,
DELMAR GARDENS ENTERPRISES,14805 N Outer 40 Rd Suite 300,Chesterfield,MO,63017,38.6581764,-90.5680617,ai,grounded
DELOITTE,"30 Rockefeller Plaza, 41st Floor",New York,NY,10112,40.7591232,-73.979556,ai,grounded
DELOITTE & TOUCHE LLP,30 Rockefeller Plaza,New York,NY,10112,40.7591232,-73.979556,ai,corroborated
DELOITTE CONSULTING,1633 Broadway,New York,NY,10019,40.762093,-73.9846559,ai,uncorroborated
DELOITTE TAX LLP,30 Rockefeller Plaza,New York,NY,10112,40.7591232,-73.979556,ai,grounded
DELOS CAPITAL,,,,,,,,
DELOS HOLDINGS LLC,501 2nd Street,Miami Beach,FL,33139,25.7711613,-80.1351898,ai,grounded
DELPHI,5725 Delphi Drive,Troy,MI,48098,42.6055893,-83.1499304,ai,grounded
DELTA,1030 Delta Boulevard,Atlanta,GA,30354,33.6581071,-84.422993,ai,uncorroborated
DELTA AIRLINES,1030 Delta Boulevard,Atlanta,GA,30354,33.6581071,-84.422993,ai,uncorroborated
DELTA CHILDRENS,114 W 26th St,New York,NY,10001,40.7449805,-73.9923808,ai,corroborated
DELTA ENTERPRISE CORP,114 W 26th St,New York,NY,10001,40.7449805,-73.9923808,ai,corroborated
DELTA GALI,,,,,,,,
DELTA SALLE ACADEMY,,,,,,,,
DEM,,,,,,,,
DEMAND CHAIN,,,,,,,,
DEMOCRACY ENGINE LLC,2125 14th St NW #101W,Washington,DC,20009,38.918586,-77.0316234,ai,grounded
DEN,,,,,,,,
DENALI BRANDS INC,4 Andover Country Club Lane,Andover,MA,01810,42.6680156,-71.1715662,ai,grounded
DENLEA & CARTON LLP,"1001 19th Street NW, Suite 600",Washington,DC,20036,38.902647,-77.043355,ai,uncorroborated
DENOVO DIGITAL,"2101 Webster Street, Suite 310",Oakland,CA,94612,37.8044557,-122.271356,ai,corroborated
DENOVO SOLUTIONS,"11 W 19th St, 6th Floor",New York,NY,10011,40.7396106,-73.9923652,ai,uncorroborated
DENTAL ARTS OF MINNEAPOLIS,4316 Nicollet Ave S,Minneapolis,MN,55409,44.9246927,-93.278047,ai,corroborated
DENTAL CARE GROUP,,,,,,,,
DENTAL DREAMS LLC,,,,,,,,
DENTAL IMPLANTS AND PERIODONTAL HEALTH OF ROCHESTER,,,,,,,,
DENTAL OFFICE,,,,,,,,
DENTONS,1221 Avenue of the Americas,New York,NY,10020,40.7595136,-73.9825069,ai,grounded
DENVER COUNSELING SERVICE,"501 E 17th Ave, Suite 255",Denver,CO,80203,39.7434634,-104.9808091,ai,corroborated
DENVER DA'S OFFICE,"201 W Colfax Ave, Dept. 801",Denver,CO,80202,39.7392364,-104.984862,ai,corroborated
DENVER FOLKLORE CENTER,1899 16th St Mall,Denver,CO,80202,39.7495421,-104.997857,ai,corroborated
DEPARTMENT OF CONSUMER AFFAIRS,42 Broadway,New York,NY,10004,40.7052717,-74.0139203,ai,uncorroborated
DEPARTMENT OF HUMAN SERVICES,200 Independence Ave SW,Washington,DC,20201,38.8866298,-77.0143854,ai,uncorroborated
DEPARTMENT OF JUSTICE,950 Pennsylvania Ave NW,Washington,DC,20530,38.893208,-77.025601,ai,corroborated
"DEPARTMENT OF STATE, RET",2201 C St NW,Washington,DC,20520,38.8945036,-77.048475,ai,corroborated
DEPARTMENT OF THE ARMY - WHITE SANDS MISSILE RANGE,White Sands Missile Range,White Sands Missile Range,NM,88002,32.3852029,-106.4917289,manual,verified
DEPT OF ARMY,101 Army Pentagon,Washington,DC,20310,38.8950982,-77.0363849,ai,grounded
DEPT OF VETERANS AFFAIRS,810 Vermont Ave NW,Washington,DC,20420,38.9007688,-77.03521,ai,grounded
DEREK SMITH LAW GROUP PLLC,"1835 Market Street, 6th Floor",Philadelphia,PA,19103,39.9537066,-75.1711096,ai,corroborated
DERM INSTITUTE OF CHICAGO,360 N Green St,Chicago,IL,60607,41.8886972,-87.6493123,ai,corroborated
DERMATOLOGISTS OF CENTRAL STATES,"9987 Carver Road, Suite 250",Blue Ash,OH,45242,39.2434996,-84.3859941,ai,grounded
DERMATOLOGY ASSOCIATES OF THE BAY AREA,"4400 Redwood Highway, Suite 100",San Rafael,CA,94903,38.018631,-122.539168,ai,corroborated
DERMATOLOGY OF SEATTLE AND BELLEVUE,"600 Broadway E, Suite 200",Seattle,WA,98102,47.6243993,-122.3203331,ai,corroborated
DERMCARE,"4000 Hollywood Boulevard, Suite 215-S",Hollywood,FL,33021,26.0105598,-80.1836114,ai,grounded
DERMIC,,,,,,,,
"DERN CAPITAL, PHOEB-X",,,,,,,,
DESERT CARDIOLOGY,"12801 N 103rd Ave, Suite 102",Sun City,AZ,85351,33.6207867,-112.2718966,ai,uncorroborated
DESERT ORTHOPAEDIC CENTER,"2800 East Desert Inn Road, Suite 100",Las Vegas,NV,89121,36.1298678,-115.1119341,ai,grounded
DESIGN CONCEPTS,273 Closter Dock Rd Ste 1,Closter,NJ,07624,40.9731536,-73.9615262,ai,grounded
DESIGN PROJECTS,,,,,,,,
DESMARAIS LLP,,,,,,,,
DESRI,1166 Avenue of the Americas,New York,NY,10036,40.7568778,-73.9820036,ai,corroborated
DESTINATION COLLEGE,,,,,,,,
DETROIT COUNTRY DAY SCHOOL,22305 West 13 Mile Rd,Beverly Hills,MI,48025,42.5159948,-83.2652216,ai,corroborated
DETROIT MEDICAL CENTER,4815 John R St,Detroit,MI,48202,42.3568467,-83.0616877,ai,corroborated
DETROIT PISTONS BASKETBALL CLUB,One Agracel Place,Auburn Hills,MI,48326,42.6875323,-83.2341028,ai,grounded
DETROIT VENTURE PARTNERS,"444 W. Willis, Suite 300",Detroit,MI,48201,42.350528,-83.0647623,ai,corroborated
DEUTSCHE BANK,60 Wall Street,New York,NY,10005,40.7061731,-74.0085162,ai,uncorroborated
DEVELOPERS CONSOLIDATED REALTY,"1250 H St NW, Suite 300",Washington,DC,20005,38.899573,-77.029305,ai,uncorroborated
DEVINKI REAL ESTATE,,,,,,,,
DEVON MANAGEMENT,"111 West 33rd Street, 16th Floor",New York,NY,10001,40.7493864,-73.9886217,ai,corroborated
DEXIAN,,,,,,,,
DEZENHALL RESOURCES,"1205 N. Courthouse Rd., Suite 520",Arlington,VA,22201,38.8916246,-77.0839629,ai,uncorroborated
DEZER DEVELOPMENT,"18001 Collins Ave, Suite 100",Sunny Isles Beach,FL,33160,25.9432161,-80.1205584,ai,corroborated
DEZER PROPERTIES,"18001 Collins Ave, Suite 100",Sunny Isles Beach,FL,33160,25.9432161,-80.1205584,ai,corroborated
DF ADVISORS LLC,"1040 Avenue of the Americas, 7th Floor",New York,NY,10018,40.7529924,-73.9850431,ai,uncorroborated
DFAC,,,,,,,,
DGR GLOBAL,"15260 Ventura Blvd, Suite 400",Sherman Oaks,CA,91403,34.1530124,-118.4658822,ai,corroborated
DHC REAL ESTATE SERVICES,,,,,,,,
DHDH AUSTIN HOMES LLC,"901 S MoPac Expy, Suite 600",Austin,TX,78746,30.264114,-97.7814589,ai,corroborated
DHI MORTGAGE CO,"10975 Westmoor Dr, Suite 300",Westminster,CO,80021,39.9001385,-105.1272124,ai,uncorroborated
DHR,"100 Oceangate, Suite 600",Long Beach,CA,90802,33.76659,-118.198251,ai,corroborated
DHS,2703 Martin Luther King Jr Ave SE,Washington,DC,20528,38.849392,-76.996064,ai,uncorroborated
DIABETES AND ENDOCRINE ASSOCIATES,"300 S Winnetka Ave, Suite 221",Glendale,CA,91205,34.1469416,-118.2478471,ai,corroborated
DIAMOND & DENIM RECRUITING,,,,,,,,
DIAMOND CHEMICAL,,East Rutherford,NJ,07073,,,,
DIAMOND FAMILY OFFICE,,,,,,,,
DIAMOND MANUFACTURERS AND IMPORTERS AS,,,,,,,,
DIAMOND REALTY HOLDINGS,805 N Milwaukee Ave Ste 301,Chicago,IL,60642,41.8966093,-87.6554733,ai,grounded
DIAMOND VENTURES,"2200 East River Road, Suite 115",Tucson,AZ,85718,32.2867631,-110.9393903,ai,grounded
DIAMONDS MENS SHOP,,,,,,,,
DICKINSON WRIGHT,"500 Woodward Ave, Suite 4000",Detroit,MI,48226,42.3300644,-83.0449346,ai,grounded
DICKS SPORTING GOODS,345 Court Street,Coraopolis,PA,15108,40.5071989,-80.2649352,ai,grounded
DICKSTEIN SHAPIRO,1825 Eye St NW,Washington,DC,20006,38.9016485,-77.0421808,ai,uncorroborated
DIETZ GILMOR & CHAZEN APC,"100 Spectrum Center Drive, Suite 1200",Irvine,CA,92618,33.6505695,-117.7476412,ai,corroborated
DIFFERENT TECHNOLOGIES,"125 CambridgePark Drive, Suite 301",Cambridge,MA,02140,42.3950101,-71.1461192,ai,uncorroborated
DIFGEN PHARMACEUTICALS,,,,,,,,
DIGESTIVE HEALTH ASSOCIATES,"1530 Clay St, Suite 220",Oakland,CA,94612,37.8061604,-122.2729184,ai,uncorroborated
DIGITAL DECH,,,,,,,,
DIGITAL DRAFTING SYSTEMS,"16969 NW 67th Avenue, Suite 100",Hialeah,FL,33015,25.897922,-80.3081882,ai,grounded
DIGITAL FUSION,"60 State St, 26th Floor",Boston,MA,02109,42.3596782,-71.056579,ai,uncorroborated
DIGITAL GADGETS LLC,244 East 58th Street,New York,NY,10022,40.7600031,-73.9654401,ai,grounded
DIGITAL HEALTH,,,,,,,,
DIGITALDOORS INC,,,,,,,,
DIGNITY GROWS INC,,,,,,,,
DII,,,,,,,,
DII ENTERPRISES,,,,,,,,
DIME COMMUNITY BANK,1627 Merrick Avenue,Merrick,NY,11566,40.6780006,-73.5579243,ai,corroborated
DIMENSIONS BOUTIQUE,,,,,,,,
DINERSTEIN COMPANIES,"100 Jericho Quadrangle, Suite 100",Jericho,NY,11753,40.7891193,-73.5539158,ai,uncorroborated
DINESOL,,,,,,,,
DIPLOMACY MATTERS,641 Lexington Ave,New York,NY,10022,40.758877,-73.9696441,ai,uncorroborated
DIRECT DEMO,,,,,,,,
DIRECT MARKETING NETWORK,,,,,,,,
DISCOVER VISION CENTERS,4741 S Cochise Dr,Independence,MO,64055,39.0924792,-94.4137923,ai,grounded
DISH NETWORK,9601 South Meridian Boulevard,Englewood,CO,80112,39.5451301,-104.8559924,ai,uncorroborated
DISNEY,500 South Buena Vista Street,Burbank,CA,91521,34.1551262,-118.3265025,ai,corroborated
DISPUTE RESOLUTION SERVICES,,,,,,,,
DISTRICT 27,,,,,,,,
DIVERITAS GROUP,,,,,,,,
DIVERSIFIED AG,,,,,,,,
DIVERSIFIED CONSTRUCTION OF GEORGIA,,,,,,,,
DIVERSIFIED PORTFOLIOS INC,"10 South Riverside Plaza, Suite 1010",Chicago,IL,60606,41.8810905,-87.639091,ai,uncorroborated
DIVOTS,3525 NW 53rd St,Lincoln,NE,68504,40.8413793,-96.7919304,ai,uncorroborated
DIXIE MILL SUPPLY COMPANY,901 Tchoupitoulas St,New Orleans,LA,70130,29.9432361,-90.0677303,ai,grounded
DJBR LLC,,,,,,,,
DKR CAPITAL,,,,,,,,
DLA PIPER,"555 Mission Street, Suite 2400",San Francisco,CA,94105,37.7885889,-122.3985627,ai,corroborated
DLLP,,,,,,,,
DLR GROUP,"6457 Frances St, Ste 200",Omaha,NE,68106,41.239758,-96.0134712,ai,grounded
DM CLINICAL,,,,,,,,
DMB STRATEGIC,,,,,,,,
DMG INSURANCE,1030 N Boulevard of the Arts,Sarasota,FL,34236,27.3365805,-82.5308545,ai,corroborated
DMJ CASTING INC,,,,,,,,
DMW,,,,,,,,
DNA HOLDINGS,,,,,,,,
DNA STRATEGY GROUPINGS,,,,,,,,
DNI,,,,,,,,
DO TERRA,389 South 1300 West,Pleasant Grove,UT,84062,40.3589712,-111.7578939,ai,corroborated
DOCFLOW LABS,,,,,,,,
DOCMJ,,,,,,,,
DOD,1400 Defense Pentagon,Washington,DC,20301,38.8950368,-77.0365427,ai,uncorroborated
DOG,,,,,,,,
DOGPATCH LLC,44 Dogpatch Lane,San Francisco,CA,94107,37.7879363,-122.4075201,ai,corroborated
DOLAN FAMILY OFFICE,,,,,,,,
DOLLARTREE,500 Volvo Parkway,Chesapeake,VA,23320,36.7683132,-76.2418329,ai,grounded
DOLLINGER PROPERTIES,"1500 Fashion Island Blvd, Suite 100",San Mateo,CA,94404,37.557841,-122.286967,ai,corroborated
DOLPHIN PROPERTY SERVICES,,,,,,,,
DOMANI ADVISORS,"10 West 33rd Street, Suite 802",New York,NY,10001,40.7480451,-73.9859788,ai,grounded
DOMINION ELECTRIC SUPPLY,5053 Langston Boulevard,Arlington,VA,22207,38.8968578,-77.1300703,ai,grounded
DON KLEIN MANAGEMENT GROUP INC,,,,,,,,
DONALDSON LUFKIN & JENRETTE,499 Park Avenue,New York,NY,10022,40.7625806,-73.9697327,ai,corroborated
DONE,,,,,,,,
DONFELD & ROLLMAN,"1901 AVENUE OF THE STARS, SUITE 500",LOS ANGELES,CA,90067,34.0595286,-118.4176184,manual,verified
DONNA KARAN CO,"201 West 37th Street, Suite 1200",New York,NY,10018,40.753027,-73.989332,ai,corroborated
DONNA KLEIN JEWISH ACADEMY,9700 Donna Klein Boulevard,Boca Raton,FL,33428,26.3586885,-80.0830984,ai,corroborated
DONOVANS,,,,,,,,
DONYATI,"1201 3rd Ave, Suite 2200",Seattle,WA,98101,47.6071707,-122.3360996,ai,uncorroborated
DOORDASH,"303 2nd Street, Suite 800",San Francisco,CA,94107,37.7847893,-122.395484,ai,grounded
DOORLOOP INC,70 W Madison St #4400,Chicago,IL,60602,41.8823349,-87.6300019,ai,uncorroborated
DOOWY DOES IT,,,,,,,,
DORA'S NATURALS INC,21 Empire Blvd,South Hackensack,NJ,07606,40.8313976,-74.0424,ai,grounded
DORADO BEACH RESORT/CPG REAL ESTATE,"440 Columbia Drive, Suite 103",West Palm Beach,FL,33409,26.7103806,-80.1005777,ai,grounded
DORENFELD LAW,"655 Montgomery St, Suite 1600",San Francisco,CA,94111,37.7952291,-122.4036148,ai,corroborated
DORILTON CAPITAL,"375 Greenwich Street, 3rd Floor",New York,NY,10013,40.7196109,-74.0100722,ai,corroborated
DORIS BOUDAIE OPTOMETRY,8500 Beverly Blvd,Los Angeles,CA,90048,34.075718,-118.3770471,ai,grounded
DORMAE PRODUCTS,,,,,,,,
DORSHIRE,,,,,,,,
DOUBLE A DEVELOPMENT,,,,,,,,
DOUBLE RAINBOW,3059 Masonic Avenue,San Francisco,CA,94118,37.7858258,-122.4472026,ai,grounded
DOUBLE U LLC,,,,,,,,
DOUGLAS ELLIMAN,101 Park Avenue,New York,NY,10178,40.7508308,-73.9776118,ai,corroborated
DOUGLAS EMMETT,"808 Wilshire Boulevard, Suite 900",Santa Monica,CA,90401,34.0221079,-118.4939683,ai,corroborated
DOUGLAS LEGUM DEVELOPMENT,"6901 Rockledge Drive, Suite 650",Bethesda,MD,20817,39.0287499,-77.1389134,manual,verified
DOUGLAS M. LIEBMAN ESTATE JEWELER,15255 N 40th St Ste 151,Phoenix,AZ,85032,33.6253006,-111.9952829,ai,grounded
DOWD BENNETT LLP,"7733 Forsyth Boulevard, Suite 1900",Saint Louis,MO,63105,38.6503629,-90.3356508,ai,grounded
DOWN TO EARTH TECHNOLOGIES,,,,,,,,
DOWNEY BRAND LLP,"621 Capitol Mall, 18th Floor",Sacramento,CA,95814,38.5810606,-121.493895,ai,corroborated
DOWNSTATE,,,,,,,,
DOWNTOWN CAPITAL PARTNERS,,WHITE PLAINS,NY,10601,,,,
DOWNTOWN INVESTMENT ADVISORY,,,,,,,,
DOWNTOWN PHARMAXY,,,,,,,,
DOWNTOWN REALTY,,,,,,,,
DOWNTOWNWORKS,"550 West B Street, 4th Floor",San Diego,CA,92101,32.7178495,-117.1678376,ai,grounded
DP&F,,,,,,,,
DPIS BUILDER SERVICES,,,,,,,,
DPIS ENGINEERING LLC,,,,,,,,
DR JACK L SCHAEFFER LLC,,,,,,,,
DR M GELBORT,,,,,,,,
DR MADRIGAL,,,,,,,,
DR MICHAEL GRIBETZ,,,,,,,,
DR PROSPER ABITBOL PA,,,,,,,,
DR SARKISSIAN,,,,,,,,
DR. ADAM DORSAY,,,,,,,,
DR. BRUCE LERNER MD ANESTHESIO,,,,,,,,
DR. DENTIST,,,,,,,,
DR. EMILIA STROGOV,,,,,,,,
DR. FAMININI OFFICE,,,,,,,,
DR. GARY KAPLAN,,,,,,,,
DR. LARRY HERRING,,,,,,,,
DR. LARRY SHEMEN,,,,,,,,
DR. LONNIE RESNICK LLC,,,,,,,,
DR. MORT ISRAEL,,,,,,,,
DR. STANLEY GOLDSTEIN,,,,,,,,
DR. STANLY MECKLER,,,,,,,,
DR. SYLVIE,,,,,,,,
DR. YAEL HALAAS,,,,,,,,
DR.MURRAY BARUCH,,,,,,,,
DRAFTKINGS,"222 Berkeley Street, 5th Floor",Boston,MA,02116,42.3514077,-71.0730278,ai,grounded
DRAGONFLY TECHNOLOGIES,"1333 Broadway, Suite 1506",New York,NY,10018,40.7512127,-73.9879717,ai,corroborated
DREAM PROJECTS DBA RTA,,,,,,,,
DREAMHAVEN,,,,,,,,
DREAMWAVE LLC,,,,,,,,
DREAMWEAR INC,"183 Madison Ave, 10th Floor",New York,NY,10016,40.747617,-73.982941,manual,verified
DREXEL BURNHAM LAMBERT,,,,,,,,
DREXEL UNIVERSITY,3141 Chestnut Street,Philadelphia,PA,19104,39.9586721,-75.1888451,ai,corroborated
DREYER BABICH,"One Embarcadero Center, Suite 500",San Francisco,CA,94111,37.7944882,-122.3996223,ai,corroborated
DRG BEHAVIORAL HEALTH,3219 E Camelback Rd # 798,Phoenix,AZ,85018,33.5094773,-112.0119953,ai,grounded
DRI DUCK,"2100 Geng Road, Suite 150",Palo Alto,CA,94303,37.4516426,-122.1196017,ai,uncorroborated
DRI MARK PRODUCTS INC,,,,,,,,
DRK BOARD,,,,,,,,
DRL,"1211 Connecticut Ave NW, Suite 300",Washington,DC,20036,38.9062357,-77.0410569,ai,grounded
DRUCKER WEALTH,250 Greenwich St 46th Floor,New York,NY,10007,40.7153421,-74.0113084,ai,corroborated
DRUG CHANNELS INSTITUTE,"1515 Market Street, Suite 1660",Philadelphia,PA,19102,39.9529802,-75.1661525,manual,verified
DRUSCO,,,,,,,,
DRW HOLDINGS,"540 W Madison St, Suite 2600",Chicago,IL,60661,41.8824896,-87.6417369,ai,corroborated
DRYVIT SYSTEMS,"W.R. Grace Building, 62 Whittemore Avenue",West Warwick,RI,02893,41.7061296,-71.5221451,ai,uncorroborated
DS ADVACNED ENTERPRISES LTD,,,,,,,,
DSC ADVISORY LLC,"550 South Hope Street, Suite 2300",Los Angeles,CA,90071,34.0497343,-118.255629,ai,uncorroborated
DSE JEWELRY,,,,,,,,
DSR MOTOR GROUP,,Marblehead,MA,01945,,,,
DSRCG LLC,,,,,,,,
DTI INVESTMENTS,,,,,,,,
DTNA,4747 N Channel Ave,Portland,OR,97217,45.5564307,-122.705582,ai,uncorroborated
DUANE MORRIS,30 S 17th Street,Philadelphia,PA,19103,39.9522247,-75.1695274,ai,grounded
DUANE STREET DIGITAL,"555 Montgomery Street, Suite 1100",San Francisco,CA,94111,37.7944542,-122.4034627,ai,uncorroborated
DUBINSKY CONSULTING,,,,,,,,
DUCERA PARTNERS,280 Park Avenue,New York,NY,10017,40.7564853,-73.975049,ai,corroborated
DUKAS LINDEN PUBLIC RELATIONS,"120 W 45th Street, 16th Floor",New York,NY,10036,40.7570159,-73.9839641,ai,grounded
DUKE,550 South Tryon Street,Charlotte,NC,28202,35.2241392,-80.8487018,ai,corroborated
DUKE UNIVERSITY,2138 Campus Drive,Durham,NC,27708,35.9997187,-78.9332881,manual,verified
DUN AND BRADSTREET,103 JFK Parkway,Short Hills,NJ,07078,40.7382183,-74.3290839,ai,uncorroborated
DUNCAN-WILLIAMS,"440 Louisiana Street, Suite 1700",Houston,TX,77002,29.7626445,-95.3647372,ai,uncorroborated
DUNHILL CONSTRUCTION,,,,,,,,
DUNKIN' DONUTS,,,,,,,,
DUNLEER STRATEGIES,,,,,,,,
DUPONT,1007 Market Street,Wilmington,DE,19898,39.7459468,-75.546589,ai,corroborated
DUQUESNE FAMILY OFFICE,,,,,,,,
DUQUESNE UNIVERSITY,600 Forbes Avenue,Pittsburgh,PA,15282,40.4367125,-79.9908402,ai,corroborated
DURHAM NEPHROLOGY ASSOCIATES,"616 W Cornwallis Road, Suite 105",Durham,NC,27705,35.9711889,-78.9290391,ai,corroborated
DURO BAG,7600 Empire Dr,Florence,KY,41042,38.9989499,-84.6266111,manual,verified
DUVAL PARTNERS,,,,,,,,
DV COMPANY,,,,,,,,
DVORA LIFE,,,,,,,,
DVRA,,,,,,,,
DW ADVERTISING,682 Bloomfield Ave,Bloomfield,CT,06002,41.8256023,-72.737138,ai,grounded
DWD INTERNATIONAL,,,,,,,,
DWIGHT CAPITAL LLC,"32 Old Slip, 10th Floor",New York,NY,10005,40.7037955,-74.0081614,ai,uncorroborated
DWT,"920 Fifth Avenue, Suite 3300",Seattle,WA,98104,47.6038321,-122.330062,ai,grounded
DYNAMIC CAPITAL MANAGEMENT INC,"One Market Street, Spear Tower, Suite 3600",San Francisco,CA,94105,37.7879363,-122.4075201,ai,uncorroborated
DYNAMIC HOME CARE,,,,,,,,
DYNAMIC NURSING,"400 Perimeter Center Terrace NE, Suite 800",Atlanta,GA,30346,33.7544657,-84.3898151,ai,uncorroborated
DYNAMIC SRG,,,,,,,,
DYSLEXIA INSTITUTE,,,,,,,,
DZ SERVICES LLC,,,,,,,,
E ST LOUIS BOARD OF ED,1 North 3rd Street,East Saint Louis,IL,62201,38.626688,-90.163489,ai,uncorroborated
E78 PARTNERS,1301 W 22nd St Ste 410,Oak Brook,IL,60523,41.8462575,-87.9504885,ai,uncorroborated
EA LLP,,,,,,,,
EA MARKETS,,,,,,,,
EAGLE ARC PARTNERS LLC,,,,,,,,
EAGLE CAPITAL HEALTH VENTURES,"501 N. Broadway, 7th Floor",Jericho,NY,11753,40.790644,-73.5367012,ai,corroborated
EAGLE CONTRACTORS,,,,,,,,
EAGLE EQUITY,"360 Madison Avenue, 13th Floor",New York,NY,10017,40.7550404,-73.9781023,ai,uncorroborated
EAR NOSE AND THROAT SURGEONS OF WESTERN NEW ENGLAND,,,,,,,,
"EAR, NOSE, AND THROAT CENTER LLP",,,,,,,,
EARLY BIRD CAPITAL,"1411 North Westshore Blvd, Suite 400",Tampa,FL,33607,27.9552925,-82.5240419,ai,uncorroborated
EARLY LEARNING COALITION OF MIAMI-DADE AND MONROE,5555 Biscayne Boulevard,Miami,FL,33137,25.8271736,-80.1865387,manual,verified
EARTHBOUND TECHNOLOGIES LLC,,,,,,,,
EAS ADVISORS,,,,,,,,
EAST COAST ABSTRACT,,,,,,,,
EAST COAST EDUCATIONAL CONSULTING,,,,,,,,
EAST COAST MANAGEMENT,,,,,,,,
EAST COAST MEDICAL ASSOCIATES,1500 NW 10th Ave Suite 205,Boca Raton,FL,33486,26.3630379,-80.1056154,ai,grounded
EAST GATE ENTERPRISES INC,,,,,,,,
EAST ROAD ASSOCIATES,,,,,,,,
EAST WIND ADVISORS LLC,,,,,,,,
EASTDIL SECURED,"245 Park Avenue, 11th Floor",New York,NY,10167,40.7546124,-73.9746719,ai,corroborated
EASTERN CONCRETE FOUNDATION INC,,,,,,,,
EASTERN ILLINOIS UNIVERSITY,600 Lincoln Avenue,Charleston,IL,61920,39.478692,-88.1790663,ai,corroborated
EASTERN WV COMMUNITY TECH. COL,316 Eastern Drive,Moorefield,WV,26836,39.0754201,-78.9325241,ai,corroborated
EASTIL MANAGEMENT,,,,,,,,
EASYHEALTH,1180 S. Beverly Dr. Ste 700,Los Angeles,CA,90035,34.0556192,-118.3953001,ai,grounded
EAT KOMI INC,,,,,,,,
EATON STEEL BAR COMPANY,10221 Capital St,Oak Park,MI,48237,42.4552846,-83.1651025,ai,corroborated
EATON VANCE MANAGEMENT,2 International Place,Boston,MA,02110,42.3563268,-71.0518873,ai,corroborated
EB4NA,,,,,,,,
EB5 CAPITAL,"6106 MacArthur Blvd, Suite 104",Bethesda,MD,20816,38.9429465,-77.1153899,ai,grounded
EBAY,2025 Hamilton Avenue,San Jose,CA,95125,37.2951544,-121.9261317,ai,corroborated
EBM,,,,,,,,
EBNER PROPERTIES,"1200 Route 22 West, Suite 300",Bridgewater,NJ,08807,40.5598127,-74.5517146,ai,uncorroborated
EBR SYSTEMS INC,,,,,,,,
ECA,,,,,,,,
ECA FUND ADVISORS,"3030 LBJ Freeway, Suite 1250",Dallas,TX,75234,32.92545,-96.8167644,ai,uncorroborated
ECAPITAL CORP,,,,,,,,
ECARE.COM,,,,,,,,
ECCOGENE,,,,,,,,
ECEA INC,,,,,,,,
ECHO ECHO,"3254 Bee Caves Road, Suite 204",Austin,TX,78746,30.2738724,-97.7994872,ai,uncorroborated
ECHO GLOBAL LOGISTICS,"600 West Chicago Avenue, Suite 725",Chicago,IL,60654,41.8982912,-87.6443417,ai,corroborated
ECHO RIVER CAPITAL,1550 Tiburon Blvd Ste G #313,Tiburon,CA,94920,37.8754216,-122.4602236,ai,grounded
ECHOSTAR COMMUNICATIONS,100 Inverness Terrace East,Englewood,CO,80112,39.6482059,-104.9879641,ai,uncorroborated
ECI,"2000 Technology Parkway, Suite 100",Duluth,GA,30097,34.0028569,-84.1441046,ai,uncorroborated
ECI CAPITAL,"2120 Powers Ferry Rd SE, Suite 300",Atlanta,GA,30339,33.9004147,-84.4494961,manual,verified
ECI GROUP,"1201 Boulders Pkwy, Suite 300",Richmond,VA,23225,37.4963453,-77.4656428,ai,uncorroborated
ECKLERT SEAMANS CHERIN & MELLOTT,"600 Grant Street, 44th Floor",Pittsburgh,PA,15219,40.4412616,-79.994813,ai,uncorroborated
ECLECTICS GIFT GALLERY,,,,,,,,
ECO MARKETING,41 Nace Ave,Piedmont,CA,94611,37.8244062,-122.2453789,ai,grounded
ECPI OF TIDEWATER VA,"One Park Place, Suite 450",Norfolk,VA,23510,36.9352376,-76.3268076,ai,uncorroborated
ECPI UNIVERSITY,1 College Circle,Virginia Beach,VA,23462,36.8496579,-75.9760751,ai,corroborated
ECS BUSINESS SERVICES,"900 S Pine Island Rd, Suite 400",Plantation,FL,33324,26.1100908,-80.2608147,ai,corroborated
EDCAHOOTS,,,,,,,,
EDDIE'S,,,,,,,,
EDDIES OF ROLAND PARK,5113 Roland Ave,Baltimore,MD,21210,39.3560663,-76.6342932,ai,corroborated
EDDY PUMP CORPORATION,1 Eddy Pump Road,Westfield,MA,01085,42.1205411,-72.7489158,ai,uncorroborated
EDELMAN FINANCIAL ENGINES,"101 Eisenhower Pkwy, Suite 300",Roseland,NJ,07068,40.8278863,-74.3209348,ai,uncorroborated
EDELSON PC,"350 North LaSalle Street, Suite 1300",Chicago,IL,60654,41.8879131,-87.6323942,ai,corroborated
EDELSTEIN GILBERT ROBSON & SMITH,,,,,,,,
EDELSTEIN PUBLIC AFFAIRS,6417 Thornhill Dr,Oakland,CA,94611,37.8422332,-122.2057974,ai,grounded
EDEN GLOBAL PARTNERS LLC,,,,,,,,
EDEN STREET PARTNERS,228 Park Ave S #754590,New York,NY,10003,40.7377801,-73.9886747,ai,grounded
EDGEWOOD CONSULTING,"1719 State Route 10, Ste 226",Parsippany,NJ,07054,40.8578772,-74.4259866,ai,grounded
EDGILE,"7000 N. Mopac Expressway, Suite 200",Austin,TX,78757,30.3533885,-97.7493477,ai,grounded
EDIDIN PARTNERS,"101 Montgomery St, Suite 250",San Francisco,CA,94104,37.7902982,-122.4024772,ai,uncorroborated
EDINGER PEDIATRICS,,HUNTINGTON BEACH,CA,92648,,,,
EDISON PROPERTIES,110 Edison Pl,Newark,NJ,07102,40.7330749,-74.1674159,manual,verified
EDIT NEW YORK,"35 W 36th St, 10th Floor",New York,NY,10018,40.7506588,-73.9852874,ai,corroborated
EDJCO,6230 Wilshire Blvd Ste 855,Los Angeles,CA,90048,34.0628567,-118.364658,ai,grounded
EDMUND GELLER MD PA,,,,,,,,
EDMUNDS WHITE PARTNERS,,,,,,,,
EDMUNDS.COM,2401 Colorado Ave Ste P1,Santa Monica,CA,90404,34.0292883,-118.4729844,manual,verified
EDUCATION EXECUTIVES,,,,,,,,
EDUCATION LEADERS OF COLOR,3680 Wilshire Blvd Ste P04-1052,Los Angeles,CA,90010,34.0614545,-118.306404,ai,grounded
EDWARD C. LEVY CO,9300 Dix Ave,Dearborn,MI,48120,42.3098855,-83.1414675,manual,verified
EDWARD JONES,12555 Manchester Road,Saint Louis,MO,63131,38.6147171,-90.3129471,ai,corroborated
EDWARD LEVY,,,,,,,,
EDWARD SIDER & COMPANY,"650 Third Avenue, 20th Floor",New York,NY,10017,40.8088444,-73.9303577,ai,uncorroborated
EDWARDS LIFESCIENCES,One Edwards Way,Irvine,CA,92614,33.6986329,-117.8501723,ai,corroborated
EDWIN ZAGHI,,,,,,,,
EFFRON ENTERPRISES,,,,,,,,
EFRIEDMAN,,,,,,,,
EGG ELECTRIC,"35 West 45th Street, 4th Floor",New York,NY,10036,40.7562788,-73.9809087,manual,verified
EGRS,,,,,,,,
EHRENKRANZ PARTNERS,"605 Third Ave, 12th Floor",New York,NY,10158,40.8088444,-73.9303577,ai,corroborated
EHRENSTEIN|SAGER,,,,,,,,
EIDELMAN FINGER & HARRIS,"200 Crescent Ct, Suite 700",Dallas,TX,75201,32.7936093,-96.8039036,ai,uncorroborated
EIDELMAN VIRANT CAPITAL,,,,,,,,
EIGHTEEN ASSOCIATES,,,,,,,,
EIGHTEEN CAPITAL GROUP,"11615 Rosewood St, Suite 100",Leawood,KS,66211,38.9175391,-94.6459999,manual,verified
EIGHTFOLD REAL ESTATE CAPITAL LP,"150 East 52nd Street, 36th Floor",New York,NY,10022,40.7572301,-73.9707427,ai,uncorroborated
EIM,,,,,,,,
EINSTEIN MEDICAL CENTER,5501 Old York Road,Philadelphia,PA,19141,40.0368481,-75.1415887,ai,corroborated
EIP,,,,,,,,
EISEMAN LEVINE LEHRHAUPT & KAKOYIANNIS PC,"1500 Market Street, Suite 800",Philadelphia,PA,19102,39.9531287,-75.1642021,ai,uncorroborated
EISEN STUDIOS LLC,,,,,,,,
EISENBERG GROUP,,CORAL SPRINGS,FL,33065,,,,
EISENBERG INVESTMENT GROUP,4613 N University Drive #411,Coral Springs,FL,33067,26.2872784,-80.250173,ai,grounded
EISENBERG ROTHWEILER,1634 Spruce Street,Philadelphia,PA,19103,39.9474671,-75.1694376,ai,grounded
EISNER LLP,"2600 Michelson Dr, Suite 1000",Irvine,CA,92612,33.6738701,-117.8511457,ai,grounded
EISNERAMPER,750 Third Avenue,New York,NY,10017,40.7538489,-73.9727152,ai,corroborated
EITAN D SCHWARZ MD SC,,,,,,,,
EJDC,,,,,,,,
EJL ENTERPRISES,,,,,,,,
EJME,,,,,,,,
EK CONSULTING LLC,,,,,,,,
EKO,"2000 Sierra Point Pkwy, Suite 207",Brisbane,CA,94005,37.673872,-122.383666,ai,corroborated
EL FASHION,,,,,,,,
EL PASO INDEPENDENT SCHOOL DISTRICT,6531 Boeing Dr,El Paso,TX,79925,31.7918517,-106.4000894,ai,corroborated
ELAINE CONSTRUCTION,,,,,,,,
ELAN GLOBAL GROUP,"712 Fifth Avenue, 16th Floor",New York,NY,10019,40.7622941,-73.9750754,ai,corroborated
ELDION,,,,,,,,
ELDRIDGE,1345 Avenue of the Americas,New York,NY,10105,40.7629997,-73.9790535,ai,grounded
ELDRIDGE ACRE PARTNERS,"1900 Avenue of the Stars, Suite 2400",Los Angeles,CA,90067,34.0599711,-118.4169732,ai,grounded
ELECTRO INDUSTRIES,1800 Shames Drive,Westbury,NY,11590,40.7743179,-73.5557602,ai,grounded
ELECTROIMPACT,225 Airport Road,Mukilteo,WA,98275,47.9474034,-122.3036992,ai,corroborated
ELECTROLINE,6 Commerce Dr,Cranbury,NJ,08512,40.3133907,-74.5201927,ai,uncorroborated
ELEDON PHARMACEUTICALS,"1400 Biscayne Blvd, Suite 760",Miami,FL,33132,25.7889967,-80.1895333,ai,uncorroborated
ELEMENTIO GROUP INC,,,,,,,,
ELEMENTS PHARMACY,12602 Ventura Blvd,Studio City,CA,91604,34.1434284,-118.4077982,ai,grounded
ELEVADO GROUP,,,,,,,,
ELEVANCE HEALTH INC,220 East 42nd Street,New York,NY,10017,40.750466,-73.9739588,ai,uncorroborated
ELEVATE ENT PARTNERS,,,,,,,,
ELGANIAN LLC,"16055 Ventura Blvd, Suite 1100",Encino,CA,91436,34.1567372,-118.4833267,ai,uncorroborated
ELI CIRCLE CAPITAL,,,,,,,,
ELI CIRCLE HOLDINGS,,,,,,,,
ELI LILLY AND COMPANY,Lilly Corporate Center,Indianapolis,IN,46285,39.7546888,-86.1537802,ai,uncorroborated
ELIGO ENERGY,100 S Wacker Dr Ste 700,Chicago,IL,60606,41.880497,-87.6378185,ai,corroborated
ELINS ENTERPRISES,,,,,,,,
ELION PARTNERS,"3323 NE 163rd Street, Suite 600",Miami,FL,33160,25.9285495,-80.1368421,ai,grounded
ELISSA GOODMAN NUTRITION,,,,,,,,
ELITE CHIROPRACTIC & SPORT,,,,,,,,
ELITE HOME PRODUCTS,1920 Silver Bell Road,Fenton,MO,63026,38.5131989,-90.4400578,ai,uncorroborated
ELITE INTEGRATIVE MEDICAL,,,,,,,,
ELIZABETH SUTTON COLLECTION,97 Lyndon Lane,Nashville,TN,37205,36.1622767,-86.7742984,ai,uncorroborated
ELK HOMES,3500 Parkway Lane,Palm Beach Gardens,FL,33410,26.8233946,-80.1386547,ai,uncorroborated
ELKAL INC,,,,,,,,
ELKINS KALT WEINTRAUB REUBEN GARTSIDE,"2800 Zanker Road, Suite 200",San Jose,CA,95134,37.393666,-121.928147,ai,corroborated
ELLA FINANCIAL ADVISING,,,,,,,,
ELLE RYAN DESIGN,14011 Ventura Blvd #302,Sherman Oaks,CA,91423,34.1492046,-118.437858,ai,grounded
ELLI TRAVEL,,,,,,,,
ELLIOTT AUTO SUPPLY CO. INC,25 Enterprise Street,Cold Spring,NY,10516,41.4152903,-73.9580739,ai,uncorroborated
ELLIOTT INVESTMENT MANAGEMENT,40 West 57th Street,New York,NY,10019,40.7636059,-73.9758803,ai,corroborated
ELLIPSIS,,,,,,,,
ELLIS ENTERPRISES,,,,,,,,
ELLIS LAKE CAPITAL,245 Fifth Avenue,New York,NY,10016,40.9146279,-73.8081501,ai,corroborated
ELLISHBUILDERS,,,,,,,,
ELM GROVE STRATEGIES LLC,,,,,,,,
ELM PLACE PARTNERS,"1001 Third Avenue, Suite 300",Seattle,WA,98104,47.6038321,-122.330062,ai,uncorroborated
ELM STREET PARTNERS,"820 Gessner Rd, Suite 1200",Houston,TX,77024,29.7775855,-95.5441694,ai,grounded
ELMAN FREIBERG PLLC,"233 Broadway, Suite 2704",New York,NY,10279,40.7124499,-74.0079539,ai,corroborated
ELMAN RETINA GROUP,"9114 Philadelphia Road, Suite 310",Rosedale,MD,21237,39.3480318,-76.4728259,ai,grounded
ELMO ENTERPRISES LLC,,,,,,,,
ELNET-US,"5215 Old Orchard Road, Suite 880",Skokie,IL,60077,42.0603058,-87.757215,ai,grounded
ELUX CAPITAL,"1101 Brickell Ave, South Tower, 8th Floor",Miami,FL,33131,25.7741566,-80.1935973,ai,grounded
ELUX REAL ESTATE SERVICES,"101 California Street, Suite 300",San Francisco,CA,94111,37.7929054,-122.3981127,ai,uncorroborated
ELVENTS,,,,,,,,
ELWAY INDUSTRIES INC,"101 South 200 West, Suite 350",Salt Lake City,UT,84101,40.767047,-111.896705,ai,uncorroborated
"ELYSE SOLLANDER, INVESTOR",,,,,,,,
EMA INVESTMENT MANAGEMENT,"2200 Fletcher Avenue, 3rd Floor",Fort Lee,NJ,07024,40.8467239,-73.9751506,manual,verified
EMANUEL DOMINIK DDS,,,,,,,,
EMBE,300 W 11th St,Sioux Falls,SD,57104,43.5449174,-96.7302708,ai,grounded
EMBRACE LIFE,,,,,,,,
EMERALD CAPITAL FUNDING LLC,,,,,,,,
EMERALD DEVELOPMENT MANAGERS LP,"909 3rd Ave, Floor 15",New York,NY,10022,40.7582826,-73.967866,manual,verified
EMERALD FUND INC,"10880 Wilshire Boulevard, Suite 1400",Los Angeles,CA,90024,34.058617,-118.4432767,ai,corroborated
EMERALD//ARS,3636 N Central Ave,Phoenix,AZ,85012,33.4900804,-112.073885,ai,grounded
EMERALD//COHEN & COMPANY LLC,"909 3rd Ave, Floor 15",New York,NY,10022,40.7582826,-73.967866,manual,verified
EMERGENT MEDICAL ASSOCIATES,"898 N. Pacific Coast Highway, Suite 600",El Segundo,CA,90245,33.92892,-118.396178,ai,grounded
EMERIK PROPERTIES,,,,,,,,
EMERSON COLLEGE,120 Boylston Street,Boston,MA,02116,42.3523418,-71.0657488,ai,corroborated
EMERSON GP FAMILY OFFICE,,,,,,,,
EMET REALTY INC,,,,,,,,
EMG MEDIA INC,,,,,,,,
EMINENCE CAPITAL,"399 Park Avenue, 25th Floor",New York,NY,10022,40.7589833,-73.9714789,ai,grounded
EMMETT INVESTMENT MANAGEMENT,"2 N. LaSalle Street, Suite 700",Chicago,IL,60602,41.8823579,-87.632809,ai,uncorroborated
EMORY,201 Dowman Drive,Atlanta,GA,30322,33.7969409,-84.3237147,ai,corroborated
EMPATH HEALTH,15 Manning Drive,Swedesboro,NJ,08085,39.7476136,-75.3104654,ai,uncorroborated
EMPIRE,,,,,,,,
EMPIRE BRANDS,"1000 S. Wadsworth Blvd., Suite 400",Lakewood,CO,80226,39.698457,-105.081402,ai,uncorroborated
EMPIRE BRUSHES,2400 N Memorial Dr,Greenville,NC,27834,35.6531134,-77.362707,ai,grounded
EMPIRE DAWN LLC,,Phoenix,AZ,85016,,,,
EMPIRE DERMATOLOGY,,,,,,,,
EMPIRE HOTEL GROUP,44 West 63rd Street,New York,NY,10023,40.7713368,-73.9826001,ai,corroborated
EMPIRE OFFICE INC,105 Madison Ave,New York,NY,10016,40.7449703,-73.9848254,ai,corroborated
EMPIRE PROMOS,,,,,,,,
EMPIRE SOUTHWEST,,,,,,,,
EMPIRE STATE DEVELOPMENT,633 Third Avenue,New York,NY,10017,40.8088444,-73.9303577,ai,corroborated
EMPIRE VALUATION CONSULTANTS,,,,,,,,
EMPYREAN CAPITAL PARTNERS,600 Montgomery Street,San Francisco,CA,94111,37.7951883,-122.4027902,ai,corroborated
EMR,8000 West Florissant Avenue,Saint Louis,MO,63136,38.7118362,-90.2539392,ai,uncorroborated
EMU HEALTH,83-40 Woodhaven Blvd,Glendale,NY,11385,40.7014917,-73.8868028,ai,corroborated
ENCHANTING INVITATIONS,,,,,,,,
ENCO BUILDERS,,,,,,,,
ENCO DESIGN,,,,,,,,
ENCOMPASS CAPITAL,"200 Park Avenue, 11th Floor",New York,NY,10166,40.7536135,-73.97658,ai,grounded
ENCOMPASS HEALTHCARE,1 Freedom Way,Birmingham,AL,35209,33.5206824,-86.8024326,ai,grounded
ENCORE,,,,,,,,
ENDEAVOR,"9601 Wilshire Boulevard, Suite 700",Beverly Hills,CA,90210,34.067138,-118.40357,ai,grounded
ENDEAVOR GROUP HOLDINGS INC,"9601 Wilshire Blvd, 9th Floor",Beverly Hills,CA,90210,34.067138,-118.40357,ai,corroborated
ENDEAVOR HEALTH,1301 Central St,Evanston,IL,60201,42.0647815,-87.6899555,ai,grounded
ENDELMAN & SKOCZYLAS P.C. C.P.A. 'S,,,,,,,,
ENDICOTT COLLEGE,376 Hale Street,Beverly,MA,01915,42.55504,-70.85058,ai,corroborated
ENDO,,,,,,,,
ENDODONTICS PA,,,,,,,,
ENERGY DYNAMICS,,,,,,,,
ENERGY NOW,,,,,,,,
ENERRA PARTNERS,"555 Montgomery Street, Suite 600",San Francisco,CA,94111,37.7944542,-122.4034627,ai,uncorroborated
ENESA PROPERTIES,,,,,,,,
ENFIELD CAPITAL PARTNERS,3701 W Lunt Ave,Lincolnwood,IL,60712,42.008104,-87.720957,ai,grounded
ENFINITY GLOBAL,"501 Brickell Key Drive, Suite 302",Miami,FL,33131,25.7664325,-80.185764,ai,grounded
ENGINE,"1100 15th St NW, Suite 900",Washington,DC,20005,38.9039919,-77.0349553,ai,grounded
ENHANCED CAPITAL,"1417 N. Northlake Way, Suite 100",Seattle,WA,98103,47.6475959,-122.3403905,ai,uncorroborated
ENSIS PARTNERS,"375 Park Avenue, 15th Floor",New York,NY,10152,40.7584073,-73.9719841,ai,uncorroborated
ENT & ALLERGY,,,,,,,,
ENT AND ALLERGY OF DELAWARE,,,,,,,,
ENT ASSOCIATES OF ALABAMA,"1300 Montgomery Hwy, Suite 200",Vestavia Hills,AL,35216,33.4285646,-86.7918601,ai,corroborated
ENT GROUP OF LOS ANGELES,"9400 Rosecrans Ave, Suite 500",Bellflower,CA,90706,33.904032,-118.133906,ai,corroborated
ENT SPECIALISTS,,,,,,,,
ENTERA,"1000 S. McCaslin Blvd, Suite 200",Louisville,CO,80027,39.961238,-105.164553,ai,uncorroborated
ENTERTAINMENT PARTNERS,18920 Nordhoff Place,Northridge,CA,91324,34.2354027,-118.5565934,ai,corroborated
ENTERTAINMENT SOFTWARE ASSOCIATION,575 7th Street NW,Washington,DC,20004,38.8968331,-77.0209683,ai,corroborated
ENTRADA PARTNERS,,LOS ANGELES,CA,90001,,,,
ENTREPRENEUR GROWTH CAPITAL,"28 Liberty St, 37th Floor",New York,NY,10005,40.7078495,-74.0089818,ai,corroborated
ENVIRMANTAL LAB,,,,,,,,
ENVIRONMENTAL ADVISORS INC,"2000 Renaissance Boulevard, Suite 400",King of Prussia,PA,19406,40.0827374,-75.3430233,ai,uncorroborated
ENVISION,"20 Burton Hills Blvd, Suite 300",Nashville,TN,37215,36.0945752,-86.8207015,ai,grounded
ENVISION HEALTHCARE,"20 Burton Hills Blvd, Suite 300",Nashville,TN,37215,36.0945752,-86.8207015,ai,grounded
ENVOY MERCHANT ADVOCATE LLC,"224 W 35th St, Suite 700",New York,NY,10001,40.7519245,-73.9912868,ai,uncorroborated
ENZO EQUITIES INC,,,,,,,,
EP WEALTH ADVISORS,"111 Sutter St, Suite 500",San Francisco,CA,94104,37.7901267,-122.4026973,ai,grounded
EPCF,"333 North Oregon St., 2nd Floor",El Paso,TX,79901,31.7591618,-106.4887557,ai,grounded
EPHRAIM AND ASSOCIATES PC,,,,,,,,
EPIC BROKERS,"1345 Avenue of the Americas, 36th Floor",New York,NY,10105,40.7629997,-73.9790535,ai,grounded
EPIC CLEANTEC,449 10th St,San Francisco,CA,94103,37.7711293,-122.4103276,ai,grounded
EPIC GAMES INC,620 Crossroads Boulevard,Cary,NC,27518,35.7560283,-78.7337788,ai,uncorroborated
EPIC MECHANICAL,76 Mall Drive,Commack,NY,11725,40.8428759,-73.2928943,ai,grounded
EPIC STAFFING,"200 Park Ave, Suite 1700",Florham Park,NJ,07932,40.789176,-74.4315412,ai,uncorroborated
EPIPHANY DERMATOLOGY,"6601 Vaught Ranch Rd, Ste 200",Austin,TX,78730,30.3731102,-97.8064502,ai,grounded
EPIQ,757 3rd Avenue,New York,NY,10017,40.7541345,-73.9717499,ai,uncorroborated
EPPCO ENTERPRISES INC,,,,,,,,
EPSTEIN BECKER AND GREEN,875 Third Avenue,New York,NY,10022,40.8088444,-73.9303577,ai,grounded
EPSWCVS,,,,,,,,
EQ OFFICE,"233 S Wacker Dr, Suite 4700",Chicago,IL,60606,41.878738,-87.6359612,ai,grounded
EQUAL JUSTICE WORKS,"6624 Columbia Pike, Suite 300",Falls Church,VA,22041,38.882334,-77.1710914,ai,uncorroborated
EQUINITI,"225 W Washington St, 10th Floor",Chicago,IL,60606,41.8831261,-87.6343074,ai,uncorroborated
EQUIPMENTSHARE,620 Tinker Drive,Oklahoma City,OK,73124,35.4411161,-97.396683,ai,uncorroborated
EQUITABLE,1290 Avenue of the Americas,New York,NY,10104,40.7604688,-73.9788735,ai,corroborated
EQUITABLE ADVISORS,1290 Sixth Avenue,New York,NY,10104,40.9130343,-73.8078491,ai,corroborated
EQUITEC GROUP,"750 Battery St, Suite 700",San Francisco,CA,94111,37.7983667,-122.4006655,ai,uncorroborated
EQUITY COMMONWEALTH,"1415 W. Diehl Road, Suite 100",Naperville,IL,60563,41.8030852,-88.1918474,ai,corroborated
EQUITY GROUP INVESTMENTS,"875 N Michigan Ave, Suite 3600",Chicago,IL,60611,41.8988813,-87.6230962,ai,corroborated
EQUITY MARKETING,,,,,,,,
ERADANI INC,"50 Tice Boulevard, Suite 340",Woodcliff Lake,NJ,07677,41.0430086,-74.0759221,ai,uncorroborated
EREALTY ADVISORS INC,,,,,,,,
ERETZ CAPITAL LLC,"475 Park Ave S, 3rd Floor",New York,NY,10016,40.7453824,-73.9819834,ai,uncorroborated
ERETZ EQUITY PARTNERS,"475 Park Ave S, 3rd Floor",New York,NY,10016,40.7453824,-73.9819834,ai,uncorroborated
EREZ ASSET MANAGEMENT,,,,,,,,
EREZ SEIFERAS LLC,,,,,,,,
ERGO IMPACT,"40 Worth Street, Suite 300",New York,NY,10013,40.717095,-74.0067095,ai,uncorroborated
ERI,2700 Horizon Drive,King of Prussia,PA,19406,40.0851221,-75.3888122,ai,uncorroborated
ERIC FORMAN ENTERPRISES,,,,,,,,
ERIC SACKLER & ASSOCIATES,,,,,,,,
ERICKSON RETIREMENT COMMUNITIE,1200 5th Street NE,Cedar Rapids,IA,52402,41.983478,-91.6683026,ai,uncorroborated
ERICKSON SENIOR LIVING,"10401 Muirlands Boulevard, Suite 200",Irvine,CA,92618,33.6479948,-117.7251377,ai,uncorroborated
ERL FOOD SERVICES INC,,,,,,,,
ERLANGER,15 East Central Parkway,Cincinnati,OH,45246,39.1072363,-84.5134251,ai,uncorroborated
ERNEST,,,,,,,,
ERNO LASZLO,"100 Park Avenue, 18th Floor",New York,NY,10017,40.7513385,-73.9790005,ai,uncorroborated
ERNST & YOUNG,"1 Manhattan West, 452 Fifth Avenue",New York,NY,10018,40.7127281,-74.0060152,ai,corroborated
ERNST & YOUNG U.S,"1 Manhattan West, 395 9th Ave",New York,NY,10001,40.7127281,-74.0060152,ai,uncorroborated
ESAGOFF LAW GROUP PC,"225 Broadway, Suite 715",New York,NY,10007,40.7119925,-74.0086526,ai,corroborated
ESAO,,,,,,,,
ESJ CAPITAL PARTNERS,"19950 West Country Club Drive, Suite 800",Aventura,FL,33180,25.9605416,-80.1401777,ai,grounded
ESM & ASSOCIATES INC,,,,,,,,
ESO FUND,,,,,,,,
ESP,,,,,,,,
ESS,,,,,,,,
ESSEX TITLE LLC,"29777 Telegraph Rd, Suite 1170",Southfield,MI,48034,42.5015126,-83.2849881,ai,grounded
ESSILOR OF AMERICA,1475 Bluegrass Lakes Parkway,Alpharetta,GA,30004,35.0600842,-80.910337,ai,uncorroborated
ESTATE GUARDIAN HUB,,,,,,,,
ESTEE LAUDER COMPANIES,767 Fifth Avenue,New York,NY,10153,40.8021613,-73.9453686,ai,corroborated
ETHICAL,,,,,,,,
ETHICAL CULTURE,445 West 26th Street,New York,NY,10001,40.749303,-74.0018754,ai,corroborated
ETKIN JOHNSON REAL ESTATE PARTNERS,"1512 Larimer Street, Suite 100 (Bridge Level)",Denver,CO,80202,39.7483948,-104.9977171,ai,grounded
ETTA SERVICES,,,,,,,,
ETZ HAYIM AT HOLLIS HILLS BAYSIDE,188-10 Hillside Avenue,Hollis Hills,NY,11365,40.7362802,-73.766573,ai,corroborated
ETZION FOUNDATION,"226 West 97th Street, 3rd Floor",New York,NY,10025,40.7950487,-73.9708457,ai,corroborated
EUROSTAR,"10710 Nall Avenue, Suite 200",Overland Park,KS,66211,38.9331258,-94.6510723,ai,uncorroborated
EV HEDGE,,,,,,,,
EVALUATIONS LLC,,,,,,,,
EVENSKY & KATZ / FOLDES WEALTH MANAGEMENT,3300 PGA Blvd Suite 101,Palm Beach Gardens,FL,33410,26.8449542,-80.0871726,ai,corroborated
EVENTS BY KARIE,,,,,,,,
EVER.AG,,,,,,,,
EVERCORE,"55 East 52nd Street, 35th Floor",New York,NY,10055,40.7590841,-73.9736001,ai,grounded
EVEREDE TOOL COMPANY,850 West Hawthorne Lane,West Chicago,IL,60185,41.8998329,-88.2189039,ai,grounded
EVERGREEN,"1999 K Street NW, Suite 1100",Washington,DC,20006,38.9027987,-77.0446063,ai,uncorroborated
EVERSHEDS-SUTHELRAND,"999 Peachtree Street NE, Suite 2300",Atlanta,GA,30309,33.7809002,-84.3829982,ai,grounded
EVEWEAR,,,,,,,,
EVG CAPITAL,4406 South Bay Drive,Orchard Lake,MI,48323,42.5739714,-83.3811607,ai,grounded
EVMAX,1500 E Lake Cook Rd Ste 204,Buffalo Grove,IL,60089,42.1542113,-87.9589265,ai,uncorroborated
EVOLVE,,,,,,,,
EVOLVE REALTY & DEVELOPMENT,9401 Wilshire Blvd Unit #520,Beverly Hills,CA,90212,34.0674317,-118.3981156,ai,corroborated
EVTS,,,,,,,,
EXADEL,"220 Montgomery St, Suite 300",San Francisco,CA,94104,37.7914791,-122.4023758,ai,corroborated
EXAMSOFT WORLDWIDE INC,"101 E. Camino Real, Suite 150",San Clemente,CA,92672,33.4129416,-117.6005524,ai,uncorroborated
EXCEL HANDBAGS,,,,,,,,
EXCELA HEALTH,50 Technology Drive,Canonsburg,PA,15317,40.2588173,-80.1867206,ai,corroborated
EXCELLUS,225 White Spruce Blvd,Rochester,NY,14623,43.157285,-77.615214,ai,corroborated
EXCELSIOR INVESTORS,32 Old Slip,New York,NY,10005,40.7037955,-74.0081614,ai,corroborated
EXCLUSIVE FLOORING COLLECTION,,,,,,,,
EXDO MANAGEMENT,"2821 Blake Street, Suite 200",Denver,CO,80205,39.7620691,-104.9844303,ai,corroborated
EXEC SOUNDING BOARD,,,,,,,,
EXECUTIVE DIRECTOR,,,,,,,,
EXECUTIVE REALTY TRANSFER INC,,,,,,,,
EXEC|COMM,,,,,,,,
EXELA TECHNOLOGIES,"201 E. John Carpenter Freeway, Suite 900",Irving,TX,75062,32.8651212,-96.941317,ai,uncorroborated
EXELON,10 S. Dearborn St,Chicago,IL,60603,41.8816239,-87.6301402,ai,uncorroborated
EXETER PROPERTIES SERVICES,"251 Little Falls Dr, Suite 300",Wilmington,DE,19808,39.7459468,-75.546589,ai,uncorroborated
EXILARCH,,,,,,,,
EXIT 123C,,,,,,,,
EXP REALTY,"6 Market Street, Suite 400",Cleveland,OH,44113,41.4996574,-81.6936772,ai,uncorroborated
EXPANSE MEDICAL INC,1430 Broadway,New York,NY,10018,40.7541258,-73.9866979,ai,uncorroborated
EXPANSION GROUP,,,,,,,,
EXPEDITION AI,,,,,,,,
EXPLORIUM CAPITAL LLC,,,,,,,,
EXQUISITE SURFACES,,,,,,,,
EXTELL,731 Lexington Avenue,New York,NY,10022,40.7618743,-73.9682563,ai,corroborated
EXTELL DEVELOPMENT COMPANY,311 West 43rd Street,New York,NY,10036,40.7584222,-73.990005,ai,corroborated
EXTENDED CARE CONSULTING LLC,,,,,,,,
EXTRAORDINARY DOORS INC,,,,,,,,
EXUDE INC,180 N LaSalle St Ste 3700,Chicago,IL,60601,41.8853631,-87.6330151,ai,uncorroborated
EXXON MOBIL,5959 Las Colinas Boulevard,Irving,TX,75039,32.8834527,-96.9402018,ai,corroborated
EXXONMOBIL CORPN,"5959 San Felipe Street, Suite 500",Houston,TX,77057,29.7500057,-95.4868222,ai,uncorroborated
EYE CUBED U LLC,,,,,,,,
EYE DOCTORS OPTICAL OUTLETS,,,,,,,,
EYE PHYSICIANS AND SURGEONS,1207 N Scott St,Wilmington,DE,19806,39.7554477,-75.5659092,ai,grounded
EYE PHYSICIANS OF ORANGE COUNTY PC,"1 Hatfield Lane, Suite 3",Goshen,NY,10924,41.3924494,-74.3370923,manual,verified
EYE SURGERY ASSOCIATES,"300 South Park Road, Suite 300",Hollywood,FL,33021,26.0094806,-80.17572,manual,verified
EYECARE PARTNERS,"100 Brookwood Place NE, Suite 1800",Birmingham,AL,35209,33.5206824,-86.8024326,ai,uncorroborated
EYEKING,,,,,,,,
EYESOUTH,"5775 Glenridge Drive, Building B, Suite 500",Atlanta,GA,30328,33.7544657,-84.3898151,ai,grounded
EZ PREMIER REALTY LLC,,,,,,,,
EZ-STEPS USA INC,,,,,,,,
EZRA ACADEMY YESHIVA HIGH SCHOOL,5816 Corporate Drive,Tampa,FL,33634,27.9449854,-82.4583107,ai,uncorroborated
EZWRITER DOCUMENTATION SERVICES,,,,,,,,
F & CO,,,,,,,,
F&F CAPITAL GROUP,,,,,,,,
F-FACTOR,"115 E 57th Street, Suite 1007",New York,NY,10022,40.761576,-73.9698613,ai,grounded
F. K. STERNS ENTERPRISES,,,,,,,,
F.F.R. PLANNING GROUP,,,,,,,,
F.S. MAAS & COMPANY INC,,,,,,,,
F2 STRATEGY,"605 3rd Avenue, 32nd Floor",New York,NY,10158,40.7490865,-73.975106,ai,uncorroborated
F3 EQUITY LLC,,,,,,,,
FABER & GITLITZ,"200 S. Biscayne Blvd., Suite 2790",Miami,FL,33131,25.7721711,-80.1877342,ai,uncorroborated
FABFITFUN INC,360 N La Cienega Blvd,Los Angeles,CA,90048,34.0775006,-118.3764918,ai,grounded
FABRIC RESOURCES,1600 W 2200 S,Salt Lake City,UT,84119,40.7230016,-111.8754012,ai,uncorroborated
FABRICANT,"200 Park Avenue, 19th Floor",New York,NY,10166,40.7536135,-73.97658,ai,corroborated
FACEBOOK,1 Hacker Way,Menlo Park,CA,94025,37.4844279,-122.1485581,ai,uncorroborated
FACTOR FINDERS LLC,,,,,,,,
FACTORLAW,"1 World Trade Center, 85th Floor",New York,NY,10007,40.7127281,-74.0060152,ai,uncorroborated
FACTORY MOTOR PARTS,"1380 Corporate Center Curve, Suite 200",Eagan,MN,55121,44.8564327,-93.1632341,ai,grounded
FADER & ASSOCIATES,,,,,,,,
FAHN & CO,,,,,,,,
FAIRFIELD PROPERTIES,"538 Broadhollow Road, Third Floor East",Melville,NY,11747,40.7934322,-73.4151214,ai,grounded
FAIRLEAD,650 Chautauqua Avenue,Portsmouth,VA,23707,36.8431096,-76.3329959,ai,grounded
FAME HARDWOOD,,,,,,,,
FAMILY & CHILDREN'S EYE CENTER OF NM,4601 Dripping Springs Road NE,Albuquerque,NM,87108,35.0841034,-106.650985,ai,corroborated
FAMILY CENTER ASSOCIATES,,,,,,,,
FAMILY CORNER LLC,,,,,,,,
FAMILY EYE CARE,,,,,,,,
FAMILY MANAGEMENT CORP,,,,,,,,
FAMILY MANAGEMENT OF FLORIDA,,,,,,,,
FAMILY OFFICE,,,,,,,,
FAMILY PARTNERS LTD,,,,,,,,
FAMILY TREE DNA GENE BY GENE,"1445 North Loop 1604 W, Suite 101",San Antonio,TX,78248,29.6028128,-98.5371505,ai,corroborated
FAMILY WEALTH SERVICES LLC,,,,,,,,
FANNIE MAE,1100 15th Street NW,Washington,DC,20005,38.9045346,-77.0355803,ai,grounded
FANNING ENTERPRISE INC,,,,,,,,
FANNY GRUNBERG & ASSOCIATES LLC,,,,,,,,
FANTASEA YACHTS & YACHT CLUB,645 Bayview Dr,Dania Beach,FL,33004,26.0524224,-80.143929,ai,uncorroborated
FANTASEYES,,,,,,,,
FANTASTIK REALTY,,,,,,,,
FANTIS FOODS,2200 N Main St,High Point,NC,27260,35.984063,-80.0234855,ai,uncorroborated
FARAH LAW,1629 K St NW,Washington,DC,20006,38.903045,-77.0377539,ai,uncorroborated
FARKAS MANAGEMENT LLC,,,,,,,,
FARMER,,,,,,,,
FARRELL FAMILY FARM,,,,,,,,
FARRELL FRITZ,"1320 RXR Plaza, Uniondale",Uniondale,NY,11556,40.7189633,-73.5831416,ai,uncorroborated
FASB,401 Merritt 7,Norwalk,CT,06851,41.1175966,-73.4078968,ai,grounded
FASHION INSTITUTE OF TECHNOLOGY,Seventh Avenue at 27th Street,New York,NY,10001,40.7127281,-74.0060152,ai,grounded
FASHION OPTIONS,,,,,,,,
FATTOC,8560 W Sunset Blvd Fl 6,West Hollywood,CA,90069,34.0930276,-118.3780506,ai,uncorroborated
FAU,777 Glades Rd,Boca Raton,FL,33431,26.3699057,-80.1064316,ai,corroborated
FAUVER ATTORNEYS & COUNSELORS AT LAW,214 W 7th St,Little Falls,MN,56345,45.9708818,-94.3787415,ai,uncorroborated
FAZIO CLEANERS,,,,,,,,
FBC BROOKHAVEN,,,,,,,,
FBE LIMITED LLC,,,,,,,,
FBE MANAGEMENT INC,,,,,,,,
FC SETTLEMENT,,,,,,,,
FCA,800 Chrysler Drive,Auburn Hills,MI,48326,42.651597,-83.22465,ai,corroborated
FCB,"One Manhattan West, 395 9th Ave",New York,NY,10001,40.7127281,-74.0060152,ai,corroborated
FCE,,,,,,,,
FDA,10903 New Hampshire Avenue,Silver Spring,MD,20993,39.0098505,-76.9793143,ai,grounded
FEAREY,,,,,,,,
FEDERAL AVIATION ADMINISTRATION,800 Independence Avenue SW,Washington,DC,20591,38.8868647,-77.0229493,ai,uncorroborated
FEDERAL EQUIPMENT CO,8200 Bessemer Ave,Cleveland,OH,44127,41.467,-81.631358,ai,grounded
FEDERAL GOVERNMENT,1600 Pennsylvania Avenue NW,Washington,DC,20500,38.8976387,-77.0365528,ai,grounded
FEDERAL HEALTH COUNSEL,,,,,,,,
FEDERAL HOME LOAN BANK OF SAN FRANCISCO,600 California Street,San Francisco,CA,94108,37.7929829,-122.4047906,manual,verified
FEDERAL INDUSTRIES INC,5000 EDEN PRAIRIE RD S,EDEN PRAIRIE,MN,55344,44.8546856,-93.470786,ai,uncorroborated
FEDERAL RESERVE BOARD OF GOVERNORS,20th Street and Constitution Avenue NW,Washington,DC,20551,38.8950368,-77.0365427,ai,uncorroborated
FEDERAL STREET STRATEGIES,22 Federal St,Boston,MA,02110,42.3546882,-71.056517,ai,uncorroborated
FEDERAL TRADE COMMISSION,600 Pennsylvania Avenue NW,Washington,DC,20580,38.8926643,-77.0209136,ai,corroborated
FEDEX SERVICES,942 South Shady Grove Road (FedEx Services HQ is in Memphis area; corporate HQ for FedEx Corp is 942 S Shady Grove Rd),Memphis,TN,38120,35.1460249,-90.0517638,ai,uncorroborated
FEDWAY ASSOCIATES,505 Martinsville Road,Basking Ridge,NJ,07920,40.7064088,-74.5492725,manual,verified
FEFFER GEOLOGICAL,,,,,,,,
FEI,5350 NE Dawson Creek Drive,Hillsboro,OR,97124,45.5427584,-122.9295565,ai,grounded
FEINBERG MINDEL BRANDT & KLEIN LLP,475 LEXINGTON AVE STE 402,NEW YORK,NY,10017,40.7538201,-73.9741432,ai,uncorroborated
FEINER FINANCIAL,,,,,,,,
FEINER GRANT STRATEGIES,600 Pennsylvania Ave SE,Washington,DC,20003,38.8856649,-76.9976468,ai,uncorroborated
FEINSAND BUSINESS ADVISORY,,,,,,,,
FELD ENTERTAINMENT INC,P.O. Box 1000 (Feld Entertainment HQ / administrative offices),Palmetto,FL,34220,27.5214269,-82.5723193,ai,grounded
FELDERSTEIN FITZGERALD WILLOUGHBY ETAL,"400 Capitol Mall, Suite 1450",Sacramento,CA,95814,38.5783896,-121.5024905,ai,corroborated
FELDESMAN LEIFER LLP,"1129 20th Street NW, Suite 900",Washington,DC,20036,38.9046242,-77.0446612,ai,grounded
FELDMAN INVESTMENT MANAGEMENT,10940 Wilshire Blvd Suite 1360,Los Angeles,CA,90024,34.0580322,-118.4450834,ai,uncorroborated
"FELDMAN, SLEVIN, HURWITZ & CHOE, DDS",,,,,,,,
FELDSTONERIDGE PROPERTIES,1701 W Mockingbird Ln,Dallas,TX,75235,32.8222963,-96.8570823,ai,uncorroborated
FELKER TOCZEK SUDDLESON ABRAMSON LLP,,,,,,,,
FELLOWS LABRIOLA LLP,"233 Peachtree Street NE, Suite 2400, Harris Tower",Atlanta,GA,30303,33.7633772,-84.3867741,ai,grounded
FELSON CO,610 N Maple Drive,Beverly Hills,CA,90210,34.080833,-118.3986204,manual,verified
FELSON COMPANIES,"1290 B Street, Suite 212",Hayward,CA,94541,37.6764508,-122.0780433,ai,grounded
FELT GOOD CO,,,,,,,,
FENCEWORKS,,,,,,,,
FENIGSTEIN & KAUFMAN,,,,,,,,
FENWICK & WEST LLP,"555 California Street, Suite 2100",San Francisco,CA,94104,37.7921219,-122.4037191,ai,corroborated
FERBER ESSNER & COLLER LLP,600 UNIVERSITY AVE #29,PALO ALTO,CA,94301,37.4495026,-122.1576836,ai,uncorroborated
FERMAT CAPITAL,,,,,,,,
FERMENT,,,,,,,,
FERNANDO SALVATO MDPA,,,,,,,,
"FERRARA, TURITZ, HARRAKA & GOLDBERG",,,,,,,,
FERRING,500 College Road East,Princeton,NJ,08540,40.3496953,-74.6597376,ai,grounded
FERTILITY SPACE CONSULTANTS LLC,,,,,,,,
FERTILITY SPECIALIST OF TEXAS,103 W Brown St,Carrollton,TX,75006,32.9515472,-96.9034244,ai,corroborated
FETNER PROPERTIES,,,,,,,,
FETTERMANAGEMENT,,,,,,,,
FEUERSTEIN KULICK LLP,"810 7th Ave, 6th Floor",New York,NY,10019,40.7628326,-73.9822756,ai,corroborated
FEVO,12 Little West 12th St,New York,NY,10014,40.7397171,-74.0069338,ai,grounded
FFC,1350 Avenue of the Americas,New York,NY,10019,40.7627635,-73.9779699,ai,uncorroborated
FFO,,,,,,,,
"FG RESIDENTIAL, LLX",,,,,,,,
FGMC,,,,,,,,
FGS GLOBAL,950 Third Avenue,New York,NY,10022,40.8088444,-73.9303577,ai,uncorroborated
FH CANN,,,,,,,,
FHLBSF,One Front Street,San Francisco,CA,94111,37.7918825,-122.3988519,ai,corroborated
FHPS,,,,,,,,
"FIBA SERVICES, AND TAMPA JCCS AND FEDERATION",,,,,,,,
FIBERTRON,800 Westchester Ave,Rye Brook,NY,10573,41.0064196,-73.6903244,ai,uncorroborated
FIBRE TECH,,,,,,,,
FICS AMERICA,,,,,,,,
FIDELITY INVESTMENTS,245 Summer Street,Boston,MA,02210,42.351446,-71.053095,ai,corroborated
FIDELITY MORTGAGE LENDERS,70 Seaview Ave,Simsbury,CT,06070,41.8759152,-72.8012211,ai,uncorroborated
FIDF,,,,,,,,
FIDM,919 South Grand Avenue,Los Angeles,CA,90015,34.04422,-118.2599289,ai,corroborated
FIELD AND GOLDBERG LLC,100 W 33RD ST STE 1300,NEW YORK,NY,10001,40.7491552,-73.98929,ai,uncorroborated
FIELD MANAGEMENT SERVICES,,,,,,,,
FIELDS HAN CUNNIFF PLLC,,,,,,,,
FIESTA EVENTS INC,,,,,,,,
FIGHTCAMP,1633 18th St,Denver,CO,80202,39.7534,-104.9978642,ai,uncorroborated
FILMRISE,,,,,,,,
FILMS BY JOAN,,,,,,,,
FINANCIAL CONSULTANT,,,,,,,,
FINANCIAL PARTNERS CAPITAL MANAGEMENT,150 East 52nd Street,New York,NY,10022,40.7572301,-73.9707427,ai,grounded
FINCH BRANDS,"123 S. Broad Street, Suite 2150",Philadelphia,PA,19109,39.9498551,-75.1635303,ai,grounded
FINE LINENS,,,,,,,,
FINE MAKEUP ART,,,,,,,,
FINEGOLD LAW FIRM,"350 Franklin St, Suite 100",Boston,MA,02110,42.3579066,-71.0524513,ai,uncorroborated
FINESSE,,,,,,,,
FINISH RICH MEDIA,,,,,,,,
FINMARC,,,,,,,,
FINNEGAN,901 New York Ave NW,Washington,DC,20001,38.9021086,-77.0248064,ai,uncorroborated
FINOPTIMAL INC,,,,,,,,
FINRA,1735 K St NW,Washington,DC,20006,38.9028961,-77.0409302,ai,uncorroborated
FINTZ CPA PA,"3131 Executive Park Drive, Suite 200",Cincinnati,OH,45241,39.1012809,-84.5127405,ai,uncorroborated
FIR TREE PARTNERS,280 Park Ave 18th Floor,New York,NY,10017,40.7564853,-73.975049,ai,corroborated
FIREBIRD GROVE LLC,,,,,,,,
FIRECLAY TILE,3800 Buck Owens Boulevard,Bakersfield,CA,93308,35.3948196,-119.043082,ai,uncorroborated
FIRM REAL ESTATE,,,,,,,,
FIRST ALLIANCE MORTGAGE COMPANY,"8800 N Gainey Center Dr, Suite 200",Scottsdale,AZ,85258,33.5649434,-111.9170574,ai,uncorroborated
FIRST ALLIED SECURITIES,"1745 Shea Center Dr, Suite 200",Highlands Ranch,CO,80129,39.5533635,-105.0085596,ai,uncorroborated
FIRST AMERICAN STATE BANK,300 N. Main Street,Allen,TX,75002,26.206613,-98.233925,ai,uncorroborated
FIRST AMERICAN TITLE,4 First American Way,Santa Ana,CA,92707,33.7025854,-117.8618302,ai,corroborated
FIRST AMERICAN TITLE INSURANCE,3 First American Way,Santa Ana,CA,92707,33.7016376,-117.8609062,ai,corroborated
FIRST AVIATION SERVICES INC,,,,,,,,
FIRST CAPITOL GROUP,,,,,,,,
FIRST CLASS VENDING,,,,,,,,
FIRST EAGLE INVESTMENTS,"1345 Avenue of the Americas, 46th Floor",New York,NY,10105,40.7629997,-73.9790535,ai,uncorroborated
FIRST FINISH,,,,,,,,
FIRST HOLDING MANAGEMENT CO,,,,,,,,
FIRST HORIZON,165 Madison Ave,Memphis,TN,38103,35.1442715,-90.0507827,ai,corroborated
FIRST HOSPITAL,,,,,,,,
FIRST INTERSTATE PROPERTIES,"1 South Church Avenue, Suite 700",Tucson,AZ,85701,32.2213984,-110.971945,ai,uncorroborated
FIRST LONG ISLAND INVESTORS,,,,,,,,
FIRST MANHATTAN,"49 West 37th Street, 6th Floor",New York,NY,10018,40.751493,-73.9856467,ai,corroborated
FIRST MILE INC,,,,,,,,
FIRST NATIONAL,,,,,,,,
FIRST RATE FINANCIAL GROUP,,,,,,,,
FIRST REPUBLIC,111 Pine Street,San Francisco,CA,94111,37.7922256,-122.3990864,ai,grounded
FIRST REPUBLIC BANK,111 Pine St,San Francisco,CA,94111,37.7922256,-122.3990864,ai,corroborated
FIRST REPUBLIC PRIVATE WEALTH MANAGEMENT,111 Pine St,San Francisco,CA,94111,37.7922256,-122.3990864,ai,grounded
FIRST STATE,,,,,,,,
FIRST STUDENT,1010 Washington Blvd,Ogden,UT,84404,41.2466186,-111.9697841,ai,uncorroborated
FIRST TECHNOLOGY INC,2000 GALLERIA PKWY SE,ATLANTA,GA,30339,33.7544657,-84.3898151,ai,uncorroborated
FIRST WASHINGTON REALTY INC,,,,,,,,
FIRSTNAME,,,,,,,,
FIRSTSERVICE RESIDENTIAL,"1855 Griffin Road, Suite A-330",Dania Beach,FL,33004,26.0595347,-80.161608,ai,grounded
FIS,601 Riverside Avenue,Jacksonville,FL,32204,30.3192214,-81.674122,ai,uncorroborated
FISCH PROPERTIES,,,,,,,,
FISCHEL| KAHN,,,,,,,,
FISCHER FRIEDMAN &BENNETT,,,,,,,,
FISCHER ROOFING,276 S Hope Chapel Rd,Jackson,NJ,08527,40.0672259,-74.272404,ai,grounded
FISCHLER & FRIEDMAN PA,515 N FLAGLER DR STE P300,WEST PALM BEACH,FL,33401,26.7171669,-80.0507138,ai,corroborated
FISERV,255 Fiserv Drive,Brookfield,WI,53045,43.0341769,-88.1410682,ai,uncorroborated
FISHBEIN LAW FIRM,"1 North LaSalle St, Suite 300",Chicago,IL,60602,41.8823192,-87.6320286,ai,uncorroborated
FISHER FAMILY AND COSMETIC DENTISTRY,,,,,,,,
FISHER INVESTMENTS,"200 SW Market Street, Suite 200",Newport Beach,CA,92663,33.6170092,-117.9294401,ai,uncorroborated
FISHMAN AND COMPANY,"420 Lexington Ave, Suite 300",New York,NY,10170,40.7524677,-73.9757799,ai,uncorroborated
FISHMAN FINANCIAL,"10 S LaSalle St, Suite 3500",Chicago,IL,60603,41.881587,-87.6327454,ai,uncorroborated
"FISHMAN, BLOCK, DIAMOND, BY CERITY PARK PC","16830 Ventura Blvd, Suite 400",Encino,CA,91436,34.158975,-118.500241,manual,verified
FIT FOR LIFE,"10 West 33rd St, Suite 802",New York,NY,10001,40.7480451,-73.9859788,manual,verified
FITCH RATINGS,33 Whitehall Street,New York,NY,10004,40.703334,-74.0129436,ai,uncorroborated
FIVE FORTY INVESTMENTS,,,,,,,,
FIVE RINGS CAPITAL,"1550 Bryant St, Suite 200",San Francisco,CA,94103,37.7675516,-122.4111749,ai,uncorroborated
FIVERR INC,8750 W SUNSET BLVD STE 200,WEST HOLLYWOOD,CA,90069,34.0914014,-118.3817438,ai,corroborated
FIVEW CAPITAL,,,,,,,,
FIZER BECK,,,,,,,,
FJECC,,,,,,,,
FLAGER & ASSOCIATES PC,101 E GLEN OAKS BLVD STE 300,GLENDALE,CA,91207,34.1469416,-118.2478471,ai,uncorroborated
FLAGER LAW PC,101 E GLEN OAKS BLVD STE 300,GLENDALE,CA,91207,34.1469416,-118.2478471,ai,uncorroborated
FLAGLER BANK,500 South Ridgewood Avenue,Daytona Beach,FL,32114,29.2028956,-81.0190613,ai,corroborated
FLAGSTONE FOODS,"323 N Washington Avenue, Suite 400",Minneapolis,MN,55401,44.98487,-93.273179,ai,grounded
FLAMBOYANES,,,,,,,,
FLASTER GREENBERG,"1810 Chapel Avenue West, Suite 300",Cherry Hill,NJ,08002,39.9344351,-75.0301837,ai,corroborated
FLATIRON VENTURE,55 Fifth Avenue,New York,NY,10003,40.9116172,-73.8096508,ai,corroborated
FLAX & ASSOCIATES,"3835 NW Boca Raton Blvd, Suite 200",Boca Raton,FL,33431,26.3789924,-80.0856914,ai,grounded
FLEMMING ZULALL & WILLIAMSON,,,,,,,,
FLEXPOINT FORD,"55 East 52nd Street, 26th Floor",New York,NY,10055,40.7590841,-73.9736001,ai,corroborated
FLORIDA ATLANTIC UNIVERSITY,777 Glades Road,Boca Raton,FL,33431,26.3699059,-80.1063513,ai,corroborated
FLORIDA CANCER SPECIALISTS,"3801 PGA Boulevard, Suite 600",Palm Beach Gardens,FL,33410,26.8454311,-80.0930899,ai,corroborated
FLORIDA COALITION FOR CHILDREN,"4000 Hollywood Boulevard, Suite 265-S",Hollywood,FL,33021,26.0105598,-80.1836114,ai,corroborated
FLORIDA ENT ASSOCIATES,"2001 S Florida Ave, Suite 201",Lakeland,FL,33803,28.019288,-81.961742,ai,corroborated
FLORIDA EYE,,,,,,,,
FLORIDA ORTHOPAEDIC ASSOCIATES,740 West Plymouth Ave,DeLand,FL,32720,29.0423028,-81.317753,ai,grounded
FLORIDA PERINATAL ASSOCIATES,"7300 N Kendall Dr, Suite 970",Miami,FL,33156,25.6873626,-80.3137953,ai,corroborated
FLORIDA-ISRAEL BUSINESS ACCELERATOR (FIBA),522 North Howard Avenue,Tampa,FL,33606,27.9490245,-82.4840318,manual,verified
FLOWERRE,,,,,,,,
FLOWERS PROPERTIES LLC,2255 E BROADWAY BLVD STE 120,TUCSON,AZ,85719,32.2215508,-110.9386189,ai,uncorroborated
FLP WEALTH ADVISORS OF RAYMO,,,,,,,,
FLUIDFORM BIO,100 Federal St,Boston,MA,02110,42.3550532,-71.055957,ai,corroborated
FLUXON,,,,,,,,
FLYERS WINGS AND GRILL,,,,,,,,
FLYWHEEL DYNAMIX INC,,,,,,,,
FLYWHEEL EVENTS LLC,,,,,,,,
FM COHEN PC,,,,,,,,
FMR,245 Summer Street,Boston,MA,02210,42.351446,-71.053095,ai,corroborated
FNF,601 Riverside Ave,Jacksonville,FL,32204,30.3192214,-81.674122,ai,grounded
FOCUS MEDIA INC,2000 University Ave W,Saint Paul,MN,55114,44.9583797,-93.1838963,ai,uncorroborated
FOCUS PARTNERS,"1000 16th Street NW, Suite 500",Washington,DC,20036,38.902649,-77.036647,ai,uncorroborated
FOCUS PARTNERS WEALTH,,,,,,,,
FOCUS PEDIATRICS,,,,,,,,
FOG CAPITAL,,,,,,,,
FOGELMAN,,,,,,,,
FOLEY & LARDNER LLP,777 East Wisconsin Avenue,Milwaukee,WI,53202,43.0381861,-87.902074,manual,verified
FOLLENDER LAW OFFICES,,RIDGEWOOD,NJ,07450,,,,
FOLLOW THE MOLECULE CNS LLC,,,,,,,,
FONA,8410 W Bryn Mawr Ave Suite 400,Chicago,IL,60631,41.982003,-87.8377497,ai,uncorroborated
FONTHEIM INTERNATIONAL LLC,,,,,,,,
FOOD PARADE INC,,,,,,,,
FOODGRAPH,,,,,,,,
FOODIVERSITY,149 Commonwealth Dr,Menlo Park,CA,94025,37.4811287,-122.1735243,ai,uncorroborated
FOOT HEALTHCARE,,,,,,,,
FOOT LOCKER,330 West 34th Street,New York,NY,10001,40.7526738,-73.9950505,ai,grounded
FOOTHILLS LAND AND DEVELOPMENT,,,,,,,,
FORBES,499 Washington Boulevard,Jersey City,NJ,07310,40.726207,-74.0358573,ai,grounded
FORCE PARTNERS,1 Beacon St Suite 1300,Boston,MA,02108,42.3579152,-71.0620806,ai,uncorroborated
FORD,"World Headquarters, 1 American Rd",Dearborn,MI,48126,42.3222599,-83.1763145,ai,grounded
FORD MOTOR COMPANY,1 American Rd,Dearborn,MI,48126,42.3144573,-83.2100807,ai,grounded
FORDDIRECT,1 American Rd,Dearborn,MI,48126,42.3144573,-83.2100807,ai,corroborated
FORDHARRISON,271 17th St NW Suite 1900,Atlanta,GA,30363,33.7914744,-84.3956881,ai,uncorroborated
FOREMAN FRIEDMAN,"630 Fifth Avenue, 26th Floor",New York,NY,10111,40.9201941,-73.8045387,ai,uncorroborated
FOREST CITY ENTERPRISES,"127 Public Square, Suite 2000",Cleveland,OH,44114,41.5010209,-81.6938273,ai,uncorroborated
FOREST HILLS JEWISH CENTER,,,,,,,,
FOREST PARK FX LLC,,,,,,,,
FORM & FUNCTION,,,,,,,,
FORMAN CAPITAL,,,,,,,,
FORSIGHT INC,2355 N HARBOR DR STE 400,SAN DIEGO,CA,92101,32.727638,-117.1794428,ai,corroborated
FORSYTHE TECHNOLOGIES,"1700 Lake Cook Road, Suite 400",Deerfield,IL,60015,42.1528574,-87.870569,ai,corroborated
FORT MYER CONSTRUCTI,,,,,,,,
FORTESCUE,Fortescue Metals Group (US office) 500 West 2nd St Suite 900,Austin,TX,78701,30.2711286,-97.7436995,ai,uncorroborated
FORTIFIED PROPERTIES,,,,,,,,
FORTITUDE RE,"10 Exchange Place, Suite 2210",Jersey City,NJ,07302,40.7166739,-74.0333081,ai,grounded
FORTRESS INVESTMENT GROUP,1345 Avenue of the Americas,New York,NY,10105,40.7629997,-73.9790535,ai,grounded
FORTUNE CAPITAL PARTNERS INC,,,,,,,,
FORTUNE FINANCIAL LLC,,,,,,,,
FORTUNOFF FINE JEWLERY,,,,,,,,
FOSTER CREW,"40 Exchange Place, Suite 1404",Newark,NJ,07102,40.735657,-74.1723667,ai,uncorroborated
FOSTER DALE ARCHITECTS INC,1201 N MARKET ST STE 1000,WILMINGTON,DE,19801,39.74748,-75.546641,ai,uncorroborated
FOSTER GARVEY PC,"1111 Third Avenue, Suite 3000",Seattle,WA,98101,47.6066688,-122.3354436,ai,grounded
FOSTER GRAHAM,"100 Pine Street, Suite 1250",San Francisco,CA,94111,37.792607,-122.3990001,ai,uncorroborated
FOUNDATION BLUE MEDIA,,,,,,,,
FOUNDATION FOR DEFENSE OF DEMOCRACIES,1800 M Street NW,Washington,DC,20036,38.905139,-77.041939,manual,verified
FOUNDERS FINANCIAL,201 N Tryon St,Charlotte,NC,28202,35.2284562,-80.8422815,ai,uncorroborated
FOUNDRY TECHNOLOGIES INC,855 W PEACHTREE ST NE STE 500,ATLANTA,GA,30308,33.7966848,-84.3877865,ai,uncorroborated
FOUNTAIN GROUP,,,,,,,,
FOUR SEASONS,"2000 Avenue of the Stars, 2nd Floor",Los Angeles,CA,90067,34.0583138,-118.4146758,ai,uncorroborated
FOUR SQUARED VENTURES LLC,,,,,,,,
FOURPOINT ENERGY,"100 St. Paul Street, Ste. 400",Denver,CO,80206,39.7183924,-104.9506902,ai,grounded
FOURSQUARE CORPORATION,"50 W 23rd St, 8th Floor",New York,NY,10010,40.7420624,-73.9918122,ai,grounded
FOURTEEN-K JEWELRY,,,,,,,,
FOX,1211 Avenue of the Americas,New York,NY,10036,40.7586695,-73.9823756,ai,corroborated
FOX CHIROPRACTIC SPORTS REHAB,,,,,,,,
FOX CREATIVE,,,,,,,,
FOX ENTERTAINMENT,10201 West Pico Boulevard,Los Angeles,CA,90064,34.0508234,-118.4110001,ai,corroborated
FOX NEWS,1211 Avenue of the Americas,New York,NY,10036,40.7586695,-73.9823756,ai,grounded
FOX ROTHSCHILD,"2000 Market Street, 20th Floor",Philadelphia,PA,19103,39.953509,-75.173351,ai,grounded
FOXY LADY BOUTIQUE,,,,,,,,
FPC,,,,,,,,
FPF,,,,,,,,
FPFX TECHNOLOGIES,,,,,,,,
FPL,700 Universe Boulevard,Juno Beach,FL,33408,26.858251,-80.060074,ai,corroborated
FPMG,,,,,,,,
FRAGILEPAK,"2270 Corporate Circle, Ste. 220",Henderson,NV,89074,36.0266809,-115.0899676,ai,grounded
FRAGNER SEIFERT PACE & MINTZ LLP,200 S WACKER DR STE 3100,CHICAGO,IL,60606,41.8755616,-87.6244212,ai,uncorroborated
"FRAGOMEN, DEL REY, BERNSEN & LOEWY LLP",1 Battery Park Plaza,New York,NY,10004,40.7127281,-74.0060152,manual,verified
FRAMINGHAM PUBLIC SCHOOLS,73 Mount Wayte Avenue,Framingham,MA,01702,42.291732,-71.4282758,ai,corroborated
FRANK UHLHORN CONST,,,,,,,,
FRANKEL ASSOCIATES,"800 Wilshire Boulevard, Suite 600",Santa Monica,CA,90401,34.0192694,-118.4981403,ai,uncorroborated
"FRANKEL, REED, EVANS",,,,,,,,
FRANKFORD TORRESDALE HOSPITAL,1600 Pastorius St,Philadelphia,PA,19111,40.0632461,-75.1568482,ai,corroborated
FRANKLIN ADVISORS,One Franklin Parkway,San Mateo,CA,94403,37.5407466,-122.294915,ai,uncorroborated
FRANKLIN COUNTY,373 S High St,Columbus,OH,43215,39.9541515,-82.999624,ai,corroborated
FRANKLIN D. NIVER DMD PROF CORP,,,,,,,,
FRANKLIN RESOURCES,ONE FRANKLIN PARKWAY,SAN MATEO,CA,94403,37.5407466,-122.294915,manual,verified
FRANKLIN STREET REAL ESTATE,"1311 North Westshore Boulevard, Suite 200",Tampa,FL,33607,27.9544505,-82.5240464,ai,grounded
"FRANKLIN WEINRID, RUDELLE VASSALO",,,,,,,,
FRANKMAN LAW,,,,,,,,
FRAZIER HEALTHCARE,"601 Union Street, Suite 3200",Seattle,WA,98101,47.6099437,-122.3325277,ai,grounded
FRED KATZ AGENCY,,,,,,,,
FRED M. RABINOWITZ DDS,,,,,,,,
FREDDIE MAC,8200 JONES BRANCH DRIVE,MCLEAN,VA,22102,38.9342888,-77.1776327,ai,uncorroborated
FREDDY AVNI,,,,,,,,
FREDRIKSON,"200 SOUTH 6TH STREET, SUITE 4000",MINNEAPOLIS,MN,55402,44.9769391,-93.2675981,ai,corroborated
FREE LIBRARY OF PHILADELPHIA,1901 VINE STREET,PHILADELPHIA,PA,19103,39.9595913,-75.1710199,ai,corroborated
FREE MARKET,,,,,,,,
FREEDMAN & AREDDA,707 Wilshire Blvd #830,Los Angeles,CA,90017,34.0492822,-118.256963,ai,uncorroborated
FREEDMAN CONSULTING,,,,,,,,
FREEDONIA GROUP,6116 Executive Blvd #550,Rockville,MD,20852,39.0817985,-77.1516844,ai,grounded
FREEMAN PARTNERS,350 Lexington Ave,New York,NY,10016,40.7500778,-73.9772272,ai,uncorroborated
FREEMANFIRM,,,,,,,,
FREEPOINT COMMODITIES,58 Commerce Rd,Stamford,CT,06902,41.0468959,-73.5617519,manual,verified
FRENCH MANAGEMENT ENTERPRISES,,,,,,,,
FRENCH TRANSIT,,,,,,,,
FRESENIUS MEDICAL CARE,920 WINTER STREET,WALTHAM,MA,02451,42.4104855,-71.2736072,ai,uncorroborated
FRESH BRANDING GROUP,225 Liberty St,New York,NY,10281,40.712272,-74.0154361,ai,corroborated
FRESH MARKET,628 Vine St,Greensboro,NC,27406,36.0931567,-79.7759502,ai,uncorroborated
FRESNO COUNTY,2220 Tulare St,Fresno,CA,93721,36.7356334,-119.7870708,ai,corroborated
FRICTION BRANDS,925 S Bedford St Unit 2,Los Angeles,CA,90035,34.0604937,-118.3803877,ai,grounded
FRICTION PARTNERS,"45 Main Street, Suite 420",Brooklyn,NY,11201,40.7044341,-73.9923845,ai,uncorroborated
FRIED FAMILY LLC,,,,,,,,
FRIEDKIN PROPERTY,"44 Montgomery Street, Suite 3700",San Francisco,CA,94104,37.7896307,-122.4018876,ai,grounded
FRIEDLANDER GROUP,"2500 Westchester Ave, Suite 400A",Purchase,NY,10577,41.0405953,-73.7144803,ai,grounded
FRIEDMAN ART DESIGN,,,,,,,,
FRIEDMAN BIONDI & JAMES,"24010 Ventura Blvd, Suite 200",Calabasas,CA,91302,34.1446643,-118.644097,ai,uncorroborated
FRIEDMAN CONSULTING,,,,,,,,
FRIEDMAN KAPLAN SEILER & ADELMAN LL,"7 Times Sq, 6th Floor",New York,NY,10036,40.7555015,-73.9869028,ai,corroborated
FRIEDMAN LAW,,,,,,,,
FRIEDMAN LLP,"1633 Broadway, 46th Floor",New York,NY,10019,40.762093,-73.9846559,ai,grounded
FRIEDMAN MEDICAL IMAGING ASSOCIATES,"2301 W Romneya Dr, Suite 120",Anaheim,CA,92801,33.8508102,-117.924519,ai,corroborated
FRIEDMAN REAL ESTATE,34975 West Twelve Mile Rd,Farmington Hills,MI,48331,42.4853125,-83.3771553,ai,grounded
FRIENDS OF ARMOND BUDISH,,,,,,,,
FRIENDS OF THE ISRAEL DEFENSE FORCE,1430 Broadway,New York,NY,10018,40.7541258,-73.9866979,ai,grounded
FRISCH,120 West Century Road,Paramus,NJ,07652,40.9334824,-74.0788777,ai,corroborated
FRITZ ENTERPRISES INC,,,,,,,,
FRITZI REALTY,,,,,,,,
FROMM ELECTRIC,2311 Technology Pkwy,Waukesha,WI,53186,43.0115598,-88.2316352,ai,uncorroborated
FRONT STREET COMMODITIES CORPORATION,"1414 W 9th St, Suite 1300",Los Angeles,CA,90017,33.7797416,-118.211878,ai,uncorroborated
FRONTLINE STRATEGIES,"701 8th St SE, Suite 300",Washington,DC,20003,38.8811057,-76.9951644,ai,uncorroborated
FROSS ZELNICK,"520 8th Ave, 20th Floor",New York,NY,10018,40.7537655,-73.9920735,ai,corroborated
FROST BROWN TODD,"400 West Market Street, Suite 3200",Louisville,KY,40202,38.2549259,-85.7571981,ai,grounded
FRY-WAGNER,"1211 W Port Plaza Dr, Suite 200",Saint Louis,MO,63146,38.7038375,-90.4484051,ai,grounded
FRYDMAN LLC,,,,,,,,
FSC REALTY,,,,,,,,
FSNF LLC,,,,,,,,
FSPM LAW,,,,,,,,
FSW STATE COLLEGE,100 University Dr,State College,PA,16801,40.792121,-77.839982,ai,uncorroborated
FTG ORTHO,,,,,,,,
FTI,"1101 K Street NW, Suite 700",Washington,DC,20005,38.9028603,-77.0274147,ai,grounded
FTI CONSULTING,1990 K Street NW,Washington,DC,20006,38.9014817,-77.044723,ai,grounded
FTV,"555 West 5th Street, Suite 3100",Los Angeles,CA,90013,34.0500816,-118.2534063,ai,corroborated
FTV CAPITAL,"4365 Executive Drive, Suite 1150",San Diego,CA,92121,32.874711,-117.211804,ai,uncorroborated
FUEL FREEDOM FOUNDATION,"1001 G Street NW, Suite 800",Washington,DC,20001,38.8986676,-77.0263848,ai,uncorroborated
FULCRUM GROUP,"11601 Wilshire Blvd, Suite 500",Los Angeles,CA,90025,34.0510414,-118.4599151,ai,uncorroborated
FULCRUM HOSPITALITY,"1601 5th Avenue, Suite 1700",Seattle,WA,98101,47.6123814,-122.3375307,ai,uncorroborated
FULCRUM PROPERTY,"1530 J Street, Suite 200",Sacramento,CA,95814,38.5782655,-121.4861122,ai,grounded
FULLSTORY // GA TECH,"701 5th Avenue South, Suite 201",Seattle,WA,98104,47.596546,-122.327807,ai,uncorroborated
FULTON CAPITAL,"601 Skokie Blvd, Suite 204",Northbrook,IL,60062,42.1407734,-87.79338,ai,grounded
FUNDAMENTAL ADVISORS LP,"745 Fifth Avenue, 25th Floor",New York,NY,10151,42.7154556,-73.7079975,ai,grounded
FUNDRAISER,,,,,,,,
FUNK FINANCIAL REVIEW SERVICES LLC,,,,,,,,
FURSQUARE,"40 Worth Street, 10th Floor",New York,NY,10013,40.717095,-74.0067095,ai,grounded
"FUTROVSKY, FORSTER & SCHERR",,,,,,,,
FUTURE BEAUTY BRANDS,"3601 SW 29th Ave, Suite 200",Miami,FL,33133,25.7400189,-80.2402942,ai,uncorroborated
FUTURE OF PRIVACY FORUM,"5100 Wisconsin Avenue NW, Suite 305",Washington,DC,20016,38.956303,-77.0838978,ai,corroborated
FUZZBUSTER,,,,,,,,
FWL PROPERTIES LLC,,,,,,,,
G SQUARED ADVISORY,,,,,,,,
G&S TECHNOLOGIES,200 Ballardvale St,Wilmington,MA,01887,42.587431,-71.1580281,ai,uncorroborated
G-BAR,,,,,,,,
G-S SURGICAL ASSOCIATES PC,1601 E HOEHNE AVE,GREELEY,CO,80631,40.4233142,-104.7091322,ai,uncorroborated
G.A. SYSTEMS INC,"2395 E Camelback Rd, Suite 750",Phoenix,AZ,85016,33.5092401,-112.0304628,ai,uncorroborated
G2 GAMING,7083 Hollywood Blvd,Los Angeles,CA,90028,34.1018649,-118.3443805,manual,verified
G2T3V LLC,,,,,,,,
GAFCON INC,"100 Pine Street, Suite 1550",San Francisco,CA,94111,37.792607,-122.3990001,ai,corroborated
GAIL PERL 2020 IRREVOCABLE GS TRUST,,,,,,,,
GAINSIGHT,"5 3rd Street, 2nd Floor",San Francisco,CA,94103,37.7875124,-122.4032534,ai,grounded
GAL VENTURES,,,,,,,,
GALANTI DESIGN,,,,,,,,
GALANTI GROUP,,,,,,,,
GALAXY DESSERTS,,,,,,,,
GALE PARTNERS,200 Clarendon St,Boston,MA,02116,42.3491677,-71.075124,ai,uncorroborated
GALIUM CAPITAL LLC,"3323 NE 163rd St, Suite 508",North Miami Beach,FL,33160,25.9285495,-80.1368421,ai,grounded
GALLAGHER BASSETT SERVICES,"2850 South Parker Road, Suite 400",Aurora,CO,80014,39.6649621,-104.8595751,ai,uncorroborated
GALLARDO LEVIN,,,,,,,,
GALLATIN POINT CAPITAL,"6 Beacon Street, Suite 900",Boston,MA,02108,42.3581487,-71.0615206,ai,corroborated
GALLATIN PROPERTY HOLDINGS,,LOS ANGELES,CA,90001,,,,
GALLINAR PLANNING & DEVELOPMENT,,,,,,,,
GALLIUM REAL ESTATE,,,,,,,,
GALLO VITUCCI KLAR,"711 Third Avenue, Suite 500",New York,NY,10017,40.7521472,-73.9729112,ai,grounded
GALPIN MOTORS,15501 Roscoe Boulevard,Pacoima,CA,91331,34.2625025,-118.427027,ai,corroborated
GAMEKEEPERS RESTAURANT,18785 SW Boones Ferry Rd,Tualatin,OR,97062,45.384367,-122.7636851,ai,uncorroborated
GAMESTOP,625 Westport Parkway,Grapevine,TX,76051,32.904102,-97.0957291,ai,uncorroborated
GAMORAN LEGAL CONSULTING,,,,,,,,
GAMUT PSYCHOTHERAPEUTICS,"2150 Shattuck Ave, Suite 900",Berkeley,CA,94704,37.870027,-122.2684957,ai,uncorroborated
GANELES AND ASSOCIATES,,,,,,,,
GANOT CAPITAL LLC,,,,,,,,
GANSAVELT INC,"599 Lexington Avenue, 40th Floor",New York,NY,10022,40.7578542,-73.9707227,ai,corroborated
GANTRY,154 Grand Street,Brooklyn,NY,11211,40.7145985,-73.9617562,ai,corroborated
GARD BUSINESS GROUP,,,,,,,,
GARDEN FRESH MARKET,400 Townline Rd,Mundelein,IL,60060,42.2414159,-87.9959075,ai,grounded
GARDEN HI=OMES,,,,,,,,
GARDEN HOMES/WILF LAW FIRM,,,,,,,,
GARDNER CARTON & DOUGLAS,191 North Wacker Drive,Chicago,IL,60606,41.8853347,-87.6364826,ai,corroborated
GARDNER WALLACE,,,,,,,,
GARDNER WHITE,5625 Executive Drive,Warren,MI,48092,42.4932575,-83.0062746,ai,corroborated
GARFIELD PUBLIC/PRIVATE LLC,,,,,,,,
GARFIELD REFINING CO,3280 S Tremont Ave,Bronx,NY,10461,40.8466508,-73.8785937,ai,uncorroborated
GARLAND FLOOR,,,,,,,,
GARMENT CARE,,,,,,,,
GARMIN,1200 East 151st Street,Olathe,KS,66062,38.8561425,-94.7998263,ai,uncorroborated
GARNETT STATION PARTNERS,,,,,,,,
GARRISON SYSTEMS LLC,,,,,,,,
GARSHOFSKY & CO,,,,,,,,
GARSON & ASSOCIATES CO. LPA,,,,,,,,
GARSON JOHNSON LLC,,,,,,,,
GART PROPERTIES,,,,,,,,
GARTNER,4500 Westway Park Blvd,Jacksonville,FL,32224,30.3262247,-81.6579179,ai,uncorroborated
"GARY BAUMAN, DDS PA",,,,,,,,
"GARY OPPER, CPA","1304 SW 160th Ave., Suite 355",Weston,FL,33326,26.0997528,-80.3625444,ai,corroborated
GASTRO CENTER OF MD,16300 Crabbs Branch Way,Rockville,MD,20855,39.0817985,-77.1516844,ai,corroborated
GASTRO FLORIDA,,,,,,,,
GASTRO ONE,,,,,,,,
GASTROENTEROLOGY ASSOCIATES OF WEST FL,2101 W Swann Ave,Tampa,FL,33606,27.937444,-82.481543,ai,corroborated
GASTROENTEROLOGY CONSULTANTS,,,,,,,,
GASTROHEALTH,"9500 S. Dadeland Blvd., Suite 200",Miami,FL,33156,25.6825199,-80.3168543,ai,grounded
GASTROINTESTINAL ALLIANCE,,,,,,,,
GATED RENTALS,,,,,,,,
GATEHOUSE MANAGEMENT,"120 Forbes Blvd, Suite 180",Mansfield,MA,02048,42.0282787,-71.2386477,manual,verified
GATESTONE INSTITUTE,"1818 N Street NW, Suite 450",Washington,DC,20036,38.9069509,-77.0429354,ai,uncorroborated
GATOR PARTNERS,,,,,,,,
GB ALLEN ASSOCIATES CPAS,,,,,,,,
GB DEVELOPMENT,,,,,,,,
GB OPER CO,,,,,,,,
GBD,"100 Montgomery Street, Suite 800",San Francisco,CA,94104,37.7903433,-122.4018704,ai,uncorroborated
GBK/COMPASS,,,,,,,,
GBMC,6701 Northway,Glen Burnie,MD,21060,39.123355,-76.5996118,ai,corroborated
GBRS,,,,,,,,
GBX GROUP,2101 Superior Ave E,Cleveland,OH,44114,41.507451,-81.678547,ai,corroborated
GC HOUSING DEVELOPMENT,,,,,,,,
GCF,18909 NE 29th Ave,Aventura,FL,33180,25.950403,-80.1425782,ai,grounded
GCM GROSVENOR,"111 South Wacker Drive, 46th Floor",Chicago,IL,60606,41.8801946,-87.6363161,ai,corroborated
GEARSUPPLY DIRECT,"302 W 3rd St, Suite 200",Cincinnati,OH,45202,39.0982595,-84.5176087,ai,grounded
GEBHARDT & KIEFER,,,,,,,,
GEBSCO REALTY CORP,,,,,,,,
GEDULD & ASSO,,,,,,,,
GEDULD & ASSOCIATES,,,,,,,,
GEFFEN ENTERPRISES,5 Breckenridge Lane,Savannah,GA,31411,32.0790074,-81.0921335,ai,grounded
GELCH & ASSOCIATES PA,"1155 N Flagler Drive, Suite 400",West Palm Beach,FL,33401,26.7228603,-80.0502181,ai,corroborated
GELCOR REALTY,"20 Jay Street, Suite 1020",Brooklyn,NY,11201,40.7040914,-73.9866937,ai,uncorroborated
GELLER AND COMPANY,909 Third Avenue,New York,NY,10022,40.7582826,-73.967866,manual,verified
GELLER LAW FIRM,,,,,,,,
GEM REALTY CAPITAL,"900 N Michigan Ave, 14th Floor",Chicago,IL,60611,41.8996454,-87.6256155,ai,grounded
GEMINI PROPERTIES,1313 Washington St,Boston,MA,02118,42.3422441,-71.0685623,ai,grounded
GEN CAP AMERICA,,,,,,,,
GENCARE INC,,,,,,,,
GENCO ATC,100 Papercraft Park,Pittsburgh,PA,15238,40.4406968,-80.0025666,ai,corroborated
GENEBYGENE,"1445 North Loop West, Suite 820",Houston,TX,77008,29.8030541,-95.4482578,ai,grounded
GENENTECH,1 DNA Way,South San Francisco,CA,94080,37.6519057,-122.3901831,ai,corroborated
GENERAL ATLANTIC,"55 East 52nd Street, 36th Floor",New York,NY,10055,40.7127281,-74.0060152,ai,corroborated
GENERAL ATOMICS,3550 General Atomics Court,San Diego,CA,92121,32.894046,-117.234724,ai,corroborated
GENERAL INNOVATIONS AND GOODS,,,,,,,,
GENERAL MOTORS LLC,300 Renaissance Center,Detroit,MI,48243,42.3288286,-83.0389766,ai,corroborated
GENERAL PODIATRIC MEDICINE,,,,,,,,
GENERAL ROBOTICS,,,,,,,,
GENERATION CAPITAL LLC,"520 Seventh Avenue, 12th Floor",New York,NY,10018,40.9181292,-73.803905,ai,grounded
GENERATION III CAPITAL PARTNERS,"155 N Wacker Drive, Suite 4250",Chicago,IL,60606,41.8848667,-87.6363214,ai,uncorroborated
GENERATION Z MARKETING,,,,,,,,
GENESES CAPITAL MANAGEMENT,,,,,,,,
GENESIS10,"950 Third Avenue, 26th Floor",New York,NY,10022,40.8088444,-73.9303577,manual,verified
GENESISCARE,"1419 SE 8th Terrace, Suite 200",Cape Coral,FL,33990,26.637131,-81.943781,ai,grounded
GENESYS,2001 Junipero Serra Blvd,Daly City,CA,94014,37.7012904,-122.4701122,ai,grounded
GENET PROPERTY GROUP,7071 W Commercial Blvd,Tamarac,FL,33319,26.193971,-80.2450233,ai,grounded
GENEVA STREET PARTNERS,,,,,,,,
GENEVIE HEALTH,"131 S Dearborn St, Suite 1000",Chicago,IL,60603,41.8798035,-87.6285612,ai,uncorroborated
GENNARI ARONSON LLP,"111 Eighth Avenue, 13th Floor",New York,NY,10011,40.9160751,-73.8043958,ai,uncorroborated
GENOA,"8575 Gander Creek Drive, Suite 200",Mason,OH,45040,39.3600586,-84.309939,ai,uncorroborated
GENOVESE JOBLOVE & BATTISTA,494 Broad Street,Newark,NJ,07102,40.7448026,-74.1694098,ai,uncorroborated
GENSCRIPT USA INC,"860 Penllyn Blue Bell Pike, Suite 100",Blue Bell,PA,19422,40.1536063,-75.2656811,ai,uncorroborated
GENZ & ASSOCIATES,,,,,,,,
GEORGE AND LEESA WEISZ,,,,,,,,
GEORGE MASON UNIVERSITY,4400 University Drive,Fairfax,VA,22030,38.8345539,-77.3152142,ai,corroborated
GEORGE SMITH PARTNERS,"1900 Avenue of the Stars, Suite 250",Los Angeles,CA,90067,34.0599711,-118.4169732,ai,grounded
GEORGE WASHINGTON UNIVERSITY,2121 I Street NW,Washington,DC,20052,38.9006121,-77.0470953,ai,corroborated
GEORGETOWN INVESTING,,,,,,,,
GEORGETOWN LAW CENTER,600 New Jersey Ave NW,Washington,DC,20001,38.8978368,-77.0129242,ai,uncorroborated
GEORGETOWN UNIVERSITY,3700 O St NW,Washington,DC,20057,38.9089393,-77.0745796,ai,corroborated
GEORGIA AQUARIUM,225 Baker Street NW,Atlanta,GA,30313,33.7632675,-84.3951173,ai,uncorroborated
GEORGIA EVE DESIGNS,,,,,,,,
GEORGIA HEART INSTITUTE,200 S Enota Dr NE,Gainesville,GA,30501,34.3033944,-83.8164931,ai,corroborated
GEORGIA TECH,North Avenue NW and Techwood Drive NW,Atlanta,GA,30332,33.7544657,-84.3898151,ai,corroborated
GERALD COHEN PA,,,,,,,,
GERBER & CO INC,"1880 Century Park East, Suite 200",Los Angeles,CA,90067,34.0615539,-118.4145605,ai,grounded
GERCHEN CAPITAL PARTNERS,"150 N Riverside Plaza, Suite 4170",Chicago,IL,60606,41.8825427,-87.638745,ai,grounded
GERMIN VENTURES,,,,,,,,
GERSON & SCHWARTZ PA,"201 South Biscayne Boulevard, Suite 1210",Miami,FL,33131,25.7722268,-80.1867876,ai,corroborated
GESHER DAY SCHOOL,4800 Mattie Moore Ct,Fairfax,VA,22030,38.836401,-77.34482,ai,grounded
GEST HOLDING CORP,,,,,,,,
GET QIPT,,,,,,,,
GETZLER HENRICH & ASSOCIATES LLC,"330 Madison Ave, Suite 815",New York,NY,10017,40.7530304,-73.9792984,ai,corroborated
GEVURTZ MENASHE,"Alaska Building, 400 University Ave, Suite 200",Seattle,WA,98105,47.6038321,-122.330062,ai,uncorroborated
GFC CAPITAL ADVISORS,,,,,,,,
GFI,1359 Broadway,New York,NY,10018,40.7517217,-73.987791,ai,corroborated
GFI PARTNERS,,,,,,,,
GFP REAL ESTATE,125 Park Ave,New York,NY,10017,40.7517892,-73.9774878,ai,corroborated
GFX,,,,,,,,
GGP,"110 North Wacker Drive, Suite 2500",Chicago,IL,60606,41.8838459,-87.6374992,ai,uncorroborated
GHAM,,,,,,,,
GHB CAPITAL LLC,805 Wilmot Rd,Scarsdale,NY,10583,40.9777426,-73.786419,ai,grounded
GHC,,,,,,,,
GHCA,,,,,,,,
GHITIS COMPANY,2280 W 77th St,Hialeah,FL,33016,25.8921194,-80.3296012,manual,verified
GHNG,,,,,,,,
GHP INVESTMENT ADVISORS INC,"1290 Broadway, Suite 1100",Denver,CO,80203,39.7765527,-104.9876068,manual,verified
GHR HEALTHCARE,"3100 W End Ave, Suite 500",Nashville,TN,37203,36.141913,-86.81641,ai,uncorroborated
GIA ADVISORY,"605 Third Ave, 12th Floor",New York,NY,10158,40.8088444,-73.9303577,ai,corroborated
GIAR,,,,,,,,
"GIBBONS PC, 1 GATEWAY CTR",One Gateway Center,Newark,NJ,07102,40.7351297,-74.167597,ai,corroborated
GIBSON DUNN & CRUTCHER,333 South Grand Avenue,Los Angeles,CA,90071,34.052746,-118.2519538,manual,verified
GIBSONS STEAKHOUSE,2301 N Lincoln Park W,Chicago,IL,60614,41.9156637,-87.6362977,ai,corroborated
GIDEON INFORMATICS INC,,,,,,,,
GIFT,,,,,,,,
GIFT OF LIFE DONOR PROGRAM,401 N. 3rd Street,Philadelphia,PA,19123,39.957568,-75.143979,ai,grounded
GILBERT FILMS,"190 N CANON DRIVE, SUITE 204",BEVERLY HILLS,CA,90210,34.0677467,-118.3978896,manual,verified
GILDAGE,,,,,,,,
GILDER GAGNON HOWE,"350 Fifth Ave, Suite 7413",New York,NY,10118,40.9161016,-73.8071811,ai,corroborated
GILEAD SCIENCES,333 Lakeside Dr,Foster City,CA,94404,37.568163,-122.283238,ai,uncorroborated
GILFIX & LA POLL ASSOCIATES,2300 Geng Rd Ste 200,Palo Alto,CA,94303,37.4514125,-122.1216708,ai,corroborated
GILFIX ASSOCIATES,,,,,,,,
GINA,,,,,,,,
GINSBERG ADR GROUP,"1925 Century Park East, Suite 2100",Los Angeles,CA,90067,34.0536909,-118.242766,ai,uncorroborated
GIRLS EMPOWERMENT MISSION,,,,,,,,
GIVE FORWARD FOUNDATION,"311 S Beverly Dr, Suite 208",Beverly Hills,CA,90212,34.0619443,-118.3991751,ai,corroborated
GIVENS GROUP,,,,,,,,
GIVNER LAW GROUP,"1000 Wilshire Blvd, Suite 700",Los Angeles,CA,90017,34.051474,-118.261657,ai,uncorroborated
GK MANAGEMENT,,,,,,,,
GL HOMES,"1000 S Pine Island Rd, Suite 400",Plantation,FL,33324,26.1091732,-80.2613892,ai,corroborated
GLACIAL CAPITAL GROUP,,,,,,,,
GLACIER EQUITIES,"801 Second Avenue, Suite 2100",Seattle,WA,98104,47.672327,-122.3821463,ai,uncorroborated
GLADSTONE PLACE PARTNERS,,,,,,,,
GLANCY PRONGAY,"1925 Century Park E, Suite 2100",Los Angeles,CA,90067,34.0612599,-118.4145504,ai,corroborated
GLANCY PRONGAY & MURRAY LLP,"1925 Century Park East, Suite 2100",Los Angeles,CA,90067,34.0536909,-118.242766,ai,corroborated
GLASER WEIL ET AL,"10250 Constellation Boulevard, 19th Floor",Los Angeles,CA,90067,33.9522674,-118.3753268,ai,corroborated
GLASER WEIL LLP,"10250 Constellation Blvd, Suite 1700",Los Angeles,CA,90067,33.9522674,-118.3753268,ai,corroborated
GLASS & GOLDBERG LAW,,,,,,,,
GLASS GARDENS INC,244 W Passaic St,Rochelle Park,NJ,07662,40.9148244,-74.0818197,ai,corroborated
GLASS GARDENS SHOPRITES,,,,,,,,
GLASSER AND GLASSER,251 Little Falls Dr,Wilmington,DE,19808,39.7459468,-75.546589,ai,uncorroborated
GLAXOSMITHKLINE,5 Moore Dr,Research Triangle Park,NC,27709,35.9354244,-78.8657256,ai,corroborated
GLAZER CAPITAL LLC,"650 Fifth Avenue, 22nd Floor",New York,NY,10019,40.7597438,-73.9767802,ai,corroborated
GLAZERS BEER AND BEVERAGE,"14911 Quorum Drive, Suite 200",Dallas,TX,75254,32.9486335,-96.8255811,ai,corroborated
GLE SCRAP METAL,,,,,,,,
GLEASON CORPORATION,100 Pleasant Street,Rochester,NY,14608,43.1595537,-77.6050717,ai,grounded
GLEN BURNIE TRANSMISSIONS,,,,,,,,
GLEN ROCK PUBLIC SCHOOLS,620 Harristown Road,Glen Rock,NJ,07452,40.956672,-74.12182,ai,corroborated
GLEN UNA INVESTMENTS,"51 University Avenue, Suite G",Los Gatos,CA,95030,37.2237419,-121.9821105,manual,verified
GLESBY MARKS,,,,,,,,
GLIDE CAPITAL,"1314 Beacon Street, Suite 460",Boston,MA,02215,42.3478016,-71.1006995,ai,uncorroborated
GLOBAL CAP LTD INC,,,,,,,,
GLOBAL CREDIT ADVISORS,"440 South LaSalle Street, Suite 2100",Chicago,IL,60605,41.8759345,-87.6322286,ai,uncorroborated
GLOBAL EXCESS PARTNERS,"300 Frank W Burr Blvd, Suite 21",Teaneck,NJ,07666,40.8734797,-74.0067601,ai,uncorroborated
GLOBAL EYE CARE,,,,,,,,
GLOBAL HOLDINGS,,,,,,,,
GLOBAL INDUSTRIAL,11 Harbor Park Drive,Port Washington,NY,11050,40.8089813,-73.6610149,ai,grounded
GLOBAL INFRASTRUCTURE PARTNERS,50 Hudson Yards,New York,NY,10001,40.7545193,-74.0001188,ai,grounded
GLOBAL PARTNERS,33 Kennedy Memorial Drive,Quincy,MA,02169,42.2509914,-71.0037374,ai,corroborated
GLOBAL PHOTONICS,7826 Photonics Dr,Trinity,FL,34655,28.1928226,-82.6840998,ai,grounded
GLOBAL STEEL DUST,109 N Post Oak Ln Ste 415,Houston,TX,77024,29.7686927,-95.4576124,ai,grounded
GLOBAL WEALTH MANAGEMENT,,,,,,,,
GLOBAL WEALTH SOLUTIONS,,,,,,,,
GLOBALIZATION PARTNERS,"175 Federal St, 17th Floor",Boston,MA,02110,42.3533058,-71.0565734,ai,grounded
GLOBETAX,,,,,,,,
GLORY GLOBAL SOLUTIONS,1 Corporate Dr,Shelton,CT,06484,41.2761115,-73.1282683,ai,uncorroborated
GM SELBY INC,,,,,,,,
GN WELLNESS,,,,,,,,
GNAT JEWELRY ATELIER,,,,,,,,
GNEAM,,,,,,,,
GNET MEDIA INC,,,,,,,,
GNI,"219 N Broad St, 7th Fl",Philadelphia,PA,19107,39.9527237,-75.1635262,ai,grounded
GNTC,,,,,,,,
GO RASCAL,,,,,,,,
GOCHARGE,"2443 Fillmore Street, Suite 380-183",San Francisco,CA,94115,37.7922061,-122.4347573,ai,uncorroborated
GOCHMAN LAW,,,,,,,,
GOETZMAN GROUP,,,,,,,,
GOJO,One GOJO Plaza,Akron,OH,44311,41.083064,-81.518485,ai,corroborated
GOLBAR &ASSOCIATES,,,,,,,,
GOLD AND COMPANY,,,,,,,,
GOLD AUTO PARTS RECYCLING,,,,,,,,
GOLD COAST DESIGN,,,,,,,,
GOLD COAST FAMILY DENTAL,160 S FEDERAL HWY,DEERFIELD BEACH,FL,33441,26.3255018,-80.0907198,ai,uncorroborated
GOLD COAST HOLDINGS,,,,,,,,
GOLD METAL RECYCLERS,4305 S Lamar St,Dallas,TX,75215,32.7490894,-96.7674372,ai,grounded
GOLDBERG & YOUNG P A,,,,,,,,
GOLDBERG AND SOLOVY,,,,,,,,
GOLDBERG COMPANIES,101 RIVERSIDE AVE,RIDGEFIELD,CT,06877,41.2814842,-73.4981792,ai,uncorroborated
GOLDBERG KOHN LTD,55 E Monroe St,Chicago,IL,60603,41.8801534,-87.6256458,ai,corroborated
GOLDBERG REALTY ASSOCIATES,,,,,,,,
GOLDBERG SEMET LICKSTEIN ET AL,,,,,,,,
GOLDBERG WEPRIN FINKEL GOLDSTEIN LLP,"1501 Broadway, 12th Floor",New York,NY,10036,40.7572684,-73.9866623,ai,corroborated
"GOLDBERG, GOLDSTEIN ET AL",,,,,,,,
GOLDCREST PROPERTY MANAGEMENT,1410 BROADWAY,NEW YORK,NY,10018,40.7533736,-73.9869019,ai,uncorroborated
GOLDEN ASH PROPERTIES LLC,,,,,,,,
GOLDEN EAST INVESTORS,,,,,,,,
GOLDEN ENTERPRISES,19575 WASHINGTON BLVD,LOS ANGELES,CA,90210,34.0536909,-118.242766,ai,corroborated
GOLDEN GATE CAPITAL,"1717 Embarcadero Road, Suite 200",Palo Alto,CA,94303,37.4503815,-122.1200867,ai,corroborated
GOLDEN GATE PRIVATE EQUITY INC,"301 Battery Street, Suite 300",San Francisco,CA,94111,37.7943298,-122.4007815,ai,corroborated
GOLDEN HIPPO,1197 S MILWAUKEE AVE,LIBERTYVILLE,IL,60048,42.2638779,-87.949363,ai,uncorroborated
GOLDEN ISLES BROADCASTING,610 TERNER ST,BRUNSWICK,GA,31520,31.1499528,-81.4914894,ai,corroborated
GOLDEN LIONESS,,Brooklyn Heights,NY,11201,,,,
GOLDEN MOUNTAIN,,,,,,,,
GOLDEN MOUNTAIN MANAGEMENT LLC,,,,,,,,
GOLDEN PET BRANDS,8725 Janelle St,Charlotte,NC,28216,35.2272086,-80.8430827,ai,uncorroborated
GOLDEN SPRINGS DEVELOPMENT,13116 Imperial Highway,Santa Fe Springs,CA,90670,33.916811,-118.0528578,manual,verified
GOLDEN STATE WARRIORS,1 Warriors Way,San Francisco,CA,94158,37.7679001,-122.3874223,ai,corroborated
GOLDEN STEPS,,,,,,,,
"GOLDENBERG, HELLER & ANTOGNOLI","445 Broad Hollow Road, Suite 115",Melville,NY,11747,40.7934322,-73.4151214,ai,uncorroborated
GOLDENEYE INC,,,,,,,,
GOLDENSOUL INC,,,,,,,,
GOLDENTREE,"301 Tresser Boulevard, Suite 602",Stamford,CT,06901,41.0523467,-73.5328562,ai,uncorroborated
GOLDENTREE ASSET MANAGEMENT,"300 Park Avenue, 12th Floor",New York,NY,10022,40.7570541,-73.9747565,ai,corroborated
GOLDER INVESTMENT,,,,,,,,
GOLDHABER POLICY SERVICES LLC,4112 Gardenlake Drive,Raleigh,NC,27612,35.8312585,-78.6902143,ai,grounded
GOLDMAN DRAKE LLP,,,,,,,,
GOLDMAN SACHS,200 West Street,New York,NY,10282,40.7147237,-74.0144315,manual,verified
GOLDMONT REALTY CORP,,,,,,,,
GOLDSEKER FOUNDATION,"165 W. 46th Street, Suite 1503",New York,NY,10036,40.75843,-73.9844645,ai,uncorroborated
GOLDSTEIN MANAGEMENT CORP,,,,,,,,
GOLF FOR CAUSE,,,,,,,,
GOLUB CAPITAL,"200 Park Avenue, 25th Floor",New York,NY,10166,40.7536135,-73.97658,ai,grounded
"GOOD DOMUS, ET AL",,PLYMOUTH,MN,55447,,,,
GOOD HEALTH INC,410 Cloverleaf Dr,Baldwin Park,CA,91706,34.0614678,-118.002484,manual,verified
GOOD SAMARITAN HOSPITAL,2425 Samaritan Dr,San Jose,CA,95124,37.2522952,-121.9457139,ai,uncorroborated
GOOD SAMARITAN SOCIETY,1010 West St Germain St,Saint Cloud,MN,56301,45.5584924,-94.1640253,ai,uncorroborated
GOODMAN AND COMPANY,,,,,,,,
GOODMAN AND COMPANY BUSINESS BROKERS,,,,,,,,
GOODMAN AND LEVINE,"60 East 42nd Street, Suite 630",New York,NY,10165,40.7521078,-73.9787462,ai,uncorroborated
GOODMAN REAL ESTATE,,,,,,,,
GOODMAN-GABLE-GOULD ADJUSTERS INTERNATIONAL,"10110 Molecular Drive, Suite 300",Rockville,MD,20850,39.0920354,-77.2100635,ai,grounded
GOODMANS,,,,,,,,
GOODMANS INTERIOR STRUCTURES,,,,,,,,
GOODWIN,100 Northern Ave,Boston,MA,02210,42.3523486,-71.0434736,ai,grounded
GOODWIN PROCTER LLP,100 Northern Avenue,Boston,MA,02210,42.3523486,-71.0434736,ai,corroborated
GOODWIN UNIVERSITY,1 Riverside Drive,East Hartford,CT,06118,41.7430141,-72.6404382,ai,corroborated
GOODY ASSET MANAGEMENT,,,,,,,,
GOOGLE,1600 Amphitheatre Parkway,Mountain View,CA,94043,37.4224857,-122.0855846,ai,corroborated
GOPHER RESOURCE,,,,,,,,
GORA GROUP,32 Court St,Brooklyn,NY,11201,40.6929734,-73.9911154,ai,corroborated
GORDON & REES,"275 Battery Street, Suite 2000",San Francisco,CA,94111,37.7939753,-122.40029,ai,uncorroborated
GORDON BROTHERS,"200 Clarendon Street, 48th Floor",Boston,MA,02116,42.3491677,-71.075124,ai,corroborated
GORDON FEINBLATT LLC,"233 East Redwood Street, 26th Floor",Baltimore,MD,21202,39.2888093,-76.6113158,ai,corroborated
GORDON FINANCIAL SERVICES,,,,,,,,
GORDON RECYCLERS,,,,,,,,
GORDON REES SCULLY MANSUKHANI,315 Pacific Avenue,San Francisco,CA,94111,37.7975373,-122.4011244,ai,grounded
"GORDON, CHODAK, CHAPIN & WOLCH, CPAS PC",100 Chestnut Street,Haddonfield,NJ,08033,39.8941803,-75.0333392,ai,uncorroborated
GORLICK FINANCIAL STRATEGIES,,,,,,,,
GOSHEN TRANSPORTATION,317 W Main St,Goshen,IN,46526,41.5709982,-85.8296697,ai,uncorroborated
GOTHAM VENTURES,228 Park Ave S,New York,NY,10003,40.7377801,-73.9886747,ai,corroborated
GOTTLIEB & SONS,,,,,,,,
GOTTMAN INC,,,,,,,,
GOTTMAN INSTITUTE,"3701 W. Kennedy Blvd., Suite 200",Tampa,FL,33609,27.944905,-82.503779,ai,uncorroborated
GOULSTON & STORRS,"400 Atlantic Avenue, 10th Floor",Boston,MA,02110,42.3556115,-71.0504489,ai,corroborated
GOURMET NUT,,,,,,,,
GOUT-ALMIN,,,,,,,,
GOVERNMENTAL ADVOCATES,"1127 11th Street, Suite 400",Sacramento,CA,95814,38.5786061,-121.4925882,ai,grounded
GOVT,,,,,,,,
GOWALKING LLC,,,,,,,,
GP-FH LLC,,,,,,,,
GPAI,,,,,,,,
GPKLEG,,,,,,,,
GPS INVESTMENT PARTNERS,"477 Madison Avenue, 5th Floor",New York,NY,10022,40.7585227,-73.9746317,ai,corroborated
GRACE COMMUNICATIONS FOUNDATION,"215 Lexington Avenue, Suite 1001",New York,NY,10016,40.7454587,-73.980239,manual,verified
GRAFANA LABS,"548 Market St, PMB 25433",San Francisco,CA,94104,37.7879363,-122.4075201,ai,uncorroborated
GRAIS & ELLSWORTH,"1211 Avenue of the Americas, 40th Floor",New York,NY,10036,40.7586695,-73.9823756,ai,uncorroborated
GRAND AVE CLUB,,,,,,,,
GRAND SAKWA PROPERTIES,"28470 W 13 Mile Road, Suite 220",Farmington Hills,MI,48334,42.5145616,-83.3308551,manual,verified
GRANDSTONE INVESTMENT SALES,1385 Brookwood Place,Columbus,OH,43209,39.9418362,-82.9362087,ai,grounded
GRANITE CREEK CAPITAL PARTNERS,,,,,,,,
GRANITE POINT MORTGAGE TRUST,"3 Bryant Park, 24th Floor",New York,NY,10036,40.9252806,-73.8897144,ai,grounded
GRANT AND EISENHOFER,"485 Lexington Avenue, 29th Floor",New York,NY,10017,40.7542495,-73.9738298,ai,corroborated
GRANT THORNTON ADVISORS LLC,"171 N Clark St, Suite 200",Chicago,IL,60601,41.8853293,-87.6308533,ai,grounded
GRAPHSANDLAUGHS LLC,,,,,,,,
GRATE,,,,,,,,
GRATZ COLLEGE,701 East Chelten Avenue,Elkins Park,PA,19027,40.0770553,-75.1268413,ai,corroborated
GRAVIS GROUP,,,,,,,,
GRAY REED,"1601 Elm Street, Suite 4600",Dallas,TX,75201,32.7819617,-96.7977823,ai,corroborated
GRAYPARK RE ADVISORS LLC,"445 Park Avenue, 9th Floor",New York,NY,10022,40.7611256,-73.9706269,ai,corroborated
GRAYROBINSON,"301 East Pine Street, Suite 1400",Orlando,FL,32801,28.5414043,-81.3743002,manual,verified
GRAYTON DEVELOPMENT,,,,,,,,
GRE DEVELOPMENT INC,"110 N Wacker Drive, Suite 3800",Chicago,IL,60606,41.8838459,-87.6374992,ai,uncorroborated
GREAT AMERICA CO,4701 Great America Pkwy,Santa Clara,CA,95054,37.394792,-121.9701707,ai,uncorroborated
GREAT AMERICAN CAPITAL,301 E Fourth St,Cincinnati,OH,45202,39.0997828,-84.5061464,ai,uncorroborated
GREAT AMERICAN INSURANCE COMPANY,301 East Fourth Street,Cincinnati,OH,45202,39.100609,-84.507656,ai,corroborated
GREAT LAKES ANESTHESIOLOGY PC,"1717 S Mount Prospect Road, Suite 200",Des Plaines,IL,60018,42.0210118,-87.9207078,ai,uncorroborated
GREAT LAKES RECYCLING,,,,,,,,
GREAT MEADOWS MANAGEMENT,,,,,,,,
GREAT PUBLIC SCHOOLS NOW,"1150 S Olive Street, Suite 1325",Los Angeles,CA,90015,34.0393986,-118.2610968,manual,verified
GREAT RIVER,,,,,,,,
GREATER MISSION CHAMBER OF COMMERCE,3327 Mission St,San Francisco,CA,94110,37.7435979,-122.4210621,ai,uncorroborated
GRECO NEYLAND PC,,,,,,,,
GREEN EARTH REALTY,,,,,,,,
GREEN MEADOW VENTURES,,,,,,,,
GREENACRES MANAGEMENT LLC,"250 S Australian Ave, Suite 200",West Palm Beach,FL,33401,26.7128557,-80.0646358,ai,uncorroborated
GREENBERG & STEIN PC,,,,,,,,
GREENBERG APARTMENT COMMUNITIES,29325 Chagrin Blvd,Beachwood,OH,44122,41.464477,-81.5077774,ai,grounded
GREENBERG FRUIT COMPANY,,,,,,,,
GREENBERG GLUSKER,"1900 Avenue of the Stars, 21st Floor",Los Angeles,CA,90067,34.0536909,-118.242766,ai,corroborated
GREENBERG REGENERATIVE,,,,,,,,
GREENBERG TRAURIG,"333 SE 2nd Avenue, Suite 4400",Miami,FL,33131,25.7712904,-80.1895021,manual,verified
GREENBERGDAUBEREPSTEIN&TUCKER,1 Gateway Center,Newark,NJ,07102,40.7351297,-74.167597,ai,corroborated
GREENBRIER ANIMAL HOSPITAL,,,,,,,,
GREENE KARLIN REAL ESTATE LLC,,,,,,,,
GREENHOUSE SOFTWARE,"1 Lafayette Street, 4th Floor",New York,NY,10013,40.7148423,-74.0037874,ai,grounded
GREENPOINT GLOBAL,"350 Fifth Avenue, 66th Floor",New York,NY,10118,40.9161016,-73.8071811,ai,uncorroborated
GREENSKY,5565 Glenridge Connector,Atlanta,GA,30342,33.9054525,-84.36003769999999,manual,verified
GREENSPAN & GREENSPAN PC,"100 Jericho Quadrangle, Suite 309",Jericho,NY,11753,40.7860057,-73.5511961,ai,corroborated
GREENSPOON MARDER LLP,"200 E. Broward Blvd., Suite 1800",Fort Lauderdale,FL,33301,26.1219128,-80.1409858,ai,corroborated
GREENSPRING REALTY PARTNERS,"1212 York Road, Suite C 300",Lutherville,MD,21093,39.4168329,-76.6152681,ai,grounded
GREENSTEIN NEUROLOGY,,,,,,,,
GREENWICH HOSPITAL,5 Perryridge Road,Greenwich,CT,06830,41.034299,-73.6306463,ai,grounded
GREENWOOD GAMING INC,2999 Street Road,Bensalem,PA,19020,40.113403,-74.955836,ai,grounded
GREGORY FUNDING,"13190 SW 68th Pkwy, Suite 200",Tigard,OR,97223,45.4247538,-122.7448712,ai,grounded
GREYSTONE,"152 West 57th Street, 60th Floor",New York,NY,10019,40.7648665,-73.9796202,ai,grounded
GREYSTONE POWER CORPORATION,3400 Hiram Douglasville Hwy,Hiram,GA,30141,33.8708723,-84.7647154,ai,corroborated
GREYWOLF CAPITAL,"60 East 42nd Street, Suite 1901",New York,NY,10165,40.7522678,-73.9786075,ai,corroborated
GRG,,,,,,,,
GRID DYNAMICS,"6101 Bollinger Canyon Road, Suite 465",San Ramon,CA,94583,37.762582,-121.956948,ai,grounded
GRIFFIN,,,,,,,,
GRIFFIN CARE,,,,,,,,
GROCH ENTERPRISES LLC,,,,,,,,
GROMIS EQUITIES,1122 S Robertson Blvd Suite 1,Los Angeles,CA,90035,34.0567425,-118.3835751,ai,grounded
GRONER ASSOCIATES,"152 West 57th Street, 18th Floor",New York,NY,10019,40.7648665,-73.9796202,ai,uncorroborated
"GROSINGER, SPIGELMAN AND GREY","1750 S Telegraph Rd, Ste 205",Bloomfield Hills,MI,48302,42.6128327,-83.3110286,ai,grounded
GROSS BUILDERS,12608 State Rd,North Royalton,OH,44133,41.3220176,-81.7246745,ai,corroborated
GROSSMAN COMPANY PROPERTIES,"3101 N Central Ave, Suite 1390",Phoenix,AZ,85012,33.4843459,-112.073466,manual,verified
GROSSMAN HEINZ,"1960 East Grand Avenue, Suite 300",El Segundo,CA,90245,33.9188524,-118.3929961,ai,uncorroborated
GROSSMAN ROTH YAFFA COHEN,"45 Broadway, 6th Floor",New York,NY,10006,40.7063924,-74.0130532,ai,uncorroborated
GROUNDSWELL INVESTMENTS,"1999 Harrison Street, Suite 1750",Oakland,CA,94612,37.8077827,-122.2651196,ai,corroborated
GROUP 1001,,,,,,,,
GROUP 1001 RESOURCES LLC,,,,,,,,
GROUP W MANAGEMENT,"305 Madison Avenue, 4th Floor",New York,NY,10165,42.0924417,-76.7999904,ai,corroborated
GROVE POINT PARTNERS,382 NE 191st St PMB 50448,Miami,FL,33179,25.7741566,-80.1935973,ai,grounded
GROWTH MARKETING ADVISORS,"500 West Madison Street, Suite 300",Chicago,IL,60661,41.8825674,-87.6404921,ai,uncorroborated
GRT CORPORATION,263 Tresser Blvd,Stamford,CT,06901,41.051598,-73.535362,manual,verified
GRUBMAN SHIRE MEISELAS & SACKS,"600 Third Avenue, Suite 2300",New York,NY,10016,40.7493233,-73.9758905,ai,corroborated
GRUNBAUM,,,,,,,,
GRUNBERG REALTY,"225 Fifth Avenue, Suite 610",New York,NY,10010,40.9144375,-73.8082387,ai,corroborated
GRUND & LEAVITT,812 North Dearborn Street,Chicago,IL,60610,41.8971707,-87.6301273,ai,grounded
GRUNDY INDUSTRIAL COMPLEX INC,,,,,,,,
GRUNER & CO. INC,"551 Fifth Avenue, 19th Floor",New York,NY,10176,40.9192446,-73.8054414,ai,corroborated
GRYPHON,345 Park Avenue,New York,NY,10154,40.7577559,-73.9722731,ai,uncorroborated
GS ASSOCIATES,,,,,,,,
GS HOLDINGS,200 West Street,New York,NY,10282,40.7147237,-74.0144315,ai,uncorroborated
GSA,1800 F Street NW,Washington,DC,20405,38.8969785,-77.0425671,ai,grounded
GSC,,,,,,,,
GSD,,,,,,,,
GSI INVESTMENTS,100 Crescent Ct #700,Dallas,TX,75201,32.7939116,-96.8033152,ai,corroborated
GSK,"2929 Walnut Street, Ste. 1700",Philadelphia,PA,19104,39.9519605,-75.1837962,ai,grounded
GSP,,,,,,,,
GSS,,,,,,,,
GSSPORTS,,,,,,,,
GSU,,,,,,,,
GSW,500 Olde Worthington Rd,Westerville,OH,43082,40.1404454,-82.9640968,ai,grounded
GTA,,,,,,,,
GTCR,"300 North LaSalle Street, Suite 4200",Chicago,IL,60654,41.8868828,-87.6324633,ai,uncorroborated
GTJ REIT INC,,,,,,,,
GTM FLOW,,,,,,,,
GTREASURY,"2100 E. Lake Cook Rd., Suite 1100",Buffalo Grove,IL,60089,42.1542113,-87.9589265,ai,grounded
GTS,545 Madison Ave,New York,NY,10022,40.760661,-73.9729948,ai,corroborated
GTS SECURITIES LLC,"One Penn Plaza, 36th Floor",New York,NY,10119,40.7510985,-73.9919723,ai,uncorroborated
GUAC-LOCK,,Scarsdale,NY,10583,,,,
GUARANTEE RESTORATION SERVICES,1712 South Boulder Avenue,Tulsa,OK,74119,36.1375814,-95.9886042,ai,uncorroborated
GUARD,,,,,,,,
GUARDIAN DENTISTRY PARTNERS,"5803 NW 151st Street, Suite 201",Miami Lakes,FL,33014,25.9112028,-80.2958599,ai,grounded
GUARDIAN LIFE,7 Hanover Square,New York,NY,10004,40.7047503,-74.0095672,ai,uncorroborated
GUARDIAN PHARMACY,"300 Galleria Parkway SE, Suite 800",Atlanta,GA,30339,33.8862488,-84.4623353,ai,grounded
GUERRERO STRATEGIES,,,,,,,,
GUESS INC,1444 S Alameda St,Los Angeles,CA,90021,34.024164,-118.2393675,ai,corroborated
GUGGENHEIM PARTNERS,"330 Madison Avenue, 13th Floor",New York,NY,10017,40.7530304,-73.9792984,ai,corroborated
GUHSD,403 Main St,El Cajon,CA,92020,32.794846,-116.9663373,ai,corroborated
GUIDEPOINT,"375 Hudson Street, 12th Floor",New York,NY,10014,40.7284863,-74.0079039,ai,corroborated
GUIDEPOST,"One Penn Plaza, Suite 5300",New York,NY,10119,40.7510985,-73.9919723,ai,corroborated
GUIDEPOST STRATEGIES,"1401 H Street NW, 5th Floor",Washington,DC,20005,38.9005175,-77.0322149,ai,grounded
GUILD PARTNERS,4832 North 26th Road,Arlington,VA,22207,38.9026243,-77.1296686,ai,grounded
GULF COAST BAG,4422 W 12TH ST,HOUSTON,TX,77055,29.791242,-95.4546357,manual,verified
GUMENICK PROPERTIES,"4901 Libbie Mill East Boulevard, Suite 200",Richmond,VA,23230,37.5907348,-77.493889,ai,grounded
GUMGUM,"274 Brannan Street, Suite 600",San Francisco,CA,94107,37.7825848,-122.3917665,ai,uncorroborated
GUNSTER,"600 Brickell Avenue, Suite 3500",Miami,FL,33131,25.7675114,-80.1910059,ai,corroborated
GURSEY SCHNEIDER,"Two Woodbridge Center Drive, Suite 300",Woodbridge,NJ,07095,40.5536536,-74.2823862,ai,uncorroborated
GURSTEL LAW FIRM PC,6681 Country Club Drive,Golden Valley,MN,55427,44.9852483,-93.3653423,ai,grounded
GUS MAYER,600 Highland Colony Pkwy,Ridgeland,MS,39157,32.418335,-90.158295,ai,uncorroborated
GUTERMAN & ROSENBERG,,,,,,,,
GUY CARPENTER & CO,1166 Avenue of the Americas,New York,NY,10036,40.7568778,-73.9820036,ai,corroborated
GVW GROUP,,,,,,,,
GW&K,222 Berkeley St,Boston,MA,02116,42.3514077,-71.0730278,ai,corroborated
GWC,,,,,,,,
GWE,,,,,,,,
GWYNEDD SQUARE NURSING CENTER,1019 Sumneytown Pike,North Wales,PA,19454,40.212544,-75.2849356,ai,corroborated
GXO,Two American Lane,Greenwich,CT,06831,41.0264862,-73.6284598,ai,grounded
GYL FINANCIAL SYNERGIES LLC,,,,,,,,
GYNECOLOGY ASSOCIATES OF SOUTH FLORIDA,"8150 W. McNab Road, Suite 401",North Lauderdale,FL,33068,26.206734,-80.1993306,ai,corroborated
"H DENISE WOOTEN, PSYD",,,,,,,,
H&E DO IT YOURSELF CENTER,1901 NE 2nd Street,Fort Lauderdale,FL,33304,26.1245108,-80.127923,ai,uncorroborated
H&M DEVELOPMENT,,,,,,,,
H.C.WAINWRIGHT,"430 Park Avenue, 6th Floor",New York,NY,10022,40.7611695,-73.9722581,ai,corroborated
H.I.G. CAPITAL,"390 Park Avenue, 6th Floor",New York,NY,10022,40.7595773,-73.972688,ai,corroborated
H.N. GORIN,,,,,,,,
H.O.M.E,,,,,,,,
H.R. LABS,,,,,,,,
H.W. KAUFMAN,30833 Northwestern Hwy #220,Farmington Hills,MI,48334,42.4853125,-83.3771553,ai,grounded
H2A CAPITAL,2601 SOUTH BAYSHORE DRIVE STE 1200,MIAMI,FL,33133,25.7325955,-80.2342742,ai,corroborated
HABIF PROPERTIES,"3717 Roswell Rd NE, Suite 100",Atlanta,GA,30342,33.8767701,-84.3799824,ai,grounded
HACKENSACK UNIVERSITY MEDICAL CENTER,30 Prospect Avenue,Hackensack,NJ,07601,40.8837051,-74.0559409,ai,corroborated
HACKMAN CAPITAL PARTNERS,"11111 Santa Monica Blvd, Suite 850",Los Angeles,CA,90025,34.0479583,-118.4450127,manual,verified
HADASSAH,"50 West 58th Street, Suite 60",New York,NY,10019,40.7643906,-73.9754217,ai,uncorroborated
HADDAD REALTY TRUST,,,,,,,,
HADLEY MAK,,,,,,,,
HAELOHIM,,,,,,,,
HAGER PACIFIC PROPERTIES,"1333 Broadway, Suite 1200",Oakland,CA,94612,37.8041437,-122.2719334,ai,corroborated
HAHN AUTOMOTIVE,,,,,,,,
HAHNEMANN MEDICAL,,,,,,,,
HAITH & CO,11415 W 87th Terrace,Overland Park,KS,66214,38.9691255,-94.7179359,ai,grounded
HAIVISION,,,,,,,,
HAKIM HOLDINGS,,,,,,,,
HALLMARK CARDS,2501 McGee Street,Kansas City,MO,64108,39.0815539,-94.5807203,ai,uncorroborated
HALO,1500 HALO Way,Sterling,IL,61081,41.788253,-89.6953656,ai,corroborated
HALO BRANDED SOLUTIONS,"1001 Warrenville Road, Suite 100",Lisle,IL,60532,41.8079788,-88.0720004,ai,grounded
HALPERN ENTERPRISES,5200 Roswell Rd,Atlanta,GA,30342,33.8734582,-84.381017,manual,verified
HAMEROFF LAW GROUP PC,"11622 El Camino Real, Suite 100",San Diego,CA,92130,32.933327,-117.2362906,ai,uncorroborated
HAMMERMAN CAPITAL MANAGEMENT,1232 Rose Lane,Lafayette,CA,94549,37.9023445,-122.1308149,ai,grounded
HAMMERSPACE,"1212 Broadway, 3rd Floor",Oakland,CA,94612,37.8030878,-122.2714688,ai,corroborated
HAMMOND,,,,,,,,
HAMMOND COLDWELL BSNKER,,,,,,,,
HAMMOND RESIDENTIAL REAL ESTATE,,,,,,,,
HAMPDEN CORP,,,,,,,,
HANACO VENTURES,"601 Lexington Avenue, 45th Floor",New York,NY,10022,40.7587794,-73.9704834,ai,corroborated
HAND SURGERY,,,,,,,,
HANDELMAN INSURANCE ADVISORS,,,,,,,,
HANDI-FOIL,1216 W Lake Street,Bensenville,IL,60106,41.9538384,-87.9431781,ai,corroborated
HANDLEMAN COMPANY,,,,,,,,
HANDY-HANDS LLC,,,,,,,,
HANGLEY ARONCHICK,"One Logan Square, 27th & Arch Streets",Philadelphia,PA,19103,39.9527237,-75.1635262,ai,uncorroborated
HANGLEY ARONCHICK SEGAL PUDLIN & SCHILLER PC,"One Logan Square, 27th Floor, 130 North 18th Street",Philadelphia,PA,19103,39.9576957,-75.1712576,ai,uncorroborated
"HANKIN PATENT LAW, APC","10250 Constellation Blvd, Suite 1830",Los Angeles,CA,90067,33.9522674,-118.3753268,ai,corroborated
HANSON BRIDGETT LLP,"425 Market Street, 26th Floor",San Francisco,CA,94105,37.7912036,-122.398153,ai,corroborated
HANSONROBOKIND,,,,,,,,
HAPPYNEST ENTERTAINMENT,,,,,,,,
HARBERG HUVARD JACOBS WADLER LLP,,,,,,,,
HARBERG HUVARD LLP,,,,,,,,
HARBERT MANAGEMENT CORPORATION,,,,,,,,
HARBOR CAPITAL MGMT,"1 Market Street, Suite 2200",San Francisco,CA,94105,37.79382,-122.3948144,ai,uncorroborated
HARBOR GROUP INTERNATIONAL,"999 Waterside Drive, Suite 2300",Norfolk,VA,23510,36.843993,-76.288034,ai,grounded
HARDWOOD PARTNERS,968 Harbor Rd,Southport,CT,06890,41.1301145,-73.2860255,ai,grounded
HARLAN CAPITAL PARTNERS,"440 Royal Palm Way, Suite 300",Palm Beach,FL,33480,26.7053475,-80.0427685,ai,grounded
HARLEY-DAVIDSON MOTOR COMPANY,3700 W Juneau Ave,Milwaukee,WI,53208,43.0462149,-87.9602999,ai,corroborated
HARMONIC FINANCIAL TECHNOLOGY,,,,,,,,
HARMONY GROUP,,,,,,,,
HARMONY MFI,,,,,,,,
HARODITE INDUSTRIES,,,,,,,,
HAROLD J LEHMAN INDUSTRIES,,,,,,,,
HARPER CAPITAL PARTNERS LLC,"600 Lexington Avenue, 5th Floor",New York,NY,10022,40.7580277,-73.9714246,ai,uncorroborated
HARPERCOLLINS,195 Broadway,New York,NY,10007,40.7107351,-74.009683,ai,corroborated
HARRIDGE DEVELOPMENT GROUP,"801 S Figueroa Street, Suite 700",Los Angeles,CA,90017,34.0478476,-118.2618325,ai,corroborated
HARRINGTON PHYSICIAN SERVICES,,,,,,,,
HARRIS COUNTY,1001 Preston St,Houston,TX,77002,29.7615165,-95.3606647,ai,corroborated
HARRIS HEALTH,2525 Holly Hall St,Houston,TX,77054,29.6860778,-95.3873562,ai,corroborated
HARRIS MEDICAL CENTER,1301 E Main St,Melbourne,AR,72556,36.0589374,-91.9026171,ai,uncorroborated
HARRIS NEW YORK LLC,,,,,,,,
HARRIS WATER ENGINEERING,,,,,,,,
HARRIS WILLIAMS,"1001 Fleet St, Suite 700",Richmond,VA,23219,37.5374392,-77.4353923,ai,grounded
HARRISON ASSN OF TCH,,,,,,,,
HARRY ROSS INDUSTRIES,,,,,,,,
HARRY WILS & CO,,,,,,,,
"HARTER, SECREST, & EMERY",1600 Bausch & Lomb Place,Rochester,NY,14604,43.1544721,-77.6061233,ai,corroborated
HARTFORD HEALTHCARE,181 Jefferson Street,Hartford,CT,06106,41.7552797,-72.6844449,ai,corroborated
HARTFORD HEALTHCARE MEDICAL GROUP,100 Retreat Ave,Hartford,CT,06106,41.7530731,-72.6786578,ai,corroborated
HARTFORD HOSPITAL,80 Seymour St,Hartford,CT,06102,41.7540689,-72.6793902,ai,corroborated
HARTLEY LAW,,,,,,,,
HARTREE PARTNERS,"1 State St, 33rd Floor",New York,NY,10004,40.7025642,-74.0131538,ai,grounded
HARVARD BUSINESS SCHOOL,Soldiers Field Rd,Boston,MA,02163,42.3558318,-71.1182559,ai,corroborated
HARVARD LAW SCHOOL,1545 Massachusetts Ave,Cambridge,MA,02138,42.3779559,-71.1185838,ai,corroborated
HARVARD UNIVERSITY,"Massachusetts Hall, 1 Harvard Yard",Cambridge,MA,02138,42.3656347,-71.1040018,ai,corroborated
HARVEST SOLUTIONS,,,,,,,,
HARVEY CAPITAL CORP,,,,,,,,
HARVEY SISKIND,"4 Embarcadero Center, Suite 1400",San Francisco,CA,94111,37.7879363,-122.4075201,ai,uncorroborated
HASBARA FELLOWSHIPS,,,,,,,,
HASBRO,1027 Newport Avenue,Pawtucket,RI,02861,41.882975,-71.3543015,ai,uncorroborated
HASTEN CONSULTING LLC,,,,,,,,
HATCH,"5 Mill & Main Place, Ste 300",Burlington,MA,01803,42.5048167,-71.1956111,ai,uncorroborated
HATS TO HOSE,,,,,,,,
HAVAS,200 Hudson St,New York,NY,10013,40.7230116,-74.0078661,ai,corroborated
HAVENLY VENTURES,"99 University Place, Suite 204",New York,NY,10003,40.7337519,-73.9927786,ai,grounded
HAWK HILL MANAGEMENT COMPANY LLC,,Boston,MA,02110,,,,
HAWK INC,,,,,,,,
HAWKE MEDIA,"5401 Wilshire Blvd, Suite 240",Los Angeles,CA,90036,34.0625343,-118.346381,ai,corroborated
HAWKEYE,,,,,,,,
HAWKEYE AGENCY,,,,,,,,
HAWKINS WAY CAPITAL,,,,,,,,
HAWKTOWER LLC,,,,,,,,
HAWTHORNE RADIOLOGY,1918 W Beverly Blvd,Montebello,CA,90640,34.0198926,-118.1194769,ai,grounded
HAYNESBOONE,"2323 Victory Avenue, Suite 700",Dallas,TX,75219,32.7856958,-96.8103404,ai,corroborated
HB ASSOCIATES,,,,,,,,
HBC HOME SOLUTIONS TA KITHEN SAVER,,,,,,,,
HBK CAPITAL MANAGEMENT,"2300 North Field Street, Suite 2200",Dallas,TX,75201,32.788471,-96.806271,ai,grounded
HBO,30 Hudson Yards,New York,NY,10001,40.7539277,-74.0005544,ai,grounded
HC COMPANIES/UNITED CAPITAL MANAGEMENT,,,,,,,,
HCA,"One Park Plaza, 1 Park Plaza",Nashville,TN,37203,36.1622767,-86.7742984,ai,grounded
HCA AVENTURA HOSPITAL,20900 Biscayne Blvd,Aventura,FL,33180,25.9699925,-80.1450406,ai,corroborated
HCA FLORIDA JFK NORTH MEDICAL CENTER,4700 N Congress Ave,Atlantis,FL,33462,26.5909025,-80.1008762,ai,corroborated
HCC,"13403 Northwest Freeway, Suite 800",Houston,TX,77040,29.8496252,-95.5087632,ai,grounded
HCC SERVICE COMPANY,1401 E. 9th Street,Cleveland,OH,44114,41.5032873,-81.6895796,ai,uncorroborated
HCHC,450 Capitol Ave,Hartford,CT,06106,41.7638661,-72.6904735,ai,uncorroborated
HCLA,,,,,,,,
HCMG,,,,,,,,
HCT HEALTHCARE TRANSFORMATION,"875 N Michigan Ave, Suite 3100",Chicago,IL,60611,41.8988813,-87.6230962,manual,verified
HD SUPPLY,3400 Cumberland Blvd SE,Atlanta,GA,30339,33.7544657,-84.3898151,ai,grounded
HDB,,,,,,,,
HDT GLOBAL,"30500 Aurora Road, Suite 100",Solon,OH,44139,41.3685318,-81.4097476,ai,grounded
HEADHAUL CAPITAL PARTNERS,"101 Federal Street, 19th Floor",Boston,MA,02110,42.354929,-71.0567125,ai,uncorroborated
HEADWAY,"71 Stevenson Street, Suite 1100",San Francisco,CA,94105,37.7893587,-122.399697,ai,uncorroborated
HEALTH ADVOCATE,200 River Ridge Drive,Grapevine,TX,76051,32.9337381,-97.0788754,ai,uncorroborated
HEALTH ADVOCATES,"21540 Plummer Street, Suite B",Chatsworth,CA,91311,34.2426252,-118.5986097,ai,grounded
HEALTH MANAGEMENT ASSOCIATES,"901 E Cary St, Suite 1000",Richmond,VA,23219,37.5366161,-77.4372639,ai,uncorroborated
HEALTH QUALITY MANAGEMENT,"15760 Ventura Boulevard, Suite 920",Encino,CA,91436,34.1552716,-118.4762079,ai,grounded
HEALTH RESEARCH INC,100 College St,Syracuse,NY,13210,43.0481221,-76.1474244,ai,corroborated
HEALTH SOURCE DISTRIBUTORS,,BALTIMORE,MD,21201,,,,
HEALTHCOR MANAGEMENT,"2 Bethesda Metro Center, Suite 700",Bethesda,MD,20814,38.9847744,-77.0957275,ai,uncorroborated
HEALTHFIRST,"520 8th Avenue, 10th Floor",New York,NY,10018,40.7537655,-73.9920735,ai,grounded
HEALTHMARKETS,"1 HealthMarkets Plaza, Suite 100",Nashville,TN,37203,36.1622767,-86.7742984,ai,uncorroborated
HEALTHPEAK,"4600 South Syracuse Street, Suite 500",Denver,CO,80237,39.6292327,-104.8988136,ai,grounded
HEALTHSOUTH CORPORATION,4000 Meridian Blvd,Franklin,TN,37067,35.9516115,-86.8098977,ai,uncorroborated
HEALTHWORKS,,,,,,,,
HEART & VASCULAR CENTER OF ARIZONA,,,,,,,,
HEART GALLERY AL,,,,,,,,
HEARTLAND TURF,1399 North State Road 19,Franklin,IN,46131,39.4806056,-86.0549863,ai,uncorroborated
HEARTLAND VENTURES,"1819 Peachtree Rd NE, Suite 300",Atlanta,GA,30309,33.8048895,-84.3937967,ai,uncorroborated
HEATH CARE SERVICE,,,,,,,,
HEBERT SMITH FREEHILLS KRAMER,,,,,,,,
HEBREW ACADEMY OF NASSAU COUNTY,1651 Wantagh Avenue,Wantagh,NY,11793,40.6814345,-73.5095205,ai,corroborated
HEBREW COLLEGE,160 Herrick Road,Newton Centre,MA,02459,42.325304,-71.1888012,ai,corroborated
HEBREW HOME,612 Allerton Ave,Bronx,NY,10467,40.8652892,-73.8700772,ai,uncorroborated
HEBREW INSTITUTE OF WHITE PLAINS,311 North St,White Plains,NY,10605,41.0262358,-73.7471953,ai,corroborated
HEDGEACT,,,,,,,,
HEDY TRAVEL,,,,,,,,
HEI HOTELS,"101 Merritt 7 Corporate Park, 1st Floor",Norwalk,CT,06851,41.1175966,-73.4078968,ai,grounded
HEIC,,,,,,,,
HEICO CORPORATION,3000 Clearwater Drive,Holiday,FL,34691,28.1879273,-82.740074,ai,corroborated
HEIDEMAN NUDELMAN & KALIK PC,"1140 19th St NW, Suite 500",Washington,DC,20036,38.9049627,-77.0438808,ai,grounded
HEIDENBERG PROPERTIES,,,,,,,,
HEIGHTS ADVISORS,"140 Remsen Street, 2nd Fl",Brooklyn,NY,11201,40.6526006,-73.9497211,ai,grounded
HEIGHTS TITLE LLC,,,,,,,,
HEIRLOOM,,,,,,,,
HEKMAT LAW GROUP PC,225 E 1st St,Tustin,CA,92780,33.745578,-117.8218903,ai,corroborated
HELD PROPERTIES,,,,,,,,
HELIUM INVESTMENTS,100 Park Ave,New York,NY,10017,40.7513385,-73.9790005,ai,uncorroborated
HELIX ELECTRIC,"18301 Von Karman Ave, Suite 350",Irvine,CA,92612,33.6856969,-117.825981,ai,corroborated
HELLAS CONSTRUCTION INC,200 S Orange Ave Suite 1220,Orlando,FL,32801,28.5400099,-81.3794971,ai,uncorroborated
HELLER INDUSTRIES,4 Vreeland Road,Florham Park,NJ,07932,40.792503,-74.373917,ai,grounded
HELLMAN MANAGEMENT LLC,"255 California St, Suite 400",San Francisco,CA,94111,37.7929589,-122.3995978,ai,uncorroborated
HELLMUTH OBATA KASSABAUM,"100 Washington Ave S, Suite 200",Minneapolis,MN,55401,44.9812202,-93.2657361,ai,uncorroborated
HELMOND CORP,,,,,,,,
HELP WITH AGING,,,,,,,,
HELZBERG FOUNDATION,,,,,,,,
"HENDRICK, PHILLIPS, SALZMAN & SIEGEL","1350 Broadway, 17th Floor",New York,NY,10018,40.7509424,-73.9873466,ai,uncorroborated
HENKEL,1875 South Grant Street,Springfield,MA,01118,42.1018764,-72.5886727,ai,uncorroborated
HENKEL AG&CO,ONE HENKEL WAY,Rocky Hill,CT,06067,41.6451391,-72.6620982,ai,uncorroborated
HENNEPIN FACULTY ASSOCIATES,701 Park Ave,Minneapolis,MN,55415,44.971203,-93.2603581,ai,corroborated
HENRICO CARDIOLOGY ASSOCIATES,"7601 Shrader Rd, Suite 300",Henrico,VA,23228,37.623111,-77.5221904,ai,corroborated
HENRY ELLIOTT & CO,,,,,,,,
HENRY FORD HEALTH SYSTEM,1 Ford Place,Detroit,MI,48202,42.3635796,-83.0749603,ai,corroborated
"HENRY I. SCHANZER, ESQ",,,,,,,,
HENRY SCHEIN INC,135 Duryea Road,Melville,NY,11747,40.767775,-73.417486,ai,corroborated
HENSCHEL-STEINAU INC,1400 S White River Pkwy E Dr,Indianapolis,IN,46225,39.7486643,-86.1718953,ai,uncorroborated
HERB SIMON ASSOCIATES,,,,,,,,
HERBALIFE,800 W Olympic Blvd,Los Angeles,CA,90015,34.0446975,-118.2646054,ai,corroborated
HERCULES,"400 Hamilton Avenue, Suite 310",Palo Alto,CA,94301,37.4465277,-122.1584661,manual,verified
HERCULES FENCE,8580 Mission Rd,Jessup,MD,20794,39.1639077,-76.8092596,ai,grounded
HERCULES REAL ESTATE SERVICES INC,,,,,,,,
HERITAGE PROPERTY MANAGEMENT,,,,,,,,
HERMAN CAPITAL CORPORATION,3539 Douglas Dr N,Crystal,MN,55422,45.0209113,-93.3601722,ai,grounded
HERMAN CO,"6 E 45th St, 22nd Floor",New York,NY,10017,40.7549116,-73.9789109,ai,uncorroborated
HERO NORTH AMERICA,3000 Ocean Drive,Dallas,TX,75226,32.9503919,-96.7111888,ai,uncorroborated
HERON CAPITAL,"9245 N. Meridian St., Ste. 101",Indianapolis,IN,46260,39.9223389,-86.1573118,ai,grounded
HERON REAL ESTATE CORP,,,,,,,,
HERRICK FEINSTEIN LLP,2 Park Avenue,New York,NY,10016,40.7463564,-73.9825765,ai,corroborated
HERROD CONSTRUCTION,1095 Cranbury South River Road,Jamesburg,NJ,08831,40.3851338,-74.4436967,ai,grounded
HERRUP SCHUMAN CPA,,,,,,,,
HERRUPCPA,,,,,,,,
HERST VENTURES INC,,,,,,,,
HERTOG FOUNDATION,399 Park Avenue,New York,NY,10022,40.7589833,-73.9714789,manual,verified
HERZL-NER TAMID CONSERVATIVE CONGREGATION,3700 West Touhy Avenue,Skokie,IL,60076,42.0122639,-87.721413,manual,verified
HERZOG LEADERSHIP CONSULTING,,,,,,,,
HESCHEL SCHOOL,57 East 94th Street,New York,NY,10128,40.7861551,-73.9554368,ai,corroborated
HESHA ABRAMS MEDIATION LLC,,,,,,,,
HEWLETT,3000 Hanover Street,Palo Alto,CA,94304,37.4157358,-122.1464494,ai,corroborated
HEWLETT-PACKARD,3000 Hanover St,Palo Alto,CA,94304,37.4157358,-122.1464494,ai,uncorroborated
HEXAGON HOSPITALITY,"1301 Dove Street, Suite 210",Newport Beach,CA,92660,33.6621366,-117.8666546,ai,uncorroborated
HEXAGON SECURITIES LLC,1201 North Market Street,Wilmington,DE,19801,39.747482,-75.546639,ai,uncorroborated
HEYMAN,,,,,,,,
HEYMAN WEALTH MANAGEMENT LLC,16133 Ventura Blvd #640,Encino,CA,91436,34.1567642,-118.4850325,ai,grounded
HFA,1900 Duke Street,Alexandria,VA,22314,38.8048356,-77.0624946,ai,uncorroborated
HGF,,,,,,,,
HHCMG,1100 Walnut St,Kansas City,MO,64106,39.1004423,-94.5824242,ai,uncorroborated
HI-TECH COMMUNICATIONS,1151-A Gateway Blvd,Concord,CA,94520,37.9714527,-122.0420598,ai,uncorroborated
HIDDEN HILLS FARM AND VINEYARD,,,,,,,,
HIDROCK,2372 Morse Ave,Irvine,CA,92614,33.6815992,-117.8491435,ai,uncorroborated
HIDROCK PROPERTIES,"667 Madison Avenue, 5th Floor",New York,NY,10065,40.7644866,-73.9703323,ai,corroborated
HIGH LIFE LLC,,,,,,,,
HIGH OPPORTUNITY NEIGHBORHOOD PARTNERS,400 West 15th Street,Austin,TX,78701,30.278329,-97.743273,ai,corroborated
HIGH PACIFIC CORP,1010 Wilshire Blvd,Los Angeles,CA,90017,34.0515084,-118.2617323,ai,corroborated
HIGH POINT GROCERY,110 E English Rd,High Point,NC,27260,35.9593183,-80.0067621,ai,uncorroborated
HIGH RISE FINANCIAL,,,,,,,,
HIGH STREET HOLDINGS,250 Vesey Street,New York,NY,10281,40.7144361,-74.0158043,ai,uncorroborated
HIGHCAPE CAPITAL,36 Church Lane,Westport,CT,06880,41.142094,-73.3598505,ai,grounded
HIGHFIELDS CAPITAL,"200 Clarendon St, 59th Floor",Boston,MA,02116,42.3491677,-71.075124,manual,verified
HIGHFLYER PAYROLL,"8550 United Plaza Blvd, Suite 702",Baton Rouge,LA,70809,30.4116587,-91.0969758,ai,corroborated
HIGHLAND BAKING COMPANY,2301 Shermer Rd,Northbrook,IL,60062,42.1117464,-87.8294931,ai,grounded
HIGHLAND CAPITAL,100 Crescent Court,Dallas,TX,75201,32.7939116,-96.8033152,ai,uncorroborated
HIGHLAND CAPITAL MANAGEMENT LLC,"100 Crescent Court, Suite 700",Dallas,TX,75201,32.7939116,-96.8033152,ai,uncorroborated
HIGHLANDER,,,,,,,,
HIGHMARK,"120 Fifth Avenue Place, 120 Fifth Ave",Pittsburgh,PA,15222,40.4406968,-80.0025666,ai,corroborated
HIGHSAGE VENTURES,200 Clarendon Street,Boston,MA,02116,42.3491677,-71.075124,manual,verified
HIGHTECHLENDING,2030 Main St,Irvine,CA,92614,33.6831583,-117.8531863,ai,grounded
HIGHTOWER,"200 West Madison Street, Suite 2500",Chicago,IL,60606,41.8822821,-87.634359,ai,grounded
HIGHTOWER ADVISORS,"333 West Wacker Drive, Suite 1700",Chicago,IL,60606,41.886173,-87.6358607,ai,grounded
HIGHVIEW CAPITAL CORP,One Boston Place,Boston,MA,02108,42.3585284,-71.0583757,ai,uncorroborated
HIGHVISTA STRATEGIES,,CHESTNUT HILL,MA,02467,,,,
HIGHWAY TRANSPORT,,,,,,,,
HILB GROUP,"4350 North Fairfax Drive, Suite 100",Arlington,VA,22203,38.8769326,-77.0893094,ai,uncorroborated
HILCO GLOBAL,"151 North Franklin Street, Suite 300",Chicago,IL,60606,41.8847995,-87.6348936,ai,corroborated
HILCO REAL ESTATE,"3100 West Dr. Martin Luther King Jr. Blvd., Suite 200",Chicago,IL,60647,41.8755616,-87.6244212,ai,corroborated
HILL & MARKES LLC,100 SE 2nd St Suite 2900,Miami,FL,33131,25.7722518,-80.1914324,ai,uncorroborated
HILLCREST GARDEN,,,,,,,,
HILLCREST ROYALE,,,,,,,,
HILLDUN,"85 Broad Street, 28th Floor",New York,NY,10004,40.7039838,-74.0111188,ai,corroborated
HILLEL,800 Eighth Street NW,Washington,DC,20001,38.8950368,-77.0365427,ai,grounded
HILLEL ACADEMY,5068 North Florida Avenue,Tampa,FL,33603,27.9919998,-82.459505,ai,uncorroborated
HILLEL ACADEMY OF DAYTON,55 Emerson Avenue,Dayton,OH,45405,39.7797387,-84.2228947,ai,corroborated
HILLEL ACADEMY OF PITTSBURGH,5601 Bartlett Street,Pittsburgh,PA,15217,40.435881,-79.92689,ai,corroborated
HILLEL DAY SCHOOL,6180 Executive Boulevard,Rockville,MD,20852,39.0817985,-77.1516844,ai,uncorroborated
HILLEL INTERNATIONAL,800 Eighth Street NW,Washington,DC,20001,38.8950368,-77.0365427,ai,grounded
HILLEL TORAH,,,,,,,,
HILLMAN GROUP,"500 E Diehl Rd, Suite 550",Naperville,IL,60563,41.8023918,-88.1382862,ai,uncorroborated
HILLS DEVELOPERS,,,,,,,,
HILLS PROPERTIES,,,,,,,,
HILLSBOROUGH COUNTY,"601 E Kennedy Blvd, 28th Floor",Tampa,FL,33602,27.9483131,-82.4548198,ai,corroborated
HILLSON FINANCIAL MANAGEMENT INC,,,,,,,,
HILLSON GLOBAL STRATEGIES,1209 Orange Street,Wilmington,DE,19801,39.7485065,-75.5476836,ai,uncorroborated
HILLSPIRE,1010 Alma St,Menlo Park,CA,94025,37.4545501,-122.1811108,ai,grounded
HILLWOOD,"5215 N O'Connor Blvd, Suite 200",Irving,TX,75039,32.8697896,-96.9393103,ai,corroborated
HILTON HOTELS CORPORATION,7930 Jones Branch Dr,McLean,VA,22102,38.9287768,-77.2156427,ai,uncorroborated
HILTY ELECTRICAL CONTRACTING,,,,,,,,
HILTYS ELECTRIC,,,,,,,,
HINCKLEY ALLEN,28 State St,Boston,MA,02109,42.3593391,-71.0574507,ai,corroborated
HINSHAW,"191 North Wacker Drive, Suite 4700",Chicago,IL,60606,41.8853347,-87.6364826,ai,uncorroborated
HINSHAW & CULBERTSON LLP,"151 N Franklin St, Suite 2500",Chicago,IL,60606,41.8847995,-87.6348936,ai,corroborated
HIP CONSULT,,,,,,,,
HIPPOGRAPHICS,,,,,,,,
HIRSCH INC,,,,,,,,
HIRSCH ROBERTS WEINSTEIN,"One Liberty Square, 12th Floor",Boston,MA,02109,42.3576477,-71.054885,ai,grounded
HIRSEKORN COACHING,,,,,,,,
HIRVEST,,,,,,,,
HIS JUVENILES,,,,,,,,
HISA,,,,,,,,
HISPANIC AMERICAN MARKETING INC,6125 E Whittier Blvd,Los Angeles,CA,90022,34.0536909,-118.242766,ai,grounded
HITTER FAMILY LIMITED PARTNERSHIP,,,,,,,,
HK ENTERPRESES,,,,,,,,
HK ENTERPRISES INC,,,,,,,,
HK MANAGEMENT GROUP,,,,,,,,
HK ORGANIZATION,,,,,,,,
HLM CAPITAL MANAGEMENT GROUP,"1849 Green Bay Road, Suite 200",Highland Park,IL,60035,42.1856938,-87.8018909,ai,grounded
HMFP,,,,,,,,
HMH,222 Berkeley Street,Boston,MA,02116,42.3514077,-71.0730278,ai,grounded
HMP GLOBAL,"70 East Swedesford Road, Suite 100",Malvern,PA,19355,40.036202,-75.5138959,manual,verified
HMS PARTNERS,7370 Andorra Place,Boca Raton,FL,33433,26.3586885,-80.0830984,ai,grounded
HNB CAPITAL,,,,,,,,
HOAG HOSPITAL,One Hoag Drive,Newport Beach,CA,92663,33.6220799,-117.933265,ai,corroborated
HOCHBERG & HAMAR,,,,,,,,
HOCS,,,,,,,,
HODGES WARD ELLIOTT,"3384 Peachtree Road NE, 6th Floor",Atlanta,GA,30326,33.8497564,-84.3657077,ai,grounded
HOFKIN CAPITAL MANAGEMENT,,,,,,,,
HOFSTRA UNIVERSITY,1 Hofstra University,Hempstead,NY,11549,40.7730672,-73.6110909,ai,corroborated
HOGAN INSURANCE,,,,,,,,
HOGAN LOVELLS,555 Thirteenth Street NW,Washington,DC,20004,38.8950982,-77.0363849,manual,verified
HOLD BROTHERS,,,,,,,,
HOLIDAY MEDICAL ASSOC,,,,,,,,
HOLIDAY MEDICAL ASSOCIATES,,,,,,,,
HOLLAND & HART LLP,"555 Seventeenth Street, Suite 3200",Denver,CO,80202,39.7392364,-104.984862,ai,corroborated
HOLLAND & KNIGHT,"100 North Tampa Street, Suite 4100",Tampa,FL,33602,27.9454769,-82.4582642,ai,grounded
HOLLINGSWORTH RICHARDS AUTOMOTIVE GROUP,,,,,,,,
HOLLISWOOD DEVELOPMENT / EDIFICE MANAGEMENT,2101 14th St NW,Washington,DC,20009,38.918235,-77.031846,ai,uncorroborated
HOLLOWAY BENEFIT CONCEPTS,,,,,,,,
HOLLYWOOD CHAMBER OF COMMERCE,7018 Hollywood Boulevard,Hollywood,CA,90028,34.1013059,-118.3421855,ai,corroborated
HOLOCAUST & HUMANITY CENTER,,,,,,,,
HOLOGIC INC,10210 Genetic Center Drive,Marlborough,MA,01752,42.3468589,-71.5525188,ai,corroborated
"HOLTZ, SLAVETT &N DRABKIN",,,,,,,,
HOLY CROSS HEALTH,4725 N Federal Highway,Fort Lauderdale,FL,33308,26.1857317,-80.1170585,ai,grounded
HOME AUTOMATION,,,,,,,,
HOME EXPRESSIONS INC,195 Raritan Center Parkway,Edison,NJ,08837,40.514297,-74.339921,ai,grounded
HOME LOANS SPECIALISTS,,,,,,,,
HOMEBASE,,,,,,,,
HOMESMART REAL ESTATE,"1919 S. Bascom Ave, Suite 1150",Campbell,CA,95008,37.2882584,-121.9356933,ai,uncorroborated
HOMESOLO.AI,548 Market St,San Francisco,CA,94104,37.7899932,-122.4008494,ai,uncorroborated
HOMEWOOD REALTY,1121 E Philadelphia St,Ontario,CA,91761,34.0340241,-117.6323026,ai,grounded
HOMEWORKS!,,,,,,,,
HOMEX,,,,,,,,
HON,200 Oak Street,Muscatine,IA,52761,41.424916,-91.039524,ai,grounded
HONDA OF WESTPORT,1173 Kings Highway North,Westport,CT,06880,41.1405674,-73.3692642,ai,corroborated
HONEYWELL INTERNATIONAL,300 South Tryon Street,Charlotte,NC,28202,35.2258886,-80.8461425,ai,uncorroborated
HONIGMAN,"660 Woodward Avenue, Suite 2290",Detroit,MI,48226,42.3308998,-83.0448095,manual,verified
HONIGMAN MILLER SCHWARTZ AND COHN,"600 East Lafayette Blvd, Suite 200",Detroit,MI,48226,42.3315509,-83.0466403,ai,uncorroborated
HONOR HEALTH NETWORK,14201 West Bell Road,Surprise,AZ,85374,33.638493,-112.368239,ai,uncorroborated
HOPALONG ANIMAL RESCUE,,OAKLAND,CA,94612,,,,
HOPEWELL VALLEY SCHOOL SYSTEM,425 Route 31 North,Pennington,NJ,08534,40.3281213,-74.7909992,ai,corroborated
HOPKINS & CARLEY,"480 S. Ellsworth Ave., Suite 120",San Mateo,CA,94401,37.5635961,-122.321929,ai,corroborated
HORIZON FAMILY MEDICAL GROUP,2060 N Verdugo Rd,Glendale,CA,91208,34.1781669,-118.2254666,ai,uncorroborated
HORIZON REALTY GROUP,,,,,,,,
HORN EICHENWALD INVEST CORP,,,,,,,,
HORNROCK PROPERTIES,,,,,,,,
HORNSTEIN LAW OFFICES,"100 Wilshire Blvd, Suite 700",Santa Monica,CA,90401,34.0167162,-118.500626,ai,corroborated
HOROWITZ & RUBENSTEIN LLC,"100 Garden City Plaza, Suite 505",Garden City,NY,11530,40.757349,-73.6552569,ai,corroborated
HOSPITAL FOR SPECIAL SURGERY,535 East 70th Street,New York,NY,10021,40.765164,-73.9526899,ai,grounded
HOTEL CO,,,,,,,,
HOTEL TECH REPORT,"6001 Shellmound Street, Suite 300",Emeryville,CA,94608,37.8421064,-122.2939383,ai,corroborated
HOTELS UNLIMITED INC,2100 E Atlantic Blvd Suite 201,Pompano Beach,FL,33062,26.231616,-80.102603,ai,uncorroborated
HOTWIRE COMMUNICATIONS,"8000 S Chester St, Suite 300",Englewood,CO,80112,39.6482059,-104.9879641,ai,uncorroborated
HOULIHAN LOKEY,"245 Park Avenue, 39th Floor",New York,NY,10167,40.7546124,-73.9746719,ai,corroborated
HOUSE JUDICIARY COMMITTEE,2138 Rayburn House Office Building,Washington,DC,20515,38.8950368,-77.0365427,ai,corroborated
HOUSE OF WINSTON FUNERAL SERVICES,1219 W 54th St,Los Angeles,CA,90037,33.9933035,-118.2963652,ai,corroborated
HOUSE-WIFE,,,,,,,,
HOUSTON METHODIST HOSPITAL,6565 Fannin St,Houston,TX,77030,29.7098909,-95.3995863,ai,corroborated
HOUWZER,10559 Metropolitan Ave,Forest Hills,NY,11375,40.7092721,-73.8434259,ai,uncorroborated
HOWARD AND HOWARD,"450 W. Fourth Street, Suite 3200",Royal Oak,MI,48067,42.4894801,-83.1446485,ai,corroborated
HOWARD AND HOWARD ATTORNEYS PLLC,450 West Fourth Street,Royal Oak,MI,48067,42.4894801,-83.1446485,ai,corroborated
HOWARD COMMUNITY COLLEGE,10901 Little Patuxent Parkway,Columbia,MD,21044,39.2137888,-76.8805587,ai,corroborated
HOWARD HANNA,"200 Park Avenue, Suite 100",Glenwillow,OH,44139,41.361721,-81.46956,ai,corroborated
HOWARD PROPERTIES,355 Hayes Street,San Francisco,CA,94102,37.7766999,-122.4222178,manual,verified
HOWARD REAL ESTATE,,,,,,,,
HOWARD TANNEY ASSOCIATES,,,,,,,,
HOWBARB GRAPHICS INC,,,,,,,,
HOWREY SIMON ARNOLD WHITE,1299 Pennsylvania Ave NW,Washington,DC,20004,38.896492,-77.028214,ai,uncorroborated
HP MANAGEMENT INC,,,,,,,,
HP SCHOOL DISTRICT,,,,,,,,
HPE,1701 E Mossy Oaks Road,Spring,TX,77389,30.0927438,-95.4546079,ai,grounded
HPR,,,,,,,,
HPS,,,,,,,,
HPS INVESTMENT PARTNERS,"111 S Wacker Drive, Suite 4600",Chicago,IL,60606,41.8801946,-87.6363161,ai,uncorroborated
HR SIGNAL,,,,,,,,
HRA-DSS,,,,,,,,
HRC-FERTILITY,"55 S. Lake Ave, 9th Floor",Pasadena,CA,91101,34.145142,-118.13258,ai,grounded
HRHMG,,,,,,,,
HRM RESOURCES IV LLC,,,,,,,,
HSD HOLDINGS,,,,,,,,
HSE,,,,,,,,
HSK CONSULTING LLC,,Bethesda,MD,,,,,
HSP GROUP,,,,,,,,
HSS,177 Huntington Avenue,Boston,MA,02115,42.3446751,-71.0823482,ai,uncorroborated
HTG,,,,,,,,
HTL,,,,,,,,
HUB INTERNATIONAL,"200 Liberty Street, 18th Floor",New York,NY,10281,40.7106407,-74.0155561,ai,corroborated
HUB PHARMACEUTICALS,75 Broad St,Boston,MA,02110,42.3576267,-71.0536677,ai,uncorroborated
HUB REALTY,,,,,,,,
HUDSON ADVISORS,"Wells Fargo Tower, 301 Commerce Street, Suite 3300",Dallas,TX,75202,32.7762719,-96.7968559,ai,grounded
HUDSON BAY CAPITAL,"277 Park Avenue, 17th Floor",New York,NY,10172,40.755263,-73.9742085,ai,corroborated
HUDSON DELIVERY INC,,,,,,,,
HUDSON PARTNERS,"1000 Holt Avenue, Suite 200",Tustin,CA,92780,33.7484936,-117.8143003,ai,uncorroborated
HUDSON VALLEY,,,,,,,,
HUDSON VENTURES,,,,,,,,
HUESTON HENNIGAN,"620 Newport Center Drive, Suite 1300",Newport Beach,CA,92660,33.6170092,-117.9294401,ai,corroborated
HUEY AND WEPRIN OBGYN,20 West Wenger Road Suite 2,Englewood,OH,45322,39.8621308,-84.2855006,ai,grounded
HUGHES & SCALISE PC,600 Luckie Dr Ste 405,Birmingham,AL,35223,33.5206824,-86.8024326,ai,grounded
HUMAN VENTURES,"46 W 20th St, 11th Floor",New York,NY,10011,40.7402284,-73.9924857,ai,corroborated
HUMANA,500 West Main Street,Louisville,KY,40202,38.2566397,-85.7583684,ai,uncorroborated
HUMANITY UNITED,39 West 19th St,New York,NY,10011,40.7401528,-73.9933727,ai,uncorroborated
HUMBLE CREW,,,,,,,,
HUMC,One Bayonne Medical Center Plaza,Bayonne,NJ,07002,40.6687141,-74.1143091,ai,corroborated
HUMMINGBIRD,,,,,,,,
HUNTER HOTELS,363 Lexington Ave,New York,NY,10016,40.7504037,-73.9766823,ai,corroborated
HUNTER POINT CAPITAL,"1280 6th Ave, 7th Floor",New York,NY,10019,40.760593,-73.979798,ai,corroborated
HUNTERPOINT LLC,,,,,,,,
HUPPINS,8016 N Division,Spokane,WA,99208,47.7304522,-117.4115262,ai,corroborated
HURSTON VALLEY LIGHTING,,,,,,,,
HUSCH & EPPENBERGER,"190 Carondelet Plaza, Ste 600",Saint Louis,MO,63105,38.6484031,-90.3324557,ai,corroborated
HUSCH BLACKWELL,"190 Carondelet Plaza, Ste 600",Saint Louis,MO,63105,38.6484031,-90.3324557,ai,corroborated
HUTT LAW PC,"305 Broadway, 7th Floor",New York,NY,10007,40.7154521,-74.005425,ai,grounded
HUYABIO INTERNATIONAL,,,,,,,,
HVDDSO,,,,,,,,
HY-VEE INC,5820 Westown Parkway,West Des Moines,IA,50266,41.5936976,-93.7882495,ai,uncorroborated
HYATT AND WEBER,200 Westgate Cir Suite 500,Annapolis,MD,21401,38.9759679,-76.5057964,ai,corroborated
HYDE PARK,,,,,,,,
HYLVER,,,,,,,,
HYMANHEALTH,7125 Main St,Rockford,IL,61107,42.2450301,-89.1083964,ai,uncorroborated
HYPERION GROUP,,,,,,,,
HYUNDAI US NATIONAL HEADQUARTERS,10550 Talbert Ave,Fountain Valley,CA,92708,33.7004633,-117.9418418,ai,corroborated
I & A HOLDINGS,,,,,,,,
I & MJ GROSS CO,,,,,,,,
I HEART EBITDA,,,,,,,,
IAT INCORPORATED,"31 Columbia Aliso Viejo, Suite 200",Aliso Viejo,CA,92656,33.5873702,-117.726897,ai,uncorroborated
IAT INTERNATIONAL INC,5901 N Central Expy Suite 1000,Dallas,TX,75206,32.8381592,-96.7770346,ai,uncorroborated
IBALLROOM DANCER INC,,,,,,,,
IBB,,,,,,,,
IBEX MEDICAL ANALYTICS (ISRAEL),5 Walnut St,Newton,MA,02460,42.3588327,-71.2120967,ai,grounded
IBG HOLDINGS,One Pickwick Plaza,Greenwich,CT,06830,41.0264862,-73.6284598,ai,grounded
IBIS DEVELOPMENT GROUP,,,,,,,,
IBJ,535 W. New York St,Indianapolis,IN,46202,39.7714445,-86.1675792,ai,corroborated
IBM CORP,1 New Orchard Road,Armonk,NY,10504,41.1134016,-73.720356,ai,corroborated
IBT GROUP,,,,,,,,
IBYND,,,,,,,,
IC CONSTRUCTION,488 Cumberland St,Englewood,NJ,07631,40.8720689,-73.9706729,ai,grounded
ICAHN SCHOOL OF MEDICINE,"445 E 69th Street, Box 119",New York,NY,10021,40.7127281,-74.0060152,ai,corroborated
ICAREFORWARD,,,,,,,,
ICC,,,,,,,,
ICDYNAMICS,,,,,,,,
ICECAP GROUP,,,,,,,,
ICECAP LENDING,,,,,,,,
ICERTIS,"1515 5th Street, Suite 700",Burlingame,CA,94010,37.5780965,-122.3473099,ai,corroborated
ICG ADVISORS,"11111 Santa Monica Boulevard, Suite 2100",Los Angeles,CA,90025,34.0479583,-118.4450127,ai,grounded
ICIC,"727 Atlantic Avenue, Suite 600",Boston,MA,02111,42.3506754,-71.056699,ai,grounded
ICM PROPERTIES INC,,,,,,,,
ICON DERMATOLOGY AND AESTHETICS,"1301 Riverplace Blvd, Suite 800",Jacksonville,FL,32207,30.31862,-81.657085,ai,uncorroborated
ICONIC EVENTS GROUP,,,,,,,,
ICONIX,400 Plaza Drive,Secaucus,NJ,07094,40.7871557,-74.0430535,ai,uncorroborated
ICOS INC,10425 Science Center Dr,San Diego,CA,92121,32.8924649,-117.2308283,ai,uncorroborated
ICSD,,,,,,,,
ID CARE,"2105 S. Bascom Avenue, Suite 200",Campbell,CA,95008,37.28502,-121.931844,ai,uncorroborated
ID.ME,"2001 Pennsylvania Ave NW, Suite 800",Washington,DC,20006,38.9014766,-77.0451537,ai,uncorroborated
IDA,,,,,,,,
IDA CROWN JEWISH ACADEMY,10615 Little Patuxent Pkwy,Columbia,MD,21044,39.2136056,-76.8706274,ai,uncorroborated
IDA VENTURES,,,,,,,,
IDAHO FREEZ PAK CORP,,,,,,,,
IDB BANK,"100 William Street, 17th Floor",New York,NY,10038,40.7083413,-74.007174,ai,uncorroborated
IDC WEST,,,,,,,,
IDEAL FASTENER,,SURFSIDE,FL,33154,,,,
IDEAL PRECISION INSTRUMENT SERVICE INC,,,,,,,,
IDEKO LLC,,,,,,,,
IDHANDSHAKE,,,,,,,,
IDT,550 Broad Hollow Road,Melville,NY,11747,40.7934322,-73.4151214,ai,corroborated
IDT CORPORATION/FOUNDATION,520 Broad St,Newark,NJ,07102,40.7438474,-74.1690294,ai,uncorroborated
IDT TELECOM,520 Broad St,Newark,NJ,07102,40.7438474,-74.1690294,ai,corroborated
IDW,2765 Truxtun Road,San Diego,CA,92106,32.740278,-117.2130687,ai,grounded
IEF,,,,,,,,
IF MANAGEMENT,,,,,,,,
IFC CO,2121 K St NW,Washington,DC,20037,38.9028277,-77.0472075,ai,grounded
IFG,,,,,,,,
IFRAH PLLC,"1717 K Street NW, Suite 900",Washington,DC,20006,38.9029,-77.0405585,ai,uncorroborated
IFTACH GROUP,,,,,,,,
IGN,2231 S Barrington Ave,Los Angeles,CA,90064,34.0338036,-118.447604,ai,grounded
IGO,,,,,,,,
IHEARTMEDIA,32 Avenue of the Americas,New York,NY,10013,40.719928,-74.0044583,ai,uncorroborated
IHI EANDC,,,,,,,,
IHSS,,,,,,,,
IHT WEALTH MANAGEMENT,,,,,,,,
IIS,1201 N Market St,Wilmington,DE,19801,39.74748,-75.546641,ai,uncorroborated
IKC,,,,,,,,
IKO,"100 New Hampshire Avenue, Suite 200",Glen Burnie,MD,21061,39.1648,-76.6249437,ai,uncorroborated
IKO INDUSTRIES,6 Denny Rd Ste 200,Wilmington,DE,19809,39.7459468,-75.546589,ai,grounded
ILLI,,,,,,,,
ILLINOIS BONE AND JOINT INSTITUTE,"1 Oakbrook Terrace Plaza, Suite 510",Oakbrook Terrace,IL,60181,41.8479427,-87.9584352,ai,corroborated
ILLINOIS GASTRO GROUP,"1525 Lake Cook Rd, Suite 120",Deerfield,IL,60015,42.1516637,-87.8662243,ai,corroborated
IMA,314 West Superior Street,Chicago,IL,60654,41.8958395,-87.6365913,ai,uncorroborated
IMA ADVISORY SERVICES,"200 S. Michigan Avenue, Suite 2030",Chicago,IL,60604,41.8793153,-87.6249281,ai,uncorroborated
IMA FINANCIAL GROUP,8200 E 32nd St N,Wichita,KS,67226,37.7424229,-97.2432245,ai,grounded
IMADI,,,,,,,,
IMAGE INSIGHT INC,,,,,,,,
IMAGE TRUCK PARTNERS,,,,,,,,
IMAGINE CAPITAL,"One California Street, 28th Floor",San Francisco,CA,94111,37.7931799,-122.3971689,ai,grounded
IMAGINERX INC,1000 SW Broadway Suite 1900,Portland,OR,97205,45.5169332,-122.6805734,ai,uncorroborated
IMAX DIRECT,,,,,,,,
IMBIBE,7350 N Croname Rd,Niles,IL,60714,42.0155498,-87.7857868,ai,grounded
IMC,"525 West Monroe Street, Suite 3000",Chicago,IL,60661,41.8802268,-87.6403869,ai,grounded
IMCD,"3000 Marcus Avenue, Suite 3W3",Lake Success,NY,11042,40.7588434,-73.6956206,ai,uncorroborated
IMD,,,,,,,,
IMEX,,,,,,,,
IMK FAMILY INVESTMENTS,,,,,,,,
IMMIGRATION LAW,,,,,,,,
IMMPACT BIO,"1 Kendall Square, Building 1405",Cambridge,MA,02139,42.3656347,-71.1040018,ai,uncorroborated
IMMUNAI,"245 5th Avenue, 6th Floor",New York,NY,10016,40.7444471,-73.9872102,ai,uncorroborated
IMMUNIS.AI,,OLD GREENWICH,CT,06870,,,,
IMOWITZ KOENIG,,,,,,,,
IMPACT ADVISORS,"1750 Lake Cook Road, Suite 190",Buffalo Grove,IL,60089,42.1528782,-87.9628741,ai,uncorroborated
IMPACT RESOURCES,219 N Main St,Keller,TX,76248,32.9363258,-97.253648,ai,uncorroborated
IMPACT SERVICES LLC,,,,,,,,
IMPACT STRATEGIES INC,,,,,,,,
IMPALA ASSET MANAGEMENT,"400 Atlantic Avenue, 5th Floor",Boston,MA,02110,42.3556115,-71.0504489,ai,uncorroborated
IMPAQ INTERNATIONAL,"1901 Pennsylvania Avenue NW, Suite 600",Washington,DC,20006,38.9005705,-77.0438659,ai,uncorroborated
IMPCO,5757 Farinon Drive,San Antonio,TX,78249,29.5603923,-98.5953094,ai,grounded
IMPERIAL DADE,120 Fieldcrest Avenue,Edison,NJ,08837,40.5172875,-74.3434276,ai,grounded
IMPERIAL GROUP,1700 W. Fulton St,Chicago,IL,60612,41.8871434,-87.6697902,ai,corroborated
IMPERIAL RECYCLING,,,,,,,,
IMPERIUM CAPITAL LLC,280 Park Ave,New York,NY,10017,40.7564853,-73.975049,ai,corroborated
IMPOSSIBLE METALS,,,,,,,,
IMPRINT CONSULTING INC,500 W Madison St Suite 3500,Chicago,IL,60661,41.8825674,-87.6404921,ai,uncorroborated
IMPROBABLE MEDIA,,,,,,,,
IN-DEPTH ENGINEERING,,,,,,,,
IN-REL PROPERTIES,,,,,,,,
INCEPTIV,"3975 Landmark St, Suite 1400",Culver City,CA,90232,34.0266389,-118.3860624,ai,grounded
INCLUSION STRATEGIES,,,,,,,,
INCOMNET,,,,,,,,
INCYTE,1801 Augustine Cut Off,Wilmington,DE,19803,39.7459468,-75.546589,ai,grounded
INDEED,6433 Champion Grandview Way,Austin,TX,78750,30.3629006,-97.7938235,ai,corroborated
INDEPENDENCE HEALTH,532 West Pittsburgh Street,Greensburg,PA,15601,40.3008873,-79.554916,ai,grounded
INDEPENDENT CHEMICAL CORP,79-51 Cooper Avenue,Glendale,NY,11385,40.6984641,-73.889727,ai,grounded
INDEPENDENT MAGAZINE,80 Broad St,New York,NY,10004,40.7043518,-74.0118701,ai,uncorroborated
INDEX EXCHANGE,501 Congress Avenue,Austin,TX,78701,30.2672856,-97.742629,ai,uncorroborated
INDIAN SPRINGS SCHOOL,190 Woodward Dr,Indian Springs Village,AL,35124,33.3390551,-86.7708365,ai,corroborated
INDIANA HEART PHYSICIANS,5030 E 65th St,Indianapolis,IN,46220,39.8760015,-86.0869224,ai,corroborated
INDIGO CAPITAL LLC,"950 Third Avenue, 28th Floor",New York,NY,10022,40.8088444,-73.9303577,ai,grounded
INDIVIDUAL FOOD SERVICE,,,,,,,,
INDOOR SWAP,,HIDDEN HILLS,CA,91302,,,,
INDUS GROWTH PARTNERS,"601 Lexington Avenue, 37th Floor",New York,NY,10022,40.7587794,-73.9704834,ai,uncorroborated
INDUSTRIAL METALS RECYCLING CORPORATION,955 Brandt Drive,Elgin,IL,60120,42.0688648,-88.2575468,manual,verified
INDUSTRIES OF THE BLIND,1900 North 25th Avenue,Baltimore,MD,21213,39.2908816,-76.610759,ai,uncorroborated
INDY HOME,,,,,,,,
INDY PASS HOLDINGS,"100 North E. Street, Suite 203",Salt Lake City,UT,84111,40.771824,-111.877454,ai,uncorroborated
INFINITE CHOICE,,,,,,,,
INFINITE GAMES,1380 S Ambassador Way,Salt Lake City,UT,84108,40.7404866,-111.8136084,ai,grounded
INFINITY REAL ESTATE,,,,,,,,
INFINITY TRANSPORTATION,,,,,,,,
INFLATION SYSTEMS INC,,,,,,,,
INFOR,"6400 Legacy Drive, Suite 700",Plano,TX,75024,33.078289,-96.833841,ai,uncorroborated
INFORMA,225 Liberty Street,New York,NY,10281,40.712272,-74.0154361,ai,grounded
INFOSEC LABS,525 Washington Blvd,Jersey City,NJ,07310,40.7271856,-74.0351633,ai,uncorroborated
INFOSYS,"6100 Tennyson Pkwy, Suite 200",Plano,TX,75024,33.071914,-96.828667,ai,uncorroborated
INGENUS PHARMACEUTICALS,"4901 Vineland Road, Suite 260",Orlando,FL,32811,28.488324,-81.440648,ai,grounded
INGRAM MICRO,1600 E St. Andrew Place,Santa Ana,CA,92705,33.7219965,-117.8480514,ai,corroborated
INITIATIVE FOR A COMPETITIVE INNER CITY,1 Beacon Street,Boston,MA,02108,42.3579152,-71.0620806,manual,verified
INIZIO,,SUMMIT,NJ,07901,,,,
INLAND PRINTING COMPANY,1500 E 2nd St,Pomona,CA,91766,34.0579464,-117.7452112,ai,uncorroborated
INNA TOPILER MOONEY,,,,,,,,
INNER CIRCLE SPORTS,"441 Lexington Avenue, 17th Floor",New York,NY,10017,40.7527697,-73.9749098,ai,grounded
INNISFREE M&A INC,245 Park Ave,New York,NY,10167,40.7546124,-73.9746719,ai,corroborated
INNOVATION DEFENSE STRATEGIES,1500 K St NW,Washington,DC,20005,38.9021272,-77.035037,ai,uncorroborated
INNOVATION GROUP,"1051 Perimeter Dr, Suite 800",Schaumburg,IL,60173,42.0480909,-88.0325107,ai,grounded
INNOVATION LINE,,,,,,,,
INNOVATIONS IN EDUCATION LLC,,,,,,,,
INNOVATIVE HEALTH,one Elmcroft Blvd,Mansfield,MA,02048,42.0334326,-71.2189405,ai,uncorroborated
INNOVATIVE RADIOLOGY,106 S Washington St,Falls Church,VA,22046,38.8821546,-77.1714079,ai,uncorroborated
INOAPPS,"5177 Richmond Avenue, Suite 200",Houston,TX,77056,29.7311792,-95.4660149,ai,grounded
INOVA,8110 Gatehouse Road,Falls Church,VA,22042,38.882334,-77.1710914,ai,grounded
INSCRIBE,"1325 N. Highland Ave., Suite 200",Los Angeles,CA,90028,34.0948769,-118.3387247,ai,uncorroborated
INSERRA SUPERMARKETS INC,5 Commerce Drive,Cranford,NJ,07016,40.648539,-74.284677,ai,corroborated
INSIDEBOARD USA,,,,,,,,
INSIGHT GLOBAL,"1224 Hammond Drive, Suite 1500",Atlanta,GA,30346,33.7544657,-84.3898151,ai,grounded
INSIGHT SPORTS ADVISORS,,,,,,,,
INSIGHT VENTURE PARTNERS,"1114 Avenue of the Americas, 36th Floor",New York,NY,10036,40.7546914,-73.9826746,manual,verified
INSPEECH,"2000 Sierra Point Pkwy, Suite 100",Brisbane,CA,94005,37.673872,-122.383666,ai,uncorroborated
INSPERITY,19001 Crescent Springs Dr,Kingwood,TX,77339,30.0497077,-95.1846301,ai,corroborated
INST FOR FAMILY INTER,,,,,,,,
INSTITUTE FOR DEFENSE ANALYSES,"4850 Mark Center Drive, Suite 600",Alexandria,VA,22311,38.8299343,-77.1191301,ai,uncorroborated
INSTITUTE FOR SCIENTIFIC ANALYSIS,,,,,,,,
INSTRU-MED,100 Enterprise Dr,Plainview,NY,11803,40.7765026,-73.4670022,ai,uncorroborated
INSTYMEDS,"110 E 59th St, 28th Floor",New York,NY,10022,40.7622471,-73.9694737,ai,uncorroborated
INSUR,,,,,,,,
INTANDEM CAPITAL PARTNERS,"600 South Cherry Street, Suite 1200",Denver,CO,80246,39.6884214,-104.9337188,ai,uncorroborated
INTEGRA BEAUTY,"7711 Center Avenue, Suite 500",Huntington Beach,CA,92647,33.7338064,-117.999928,ai,corroborated
INTEGRA LIFESCIENCES HOLDINGS CORPORAT,311 Enterprise Drive,Plainsboro,NJ,08536,40.3282654,-74.583342,ai,uncorroborated
INTEGRATED MANAGEMENT SOLUTIONS,,,,,,,,
INTEGRATED NEUROLOGY SERVICES,,,,,,,,
INTEGRATED PHYSICAL THERAPY,,,,,,,,
INTEGRATED SPECIALTY COVERAGES,"1902 Wright Pl, Suite 200",Carlsbad,CA,92008,33.1211683,-117.2875175,ai,uncorroborated
INTEGRATED TREATMENT SERVICES,,,,,,,,
INTEL CORPORATION,2200 Mission College Boulevard,Santa Clara,CA,95054,37.387829,-121.9633667,ai,corroborated
INTELISENT LLC,,,,,,,,
INTELLISENSE SYSTEMS,,,,,,,,
INTENTRIO,,,,,,,,
INTERCLAIM,,,,,,,,
INTERCONNECTED JUSTICE,,,,,,,,
INTERDESIGN,30725 Solon Industrial Parkway,Solon,OH,44139,41.3730998,-81.4655158,ai,grounded
INTERFAITH MINISTRIES FOR GREATER HOUSTON,3303 Main Street,Houston,TX,77002,29.7407746,-95.3776237,manual,verified
INTERIM SERVICES,"30 N LaSalle St, Suite 3000",Chicago,IL,60602,41.8828458,-87.632914,ai,uncorroborated
INTERLIGHT,,,,,,,,
INTERLUDE HOME INC,,,,,,,,
INTERMOUNTAIN CHILDREN'S HOME,3240 Dredge Drive,Helena,MT,59602,46.6195998,-112.0234764,ai,grounded
INTERNAL REVENUE SERVICE,1111 Constitution Avenue NW,Washington,DC,20224,38.8934017,-77.0270216,ai,grounded
INTERNATIONAL EQUITY PARTNERS,,,,,,,,
INTERNATIONAL INTIMATES,31 W 34th St 9th Floor,New York,NY,10001,40.7495557,-73.9867641,ai,grounded
INTERNATIONAL MANUFACTURING CO,,,,,,,,
INTERNATIONAL MEDICAL ELECT,,,,,,,,
INTERNATIONAL SEAWAYS INC,40 West 57th St,New York,NY,10019,40.7636059,-73.9758803,ai,corroborated
INTERNATIONAL WINE,,,,,,,,
INTERNATIONAL WINE VAULT LLC,40 Technology Parkway South Suite 300,Norcross,GA,30092,33.9602193,-84.2168567,ai,uncorroborated
INTERRA CAPITAL GROUP,,,,,,,,
INTERSECT ENERGY,"601 Office Center Drive, Suite 200",Fort Washington,PA,19034,40.1378316,-75.2118292,manual,verified
INTERSECTION STRATEGIES,"1110 Vermont Ave NW, Suite 600",Washington,DC,20005,38.8950982,-77.0363849,ai,uncorroborated
INTERSTATE 15 SPORTS & ENTERTAINMENT,,,,,,,,
INTERSTATE OUTDOOR ADVERTISING LP,201 17th Street NW Suite 1400,Atlanta,GA,30363,33.7916063,-84.3946898,ai,uncorroborated
INTERSTEEL CORPORATION,"1100 NW Loop 410, Ste 601",San Antonio,TX,78213,29.5164148,-98.5287126,ai,grounded
INTERVISION,"3050 Peachtree Rd, Suite 450",Atlanta,GA,30305,33.8387611,-84.3810494,ai,grounded
"INTRA-CELLULAR THERAPIES, INC. (ITCI)","135 Route 202/206, Suite 6",Bedminster,NJ,07921,40.6811135,-74.6442951,ai,grounded
INTRALINKS,"10 CityPoint, 500 Totten Pond Road, 2nd Floor",Waltham,MA,02451,42.3762385,-71.2355644,ai,grounded
INTREPID,11 W 42nd St,New York,NY,10036,40.7542801,-73.9818564,ai,uncorroborated
INTREPID INVESTMENT BANKERS,"11755 Wilshire Blvd, Suite 2200",Los Angeles,CA,90025,34.0486682,-118.4622165,ai,corroborated
INTREPID POTASH INC,3801 E Plano Pkwy Suite 150,Plano,TX,75074,33.009196,-96.659779,ai,uncorroborated
INVEL CAPITAL,47 Maple Street,Summit,NJ,07901,40.716807,-74.359249,ai,grounded
INVEMED ASSOCIATES LLC,"375 Park Avenue, Suite 2205",New York,NY,10152,40.7584073,-73.9719841,ai,grounded
INVENTEL,,,,,,,,
INVEST DIVA,,,,,,,,
INVESTMENT ADVISOR,,,,,,,,
INVESTMENT MANAGEMENT,,,,,,,,
INVESTMENT PROPERTIES LTD,,,,,,,,
INVESTMENTS,,,,,,,,
INVESTORS CAPITAL GROUP,,,,,,,,
INVISION,33 Hayden Ave,Lexington,MA,02421,42.4232147,-71.236238,ai,uncorroborated
INVISIONEYECARE,"5550 Peachtree Parkway, Suite 300",Norcross,GA,30092,33.9679501,-84.2202676,ai,uncorroborated
INVOICES INTELLIGENCE,2121 Avenue of the Stars,Los Angeles,CA,90067,34.0551881,-118.4132764,ai,uncorroborated
INVUS FINANCIAL ADVISORS,280 Park Ave,New York,NY,10017,40.7564853,-73.975049,ai,corroborated
INZONE,2701 Ocean Park Blvd,Santa Monica,CA,90405,34.0185463,-118.4569412,ai,uncorroborated
IOHK,"2015 Ionosphere Street, Suite 201",Longmont,CO,80504,40.1351299,-105.103794,ai,grounded
ION TECHNOLOGY SOLUTIONS,,,,,,,,
IONQ,"630 Herndon Parkway, Suite 450",Herndon,VA,20170,38.9577917,-77.3884942,ai,uncorroborated
IP GROUP,,,,,,,,
IP.COM,1715 North Laurel Street,Wilmington,DE,19806,39.7459468,-75.546589,ai,uncorroborated
IPASS,55 Challenger Road,Ridgefield Park,NJ,07660,40.8467659,-74.0128485,ai,uncorroborated
IPD ANALYTICS,,,,,,,,
IPEX INC,,,,,,,,
IPFS,"1055 Broadway Blvd, 11th Floor",Kansas City,MO,64105,39.1014352,-94.588002,ai,grounded
IPI,,,,,,,,
IPM,,,,,,,,
IPONWEB,555 Montgomery St,San Francisco,CA,94111,37.7944542,-122.4034627,ai,uncorroborated
IPRG,,,,,,,,
IPRO,"300 Jericho Quadrangle, Suite 300",Jericho,NY,11753,40.7891193,-73.5539158,ai,grounded
IPSOS,"15 West 18th Street, 7th Floor",New York,NY,10011,40.7390309,-73.9928278,ai,corroborated
IQHQ,"674 Via de la Valle, Suite 206",Solana Beach,CA,92075,32.9795466,-117.2576463,ai,grounded
IQVIA,4820 Emperor Boulevard,Durham,NC,27703,35.8807796,-78.8405967,ai,grounded
IRA CLUB,,,,,,,,
IRA FINANCIAL,5109 S Broadband Lane,Sioux Falls,SD,57108,43.4971654,-96.7880803,ai,grounded
IRA KATZ CONSULTING,,,,,,,,
IRELL,1800 Avenue of the Stars,Los Angeles,CA,90067,34.061114,-118.418106,ai,corroborated
IRELL & MANELLA LLP,"1800 Avenue of the Stars, 12th Floor",Los Angeles,CA,90067,34.061114,-118.418106,ai,corroborated
IRGANG GROUP,,,,,,,,
IRI,"150 North Michigan Avenue, Suite 200",Chicago,IL,60601,41.8846348,-87.6249873,ai,uncorroborated
IRIDIAN,276 Post Road West,Westport,CT,06880,41.1336841,-73.3740042,ai,corroborated
IRIDIAN ASSET MANAGEMENT,"55 Post Road West, 2nd Fl",Westport,CT,06880,41.1414855,-73.3578955,ai,grounded
IROBOT CORP,8 Crosby Drive,Bedford,MA,01730,42.504941,-71.2429587,ai,corroborated
IRON DOME VENTURES LLC,,,,,,,,
IRON FINANCIAL,"630 Dundee Road, Suite 300",Northbrook,IL,60062,42.13803,-87.796388,ai,grounded
IRON MOUNTAIN,2000 Iron Mountain Drive,Boston,MA,02109,42.3588336,-71.0578303,ai,uncorroborated
IRONGATE,10877 Wilshire Blvd Suite 2300,Los Angeles,CA,90024,34.0593157,-118.4421772,ai,grounded
IRREGARDLESS CAFE,623 36th St,Gulfport,MS,39507,30.3937499,-89.0508587,ai,uncorroborated
IRVING INVESTORS,"205 Detroit St, Ste 400",Denver,CO,80206,39.7195773,-104.954731,ai,grounded
ISC,"801 2nd Avenue South, Suite 400",Nashville,TN,37210,36.1543585,-86.7701683,ai,uncorroborated
ISDS,,,,,,,,
ISHOFSKY FAMILY,,,,,,,,
ISI,1210 East Main Street,Franklin,TN,37064,35.925685,-86.8679028,ai,uncorroborated
ISL,,,,,,,,
ISLAND CAPITAL GROUP,717 Fifth Avenue,New York,NY,10022,40.8021613,-73.9453686,ai,grounded
ISLAND GROUP ENTERPRISES,,,,,,,,
ISLAND HOUSE CONDOMINIUMS,1 South Forest Beach Dr,Hilton Head Island,SC,29928,32.1413014,-80.7518569,ai,uncorroborated
ISLAND PEER REVIEW,,,,,,,,
ISRAEL ECONOMIC FORUM,,,,,,,,
ISRAEL INVESTMENT ADVISORS,"120 Broadway, 24th Floor",New York,NY,10271,40.7082035,-74.0105065,ai,uncorroborated
ISRAEL ON CAMPUS COALITION,"1100 Connecticut Ave NW, Suite 450",Washington,DC,20036,38.9040127,-77.0407249,ai,corroborated
ISRAEL ON CAMPUS COALITION OF GREATER,,,,,,,,
ISRAELI AMERICAN COUNCIL,"3030 Wilshire Blvd, Suite 2080",Los Angeles,CA,90010,34.0618978,-118.2875483,ai,uncorroborated
IT SERVICES,,,,,,,,
ITAFIN,"3000 Ocean Park Blvd, Suite 102",Santa Monica,CA,90405,34.0197878,-118.4539183,ai,uncorroborated
ITC TRADING COMPANY LTD,"109 N Post Oak Lane, Suite 410",Houston,TX,77024,29.7686927,-95.4576124,ai,grounded
ITERA USA,"1800 Century Park West, Suite 600",Los Angeles,CA,90067,34.0543464,-118.4171936,ai,uncorroborated
ITREK,,,,,,,,
ITV,,,,,,,,
IU SCHOOL OF MEDICINE,975 West Walnut Street,Indianapolis,IN,46202,39.7774265,-86.1770928,ai,corroborated
IUHEALTH,101 West 10th Street,Indianapolis,IN,46202,39.781007,-86.159501,ai,corroborated
IVD CONSULTING,,,,,,,,
IVY ASSET MANAGEMENT,"1221 Brickell Avenue, Suite 900",Miami,FL,33131,25.7612025,-80.1912637,ai,uncorroborated
IVY TECH COMMUNITY COLLEGE,3101 E. 10th Street,Bloomington,IN,47408,39.1715916,-86.4974328,ai,corroborated
IWHC,"1300 19th St NW, Suite 200",Washington,DC,20036,38.9074464,-77.0439763,ai,uncorroborated
IYG EVENTS,,,,,,,,
J B G COMPANIES,30-00 47th Ave,Queens,NY,11101,40.743081,-73.9374115,ai,uncorroborated
J TASHOF BERNTON MD PC,,,,,,,,
J WAYNE MILLER CO,,,,,,,,
J&J,One Johnson & Johnson Plaza,New Brunswick,NJ,08933,40.4986542,-74.4416908,ai,uncorroborated
"J. SHAFAI, MD",,,,,,,,
J. STEIN LAW FIRM,,,,,,,,
J.C. NEWMAN CIGAR CO,2701 N 16th St,Tampa,FL,33605,27.966934,-82.441596,ai,corroborated
J.F. LEHMAN & COMPANY,"600 Lexington Avenue, Suite 2540",New York,NY,10022,40.7580277,-73.9714246,ai,corroborated
J.M. EDBERG INVESTMENT MANAGEMENT,6206 Landon Lane,Bethesda,MD,20817,38.9853015,-77.1261532,ai,grounded
J.R. DAVIDSON AND CO INC,,,,,,,,
J.W. SALES & MARKETING,,,,,,,,
J2 HOLDINGS NY LLC,230 Park Ave Suite 4525,New York,NY,10169,40.7543448,-73.975626,ai,corroborated
J2R,,,,,,,,
JA-VA INC,,,,,,,,
JABBERS MEAT PACKING,,,,,,,,
JACK F. BERKOWITZ & CO,,,,,,,,
"JACK ZOLDAN, MD",,,,,,,,
JACKIER GOULD PC,,,,,,,,
JACKMONT HOSPITALITY,,,,,,,,
JACKOWAY AUSTEN,"1925 Century Park East, 22nd Floor",Los Angeles,CA,90067,34.0612599,-118.4145504,ai,grounded
JACKSON AND COKER,"1424 3rd Avenue North, Suite 201",Birmingham,AL,35203,33.5125753,-86.8149227,ai,uncorroborated
JACKSON GROUP,3161 Michelson Dr #1500,Irvine,CA,92612,33.6752102,-117.8433734,ai,uncorroborated
JACKSON LEWIS,"666 3rd Ave, 28th Floor",New York,NY,10017,40.7513402,-73.9743939,ai,grounded
JACKSON WALKER,"2323 Ross Avenue, Suite 600",Dallas,TX,75201,32.7889493,-96.7969759,ai,corroborated
JACOB HOLZ COMPANY,1500 E Woodfield Rd Suite 400,Schaumburg,IL,60173,42.0433217,-88.0415215,ai,uncorroborated
JACOBI,,,,,,,,
JACOBS & GOODMAN,999 18th St Suite 1400,Denver,CO,80202,39.7492028,-104.9913592,ai,uncorroborated
JACOBS ENGINEERING,1999 Bryan Street,Dallas,TX,75201,32.7848118,-96.7971807,ai,corroborated
JACOBS&WALLACE,,,,,,,,
JACOBSON EQUITIES,"12121 Wilshire Blvd, Suite 700",Los Angeles,CA,90025,34.0440837,-118.467955,ai,grounded
JACOBY AND MEYERS,"2000 Avenue of the Stars, Suite 1150S",Los Angeles,CA,90067,34.0583138,-118.4146758,manual,verified
JAD TRANSPORTATION,,,,,,,,
JAFFA,,,,,,,,
JAFFA GATE RESEARCH AND ADVISORY,,,,,,,,
JAFFA GROUP DESIGN BUILD,,,,,,,,
JAFFE EYE INSTITUTE,900 Welch Road,Palo Alto,CA,94304,37.4369056,-122.1770957,ai,uncorroborated
JAFFE FAMILY LAW GROUP,"1901 AVENUE OF THE STARS, SUITE 680",LOS ANGELES,CA,90067,34.0595286,-118.4176184,manual,verified
JAFFE RAITT,"27777 Franklin Road, Suite 2500",Southfield,MI,48034,42.4930604,-83.2993089,ai,corroborated
JAFFE TILCHIN WEALTH MANAGEMENT,15350 N. Florida Avenue,Tampa,FL,33613,28.0159433,-82.4595212,ai,grounded
JAFI,,,,,,,,
JAFINA,,,,,,,,
JAGREEN DEVELOPMENT,,,,,,,,
JAKE'S TAKE WITH JACOB ELYACHAR,,,,,,,,
JAM,,,,,,,,
JAM CONSULTING,,,,,,,,
JAMAICA HOSPITAL MEDICAL CENTER,89-01 Parsons Boulevard,Jamaica,NY,11432,40.699835,-73.8077023,ai,grounded
JAMES GROSFELD TRUST,,,,,,,,
JAMESON,250 Park Avenue,New York,NY,10177,40.7551097,-73.9759422,manual,verified
JAMESTOWN,"675 Ponce de Leon Avenue NE, 7th Floor",Atlanta,GA,30308,33.7723214,-84.3653476,manual,verified
JAMS,"18881 Von Karman Ave., Suite 350",Irvine,CA,92612,33.6856969,-117.825981,ai,grounded
JAN MANAGEMENT SERVICES LLC,,,,,,,,
JANA PARTNERS,"299 Park Avenue, 22nd Floor",New York,NY,10171,40.7560254,-73.9741826,ai,corroborated
JANE BEST CONSULTING,,,,,,,,
JANE STREET,"250 Vesey Street, 14th Floor",New York,NY,10281,40.7144361,-74.0158043,ai,corroborated
JANET & JANET SUGGS. LLC,,,,,,,,
JANNEY MONTGOMERY SCOTT LLC,1717 ARCH STREET,PHILADELPHIA,PA,19103,39.9555389,-75.169259,ai,corroborated
JANNOL LAW GROUP,,,,,,,,
JANOUSEK UK,,,,,,,,
JARDEN CORPORATION,"231 South LaSalle Street, Suite 2200",Chicago,IL,60604,41.878578,-87.6318352,ai,uncorroborated
"JARED AMENT, MD, MPH PC",,,,,,,,
JARU,12901 Flagler Center Blvd,Jacksonville,FL,32258,30.1365442,-81.5150846,ai,grounded
JASON JAMES MD INC,,,,,,,,
JASPER LAKE LLC,,,,,,,,
JASS REALTY CO. LLC,,,,,,,,
JAT,,,,,,,,
JAVELIN,525 Market Street,San Francisco,CA,94105,37.7905075,-122.399158,ai,grounded
JAVELIN VENTURE PARTNERS,"1000 Sansome Street, Suite 300",San Francisco,CA,94111,37.7996876,-122.4021534,ai,corroborated
JAWMAN DENTAL,,,,,,,,
JAXXSNAX,,,,,,,,
JAY FISHMAN INVESTMENT,,,,,,,,
JAY FRANCO AND SONS,33 Central Avenue,Farmingdale,NY,11735,40.752922,-73.4129643,ai,corroborated
JAY L. FALK MD PA,,,,,,,,
JAZZ AT LINCOLN CENTER,"10 Lincoln Center Plaza, David Rubenstein Atrium",New York,NY,10023,40.7127281,-74.0060152,ai,corroborated
JB CONSULTING STRATEGIES,,,,,,,,
JB INVESTMENTS,,,,,,,,
JBA EQUITIES LLC,,,,,,,,
JBG SMITH,"4445 Willard Avenue, Suite 700",Chevy Chase,MD,20815,38.9813699,-77.0849245,ai,grounded
JBI,,,,,,,,
JBRODSKY & ASSOCIATES,,,,,,,,
JBS,1770 Promontory Circle,Greeley,CO,80634,40.4120341,-104.8550543,ai,uncorroborated
JBS HOLDING,1770 Promontory Circle,Greeley,CO,80634,40.4120341,-104.8550543,ai,grounded
JCAN,,,,,,,,
JCC,,,,,,,,
JCC ASSOCIATION OF NORTH AMERICA,"520 Eighth Avenue, 4th Floor",New York,NY,10018,40.9160751,-73.8043958,ai,grounded
JCC CHARLOTTE,"5600 Executive Center Drive, Suite 210",Charlotte,NC,28212,35.2017637,-80.7447217,ai,corroborated
JCC CHICAGO,3003 West Touhy Avenue,Chicago,IL,60645,42.0109786,-87.7053813,ai,corroborated
JCC OF STAMFORD,1035 Newfield Avenue,Stamford,CT,06905,41.0945703,-73.529849,ai,corroborated
JCC ON THE PALISADES,,,,,,,,
JCCP/CBT,,,,,,,,
JCF,,,,,,,,
JCG,,,,,,,,
JCI WW INC,One Campus Martius,Detroit,MI,48226,42.332628,-83.0467201,ai,uncorroborated
JCRC,,,,,,,,
JCRC OF GREATER BOSTON,"1 Arts Circle, Suite 200",Boston,MA,02115,42.3588336,-71.0578303,ai,corroborated
JCRC OF GREATER WASHINGTON,"6101 Executive Boulevard, Suite 300",North Bethesda,MD,20852,39.0487522,-77.1239581,ai,grounded
JCRC OF MINNESOTA & THE DAKOTAS,,,,,,,,
JD CHAPMAN,,,,,,,,
JD EHRLICH COMPANY,60 Springfield Avenue,Summit,NJ,07901,40.7163783,-74.3347268,ai,uncorroborated
JDI REALTY,,,,,,,,
JDJ CAPITAL MANAGEMENT COMPANY,,,,,,,,
JDM FINANCIAL GROUP,,,,,,,,
JDRC MANAGED SERVICES LLC,,,,,,,,
JDW VENTURES,,,,,,,,
JE RICHARDS,"4600 Hargrove Drive, Suite 100",Lanham,MD,20706,38.9515516,-76.844543,ai,grounded
JECKIL PROMOTIONS,,,,,,,,
JED KAMINETSKY MD PC,,,,,,,,
JEDOR CAPITAL,"200 Park Avenue, 46th Floor",New York,NY,10166,40.7534645,-73.9766148,ai,corroborated
JEEP SOUTH EAST,1515 Ponce de Leon Ave NE,Atlanta,GA,30309,33.7744338,-84.3398465,ai,uncorroborated
JEFF ANDERSON & ASSOCIATES,"123 North Third Street, Suite 365",Minneapolis,MN,55401,44.9772995,-93.2654692,ai,uncorroborated
JEFF'S GOURMET,,,,,,,,
JEFFER MANGELS BUTLER & MITCHELL LLP,"1900 Avenue of the Stars, 7th Floor",Los Angeles,CA,90067,34.0599711,-118.4169732,ai,corroborated
JEFFERSON HEALTH,833 Chestnut Street,Philadelphia,PA,19107,39.9500971,-75.1549287,ai,corroborated
JEFFREY DONFELD PC,,,,,,,,
JEFFREY FELZER DMD PC,,,,,,,,
JEFFREY PECK PARTY,,,,,,,,
JEFFREY SCHILLER MD,,,,,,,,
JEFFRIES & COMPANY,520 Madison Avenue,New York,NY,10022,40.7602214,-73.9744253,ai,corroborated
JEG INVESTMENTS LLC,,,,,,,,
JEI,25 Corporate Drive,Trumbull,CT,06611,41.296096,-73.2275565,ai,uncorroborated
JELIKALITE CORP,,,,,,,,
JELMARLLC.COB,5550 W. Touhy Ave Suite 200,Skokie,IL,60077,42.012017,-87.766145,ai,grounded
JEM SPORTSWEAR,1 Glenwood Ave,Rutherford,NJ,07070,40.826489,-74.1068091,ai,uncorroborated
JEMB REALTY,"150 Broadway, Suite 800",New York,NY,10038,40.7092067,-74.0100477,manual,verified
JENEL,,,,,,,,
JENEL RE,,,,,,,,
JENKINS PEER ARCHITECTS,"110 West A Street, Suite 400",San Diego,CA,92101,32.719411,-117.164296,ai,uncorroborated
JENNER & BLOCK LLP,353 North Clark Street,Chicago,IL,60654,41.8889735,-87.6301482,ai,corroborated
JENNIFER NEWMAN INTERIORS,,,,,,,,
JENNY CRAIG,"3033 Fifth Avenue, Suite 500",San Diego,CA,92103,32.7047632,-117.1638766,ai,uncorroborated
JERA,1000 Main Street,Houston,TX,77002,29.757002,-95.3655633,manual,verified
JERICA CAPITAL,,,,,,,,
JERICHO CAPITAL,,New York,NY,10022,,,,
"JEROME BLUT, CHTD",,,,,,,,
JEROME ENVIRONMENTAL SERVICES LLC,,,,,,,,
JERSEY CITY GIRL LLC,,,,,,,,
JERSEY SHORE RETINA CONSULTANTS,"800 Delilah Road, Suite 100",Toms River,NJ,08753,39.9528389,-74.196741,ai,corroborated
JES PROPERTIES,,,,,,,,
JESCO FOOTWEAR,"209 W 38th Street, Suite 1110",New York,NY,10018,40.7539435,-73.9892849,ai,grounded
JESSE REISING FOR CONGRESS,,,,,,,,
JESSICA'S,,,,,,,,
JET DENTAL,"10101 Fondren Rd, Suite 200",Houston,TX,77096,29.6702673,-95.5078619,ai,uncorroborated
JET SUPPORT SERVICES INC,167 N Green St,Chicago,IL,60607,41.8841385,-87.6484851,ai,corroborated
JETOBRA INC,,,,,,,,
JETTY,"55 S Market St, Suite 450",San Jose,CA,95113,37.3341365,-121.8916481,ai,uncorroborated
JEWBELONG,,,,,,,,
JEWEL SALES AND MARKETING,,,,,,,,
JEWISH CENTER OF ATLANTIC BEACH,661 Atlantic Ave,Atlantic Beach,NY,11509,40.5886547,-73.7288791,ai,corroborated
JEWISH COMMUNITY ACTION NETWORK,,,,,,,,
JEWISH COMMUNITY CENTER,,,,,,,,
JEWISH COMMUNITY FOUNDATION OF GREATER METROWEST NJ,901 Route 10,Whippany,NJ,07981,40.8235696,-74.4181299,manual,verified
JEWISH COMMUNITY HOSPICE,,,,,,,,
JEWISH COMMUNITY OF LOUISVILLE,3600 Dutchmans Ln,Louisville,KY,40205,38.225443,-85.651526,ai,corroborated
JEWISH COMMUNITY RELATIONS COUNCIL OF GREATER PHOENIX,"12701 N Scottsdale Rd, Suite 203",Scottsdale,AZ,85254,33.6068153,-111.9258576,manual,verified
JEWISH COMMUNITY SERVICES OF S,,,,,,,,
JEWISH EDUCATION IN MEDIA INC,,,,,,,,
JEWISH FAMILY & CHILDRENS SERVICES,"2000 N Tustin Ave, Suite 200",Santa Ana,CA,92705,33.7720253,-117.8357718,ai,uncorroborated
JEWISH FAMILY AND CHILDREN'S SERVICES OF SAN FRANCISCO,2150 Post Street,San Francisco,CA,94115,37.7847128,-122.4372237,manual,verified
JEWISH FAMILY SERVICES,,,,,,,,
JEWISH FED OF GR. ROCHESTER,255 East Ave,Rochester,NY,14604,43.1555451,-77.5978566,ai,corroborated
JEWISH FED. OF GREATER PITTSBURGH,5738 Forbes Ave,Pittsburgh,PA,15217,40.437987,-79.9250974,ai,corroborated
JEWISH FEDERATION,,,,,,,,
JEWISH FEDERATION OF CLEVELAND,27375 Shaker Blvd,Beachwood,OH,44122,41.4778222,-81.4928776,ai,corroborated
JEWISH FEDERATION OF GREATER CHARLOTTE,"5007 Providence Road, Suite 101",Charlotte,NC,28226,35.1476597,-80.7863524,manual,verified
JEWISH FEDERATION OF GREATER FAIRFIELD COUNTY,1086 Broad Street,Bridgeport,CT,06604,41.1779712,-73.1908638,ai,corroborated
JEWISH FEDERATION OF GREATER HOUSTON,5603 S. Braeswood Blvd,Houston,TX,77096,29.6745056,-95.4833195,ai,corroborated
JEWISH FEDERATION OF GREATER NEW ORLEANS,3747 West Esplanade Avenue,Metairie,LA,70002,30.0154372,-90.1669191,manual,verified
JEWISH FEDERATION OF GREATER NH,207 N Main St,Concord,NH,03301,43.2141177,-71.5410808,ai,uncorroborated
JEWISH FEDERATION OF GREATER PHILADELPHIA,2100 Arch Street,Philadelphia,PA,19103,39.9556195,-75.1750315,manual,verified
JEWISH FEDERATION OF GREATER PITTSBURGH,2000 Tower Oaks Boulevard,Pittsburgh,PA,15241,40.4406968,-80.0025666,manual,verified
JEWISH FEDERATION OF METROPOLITAN DETR,6735 Telegraph Rd,Bloomfield Township,MI,48301,42.5412934,-83.2845963,ai,corroborated
JEWISH FEDERATION OF NORTH NEW JERSEY,50 Eisenhower Dr,Paramus,NJ,07652,40.930279,-74.078283,ai,corroborated
JEWISH FEDERATION OF NORTHERN NEW JERSEY,111 Kinderkamack Road,River Edge,NJ,07661,40.9117794,-74.0360659,manual,verified
JEWISH FEDERATION OF OCEAN COUNTY,3805 Route 9 South,Toms River,NJ,08755,39.9528389,-74.196741,ai,corroborated
JEWISH FEDERATION OF ST. LOUIS,"12 Millstone Campus Dr, Suite 200",Creve Coeur,MO,63146,38.6613007,-90.4423653,ai,corroborated
JEWISH FEDERATION OF TULSA,2021 E 71st St,Tulsa,OK,74136,36.0620807,-95.9638828,ai,corroborated
JEWISH FEDERATION OF WEST-CENTRAL NJ,,,,,,,,
JEWISH FOUNDATION OF CINCINNATI,"8499 Ridge Point Dr, Suite 200",Loveland,OH,45140,39.2689476,-84.263826,ai,corroborated
JEWISH GENETIC DISEASES CENTER OF GREA,,,,,,,,
JEWISH LINK,,,,,,,,
JEWISH NATIONAL FUND,42 East 69th Street,New York,NY,10021,40.7693113,-73.9661392,ai,corroborated
JEWISH PHILANTHROPIES OF SOUTHERN ARIZONA,3800 E River Rd,Tucson,AZ,85718,32.275755,-110.912791,ai,corroborated
JEWISH THEOLOGICAL SEMINARY,3080 Broadway,New York,NY,10027,40.8120963,-73.9605604,ai,corroborated
JEWISHCOLORADO,"Loretto Heights Campus, 560 S Downing St, Suite 100",Denver,CO,80209,39.7392364,-104.984862,ai,corroborated
JEWISHCOLUMBUS,1175 College Ave,Columbus,OH,43209,39.945107,-82.935234,ai,corroborated
JF CAPITAL,,,,,,,,
JF GLOBAL CPA,,,,,,,,
JFCSNNJ,1465 Springfield Ave,Summit,NJ,07901,40.7160406,-74.3361877,ai,corroborated
JFF ENTERPRISES INC,,,,,,,,
JFI,,,,,,,,
JFK MEDICAL CENTER,65 James St,Edison,NJ,08820,40.5563574,-74.3501777,ai,corroborated
JFNA,"50 Broadway, Suite 2010",New York,NY,10004,40.7063443,-74.0126752,ai,uncorroborated
JFOGR,,,,,,,,
JFS,6735 Telegraph Rd #30,Bloomfield Hills,MI,48301,42.583645,-83.2454883,manual,verified
JFW & CO,,,,,,,,
JG REALTY INC,,,,,,,,
JGB,,,,,,,,
JGB FINANCIAL HOLDCO,,,,,,,,
JGS VENTURES,,,,,,,,
JH ENTERPRISE,,,,,,,,
JHCN,,,,,,,,
JHEB LLC,,,,,,,,
JHR CAPITAL,,,,,,,,
JHU,"Johns Hopkins University, 3400 N. Charles Street",Baltimore,MD,21218,39.3302023,-76.6218536,ai,uncorroborated
JHU APL,"Johns Hopkins University Applied Physics Laboratory, 11100 Johns Hopkins Road",Laurel,MD,20723,39.1667462,-76.8974081,ai,corroborated
JHW,,,,,,,,
JI MEDICAL,"10850 Guilford Rd, Suite 200",Annapolis Junction,MD,20701,39.1254596,-76.7953237,ai,uncorroborated
JILL AND DAVID KRISCHER FAMILY FOUNDAT,,,,,,,,
JILL HABER DESIGN GROUP,155 E 55th St Apt 203,New York,NY,10022,40.7594533,-73.9690629,ai,corroborated
JIME SECURITY,,,,,,,,
JINSA,"Jewish Institute for National Security of America, 1101 14th Street NW, Suite 1400",Washington,DC,20005,38.8950982,-77.0363849,ai,grounded
JITTERBIT,"Jitterbit, Inc., 333 Bush Street, Suite 1700",San Francisco,CA,94104,37.7879363,-122.4075201,ai,corroborated
JJ PRO,,,,,,,,
JJB,,,,,,,,
JJF,,,,,,,,
JK CONSULTING GROUP,,,,,,,,
JLEC,,,,,,,,
JLL,"450 Lexington Ave, 31st Floor",New York,NY,10017,40.7127281,-74.0060152,manual,verified
JLRE CONSULTING,,,,,,,,
JM BURKMAN & ASSOCIATES LLC,"1283 Washington Ave NE, Suite 300",Washington,DC,20002,38.8950982,-77.0363849,ai,uncorroborated
JMB REALTY,"JMB Realty, 230 West Monroe Street, Suite 3200",Chicago,IL,60606,41.8755616,-87.6244212,ai,corroborated
JMBM,"Jeffer Mangels Butler & Mitchell LLP, 1900 Avenue of the Stars, 7th Floor",Los Angeles,CA,90067,34.0536909,-118.242766,ai,corroborated
JMJ DEVELOPMENT,,,,,,,,
JMRESOURCES,,,,,,,,
JNS,,,,,,,,
JNS SMITHCHEM,,,,,,,,
JOBBERS MEAT CO,,,,,,,,
JOCO,,,,,,,,
JODYS INC,,,,,,,,
JOEL BROOKS & ASSOCIATES,25 S Service Rd Ste 240,Jericho,NY,11753,40.7813489,-73.5597839,ai,uncorroborated
JOEL REINSTEIN PLLC,,,,,,,,
"JOEL RENBAUM, M.D. INC","1 Daniel Burnham Ct, Suite 365C",San Francisco,CA,94109,37.7867651,-122.4222341,ai,grounded
"JOEL YOUNG, MD PC",,,,,,,,
"JOELE FRANK, WILKINSON BRIMMER KATCHER","1425 Broadway, 4th Floor",New York,NY,10018,40.7541123,-73.9870409,manual,verified
JOHN A. GOLDEN ASSOCIATES,"12 East 49th Street, Floor 41",New York,NY,10017,40.7573677,-73.9768687,manual,verified
JOHN ADAMS MORTGAGE,"1015 15th St NW, Suite 600",Washington,DC,20005,38.9030556,-77.0343319,ai,uncorroborated
JOHN C. LINCOLN HEALTH SYSTEM,250 E Dunlap Ave,Phoenix,AZ,85020,33.5713261,-112.069038,ai,corroborated
JOHN HANCOCK,200 Clarendon Street,Boston,MA,02116,42.3491677,-71.075124,ai,corroborated
JOHN HENRY HOMES,11025 Reed Hartman Highway,Blue Ash,OH,45242,39.2666614,-84.3790694,ai,grounded
"JOHN M WATKINS, PHD INC",,,,,,,,
JOHN MUIR,1600 Ygnacio Valley Road,Walnut Creek,CA,94598,37.915082,-122.041585,ai,corroborated
JOHNS HOPKINS,733 North Broadway,Baltimore,MD,21205,39.2990371,-76.5939987,ai,uncorroborated
JOHNS HOPKINS UNIVERSITY,3400 N Charles St,Baltimore,MD,21218,39.3290586,-76.619409,ai,corroborated
JOHNS HOPKINS UNIVERSITY APPLIED PHYSICS LABORATORY,11100 Johns Hopkins Road,Laurel,MD,20723,39.1667462,-76.8974081,manual,verified
JOHNSON & JOHNSON,One Johnson & Johnson Plaza,New Brunswick,NJ,08933,40.4986542,-74.4416908,ai,uncorroborated
JOHNSON BROTHERS,1999 Shepard Rd,Saint Paul,MN,55116,44.907267,-93.1518929,ai,corroborated
JOHNSON CONTROLS,507 E Michigan St,Milwaukee,WI,53202,43.0370416,-87.9044639,ai,uncorroborated
JOHNSON FAMILY FOUND,,,,,,,,
JOHNSON REAL ESTATE,,West Hartford,CT,06117,,,,
JOHNSON STORAGE & MOVING,5800 Eureka Dr,Edina,MN,55436,44.8897027,-93.3501222,ai,uncorroborated
JOLTON INDUSTRIES,,,,,,,,
JON EFFRON AND COMPANY,,,,,,,,
JON F WEBER & CO. LLC,,,,,,,,
JONAATHAN H PARKER,,,,,,,,
"JONATHAN H. KROTINGER, ATTORNEY AT LAW",,,,,,,,
JONATHAN STRAUSS CASTING,1650 Vine Street,Los Angeles,CA,90028,34.1010833,-118.3265769,ai,uncorroborated
JONCOCO,"17701 Biscayne Blvd, Suite 200",Aventura,FL,33160,25.940295,-80.1487976,ai,grounded
JONES DAY,901 Lakeside Avenue,Cleveland,OH,44114,41.505658,-81.691444,ai,grounded
JONES MILLER,,,,,,,,
JONES WALKER,"201 St. Charles Avenue, 51st Floor",New Orleans,LA,70170,29.9520161,-90.070364,ai,corroborated
JONOVA,,,,,,,,
JORDACHE ENTERPRISES,"350 5th Avenue, Suite 5309",New York,NY,10118,40.7484421,-73.9856589,ai,corroborated
JORDAN RAMIS PC,"1211 SW 5th Ave, Ste 2700 (PacWest, 27th Floor)",Portland,OR,97204,45.5152677,-122.6800549,ai,grounded
JORDAN RIVER MOVING,"12515 Willows Rd NE, Suite 220",Kirkland,WA,98034,47.71293,-122.1552199,ai,grounded
JORDON PERLMUTTER & CO,,,,,,,,
JOSEPH GOETZ MD,,,,,,,,
JOSEPH M. MARVIZI DDS INC,,,,,,,,
"JOSEPH RAFALOWICZ, ATTORNEY AT LAW",,,,,,,,
JOSH SILVERMAN INSURANCE,"33 South Service Road, Suite 101",Melville,NY,11747,40.7804005,-73.4283778,ai,uncorroborated
JOSH STEEL CO,,,,,,,,
JOSHUA P. FRIEDMAN AND ASSOCIATES,,,,,,,,
JOSSELSON POTTER & ROBERTS,55 Washington Street,Norwalk,CT,06854,41.0990856,-73.419083,ai,uncorroborated
JOULE VENTURES,535 W. 110th St #5F,New York,NY,10025,40.8039526,-73.9656848,ai,grounded
JOYCE FOOD PRODUCTS,"320 Madison Ave, 3rd Floor",New York,NY,10017,40.7530819,-73.9792034,ai,corroborated
JP MORGAN SECURITIES,383 Madison Avenue,New York,NY,10179,40.7554453,-73.9767459,ai,corroborated
JP WEALTH MANAGEMENT,,,,,,,,
JPAUL BUILDERS,,,,,,,,
JPMC,383 Madison Avenue,New York,NY,10179,40.7554453,-73.9767459,ai,grounded
JPMORGAN CHASE,270 Park Avenue,New York,NY,10017,40.7559787,-73.9759701,ai,corroborated
JPORLEANS,,,,,,,,
JRCO,,,,,,,,
JRJS SALES INC,,,,,,,,
JRK ASSET MANAGEMENT,"100 Spectrum Center Drive, Suite 1500",Irvine,CA,92618,33.6505695,-117.7476412,ai,corroborated
JRK PROPERTY HOLDINGS,"100 Spectrum Center Drive, Suite 1500",Irvine,CA,92618,33.6505695,-117.7476412,ai,corroborated
JS DIAMOND ENTERPRISES,"16690 Collins Ave, Suite 1103",Sunny Isles Beach,FL,33160,25.9295036,-80.1227145,manual,verified
JS HELD,"1285 Avenue of the Americas, 25th Floor",New York,NY,10019,40.7609264,-73.9799604,ai,corroborated
JSL,,,,,,,,
JSR HEALTH SERVICES,"100 Crescent Court, Suite 700",Dallas,TX,75201,32.7939116,-96.8033152,ai,uncorroborated
JSSI,"167 N Green St, Ste 1300",Chicago,IL,60607,41.8851531,-87.648053,ai,grounded
JSV,,,,,,,,
JTRADE GLOBAL LLC,,,,,,,,
JTS,5310 S. Cockrell Hill Road,Dallas,TX,75236,32.6812487,-96.8916219,ai,grounded
"JUDGE M ROSENBLSTT MEDIATION, APC",,,,,,,,
JUDSON UNIVERSITY,1151 N State St,Elgin,IL,60123,42.0609055,-88.2915075,ai,corroborated
JUF,,,,,,,,
JUICE MERCHANDISING,370 W Pratt St,Baltimore,MD,21201,39.2863618,-76.6202833,ai,uncorroborated
JULIAN WOLF,,,,,,,,
JULIUAS VITA PHOTOGRAPER AND VIDEOGRAP,,,,,,,,
JULIUS DOOCHIN FABRICATIONS,,,,,,,,
JUMP MANAGEMENT,,,,,,,,
JUMP OPERATIONS LLC,"600 West Chicago Avenue, Suite 600",Chicago,IL,60654,41.8982912,-87.6443417,ai,grounded
JUNE COLLECTIVE,,,,,,,,
JUNO INVESTMENTS,"950 Third Avenue, Suite 2300",New York,NY,10022,40.8088444,-73.9303577,manual,verified
JURIS CAPITAL LLC,100 FEDERAL STREET,BOSTON,MA,02110,42.3550533,-71.055957,ai,uncorroborated
JURISLAW LLP,,,,,,,,
JURISTEMPS INC,50 Beale St Suite 700,San Francisco,CA,94105,37.7912566,-122.3964864,ai,uncorroborated
JUST WIRELESS,,,,,,,,
JUVO AUTISM & BEHAVIORAL HEALTH SERVICES,,,,,,,,
JVDEALS,,,,,,,,
JVM REALTY CORPORATION,1840 W Market St,Akron,OH,44313,41.1118339,-81.5746188,ai,uncorroborated
JVS - DEVELOPER,,,,,,,,
JW LOPES LLC,128 CARTER STREET,CHELSEA,MA,02150,42.3980637,-71.0428345,manual,verified
JW PROPERTIES INC,,,,,,,,
JW TREE SERVICE,,,,,,,,
K & F INDUSTRIES,,,,,,,,
K GROUP HOLDINGS,,,,,,,,
K&R,,,,,,,,
K&R PRESERVATION,,,,,,,,
K&S,,,,,,,,
KA CAPITAL MANAGEMENT,"c/o KA Capital Management, 650 California Street, Suite 1900",San Francisco,CA,94108,37.7879363,-122.4075201,ai,corroborated
KABR GROUP,"34 South Dean Street, Suite 200",Englewood,NJ,07631,40.8925407,-73.9751708,ai,grounded
KADIMA NEUROPSYCHIATRY INSTITUTE,7315 West Sunset Boulevard Suite 250,Los Angeles,CA,90046,34.0979831,-118.3660401,ai,corroborated
KAFTAN ENTERPRISES,"29100 Northwestern Hwy, Suite 260",Southfield,MI,48034,42.4733689,-83.2218731,ai,grounded
KAFTAN MANAGEMENT,"29100 Northwestern Hwy, Suite 260",Southfield,MI,48034,42.4733689,-83.2218731,ai,grounded
KAGAN LUBIC LEPPER FINKELSTEIN & GOLD,217 Broadway Suite 707,New York,NY,10007,40.7117757,-74.0085572,ai,corroborated
KAISER,1 Kaiser Plaza,Oakland,CA,94612,37.8044557,-122.271356,ai,corroborated
KAITAR RESOURCES,"1517 PERIMETER ROAD, SUITE 506",WEST PALM BEACH,FL,33406,26.6896899,-80.0788914,manual,verified
KAIZEN AUTOMATION GROUP,,,,,,,,
KAJEET,"1791 Preuss Rd, Suite 650",Reston,VA,20194,38.9587514,-77.3585955,ai,grounded
KALED MANAGEMENT,,,,,,,,
KALIMIAN GROUP,,,,,,,,
KALIS INC,,SANTA MONICA,CA,90401,,,,
KALIS INVESTMENT,,,,,,,,
KALITTA CHARTERS,1850 Progress Drive,Ypsilanti,MI,48198,42.241051,-83.6117646,ai,corroborated
"KALMON DOLGIN AFFILIATES, KND MGMN","60 Cutter Mill Road, Suite 303",Great Neck,NY,11021,40.781289,-73.734026,ai,corroborated
KAM ADVERTISING,,,,,,,,
KAMAN,1332 Blue Hills Avenue,Bloomfield,CT,06002,41.859096,-72.710161,ai,grounded
"KAMPLER ADVISORY GROUP, LL",,,,,,,,
KAMRAS & POLANSKY MEDICAL,,,,,,,,
"KANE AND KOLTUN, ATTORNEYS AT LAW","150 Spartan Drive, Suite 100",Maitland,FL,32751,28.6275253,-81.3656419,ai,grounded
KANSAS CITY SOUTHERN,427 West 12th Street,Kansas City,MO,64105,39.0997558,-94.5896998,ai,uncorroborated
KAP'S WHOLESALE FOODS,1300 Maple Street,Detroit,MI,48207,42.3412438,-83.0385051,ai,grounded
KAPITAL ENTERTAINMENT,,Los Angeles,CA,90067,,,,
KAPLAN,1515 West Cypress Creek Road,Fort Lauderdale,FL,33309,26.2040735,-80.1643544,ai,grounded
KAPLAN & ASSOCIATES LLC,,,,,,,,
KARBANK REAL ESTATE COMPANY,2000 Shawnee Mission Pkwy,Mission Woods,KS,66205,39.034201,-94.609285,ai,corroborated
KARDON INDUSTRIES,31 Valley Road,Montvale,NJ,07645,41.0525222,-74.0516065,ai,uncorroborated
KARIUS,,,,,,,,
KARLIN,,,,,,,,
KARMILY,,,,,,,,
KARNEY MANAGEMENT CO,,,,,,,,
KARNEY PROPERTIES CO,,,,,,,,
KARNO LAW,,,,,,,,
"KARP & IANCU, S.C",,,,,,,,
KARPAY DIEM LAND LLC,,,,,,,,
KARPEL INSURANCE,"200 East Randolph Drive, Suite 5100",Chicago,IL,60601,41.884596,-87.620392,ai,uncorroborated
KASOWITZ BENSON TORRES,1633 Broadway,New York,NY,10019,40.762093,-73.9846559,ai,corroborated
KASS SHULER PA,,,,,,,,
KATHY ROSENBERG-WOHL LLC,,,,,,,,
KATIN ENGINEERING,1407 Tomlynn Street,Annapolis,MD,21401,38.9786401,-76.492786,ai,uncorroborated
KATTAN,,,,,,,,
KATTEN,"2029 Century Park East, Suite 2600",Los Angeles,CA,90067,34.0596151,-118.4138446,ai,uncorroborated
KATTEN LAW FIRM,2900 K Street NW,Washington,DC,20007,38.9014816,-77.0588124,ai,uncorroborated
KATTEN MUCHIN ROSENMAN LLP,525 West Monroe Street,Chicago,IL,60661,41.8802268,-87.6403869,ai,grounded
KATZ & STEFANI,,,,,,,,
KATZ BASKIES & WOLF PLLC,"1201 S. Shepherd Drive, Suite 600",Houston,TX,77019,29.7552056,-95.4097527,ai,uncorroborated
KATZ FRAM & CO,"3300 Enterprise Parkway, Suite 200",Beachwood,OH,44122,41.4694994,-81.4947758,ai,uncorroborated
KATZ REALTY INTERESTS,,,,,,,,
KATZ TELLER,"36307 Detroit Road, Suite 200",Westlake,OH,44145,41.4674216,-81.9209017,ai,corroborated
KATZDESIGNGROUP,,,,,,,,
KATZIN,,,,,,,,
KATZSON BROTHERS INC,,,,,,,,
KAUFMAN & CANOLES,"4801 Courthouse Street, Suite 300",Newport News,VA,23607,36.9775016,-76.42977,ai,corroborated
KAUFMAN PLLC,"400 North Lasalle Street, Suite 1700",Chicago,IL,60654,41.8868494,-87.6325515,ai,uncorroborated
KAUFMAN PRODUCTS INC,,,,,,,,
KAVANAH LIFE,,,,,,,,
KAWA CAPITAL MANAGEMENT,"1010 S. Federal Highway, Suite 2900",Hallandale Beach,FL,33009,25.9964303,-80.1427416,ai,grounded
KAWESCH LAW GROUP,6 Garner Street,Newton Centre,MA,02459,42.3373941,-71.1882968,ai,grounded
KAY GHAD LLP,,,,,,,,
KAYE HOMES,,,,,,,,
KAYE SCHOLER,250 West 55th Street,New York,NY,10019,40.7649395,-73.9829195,ai,uncorroborated
KAYNE ANDERSON RUDNICK,"1800 Avenue of the Stars, 2nd Floor",Los Angeles,CA,90067,34.061114,-118.418106,ai,corroborated
KAYNE LAW,"9255 Sunset Boulevard, Suite 615",West Hollywood,CA,90069,34.0901713,-118.39393,ai,uncorroborated
KBHOME,"10990 Wilshire Boulevard, Suite 1500",Los Angeles,CA,90024,34.0575996,-118.4473337,ai,corroborated
KBR,"601 Jefferson Street, Suite 3400",Houston,TX,77002,29.7532501,-95.372337,ai,corroborated
KCAV,,,,,,,,
KCC,"222 N Pacific Coast Highway, Suite 300",El Segundo,CA,90245,33.9262257,-118.3963518,ai,grounded
KCI TECHNOLIGIES,1712 South Harbor City Boulevard,Melbourne,FL,32901,28.0816429,-80.6047251,ai,uncorroborated
KCM,"525 West Monroe Street, 19th Floor",Chicago,IL,60661,41.8802268,-87.6403869,ai,grounded
KCU,900 S. McLean Blvd,Kinston,NC,28504,35.2626635,-77.5816353,ai,uncorroborated
KEAN UNIVERSITY,1000 Morris Avenue,Union,NJ,07083,40.6780173,-74.2339287,ai,uncorroborated
KEAT PROPERTIES,,,,,,,,
KECHES LAW GROUP,"2 Lakeshore Center, Suite 3",Bridgewater,MA,02324,41.9604191,-71.035117,ai,grounded
KEE BOOKKEEPING,,,,,,,,
KEEGAN HOMES,,,,,,,,
KEELER REAL ESTATE LLC,,,,,,,,
KEEPBOX,"1299 Pennsylvania Avenue NW, Suite 700",Washington,DC,20004,38.896492,-77.028214,ai,uncorroborated
KEHILLAH OF ARIZONA,3643 E. Pueblo Ave,Phoenix,AZ,85040,33.40763,-112.0526318,ai,corroborated
KEHILLAT LEV RA'ANANA,,,,,,,,
KELLER POSTMAN,"150 N. Riverside Plaza, Suite 4100",Chicago,IL,60606,41.8825427,-87.638745,ai,grounded
KELLER WILLIAMS,"1221 South Mopac Expressway, Suite 400",Austin,TX,78746,30.2633565,-97.78646,ai,grounded
KELLEY DRYE AND WARREN LLP,"3050 K Street NW, Suite 400",Washington,DC,20007,38.9016729,-77.060962,ai,uncorroborated
KELLI'S,,Carrollton,TX,75006,,,,
KELLI'S GIFT SHOP SUPPLIERS,488 S Royal Ln,Coppell,TX,75019,32.9656344,-97.0267901,ai,corroborated
KELLNER LAW GROUP,"10940 Wilshire Boulevard, Suite 1000",Los Angeles,CA,90024,34.0580322,-118.4450834,ai,corroborated
KELLOGG SCHOOL OF BUSINESS,2001 Sheridan Road,Evanston,IL,60208,42.0540944,-87.6760509,ai,corroborated
KELLY PRICE & COMPANY,,,,,,,,
KELLY SCIENCE & CLINICAL,1515 N Courthouse Road,Arlington,VA,22201,38.8912045,-77.0834555,manual,verified
KELLY SCOTT & MADISON,"3600 NW 43rd Street, Suite 250",Gainesville,FL,32606,29.6874593,-82.3890275,ai,uncorroborated
KELSEY-SEYBOLD,"6750 Main Street, Suite 100",Houston,TX,77030,29.7076971,-95.4045115,ai,corroborated
KEM KREST,3221 Magnum Dr,Elkhart,IN,46516,41.6775997,-85.9150797,ai,grounded
KEMPNER FAMILY FOUNDATION,"c/o Combined Jewish Philanthropies, Kraft Family Building, 126 High Street",Boston,MA,02110,42.3588336,-71.0578303,ai,grounded
KEMPSTAR,,,,,,,,
KEN KWARTLER LAW OFFICE,,,,,,,,
KEN RUBY CONSTRUCTION COMPANY,,,,,,,,
KENDALL EYE INSTITUTE,701 S. Air Depot Blvd,Wichita,KS,67209,37.6922361,-97.3375448,ai,uncorroborated
KENISCO CAPITAL,"55 Railroad Avenue, 2nd Floor",Greenwich,CT,06830,41.0221295,-73.6259355,manual,verified
KENMAR,"400 Crossing Boulevard, Suite 301",Beverly,MA,01915,42.5489744,-70.8781883,ai,uncorroborated
KENNEDY TECHNOLOGIES,8520 16th Street North,Saint Petersburg,FL,33702,27.8365433,-82.6549732,ai,uncorroborated
KENNEDY WILSON,151 S. El Camino Dr,Beverly Hills,CA,90212,34.0583555,-118.4002164,ai,grounded
KENNEDY WILSON MULTIFAMILY,"12012 San Vicente Blvd, Suite 600",Los Angeles,CA,90049,34.0444042,-118.4981905,ai,corroborated
"KENNETH ROSE ,ESQ",,,,,,,,
KENSINGTON,,,,,,,,
KENSTON PUBLIC SCHOOLS,7900 Sherman Rd,Chesterland,OH,44026,41.5341089,-81.3586694,ai,corroborated
KENT ADVERTISING,,,,,,,,
KENT SERVICES INC,1705 South Third Street,Columbus,OH,43207,39.9272438,-82.9945083,ai,uncorroborated
KENTWOOD,4900 Breton Rd SE,Kentwood,MI,49508,42.8694731,-85.6447492,ai,grounded
KENWALL STEEL,,,,,,,,
KEPLR VISION,,,,,,,,
KESSLER & KESSLER,"3530 Colorado Avenue, Suite 200",Santa Monica,CA,90404,34.0326692,-118.4686884,ai,corroborated
KESSLER INSTITUTE FOR REHABILITATION,1199 Pleasant Valley Way,West Orange,NJ,07052,40.7849632,-74.2777835,ai,corroborated
KESSLER MARKETING GROUP INC,,,,,,,,
KESSNER & RABINOWITZ,,,,,,,,
KESTEN FINANCIAL GROUP,,,,,,,,
KEVIN R. FISHER ESQ,,,,,,,,
KEW GRDNS HILLS DVLP,,,,,,,,
KEY CLINICS,,,,,,,,
KEY LIME STRATEGIES,"1612 K St NW, Suite 800",Washington,DC,20006,38.9022659,-77.0374983,ai,uncorroborated
KEY MEDIA,,,,,,,,
KEY MOTORS,549 US Hwy 1 Byp,Portsmouth,NH,03801,43.0751306,-70.7601826,ai,grounded
KEY PROPERTIES,,,,,,,,
KEYES AUTOMOTIVE GROUP,5855 Van Nuys Blvd,Van Nuys,CA,91401,34.1771392,-118.448807,manual,verified
KEYSOURCE,,,,,,,,
KEYSTONE,,,,,,,,
KEYSTONE BUSINESS TRANSITIONS LLC,1250 7TH STREET NW,WASHINGTON,DC,20001,38.9064548,-77.0220182,ai,uncorroborated
KEYSTONE DEVELOPMENT AND INVESTMENT,"200 Barr Harbor Dr, Suite 400",West Conshohocken,PA,19428,40.0693588,-75.3094212,ai,corroborated
KFC US,1441 Gardiner Ln,Louisville,KY,40213,38.1999626,-85.6950601,ai,corroborated
KGPM,,,,,,,,
KHAN ACADEMY,"10000 N Tantau Ave, Suite 230",Cupertino,CA,95014,37.3230362,-122.006514,ai,uncorroborated
KHC,one PPG Place,Pittsburgh,PA,15222,40.4400104,-80.0037606,ai,grounded
KICORP,373 A Second Ave,Kotzebue,AK,99752,66.8982057,-162.5977621,manual,verified
KIDDESIGNS,1299 Main Street,Rahway,NJ,07065,40.60326,-74.275399,manual,verified
KIDNEY MEDICAL ASSOCIATES,,,,,,,,
KIDS CAPITAL,,,,,,,,
KIDZ CONCEPTS LLC,,,,,,,,
KIFO,,,,,,,,
KIG,,,,,,,,
KIG CAPITAL REAL ESTATE,,,,,,,,
KILOWATT CAPITAL,"1958 Broadway, 15th Floor",Oakland,CA,94612,37.8084243,-122.26849,ai,corroborated
KILPATRICK TOWNSEND & STOCKTON LLP,"1100 Peachtree Street NE, Suite 2800",Atlanta,GA,30309,33.7849076,-84.3836971,ai,grounded
KIMBALL SMALL PROPERTIES,110 East 59th Street,New York,NY,10022,40.7622471,-73.9694737,ai,uncorroborated
KIMBER MANUFACTURING,,,,,,,,
KIMCO REALTY,"500 North Broadway, Suite 201",Jericho,NY,11753,40.7906553,-73.5346576,ai,corroborated
KIND LLC,"120 Varick Street, 4th Floor",New York,NY,10013,40.72489,-74.005816,ai,grounded
KINDRED HOSPICE,"680 South Fourth Street, Suite 300",Louisville,KY,40202,38.2542376,-85.759407,ai,uncorroborated
KINETIC,,,,,,,,
KINETIC CONTENT,"151 West 26th Street, 11th Floor",New York,NY,10001,40.7458282,-73.9932914,ai,uncorroborated
KING & SPALDING,1180 Peachtree Street NE,Atlanta,GA,30309,33.7869256,-84.3842034,ai,grounded
KING TIDE LLC,,,,,,,,
KINGFISHER INVESTMENT ADVISORS,,,,,,,,
KINGS CAPITAL,,,,,,,,
KINGSTONE,"One Commerce Plaza, 99 Washington Avenue",Albany,NY,12210,42.6511674,-73.754968,ai,corroborated
KINGSWOOD US,"600 Lexington Avenue, 10th Floor",New York,NY,10022,40.7580277,-73.9714246,ai,corroborated
KINNERET GROUP,,,,,,,,
KINNEY FOR DC,,,,,,,,
KINROSS REAL ESTATE,"19575 Victor Parkway, Suite 400",Livonia,MI,48152,42.4313193,-83.4223397,ai,uncorroborated
KINSOR MANAGEMENT,1169 Ocean Avenue,Brooklyn,NY,11230,40.6338116,-73.9575957,ai,grounded
KINTEGRAL ASSET MANAGEMENT,,,,,,,,
KINZIE HOUSE DESIGNS,,,,,,,,
KIRKLAND & ELLIS LLP,300 North LaSalle,Chicago,IL,60654,41.8882337,-87.6331516,ai,corroborated
KIRSHBAUM BUSINESS ADVISORY,,,,,,,,
KITE REALTY GROUP,"30 S Meridian St, Suite 1100",Indianapolis,IN,46204,39.766104,-86.1585158,ai,corroborated
KITEWORKS INC,"701 Lee Road, Suite 300",Wayne,PA,19087,40.0694872,-75.4585158,ai,uncorroborated
KITSAP COUNTY SHERIFF'S OFFICE,614 Division St,Port Orchard,WA,98366,47.5372072,-122.6379062,ai,corroborated
KITU SYSTEMS INC,,,,,,,,
KITZMAN FOR TEXAS (POLITICAL CAMPAIGN),,,,,,,,
KIXIE,"110 E 1st Ave, Suite 300",San Mateo,CA,94401,37.5691881,-122.3210165,ai,corroborated
KJBINC,,,,,,,,
KKR,9 West 57th Street,New York,NY,10019,40.7638353,-73.9749533,ai,corroborated
KL CAPITAL INC,,,,,,,,
KLAIMAN UROLOGY,,,,,,,,
KLEBAN & SAMOR,,,,,,,,
KLEHR HARRISON,"1835 Market St, 14th Floor",Philadelphia,PA,19103,39.9537066,-75.1711096,ai,corroborated
KLEIN CHAPLAINCY SERVICE,,,,,,,,
KLEIN ENTERPRISES,"1777 Reisterstown Road, Suite 165",Baltimore,MD,21208,39.2908816,-76.610759,manual,verified
KLEIN HERSH,,,,,,,,
KLEIN HONDA,2401 S Mason Rd,Katy,TX,77450,29.7857853,-95.8243956,ai,uncorroborated
KLEIN'S SUPERMARKET,60 Green St,East Orange,NJ,07018,40.7642404,-74.215011,ai,uncorroborated
"KLEIN, CHAMPMAN, GREEN",,,,,,,,
"KLEIN, O''NEILL & SINGH LLP",100 Church Street,New York,NY,10007,40.7130609,-74.0096199,ai,uncorroborated
KLEINBARD,"1835 Market St, 14th Floor",Philadelphia,PA,19103,39.9537066,-75.1711096,ai,corroborated
KLEINBERG KAPLAN,500 Fifth Avenue,New York,NY,10110,40.9185887,-73.8054369,ai,corroborated
KLEINPARTNERS,400 Continental Blvd Ste 600,El Segundo,CA,90245,33.9210073,-118.3902342,ai,grounded
KLEINS SHOPRITE OF MD,2101 Rock Spring Rd,Forest Hill,MD,21050,39.5751065,-76.3850329,ai,corroborated
KLEPAK FOUNDATION,,,,,,,,
KLEYNER CONSULTING LLC,,,,,,,,
KLINE PROPERTIES,"1910 E Washington St, Suite B",Indianapolis,IN,46201,39.7678362,-86.127869,manual,verified
KLMR PROPERTIES,,,,,,,,
KLNB LLC,,,,,,,,
KLNF,,,,,,,,
KLS FINANCIAL,,,,,,,,
KLUGER KAPLAN,"201 S. Biscayne Blvd., Suite 1800",Miami,FL,33131,25.7722268,-80.1867876,ai,grounded
KMB INNOVATIONS,,SAINT LOUIS,MO,63101,,,,
KMG CONSULTING,,,,,,,,
KMM MANAGEMENT,,,,,,,,
KMP,,,,,,,,
KMS,,,,,,,,
KNISH SHOP,508 Reisterstown Rd,Pikesville,MD,21208,39.3676419,-76.7171158,ai,grounded
KNOLL INTERNATIONAL,1230 Avenue of the Americas,New York,NY,10020,40.7589337,-73.9808983,ai,uncorroborated
KNOTTS DIRECT,2829 Townsgate Road,Westlake Village,CA,91361,34.1523964,-118.8227874,ai,uncorroborated
KNOWLEDGE SCIENCE LLC,,,,,,,,
KO LAWYERS,,,,,,,,
KOALA,,,,,,,,
KOCH FERTILIZER,4111 East 37th Street North,Wichita,KS,67220,37.7558927,-97.289736,ai,corroborated
KOCHIN GROUP,,,,,,,,
KOHELET YESHIVA HIGH SCHOOL,15515 N. 28th Drive,Phoenix,AZ,85053,33.6285333,-112.1198752,ai,uncorroborated
KOHLER & HART,,,,,,,,
KOHRMAN JACKSON & KRANTZ,"1375 East 9th Street, Suite 300",Cleveland,OH,44114,41.5036765,-81.6891678,ai,corroborated
KOL AMYN,,,,,,,,
KOL EMETH,,,,,,,,
KOLSBY GORDON ROBIN & SHORE,,,,,,,,
KOMAR ALLIANCE,6900 Washington Blvd,Montebello,CA,90640,33.9935876,-118.1156944,ai,grounded
KONA ADVISORS LLC,55 West 46th Street,New York,NY,10036,40.7570421,-73.9811254,ai,uncorroborated
KONA MEDIA,,,,,,,,
"KONIGSBERG WOLF & CO, CPA","2049 Century Park East, Suite 1000",Los Angeles,CA,90067,34.0587104,-118.4127848,ai,uncorroborated
KONIKOFF DENTISTRY,,,,,,,,
KOOLAU LIVING,47-200 Waihee Rd,Kaneohe,HI,96744,21.418555,-157.804184,ai,uncorroborated
KOPECKY SCHUMACHER ROSENBURG LLC,,,,,,,,
KOPELOWITZ OSTROW PA,200 S Andrews Ave #100,Fort Lauderdale,FL,33301,26.120231,-80.1431086,ai,corroborated
KORENVAES MANAGEMENT LLC,"3953 Maple Avenue, Suite 150",Dallas,TX,75219,32.8053184,-96.8154356,ai,corroborated
KORET FOUNDATION,"One Embarcadero Center, Suite 520",San Francisco,CA,94111,37.7944882,-122.3996223,ai,corroborated
KORNHABER DENTAL GROUP,30 S Bayles Ave,Port Washington,NY,11050,40.8285053,-73.686444,ai,grounded
KORNMEHL LASER EYE ASSOCIATES,54 Washington Street,Wellesley,MA,02481,42.3234054,-71.2624095,ai,grounded
KORNWASSER REALTY ADVISORS,8222 Melrose Ave Ste 300,Los Angeles,CA,90046,34.083619,-118.368912,ai,grounded
KORR ACQUISITIONS,,,,,,,,
KOS SERVICES LLC,,,,,,,,
KOSS CORPORATION,4129 N Port Washington Rd,Milwaukee,WI,53212,43.0948293,-87.9169619,manual,verified
KOSSOW MANAGEMENT CORP,1701 K Street NW,Washington,DC,20006,38.9029793,-77.0387054,ai,uncorroborated
KOTEL PARTNERS,"4849 Rugby Ave, 1st Floor",Bethesda,MD,20814,38.9912295,-77.0989404,ai,grounded
KOVITZ INVESTMENT GROUP,"500 North Michigan Avenue, Suite 2100",Chicago,IL,60611,41.8911749,-87.6247097,ai,corroborated
KOZYAK TROPIN AND THROCKMORTON,"2525 Ponce De Leon Boulevard, Suite 900",Coral Gables,FL,33134,25.7482134,-80.2581653,ai,corroborated
KPMG,345 Park Avenue,New York,NY,10154,40.7577559,-73.9722731,ai,corroborated
KPMG NORTHEAST,345 Park Ave,New York,NY,10154,40.7577559,-73.9722731,ai,uncorroborated
KPR CENTERS,1739 K St NW,Washington,DC,20006,38.9026056,-77.0401546,ai,uncorroborated
KRA,,,,,,,,
KRAFF EYE,130 W Mount Pleasant Ave,Livingston,NJ,07039,40.7952355,-74.3218398,ai,uncorroborated
KRAFT FAMILY PHILANTHROPIES,One Patriot Place,Foxborough,MA,02035,42.0894304,-71.2603702,manual,verified
KRAMER ASSOC,,,,,,,,
KRAMER BEVERAGE,161 S 2nd Rd,Hammonton,NJ,08037,39.6173397,-74.8174435,ai,grounded
KRAMER DIRECT,"100 N Central Expressway, Suite 300",Richardson,TX,75080,32.9515485,-96.7328542,ai,corroborated
KRAMER ENTERPRISES,,,,,,,,
KRAMER LEVIN NAFTALIS & FRANKEL,1177 Avenue of the Americas,New York,NY,10036,40.7573123,-73.9827582,ai,corroborated
KRANE FUNDS ADVISORS,"277 Park Avenue, 31st Floor",New York,NY,10172,40.755263,-73.9742085,ai,corroborated
KRAUSS DERMATOLOGY,,,,,,,,
KREINDLER,"277 Broadway, 6th Floor",New York,NY,10007,40.7144418,-74.0064648,ai,corroborated
KREINDLER & KREINDLER LLP,750 Third Ave,New York,NY,10017,40.7538489,-73.9727152,ai,corroborated
KREMER EYE,,,,,,,,
KRG CAPITAL PARTNERS,"1800 Larimer Street, Suite 2200",Denver,CO,80202,39.7514135,-104.9940867,ai,grounded
KRIEGER WATCH CORPORATION,"1140 N. Alma School Road, Suite 210",Chandler,AZ,85224,33.3211152,-111.8592296,ai,uncorroborated
KRIPKE ENTERPRISES,,,,,,,,
KRISS & FEUERSTEIN LLP,"360 Lexington Avenue, 16th Floor",New York,NY,10017,40.7504859,-73.9771542,ai,corroborated
KRISS CAPITAL LLC,111 West 19th Street,New York,NY,10011,40.7408894,-73.9954138,ai,corroborated
KRM WEALTH MANAGEMENT,,,,,,,,
KROGER,1014 Vine Street,Cincinnati,OH,45202,39.1067499,-84.5139042,ai,corroborated
KROLL,"55 East 52nd Street, 17th Floor",New York,NY,10055,40.7590841,-73.9736001,ai,corroborated
KROST,"2875 Michelle Drive, Suite 150",Irvine,CA,92606,33.7186016,-117.7973527,ai,corroborated
KRUPP PUBLIC RELATIONS,55 Water St,New York,NY,10041,40.7032255,-74.0090671,ai,corroborated
KRYSTAL CLEAR COMMUNICATIONS,,,,,,,,
KSDS,,,,,,,,
KSL GLOBAL MARKET RESEARCH,"6614 Clayton Rd, Suite 182",Saint Louis,MO,63117,38.6334451,-90.3048378,ai,grounded
KSOSN,,,,,,,,
KTBS LAW LLP,1801 Century Park E Ste 1700,Los Angeles,CA,90067,34.0621057,-118.4159357,ai,corroborated
KTND,,,,,,,,
KUKLER RESTAURANT ADVISORY,,,,,,,,
KULBERSH HEALTH SCREENING SERVICES,,,,,,,,
KULLY HALL LLC,,,,,,,,
KURSH LLC,"1180 Avenue of the Americas, 3rd Floor",New York,NY,10036,40.7574015,-73.9819995,ai,uncorroborated
KURZWEIL TECHNOLOGIES,"2 Dearborn Road, Suite 100",Waltham,MA,02453,42.3762385,-71.2355644,ai,uncorroborated
KUSTOFF AND SANDERS LLP,,,,,,,,
KUTAK ROCK,1650 Farnam Street,Omaha,NE,68102,41.257524,-95.9383216,ai,uncorroborated
KUTNICK FAMILY,,,,,,,,
KVS TITLE,7700 Old Georgetown Rd,Bethesda,MD,20814,38.986448,-77.0978205,ai,corroborated
KW REALTY,"1221 South Mopac Expressway, Suite 400",Austin,TX,78746,30.2633565,-97.78646,ai,grounded
KWALU LLC,6160 Peachtree Dunwoody Rd Building C,Atlanta,GA,30328,33.7544657,-84.3898151,ai,grounded
"KWASNY, REILLY, HAFT & SACCO",55 West 39th Street,New York,NY,10018,40.7523912,-73.9839779,ai,uncorroborated
KYHS,,,,,,,,
KYNDRYL,350 Park Avenue,New York,NY,10022,40.75822,-73.9735329,ai,grounded
L M SANDLER AND SONS INC,"448 Viking Drive, Suite 220",Virginia Beach,VA,23452,36.8269512,-76.0725771,ai,grounded
L&J,,,,,,,,
L&L INFINITE REAL ESTATE PARTNERS,,,,,,,,
L&M FOOTWEAR INC,"10 W 33rd St, Floor 6",New York,NY,10001,40.7479614,-73.9857859,ai,uncorroborated
L&S ADVISORS,1999 Avenue of the Stars,Los Angeles,CA,90067,34.058647,-118.4166661,ai,corroborated
L&S RADIATION ONCOLOGY,,,,,,,,
L'ALLIANCE NY,,,,,,,,
L. & J. ASSOCIATES,,,,,,,,
L.M. COHEN & CO. LLP,"One Lincoln Plaza, 21 W 65th St",New York,NY,10023,40.7127281,-74.0060152,ai,corroborated
L/O ANDREW WRIGHT,,,,,,,,
L3 HOSPITALITY GROUP,100 W Kinzie St Ste 275,Chicago,IL,60654,41.8893505,-87.63136,ai,grounded
L3HARRIS,1025 W. NASA Boulevard,Melbourne,FL,32919,28.0927294,-80.6374213,ai,grounded
LA CORPORATION,,,,,,,,
LA COUNTY,500 West Temple Street,Los Angeles,CA,90012,34.0568474,-118.2462025,ai,corroborated
LA DENTIST,,,,,,,,
LA FAMILY FORUM,"632 W. 6th Street, Suite 200",Los Angeles,CA,90071,34.048931,-118.25572,ai,uncorroborated
LA MAMBA,,,,,,,,
LA MOM MAGAZINE,13101 Washington Blvd Suite 200,Los Angeles,CA,90066,33.994067,-118.440713,ai,corroborated
LA UNIFIED,333 South Beaudry Avenue,Los Angeles,CA,90017,34.0562396,-118.2572592,ai,corroborated
LAB LAKE CAPITAL,,,,,,,,
LABBIDZ LLC,,,,,,,,
LABEL & CO. DEVELOPMENTS INC,,,,,,,,
LABOVICK & LABOVICK,"5220 Hood Road, Suite 200",Palm Beach Gardens,FL,33418,26.8647089,-80.1151175,ai,grounded
LABOVICK LAW GROUP,5220 Hood Rd,Palm Beach Gardens,FL,33418,26.8647071,-80.1151153,ai,corroborated
LAFFA LLC,,,,,,,,
LAGEMANN CONSULTING LLC,,,,,,,,
LAHEY HOSPITAL,41 Mall Road,Burlington,MA,01805,42.4846439,-71.2042249,ai,uncorroborated
LAJH,,,,,,,,
LAKE COOK NEUROLOGICAL CONSULTANTS,"1360 N. Milwaukee Avenue, Suite 300",Libertyville,IL,60048,42.2973425,-87.956444,ai,corroborated
LAKESHORE,,,,,,,,
LAKESIDE SOFTWARE,"2 Oliver St, STE 700",Boston,MA,02109,42.3572063,-71.0545494,manual,verified
LAKEVIEW LOAN SERVICING LLC,"4425 Ponce De Leon Blvd NE, Suite 300",Coral Gables,FL,33146,25.7331105,-80.2585107,ai,corroborated
LALLIANCE NEW YORK,,,,,,,,
LALLO'S 441,,,,,,,,
LAMAR ADVERTISING COMPANY,100 Brady Avenue,Baton Rouge,LA,70808,30.6748544,-91.1713431,ai,corroborated
LAMB LLC,,,,,,,,
LAMB PARTNERS,,,,,,,,
LAMBDA FUND MANAGEMENT,101 Federal Street,Boston,MA,02110,42.354929,-71.0567125,ai,uncorroborated
LAMBERT MEDIA GROUP,11400 W Olympic Blvd Suite 590,Los Angeles,CA,90064,34.0361538,-118.4428548,ai,grounded
LAMDEINU,"893 Columbus Avenue, Suite 3B",New York,NY,10025,40.797688,-73.9638866,ai,uncorroborated
LAMPERT COMPANIES,"2600 Grand Boulevard, Suite 700",Kansas City,MO,64108,39.0794801,-94.5837413,ai,uncorroborated
LAND 'N SEA,,,,,,,,
LAND DEVELOPER,,,,,,,,
LANDAU ADVISORY,250 West 57th Street,New York,NY,10107,40.7663468,-73.9824049,ai,corroborated
LANDAU CARRIAGE,,,,,,,,
LANDAU LAW PLLC,"1101 Connecticut Ave NW, Suite 450",Washington,DC,20036,38.9039314,-77.0397511,ai,uncorroborated
LANDER & LANDER,1901 S Alamo St,San Antonio,TX,78204,29.4118835,-98.5010396,ai,uncorroborated
LANDING POINT,"2 Grand Central Tower, 140 E. 45th Street, 20th Floor",New York,NY,10017,40.7127281,-74.0060152,ai,grounded
LANDMAN CORSI,,,,,,,,
LANDMARK,,,,,,,,
LANDMARK CAPITAL II LLC,,,,,,,,
LANDMARK COMPANIES LLC,"909 Locust Street, Suite 502",Philadelphia,PA,19107,39.947278,-75.156445,ai,uncorroborated
LANDSBERG JEWELERS INC,26 Main St,White Plains,NY,10601,41.0317227,-73.7734972,ai,corroborated
LANDSTAR DEVELOPMENT GROUP,"13410 Sutton Park Dr S, Suite 300",Jacksonville,FL,32224,30.2548139,-81.4625552,ai,corroborated
LANE & NACH PC,"120 Broadway, Suite 1980",New York,NY,10271,40.7082035,-74.0105065,ai,uncorroborated
LANE ENTERPRISES,"275 Grandview Ave, Suite 300",Camp Hill,PA,17011,40.2398118,-76.9199742,ai,grounded
LANE POWELL,"1420 5th Ave, Suite 4100",Seattle,WA,98101,47.610486,-122.3346274,ai,corroborated
LANE PROPERTY GROUP,,,,,,,,
LANG PHARMA NUTRITION,"5000 CentreGreen Way, Suite 200",Cary,NC,27513,35.8270307,-78.7993754,ai,uncorroborated
LANGDON STREET CAPITAL,"1007 N Market St, Suite 1100",Wilmington,DE,19801,39.7457443,-75.5477859,ai,uncorroborated
LANGSAM PROPERTY SERVICES,1601 Bronxdale Avenue,Bronx,NY,10462,40.8429036,-73.8584303,manual,verified
LANSDALE,,,,,,,,
LANX PARTNERS,"104 West 40th Street, Floor 19",New York,NY,10018,40.7535612,-73.9858179,ai,grounded
LANY WI LLC,"222 Broadway, 19th Floor",New York,NY,10038,40.710852,-74.0083931,ai,uncorroborated
LAPIN & LANDA LLP,"80-02 Kew Gardens Rd, Suite 300",Kew Gardens,NY,11415,40.7135963,-73.8313568,ai,uncorroborated
LAPIS MANAGEMENT,"420 Lexington Ave, Suite 300",New York,NY,10170,40.7524677,-73.9757799,ai,uncorroborated
LAPL,"630 West 5th Street, 11th Floor",Los Angeles,CA,90071,34.0508201,-118.2554523,ai,corroborated
LARKSPUR-CORTE MADERA SCHOOL DISTRICT,230 Doherty Dr,Larkspur,CA,94939,37.9380867,-122.5311298,ai,corroborated
"LARRY D EISENBERG, MD",,,,,,,,
"LARRY E. GOLDSTEIN, MD",,,,,,,,
LARRYTHECOMPUTERGUY.BIZ,,,,,,,,
LARSTRAND CORP,,,,,,,,
LAS VEGAS SUN,800 S 6th St,Las Vegas,NV,89101,36.160531,-115.145015,ai,corroborated
LASER ME,,,,,,,,
LASHGOLDBERG,"660 Madison Avenue, 6th Floor",New York,NY,10065,40.7647391,-73.9711425,ai,uncorroborated
LASS,,,,,,,,
LASZLO STRATEGIES,"1201 Connecticut Ave NW, Suite 500",Washington,DC,20036,38.9061861,-77.0406775,ai,uncorroborated
LATHAM & WATKINS,"10250 Constellation Blvd, Suite 1100",Los Angeles,CA,90067,34.0570451,-118.417508,manual,verified
LATHROP GAGE,"2345 Grand Blvd, Suite 2200",Kansas City,MO,64108,39.0846722,-94.5812608,ai,grounded
LATHROPGPM,"2345 Grand Boulevard, Suite 2200",Kansas City,MO,64108,39.0846722,-94.5812608,ai,grounded
LATIMER LEVAY FYOCK,1001 Pennsylvania Ave SE,Washington,DC,20003,38.8830267,-76.9916225,ai,uncorroborated
LATIN LIQUORS LIMITED,,,,,,,,
LATITUD,,,,,,,,
LATTICE CONSULTING LLC,"700 S Flower St, 37th Floor",Los Angeles,CA,90017,34.0481796,-118.258832,ai,uncorroborated
LAUDER PARTNERS,"375 Park Avenue, 14th Floor",New York,NY,10152,40.7584073,-73.9719841,ai,corroborated
LAUNCH PAD LLC,,,,,,,,
"LAURA HUGGLER, PH.D",,,,,,,,
LAURAND ASSOCIATES INC,,,,,,,,
LAUREATE MEDICAL GROUP,"3400 Old Milton Parkway, Building C, Suite 500",Alpharetta,GA,30005,34.0755962,-84.2945964,ai,grounded
LAUREN GOLD DESIGN,,,,,,,,
LAUTREC LTD,,,,,,,,
LAVIN & GEDVILLE PC,"350 N Orleans St, Suite 100",Chicago,IL,60654,41.8885434,-87.6378294,ai,corroborated
LAVISTA,,,,,,,,
LAVITSKY COMPUTER LABORATORIES INC,,,,,,,,
LAW COUNSEL,,,,,,,,
LAW IFFICE OF LESLIE R JANIS,,,,,,,,
LAW OFC OF MARC SALZBERG,,,,,,,,
LAW OFFICE DAVID GRAYCK,,,,,,,,
LAW OFFICE MICHELE LICHT,,,,,,,,
LAW OFFICE O FSHERI GOLDBERG,,,,,,,,
LAW OFFICE OF ALAN E. LUBEL,,,,,,,,
LAW OFFICE OF DANIEL MILLER,,,,,,,,
LAW OFFICE OF DAVID I KARP,,,,,,,,
LAW OFFICE OF DAVINA MASSEY,,,,,,,,
LAW OFFICE OF DOUGLAS E. JAFFE,,,,,,,,
LAW OFFICE OF ELI BURMAN LLC,"1372 Broadway, Suite 511",New York,NY,10018,40.7523476,-73.9872394,ai,uncorroborated
LAW OFFICE OF HARVEY STERN,,,,,,,,
LAW OFFICE OF INNES SMOLANSKY,,,,,,,,
LAW OFFICE OF JOHN S WALLACH,,,,,,,,
LAW OFFICE OF JOSEPH LICHTER,,,,,,,,
LAW OFFICE OF KARL S. THURMOND,,,,,,,,
LAW OFFICE OF KEVIN R. FISHER LLC,,,,,,,,
LAW OFFICE OF LESLIE B. YOFFIE,,,,,,,,
LAW OFFICE OF MIGUEL LEFF,,,,,,,,
LAW OFFICE OF PAMELA WEISBERG,,,,,,,,
LAW OFFICE OF RANDY POLLACK,,,,,,,,
LAW OFFICE OF RICHARD S. CORNFELD,101 S Hanley Rd Ste 1280,Clayton,MO,63105,38.6482054,-90.3347422,ai,corroborated
LAW OFFICE OF SCOTT E KAUFF,,,,,,,,
LAW OFFICE OF SHIRA KAUFMAN PLLC,,,,,,,,
LAW OFFICES AND BERSHIRE HATHAWAY,3555 Farnam Street,Omaha,NE,68131,41.2574068,-95.9653894,ai,grounded
LAW OFFICES JOEL H GREENBURG,,,,,,,,
LAW OFFICES OF ALAN M. COHEN & ASSOCIATES,,,,,,,,
LAW OFFICES OF ALICE B. NEWMAN PLLC,,,,,,,,
LAW OFFICES OF BORIS E. EFRON,,,,,,,,
LAW OFFICES OF BRADLEY W. HERTZ,,,,,,,,
LAW OFFICES OF DANIEL B. SPITZER,,,,,,,,
LAW OFFICES OF DAVID N. SCHULTZ,,,,,,,,
LAW OFFICES OF ELLIOT WEINREB,,,,,,,,
LAW OFFICES OF ELLYN BANK DUGOW PC,2 Park Avenue,New York,NY,10016,40.7463564,-73.9825765,ai,grounded
LAW OFFICES OF FRANK B. CAHN PA,"701 S Olive Ave, Suite 300",West Palm Beach,FL,33401,26.7063799,-80.0523329,ai,uncorroborated
LAW OFFICES OF GENE GOLDSMAN,,,,,,,,
LAW OFFICES OF GOLDBERG & ORIEL,,,,,,,,
"LAW OFFICES OF IRA BENJAMIN KATZ, APC",,,,,,,,
LAW OFFICES OF IRINA ROLLER PLLC,"350 5th Ave, Suite 7710",New York,NY,10118,40.7484421,-73.9856589,ai,corroborated
LAW OFFICES OF JAMES M. SITKIN,,,,,,,,
LAW OFFICES OF JEFFREY E. GOLDMAN,,,,,,,,
LAW OFFICES OF JONATHAN A. SORKOWITZ,,,,,,,,
LAW OFFICES OF JONATHAN J. DELSHAD,,,,,,,,
LAW OFFICES OF JONATHAN STEIN,,,,,,,,
"LAW OFFICES OF KEITH J. COHEN, ESQUIRE PC",,,,,,,,
LAW OFFICES OF LAWRENCE B. GILL PC,9306 Bolton Rd,Los Angeles,CA,90034,34.0448831,-118.3921964,manual,verified
"LAW OFFICES OF LAWRENCE ELKUS, PROFESSIONAL CORPORATION",,,,,,,,
LAW OFFICES OF LORI A. GARBER,,,,,,,,
LAW OFFICES OF NUSSIN S FOGEL PLLC,"305 Broadway, Suite 601",New York,NY,10007,40.7154521,-74.0054297,ai,corroborated
LAW OFFICES OF REGINA SKYER,,,,,,,,
LAW OFFICES OF SARA A. GOLDBERG PA,,,,,,,,
"LAW OFFICES OF SCOTT SPITZER, LCC",,,,,,,,
LAW OFFICES OF STEPHEN KUPERBERG LLC,,,,,,,,
LAW OFFICES OF STUART A. COHN,,,,,,,,
LAW OFFICES OF STUART D ZIMRING,,,,,,,,
LAW OFFICES OF THOMAS N JACOBSON,,,,,,,,
LAWFARE PROJECT,"1620 I Street NW, Suite 810",Washington,DC,20006,38.9010436,-77.0374925,ai,uncorroborated
LAWLAND CORP,,,,,,,,
LAWRENCE BERKELEY NATIONAL LAB,1 Cyclotron Road,Berkeley,CA,94720,37.8743429,-122.2523379,ai,corroborated
LAWRENCE FINANCIAL,"501 Office Center Dr, Suite 200",Fort Washington,PA,19034,40.1423219,-75.1727157,ai,uncorroborated
LAWRENCE GORDON MD PLLC,,,,,,,,
"LAWRENCE GRUNFELD, MD",,,,,,,,
LAWRENCE J. BERGER PC,"1200 Brickell Ave, Suite 1208",Miami,FL,33131,25.7621104,-80.1923056,ai,uncorroborated
LAWRENCE LAKE INTERIORS,,,,,,,,
LAWRENCE LIVERMORE NATIONAL LABORATORY,7000 East Avenue,Livermore,CA,94550,37.6820273,-121.7062915,manual,verified
LAWRENCE W GENET PA,,,,,,,,
LAWSON ATTORNEYS PLLC,,DALLAS,TX,75201,,,,
LAZ PARKING,"755 Main Street, 14th Floor",Hartford,CT,06103,41.7654706,-72.6739404,ai,grounded
LAZAR PC,,,,,,,,
LAZARD,"30 Rockefeller Plaza, 25th Floor",New York,NY,10112,40.7591232,-73.979556,ai,corroborated
LAZARD FRERES & CO. LLC,30 Rockefeller Plaza,New York,NY,10112,40.7591232,-73.979556,ai,grounded
LAZARUS & HARRIS LLP,561 Seventh Avenue,New York,NY,10018,40.9185914,-73.8038444,ai,grounded
LAZEGA & JOHANSON LLC,"1000 Potomac St NW, Suite 300",Washington,DC,20007,38.9033684,-77.0651015,ai,uncorroborated
LB GLOBAL,,,,,,,,
LBH SALES INC,,,,,,,,
LCA BANK CORP,"310 South Main St, Suite 900",Salt Lake City,UT,84101,40.7555187,-111.8909896,ai,grounded
LDA,,,,,,,,
LDI,,,,,,,,
LDJ ASSOCIATES,"725 Fifth Avenue, Suite 500",New York,NY,10022,40.8021613,-73.9453686,ai,uncorroborated
LDR,,,,,,,,
LDR EQUITIES,,,,,,,,
LDR INDUSTRIES,,,,,,,,
LDUB LLC,,,,,,,,
LEA,,,,,,,,
LEAD BANK,115 SW Ash St,Albany,OR,97321,44.6365071,-123.1059324,ai,uncorroborated
LEAD COACH LLC,,,,,,,,
LEADBURY COMPANY,,,,,,,,
LEADING EDGE ENDODONTICS,,,,,,,,
LEAN FORWARD PUBLISHING,,,,,,,,
LEAPTIDECAPITAL,,,,,,,,
LEARNING RESOURCES INC,1000 Church Ln,Vernon Hills,IL,60061,42.2373152,-87.9649487,ai,corroborated
LEARSI,,,,,,,,
LEBEN HOME FOR ADULTS,,,,,,,,
LEBO'S,,,,,,,,
LEBOWITZ & MZHEN LLC,,,,,,,,
LEC,,,,,,,,
LECG,"1270 Avenue of the Americas, 7th Floor",New York,NY,10020,40.760098,-73.9798033,ai,uncorroborated
LEDER REALTY & MANAGEMENT,,,,,,,,
LEE,,,,,,,,
LEE ALPERT AND COMPANY,"3033 East 1st Avenue, Ste 725",Denver,CO,80206,39.7192037,-104.9517183,ai,grounded
LEE M SMITH & ASSOCIATES CO LPA,,,,,,,,
LEE MICHAELS FINE JEWELRY,200 Park Ave S,New York,NY,10003,40.7368886,-73.9892348,ai,uncorroborated
LEEBER COHEN MD,,,,,,,,
LEEDS HOLDINGS S,,,,,,,,
LEEDS HOLDINGS S/E INC,,,,,,,,
LEFFELL FOUNDATION,305 E 46th St,New York,NY,10017,40.7522373,-73.969755,ai,corroborated
LEFFELL SCHOOL,155 E Willow St,Schenectady,NY,12305,42.7828038,-73.9688352,ai,corroborated
LEFTIN INVESTMENT COMPANY,333 Westchester Ave,Rye Brook,NY,10573,41.0077214,-73.688365,ai,uncorroborated
LEGACY CAPITAL,,,,,,,,
LEGACY FINANCIAL SERVICES,"1 Tower Lane, Suite 810",Oakbrook Terrace,IL,60181,41.8582828,-87.9545556,ai,uncorroborated
LEGACY HEART CENTER,"8201 Preston Road, Suite 900",Dallas,TX,75225,32.8626643,-96.8048991,ai,corroborated
LEGACY HERITAGE FOUNDATION,,,,,,,,
LEGACY REAL ESTATE VENTURES,"4701 Creek Road, Suite 137",Minneapolis,MN,55450,44.9772995,-93.2654692,ai,uncorroborated
LEGACY SERVICE PARTNERS,"2001 Ross Avenue, Suite 1500",Dallas,TX,75201,32.7876162,-96.7992456,ai,uncorroborated
LEGAL AID SOCIETY,199 Water Street,New York,NY,10038,40.7068659,-74.0043534,ai,corroborated
LEGAL SEARCH SOLUTIONS INC,200 Park Ave S,Winter Park,FL,32789,28.596661,-81.350942,ai,corroborated
LEGAL TIMES,3050 K St NW,Washington,DC,20007,38.9016729,-77.060962,ai,uncorroborated
LEGEND MERCHANT,,,,,,,,
LEGENDS OF LEARNING,"2710 Science Park Rd, Suite 102",Wilmington,DE,19810,39.7459468,-75.546589,ai,uncorroborated
LEGION,,,,,,,,
LEHIGH VALLEY DAIRIES,1706 N 16th St,Allentown,PA,18104,40.6114356,-75.4968993,ai,corroborated
LEHMAN BROTHERS,745 Seventh Avenue,New York,NY,10019,40.9138474,-73.8064848,ai,uncorroborated
LEIBSOHN AND COMPANY,"230 Fifth Avenue, Suite 1900",New York,NY,10001,40.9144396,-73.8080071,ai,uncorroborated
LEIFER CAPITAL ADVISERS LLC,,,,,,,,
LEIN MGMT,,,,,,,,
LENDBUZZ,"3100 Clarendon Blvd, Suite 600",Arlington,VA,22201,38.8864256,-77.0952568,ai,uncorroborated
LENDINGONE,"1308 W 4th St, Suite 100",Tampa,FL,33607,27.9449854,-82.4583107,ai,corroborated
LENDMARK FINANCIAL SERVICES,4285 Commerce Dr,Bowling Green,KY,42104,36.9929203,-86.4428677,ai,uncorroborated
LENORE ENTERTAINMENT GROUP,,,,,,,,
LEON KOROL CO,,BUFFALO GROVE,IL,60089,,,,
LEON LEVINE FOUNDATION,"310 South Tryon Street, Suite 1400",Charlotte,NC,28202,35.2255769,-80.8455698,ai,corroborated
LEON ZOLAND AND SON INC,146-14 184th Street,Jamaica,NY,11434,40.699835,-73.8077023,ai,corroborated
LEONARD GREEN & PARTNERS,"11150 Santa Monica Blvd, Suite 800",Los Angeles,CA,90025,34.0469114,-118.4451093,ai,corroborated
LEONARD LEVINE METALS CORP,130 Hecla Street,Hollis,NY,12401,40.7134361,-73.7670772,ai,uncorroborated
LERCH EARLY & BREWER,"7600 Wisconsin Avenue, Suite 700",Bethesda,MD,20814,38.986033,-77.094801,ai,grounded
LERMAN CORP,"2000 K St NW, Suite 600",Washington,DC,20006,38.902443,-77.045055,ai,uncorroborated
LERNER AND CO,"600 13th St NW, Suite 900",Washington,DC,20005,38.8978896,-77.0299767,ai,uncorroborated
LERNER RESIDENTIAL,5009 Monroe Rd Suite 200,Charlotte,NC,28205,35.1918216,-80.777387,ai,grounded
LES GROSINGER,,,,,,,,
"LESLEY BODZY, ESQ",,,,,,,,
LESLEY UNIVERSITY,1815 Massachusetts Ave,Cambridge,MA,02140,42.3876285,-71.1188077,ai,corroborated
LESLIE 2 HOLDING,51 Railroad Ave,Albany,NY,12205,42.6954632,-73.8202739,ai,grounded
LET THERE BE WATER LLC,"300 Central Park West, Apt 7A",New York,NY,10024,40.7883188,-73.9674898,ai,grounded
LETTUCE ENTERTAIN YOU ENTERPRISES,"5419 N SHERIDAN ROAD, SUITE 116",CHICAGO,IL,60640,41.980359,-87.6549857,manual,verified
LEVA HAWES MASON MARTIN E,,,,,,,,
LEVATA,"200 W Monroe St, 23rd Floor",Chicago,IL,60606,41.8809684,-87.6342955,ai,grounded
LEVCO MANAGEMENT,,,,,,,,
LEVENFELD PEARLSTEIN LLC,2 N LaSalle St Suite 1300,Chicago,IL,60602,41.8823579,-87.632809,ai,corroborated
LEVIN AND ROSENSTEIN,14120 Chinkapin Dr,Rockville,MD,20850,39.0877822,-77.2149034,ai,grounded
LEVIN CONSULTING,,,,,,,,
LEVINE & BLIT LLP,"100 S Broad St, Suite 1620",Philadelphia,PA,19110,39.950768,-75.164143,ai,uncorroborated
LEVINE BUILDERS,,,,,,,,
LEVINE HOMES CONSTRUCTION,,,,,,,,
LEVINE JCC,5007 Providence Rd,Charlotte,NC,28226,35.1465359,-80.7894007,ai,corroborated
LEVINE LEICHTMAN CAPITAL PARTNERS,"233 Wilshire Blvd, Suite 700",Santa Monica,CA,90401,34.0192694,-118.4981403,ai,corroborated
LEVINE MUSEUM OF THE NEW SOUTH,200 E 7th St,Charlotte,NC,28202,35.2282099,-80.8387318,ai,corroborated
LEVINE ORGANIZATION,"445 Broadhollow Rd, Suite 430",Melville,NY,11747,40.775222,-73.4198166,ai,grounded
LEVINE PROPERTIES,,,,,,,,
LEVINE PROPERTY INVESTMENTS,,,,,,,,
LEVITCH STANLEY MENDELL LLP,"10940 Wilshire Boulevard, Suite 1220",Los Angeles,CA,90024,34.0580322,-118.4450834,ai,grounded
LEVITICUS PARTNERS,"1000 Sansome St, Suite 300",San Francisco,CA,94111,37.7996876,-122.4021534,ai,uncorroborated
LEVITTOWN SCHOOL DISTRICT,150 Ellison Ave,Levittown,NY,11756,40.7259621,-73.5144766,ai,corroborated
LEVORITZ LAW,"200 Vesey Street, 24th Floor",New York,NY,10281,40.7135678,-74.0148836,ai,grounded
LEVY & DRONEY,,,,,,,,
LEVY AFFILIATED HOLDINGS LLC,"201 Wilshire Boulevard, Second Floor",Santa Monica,CA,90401,34.0194704,-118.491227,ai,grounded
LEVY CONSULTING,,,,,,,,
LEVY RESTAURANTS,"6250 N River Rd, Suite 600",Rosemont,IL,60018,41.9936599,-87.8616208,ai,uncorroborated
LEWIS THOMASON,"424 Church St, Suite 2000",Nashville,TN,37219,36.1637447,-86.7801461,ai,corroborated
LEWIS/KLEIN PROPERTIES,,,,,,,,
LEWISRICE,1251 Avenue of the Americas,New York,NY,10020,40.7600411,-73.9818903,ai,grounded
LEX,,,,,,,,
LEX DIAMOND CO,,,,,,,,
LEXICON STRATEGIES,"3017 Bolling Way NE, Suite 226",Atlanta,GA,30305,33.8373811,-84.3801307,ai,grounded
LEXMORE CORPORATION,,,,,,,,
LEXUS,19001 S Western Ave,Torrance,CA,90501,33.858237,-118.309477,ai,uncorroborated
LEXUS OF LEHIGH VALLEY,3001 South 12th Street,Allentown,PA,18103,40.5746696,-75.4758398,ai,corroborated
LG CAPITAL PARTNERS,"601 Lexington Avenue, 54th Floor",New York,NY,10022,40.7587794,-73.9704834,ai,uncorroborated
LGBTQ VICTORY FUND,"575 7th Street NE, Suite 300",Washington,DC,20002,38.8971002,-76.9960626,ai,uncorroborated
LGN,,,,,,,,
LH MERCANTILE,,,,,,,,
LHOIST,"200 Ashford Center North, Suite 300",Atlanta,GA,30338,33.7544657,-84.3898151,ai,corroborated
LIBENU,,,,,,,,
LIBERTY,,,,,,,,
LIBERTY DIST,,,,,,,,
LIBERTY MEDIA,"12300 Liberty Boulevard, Suite 300",Englewood,CO,80112,39.5531875,-104.8457162,ai,corroborated
LIBERTY MUTUAL,175 Berkeley Street,Boston,MA,02116,42.3500614,-71.071675,ai,corroborated
LIBERTY OFFICE SUITES,"431 E Las Olas Blvd, Suite 140",Fort Lauderdale,FL,33301,26.1191233,-80.138366,ai,uncorroborated
LIBERTY VEGETABLE OIL,,,,,,,,
LIBERTY WEST INC,,,,,,,,
LIBRA,,,,,,,,
LIBRA SOLUTIONS GROUP,,,,,,,,
LICHTER LAW FIRM,"1200 Brickell Ave, Suite 1950",Miami,FL,33131,25.7621104,-80.1923056,ai,corroborated
LIEBERMAN BLECHER & SINKEVICH,"10 Jefferson Plaza, Suite 400",Princeton,NJ,08540,40.3496953,-74.6597376,ai,grounded
LIEBERMAN COMPANIES,"150 N. Radnor Chester Road, Suite F-200",Radnor,PA,19087,40.0448619,-75.3594728,ai,uncorroborated
LIEBERMAN INSURANCE,,,,,,,,
LIEBERT CASSIDY WHITMORE,"2001 Junipero Serra Boulevard, Suite 300",Daly City,CA,94014,37.7012904,-122.4701122,ai,corroborated
LIFE COACHING MIAMI,,,,,,,,
LIFE STRATEGIES ADVISORS,,,,,,,,
LIFEBRIDGE,2401 West Belvedere Avenue,Baltimore,MD,21215,39.3528965,-76.6622872,ai,corroborated
LIFEBRIDGE HEALTH,2401 W Belvedere Ave,Baltimore,MD,21215,39.3528965,-76.6622872,ai,corroborated
LIFETOWN,,,,,,,,
LIGHITLITY,"9200 Corporate Blvd, Suite 150",Rockville,MD,20850,39.0817985,-77.1516844,ai,grounded
LIGHT ON ANXIETY,,,,,,,,
LIGHT VERDE LLC,,,,,,,,
LIGHTBANK,"420 N May St, Suite 200",Chicago,IL,60642,41.88994,-87.655873,ai,corroborated
LIGHTBOX,450 W 15th St,New York,NY,10011,40.742503,-74.0071772,ai,corroborated
LIGHTHOUSE DENTAL CARE,88 Ryders Ln,Stratford,CT,06614,41.2429386,-73.1016567,ai,grounded
LIGHTHOUSE FINANCIAL PLANNING LLC,,,,,,,,
LIGHTHOUSE LAB SERVICES,,,,,,,,
LIGHTSPARK,"8605 Santa Monica Blvd, PMB 64461",West Hollywood,CA,90069,34.0923014,-118.3692894,manual,verified
LIGHTSTONE GROUP,"320 Park Avenue, 12th Floor",New York,NY,10022,40.7575952,-73.9739924,ai,corroborated
LILLIAN VERNON,"340 Madison Avenue, Suite 1404",New York,NY,10173,40.7539442,-73.9789783,ai,uncorroborated
LIMINAL RESEARCH,60 State St,Boston,MA,02109,42.3596782,-71.056579,ai,uncorroborated
LINC HOUSING,"600 Harrison Street, 3rd Floor",San Francisco,CA,94107,37.7844493,-122.3957467,ai,uncorroborated
LINCARE,"2001 Bryan Street, Suite 1900",Dallas,TX,75201,32.7853065,-96.7964529,ai,uncorroborated
LINCOLN FINANCAIL,150 N Radnor Chester Rd,Radnor,PA,19087,40.0430023,-75.3656459,ai,corroborated
LINCOLN PROPERTY COMPANY LLC,"2100 Ross Avenue, Suite 1800",Dallas,TX,75201,32.7874484,-96.7975336,ai,uncorroborated
LINDA DRESNER,,,,,,,,
LINDA FORMAN CPA PC,,,,,,,,
LINDA SAKER LICSW,,,,,,,,
LINDEN CAPITAL PARTNERS,"110 N Wacker Drive, 55th Floor",Chicago,IL,60606,41.8838459,-87.6374992,manual,verified
LINDEN LAW,,,,,,,,
LINDSAY GOLDBERG,"40 West 57th Street, 35th Floor",New York,NY,10019,40.7636059,-73.9758803,ai,corroborated
LINE G,14251 Skyline Dr,Hacienda Heights,CA,91745,33.9757071,-117.9823579,ai,uncorroborated
LINEAGE,"1401 Rockville Pike, Suite 600",Rockville,MD,20852,39.0677721,-77.1287754,ai,uncorroborated
LINKEDIN,1000 West Maude Avenue,Sunnyvale,CA,94085,37.3926737,-122.0420227,ai,grounded
LINKER EQUIPMENT,5 Evans Terminal Rd,Hillside,NJ,07205,40.701213,-74.2301459,ai,grounded
LINKSYS,121 Theory Drive,Irvine,CA,92617,33.6856969,-117.825981,ai,corroborated
LINQUEST A KBR COMPANY,"2551 Dulles View Drive, Suite 200",Herndon,VA,20171,38.9695316,-77.3859479,ai,grounded
LINQUEST CORPORATION,2000 E. Maple Ave,El Segundo,CA,90245,33.9268379,-118.3912145,ai,corroborated
LINWOOD REALTY INC,60 E 42nd St Suite 4200,New York,NY,10165,40.7521078,-73.9787462,ai,uncorroborated
LION BRAND YARN COMPANY,"10 West 31st Street, 2nd Floor",New York,NY,10001,40.7466838,-73.9865207,ai,corroborated
LION EQUITY INVESTMENT ADVISORS,,,,,,,,
LION REAL ESTATE GROUP,11726 San Vicente Blvd Ste 650,Los Angeles,CA,90049,34.0444042,-118.4981905,ai,corroborated
LIONSGATE,2700 Colorado Avenue,Santa Monica,CA,90404,34.031371,-118.470093,ai,corroborated
LIONVILLE FAMILY DENTISTRY,,,,,,,,
LIPPES MATHIAS LLP,50 Fountain Plaza Suite 1700,Buffalo,NY,14202,42.8883646,-78.8741722,ai,corroborated
LIPPMAN JUNGERS,1801 7th Ave,Seattle,WA,98101,47.613657,-122.3354861,ai,uncorroborated
LIPPY,,,,,,,,
LIPSEY'S,7277 Exchequer Drive,Baton Rouge,LA,70809,30.3744213,-91.0508073,ai,grounded
LIPSIUS BENHAIM LAW LLP,,,,,,,,
LIPSON NEILSON PC,18400 Von Karman Ave Suite 350,Irvine,CA,92612,33.6769513,-117.8518657,ai,uncorroborated
LIQUID ENVIRONMENTAL SOLUTIONS,"7651 Esters Blvd, Suite 200",Irving,TX,75063,32.9099899,-96.942636,ai,grounded
"LISA SHAPIRO STRAUSS, ATTORNEY AT LAW",,,,,,,,
LISCR,766 Duke Street,Alexandria,VA,22314,38.8027924,-77.0481883,ai,grounded
LISI NIGRIN INTERIORS,13 Paladia Way,Pikesville,MD,21208,39.3879111,-76.6927775,ai,grounded
"LISS, SHAPERO & MITNICK","900 7th Street NW, Suite 1000",Washington,DC,20001,38.9013696,-77.0220736,ai,uncorroborated
LITERAL NORTH LLC,,,,,,,,
LITTLE HANDS PEDIATRIC OCCUPATIONAL THERAPY,,,,,,,,
LITTLE HANDS PEDIATRIC OT,,,,,,,,
LITTLER MENDELSON,"333 Bush Street, 34th Floor",San Francisco,CA,94104,37.7905749,-122.4030716,ai,corroborated
LITWIN KACH,"401 N Michigan Ave, Suite 1200",Chicago,IL,60611,41.8894215,-87.6235164,ai,grounded
LIV AND PRECIOUS JEWELRY,,,,,,,,
LIV GOLF,"50 Hudson Yards, Suite 65B",New York,NY,10001,40.7545193,-74.0001188,ai,grounded
LIV HUDSON HEIGHTS LLC,,,,,,,,
LIVEGAGE,"101 Crawfords Corner Rd., Ste. 4116",Holmdel,NJ,07733,40.3644228,-74.1669544,ai,grounded
LIVERPOOL ENT. INC,,,,,,,,
LIVERPOOL ENTERPRISES,,,,,,,,
LIVESTOCK NUTRITION CENTER LLC,,,,,,,,
LIVEWELL CAPITAL,126 E 56th St Suite 1704,New York,NY,10022,40.760355,-73.9704492,ai,uncorroborated
LIVING HOPE CHURCH,,,,,,,,
LIVINGSTON BOARD OF EDUCATION,11 Foxcroft Drive,Livingston,NJ,07039,40.7890413,-74.3404723,ai,corroborated
LJ CARE SERVICES,,,,,,,,
LJR DEVELOPMENT,,,,,,,,
LK CONSULTING,,,,,,,,
LK DAYTON INVESTMENTS,,Delray Beach,FL,33483,,,,
LKV MANAGEMENT,"112 South Tryon St, Suite 200",Charlotte,NC,28284,35.2270969,-80.8438743,manual,verified
LLG,,,,,,,,
LLR PARTNERS,"2929 Arch Street, Cira Centre",Philadelphia,PA,19104,39.9527237,-75.1635262,ai,grounded
LMC,,,,,,,,
LMG,,,,,,,,
LMG STRATEGIES LLC,"3500 S Dupont Hwy, Suite 205",Dover,DE,19901,39.1508665,-75.5146207,ai,uncorroborated
LMPP,,,,,,,,
LMR ADVISORS,1841 W Mercer Way,Mercer Island,WA,98040,47.593798,-122.2466619,ai,grounded
LNC,,,,,,,,
LNK PARTNERS,"445 Hamilton Avenue, 11th Floor",White Plains,NY,10601,41.0348698,-73.7647624,ai,grounded
LOBEL FINANCIAL,"17 Battery Place, Suite 1708",New York,NY,10004,40.7051424,-74.0160109,ai,uncorroborated
LOBODA PROPERTIES,,,,,,,,
LOCAL 1-S,,,,,,,,
LOCAL GOVT,,,,,,,,
LOCALISM INC,2411 Broadway 5th Floor,Oakland,CA,94612,37.8135952,-122.2655906,ai,uncorroborated
LOCKE LORD,"2200 Ross Ave, Suite 2200",Dallas,TX,75201,32.7879729,-96.7966332,ai,corroborated
LOCKHEED MARTIN,6801 Rockledge Drive,Bethesda,MD,20817,39.0303212,-77.1371162,ai,corroborated
LOCKRIDGE GRINDAL NAUEN PLLP,"100 Washington Avenue South, Suite 2200",Minneapolis,MN,55401,44.9812202,-93.2657361,ai,corroborated
LOCKTON,"444 West 47th Street, Suite 900",Kansas City,MO,64112,39.042211,-94.5921152,ai,grounded
LOCKWOOD GREENE,200 Berkeley Street,Boston,MA,02116,42.3496969,-71.0735237,ai,uncorroborated
LOCUM WEATHERBY,"850 Main Street, Suite 201",Waltham,MA,02451,42.3761768,-71.2454781,ai,uncorroborated
LODGE BREAD COMPANY,2110 S Bascom Ave,Campbell,CA,95008,37.2838509,-121.931447,ai,corroborated
LOEB & LOEB LLP,"10100 Santa Monica Boulevard, 22nd Floor",Los Angeles,CA,90067,34.062702,-118.415864,ai,grounded
LOEB JEWELS,,,,,,,,
"LOEB, BLOCK & PARTNERS LLP",,,,,,,,
LOEWENTHAL & ASSOCIATES,,,,,,,,
LOEWS CORP,667 Madison Avenue,New York,NY,10065,40.7644866,-73.9703323,ai,corroborated
LOEWS HOTELS,"667 Madison Avenue, 4th Floor",New York,NY,10065,40.7644866,-73.9703323,ai,corroborated
LOEWY LAW FIRM,"7000 N MoPac Expy, Suite 200",Austin,TX,78731,30.3536429,-97.7494739,ai,corroborated
LOGS GROUP,"2424 N FEDERAL HWY, SUITE 360",BOCA RATON,FL,33431,26.3717498,-80.0751992,manual,verified
LOGS LEGAL NETWORK,2121 Waukegan Road,Bannockburn,IL,60015,42.1922198,-87.8546092,manual,verified
LOHO REALTY,"605 3rd Ave, Suite 2700",New York,NY,10158,40.7490865,-73.975106,ai,corroborated
LOMARHR,,,,,,,,
LOMAX CARPET AND TILE MART,230 North DuPont Highway,New Castle,DE,19720,39.6803048,-75.5896129,ai,grounded
LOMBARDI PROPERTIES,,,,,,,,
LONDON FAMILY COMPANIES LLC,,,,,,,,
LONE PINE ADVISORS,"501 Madison Avenue, 13th Floor",New York,NY,10022,40.759206,-73.9743003,ai,uncorroborated
LONESTAR DATA HOLDINGS INC,2500 Dallas Pkwy Suite 100,Plano,TX,75093,33.0321865,-96.8286856,ai,uncorroborated
LONG & FOSTER REALTORS,14520 George Carter Way,Chantilly,VA,20151,38.8888051,-77.4477801,ai,uncorroborated
LONG AND FOSTER,"14501 George Carter Way, Suite 100",Chantilly,VA,20151,38.8881052,-77.4474828,ai,grounded
LONG BEACH HEALTH DEPARTMENT,2525 Grand Avenue,Long Beach,CA,90815,33.8026538,-118.1490869,ai,corroborated
LONG ISLAND CARE CENTER,1020 Park Blvd,Massapequa,NY,11758,40.6792598,-73.455995,ai,corroborated
LONG MILLER & ASSOC,,,,,,,,
LONG REALTY CO,3454 East Sunrise Drive,Tucson,AZ,85718,32.2021203,-110.7599411,ai,corroborated
LONG TERM CAPITAL LLC,,,,,,,,
LONG WALK FUND,,,,,,,,
LONGEVITY HEALTH PLAN,"11780 U.S. Highway One, Suite N107",North Palm Beach,FL,33408,26.8237944,-80.0559266,ai,grounded
LONGHORN INVESTMENTS,,,,,,,,
LONGVIEW ASSET MANAGEMENT,222 North LaSalle Street,Chicago,IL,60601,41.8865192,-87.6332555,ai,grounded
LONGWOOD ASSOCIATES,,,,,,,,
LOOKOUT,"2101 Webster Street, Suite 1650",Oakland,CA,94612,37.8044557,-122.271356,ai,uncorroborated
LORD ABBETT,90 Hudson Street,Jersey City,NJ,07302,40.7151012,-74.0343077,ai,grounded
LOREAL,10 Hudson Yards,New York,NY,10001,40.7527324,-74.0015279,ai,corroborated
LORENZ BUS SERVICE,274 N Maple Ave,Middletown,OH,45042,39.516644,-84.4041725,ai,uncorroborated
LORILLARD TOBACCO COMPANY,675 Third Avenue,New York,NY,10017,40.8088444,-73.9303577,ai,uncorroborated
LORIN FEFE,,,,,,,,
LORNE NEEDLE ADVISORS LLC,,,,,,,,
LOS ANGELES CITY ATTORNEYS OFFICE,"200 N. Main Street, 8th Floor",Los Angeles,CA,90012,34.0523908,-118.2427229,ai,corroborated
LOS ANGELES COLD STORAGE,2600 E Anaheim St,Los Angeles,CA,90011,33.782516,-118.160944,ai,corroborated
LOU DUNST TRUST,,,,,,,,
LOUISIANA,,,,,,,,
LOUISIANA ENDOWMENT FOR THE HUMANITIE,"100 River Road North, Suite 111",Baton Rouge,LA,70802,30.447218,-91.190082,ai,corroborated
LOURDES GABRIELA INTERIORS,,,,,,,,
LOVELL SAFETY,110 William St,New York,NY,10038,40.7087755,-74.0067691,ai,grounded
LOVELL SAFETY MANAGEMENT CO. LLC,,,,,,,,
LOW VISION SPECIALISTS OF MARYLAND AND VIRGINIA,,,,,,,,
LOWELL 17,,,,,,,,
LOWENSTEIN & WEATHERWAX LLP,1016 Pico Blvd,Santa Monica,CA,90405,34.013479,-118.4804672,ai,grounded
LOWENSTEIN SANDLER,65 Livingston Avenue,Roseland,NJ,07068,40.8149985,-74.3034235,ai,corroborated
LOWES,1000 Lowe's Boulevard,Mooresville,NC,28117,35.5848596,-80.8100724,ai,grounded
LOWNDES,200 South Orange Avenue,Orlando,FL,32801,28.5400099,-81.3794971,ai,corroborated
LOYOLA UNIVERSITY MARYLAND,4501 North Charles Street,Baltimore,MD,21210,39.3483538,-76.6159318,ai,corroborated
LP BROWN COMPANY INC,,,,,,,,
LPC REAL ESTATE CORP,"2000 McKinney Avenue, Suite 1000",Dallas,TX,75201,32.790459,-96.8024301,manual,verified
LPZ MANAGEMENT,,,,,,,,
LR CONSTRUCTION,,,,,,,,
LR PROGRAMMING,,,,,,,,
LRBFAMILYLAW,,,,,,,,
LRGRW,,,,,,,,
LS PROPERTY GROUP,,WESTPORT,CT,06880,,,,
LSG,,,,,,,,
LSN LAW,,,,,,,,
LSN PARTNERS,,,,,,,,
LSR WELLNESS,,,,,,,,
LSV,"155 N Wacker Drive, Suite 4600",Chicago,IL,60606,41.8848667,-87.6363214,manual,verified
LT APPAREL GROUP,2 Park Ave,New York,NY,10016,40.7463564,-73.9825765,ai,grounded
LT CAPITAL PARTNERS,400 Hamilton Ave,Palo Alto,CA,94301,37.4465277,-122.1584661,ai,uncorroborated
LTC SPECIALTY SERVICES LLC,,,,,,,,
LUBERT ADLER,Cira Centre,Philadelphia,PA,19102,39.9572797,-75.1824563,ai,uncorroborated
LUCAS EILERS,,,,,,,,
LUCID,7373 Gateway Boulevard,Newark,CA,94560,37.5417739,-122.062181,ai,corroborated
LUCKY STARS PARTNERS,,,,,,,,
LUGANO DIAMONDS AND JEWELRY,"501 Fifth Avenue, Suite 200",New York,NY,10017,40.918792,-73.805748,ai,uncorroborated
LUKE'S LOBSTER,84 Industrial Park Road,Saco,ME,04072,43.5331243,-70.444275,ai,grounded
LUMENT,490 Massachusetts Avenue NW,Washington,DC,20001,38.9007092,-77.0179849,ai,uncorroborated
LUMERIC CONSULTING,"1000 N West Street, Suite 1200",Wilmington,DE,19801,39.7471805,-75.5500972,ai,uncorroborated
LUMIERE GROUP,,,,,,,,
LUMINA INVESTMENT ADVISORS,"20900 NE 30th Ave, Suite 310",Aventura,FL,33180,25.9694879,-80.142689,ai,grounded
LUNAN CORPORATION,,,,,,,,
LUNDBECK,6 Parkway North,Deerfield,IL,60015,42.167194,-87.8794944,ai,grounded
LUP,,,,,,,,
LURIE,,,,,,,,
LURIE CHILDRENS HOSPITAL,225 E Chicago Ave,Chicago,IL,60611,41.8962676,-87.6218705,ai,corroborated
LUSD,1305 East Central Avenue,Brea,CA,92821,33.9170444,-117.888855,ai,corroborated
LUX HOLDINGS LLC,,,,,,,,
LUXE BRANDS,,,,,,,,
LUXSURANCE,,,,,,,,
LUZATO,,,,,,,,
LVHN,"Patient Pavilion, 1260 S Cedar Crest Blvd",Allentown,PA,18103,40.6022552,-75.4716115,ai,corroborated
LVJUSD,1400 E Janss Rd,Thousand Oaks,CA,91362,34.1995404,-118.8538892,ai,corroborated
LVPG,"1200 S Cedar Crest Blvd, Suite 300",Allentown,PA,18103,40.5651728,-75.5220282,ai,corroborated
LW HOSPITALITY ADVISORS,"200 West 41st Street, Suite 602",New York,NY,10036,40.755372,-73.9877527,ai,grounded
LWHA,"1601 4th Ave, Suite 500",Seattle,WA,98101,47.6114581,-122.3384548,ai,uncorroborated
LYDIA SECURITIES,,,,,,,,
LYFT,185 Berry St Suite 5000,San Francisco,CA,94107,37.7762432,-122.3917021,ai,uncorroborated
LYNKER TECHNOLOGIES,"225 E 45th St, 20th Floor",New York,NY,10017,40.7525022,-73.972371,ai,uncorroborated
LYNN PINKER,"2100 McKinney Ave, Suite 1900",Dallas,TX,75201,32.7915127,-96.8021075,ai,corroborated
LYNN PINKER HURST SCHWEGMANN,"2100 Ross Ave, Suite 2700",Dallas,TX,75201,32.7874484,-96.7975336,ai,corroborated
LYNNE MELCHER PRODUCTIONS,,,,,,,,
LYTX INC,800 Apollo St,Irvine,CA,92618,33.6856969,-117.825981,ai,corroborated
M & P SHOPPING CENTERS,,,,,,,,
M & R SALES,,,,,,,,
M AND M HEALTH LLC,,,,,,,,
M B KAHN CONSTRUCTION COMPANY,101 Flintlake Road,Columbia,SC,29223,34.0659756,-80.961729,ai,grounded
M GELLER LTD,,,,,,,,
M&J TRIMMING,1008 6th Ave,New York,NY,10018,40.7518685,-73.9859099,ai,corroborated
M&R MANAGEMENT,,,,,,,,
M&S SKILLMAN REALTY,,,,,,,,
M&T BANK,One M&T Plaza,Buffalo,NY,14203,42.8837697,-78.874268,ai,corroborated
M-5 TEXAS ENTERPRISES LLC,,,,,,,,
M-RETS,18 N Park St,Medina,OH,44256,41.0216361,-81.7269275,ai,uncorroborated
M. BRASHEM INC,,,,,,,,
M. JACOB & SONS,,,,,,,,
M. RAPAPORT CO. INC,,,,,,,,
M.F.S. INVESTMENT MANAGEMENT,"125 High St, Suite 2300",Boston,MA,02110,42.3550474,-71.053416,ai,corroborated
M.J. NEIDITZ & CO,"120 Broadway, 28th Floor",New York,NY,10271,40.7082035,-74.0105065,ai,uncorroborated
M/I HOMES INC,5075 W Park Blvd,Plover,WI,54467,44.4563579,-89.544007,ai,uncorroborated
M/I HOMES OF CENTRAL OHIO,9300 Amarone Ct,Fishers,IN,46038,39.9555928,-86.0138729,ai,uncorroborated
M1 BANK,"85 Broad Street, 26th Floor",New York,NY,10004,40.7039838,-74.0111188,ai,uncorroborated
M13,"246 5th Ave, Floor 5",New York,NY,10001,40.7446518,-73.9875526,ai,uncorroborated
M2 MANAGEMENT,,,,,,,,
M2G,,,,,,,,
M2G CONSULTING,,,,,,,,
MA DENTAL,,,,,,,,
MA'AYANOT YESHIVA HIGH SCHOOL FOR GIRLS,1500 Palisade Avenue,Teaneck,NJ,07666,40.905273,-74.003985,manual,verified
MAB,,,,,,,,
MAC WHOLESALE,,,,,,,,
MACANDREWS&FORBES HOLDINGS,"5 Hanover Square, 27th Floor",New York,NY,10004,40.704919,-74.0093135,ai,uncorroborated
MACARTHUR HOLDINGS,,,,,,,,
MACK REAL ESTATE,,,,,,,,
MACKE WATER SYSTEMS,6110 Pioneer Pkwy,Plano,TX,75093,33.0136764,-96.6925096,ai,uncorroborated
MACKENZIE HUGHES LLP,"440 South Warren Street, Suite 400",Syracuse,NY,13202,43.0459326,-76.1511227,ai,grounded
MACKS FAMILY OFFICE,,,,,,,,
MACKSEN CO,,,,,,,,
MACTAS & ALPER,"135 W 29th St, Suite 606",New York,NY,10001,40.7473706,-73.991504,ai,corroborated
MACYS,7 West 7th Street,Cincinnati,OH,45202,39.1032395,-84.514141,ai,uncorroborated
MADALUXE GROUP,,,,,,,,
MADDAHI WEALTH,,,,,,,,
MADDIN HAUSER,"28411 Northwestern Hwy, Suite 500",Southfield,MI,48034,42.4733689,-83.2218731,ai,corroborated
MADISON DEARBORN PARTNERS,"70 W Madison St, Suite 4600",Chicago,IL,60602,41.8823349,-87.6300019,ai,grounded
MADISON ELECTRIC CO,31855 Van Dyke Ave,Warren,MI,48093,42.5271262,-83.0302448,ai,grounded
MADISON REALTY CAPITAL,"485 Madison Ave, 11th Floor",New York,NY,10022,40.7588081,-73.9744706,ai,corroborated
MADISON TITLE,1771 Madison Ave,Lakewood,NJ,08701,40.108982,-74.2193782,ai,corroborated
MADISON WEALTH MANAGEMENT,"7755 Montgomery Road, Suite 510",Cincinnati,OH,45236,39.1894491,-84.4116975,ai,grounded
MAGELLAN DEVELOPMENT,225 N. Columbus Drive Suite 100,Chicago,IL,60601,41.8863356,-87.6199063,ai,grounded
MAGELLAN MIDSTREAM PARTNERS,"One Williams Center, 101 E 2nd Street",Tulsa,OK,74172,36.1563122,-95.9927516,ai,grounded
MAGEN DAVID HIGH SCHOOL,222 Kinderkamack Rd,River Edge,NJ,07661,40.9128249,-74.0362539,ai,corroborated
MAGIC,,,,,,,,
MAGIC CITY CASINO,450 NW 37th Ave,Miami,FL,33125,25.7764606,-80.2568386,ai,corroborated
MAGIC COTTAGE PRESCHOOL,1427 11th Ave,San Francisco,CA,94122,37.7615344,-122.4685559,ai,grounded
MAGIC LANTERN VENTURES,,Davie,FL,33324,,,,
MAGIC PLANT FARMS,,,,,,,,
MAGNET,45 Rockefeller Plaza,New York,NY,10111,40.7592576,-73.9799569,ai,uncorroborated
MAGNETIC,,,,,,,,
MAGNETIC ME,,,,,,,,
MAGNITE,"1250 Broadway, 9th Floor",New York,NY,10001,40.747666,-73.9878545,ai,grounded
MAGNOLIA MARKETING LLC,524 Metairie Road,Metairie,LA,70005,29.9860305,-90.1297917,manual,verified
MAH ASSOCIATES LLC,,,,,,,,
MAH COACH,,,,,,,,
MAHAAI PROPERTIES LLC,,,,,,,,
MAI CAPITAL MANAGEMENT LLC,"6050 OAK TREE BLVD, SUITE 500",CLEVELAND,OH,44131,41.3984944,-81.6351697,ai,grounded
MAIDENBAUM & STERNBERG,"1500 Broadway, 38th Floor",New York,NY,10036,40.7568024,-73.985668,ai,corroborated
MAIMONIDES,4802 Tilden Avenue,Brooklyn,NY,11203,40.6479907,-73.9317556,ai,uncorroborated
MAIMONIDES HOSPITAL,4802 10th Ave,Brooklyn,NY,11219,40.6394203,-73.9981068,ai,corroborated
MAIMONIDES SCHOOL,34 Ocean Ave,Brooklyn,NY,11218,40.6624867,-73.9630968,ai,uncorroborated
MAIN STREAM ENTERPRISES,,,,,,,,
MAIN STREET CONNECT,,,,,,,,
MAJESTIC MANAGEMENT LLC,,,,,,,,
MAJESTIC PROPERTY,,New York,NY,10021,,,,
MAJOR BRANDS INC,3200 Southwest Freeway Suite 2000,Houston,TX,77027,29.7308957,-95.4289492,ai,uncorroborated
MAJORIE JACOBSON,55 West 39th Street,New York,NY,10018,40.7523912,-73.9839779,ai,uncorroborated
MAKE TECHNOLOGY LLC,,,,,,,,
MAKOM NY,112 West 88th Street,New York,NY,10024,40.7878644,-73.9718822,ai,corroborated
MAKOM REAL EESTATE,,,,,,,,
MALACHITE GROUP,,,,,,,,
MALCO INDUSTRIES INC,1700 Malco Dr,Searcy,AR,72143,35.2506406,-91.7362488,ai,uncorroborated
MALL OF AMERICA,60 E Broadway,Bloomington,MN,55425,44.8550204,-93.2421195,ai,corroborated
MALLARD INVESTMENTS INC,"28601 Chagrin Boulevard, Suite 410",Cleveland,OH,44122,41.5008217,-81.5369108,manual,verified
MALLERY & STERN,11 Hanover Square,New York,NY,10005,40.7051494,-74.0088485,ai,uncorroborated
"MALLERY & STERN, LAW CORP","One Embarcadero Center, Suite 500",San Francisco,CA,94111,37.7944882,-122.3996223,ai,corroborated
MALLOY MANAGEMENT,,,,,,,,
MALTZ MUSEUM,2929 Richmond Road,Beachwood,OH,44122,41.479176,-81.497654,ai,corroborated
MALWABYRETES,,,,,,,,
MAMA LION PRODUCTIONS,,,,,,,,
MAMERONECK HIGH SCHOOL,1000 Weaver Street,Mamaroneck,NY,10543,40.9651165,-73.7734487,ai,corroborated
MAMIYE BROS INC,"1385 Broadway, 18th Floor",New York,NY,10018,40.7527004,-73.9875655,ai,grounded
MANAGEMENT CONSULTANT,,,,,,,,
MANAGEMENT SYSTEMS CONSULTING,1200 E. Glen Ave,Peoria Heights,IL,61616,40.74624,-89.57585,ai,uncorroborated
MANASSEH GILL,,,,,,,,
MANATT PHELPS,"2049 Century Park East, 14th Floor",Los Angeles,CA,90067,34.0587104,-118.4127848,ai,corroborated
MANATT PHELPS & PHILLIPS,"2049 Century Park East, 14th Floor",Los Angeles,CA,90067,34.0587104,-118.4127848,ai,corroborated
MANAUS,,,,,,,,
MANCHESTER PODIATRY CENTER,3415 S Manchester Ave,Los Angeles,CA,90019,34.0536909,-118.242766,ai,uncorroborated
MANDELBAUM,,,,,,,,
MANEKIN LLC,,,,,,,,
"MANESH & MIZRAHI, APLC","1801 Century Park East, Suite 2400",Los Angeles,CA,90067,34.0621057,-118.4159357,ai,corroborated
MANET,,,,,,,,
MANHATTAN SPECIALTY CARE,"630 Fifth Avenue, Suite 2",New York,NY,10111,40.9201941,-73.8045387,ai,corroborated
MANI BROTHERS,"9200 Sunset Boulevard, Suite 555",West Hollywood,CA,90069,34.0899924,-118.3924988,ai,grounded
MANIV,"10880 Wilshire Blvd, Suite 900",Los Angeles,CA,90024,34.058617,-118.4432767,ai,uncorroborated
MANJ,,,,,,,,
MANN MARSHALL,,,,,,,,
MANN TRAVELS,,,,,,,,
MANUFACTURING EFFICIENCY INC,,,,,,,,
MAPLE HILL REAL ESTATE INVESTORS,,,,,,,,
MAPLE TREE CAPITAL MANAGEMENT LLC,20 North Wacker Dr Suite 3300,Chicago,IL,60606,41.8827112,-87.6374724,ai,uncorroborated
MAPLE TREE CAPITAL SERVICES LLC,20 North Wacker Dr Suite 3300,Chicago,IL,60606,41.8827112,-87.6374724,ai,uncorroborated
MAPLETON INVESTMENTS,,,,,,,,
MARA FINE ARTS,,,,,,,,
MARATHON ASSETS,,,,,,,,
MARBLE BRIDGE FUNDING GROUP,"1440 Maria Lane, Suite 210",Walnut Creek,CA,94596,37.8926953,-122.0562094,ai,grounded
MARBLEGATE ASSET MANAGEMENT,"5 Greenwich Office Park, Suite 400",Greenwich,CT,06831,41.0264862,-73.6284598,ai,grounded
MARC ADAM & COMPANY,"116 E 27th St, 8th Floor",New York,NY,10016,40.7422938,-73.983837,ai,uncorroborated
MARC BELSKY LTD,,,,,,,,
MARC HAMMER FINANCIAL SERVICES,,,,,,,,
MARC J. BERN & PARTNERS LLP,"245 Park Avenue, 39th Floor",New York,NY,10167,40.7546124,-73.9746719,ai,grounded
MARC M KERNER MD APC,,,,,,,,
MARC PLATT PRODUCTIONS,"150 S Rodeo Drive, Suite 310",Beverly Hills,CA,90212,34.0657561,-118.4009856,ai,corroborated
MARC SHOLES LCSW,,,,,,,,
MARCADIS PLASTIC SURGERY,1225 S Clairemont Ave,Decatur,GA,30030,33.7737582,-84.296069,ai,uncorroborated
MARCADIS SINGER PA,5104 SOUTH WESTSHORE BLVD,TAMPA,FL,33611,27.9449854,-82.4583107,ai,grounded
MARCH,,,,,,,,
MARCHI SMITH & LEVIN,,,,,,,,
MARCMAN SOLUTIONS LLC,,,,,,,,
MARCUM & KLIEGMAN,"750 Third Avenue, 14th Floor",New York,NY,10017,40.7538489,-73.9727152,ai,uncorroborated
MARCUM LLP,"750 Third Avenue, 20th Floor",New York,NY,10017,40.7538489,-73.9727152,ai,corroborated
MARCUS & MILLICHAP,"23975 Park Sorrento, Suite 400",Calabasas,CA,91302,34.1446643,-118.644097,ai,uncorroborated
MARCUS & POLLACK,,,,,,,,
MARGARET MORSE TOURS,,,,,,,,
MARGOLIS EDELSTEIN,"3000 Marcus Avenue, Suite 3W3",Lake Success,NY,11042,40.7588434,-73.6956206,ai,uncorroborated
MARGULES PROPERTIES INC,2000 Executive Dr Suite 340,San Ramon,CA,94583,37.7648021,-121.9544387,ai,uncorroborated
MARIADB,"1995 Broadway, 19th Floor",New York,NY,10023,40.7754478,-73.9826483,ai,corroborated
MARIC INC,,,,,,,,
MARIMED ADVISORS INC,420 Lexington Ave Suite 300,New York,NY,10170,40.7524677,-73.9757799,ai,uncorroborated
MARINA PACIFIC HOTEL & SUITES,1128 Queens Blvd,Long Beach,CA,90802,33.7690164,-118.191604,ai,corroborated
MARINE POLYMER TECHNOLOGY,"461 Boston St, Suite B5",Topsfield,MA,01983,42.6622727,-70.9295182,ai,grounded
MARINE TIGER TECHNOLOGIES,,,,,,,,
MARINER FINANCE,"4800 Falls of Neuse Rd, Suite 100",Raleigh,NC,27609,35.8471195,-78.6140453,ai,uncorroborated
MARINER WEALTH ADVISORS,"5700 W 112th St, Suite 200",Overland Park,KS,66211,38.9253867,-94.6513406,ai,grounded
MARIO E DIAZ & ASSOCIATES,,,,,,,,
"MARION COUNTY, FL",601 SE 25th Ave,Ocala,FL,34471,29.1816892,-82.1025336,ai,corroborated
MARITIME CAPITAL,,,,,,,,
MARJORIE CAPITAL,,,,,,,,
MARK ASSISTANT MANAGEMENT,,,,,,,,
MARK BRUCE INTERNATIONAL,1327 W Clay St,San Antonio,TX,78207,29.4074409,-98.4985138,ai,uncorroborated
"MARK E HYMAN, DDS",63 S Main St,Milford,CT,06460,41.5736873,-73.41019,ai,uncorroborated
MARK FERRER & HAYDEN,,,,,,,,
MARK HOLDINGS LLC,P.O. Box 141,Old Westbury,NY,11568,40.7887113,-73.5995717,ai,grounded
MARK I NOTIS DMD PC,"40 Wall St, Suite 1100",New York,NY,10005,40.7070219,-74.0096669,ai,uncorroborated
MARK IT REALTY GROUP,,,,,,,,
MARK J GERSTEIN CONSULTING LLC,,,,,,,,
MARK SANDERS MD,,,,,,,,
MARK SHERMAN CONSULTING,,,,,,,,
MARKAY MANAGEMENT INC,,,,,,,,
MARKET JD,"222 W Merchandise Mart Plaza, Suite 1212",Chicago,IL,60654,41.8888053,-87.6344719,ai,corroborated
MARKETING ANALYSIS APPLICATIONS,100 Enterprise Drive,Rockville,MD,20850,39.0817985,-77.1516844,ai,uncorroborated
MARKETING COMPANY,,,,,,,,
MARKETING MATTERS,,,,,,,,
MARKETOUCH MEDIA,,,,,,,,
MARKETRESEARCH.COM,"6116 Executive Blvd, Suite 550",Rockville,MD,20852,39.0817985,-77.1516844,ai,grounded
MARKS AND FLEISCHER PA,,,,,,,,
"MARLA GLANZER CURTIS,AIA",,,,,,,,
"MARLENE R BLOOM, PHD",,,,,,,,
MARLENE Z. STANGER IMMIGRATION LAW,,,,,,,,
MARON AND SANDLER,,Santa Monica,CA,90401,,,,
MARQ MEDICAL,2075 San Joaquin Hills Rd,Newport Beach,CA,92660,33.617199,-117.8698141,ai,grounded
MARQETA,"225 Bush Street, Suite 1600",San Francisco,CA,94104,37.7910409,-122.401015,ai,uncorroborated
MARRIOTT INTERNATIONAL,10400 Fernwood Road,Bethesda,MD,20817,39.025389,-77.137079,ai,corroborated
MARS INCORPORATED,900 WILSHIRE DRIVE,MCMLEAN,VA,22101,,,ai,uncorroborated
MARS SCIENCE & DIAGNOSTICS,6885 Elm Street,McLean,VA,22101,38.9373288,-77.1822318,ai,grounded
MARSH MANAGEMENT,,,,,,,,
MARSH MCLENNAN AGENCY,"360 Hamilton Ave, Suite 930",White Plains,NY,10601,41.0347482,-73.766963,ai,grounded
MARSHALL DENNEHEY,"1845 Walnut Street, 21st Floor",Philadelphia,PA,19103,39.9504697,-75.1717913,ai,uncorroborated
MARSHALLS,1 Star Street,Framingham,MA,01702,42.2773177,-71.4165905,ai,uncorroborated
MARTIN FEIN INTERESTS LTD,,,,,,,,
MARTIN MARIETTA,2710 W 10th St,Charlotte,NC,28203,35.2323308,-80.8369949,ai,corroborated
MARTIN TATE MORROW & MARSTON PC,"2100 ROSS AVENUE, SUITE 1600",DALLAS,TX,75201,32.7874484,-96.7975336,ai,uncorroborated
MARTINI CPAS,"15760 Ventura Blvd, 16th Floor",Encino,CA,91436,34.1552716,-118.4762079,ai,corroborated
MARVELLE CO,,,,,,,,
MARVIN ENGINEERING,3001 West Canal Street,Warroad,MN,56763,48.905266,-95.314404,ai,uncorroborated
MARVISTA ENT,"9700 Wilshire Boulevard, 2nd Floor",Beverly Hills,CA,90212,34.0671413,-118.4114332,ai,corroborated
MARX BROTHERS INC,,,,,,,,
MARYLAND HEALTHCARE COMPANY,,,,,,,,
MARYLAND ONCOLOGY HEMATOLOGY,"2013 Greenspring Dr, Suite 400",Timonium,MD,21093,39.4364859,-76.6301488,ai,corroborated
MARYLAND SPINE SPECIALISTS,"11111 McCormick Rd, Suite 1700",Hunt Valley,MD,21031,39.4962709,-76.6542571,ai,corroborated
MARYLAND TREATMENT CENTERS INC,"901 N. GARFIELD AVENUE, SUITE 8",CAMP HILL,PA,17011,40.2398118,-76.9199742,ai,uncorroborated
MARYLAND VOTES FOR ANIMALS,1211 Cathedral Street,Baltimore,MD,21201,39.3040192,-76.6182424,ai,uncorroborated
MARYS MERCY CENTER,641 Roberds Ave N,San Bernardino,CA,92411,34.1105968,-117.3173781,ai,grounded
MARYVILLE UNIVERSITY,650 Maryville University Dr,Saint Louis,MO,63141,38.6458826,-90.5043057,ai,corroborated
MARZET,,,,,,,,
MAS,,,,,,,,
MAS DEVELOPMENT,"2875 NE 191st Street, Suite 305",Aventura,FL,33180,25.9528231,-80.1433747,ai,grounded
MASA ISRAEL JOURNEY,"633 Third Ave, 24th Floor",New York,NY,10017,40.8088444,-73.9303577,ai,uncorroborated
MASCOT LABEL GROUP NA,7000 Richfield Pkwy,Columbus,OH,43209,39.9622601,-83.0007065,ai,uncorroborated
MASCOT RECORDS,118 E 28th St Suite 701,New York,NY,10016,40.7428621,-73.9832431,ai,grounded
MASLON LLP,"90 S 7th St, Suite 3300",Minneapolis,MN,55402,44.9768732,-93.2709098,ai,corroborated
"MASON, WENK & BERMAN",1901 N Moore St Suite 100,Arlington,VA,22209,38.897259,-77.071398,ai,uncorroborated
MASS,,,,,,,,
MASS ENT ASSOCIATES,"55 Fruit St, Suite 3A",Boston,MA,02114,42.3628605,-71.068753,ai,corroborated
MASSACHUSETTS INSTITUTE OF TECHNOLOGY,77 Massachusetts Avenue,Cambridge,MA,02139,42.3592593,-71.0933625,ai,corroborated
MASSACHUSETTS MATERIALS TECHNOLOGIES,40 Sylvan Rd,Waltham,MA,02451,42.3962687,-71.2730055,ai,corroborated
MASSBAY COMMUNITY COLLEGE,50 Oakland St,Wellesley Hills,MA,02481,42.3124286,-71.2637772,ai,corroborated
MASSGENERAL BRIGHAM,399 Revolutionary Dr,Boston,MA,02129,42.3588336,-71.0578303,ai,corroborated
MASSMUTUAL,1 Financial Plaza,Springfield,MA,01111,42.1018764,-72.5886727,ai,grounded
MASTER & DYNAMIC,"60 Madison Ave, 2nd Floor",New York,NY,10010,40.7432572,-73.9864215,ai,corroborated
MASTERCARD,2000 Purchase St,Purchase,NY,10577,41.0253802,-73.7131634,ai,corroborated
MASTERCLASS,"1 Letterman Dr, Building D, Suite 75",San Francisco,CA,94129,37.7879363,-122.4075201,ai,corroborated
MATCHMASTER,3750 S. Broadway Pl,Los Angeles,CA,90007,34.0130054,-118.4953214,manual,verified
MATEL REALTY LLC,,,,,,,,
MATHEMATICA,"600 Alexander Park, Suite 100",Princeton,NJ,08540,40.3215402,-74.633843,ai,uncorroborated
MATHES VIDEO PRODUCTION,,,,,,,,
MATRIX EQUITIES,"30000 Chagrin Road, Suite 200",Cleveland,OH,44124,41.5008217,-81.5369108,ai,grounded
MATRIX INVESTMENTS LLC,"30000 Chagrin Road, Suite 200",Cleveland,OH,44124,41.5008217,-81.5369108,ai,grounded
MATRIX PARTNERS,"535 Mission Street, Suite 2600",San Francisco,CA,94105,37.7888591,-122.3981311,ai,grounded
MATRIX PETROLEUM,"4200 Westheimer Rd, Suite 700",Houston,TX,77027,29.7420378,-95.4498199,ai,uncorroborated
MATSUSHITA AVIONICS SYSTEMS,1 Panasonic Way,Secaucus,NJ,07094,40.7613294,-74.0757547,ai,uncorroborated
MATTEL,333 Continental Boulevard,El Segundo,CA,90245,33.9203624,-118.3914024,ai,corroborated
MATTHEW A BERGER MD PC,,,,,,,,
MATTHEW BALDWIN ASSOCIATES,,,,,,,,
MATTHEWS & CO,"270 Madison Avenue, 16th Floor",New York,NY,10016,40.7512394,-73.9808787,ai,grounded
MAUTS DISCOUNT TIRE,,,,,,,,
MAVEN MANAGEMENT,"200 Park Ave S, 9th Floor",New York,NY,10003,40.7368886,-73.9892348,ai,uncorroborated
MAVEN VENTURES,3340 Hillview Avenue,Palo Alto,CA,94304,37.4052194,-122.1462805,manual,verified
MAVERICK VALUE,"600 Lexington Ave, 26th Floor",New York,NY,10022,40.7580277,-73.9714246,ai,uncorroborated
MAX HOSPITALITY,"2000 Town Center, Suite 320",Southfield,MI,48075,42.4768345,-83.245751,ai,uncorroborated
MAX KING REALTY,,,,,,,,
MAX PAWN LUXURY,,,,,,,,
MAXAR TECHNOLOGIES,"1300 North 17th Street, Suite 1200",Arlington,VA,22209,38.8937444,-77.0724957,ai,uncorroborated
MAXICARE,"85 Executive Drive, Suite 300",Billerica,MA,01821,42.5854563,-71.3079396,ai,uncorroborated
MAXIM LIGHTING,253 N Vineland Ave,City of Industry,CA,91746,34.0525838,-117.9879858,ai,grounded
MAXIMUMHOMECARE,,,,,,,,
MAXIMUS,"18901 Pennsylvania Parkway, Suite 300",Huntington Beach,CA,92648,33.6783336,-118.000016,ai,uncorroborated
MAXX PROPERTIES,600 Mamaroneck Ave,Harrison,NY,10528,40.9811348,-73.7430204,ai,corroborated
MAXXAM LLC,"909 Fannin Street, Suite 2130",Houston,TX,77010,29.7562118,-95.3632783,ai,uncorroborated
MAYAN PROPERTIES INC,,,,,,,,
MAYBERG FOUNDATION,,,,,,,,
MAYER & SCHWEITZER,"555 W 5th St, Suite 3100",Los Angeles,CA,90013,34.0500816,-118.2534063,ai,uncorroborated
MAYER BROWN,71 South Wacker Drive,Chicago,IL,60606,41.8809989,-87.6360442,ai,grounded
MAYERS ELECTRIC CO. INC,1400 WASHINGTON AVE,ALTOONA,PA,16602,40.514886,-78.408502,ai,uncorroborated
MAYERSON JCC,3301 N 60th St,Milwaukee,WI,53216,43.079795,-87.9873203,ai,uncorroborated
MAYO,200 1st St SW,Rochester,MN,55905,44.0228985,-92.4668375,ai,grounded
MAYO CLINIC,200 First Street SW,Rochester,MN,55905,44.0234387,-92.4630182,ai,corroborated
MAZEL COMPANY,,,,,,,,
MAZIE SLATER KATZ & FREEMAN,"555 8th Ave, 13th Floor",New York,NY,10018,40.7545942,-73.9919446,ai,uncorroborated
MB DAVIS GROUP,,Austin,TX,78701,,,,
MB FOOD,,,,,,,,
MB REAL ESTATE,"600 Lexington Avenue, 7th Floor",New York,NY,10022,40.7580277,-73.9714246,ai,uncorroborated
MBF CLEARING CORP,"One Exchange Plaza, 55 Broadway, 3rd Floor",New York,NY,10006,40.7068408,-74.013042,ai,uncorroborated
MBHB,"114 Sansome Street, Suite 400",San Francisco,CA,94104,37.7914708,-122.4006714,ai,uncorroborated
MBIA,113 King Street,Armonk,NY,10504,41.0911972,-73.7246783,ai,corroborated
MBL CONSULTING,,,,,,,,
MC CREDIT PARTNERS,"200 Park Ave, 41st Floor",New York,NY,10166,40.7536135,-73.97658,ai,corroborated
MC FLOORING,,,,,,,,
MCA FINANCIAL,4909 North 44th Street,Phoenix,AZ,85018,33.508406,-111.986369,ai,grounded
MCA SOLUTIONS,"1100 North Market St, Suite 1300",Wilmington,DE,19801,39.746521,-75.547019,ai,uncorroborated
MCC,245 Park Ave,New York,NY,10167,40.7546124,-73.9746719,ai,corroborated
MCCABE RABIN,"3250 NE 1st Ave, Suite 500",Miami,FL,33137,25.8070937,-80.1934192,ai,uncorroborated
MCCARTER & ENGLISH LLP,"Four Gateway Center, 100 Mulberry St",Newark,NJ,07102,40.735657,-74.1723667,ai,grounded
"MCCARTHY, LEONARD & KAEMMERER",,,,,,,,
MCCC,,,,,,,,
MCCOURT GLOBAL,"1299 Ocean Avenue, Suite 900",Santa Monica,CA,90401,34.0162043,-118.4993888,ai,uncorroborated
MCCP INVESTMENTS,,,,,,,,
MCCSC,,,,,,,,
MCDERMOTT WILL & EMERY LLP,444 West Lake Street,Chicago,IL,60606,41.8861713,-87.6394541,manual,verified
MCDONALD HOPKINS LLC,"600 Superior Avenue East, Suite 2100",Cleveland,OH,44114,41.5013046,-81.6896268,ai,uncorroborated
MCDONALDS,110 N. Carpenter Street,Chicago,IL,60607,41.8836145,-87.6537799,ai,corroborated
MCG ENERGY SOLUTIONS LLC,,,,,,,,
MCGUIRE WOODS. BECKERS HEALTHCARE,800 East Canal Street,Richmond,VA,23219,37.537195,-77.438049,ai,grounded
MCGUIREWOODS,"Gateway Plaza, 800 East Canal Street",Richmond,VA,23219,37.537195,-77.438049,ai,grounded
MCH,,,,,,,,
MCJ JEWELS,,,,,,,,
MCJ VINTAGE,,,,,,,,
MCK,250 Greenwich Street,New York,NY,10007,40.713324,-74.012095,ai,corroborated
MCKINLEY ASSOCIATES INC,"320 N Main St, Suite 200",Ann Arbor,MI,48104,42.2839101,-83.7480047,manual,verified
MCKINNEY PROPERTIES,1717 Penn Avenue Suite 5015,Pittsburgh,PA,15221,40.4441751,-79.8658607,ai,grounded
MCKINSEY,711 Third Avenue,New York,NY,10017,40.7521472,-73.9729112,ai,corroborated
MCKNIGHT DEVELOPMENT,,,,,,,,
MCM EQUITIES,,,,,,,,
MCM HOLDINGS LLC,1185 Avenue of the Americas,New York,NY,10036,40.7578147,-73.982208,ai,uncorroborated
MCMASTER-CARR,600 County Line Road,Elmhurst,IL,60126,41.9156701,-87.9252678,ai,corroborated
MCMG MANAGEMENT,,,,,,,,
"MCMURRAY, RUSS, ET AL",,,,,,,,
MCNAUL,"600 Stewart St, Suite 901",Seattle,WA,98101,47.6097242,-122.332144,ai,corroborated
MCNAUL EBEL,"600 University Street, Suite 2700",Seattle,WA,98101,47.6038321,-122.330062,ai,corroborated
MCO,3400 South West 145th Avenue,Davie,FL,33330,26.0628665,-80.2331038,ai,uncorroborated
MCOL,,,,,,,,
MCPS,"451 Hungerford Drive, Suite 100",Rockville,MD,20850,39.0890879,-77.1516765,ai,corroborated
MCPS-MD,"A. I. DuPont Building, 4800 Hampden Lane",Bethesda,MD,20814,38.9846816,-77.0942447,ai,corroborated
MCR LLC,"600 Anton Boulevard, Suite 2000",Costa Mesa,CA,92626,33.6907796,-117.8814284,ai,corroborated
MCS,,,,,,,,
MCSO,,,,,,,,
MCVAN INC,,,,,,,,
MD ANDERSON CANCER CENTER,1515 Holcombe Blvd,Houston,TX,77030,29.7076703,-95.3978436,ai,corroborated
MD CENTER OS AND DENTAL IMPLANTS,,,,,,,,
MD NOW,"3750 NW 97th Avenue, Suite 200",Doral,FL,33178,25.8190258,-80.3535055,ai,corroborated
MD PROPERTIES,,,,,,,,
MD SQUARED PROPERTY GROUP,,,,,,,,
MD STRUCTURAL,,,,,,,,
MDA,4550 Agate Court,Boulder,CO,80301,40.0149856,-105.270545,ai,uncorroborated
MDA SYSTEMS INC,,,,,,,,
MDC HOLDINGS,"4350 South Monaco Street, Suite 500",Denver,CO,80237,39.6358283,-104.9107604,ai,grounded
MDCPS,1450 NE 2nd Ave,Miami,FL,33132,25.7890489,-80.1910248,ai,corroborated
MDEMDPC,,,,,,,,
MDESIGN,,,,,,,,
MDG GLOBAL,,,,,,,,
MDK & ASSC,,,,,,,,
MDVIP INC,"4950 Communication Avenue, Suite 100",Boca Raton,FL,33431,26.3909066,-80.1112454,manual,verified
MDZ PROPERTIES,3373 Westwind Dr,Ozark,MO,65721,37.0207065,-93.2052833,ai,uncorroborated
MEADOW VETERINARIAN,,,,,,,,
MEATEATER,131 Discovery Dr,Bozeman,MT,59718,45.6794293,-111.044047,ai,grounded
MECHANICAL SERVICES OF CENTRAL FLORIDA,1460 Eisenhower Blvd,Tallahassee,FL,32304,30.4380832,-84.2809332,ai,corroborated
MECKLENBURG RADIOLOGY ASSOCIATES,,,,,,,,
MEDALLIA,"9 West 57th Street, 30th Floor",New York,NY,10019,40.7638353,-73.9749533,ai,uncorroborated
MEDCAN HEALTH MANAGEMENT,,,,,,,,
MEDIA RIGHTS CAPITAL,"1450 3rd Street Promenade, Suite 300",Santa Monica,CA,90401,34.0149289,-118.4953526,ai,corroborated
MEDIATORS MEDIATION,,,,,,,,
MEDICA,"401 Carlson Parkway, Suite 900",Minneapolis,MN,55447,44.9772995,-93.2654692,ai,corroborated
MEDICAL CENTER,,,,,,,,
MEDICAL DOCTOR,,,,,,,,
MEDICAL EYE CARE ASSOC,"8201 164th Ave NE, Suite 200",Redmond,WA,98052,47.6760977,-122.1217375,ai,uncorroborated
MEDICAL FACILITIES OF AMERICA,2917 Penn Forest Blvd SW,Roanoke,VA,24018,37.2276369,-80.0133186,ai,grounded
MEDICAL SCREENING SPONSORSHIPS,,,,,,,,
MEDICALLY HOME GROUP INC,"50 MASON STREET, SUITE 210",BOSTON,MA,02108,42.3536266,-71.0635215,ai,uncorroborated
MEDICOLEGAL GROUP,120 Broadway,New York,NY,10271,40.7082035,-74.0105065,ai,uncorroborated
MEDIFLIX,,,,,,,,
MEDNAX,"1301 Concord Terrace, Suite 600",Sunrise,FL,33323,26.1403522,-80.3424918,ai,uncorroborated
MEDNAX MEDICAL GROUP,1301 Concord Terrace,Sunrise,FL,33323,26.1403522,-80.3424918,ai,uncorroborated
MEDPAC,"425 3rd Street SW, Suite 701",Washington,DC,20024,38.8836011,-77.0154799,ai,uncorroborated
MEDPACE,3000 Kenton St,Cincinnati,OH,45249,39.1239284,-84.4944059,ai,grounded
MEDREVIEW,,,,,,,,
MEDRITE URGENT CARE,10511 Ridgetop Cir,Reston,VA,20190,38.9587514,-77.3585955,ai,uncorroborated
MEDSTAR,3007 Tilden Street NW,Washington,DC,20008,38.9412371,-77.0637843,ai,uncorroborated
MEDSTAR HEALTH,10980 Grantchester Way,Columbia,MD,21044,39.2110234,-76.8664104,ai,grounded
MEDSTAR MEDICAL GROUP,3007 Tilden Street NW,Washington,DC,20008,38.9412371,-77.0637843,ai,uncorroborated
MEDSTAR MEDICAL GROUP ANESTHESIOLOGY,201 E University Pkwy,Baltimore,MD,21218,39.3295258,-76.6148396,manual,verified
MEDSTAR WASHINGTON HOSPITAL CENTER,110 Irving St NW,Washington,DC,20010,38.9287492,-77.0147693,ai,uncorroborated
MEDTAX CPAS,,,,,,,,
MEDTRONIC,710 Medtronic Pkwy,Minneapolis,MN,55432,44.9772995,-93.2654692,ai,corroborated
MEDVAMC,10 North Greene St,Greensboro,NC,27401,36.0785019,-79.7910379,ai,uncorroborated
MEDVET,2200 Renaissance Blvd,King of Prussia,PA,19406,40.0827374,-75.3430233,ai,uncorroborated
"MEEKS, BUTERA & ISRAEL",,,,,,,,
MEG STAFFING,,,,,,,,
MEHLMAN CASTAGNETTI ROSEN & THOMAS,"733 15th St NW, Suite 925",Washington,DC,20005,38.8998045,-77.0334539,ai,corroborated
MEI AND MARK LLP,,,,,,,,
MEIRAT,,,,,,,,
MEISTER & STEINER PLLC,"360 Madison Ave, 6th Floor",New York,NY,10017,40.7550404,-73.9781023,ai,corroborated
MEK MANAGEMENT SERVICES INC,,,,,,,,
MELAND BUDWICK PA,"200 S. BISCAYNE BOULEVARD, SUITE 3200",MIAMI,FL,33131,25.7721283,-80.1877667,ai,corroborated
MELDINE INDUTRIES,,,,,,,,
MELTZER & ASSOCIATES,,,,,,,,
MELTZER LIPPE GOLDSTEIN & BREITSTONE,190 Willis Ave,Mineola,NY,11501,40.7459358,-73.6389032,ai,corroborated
MELVIN CUTLER,,,,,,,,
MELVIN J. BERMAN HEBREW ACADEMY,7600 Old Georgetown Rd,Bethesda,MD,20814,38.985618,-77.095854,ai,corroborated
MEMORIAL HOSPITAL WEST,3100 SW 62nd Ave,Pembroke Pines,FL,33023,26.0061943,-80.2872086,ai,corroborated
MEMORIAL SLOAN KETTERING CANCER CENTER,1275 York Avenue,New York,NY,10065,40.7644418,-73.9569549,manual,verified
MEMORIALCARE LONG BEACH,2801 Atlantic Ave,Long Beach,CA,90806,33.8090108,-118.1872272,ai,corroborated
MEMPHIS CAPITAL,5060 Poplar Ave Suite 300,Memphis,TN,38157,35.1120235,-89.8936518,ai,corroborated
MENA YUDKOFF REHAB CONSULTANTS,,,,,,,,
MENAKER RODNEY DENTISTRY,,,,,,,,
MENDEL & ASSOCIATES,"7000 N. Mo-Pac Expy, Suite 350",Austin,TX,78731,30.3536429,-97.7494739,ai,uncorroborated
MENDELSOHN OSERAN SPENCER,"2000 Town Center, Suite 1800",Southfield,MI,48075,42.4768345,-83.245751,ai,uncorroborated
MENDELSON LAW FIRM,799 Estate Place,Memphis,TN,38120,35.0600842,-80.910337,ai,grounded
MENLO COLLEGE,1000 El Camino Real,Menlo Park,CA,94025,37.4530102,-122.1807709,ai,corroborated
MENORA FINANCILA GROUP,25 N Main St,Roselle Park,NJ,07204,40.6645469,-74.2643133,ai,uncorroborated
MENTAL HEALTH COUNSELOR,,,,,,,,
MENTO,300 Park Ave,New York,NY,10022,40.7570541,-73.9747565,ai,uncorroborated
MEOPTA USA,7826 Photonics Drive,Trinity,FL,34655,28.1928226,-82.6840998,ai,grounded
MEQS,,,,,,,,
MERAGE JCC OF ORANGE COUNTY,1 Federation Way,Irvine,CA,92603,33.6330121,-117.8258168,ai,corroborated
MERCEDES BENZ OF ALEXANDRIA,300 N Henry St,Alexandria,VA,22314,38.8141481,-77.049538,ai,corroborated
MERCEDES BENZ OF ARLINGTON,4600 Columbia Pike,Arlington,VA,22204,38.857165,-77.106594,ai,corroborated
MERCER,1166 Avenue of the Americas,New York,NY,10036,40.7568778,-73.9820036,ai,corroborated
MERCER HEALTH,1201 Columbus Ave,Sandusky,OH,44870,41.445604,-82.7056235,ai,corroborated
MERCHANT ASSOCIATES,9988 Hibert St Ste 302,San Diego,CA,92131,32.9139132,-117.1105358,ai,grounded
MERCHSOURCE,7755 Irvine Center Drive Suite 100,Irvine,CA,92618,33.6587741,-117.7491214,ai,grounded
MERCK,2000 Galloping Hill Rd,Kenilworth,NJ,07033,40.6790286,-74.2717034,ai,grounded
MERCOR,,,,,,,,
MERCURY,325 North St Paul St Suite 4400,Dallas,TX,75201,32.7832684,-96.7978124,ai,uncorroborated
MERCURY AVIATION COMPANIES LLC,"2780 Skypark Drive, Suite 300",Torrance,CA,90505,33.8043702,-118.3353561,ai,grounded
MERCURY PUBLIC AFFAIRS LLC,"200 Varick Street, Suite 600",New York,NY,10014,40.7284401,-74.005096,ai,grounded
MERCY CULTURE CHURCH,,,,,,,,
MERCY MEDICAL GROUP,1200 Sutter St,Sacramento,CA,95816,38.6737559,-121.1836227,ai,corroborated
MERESTONE CONSULTING,,,,,,,,
MERIDIAN CAPITAL GROUP,"1 Battery Park Plaza, 26th Floor",New York,NY,10004,40.7127281,-74.0060152,ai,grounded
MERIN HUNTER CODMAN,99 Chauncy St Suite 500,Boston,MA,02111,42.353143,-71.0611071,ai,uncorroborated
MERINO YEBRI LLP,,,,,,,,
MERIT STREET MEDIA,13600 Heritage Parkway,Fort Worth,TX,76177,32.9774719,-97.3098754,ai,grounded
MERITAGE HOMES,"18655 North Claret Drive, Suite 400",Scottsdale,AZ,85255,33.6590561,-111.911645,ai,grounded
MERLIN VENTURES,,,,,,,,
MERLONE GEIER MANAGEMENT,"333 City Blvd W, Suite 1400",Orange,CA,92868,33.7871349,-117.893685,ai,corroborated
MERRILL LYNCH,250 Vesey Street,New York,NY,10281,40.7144361,-74.0158043,ai,grounded
MERRILL LYNCH WEALTH MANAGEMENT,250 Vesey St,New York,NY,10281,40.71406,-74.01584,ai,corroborated
MERRILL LYNCH/BANK OF AMERICA,100 N Tryon St,Charlotte,NC,28255,35.226844,-80.841883,ai,grounded
MERRIMACK VALLEY DISTRIBUTING COMPANY,33 Broadway,Lawrence,MA,01840,42.7039469,-71.1674557,ai,corroborated
MERRIN INVESTORS,2547 Maple Avenue,Cortlandt Manor,NY,10567,41.264004,-73.8573019,ai,corroborated
MERRITT GALLERY,88 Village Square,Baltimore,MD,21210,39.3543864,-76.6464107,ai,grounded
MERUS GLOBAL INVESTMENTS LLC,,,,,,,,
MESA CONSULTING,100 Crescent Ct Suite 700,Dallas,TX,75201,32.7939116,-96.8033152,ai,uncorroborated
MESA WEST CAPITAL,"19800 MacArthur Boulevard, Suite 400",Irvine,CA,92612,33.6549289,-117.861074,ai,corroborated
MESH LOGISITCS INC,,,,,,,,
MESH PAYMENTS,2 Embarcadero Center Suite 3130,San Francisco,CA,94111,37.7947915,-122.3984407,ai,corroborated
MESHEKOW INSURANCE AGENCY,,,,,,,,
MESIROW FINANCIAL,353 N Clark Street,Chicago,IL,60654,41.8889735,-87.6301482,manual,verified
MESSER CONSTRUCTION CO,643 W Court Street,Cincinnati,OH,45203,39.1054958,-84.52641,ai,grounded
MESSER REAL ESTATE VENTURES INC,,,,,,,,
MET COUNCIL ON JEWISH POVERTY,232 East 1st Street,New York,NY,10009,40.9111287,-73.8283178,ai,grounded
META,1 Hacker Way,Menlo Park,CA,94025,37.4844279,-122.1485581,ai,corroborated
METADOLCE TECHNOLOGIES INC,,,,,,,,
METAMETRICS,,,,,,,,
METHODIST HOME FOR CHILDREN,612 E 10th St,Little Rock,AR,72202,34.7389294,-92.2696765,ai,uncorroborated
METLIFE,200 Park Avenue,New York,NY,10166,40.7536135,-73.97658,ai,uncorroborated
METRIX TECHNOLOGY ENGINEERING,,,,,,,,
METRO,,,,,,,,
METRO IMAGING,,,,,,,,
METRO LOFT MANAGEMENT,79 Walker St,New York,NY,10013,40.7181889,-74.0017974,ai,corroborated
METRO REALTY,,,,,,,,
METRO TITLE SERVICES,,,,,,,,
METROHEALTH MEDICAL CENTER,2500 MetroHealth Drive,Cleveland,OH,44109,41.4623879,-81.696703,ai,corroborated
METROLINA NEUROLOGICAL ASSOCIATES,"4801 Pleasant Plains Road, Suite 300",Charlotte,NC,28210,35.2272086,-80.8430827,ai,uncorroborated
METROLINA PAIN CLINIC,"2000 Randolph Road, Suite 200",Charlotte,NC,28207,35.208816,-80.822815,ai,corroborated
METROLOFT NYC,,,,,,,,
METRON INC,"1150 18TH STREET NW, SUITE 1000",WASHINGTON,DC,20036,38.9052778,-77.0417891,ai,uncorroborated
METROPOLIS,,,,,,,,
METROPOLITAN MANAGEMENT,,,,,,,,
METROPOLITAN MARKETING INC,,,,,,,,
METROPOLITAN MORTGAGE AND REALTY INC,,,,,,,,
METROPOLITAN NEUROSURGERY,,,,,,,,
METROPOLITAN REALTY GROUP LLC,60 Cutter Mill Road,Great Neck,NY,11021,40.781289,-73.734026,ai,corroborated
METROVAC,1601 Elm St,Manchester,NH,03101,43.001431,-71.464406,ai,uncorroborated
METTEL,"1 Washington Mall, Suite 401",Woburn,MA,01801,42.4792618,-71.1522766,ai,uncorroborated
METZ LEWIS BRODMAN MUST O'KEEFE LLC,"444 Liberty Avenue, Suite 2100",Pittsburgh,PA,15222,40.4408728,-80.0046345,ai,grounded
MFA BOSTON,465 Huntington Avenue,Boston,MA,02115,42.3394573,-71.093897,ai,corroborated
MFAL CONSULTING LLC,2401 NE 47th St,Lighthouse Point,FL,33064,26.289,-80.0908249,ai,uncorroborated
MFLP,,,,,,,,
MFM,,,,,,,,
MFP,,,,,,,,
MG PROPERTIES,"10505 Sorrento Valley Rd, Suite 300",San Diego,CA,92121,32.8959192,-117.2170194,manual,verified
MGA STUDIOS,9220 Winnetka Ave,Chatsworth,CA,91311,34.2380312,-118.5709524,ai,grounded
MGB,,,,,,,,
MGS CONTRACTING,,,,,,,,
MGS GROUP RE,,,,,,,,
MGS GROUP REAL ESTATE,,,,,,,,
MGS PARTNERS,"411 Hackensack Avenue, 5th Floor",Hackensack,NJ,07601,40.9083215,-74.0328553,manual,verified
MHE ENTERPRISES,,,,,,,,
MHE RE,,,,,,,,
MHE REALESTATE,,,,,,,,
MHG,One Liberty Plaza,New York,NY,10006,40.7097367,-74.010857,ai,corroborated
MHP,,,,,,,,
MHPP,,,,,,,,
MHQ,,,,,,,,
MHS,930 15th Street NW,Washington,DC,20005,38.9017438,-77.0337449,ai,uncorroborated
MI CATHOLIC CONFERENCE,510 S Capitol Ave,Lansing,MI,48933,42.7284725,-84.5540259,ai,corroborated
MIAMI ASSOCIATION OF RELATORS,1200 Coral Way,Miami,FL,33145,25.7507184,-80.2142325,ai,corroborated
MIAMI DADE COUNTY SCHOOLS,1450 NE 2nd Ave,Miami,FL,33132,25.7890489,-80.1910248,ai,corroborated
MIAMI MARLINS,501 Marlins Way,Miami,FL,33125,25.7741566,-80.1935973,ai,grounded
MIAMI-DADE COUNTY PUBLIC SCHOOLS,1450 Northeast 2nd Avenue,Miami,FL,33132,25.7890489,-80.1910248,ai,corroborated
"MIAMI-DADE COUNTY, FL",111 NW 1st Street,Miami,FL,33128,25.7760632,-80.1961058,ai,uncorroborated
MIASNIK VENTURES,,,,,,,,
MICH,,,,,,,,
MICHAEL FRANK MD PC,,,,,,,,
MICHAEL HOWARD FURNITURE,1144 Broadway,New York,NY,10001,40.744279,-73.988808,ai,uncorroborated
MICHAEL JACOBSON CONSULTING,,,,,,,,
MICHAEL K. NUNLEY AND ASSOCIATES INC,1411 Broadway,Savannah,GA,31401,32.0790074,-81.0921335,ai,uncorroborated
MICHAEL L SCHNEIDER CPA,,,,,,,,
MICHAEL LEONNARDS,,,,,,,,
MICHAEL NORMAN COHEN & ASSOCIATES,,,,,,,,
MICHAEL ROSENBERG CONSULTING,,,,,,,,
MICHAEL S SMITH INC,,,,,,,,
MICHAEL SAMSON CO,,,,,,,,
MICHAEL SAUNDERS & COMPANY,2200 Main Street,Naples,FL,34102,26.1420166,-81.7965509,ai,corroborated
MICHELLE E. LENTZNER LAW OFFICE,,,,,,,,
MICHELMAN,900 Route 202/206 South,Annandale,NJ,08801,40.6451477,-74.8789057,ai,uncorroborated
MICHIGAN HEALTHCARE PROFESSIONALS,,,,,,,,
MICHIGAN INSTITUTE FOR NEUROLOGICAL DISORDERS,"28595 Orchard Lake Road, Suite 200",Farmington Hills,MI,48334,42.507918,-83.3598792,manual,verified
MICHIGAN PNEUMATIC TOOL,2001 South Telegraph Road,Monroe,MI,48161,41.910553,-83.4219032,ai,corroborated
MICHIGAN SINUS AND SKULL BASE INSTITUTE,"3300 E Jefferson Ave, Suite 400",Detroit,MI,48207,42.3415659,-83.0136491,ai,corroborated
MICHIGAN STATE UNIVERSITY,"426 Auditorium Road, Room 200",East Lansing,MI,48824,42.7309147,-84.4766005,ai,corroborated
MICHIGNA PNEUMATIC,1716 Industrial Pkwy,Holland,MI,49424,42.7876022,-86.1090828,ai,corroborated
MICRO,,,,,,,,
MICRO CENTER,7301 Colshire Drive,Richmond,VA,23235,37.5523606,-77.5628135,ai,corroborated
MICRO STAMPING,,,,,,,,
MICROAIRE,2170 N Broadway,Bluffton,IN,46714,40.7386579,-85.1716368,ai,uncorroborated
MICROCHIP,2355 West Chandler Boulevard,Chandler,AZ,85224,33.3040695,-111.8835606,ai,uncorroborated
MICROSOFT ALUMNI NETWORK,One Microsoft Way,Redmond,WA,98052,47.6419845,-122.1269364,ai,corroborated
MICROSOFT CORPORATION,1 Microsoft Way,Redmond,WA,98052,47.6419845,-122.1269362,ai,corroborated
MID A.M. FABRICS,,,,,,,,
MID ATLANTIC EYECARE,,,,,,,,
MID FL EYE CENTER,,,,,,,,
MID HUDSON RETINA,40 O'Neil Street,Poughkeepsie,NY,12601,41.7065539,-73.9283672,ai,corroborated
MID-AMERICA REAL ESTATE,"600 E 96th St, Suite 200",Indianapolis,IN,46240,39.9290036,-86.146969,ai,uncorroborated
MID-CONTINENT PACKAGING INC,2200 PLANT AVENUE,FORT SMITH,AR,72908,35.3880338,-94.4265011,ai,uncorroborated
MIDDLEGATE SECURITIES INC,,,,,,,,
MIDFIRST BANK,123 N Robinson Ave,Oklahoma City,OK,73102,35.4680508,-97.516542,ai,uncorroborated
MIDLAND ROAD PARTNERS,,,,,,,,
MIDLANTIC BANK N A,Metro Park Plaza,Edison,NJ,08818,40.5005351,-74.3983939,manual,verified
MIDSTATE RADIOLOGY ASSOCIATES,101 North Plains Industrial Road,Wallingford,CT,06492,41.4779925,-72.8209894,ai,grounded
MIDTOWN EQUITIES,175 Varick Street,New York,NY,10014,40.7273875,-74.0059619,manual,verified
MIDTOWN PRACTICE FOR PSYCHIATRY,,,,,,,,
MIDWEST CARDIOLOGY ASSOCIATES,,,,,,,,
MIDWEST NEUROSURGERY ASSOCIATES,,,,,,,,
MIDWEST REPRESENTATIVES INC,,,,,,,,
MIDWEST TRUCK & AUTO PARTS,,,,,,,,
MIKE & ALLY,,,,,,,,
MIKEY BUYS HOMES,,,,,,,,
MIL,,,,,,,,
MILAM INTERNATIONAL CORPORATION,5209 W Loop S #600,Houston,TX,77081,29.6898831,-95.4588793,ai,uncorroborated
MILANI COSMETICS,12157 Saticoy St,North Hollywood,CA,91605,34.2085546,-118.3987434,ai,corroborated
MILBANK,55 Hudson Yards,New York,NY,10001,40.7552063,-74.0017804,ai,corroborated
MILE ONE,"1 Olympic Place, Suite 1120",Towson,MD,21204,39.4029305,-76.6029347,ai,corroborated
MILEONE AUTOGROUP,1 Olympic Pl Suite 1120,Towson,MD,21204,39.4029305,-76.6029347,ai,grounded
MILESTONE BANK,"310 South Main St, Suite 900",Salt Lake City,UT,84101,40.7555187,-111.8909896,ai,grounded
MILFORD PODIATRY ASSOCIATES,,,,,,,,
MILK BOUTIQUE,,,,,,,,
MILKEN COMMUNITY SCHOOL,15800 Mulholland Dr,Los Angeles,CA,90049,34.126245,-118.475881,ai,corroborated
MILL CREEK RESIDENTIAL TRUST,"4855 Technology Way, Suite 400",Boca Raton,FL,33431,26.3909948,-80.1024332,ai,grounded
MILL POND CAPITAL,2 Railroad Place,Westport,CT,06880,41.119364,-73.369266,manual,verified
MILL STEEL COMPANY,16502 S Broadway,Gardena,CA,90248,33.8815601,-118.2935879,ai,uncorroborated
MILLENNIUM ABSTRACT CORP,,,,,,,,
MILLENNIUM CAPITAL MANAGEMENT,399 Park Avenue,New York,NY,10022,40.7589833,-73.9714789,ai,grounded
MILLENNIUM HEALTHCARE,"445 Broad Hollow Road, Suite 25",Melville,NY,11747,40.7934322,-73.4151214,ai,grounded
MILLENNIUM MANAGEMENT,399 Park Avenue,New York,NY,10022,40.7589833,-73.9714789,manual,verified
MILLENNIUM PROPERTIES,,,,,,,,
MILLENNIUM TRUST COMPANY (ACCRUIT),"200 South Wacker Drive, Suite 1000",Chicago,IL,60606,41.8789393,-87.6373533,ai,uncorroborated
MILLER AND WASHINGTON,,,,,,,,
MILLER BARONDESS,"1999 Avenue of the Stars, 11th Floor",Los Angeles,CA,90067,34.058647,-118.4166661,ai,corroborated
MILLER CANFIELD ET AL,"150 West Jefferson, Suite 2500",Detroit,MI,48226,42.3284697,-83.0466134,ai,uncorroborated
MILLER ENTERPRISES,,,,,,,,
MILLER GLOBAL INVESTMENTS,,,,,,,,
MILLER GLOBAL PROPERTIES,4643 S Ulster St Ste 400,Denver,CO,80237,39.7392364,-104.984862,ai,corroborated
MILLER INK,,,,,,,,
MILLER LEGAL,,,,,,,,
MILLER NASH LLP,"111 SW Fifth Avenue, Suite 3400",Portland,OR,97204,45.5202471,-122.674194,ai,uncorroborated
MILLER PROPERTIES,,,,,,,,
MILLER REALTY ASSOCIATES,,,,,,,,
MILLER ROSNICK,"200 Frederick Street, Suite 150",Sonoma,CA,95476,38.2919984,-122.4578582,ai,uncorroborated
MILLER ROSNICK D'AMICO AUGUST & BUTLER,150 North Avenue,Bridgeport,CT,06604,41.2013593,-73.1915435,manual,verified
MILLER STRATEGIES LLC,"1500 WALNUT STREET, SUITE 900",KANSAS CITY,MO,64108,39.09558,-94.582404,ai,uncorroborated
MILLER TRADING,,,,,,,,
MILLER UNITED REAL ESTATE LLC,,,,,,,,
MILLICAN CONSTRUCTION CO,,,,,,,,
MILLIMAN,"2000 Powell Street, Suite 1400",Emeryville,CA,94608,37.8381093,-122.3008475,ai,uncorroborated
MILLSTEIN & ASSOCIATES,"1185 Avenue of the Americas, 7th Floor",New York,NY,10036,40.7579319,-73.9821357,ai,uncorroborated
MILTON L. EHRLICH INC,,,,,,,,
MILV,,,,,,,,
MIND OVER MACHINES INC,,,,,,,,
MINDSPRING ASSOCIATES,49 Granite Street,Saratoga Springs,NY,12866,43.08923,-73.7867268,ai,grounded
MINDYBAER VO,,,,,,,,
MINEOLA PUBLIC SCHOOLS,1 Columbus Ave,Mineola,NY,11501,40.7492678,-73.6406845,ai,corroborated
MINI CIRCUITS,35 Gilpin Ave,Brooklyn,NY,11237,40.6526006,-73.9497211,ai,corroborated
MINIO INC,"201 MISSION STREET, SUITE 2600",SAN FRANCISCO,CA,94105,37.7911641,-122.3950412,ai,corroborated
MINITAB LLC,1829 PINE HALL ROAD,STATE COLLEGE,PA,16803,40.7777227,-77.8901129,ai,uncorroborated
MINKOFF DEVELOPMENT CORPORATION,5 E 57th St,New York,NY,10022,40.7629172,-73.9731485,ai,uncorroborated
MINNEAPOLIS JEWISH FEDERATION,"The Jewish Federation of Greater Minneapolis, 2325 Grand Way",Saint Louis Park,MN,55416,44.9475726,-93.3569023,ai,corroborated
MINNESOTA LITERACY,1970 Oakcrest Ave S,Maplewood,MN,55109,45.0082216,-93.0456985,ai,corroborated
MINOA MARKETING,,,,,,,,
MINTZ,1 Financial Center,Boston,MA,02111,42.3524096,-71.0563898,ai,uncorroborated
MINTZ LEVIN,One Financial Center,Boston,MA,02111,42.3524096,-71.0563898,ai,grounded
MINUTE MEN INC,,,,,,,,
MIO PARTNERS,,,,,,,,
MIR DEVELOPMENTS,,,,,,,,
MIRMAN BUBMAN & NAHMIAS,"1875 Century Park East, Suite 1900",Los Angeles,CA,90067,34.0618409,-118.415054,ai,corroborated
MISSION HERITAGE,,,,,,,,
MISSION HOSPITAL,300 W Dr Martin Luther King Jr Blvd,Orange,CA,92868,33.750631,-117.8722311,ai,corroborated
MISSION PEAK CAPITAL,1908 Main St,Kansas City,MO,64108,39.0899578,-94.5840491,ai,grounded
MISSOURI STATE LEGISLATURE,201 W Capitol Ave,Jefferson City,MO,65101,38.5792198,-92.17298,ai,corroborated
MISTDODA CAPITAL LLC,,,,,,,,
MIT,77 Massachusetts Ave,Cambridge,MA,02139,42.3592593,-71.0933625,ai,corroborated
MITCHELL INVESTMENTS,,,,,,,,
MITCHELL SILBERBERG & KNUPP,1818 N Highland Ave,Los Angeles,CA,90028,34.1034634,-118.3386002,ai,uncorroborated
MITTELMAN PLASTIC SURGERY,810 Altos Oaks Drive,Los Altos,CA,94024,37.3591162,-122.0923503,ai,grounded
MIZMAA VENTURES,837 Longridge Rd,Oakland,CA,94610,37.8092044,-122.2360873,manual,verified
"MIZRAHI LAW, APC","11150 Santa Monica Blvd, Suite 200",Los Angeles,CA,90025,34.0536909,-118.242766,ai,corroborated
MJ HOLDING,7852 S Sayre Ave,Bridgeview,IL,60455,41.7491168,-87.7949764,manual,verified
MJJ,,,,,,,,
MJW,,,,,,,,
MJW INVESTMENTS,,Santa Monica,CA,90401,,,,
MK CAPITAL,"560 Skokie Blvd, Suite 280",Northbrook,IL,60062,42.1423765,-87.7946617,ai,corroborated
MK REAL ESTATE GROUP,"11150 Santa Monica Blvd, Suite 500",Los Angeles,CA,90025,34.0469114,-118.4451093,ai,uncorroborated
MKDA,"902 Broadway, 17th Floor",New York,NY,10010,40.7393401,-73.9893929,ai,grounded
MKDA ARCHITECTURE,"902 Broadway, 17th Floor",New York,NY,10010,40.7393401,-73.9893929,ai,grounded
MKG TRAIN CORP,,,,,,,,
MKL ENTERPRISES LTD,,,,,,,,
MKL PROPERTIES,,,,,,,,
ML FINANCIAL INC,,,,,,,,
MLCO,,,,,,,,
MLEDLINE,,,,,,,,
MLF CONSULTING,,,,,,,,
MLP,,,,,,,,
MLRDELLC,,,,,,,,
MMC,600 Lexington Ave,New York,NY,10022,40.7580277,-73.9714246,ai,corroborated
MMJ HEALTH,,,,,,,,
MN8 ENERGY LLC,,,,,,,,
MNG,,,,,,,,
MO'S BAGELS & DELI,2780 NE 187th St,Aventura,FL,33180,25.9484359,-80.1438275,ai,corroborated
MOBILE ANESTHESIOLOGISTS,"3600 7th Ave S, Ste 410",Birmingham,AL,35222,33.5221362,-86.7679814,ai,uncorroborated
MOCAP,"1900 W 100th St, Ste 300",Bloomington,MN,55431,44.8231353,-93.317421,ai,uncorroborated
MODA,"709 NE Multnomah St, Suite 220",Portland,OR,97232,45.5315808,-122.6583799,ai,uncorroborated
MODELCODE.AI INC,,,,,,,,
MODERN HR,,,,,,,,
MODERN LUXURY MEDIA,1000 S Figueroa St Suite 1000,Los Angeles,CA,90015,34.044596,-118.264181,ai,corroborated
MODERNIZING MEDICINE,5070 Tamiami Trail N,Naples,FL,34103,26.2035739,-81.8003703,ai,corroborated
MOELIS & COMPANY,"399 Park Avenue, 4th Floor",New York,NY,10022,40.7589833,-73.9714789,manual,verified
MOFFITT CANCER CENTER,12902 Magnolia Dr,Tampa,FL,33612,28.0640672,-82.4217261,ai,corroborated
MOHEGAN GAMING,1 Mohegan Sun Blvd,Uncasville,CT,06382,41.4923606,-72.0897132,ai,uncorroborated
MOISHE HOUSE,"441 Saxony Road, Barn 2",Encinitas,CA,92024,33.0369867,-117.2919818,ai,grounded
MOMENTUM UNLIMITED,"6101 Executive Blvd, Suite 385",Rockville,MD,20852,39.0817985,-77.1516844,ai,grounded
MON VALLEY HOSPITAL,1163 Country Club Rd,Monongahela,PA,15063,40.1813883,-79.91138,ai,corroborated
MONARCH ALTERNATIVE CAPITAL,"437 Madison Ave, 20th Floor",New York,NY,10022,40.7573564,-73.975377,ai,corroborated
MONARCH CASINO AND RESORT,3800 S Virginia St,Reno,NV,89502,39.4889062,-119.7934661,ai,grounded
MONDAY PROPERTIES,"595 Madison Avenue, Suite 1903",New York,NY,10022,40.762442,-73.9720675,ai,grounded
MONDAY.COM,"100 Broadway, 5th Floor",New York,NY,10005,40.7079778,-74.0110935,ai,corroborated
MONDEVICES,,,,,,,,
MONEM,,,,,,,,
MONOCACY EMERGENCY PHYSICIANS,"325 Montevue Ln, Suite 210",Frederick,MD,21702,39.4324188,-77.4391374,ai,corroborated
MONOMOY CAPITAL,200 Clarendon St Suite 3600,Boston,MA,02116,42.3491677,-71.075124,ai,uncorroborated
MONROE GROUP,6875 East Evans Ave,Denver,CO,80224,39.6787135,-104.9086355,ai,grounded
MONTCLAIR STATE UNIVERSITY,1 Normal Ave,Montclair,NJ,07043,40.8646878,-74.1969213,ai,corroborated
MONTE CAPITAL INC,,,,,,,,
MONTEFIORE,111 E 210th St,Bronx,NY,10467,40.8800853,-73.8798439,ai,corroborated
MONTEFIORE HOSPITAL,111 East 210th Street,Bronx,NY,10467,40.8800853,-73.8798439,ai,corroborated
MONTEREY BAY LABS,"MBARI, 7700 Sandholdt Rd",Moss Landing,CA,95039,36.7988827,-121.786581,ai,grounded
MONTGOMERY CORPORATION,,,,,,,,
MONTGOMERY COUNTY PUBLIC SCHOOLS,850 Hungerford Dr,Rockville,MD,20850,39.094784,-77.1582238,ai,corroborated
MONTLICK & ASSOCIATES,,,,,,,,
MONTY & RAMIREZ LLP,,,,,,,,
MONUMENT ADVOCACY,"975 F Street NW, Suite 400",Washington,DC,20004,38.8976674,-77.0254192,ai,grounded
MONUMENT SOTHEBY'S INTERNATIONAL REALTY,1068 Madison Ave,New York,NY,10028,40.7773968,-73.9612165,ai,uncorroborated
MOODYS,"7 World Trade Center, 250 Greenwich St",New York,NY,10007,40.713324,-74.012095,ai,corroborated
MOORE & VAN ALLEN PLLC,"100 N Tryon St, Suite 4700",Charlotte,NC,28202,35.226844,-80.841883,ai,corroborated
MOORE HOLDINGS,"40 West 57th Street, Suite 2010",New York,NY,10019,40.7636059,-73.9758803,manual,verified
MOR LAW GROUP,,,,,,,,
MORAGA LLC,,,,,,,,
MORALES PUBLIC RELATIONS,"110 Wall St, 16th Floor",New York,NY,10005,40.7049397,-74.0063279,ai,uncorroborated
MORELAND MANAGEMENT COMPANY,"100 Park Avenue, Suite 215",Orange Village,OH,44122,41.4546658,-81.4858331,manual,verified
MORENERGY,,,,,,,,
MORENERGY EXPLORATION COMPANH,,,,,,,,
MORGAN & MORGAN,191 Peachtree St NE Suite 4200,Atlanta,GA,30303,33.7590071,-84.386854,ai,uncorroborated
MORGAN ENTERPRISES,,,,,,,,
MORGAN LANGUAGE SERVICES CORP,275 Madison Ave,New York,NY,10016,40.7502038,-73.9813548,ai,uncorroborated
MORGAN LEWIS,1701 Market Street,Philadelphia,PA,19103,39.9535917,-75.1687786,ai,grounded
MORGAN LEWIS AND BOCKIUS,2222 Market St,Philadelphia,PA,19103,39.95384,-75.1774059,ai,grounded
MORGAN STANLEY,1585 Broadway,New York,NY,10036,40.7599838,-73.9855237,manual,verified
MORGAN STANLEY SMITH BARNEY,1585 Broadway,New York,NY,10036,40.7599838,-73.9855237,ai,uncorroborated
MORGENSTERN INSURANCE SERVICES INC,"1500 District Avenue, Suite 100",Burlington,MA,01803,42.4850744,-71.208779,ai,uncorroborated
MORIAH EARLY CHILDHOOD,,,,,,,,
MORIAH PARTNERS,,,,,,,,
MORIAH PROPERTIES,,,,,,,,
MORLEES,,,,,,,,
MORPHEUS VENTURES,"1395 Brickell Avenue, Suite 800",Miami,FL,33131,25.7605546,-80.1916886,ai,uncorroborated
MORPHOTRUST USA,9000 W 67th St,Merriam,KS,66202,39.00773,-94.690712,ai,uncorroborated
MORRIS & MORRIS PC,"400 PIONEER PARKWAY, SUITE 300",ROCKWALL,TX,75087,32.8923464,-96.4066987,ai,uncorroborated
MORRIS BART & ASSOCIATES LLC,"601 Poydras Street, 24th Floor",New Orleans,LA,70130,29.9496747,-90.0699188,ai,grounded
MORRIS LAW,,,,,,,,
MORRIS MANNING & MARTIN LLP,"1600 Atlanta Financial Center, 3343 Peachtree Road NE",Atlanta,GA,30326,33.7544657,-84.3898151,ai,uncorroborated
"MORRIS TUCHMAN, ESQ",134 Lexington Ave,New York,NY,10016,40.743135,-73.9823619,manual,verified
"MORRIS, NICHOLS, ARSHT & TUNNELL",1201 North Market Street,Wilmington,DE,19801,39.747482,-75.546639,ai,corroborated
MORRISEY ASSOCIATES,,,,,,,,
MORRISON,,,,,,,,
MORRISON & FOERSTER LLP,425 Market Street,San Francisco,CA,94105,37.7912036,-122.398153,ai,corroborated
MORRISON COHEN LLP,909 Third Avenue,New York,NY,10022,40.7582826,-73.967866,ai,corroborated
MORRISTOWN CARD. ASSOCS,100 Madison Avenue,Morristown,NJ,07960,40.789571,-74.4656846,ai,uncorroborated
MORRISTOWN MEDICAL CENTER,100 Madison Avenue,Morristown,NJ,07960,40.789571,-74.4656846,ai,corroborated
MORSE ENERGY,,,,,,,,
MORTON FRIDMAN MD,826 Winthrop Rd,Teaneck,NJ,07666,40.9134296,-74.023317,ai,corroborated
MORTON WILLIAMS,511 River Drive,Bronxville,NY,10708,40.9381544,-73.8320784,ai,corroborated
MOS BAGELS,,,,,,,,
MOSAIC CONSTRUCTION,"4201 Lake Cook Road, Suite 102",Northbrook,IL,60062,42.1523905,-87.882918,ai,grounded
MOSAIC DENTAL COLLECTIVE,"16703 SE McGillivray Blvd, Ste 200",Vancouver,WA,98683,45.6042494,-122.4995287,ai,grounded
MOSKOWITZ LAW GROUP PLLC,"1400 Broadway, 46th Floor",New York,NY,10018,40.7529581,-73.9867553,ai,corroborated
MOSS,,,,,,,,
MOSS AND BARNETT,"4300 Wells Fargo Center, 90 South 7th Street",Minneapolis,MN,55402,44.9772995,-93.2654692,ai,corroborated
MOTEK INDUSTRIES LLC,,,,,,,,
MOTHERSHIP,,,,,,,,
MOTION PICTURE ASSOCIATION,1600 K Street NW,Washington,DC,20006,38.902173,-77.0368831,ai,uncorroborated
MOTISTA,40 Worth Street,New York,NY,10013,40.717095,-74.0067095,ai,uncorroborated
MOTIVE PARTNERS,"417 Montgomery Street, Suite 700",San Francisco,CA,94104,37.7933839,-122.4032165,ai,uncorroborated
MOTOROLA SOLUTIONS,500 West Monroe Street,Chicago,IL,60661,41.8807756,-87.6406322,ai,grounded
MOTWANI JADEJA FOUNDATION,,,,,,,,
MOUNT SAINT MARYS UNIVERSITY,16300 Old Emmitsburg Rd,Emmitsburg,MD,21727,39.6805605,-77.3465509,ai,uncorroborated
MOUNT SINAI HOSPITAL,1 Gustave L. Levy Place,New York,NY,10029,40.7127281,-74.0060152,ai,corroborated
MOUNT SINAI MEDICAL CENTER,4300 Alton Rd,Miami Beach,FL,33140,25.8133808,-80.1408734,ai,grounded
MOUNT SINAI MEDICAL CENTER (MIAMI BEACH),4300 Alton Road,Miami Beach,FL,33140,25.8133808,-80.1408734,manual,verified
MOUNT SINAI WEST,1000 10th Avenue,New York,NY,10019,40.7697129,-73.9869074,ai,grounded
MOUNTAIN CAPITAL PARTNERS,11726 San Vicente Blvd Suite 414,Los Angeles,CA,90049,34.0444042,-118.4981905,ai,grounded
MOUNTAIN PACIFIC OPPORTUNITY PARTNERS,"111 SW 5th Avenue, Suite 3150",Portland,OR,97204,45.5226107,-122.6759928,ai,uncorroborated
MOUNTAIN VIEW ADVISORY,,,,,,,,
MOUNTAINVIEW PROPERTIES INC,"201 S. LAKE AVENUE, SUITE 1100",PASADENA,CA,91101,34.1421972,-118.1328934,ai,uncorroborated
MOVADO GROUP,"650 From Road, Ste. 375",Paramus,NJ,07652,40.9625384,-74.0685524,ai,grounded
MOVIE DISTRIBUTION,,,,,,,,
MOVIL INC,,,,,,,,
MOYAL DESIGNS LLC,4200 Kenwyck Ct,Marietta,GA,30062,33.9967447,-84.4275783,ai,grounded
MOZAIC SENIOR LIFE,4200 Park Avenue,Bridgeport,CT,06604,41.212288,-73.231621,ai,grounded
MOZILLA,331 E Evelyn Ave,Mountain View,CA,94041,37.3873489,-122.0601159,ai,grounded
MPACT,,,,,,,,
MPACT STRATEGIC CONSULTING,,,,,,,,
MPI,"14131 Midway Road, Suite 800",Addison,TX,75001,32.9429967,-96.8394732,ai,grounded
MPSP VENTURES LLC,,,,,,,,
MR INVESTMENTS,,,,,,,,
MR JOHNS,,,,,,,,
MRB 141 LLC,,,,,,,,
MREG,"60 Columbus Circle, 20th Floor",New York,NY,10023,40.7680394,-73.982537,ai,grounded
MRJ,,,,,,,,
MRM,3000 31st St S Ste 500,Arlington,VA,22206,38.8399378,-77.0869314,ai,uncorroborated
MRS. GREENS NATURAL MARK,287 Great Road,Acton,MA,01720,42.495101,-71.416389,ai,uncorroborated
MRSAKAHN II LLC,,,,,,,,
MS RAU,,,,,,,,
MS RESEARCH ASSOCIATES,480 Pleasant Street,Watertown,MA,02472,42.3661593,-71.206602,ai,uncorroborated
MS WALKER INC,,,,,,,,
MSBD CAPITAL MANAGEMENT CORP,725 Redwood Ln,Glencoe,IL,60022,42.1214565,-87.7646703,ai,grounded
MSC INDUSTRIAL DIRECT INC,75 Maxess Road,Melville,NY,11747,40.7773327,-73.4115713,ai,corroborated
MSG,11 Penn Plaza,New York,NY,10001,43.1318846,-77.4402082,ai,corroborated
MSH NJH-RI,,,,,,,,
MSI MUSIC,,,,,,,,
MSK,1275 York Avenue,New York,NY,10065,40.7644418,-73.9569549,ai,corroborated
MSL,375 Hudson Street,New York,NY,10014,40.7284863,-74.0079039,ai,grounded
MSP SERVICES INC,4151 W Slauson Ave,Culver City,CA,90230,33.9889919,-118.3789755,ai,uncorroborated
MST INTERNATIONAL INC,555 Madison Avenue,New York,NY,10022,40.7611485,-73.9727174,ai,uncorroborated
MSW,,,,,,,,
MT ROYAL MANAGEMENT,,,,,,,,
MT SINAI,1468 Madison Ave,New York,NY,10029,40.7903112,-73.9520975,ai,corroborated
MT VERNON CARDIOLOGY,,,,,,,,
MT. JOY GROUP INC,,,,,,,,
MT. LEBANON DERMATOLOGY,1000 Washington Road,Pittsburgh,PA,15228,40.4406968,-80.0025666,ai,corroborated
MT. SINAI HEALTH SYSTEM,One Gustave L. Levy Place,New York,NY,10029,40.7127281,-74.0060152,ai,corroborated
MT. SINAI ICAHN SCHOOL OF MEDICINE,1425 Madison Ave,New York,NY,10029,40.7885896,-73.9523807,ai,corroborated
MT. WASHINGTON PEDIATRIC HOSPITAL,1717 Reisterstown Rd,Baltimore,MD,21209,39.3825895,-76.7312198,ai,corroborated
MTA NYC TRANSIT,2 Broadway,New York,NY,10004,40.7045661,-74.013128,ai,corroborated
MTL,,,,,,,,
MTP,,,,,,,,
MTS HEALTH PARTNERS,623 5th Ave Fl 35,New York,NY,10022,40.7581043,-73.9764337,ai,corroborated
MUA,,,,,,,,
MUCH SHELIST,"191 N Wacker Dr, Suite 1800",Chicago,IL,60606,41.8853347,-87.6364826,ai,corroborated
MUHLBAUER DERMATOPATHOLOGY,205 Independence Blvd,Worcester,MA,01608,42.2625621,-71.8018877,ai,uncorroborated
MULTI PROPERTIES LLC,,,,,,,,
MULTICARE,315 S King St,Tacoma,WA,98405,47.2455013,-122.438329,ai,corroborated
MULTNOMAH COUNTY LIBRARY,801 S.W. 10th Avenue,Portland,OR,97205,45.5202471,-122.674194,ai,corroborated
MUNDO,,,,,,,,
MUNICH AIRPORT NJ LLC,,,,,,,,
MUNICIPAL FINANCE & SERVICES CORP,,,,,,,,
MUNIMAE FINANCIAL,,,,,,,,
"MURRAY J. LEBEN, DMD PA",9311 SW 72nd Ave,Miami,FL,33173,25.6841214,-80.3110152,ai,uncorroborated
MURRAY'S CHEESE,254 Bleecker Street,New York,NY,10014,40.7310049,-74.0030253,ai,corroborated
MUSELLI COMMERCIAL REALTORS,900 Canal Street,Manchester,NH,03101,42.9998862,-71.467097,ai,uncorroborated
MUSEUM OF TOLERANCE,9786 West Pico Boulevard,Los Angeles,CA,90035,34.0539973,-118.4018041,ai,corroborated
"MUSIC WITH CONFIDENCE, A NV NONPROFIT",,,,,,,,
MUSS DEVELOPMENT LLC,118-35 Queens Blvd,Forest Hills,NY,11375,40.7148167,-73.8311819,ai,corroborated
MVDC,,,,,,,,
MVE,,,,,,,,
MVP,,,,,,,,
MW MILLWORKS,,,,,,,,
MWHC HOLDING INC,,,,,,,,
MWW STRATEGIC COMMUNICATIONS,"1660 L Street NW, Suite 701",Washington,DC,20036,38.903425,-77.0381187,ai,uncorroborated
MY GOODS,,,,,,,,
MY MOST FAVORITE FOOD,,,,,,,,
MY YOGA PRACTICE,,,,,,,,
MYNHD INC,,,,,,,,
MYSELF,,,,,,,,
MYSOURCE.GLOBAL,,,,,,,,
MYTA TECHNOLOGIES,,,,,,,,
MZ CAPITAL PARTNERS,"400 Skokie Blvd, Suite 580",Northbrook,IL,60062,42.1439177,-87.7967861,ai,grounded
MZM CO INC,1420 K St NW,Washington,DC,20005,38.9021418,-77.0328111,ai,uncorroborated
MZQ CONSULTING,,,,,,,,
N G TRUCKING,,,,,,,,
N. E. MILESJEWISH DAY SCHOOL,6501 S. Kedzie Avenue,Chicago,IL,60629,41.7752,-87.702939,ai,uncorroborated
N.RIEGEL,,,,,,,,
NA DESIGN BUILDERS,1416 Sutter Street,San Francisco,CA,94109,37.7873732,-122.4237921,ai,corroborated
NACHSHON VENTURES LLC,,Chagrin Falls,OH,44022,,,,
NACHT & ROUMEL PC,"501 Avis Dr, Suite 3",Ann Arbor,MI,48108,42.2134744,-83.7350305,ai,grounded
NACHTLAW PC,4401 N Scottsdale Rd Suite 307,Scottsdale,AZ,85251,33.500025,-111.926015,ai,uncorroborated
NAFTALI GROUP,"360 W 31st St, 8th Floor",New York,NY,10001,40.7511441,-73.9972215,ai,corroborated
NAGLE LAW GROUP,"4530 E Shea Blvd, Suite 140",Phoenix,AZ,85028,33.5830364,-111.9837866,ai,corroborated
NAI PUGET SOUND PROPERTIES,"121 S Jackson St, Suite 1300",Seattle,WA,98104,47.5989581,-122.3331725,ai,corroborated
NAI SHAMES MAKOVSKY,"5900 S. Eastern Avenue, Suite 100",Las Vegas,NV,89119,36.1674263,-115.1484131,ai,uncorroborated
NALPAK CAPITAL LLC,,,,,,,,
NALSANI USA INC,,,,,,,,
NAM,733 10th St NW,Washington,DC,20001,38.8989503,-77.0257852,ai,grounded
"NANCY K. LONSDORF, MD PC","500 N 3rd St, Suite 105C",Fairfield,IA,52556,41.01163,-91.966394,ai,grounded
NANZ CUSTOM HARDWARE,770 Industrial Dr,San Carlos,CA,94070,37.504936,-122.261823,ai,uncorroborated
NAOMI TANDET FAMILY PARTNERSHIP,,,,,,,,
NAPCO,7315 Hamlin Ave,Skokie,IL,60076,42.0142698,-87.7235525,ai,grounded
NAPEO,"1717 Massachusetts Ave NW, Suite 600",Washington,DC,20036,38.9086858,-77.0395355,ai,corroborated
NAPX CONSULTING LLC,,,,,,,,
NARRATIVE STRATEGIES,,,,,,,,
NAS,,,,,,,,
NASCENT GROUP,"901 New York Ave NW, Suite 400",Washington,DC,20001,38.9021086,-77.0248064,ai,uncorroborated
NASHER MUSEUM,1 East Campus Drive,Durham,NC,27708,36.0056867,-78.9150848,ai,corroborated
NASON YEAGER,"50 West Gay Street, Suite 700",Columbus,OH,43215,39.9635507,-83.0021208,ai,uncorroborated
NASSAU SUFFOLK LAW SERVICES,160 Main St,Hempstead,NY,11550,40.7120333,-73.6259517,ai,corroborated
NASSIMI REALTY,,,,,,,,
NATERA,201 Industrial Rd,San Carlos,CA,94070,37.5131517,-122.2593025,ai,corroborated
"NATHAN S. COHEN, ATTORNEY AT LAW",,,,,,,,
NATHAN SEGAL&CO,,,,,,,,
NATIONAL APARTMENT PARTNERS,1528 Shermer Rd,Northbrook,IL,60062,42.124519,-87.829353,ai,grounded
NATIONAL ASSOCIATION OF REALTORS,430 N. Michigan Ave,Chicago,IL,60611,41.8904202,-87.6247197,ai,corroborated
NATIONAL ASSOCIATION OF THERAPEUTIC SCHOOLS AND PROGRAMS,"16701 Melford Boulevard, Suite 400",Bowie,MD,20715,38.9614438,-76.7147282,manual,verified
NATIONAL COLLECTOR''S MINT INC,7015 E Chauncey Ln,Phoenix,AZ,85008,33.651474,-111.9300585,ai,uncorroborated
NATIONAL COUNCIL OF SYNAGOGUES,,,,,,,,
NATIONAL DISTRIBUTING COMPANY,One National Drive SW,Atlanta,GA,30336,33.7544657,-84.3898151,manual,verified
NATIONAL EQUIPMENT DEALERS,215 Woodside Drive,Lexington,NC,27292,35.7717621,-80.3121779,ai,uncorroborated
NATIONAL FEDERATION OF REPUBLICAN WOMEN,1247 Pennsylvania Avenue SE,Washington,DC,20003,38.8816813,-76.9893756,manual,verified
NATIONAL GALLERY OF ART,Constitution Ave NW & 6th St NW,Washington,DC,20565,38.8950982,-77.0363849,ai,uncorroborated
NATIONAL GRID,40 Sylvan Road,Waltham,MA,02451,42.3962687,-71.2730055,ai,uncorroborated
NATIONAL INSTITUTES OF HEALTH,"9000 Rockville Pike, Building 1",Bethesda,MD,20892,38.9846816,-77.0942447,ai,grounded
NATIONAL JEWISH HEALTH,1400 Jackson Street,Denver,CO,80206,39.7392096,-104.9423779,ai,corroborated
NATIONAL LUMBER COMPANY,4901 Pulaski Highway,Baltimore,MD,21224,39.2989091,-76.5558376,ai,grounded
NATIONAL MERCHANT CENTER,,,,,,,,
NATIONAL NORTARY,9350 De Soto Ave,Chatsworth,CA,91311,34.2400738,-118.5884395,ai,corroborated
NATIONAL NOTARY ASSOCIATION,9350 De Soto Avenue,Chatsworth,CA,91311,34.2400738,-118.5884395,ai,corroborated
NATIONAL REALTY ADVISORS,"3301 N. University Dr., Suite 216",Coral Springs,FL,33065,26.2714195,-80.2499868,ai,uncorroborated
NATIONAL SPINE AND PAIN CENTERS,310 S Washington St,Rockville,MD,20850,39.0794181,-77.15275,ai,corroborated
NATIONWIDE,1 Nationwide Plaza,Columbus,OH,43215,39.9682271,-83.0028862,ai,uncorroborated
NATIONWIDE CHILDRENS HOSPITAL,700 Children's Dr,Columbus,OH,43205,39.9531308,-82.9775482,ai,corroborated
NATIONWIDE CREDIT CORPORATION ALEXANDRIA VA,118 North Pitt St,Alexandria,VA,22314,38.8050054,-77.0448035,ai,corroborated
NAVISTAR,2701 Navistar Drive,Lisle,IL,60532,41.801159,-88.0747687,ai,uncorroborated
NAVITAS CAPITAL,"1 Harbor Drive, Suite 400",Sausalito,CA,94965,37.8675117,-122.5007247,ai,corroborated
NAVY,,,,,,,,
NBA,"Attn: National Basketball Association, 645 5th Ave",New York,NY,10022,40.7127281,-74.0060152,ai,corroborated
NBC,30 Rockefeller Plaza,New York,NY,10112,40.7591232,-73.979556,ai,corroborated
NBCUNIVERSAL,30 Rockefeller Plaza,New York,NY,10112,40.7591232,-73.979556,ai,grounded
NBEC,,,,,,,,
NBO PHARMA INC,,,,,,,,
NBT BANK,52 State Street,Troy,NY,12180,42.7297254,-73.6884982,ai,uncorroborated
NCA CONSULTANTS,"500 North Broadway, Suite 200",Jericho,NY,11753,40.7906553,-73.5346576,ai,uncorroborated
NCCC,,,,,,,,
NCH ADVISORS INC,"452 Fifth Avenue, 24th Floor",New York,NY,10018,40.9176673,-73.8062778,ai,grounded
NCH CAPITAL,75 Rockefeller Plaza,New York,NY,10019,40.7598148,-73.9780248,ai,grounded
NCJW,"2001 S St NW, Suite 610",Washington,DC,20009,38.9142557,-77.0451327,ai,uncorroborated
NCPA,100 Daingerfield Rd,Alexandria,VA,22314,38.805818,-77.058912,ai,uncorroborated
NCSY,"520 8th Ave, 14th Floor",New York,NY,10018,40.753643,-73.9921669,ai,uncorroborated
NDA,,,,,,,,
NDI,"455 Massachusetts Ave NW, Suite 700",Washington,DC,20001,38.9010868,-77.0175902,ai,corroborated
NDP,,,,,,,,
NE GA MEDICAL CENTER,743 Spring St NE,Gainesville,GA,30501,34.3044194,-83.8162307,ai,corroborated
NE ORTHO. SURGEONS,3030 N 3rd St,Harrisburg,PA,17110,40.2963679,-76.8999081,ai,uncorroborated
NEBRASKA WINE & SPIRITS,2925 S 84th St,Omaha,NE,68124,41.2329478,-96.0429844,ai,uncorroborated
NEBRASKALAND,,,,,,,,
NEC,3929 W. John Carpenter Freeway,Irving,TX,75063,32.880184,-96.9484093,ai,grounded
NEFCO,411 Burnham Street,East Hartford,CT,06108,41.7979441,-72.6057323,ai,grounded
NEIL R. LUBARSKY & ASSOCIATES,,,,,,,,
NEIL SOSKIN COMMERCIAL REAL ESTATE SERVICES,,,,,,,,
NELLIS CORPORATION,"7811 Montrose Road, Suite 420",Potomac,MD,20854,39.0577892,-77.1599717,manual,verified
NELSON MULLER,,,,,,,,
NELSON MULLINS,"1320 Main St, 17th Floor",Columbia,SC,29201,34.0033199,-81.0339402,ai,corroborated
NEMAN BROTHERS & ASSOCIATES INC,,,,,,,,
NEMOURS,807 N Franklin St,Wilmington,DE,19801,39.7488252,-75.5620544,ai,uncorroborated
NEMOURS HOSPITAL,501 N. Rockford Drive,Wilmington,DE,19803,39.7459468,-75.546589,ai,uncorroborated
NERIO TRAVEL,,,,,,,,
NESHAMAH INSTITUTE,"110 E 30th St, Suite 1000",New York,NY,10016,40.7441248,-73.9826267,ai,uncorroborated
NEST SEEKERS,"60 East 56th Street, 6th Floor",New York,NY,10022,40.7611069,-73.9723297,ai,corroborated
NETATWORK,"1 Commerce Square, 2005 Market Street, Suite 400",Philadelphia,PA,19103,39.9527237,-75.1635262,ai,uncorroborated
NETFLIX,100 Winchester Circle,Los Gatos,CA,95032,37.258958,-121.962495,ai,corroborated
NETRTINGS,,,,,,,,
NEUBERGER BERMAN,1290 Avenue of the Americas,New York,NY,10104,40.7604688,-73.9788735,ai,corroborated
NEUBERGER QUINN,"605 Third Avenue, 22nd Floor",New York,NY,10158,40.8088444,-73.9303577,ai,uncorroborated
"NEUBERT PEPE & MONTEITH, P. C",195 Church Street,New Haven,CT,06510,41.307916,-72.9242369,ai,corroborated
NEURO MEDICAL CENTER,"3430 Wilshire Blvd, Suite 1440",Los Angeles,CA,90010,34.0616712,-118.2985356,ai,uncorroborated
NEUROCK,,Woodmere,NY,11598,,,,
NEUROCK CAPITAL,"25 Robert Pitt Dr, Suite 204",Monsey,NY,10952,41.110622,-74.0657849,ai,grounded
NEUROGENESIS BIO INC,,,,,,,,
NEUROLOGICAL SERVICES OF ORLANDO,"800 N Magnolia Ave, Suite 900",Orlando,FL,32803,28.55759,-81.3769019,ai,corroborated
NEUROMETRIX INC,27151 Tomball Pkwy Ste 400,Katy,TX,77494,29.7857853,-95.8243956,ai,uncorroborated
NEUROSURGEONS OF NJ,132 Grand St,Hoboken,NJ,07030,40.738874,-74.0363518,ai,corroborated
NEURVATI NEUROSCIENCES,"100 Overlook Center, 2nd Floor",Princeton,NJ,08540,40.3246522,-74.6480955,ai,uncorroborated
NEVADA CARDIOLOGY ASSOCIATES,"1445 E Prater Way, Suite 110",Reno,NV,89512,39.5306186,-119.8105433,ai,corroborated
"NEVERS, PALAZZO, PACKARD, WILDERMUTH & WYNNER PC",1060 W 6th St,Los Angeles,CA,90017,34.0533294,-118.2605416,ai,corroborated
NEVYAS EYE ASSOCIATES,"1000 Executive Pkwy, Suite 201",San Ramon,CA,94583,37.7689989,-121.9644888,ai,uncorroborated
NEW AMSTERDAM PHARMA,"20803 Biscayne Blvd, Suite 105",Aventura,FL,33180,25.9684602,-80.1430903,ai,grounded
NEW ENGLAND DEVELOPMENT,"200 Market Street, Suite 201",Springfield,MA,01103,42.1028275,-72.5893153,ai,corroborated
NEW ENGLAND FRIENDS OF MARCH OF THE LIVING,,,,,,,,
NEW ENGLAND REAL ESTATE ACQUISITIONS,,,,,,,,
NEW ENGLAND REGIONAL COUNCIL OF CARPEN,"600 Congress Street, Suite 202",Portland,ME,04101,43.6536812,-70.2632937,ai,uncorroborated
NEW HAVEN COMPANIES,3951 SW 30th Ave,Fort Lauderdale,FL,33312,26.113351,-80.1844634,ai,grounded
NEW HORIZONS,"100 Cummings Center, Suite 307-A",Beverly,MA,01915,42.5569312,-70.8868623,ai,grounded
NEW JERSEY ASSOCIATION OF REALTORS,"1000 Atrium Way, Suite 200",Mount Laurel,NJ,08054,39.919161,-74.946229,ai,corroborated
NEW JERSEY BRAIN AND SPINE,"650 From Road, Suite 220",Paramus,NJ,07652,40.9625384,-74.0685524,manual,verified
NEW JERSEY CARDIOLOGY ASSOCIATES,"2 Schoolhouse Rd, Suite 103",Tinton Falls,NJ,07724,40.2890734,-74.0927967,ai,corroborated
NEW JERSEY INSTITUTE OF TECHNOLOGY,"University Heights, 323 Dr. Martin Luther King Jr. Blvd",Newark,NJ,07102,40.735657,-74.1723667,ai,corroborated
NEW LOOK GROUP,,,,,,,,
NEW MOUNTAIN CAPITAL,"535 Madison Avenue, 27th Floor",New York,NY,10022,40.760443,-73.9733474,ai,corroborated
NEW OAKLAND,,,,,,,,
NEW SILVER LENDING LLC,30 Broad Street,New York,NY,10004,40.7062753,-74.0116514,ai,uncorroborated
NEW TRADITION,,,,,,,,
NEW WAVE LOANS,,NORTH MIAMI BEACH,FL,33162,,,,
NEW YORK BLOOD CENTER,310 East 67th Street,New York,NY,10065,40.7657708,-73.9608375,ai,uncorroborated
NEW YORK CITY,"City Hall, 1 Centre St",New York,NY,10007,40.7127281,-74.0060152,ai,corroborated
NEW YORK CITY DEPARTMENT OF EDUCATION,52 Chambers St,New York,NY,10007,40.7133991,-74.0055424,ai,corroborated
NEW YORK CITY HOUSING AUTHORITY,250 Broadway,New York,NY,10007,40.7130068,-74.0078185,ai,uncorroborated
NEW YORK HEADACHE CENTER,"150 E 32nd St, Suite 6R",New York,NY,10016,40.7448362,-73.980352,ai,corroborated
NEW YORK INSTITUTE OF TECHNOLOGY,"Northern Blvd & Broadway, Old Westbury Campus, 197 I.U. Willets Road",Old Westbury,NY,11568,40.7887113,-73.5995717,ai,corroborated
NEW YORK ISLANDERS,15 Nassau St,Uniondale,NY,11553,40.7357709,-73.605792,ai,corroborated
NEW YORK ISLANDERS HOCKEY CLUB,2400 Hempstead Turnpike (UBS Arena),Elmont,NY,11003,40.7076444,-73.7093041,ai,corroborated
NEW YORK LAW SCHOOL,185 West Broadway,New York,NY,10013,40.7180696,-74.0070841,ai,uncorroborated
NEW YORK LIFE,51 Madison Avenue,New York,NY,10010,40.7432425,-73.9860564,ai,corroborated
NEW YORK METS,"123-01 Roosevelt Avenue (Citi Field, team offices)",Queens,NY,11368,40.7135078,-73.8283132,ai,corroborated
NEW YORK SOLAR ENERGY INDUSTRIES ASSOCIATION,P.O. Box 1523,Long Island City,NY,11101,40.7455316,-73.9484995,manual,verified
NEW YORK STATE,"Governor's Office, State Capitol Building, Room 1400",Albany,NY,12224,42.6511674,-73.754968,ai,corroborated
NEW YORK STATE SENATE,"Legislative Office Building, 188 State Street",Albany,NY,12210,42.6511674,-73.754968,ai,corroborated
NEW YORK TIMES,620 Eighth Avenue,New York,NY,10018,40.9160751,-73.8043958,ai,uncorroborated
NEW YORK YANKEES PARTNERSHIP,"1 E 161st St (Yankee Stadium), Bronx",Bronx,NY,10451,40.8466508,-73.8785937,ai,corroborated
NEWBROOK,,,,,,,,
NEWCHEM,,,,,,,,
NEWCO CAPITAL GROUP,"1801 NE 123rd Street, Suite 421",North Miami,FL,33181,25.889505,-80.161987,manual,verified
NEWFRONT,"550 California St, Suite 840",San Francisco,CA,94104,37.7929014,-122.4036349,ai,grounded
NEWMAN FAMILY FOUNDATION,"1 Rockefeller Plaza, Suite 800",New York,NY,10020,40.7578543,-73.9791545,ai,uncorroborated
NEWMAN LEATHER CORPORATION,280 Madison Ave,New York,NY,10016,40.7514413,-73.9804578,ai,uncorroborated
NEWMAN O'MALLEY & EPSTEIN,"1001 4th Ave, Suite 3200",Seattle,WA,98154,47.6061866,-122.3332822,ai,uncorroborated
NEWMAN TRAVEL,,,,,,,,
NEWMARK GROUP,,CORAL GABLES,FL,33134,,,,
NEWMARK GRUBB KNIGHT FRANK,125 Park Ave,New York,NY,10017,40.7517892,-73.9774878,ai,uncorroborated
NEWMARK MERRILL COMPANIES,5850 Canoga Ave Ste 650,Woodland Hills,CA,91367,34.1768435,-118.5967694,ai,corroborated
NEWPORT AVENUE OPTOMETRY,,,,,,,,
NEWPORT NEWS SHIPBUILDING,4101 Washington Ave,Newport News,VA,23607,36.9905686,-76.433193,ai,corroborated
NEWPORT SALES,,,,,,,,
NEWTECH,,,,,,,,
NEWTON WELLESLEY HOSPITAL,2014 Washington St,Newton,MA,02462,42.3313244,-71.2451997,ai,corroborated
NEXCORE TECHNOLOGY,,,,,,,,
NEXION,"1100 Abernathy Rd NE, Suite 800",Atlanta,GA,30328,33.7544657,-84.3898151,ai,uncorroborated
NEXT LEVEL SMG,,,,,,,,
NEXT REALTY,400 Skokie Blvd,Northbrook,IL,60062,42.1439177,-87.7967861,ai,corroborated
NEXT STEP PARTNERS,,,,,,,,
NEXT TERRA CAPITAL,"40 Wall St, 28th Floor",New York,NY,10005,40.7070219,-74.0096669,ai,uncorroborated
NEXTERA ENERGY INC,700 Universe Blvd,Juno Beach,FL,33408,26.858251,-80.060074,ai,corroborated
NEXTERA ENERGY RESOURCES,700 Universe Blvd,Juno Beach,FL,33408,26.858251,-80.060074,ai,uncorroborated
NEXTGEN APARTMENTS,"14201 N 87th St, Suite B121",Scottsdale,AZ,85260,33.6135859,-111.8944297,ai,grounded
NEXTIVA,"8800 E Raintree Dr, Suite 300",Scottsdale,AZ,85260,33.618381,-111.89099,ai,uncorroborated
NEXTOP,,,,,,,,
NEXUM PARTNERS LLC,,,,,,,,
NEXUS IMPORTING,70 Ramsay Rd,Charlestown,MA,02129,42.3778749,-71.0619957,ai,uncorroborated
NEXUS PARTNERS LLC,,AVENTURA,FL,33180,,,,
NEXUS VALE LLC,,,,,,,,
NFG,6363 Main St,Williamsville,NY,14221,42.9621232,-78.7493181,ai,uncorroborated
NFI INDUSTRIES,15625 Emmett F Lowry Expy,Texas City,TX,77591,29.397923,-94.9960314,ai,corroborated
NFP,200 Park Ave S,New York,NY,10003,40.7368886,-73.9892348,ai,grounded
NFP INSURANCE SOLUTIONS,"One NFP Plaza, 300 First Stamford Plz",Stamford,CT,06902,41.0534302,-73.5387341,ai,uncorroborated
"NFP, AN AON COMPANY",200 Park Avenue South,New York,NY,10003,40.736708,-73.98903,ai,grounded
NGM,,,,,,,,
NGU SPORTS LIGHTING,,,,,,,,
NICHOLAS M WIGODA PA,,,,,,,,
NICHOLAS MARKETS,,,,,,,,
NICHOLS PARTNERSHIP,"1644 Platte Street, Suite 130",Denver,CO,80202,39.7576455,-105.006944,ai,grounded
NIGEL A SPIER MD LLC,,,,,,,,
NIGHTHAWK,"6898 N Camino Martin, Ste. 120",Tucson,AZ,85741,32.2228765,-110.974847,ai,grounded
NIKOLA CORP,"4141 East Broadway Boulevard, Suite 200",Phoenix,AZ,85040,33.4061566,-111.9922465,ai,uncorroborated
NIMBL CONSULTING,,,,,,,,
NIMES CAPITAL,,,,,,,,
NINE OAK INVESTMENTS,,,,,,,,
NISA INVESTMENT ADVISORS,"60 State Street, 39th Floor",Boston,MA,02109,42.3596782,-71.056579,ai,uncorroborated
NIV CONSULTING,,,,,,,,
NIXON PEABODY,53 State Street,Boston,MA,02109,42.3584266,-71.0560881,ai,corroborated
NIZNICK ENTERPRISES,520 5th Ave,New York,NY,10036,40.7544817,-73.980624,ai,uncorroborated
NJ MANAGEMENT,,,,,,,,
NJ STANDARD MANAGEMENT,,,,,,,,
NJB INVESTMENTS LLC,,,,,,,,
NJBS,,,,,,,,
NJIT,323 Dr Martin Luther King Jr Blvd,Newark,NJ,07102,40.7416509,-74.1767001,ai,corroborated
NJIUA,"One Sylvan Way, Parsippany",Parsippany,NJ,07054,40.8439987,-74.4388435,ai,corroborated
NJL CONSULTANTS,,,,,,,,
NJY CAMPS,"25 Broadway, 16th Floor",New York,NY,10004,40.7057542,-74.0139829,ai,corroborated
NLE,,,,,,,,
NMG,,,,,,,,
NMRK,125 Park Avenue,New York,NY,10017,40.7517892,-73.9774878,ai,grounded
NMS CAPITAL,"1 Battery Park Plaza, Suite 430",New York,NY,10004,40.7127281,-74.0060152,manual,verified
NNA SERVICES LLC,9350 De Soto Ave,Chatsworth,CA,91311,34.2400738,-118.5884395,ai,corroborated
NNONE,,,,,,,,
NO LABELS,"1201 Connecticut Ave NW, Suite 200",Washington,DC,20036,38.9061861,-77.0406775,ai,uncorroborated
NO ONE LEFT BEHIND,,,,,,,,
NOBLE PROPERTIES,"4280 Professional Center Drive, Suite 100",Palm Beach Gardens,FL,33410,26.842155,-80.0970513,ai,grounded
NOBODY,,,,,,,,
NOCTURNAL COOKIES,1201 E 9th St,Los Angeles,CA,90021,33.778144,-118.176188,ai,uncorroborated
NOEL ANENBERG,,,,,,,,
NOETIC TECHNOLOGIES,10 Post Office Square,Boston,MA,02109,42.3575198,-71.0559309,ai,uncorroborated
NOIR,,,,,,,,
NOLAN REAL ESTATE,,,,,,,,
NON PROFIT FOUNDATION DLP,,,,,,,,
NON-PROFIT VOLUNTEER,,,,,,,,
NOOSHIN MAHBOUBIAN,,,,,,,,
NOPE,,,,,,,,
NORC,"55 East Monroe St, 30th Floor",Chicago,IL,60603,41.8801534,-87.6256458,ai,corroborated
NORC AT U CHICAGO,55 East Monroe Street,Chicago,IL,60603,41.8801534,-87.6256458,ai,corroborated
NORCHAR,,,,,,,,
NORDSTROM,"1617 6th Ave, Suite 700",Seattle,WA,98101,47.6124155,-122.3359101,ai,uncorroborated
NORMAN BOBINS CONSULTING LLC,,,,,,,,
NORMAN LISS ATORRNEYS AT LAW,200 S Broad St,Philadelphia,PA,19102,39.9490879,-75.1648651,ai,uncorroborated
NORTEX WHOLESALE NURSERY,2001 FM 156,Sanger,TX,76266,33.3631706,-97.1739028,ai,corroborated
NORTH AMERICAN DEVELOPMENT GROUP,"360 South Rosemary Avenue, Suite 400",West Palm Beach,FL,33401,26.7110946,-80.056733,ai,grounded
NORTH ATLANTA PEDIATRICS,3500 Mansell Rd NW,Atlanta,GA,30327,33.7544657,-84.3898151,ai,corroborated
NORTH BAY STEEL MILL RECYCLING,,,,,,,,
NORTH BROWARD RADIOLOGISTS,"1601 University Dr, Suite 403",Coral Springs,FL,33071,26.2510494,-80.2534072,ai,uncorroborated
NORTH DALLAS PLASTIC SURGERY ASSOCIATES,"8305 Walnut Hill Lane, Suite 210",Dallas,TX,75231,32.8834394,-96.7621258,manual,verified
NORTH GEORGIA PAIN CLINIC,1200 Howell Mill Rd NW,Atlanta,GA,30318,33.7868419,-84.4118179,ai,corroborated
NORTH INDUSTRIES,,,,,,,,
NORTH OCEAN MANAGEMENT,,,,,,,,
NORTH POINT DERMATOLOGY & MOHS SURGERY,"2050 W Eldorado Pkwy, Suite 120",McKinney,TX,75070,33.1976496,-96.6154471,ai,uncorroborated
NORTH POINTE DENTAL ASSOCIATES,3500 North Reynolds Rd,Toledo,OH,43615,41.6570943,-83.6674917,ai,uncorroborated
NORTH RIVER CAPITAL,5642 Coventry Ln,Fort Wayne,IN,46804,41.0344463,-85.2608024,ai,grounded
NORTH SHORE ASSOCIATION OF REA,,,,,,,,
NORTH SHORE HOSPITAL,300 Community Dr,Manhasset,NY,11030,40.7752137,-73.7010277,ai,corroborated
NORTH SHORE VISION,,,,,,,,
NORTH SQUARE INVESTMENTS LLC,80 State St,Boston,MA,02109,42.359095,-71.056096,ai,uncorroborated
NORTH STAR CONSULTING INC,,,,,,,,
NORTH STAR REALTY,,,,,,,,
NORTH STATE MEDIA,125 Ellinwood Way,Corvallis,OR,97330,44.5645659,-123.2620435,ai,uncorroborated
NORTH SUBURBAN,,,,,,,,
NORTH THURSTON PUBLIC SCHOOLS,305 College Street NE,Lacey,WA,98516,47.050945,-122.8240704,ai,corroborated
NORTH VIEW,,,,,,,,
NORTHAVEN,10630 North Central Expy,Dallas,TX,75231,32.8919804,-96.7687479,ai,corroborated
NORTHCO COMMERCIAL REAL ESTATE,"1035 N. Pennsylvania St., Suite 204",Indianapolis,IN,46204,39.7817692,-86.1556438,ai,uncorroborated
NORTHEASTERN UNIV,360 Huntington Ave,Boston,MA,02115,42.3373978,-71.0930946,ai,corroborated
NORTHEND EQUITIES LLC,,,,,,,,
NORTHERN AZ. UNIVERSITY,"Box 4084, 20th Ave & Knoles Dr",Flagstaff,AZ,86011,35.1987522,-111.651822,ai,corroborated
NORTHERN MANAGEMENT LLC,,,,,,,,
NORTHERN MICHIGAN UNIVERSITY,1401 Presque Isle Ave,Marquette,MI,49855,46.558533,-87.4058381,ai,corroborated
NORTHERN RIVERVIEW HEALTH CARE CENTER,9700 San Jose Blvd,Jacksonville,FL,32257,30.2014107,-81.6184065,ai,uncorroborated
NORTHERN VALLEY MEDICAL ASSOCIATION,,,,,,,,
NORTHLAKE DEVELOPMENT GROUP,,,,,,,,
NORTHMARQ,"3500 American Blvd W, Suite 500",Minneapolis,MN,55431,44.9772995,-93.2654692,ai,grounded
NORTHPORT VETERANS AFFAIRS MEDICAL CENTER,79 Middleville Road,Northport,NY,11768,40.8945083,-73.3107055,manual,verified
NORTHROCK LLC,"225 South 6th Street, Suite 1400",Minneapolis,MN,55402,44.9758887,-93.2680097,ai,grounded
NORTHSHORE UNIVERSITY HEALTH,1000 Central St,Evanston,IL,60201,42.0639271,-87.6849148,ai,corroborated
NORTHSIDE,,,,,,,,
NORTHSIDE ANESTHESI,,,,,,,,
NORTHSIDE HOSPITAL,1000 Johnson Ferry Rd NE,Sandy Springs,GA,30328,33.9085618,-84.3536362,ai,corroborated
NORTHSIDE LAW CENTER,,,,,,,,
NORTHVILLE INDUSTRIES,,,,,,,,
NORTHWELL,200 Community Dr,Manhasset,NY,11030,40.7816672,-73.7071453,ai,corroborated
NORTHWELL HEALTH,300 Community Dr,Manhasset,NY,11030,40.7752137,-73.7010277,ai,corroborated
NORTHWEST COMMUNITY HEALTHCARE,800 W Central Rd,Arlington Heights,IL,60005,42.0689706,-87.9927161,ai,corroborated
NORTHWEST SUBURBAN PODIATRY,,,,,,,,
NORTHWESTERN,633 Clark Street,Evanston,IL,60208,42.0512624,-87.6770488,ai,corroborated
NORTHWESTERN MEDICINE,250 E. Huron St,Chicago,IL,60611,41.8950843,-87.6215232,ai,corroborated
NORTHWESTERN MEMORIAL HOSPITAL,251 E. Huron St,Chicago,IL,60611,41.894585,-87.6215462,ai,corroborated
NORTHWESTERN MUTUAL,720 East Wisconsin Avenue,Milwaukee,WI,53202,43.0393998,-87.9021965,ai,grounded
NORTHWESTERN PRITZKER SCHOOL OF LAW,375 E. Chicago Avenue,Chicago,IL,60611,41.8963994,-87.6175002,ai,corroborated
NORTHWESTERN UNIVERSITY,633 Clark St,Evanston,IL,60208,42.0512624,-87.6770488,ai,corroborated
NORTON ROSE FULBRIGHT US LLP,1301 Avenue of the Americas,New York,NY,10019,40.7618616,-73.9801825,ai,corroborated
NORWOOD PUBLIC SCHOOL,20 Medford St,Norwood,MA,02062,42.194543,-71.1994976,ai,grounded
NOSVA,,,,,,,,
NOTISSIA,,,,,,,,
NOV TUBOSCOPE,"10353 Richmond Avenue, Suite 100",Houston,TX,77042,29.7272033,-95.5554683,ai,corroborated
NOVA CONSULTING,10486 NW 31st Terrace,Doral,FL,33172,25.8028447,-80.3670205,ai,grounded
NOVA PROPERTY MANAGEMENT,701 N Ocean Blvd,Pompano Beach,FL,33062,26.243507,-80.0879,ai,uncorroborated
NOVACHAI FOUNDATION,,,,,,,,
NOVANT HEALTH,200 Hawthorne Ln,Winston-Salem,NC,27103,36.0998131,-80.2440518,ai,corroborated
NOVARA GLOBAL CONSULTING LLC,,,,,,,,
NOVARTIS,One Health Plaza,East Hanover,NJ,07936,40.8068135,-74.3925163,ai,corroborated
NOVICK EDELSTEIN,,,,,,,,
NPS RENT ASSURANCE,220 Reservoir St Ste 5,Needham,MA,02494,42.3099785,-71.2274138,ai,grounded
NQGRG,,,,,,,,
NRSC,425 3rd St SW,Washington,DC,20024,38.8836011,-77.0154799,ai,corroborated
NRT,1290 Avenue of the Americas,New York,NY,10104,40.7604688,-73.9788735,ai,corroborated
NSB ASSOCIATES,,,,,,,,
NSI,"4601 Touchton Road E, Suite 300",Jacksonville,FL,32246,30.2636455,-81.5494852,ai,uncorroborated
NSSD,,,,,,,,
NSUHS,3200 S University Dr,Davie,FL,33328,26.0811346,-80.2507856,ai,uncorroborated
NTIVA INC,2000 Market St,Philadelphia,PA,19103,39.953509,-75.173351,ai,uncorroborated
NTR,295 OXFORD STREET,SAN FRANCISCO,CA,94134,37.7263494,-122.4192154,manual,verified
NUCANA,"275 Grove Street, Suite 2-400",Newton,MA,02466,42.3388672,-71.2527923,ai,grounded
NUCARE SERVICES CORP,7257 N Lincoln Ave Ste 100,Lincolnwood,IL,60712,42.0128459,-87.7402326,ai,grounded
NUCLEAR ONCOLOGY ASSOC,,,,,,,,
NUCO,2757 E Cottonwood Pkwy,Cottonwood Heights,UT,84121,40.613474,-111.8256464,ai,uncorroborated
NUFAMI INC,,,,,,,,
NUMC,300 Broadway,Camden,NJ,08103,39.941419,-75.119172,ai,uncorroborated
NUMENTA,400 Atlantic Ave,Boston,MA,02110,42.3556115,-71.0504489,ai,uncorroborated
NUNYA,,,,,,,,
NURSES PLUS,"5609 Glenridge Dr NE, Suite 200",Atlanta,GA,30342,33.7544657,-84.3898151,ai,corroborated
NURTURE MARKETING,,,,,,,,
NUSGART CONSULTING LLC,,,,,,,,
NUT TREE CAPITAL MANAGEMENT LP,"55 Hudson Yards, 22nd Floor",New York,NY,10001,40.7552063,-74.0017804,manual,verified
NUT TREE FAMILY PARK,1201 Nut Tree Rd,Vacaville,CA,95687,38.3625136,-121.9500264,ai,corroborated
NUTRITION,,,,,,,,
NUVANCE,95 West Main St,Danbury,CT,06810,41.394817,-73.4540111,ai,uncorroborated
NUVANCE HEALTH,244 North Street,Danbury,CT,06810,41.4071746,-73.4560074,ai,corroborated
NUVEEN,"333 West Wacker Drive, Suite 2700",Chicago,IL,60606,41.886173,-87.6358607,ai,grounded
NUVERSE ADVISORS LLC,,,,,,,,
NVE,"6801 Riverplace Blvd, Suite 600",Jacksonville,FL,32207,30.3185296,-81.656587,ai,uncorroborated
NVIDIA INC,2788 San Tomas Expressway,Santa Clara,CA,95051,37.3705438,-121.9670806,ai,corroborated
NW RADIOLOGY ASSOCIATED,800 W Central Rd,Arlington Heights,IL,60005,42.0689706,-87.9927161,ai,grounded
NW RETIREMENT SECURITY GROUP,,,,,,,,
NWC PROPERTIES,,,,,,,,
NWH,,,,,,,,
NXT CHAPTER ADVISORS LLC,,,,,,,,
NY COMMUNITY BANCORP,179 Broadhollow Road,Melville,NY,11747,40.789057,-73.4157423,ai,corroborated
NY COUNTY DA,1 Hogan Place,New York,NY,10013,40.7159287,-74.001008,ai,corroborated
NY GREEN BANK,"633 Third Avenue, 31st Floor",New York,NY,10017,40.8088444,-73.9303577,ai,corroborated
NY LEGAL ASSISTANCE GROUP,"7 Hanover Square, 18th Floor",New York,NY,10004,40.7127281,-74.0060152,ai,corroborated
NY PRESBYTERIAN HOSPITAL,525 East 68th Street,New York,NY,10065,40.7647021,-73.9540033,ai,corroborated
NY PRESBYTERIAN WEILL CORNELL,525 E 68th St,New York,NY,10065,40.7647523,-73.9549121,ai,corroborated
NY THERAPY PLACEMENT SERVICES,"330 West 38th Street, Suite 600",New York,NY,10018,40.7552496,-73.9935,ai,corroborated
NYBCOICF,,,,,,,,
NYC,"City Hall, 1 Centre Street",New York,NY,10007,40.7127281,-74.0060152,ai,corroborated
NYC BAR ASSOCIATION,42 West 44th Street,New York,NY,10036,40.7555187,-73.9819926,ai,corroborated
NYC BOARD OF ED,52 Chambers Street,New York,NY,10007,40.7133991,-74.0055424,ai,uncorroborated
NYC CRIMINAL COURT,100 Centre St,New York,NY,10013,40.7160736,-74.0011699,ai,uncorroborated
NYC DEPT. OF EDUCATION,52 Chambers St,New York,NY,10007,40.7133991,-74.0055424,ai,corroborated
NYC DOE,52 Chambers St,New York,NY,10007,40.7133991,-74.0055424,ai,corroborated
NYC MAYORS OFFICE,City Hall,New York,NY,10007,41.4457409,-74.4216337,ai,corroborated
NYL HOLDINGS,One Madison Ave,New York,NY,10010,40.7437008,-73.9859199,ai,corroborated
NYLAG,40 Worth St,New York,NY,10013,40.717095,-74.0067095,ai,corroborated
NYMC,8000 Northern Boulevard,Manhasset,NY,11030,40.7929479,-73.6963141,ai,uncorroborated
NYP CORNELL,525 E 68th St,New York,NY,10065,40.7647523,-73.9549121,ai,corroborated
NYPW,,,,,,,,
NYRFP,,,,,,,,
NYS,State Capitol,Albany,NY,12224,42.6525913,-73.7573712,ai,corroborated
NYS OCFS,52 Washington Street,Rensselaer,NY,12144,42.6396897,-73.7441301,ai,corroborated
NYS SENATE,"State Capitol Building, Legislative Office Building",Albany,NY,12247,42.6511674,-73.754968,ai,corroborated
NYS WORKERS' COMPENSATION BOARD,"State Office Building Campus, Building 12",Albany,NY,12240,42.6511674,-73.754968,ai,corroborated
NYSWCB,,,,,,,,
NYU,70 Washington Square South (HQ / Administration Building),New York,NY,10012,40.7127281,-74.0060152,ai,corroborated
NYU LANGONE BROOKLYN,150 55th Street,Brooklyn,NY,11220,40.6466733,-74.0209065,ai,corroborated
NYU LANGONE HEALTH,550 First Avenue,New York,NY,10016,40.9205588,-73.8088292,ai,corroborated
NYU LANGONE HEALTH HUNTINGTON MEDICAL,"Huntington Hospital, 270 Park Avenue",Huntington,NY,11743,40.879446,-73.4160808,ai,corroborated
NYU SCHOOL OF LAW,40 Washington Square S,New York,NY,10012,40.7306773,-73.9994085,ai,uncorroborated
NYU SCHOOL OF MEDICINE,550 First Avenue,New York,NY,10016,40.9205588,-73.8088292,ai,corroborated
O'CONNOR CAVANAUGH ET AL,,,,,,,,
O'MELVENY,400 S Hope St,Los Angeles,CA,90071,34.0515586,-118.2532114,manual,verified
O'MELVENY & MYERS LLP,400 South Hope Street,Los Angeles,CA,90071,34.0514098,-118.2535938,ai,corroborated
O-ONGO INC,30778 Highway 18,Running Springs,CA,92382,34.222797,-117.13142,ai,corroborated
O.S.G,2525 W 190th St,Torrance,CA,90504,33.8584292,-118.3208781,ai,uncorroborated
O2 INVESTMENT PARTNERS,37000 Woodward Ave,Bloomfield Hills,MI,48304,42.562136,-83.225277,ai,corroborated
O5 GROUP,300 Park Ave S,New York,NY,10010,40.739792,-73.9869252,ai,corroborated
OACJ,,,,,,,,
OAK PARK TEMPLE,,,,,,,,
OAK STREET HEALTH,"8401 North Central Expressway, Suite 700",Dallas,TX,75225,32.8648863,-96.7724237,ai,uncorroborated
OAK VIEW GROUP,"3601 Las Vegas Boulevard South, Suite 200",Las Vegas,NV,89109,36.1467952,-115.1552392,ai,uncorroborated
OAKLAND COMMUNITY COLLEGE,2480 Opdyke Road,Auburn Hills,MI,48326,42.6781382,-83.245853,ai,corroborated
OAKLAND COUNTY,1200 North Telegraph Road,Pontiac,MI,48341,42.6556889,-83.3256878,ai,corroborated
OAKLAND MEDICAL GROUP,,,,,,,,
OAKMONT CAPITAL,640 S San Vicente Blvd Ste 350,Los Angeles,CA,90048,34.06543,-118.3723324,ai,grounded
OAKTREE CAPITAL,"333 South Grand Avenue, 28th Floor",Los Angeles,CA,90071,34.052746,-118.2519538,manual,verified
OAKWOOD,,,,,,,,
OAKWOOD HOSPITAL,700 S Opdyke Rd,Auburn Hills,MI,48326,42.6255239,-83.2491256,ai,corroborated
OAKWOOD LEGAL GROUP LLP,601 S Figueroa St,Los Angeles,CA,90017,34.0507779,-118.2593021,ai,corroborated
OBERFELD DEVELOPMENT CORP,,,,,,,,
OBERLAND CAPITAL,1700 Broadway,New York,NY,10019,40.7635349,-73.9823123,manual,verified
OBERMAYER REBMANN,112 Washington St,Woodbury,NJ,08096,39.8381691,-75.1526774,ai,uncorroborated
OBERMAYER REBMANN MAXWELL AND HIPPLE,"1125 Walnut St, Suite 420",Philadelphia,PA,19107,39.9490072,-75.1602672,ai,corroborated
OBGYN SPECIALISTS OF THE PALM BEACHES,5472 Linton Blvd,Delray Beach,FL,33484,26.4393559,-80.0929861,ai,corroborated
OBXTEK,"8000 Towers Crescent Dr, Suite 170",Vienna,VA,22182,38.9013729,-77.2651762,ai,uncorroborated
OCA VENTURES,,,,,,,,
OCCIDENTAL PETROLEUM,"5 Greenway Plaza, Suite 1100",Houston,TX,77046,29.7306513,-95.4317595,ai,corroborated
OCEAN RIDGE CAPITAL ADVISORS LLC,325 N Maple Dr,Beverly Hills,CA,90210,34.0731023,-118.3942167,ai,uncorroborated
OCEANTECH,,,,,,,,
OCH-ZIFF CAPITAL MANAGEMENT GROUP,"9 W 57th St, 40th Floor",New York,NY,10019,40.7638353,-73.9749533,ai,corroborated
OCHSNER CLINIC FOUNDATION,1514 Jefferson Hwy,New Orleans,LA,70121,29.9610677,-90.1456737,ai,corroborated
OCTAGON,400 Atlantic Street,Stamford,CT,06901,41.0503801,-73.5388891,ai,grounded
OCTAGON CREDIT INVESTORS,"360 Madison Ave, 6th Floor",New York,NY,10017,40.7550404,-73.9781023,ai,grounded
ODELL STUDNER GROUP,"200 North Warner Road, Suite 450",King Of Prussia,PA,19406,40.085213,-75.400773,ai,grounded
ODEOB,,,,,,,,
ODEON CAPITAL GROUP,"750 Lexington Avenue, 27th Floor",New York,NY,10022,40.7625148,-73.9685564,ai,grounded
ODYSSEY,,,,,,,,
OEH,,,,,,,,
OES GLOBAL,1935 NW 18th Street,Pompano Beach,FL,33069,26.2529903,-80.1498088,ai,grounded
OFFICE,,,,,,,,
"OFFICE OF DAVID G. GENET,DMD",,,,,,,,
OFFICE OF THE ATTORNEY GENERAL OF VIRGINIA,202 North 9th Street,Richmond,VA,23219,37.540355,-77.4345366,manual,verified
OFFICE OF THE CHIEF JUDGE COOK COUNTY,"50 W Washington St, Room 1010",Chicago,IL,60602,41.8840869,-87.6302049,ai,corroborated
OFFICE OF THE COUNTY EXECUTIVE,,,,,,,,
OFFICE OF THE PUBLIC DEFENDER,,,,,,,,
OFFICIAL BAND SHIRTS,,,,,,,,
OFFIT KURMAN,"7501 Wisconsin Ave, Suite 1000W",Bethesda,MD,20814,38.9849208,-77.0945239,ai,grounded
OFJCC,2245 N. DOUGLAS BLVD,ROSEVILLE,CA,95661,38.7521235,-121.2880059,ai,corroborated
OFTEN,,,,,,,,
OGDEN MURPHY WALLACE PLLC,901 5th Ave Suite 3500,Seattle,WA,98164,47.6058203,-122.3319113,ai,corroborated
OGLETHORPE,6801 MCGILL PARKWAY,SAVANNAH,GA,31405,32.0790074,-81.0921335,ai,uncorroborated
OHDELA,"1550 Old Henderson Road, Suite W-110",Columbus,OH,43220,40.051943,-83.061402,ai,grounded
OHEV SHALOM OF BUCKS COUNTY,944 Second St Pike,Richboro,PA,18954,40.2151086,-75.0107245,ai,corroborated
OHIO GASTROENTEROLOGY,"700 Goodale Blvd, Suite 450",Columbus,OH,43215,39.9741646,-83.0234497,ai,corroborated
OHIO SAVING BANK,1801 East 9th Street,Cleveland,OH,44114,41.501678,-81.687895,ai,corroborated
OHIO ST UNIVERSITY,155 W 12th Ave,Columbus,OH,43210,39.9967344,-83.0111787,ai,corroborated
OHIO STATE WEXNER MEDICAL CENTER,395 W 12th Ave,Columbus,OH,43210,39.9959737,-83.0178869,ai,corroborated
OHS,,,,,,,,
OHSU,3181 SW Sam Jackson Park Rd,Portland,OR,97239,45.4995338,-122.685936,ai,uncorroborated
OKLA HOUSE OF REPRESENTATIVES,2300 N Lincoln Blvd,Oklahoma City,OK,73105,35.4922055,-97.5033333,ai,corroborated
OKUN ORTHODONTICS PC,"14 Rye Ridge Plaza, Suite 243",Rye Brook,NY,10573,41.003379,-73.6831432,ai,grounded
OLAMI,"520 Eighth Ave, 10th Floor",New York,NY,10018,40.9160751,-73.8043958,ai,uncorroborated
OLD BRIDGE BOARD OF EDUCATION,4209 Route 516,Old Bridge,NJ,08857,40.3913195,-74.3328038,ai,corroborated
OLD BRIDGE PARTNERS I LLC,,,,,,,,
OLD CITY INVESTMENT PARTNERS,"589 5th Avenue, PH",New York,NY,10017,40.7127281,-74.0060152,ai,grounded
OLD COURT GROUP,,NEW YORK,NY,10001,,,,
OLD REPUBLIC,"307 N Michigan Ave, Suite 2200",Chicago,IL,60601,41.8869824,-87.6246513,ai,uncorroborated
OLITSA ROTH MD,,,,,,,,
OLIVE BRANCH COMMUNICATIONS INC,,,,,,,,
OLIVE HILL INVESTMENT,,,,,,,,
OLIVER WYMAN,"1166 Avenue of the Americas, 25th Floor",New York,NY,10036,40.7568778,-73.9820036,ai,uncorroborated
OLLIES BARGAIN OUTLET,6295 Allentown Blvd,Harrisburg,PA,17112,40.323607,-76.7827918,ai,uncorroborated
OLMSTEAD PROPERTIES,,,,,,,,
OLS VENTURES,,,,,,,,
OLSHAN FROME WOLOSKY LLP,1325 Avenue of the Americas,New York,NY,10019,40.7627667,-73.9804049,ai,corroborated
OLSHAN PROPERTIES,,,,,,,,
OLYMPIC BOULEVARD ENTERPRISES,,,,,,,,
OLYMPIC STEEL.INC,2000 Olympic Blvd,Elyria,OH,44035,41.3673191,-82.1073583,ai,corroborated
OMEGA COMMUNICATIONS,,,,,,,,
OMEGA METALS,,,,,,,,
OMG,,,,,,,,
OMINET,"9420 Wilshire Boulevard, 4th Floor",Beverly Hills,CA,90212,34.0669688,-118.397684,ai,corroborated
OMNI NEW YORK LLC,7th Avenue at 51st Street (Omni New York Hotel is a property),New York,NY,10019,40.7127281,-74.0060152,ai,grounded
OMNI REMODELING,,,,,,,,
OMNI STEEL CO INC,500 Westover Dr,Berlin,CT,06037,41.621488,-72.7456519,ai,uncorroborated
OMNIA FAMILY WEALTH,"5443 Mission Center Road, Suite 200",San Diego,CA,92108,32.7738543,-117.1539711,ai,uncorroborated
OMNICOM GROUP,437 Madison Avenue,New York,NY,10022,40.7573564,-73.975377,manual,verified
OMNINET CAPITAL,"9595 Wilshire Blvd, Suite 700",Beverly Hills,CA,90212,34.0674722,-118.402611,manual,verified
ON A ROLL TRUCKING,,,,,,,,
ON DISABILITY,,,,,,,,
ON STAGE ENTERPRISES,,,,,,,,
ON TRACK,,,,,,,,
ONCOLOGY PHYSICIANS OF FLORIDA,"5925 Priestly Drive, Suite 100",Orlando,FL,32822,28.5421218,-81.379045,ai,corroborated
ONE MCKINNEY & EVANS LLP,1001 McKinney St Suite 900,Houston,TX,77002,29.756956,-95.364746,ai,uncorroborated
ONE OAK CAPITAL MANAGEMENT,,,,,,,,
ONE ONCOLOGY,"100 N Tampa St, Suite 3200",Tampa,FL,33602,27.9454769,-82.4582642,ai,corroborated
ONE STEP UP,1412 Broadway,New York,NY,10018,40.7537894,-73.9868326,ai,corroborated
ONE WORLD FINANCIAL SOLUTIONS,,,,,,,,
ONEDIGITAL,"2 West Biscayne Boulevard, Suite 1750",Miami,FL,33131,25.7741566,-80.1935973,ai,corroborated
ONEOAK CAPITAL,"560 Lexington Avenue, 15th Floor",New York,NY,10022,40.7568589,-73.972632,ai,grounded
ONEPOINT BFG WEALTH PARTNERS,,,,,,,,
ONRL TRUCKING,,,,,,,,
ONS,,,,,,,,
ONYX SEARCH PARTNERS,1700 Broadway Suite 1200,New York,NY,10019,40.7635349,-73.9823123,ai,corroborated
OODA-HEALTH,"100 Montgomery Street, Suite 2100",San Francisco,CA,94104,37.7903433,-122.4018704,ai,grounded
OPAL HOLDINGS LLC,,,,,,,,
OPC POLYMERS,1920 Leonard Ave,Columbus,OH,43219,39.986972,-82.9519048,ai,grounded
OPEN,,,,,,,,
OPEN INDUSTRIAL,"2 Bethesda Metro Center, Suite 500",Bethesda,MD,20814,38.9847744,-77.0957275,ai,grounded
OPEN WINDOW,,,,,,,,
OPENAI,3180 18th Street,San Francisco,CA,94110,37.762318,-122.4146794,ai,corroborated
OPENAP,"19 Union Square West, 7th Floor",New York,NY,10003,40.7360864,-73.9912277,ai,uncorroborated
OPENBET,350 N Orleans St,Chicago,IL,60654,41.8885434,-87.6378294,ai,grounded
OPENSTORE,2200 Mission St,San Francisco,CA,94110,37.7616133,-122.4197085,ai,uncorroborated
OPENTEXT,,,,,,,,
OPERA SINGER,,,,,,,,
OPHTHALMOLOGIST,,,,,,,,
OPHTHALMOLOGY ASSOCIATES OF QUEENS,133-05 118th Ave,Queens,NY,11420,40.6805669,-73.7899136,ai,corroborated
OPPENHEIMER,85 Broad Street,New York,NY,10004,40.704059,-74.011355,ai,corroborated
OPPENHEIMER CAPITAL,1330 Avenue of the Americas,New York,NY,10019,40.7619298,-73.9786675,ai,corroborated
OPRSYSTEMS INC,1000 N West St,Wilmington,DE,19801,39.7471805,-75.5500972,ai,uncorroborated
OPTIMAL CARE SERVICES,,,,,,,,
OPTIMUS PROPERTIES LLC,,,,,,,,
OPTIONS GROUP,299 Park Ave,New York,NY,10171,40.7560254,-73.9741826,ai,corroborated
OPTUM,11000 Optum Circle,Eden Prairie,MN,55344,44.8910281,-93.4167887,ai,grounded
OPTUM HEALTH,11000 Optum Cir,Eden Prairie,MN,55344,44.8910281,-93.4167887,ai,grounded
OPUM,,,,,,,,
OPUS VIRTUAL OFFICES,9701 Northcross Center Drive,Austin,TX,78717,30.4969628,-97.7733146,ai,uncorroborated
OPWDD,44 Holland Ave,Albany,NY,12229,42.6477671,-73.7741893,ai,corroborated
ORACLE,2300 Oracle Way,Austin,TX,78741,30.243505,-97.721831,ai,grounded
ORANGE CONSULTING,,,,,,,,
ORANGE DENTAL PARTNERS,1212 US Highway 1 Unit B,North Palm Beach,FL,33408,26.8078647,-80.0560693,ai,grounded
ORANGE PARK MEDICAL,,,,,,,,
ORBIS,"520 8th Avenue, 10th Floor",New York,NY,10018,40.7537655,-73.9920735,ai,uncorroborated
ORCA CAPITAL PARTNERS,"1221 Brickell Avenue, Suite 900",Miami,FL,33131,25.7612025,-80.1912637,ai,uncorroborated
ORCA SECURITY,"101 Federal Street, 19th Floor",Boston,MA,02110,42.354929,-71.0567125,ai,uncorroborated
ORCHARD PARK CENTRAL SCHOOLS,4040 Baker Road,Orchard Park,NY,14127,42.7734992,-78.7301831,ai,corroborated
ORCHARD PLATFORM,"1400 16th Street NW, Suite 700",Washington,DC,20036,38.9089875,-77.036939,ai,uncorroborated
ORCHARD YARN& THREAD COMPANY,47 Reinhardt Drive,Westford,MA,01886,42.5792583,-71.4378411,ai,uncorroborated
ORDERTECH,,,,,,,,
ORDORO,"815 Brazos St, Suite 900",Austin,TX,78701,30.2702434,-97.7402521,ai,grounded
OREGON JEWISH COMMUNITY FOUNDATION,"6670 SW Capitol Hwy, Suite 100",Portland,OR,97239,45.475986,-122.7049043,ai,corroborated
ORENTREICH MEDICAL GROUP,,,,,,,,
ORGANABIO,41072 Benicia Street,Fremont,CA,94538,37.4834545,-121.9326377,ai,uncorroborated
ORGANIZE MY PEOPLE INC,,,,,,,,
ORH,,,,,,,,
ORI HAMPEL MD PA,3230 Strawberry Rd,Pasadena,TX,77504,29.6626727,-95.1926858,ai,grounded
ORIGIN VENTURES,"549 W Randolph St, Suite 601",Chicago,IL,60661,41.8841798,-87.6417019,ai,grounded
ORION CANCER CARE,2100 W Loop S Suite 900,Houston,TX,77027,29.7457371,-95.4578847,ai,uncorroborated
ORION MEDICAL ENTERPRISES,,,,,,,,
ORLANDO HEALTH MEDICAL GROUP UROLOGY,1411 S Orange Ave,Orlando,FL,32806,28.5257306,-81.3763744,ai,corroborated
ORLINSKY,,,,,,,,
ORLO MANAGEMENT LLC,711 Gorman Ave,Laurel,MD,20707,39.1016535,-76.8566933,ai,grounded
ORO CAPITAL ADVISORS,"11766 Wilshire Blvd, Suite 325",Los Angeles,CA,90025,34.048063,-118.4619562,manual,verified
ORRICK,405 Howard Street,San Francisco,CA,94105,37.7886111,-122.3950735,ai,corroborated
ORSID REALTY CORP,"236 W 30th St, 6th Floor",New York,NY,10001,40.748997,-73.9942568,ai,corroborated
ORTHOCAROLINA,"2001 Vail Ave, Suite 200",Charlotte,NC,28207,35.209632,-80.8205588,ai,uncorroborated
ORTHODONTIC PARTNERS,4 Thomas McKean Lane,Newark,DE,19720,39.6828358,-75.7515682,ai,uncorroborated
ORTHODOX UNION,305 Seventh Avenue,New York,NY,10001,40.9138474,-73.8064848,ai,grounded
ORTHOFEET,"990 NW 159th Dr, Suite 101",Pembroke Pines,FL,33028,26.0061943,-80.2872086,ai,uncorroborated
ORTHOFIX,325 Corporate Drive,Lewisville,TX,75067,33.009768,-96.9983815,ai,corroborated
ORTHOMED,1201 Broad St,Bloomfield,NJ,07003,40.831848,-74.182377,ai,uncorroborated
ORTHOPAEDIC SURGEON,,,,,,,,
ORTHOPAEDIC SURGERY GROUP,,,,,,,,
ORTHOPEDIC ASSOCIATES OF CENTRAL JERSEY,1001 Amboy Ave,Edison,NJ,08837,40.534356,-74.33623,ai,corroborated
ORTHOPEDIC CARE,,,,,,,,
ORTHOPEDIC CARE CENTER,,,,,,,,
ORTHOPEDIC GROUP INCORPORATED,,,,,,,,
ORTHOPEDIC INSTITUTE OF NEW JERSEY,"420 E Ridgewood Ave, Suite 270",Ridgewood,NJ,07450,40.9777057,-74.1106488,ai,corroborated
ORTHOPEDIC ONE,"27500 Cedar Road, Suite 200",Beachwood,OH,44122,41.501133,-81.485171,ai,corroborated
ORTHOPEDIC SURGERY CENTER,,,,,,,,
ORVA,"88 Pine Street, Floor 26, Wall Street Plaza",New York,NY,10005,40.7056848,-74.0060818,ai,grounded
OS GROWTH PARTNERS,40 Worth St,New York,NY,10013,40.717095,-74.0067095,ai,uncorroborated
OSAWATOMIE SH,509 5th St,Osawatomie,KS,66064,38.4990709,-94.9487353,ai,grounded
OSCAR GLUCK FANCYSHAPE DIAM.CO,,,,,,,,
OSHER ENTERPRISES INC,,,,,,,,
OSHMAN FAMILY JCC,3921 Fabian Way,Palo Alto,CA,94303,37.4250186,-122.1042748,ai,corroborated
OSMIUM LLC,,NORTH MIAMI BEACH,FL,33162,,,,
OSPREY TRANSFORMATIVE DEVELOPMENT LLC,111 N Market St,Wilmington,DE,19801,39.7382853,-75.5526043,ai,uncorroborated
OSTFELD ARCHITECTURE PLLC,,,,,,,,
OSTRER & ASSOCIATES,,,,,,,,
OSTWALD LAW OFFICES,,,,,,,,
OSU,"15 East 15th Avenue, Fifth Floor (University Square South)",Columbus,OH,43201,39.9622601,-83.0007065,ai,grounded
OTGP,"400 Meadowmont Village Circle, Suite 421",Chapel Hill,NC,27517,35.9046535,-79.0115968,ai,grounded
OTOLARYNGOLOGY CONSULTANTS,,,,,,,,
OTOROWSKI MORROW & GOLDEN,,,,,,,,
OTT CONE & REDPATH PA,201 E 5th St,Cincinnati,OH,45202,39.1014378,-84.5092502,ai,uncorroborated
OURCROWD,"20 Jay St, Suite 315",Brooklyn,NY,11201,40.7040914,-73.9866937,ai,grounded
OUTDOOR PRODUCTS,3000 N 44th St,Phoenix,AZ,85018,33.4818878,-111.9870843,ai,uncorroborated
OUTERSTUFF,1412 Broadway,New York,NY,10018,40.7537894,-73.9868326,ai,grounded
OVATION TRAVEL GROUP,"6510 E. Greenway Parkway, Suite 320",Scottsdale,AZ,85254,33.6228392,-111.9264986,ai,uncorroborated
OVERDRIVE INC,,,,,,,,
OVERLAND OIL & GAS,9787 Katy Fwy,Houston,TX,77055,29.7837514,-95.5349246,ai,uncorroborated
OVERLINE,3300 Hillview Ave,Palo Alto,CA,94304,37.4068614,-122.1458082,ai,uncorroborated
OVERMOON,,,,,,,,
OVINTIV,"370 17th Street, Suite 1700",Denver,CO,80202,39.7434959,-104.9886472,ai,corroborated
OVIVA THERAPEUTICS,"289 St. George St., Suite 209",Duxbury,MA,02332,42.048759,-70.6871348,ai,grounded
OVRDRV,,,,,,,,
OWEN STEEL COMPANY,727 Mauney Drive,Columbia,SC,29201,34.000754,-81.0352313,ai,grounded
OWL CREEK ASSET MANAGEMENT,"590 Madison Ave, 15th Floor",New York,NY,10022,40.7621575,-73.9730331,ai,corroborated
OXBOMB,,,,,,,,
OXFORD HARRIMAN,,,,,,,,
P HOLDING COT,,,,,,,,
P&R FASTENERS,325 Pierce Street,Somerset,NJ,08873,40.5362263,-74.5422884,ai,grounded
P. D. C. BANK,,,,,,,,
PA MANAGEMENT & MAINT,,,,,,,,
PACE UNIVERSITY,1 Pace Plaza,New York,NY,10038,40.7111164,-74.0048044,ai,corroborated
"PACHULSKI, STANG, ZIEHL & JONES","10100 Santa Monica Blvd., 13th Floor",Los Angeles,CA,90067,34.062702,-118.415864,ai,corroborated
PACIFIC ARTHRITIS,,,,,,,,
PACIFIC ASSET,840 Newport Center Dr,Newport Beach,CA,92660,33.6183151,-117.8794555,ai,grounded
PACIFIC BEADS,,,,,,,,
PACIFIC CAPITAL GROUP,"1999 Avenue of the Stars, Suite 1100",Los Angeles,CA,90067,34.058647,-118.4166661,ai,corroborated
PACIFIC COAST COMPUTER,"1380 El Camino Real, Suite 200",San Bruno,CA,94066,37.6313938,-122.4181084,ai,uncorroborated
PACIFIC COAST VISIONS,"9141 Irvine Center Dr, Suite 200",Irvine,CA,92618,33.6367426,-117.7397227,ai,corroborated
PACIFIC DENTAL ASSOCIATES,17000 Red Hill Ave,Irvine,CA,92614,33.699929,-117.848747,manual,verified
PACIFIC GLOBAL INSURANCE BROKERS,,,,,,,,
PACIFIC MERCHANDISING,,,,,,,,
PACIFIC PALLISADES,,,,,,,,
PACIFIC RETAIL CAPITAL PARTNERS,"10880 Wilshire Blvd, Suite 900",Los Angeles,CA,90024,34.058617,-118.4432767,ai,corroborated
PACIFIC URBAN INVESTORS,"601 S Figueroa St, 46th Floor",Los Angeles,CA,90017,34.0507779,-118.2593021,ai,corroborated
PACIFICA,"5400 Bolsa Ave, Suite 201",Huntington Beach,CA,92649,33.7442615,-118.034832,ai,corroborated
PACKAGING CONCEPTS,,,,,,,,
PACKMAN,,,,,,,,
PACKMAN ET AL,,,,,,,,
PACVENTURES,,,,,,,,
PAD CO,,,,,,,,
PAEDRIN AND KINGSLEY GILLETT,,,,,,,,
PAGE CONSULTING SERVICES INC,,,,,,,,
PAGE FOUR MEDIA,,Sunapee,NH,03782,,,,
PAGNY,"420 Lexington Ave, Suite 1750",New York,NY,10170,40.7524677,-73.9757799,ai,grounded
PALADIN MANAGEMENT,,,,,,,,
PALANTIR,"19505 Biscayne Blvd, Suite 2350",Aventura,FL,33180,25.9554773,-80.143019,ai,grounded
PALANTIR TECHNOLOGIES,"100 Hamilton Ave, 8th Floor",Palo Alto,CA,94301,37.4426058,-122.1620996,ai,corroborated
PALESTRA CAPITAL MANAGEMENT,,,,,,,,
PALI ENTERTAINMENT,30778 Hwy 18,Running Springs,CA,92382,34.222797,-117.13142,manual,verified
PALI MOUNTAIN,3933 Thacker Ave,Agoura Hills,CA,91301,34.1481692,-118.7655456,ai,corroborated
PALISADES,,,,,,,,
PALLADIO BEAUTY GROUP,3912 Pembroke Road,Hollywood,FL,33021,25.9955832,-80.1851922,ai,grounded
PALLADIUM CAPITAL,,,,,,,,
PALM BEACH COUNTY,301 N Olive Ave,West Palm Beach,FL,33401,26.71536,-80.051932,ai,corroborated
PALM BEACH FOOT AND ANKLE,,,,,,,,
PALM BEACH STATE COLLEGE,4200 Congress Ave,Lake Worth,FL,33461,26.615891,-80.0691435,ai,corroborated
PALMER KENT ASSOCIATES INC,,,,,,,,
PALMER PERLSTEIN,,,,,,,,
PALMERHOUSE,17 E Monroe St,Chicago,IL,60603,41.8803325,-87.6269504,ai,uncorroborated
PALMETTO HEALTH,2000 Hampton St,Columbia,SC,29204,34.0089925,-81.0218057,ai,corroborated
PALO ALTO NETWORKS,"3000 Tannery Way, Santa Clara",Santa Clara,CA,95054,37.384176,-121.979634,ai,grounded
PAM,,,,,,,,
PAMF,1100 Bellerive Dr,San Mateo,CA,94402,37.5629997,-122.3253265,ai,corroborated
PAN AM EQUITIES,"18 East 50th Street, 3rd Floor",New York,NY,10022,40.7577749,-73.9751662,ai,grounded
PANDORA,350 Fifth Avenue,New York,NY,10118,40.9161016,-73.8071811,ai,uncorroborated
PANOPTO,"4720 Creekside Dr, Suite 200",Pittsburgh,PA,15227,40.4406968,-80.0025666,ai,grounded
PANOR CORP,,Great Neck,NY,11021,,,,
PANTERA,"44 Montgomery St, Suite 1210",San Francisco,CA,94104,37.7896307,-122.4018876,ai,grounded
PANTHEON SYSTEMS,,,,,,,,
PANTRY FILMS LLC,,,,,,,,
PAPERCLIP INC,,,,,,,,
PARAGON,,,,,,,,
PARAGON AFFILIATES,1 Paragon Dr Ste 145,Montvale,NJ,07645,41.0578306,-74.0573277,ai,uncorroborated
PARAGON AFFILLIATES,,,,,,,,
PARAGON BANK,6 E Main St,Mechanicsburg,PA,17055,40.2132744,-77.0077422,ai,uncorroborated
PARAGON BIOSCIENCES,"330 N Wabash Avenue, Suite 3500",Chicago,IL,60611,41.8886592,-87.627596,ai,grounded
PARAGON BUILDING PRODUCTS,6660 N I 75 Service Dr,Fort Myers,FL,33917,26.640628,-81.8723084,ai,uncorroborated
PARAGON CAPIRAL,,,,,,,,
PARAGON CAPITAL MANAGEMENT,"60 Cutter Mill Rd, Ste 101",Great Neck,NY,11021,40.781289,-73.734026,ai,uncorroborated
PARAGON PROPERTIES CO,,,,,,,,
PARAGON STRATEGIC INSIGHTS,,,,,,,,
PARALLEL ACQUISITIONS INC,,,,,,,,
PARAMOUNT,"Paramount Global, 1515 Broadway",New York,NY,10036,40.7127281,-74.0060152,ai,uncorroborated
PARAMOUNT CONSULTING GROUP,,,,,,,,
PARAMOUNT GLOBAL,1515 Broadway,New York,NY,10036,40.7579139,-73.9864456,ai,grounded
PARAMOUNT PICTURES,5555 Melrose Avenue,Los Angeles,CA,90038,34.083419,-118.3212771,ai,grounded
PARAMOUNT REALTY,,,,,,,,
PARDES,60 E 56th St,New York,NY,10022,40.7611069,-73.9723297,ai,corroborated
PARDES INSTITUTE,36 Little Russell St,New York,NY,10003,40.7127281,-74.0060152,ai,corroborated
PARDES INSTITUTE OF JEWISH STUDIES,"275 Madison Ave, Suite 1500",New York,NY,10016,40.7513069,-73.9801895,ai,uncorroborated
PARDES JEWISH DAY SCHOOL,330 Pine Hollow Rd,Hastings-on-Hudson,NY,10706,40.9946622,-73.8785922,ai,uncorroborated
PARDO JACKSON,,,,,,,,
PARENTMAP,,,,,,,,
PARISAN'S,,,,,,,,
"PARK ANIMAL HOSPITAL, SF, CA",1207 Fulton Street,San Francisco,CA,94117,37.7769568,-122.4367246,ai,corroborated
PARK AVE PHYSICIAN,795 Lexington Ave,New York,NY,10065,40.7637592,-73.9667396,ai,uncorroborated
PARK HILL,"280 Park Avenue, 15th Floor",New York,NY,10017,40.7564853,-73.975049,ai,grounded
PARK NICOLLET,3800 Park Nicollet Blvd,Saint Louis Park,MN,55416,44.9336641,-93.3457694,ai,corroborated
PARK ROW EQUITY PARTNERS,300 Park Ave,New York,NY,10022,40.7570541,-73.9747565,ai,corroborated
PARK SLOPE ANESTHESIA ASSOCIATES,"300 7th Ave, Ste 15A",Brooklyn,NY,11215,40.6679702,-73.9809713,ai,uncorroborated
PARK SYNAGOUGE,,,,,,,,
PARKER DANIELS KIBORT,"800 LaSalle Avenue, Suite 2700",Minneapolis,MN,55402,44.9763949,-93.2751032,ai,corroborated
PARKER POE ADAMS & BERNSTEIN,"401 S Tryon St, Suite 3000",Charlotte,NC,28202,35.2242827,-80.8461704,ai,corroborated
PARKER STEEL,4239 Monroe St,Toledo,OH,43606,41.6824162,-83.6079052,ai,corroborated
"PARKER, HUDSON, RAINER & DONNA LLP","285 Peachtree Center Ave NE, Suite 1500",Atlanta,GA,30303,33.7620156,-84.3856151,ai,corroborated
PARKVIEW CAPITAL PARTNERS,160 Pearl Street,New York,NY,10005,40.7057386,-74.0075088,ai,grounded
PARKWAY CORPORATION,150 North Broad Street,Philadelphia,PA,19102,39.9561827,-75.1630275,ai,grounded
PARKWAY WHOLESALE,,,,,,,,
PARRAGON,10 Tower Lane,Irvine,CA,92618,33.6856969,-117.825981,ai,uncorroborated
PARRITZLAW PLLC,,,,,,,,
PARSONS SCHOOL OF DESIGN,2 West 13th Street,New York,NY,10011,40.7354064,-73.9944521,ai,corroborated
"PARSONS, LEE & JULIANO PC",,,,,,,,
PARTNERS HEALTH CARE,399 Revolution Drive,Somerville,MA,02145,42.3915309,-71.0788755,ai,corroborated
PARTNERSHIPS,,,,,,,,
PAS,,,,,,,,
PASCACK DENTAL ARTS,140 Washington Ave,Hillsdale,NJ,07642,41.001288,-74.02927,ai,corroborated
PASCACK VALLEY REGIONAL HIGH SCHOOL BOARD,225 West Grand Avenue,Montvale,NJ,07645,41.0424317,-74.0360748,manual,verified
PASCHAL ROTH PUBLIC AFFAIRS,"2710 X Street, 2nd Floor",Sacramento,CA,95818,38.558618,-121.4769711,ai,grounded
PASHMAN STEIN WALDER HAYDEN,17 Judge S. Gilbert St,Newark,NJ,07102,40.735657,-74.1723667,ai,corroborated
PASSION GROWERS,7499 NW 31 Street,Miami,FL,33122,25.7741566,-80.1935973,manual,verified
PAT'S CATERING,,,,,,,,
PATANE GUMBERG AVILA LLP,555 West Fifth Street,Los Angeles,CA,90013,34.0536909,-118.242766,ai,corroborated
PATHFINDER PARTNERS,12860 El Camino Real,San Diego,CA,92130,32.9512074,-117.2343579,ai,corroborated
PATHLIGHT ADVISORS,"250 Park Avenue South, 5th Floor",New York,NY,10003,40.7382829,-73.9880343,ai,uncorroborated
PATHOLOGY ASSOCIATES,,,,,,,,
PATIENT RESULTS NETWORK,,,,,,,,
PATIENT SQUARE CAPITAL,"482 Lexington Ave, 18th Floor",New York,NY,10017,40.7537529,-73.9744897,ai,uncorroborated
PATIENTPOINT LLC,"1000 Alderman Drive, Suite 300",Nashville,TN,37210,36.1622767,-86.7742984,ai,uncorroborated
PATRICK B. JENKINS & ASSOCIATES,,,,,,,,
PATRIOT AUTO GROUP,769 Portland Road,Saco,ME,04072,43.5272292,-70.4260099,ai,grounded
PATRIOT GROWTH INSURANCE SERVICES,,,,,,,,
PATRIOT SUBARU,769 Portland Rd,Saco,ME,04072,43.5272292,-70.4260099,ai,grounded
PATRON CAPITAL MANAGEMENT,"45 W 36th St, 11th Floor",New York,NY,10018,40.7506544,-73.9855763,ai,corroborated
PATTERSON BELKNAP WEBB & TYLER,1133 Avenue of the Americas,New York,NY,10036,40.7557898,-73.9836408,ai,corroborated
PATTERSON BRAY PLLC,,,,,,,,
PATTISHALL MCAULIFFE,"200 S Wacker Drive, Suite 2900",Chicago,IL,60606,41.8789393,-87.6373533,ai,corroborated
PAUL HASTINGS LLP,"515 South Flower Street, 25th Floor",Los Angeles,CA,90071,34.0514541,-118.2570607,ai,grounded
"PAUL J KULBERSH, DMD",,,,,,,,
"PAUL MICHAEL BLOCK, MD",,,,,,,,
"PAUL P TASHMAN, TRUSTEE",,,,,,,,
PAUL WEISS,1285 Avenue of the Americas,New York,NY,10019,40.7611591,-73.9805686,ai,corroborated
PAULSON & CO,200 West Street,New York,NY,10282,40.7147237,-74.0144315,ai,corroborated
PAY IT SAFE LLC,,,,,,,,
PAYCHEX,"Paychex Corporate Center, 911 Panorama Trail S",Rochester,NY,14625,43.157285,-77.615214,ai,uncorroborated
PAYJOY,"26 South Park, Suite 300",San Francisco,CA,94107,37.7823806,-122.3930854,ai,grounded
PAYPAL,2211 N. First Street,San Jose,CA,95131,37.3768714,-121.9228061,ai,corroborated
PAYROLL COMPANY,,,,,,,,
PAZ MANAGEMENT INC,,,,,,,,
PAZIEN,,,,,,,,
PBS&J,15 Riverside Parkway NE,Atlanta,GA,30328,33.7544657,-84.3898151,ai,uncorroborated
PCDM,,,,,,,,
PCF INSURANCE SERVICES (TOTAL INSURANCE),,,,,,,,
PCI,,,,,,,,
PCS WIRELESS,11 Vreeland Road,Florham Park,NJ,07932,40.7945489,-74.3754388,ai,grounded
PDI,"3040 Post Oak Blvd, Suite 1100",Houston,TX,77056,29.7349343,-95.4628278,ai,corroborated
PDIQ,,,,,,,,
PEACHTREE PARTNERS,"1819 E Morten Ave, Ste 180",Phoenix,AZ,85020,33.5474209,-112.0512181,ai,grounded
PEAPACK PRIVATE,"1 Meadowlands Plaza, Suite 100",East Rutherford,NJ,07073,40.8060951,-74.0778228,ai,grounded
PEASE BELL CPAS,125 High St,Portsmouth,NH,03801,43.0786142,-70.7594261,ai,uncorroborated
PEBB ENTERPRISES,,,,,,,,
PECK FINANCIAL,,,,,,,,
PEDIATRIC AFFILIATES,,,,,,,,
PEDIATRIC NEUROLOGY,,,,,,,,
PEDIATRIC OPHTHALMOLOGY PC,,,,,,,,
PEDIATRIC PHYSICIAN SERVICES,,,,,,,,
PEDIATRIC SPECIALISTS OF PLANO,"6201 W Parker Rd, Suite 300",Plano,TX,75093,33.045395,-96.834924,ai,corroborated
PEDIATRICS OF SW HOUSTON,"16648 Southwest Fwy, Suite 200",Sugar Land,TX,77479,29.5873599,-95.6375037,ai,corroborated
PEDIATRIX,"10201 Centurion Pkwy S, Suite 100",Jacksonville,FL,32256,30.3262247,-81.6579179,ai,corroborated
PEER GROUP TOOLS,,,,,,,,
PEETS,"75 Park Plaza, Suite 1110",Boston,MA,02116,42.3514647,-71.0699265,ai,uncorroborated
PEGASUS INVESTMENTS,"1901 Avenue of the Stars, Suite 630",Los Angeles,CA,90067,34.0597332,-118.4178815,ai,grounded
PEMBROKE COMPANIES,"1750 Tysons Boulevard, Suite 1450",Tysons,VA,22102,38.9239643,-77.2228226,ai,uncorroborated
PEMBROKE CONSULTING INC,"1515 Market Street, Suite 1660",Philadelphia,PA,19102,39.9529802,-75.1661525,manual,verified
PENGUIN FROZEN FOODS,6500 NW 18th St,Miami,FL,33126,25.7899766,-80.2671882,ai,uncorroborated
PENINSULA JCC,101 N San Pedro Rd,Burlingame,CA,94010,37.5780965,-122.3473099,ai,corroborated
PENMARK INDUSTRIES,,,,,,,,
PENN STATE SBDC,"201 Innovation Blvd, Suite 110",State College,PA,16803,40.7944504,-77.8616386,ai,corroborated
PENN STATE UNIVERSITY,201 Old Main,University Park,PA,16802,40.7969435,-77.8634449,ai,corroborated
PENNANT HOUSING GROUP,"1900 M Street NW, 3rd Floor",Washington,DC,20036,38.9053787,-77.043916,manual,verified
PENNANTPARK INVESTMENT CORPORATION,"1691 Michigan Avenue, Suite 500",Miami Beach,FL,33139,25.7914777,-80.1386764,manual,verified
PENNINGTON PARTNERS,,,,,,,,
PENOSCOT,1 Canal Plaza,Portland,ME,04101,43.6566959,-70.2551329,ai,uncorroborated
PENSAM CAPITAL,"701 Brickell Avenue, Suite 3600",Miami,FL,33131,25.7668864,-80.1887499,ai,corroborated
PENSION POLICY CENTER,"1200 18th Street NW, Suite 1000",Washington,DC,20036,38.9058515,-77.0421211,ai,corroborated
PENTACO MANAGEMENT,,,,,,,,
PENZANCE,"162 West 56th Street, 8th Floor",New York,NY,10019,40.764556,-73.9803228,ai,uncorroborated
PEO,,,,,,,,
PEPOSE VISION INSTITUTE,1815 Clarkson Road,Chesterfield,MO,63017,38.6383912,-90.5709654,ai,grounded
PEPPERDINE,24255 Pacific Coast Highway,Malibu,CA,90263,34.0385744,-118.7070564,ai,corroborated
PEPSICO,700 Anderson Hill Road,Purchase,NY,10577,41.0348634,-73.6928308,ai,corroborated
PERATON,"12901 Worldgate Drive, Suite 600",Herndon,VA,20170,38.9556454,-77.3978952,ai,grounded
PERENNIAL PROPERTIES,"1777 Peachtree Street, Suite 200",Atlanta,GA,30309,33.8028686,-84.3927764,manual,verified
PERFECT FOODS,1020 S Yale St,Anaheim,CA,92805,33.8347516,-117.911732,ai,uncorroborated
PERFECTION AUTOMOTIVE INC,,,,,,,,
PERFORMANCE CONTRACTORS INC,,,,,,,,
PERFORMANCE ONE MEDIA,"1 Broadway, 14th Floor",Cambridge,MA,02142,42.3628031,-71.0834809,ai,uncorroborated
PERGAMENT REALTY MANAGEMENT LLC,2851 44th Street,Brooklyn,NY,11224,40.6360078,-73.9861931,ai,corroborated
PERKINS COIE,"1201 Third Avenue, Suite 4800",Seattle,WA,98101,47.6071707,-122.3360996,ai,corroborated
PERL & GOODSNYDER LTD,,,,,,,,
PERL-MACK ENTERPRISES,,,,,,,,
PERLMAN MUSIC PROGRAM,,,,,,,,
PERLOW INVESTMENT CORPORATION,,,,,,,,
PERMANENTE,280 W MacArthur Blvd,Oakland,CA,94611,37.8239499,-122.2579448,ai,corroborated
PERMANENTE MEDICAL,1 Kaiser Plaza,Oakland,CA,94612,37.8044557,-122.271356,ai,corroborated
PERMIRA,"150 North Riverside Plaza, Suite 2150",Chicago,IL,60606,41.8825427,-87.638745,ai,uncorroborated
PERONA LANGER BECK & LALLANDER,"One Penn Plaza, Suite 5601",New York,NY,10119,40.7510985,-73.9919723,ai,uncorroborated
PERRY ELLIS INTERNATIONAL,1501 Mercer Avenue,Daytona Beach,FL,32117,29.2108147,-81.0228331,ai,corroborated
PERRY HOMES,"15001 Southwest Freeway, Suite 500",Sugar Land,TX,77478,29.6085497,-95.6129609,ai,corroborated
PERSHING SQUARE CAPITAL MANAGEMENT,"280 Park Avenue, 37th Floor",New York,NY,10017,40.7564853,-73.975049,ai,corroborated
PERSONAL ASSET STRATEGIES INC,,,,,,,,
PERSONAL MINI STORAGE,,,,,,,,
PERSONAL TOUCH,,,,,,,,
PERSONAL TRAINER,,,,,,,,
PERSPECTIVE CAPITAL LLC,"200 Clarendon Street, 52nd Floor",Boston,MA,02116,42.3491677,-71.075124,ai,uncorroborated
PESSAH LAW GROUP PC,"1150 South Olive Street, Suite 1155",Los Angeles,CA,90015,34.0393986,-118.2610968,ai,corroborated
PEST FORCE,,,,,,,,
PET INDULGENCE,,,,,,,,
PETER & ASSOCIATES,,,,,,,,
PETER G LOEWENSTEIN,,,,,,,,
PETER JASKOWIAK,,,,,,,,
PETER LEVITAN & CO,2 Oliver Street,Boston,MA,02109,42.3572063,-71.0545494,ai,uncorroborated
PETER ROSENBERG & PARTNERS,,,,,,,,
PETERSON MANAGEMENT,,,,,,,,
PETERSON WAMPOLD,,,,,,,,
PETFINDER FOUNDATION,"18 Junction Square Drive, Suite 300",Burlington,MA,01803,42.5048167,-71.1956111,ai,uncorroborated
PETITE ACRES,,,,,,,,
PFA,,,,,,,,
PFP,,,,,,,,
PG GENATT,1000 Cross Bay Boulevard,Broad Channel,NY,11693,40.598113,-73.8207507,ai,corroborated
PGCPS,14201 School Lane,Upper Marlboro,MD,20772,38.8151141,-76.7588579,ai,corroborated
PGP,,,,,,,,
PHARMACY BENEFIT CONSULTANTS,7 Arborview Way,Morristown,NJ,07960,40.7380088,-74.546893,ai,grounded
PHARMSCRIPT,"12110 Sunset Hills Road, Suite 130",Reston,VA,20190,38.9553946,-77.3643956,ai,uncorroborated
PHATHOM PHARMA,"100 Campus Drive, Suite 102",Florham Park,NJ,07932,40.783258,-74.43018,ai,grounded
PHATHOM PHARMACEUTICALS/E SCHWARTZ,"2150 S Price Road, Suite 100",Chandler,AZ,85286,33.2738188,-111.8892367,ai,uncorroborated
PHCA,,,,,,,,
PHIL BRO,,,,,,,,
PHILADELPHIA HOUSING AUTHORITY,2012 Hamilton Street,Philadelphia,PA,19130,39.9622197,-75.1716354,ai,corroborated
PHILIP KAUFLER LAW OFFICES,"100 South 5th St, Suite 1900",Minneapolis,MN,55402,44.9784227,-93.2686953,ai,uncorroborated
PHILIPS,3000 Minuteman Road,Andover,MA,01810,42.69281,-71.21554,ai,grounded
PHILLIPS TADROS PA,,,,,,,,
PHILSON,,,,,,,,
PHM,,,,,,,,
PHOENICIAN MEDICAL CENTER,501 E Thomas Rd,Phoenix,AZ,85012,33.4797895,-112.0670369,ai,corroborated
PHOENIX PHARMACEUTICAL GROUP,,,,,,,,
PHOENIX SPINE AND JOINT,"2525 E Arizona Biltmore Circle, Building D, Suite 142",Phoenix,AZ,85016,33.4667444,-112.072103,ai,grounded
PHONETERNET,3410 Midcourt Rd Ste 119,Carrollton,TX,75006,32.9636234,-96.8414649,ai,grounded
PHOTOGRAPHER,,,,,,,,
PHYLLIS MORRIS,,,,,,,,
PHYSICAL MEDICINE & REHABILITATION,,,,,,,,
PHYSICIAN AFFILIATE GROUP OF NEW YORK,"1000 Northern Boulevard, Suite 200",Great Neck,NY,11021,40.7847946,-73.7085007,ai,corroborated
PHYSICIANS DIALYSIS,"1000 Park Centre Blvd, Ste 134",Miami,FL,33169,25.928756,-80.2188689,ai,grounded
PIANKO LAW,"10 Rockefeller Plaza, Suite 1406",New York,NY,10020,40.757976,-73.9794142,ai,uncorroborated
PIANO SOFTWARE,200 Granby St,Norfolk,VA,23510,36.8486059,-76.2906366,ai,uncorroborated
PICO PROPERTIES,"10100 Santa Monica Boulevard, Suite 3000",Los Angeles,CA,90067,34.062702,-118.415864,ai,corroborated
PICOA,,,,,,,,
PICTION HEALTH,"225 Franklin St, 26th Floor",Boston,MA,02110,42.356128,-71.0539472,ai,corroborated
PIEDMONT HEALTHCARE,"One Piedmont Center, 3525 Piedmont Road NE, Building 6",Atlanta,GA,30305,33.7544657,-84.3898151,ai,corroborated
PIEDMONT UNIFIED SCHOOL DISTRICT,760 Magnolia Avenue,Piedmont,CA,94611,37.822789,-122.2338825,ai,corroborated
PIER 18 DEVELOPMENTS,Pier 17 / One Battery Park Plaza,New York,NY,10004,40.7127281,-74.0060152,ai,uncorroborated
PIERPOINT,,New York,NY,10005,,,,
PIERRE F SKINCARE,,,,,,,,
PIERRE FREEMAN'S PROBIOTIC SKIN CARE,,,,,,,,
PILLSBURY WINTHROP,31 West 52nd Street,New York,NY,10019,40.7608799,-73.9780399,ai,uncorroborated
PILLSBURY WINTHROP SHAW PITTMAN,1540 Broadway,New York,NY,10036,40.758032,-73.984832,ai,uncorroborated
PILZER BROS,1414 Dean St,Brooklyn,NY,11216,40.6763852,-73.9423918,ai,corroborated
PIM,,,,,,,,
PIMA COUNTY,130 W Congress St,Tucson,AZ,85701,32.2216417,-110.9740491,ai,corroborated
PIMCO,1 New York Plaza,New York,NY,10004,40.7508733,-73.9923032,ai,corroborated
PINKHASOV & ASSOCIATES PLLC,,,,,,,,
PINNACLE,"1 Penn Plaza, Suite 4000",New York,NY,10119,40.7510985,-73.9919723,ai,grounded
PINNACLE CAPITAL MANAGEMENT,"3600 Gaylord Parkway, Suite 200",Frisco,TX,75034,33.1019692,-96.8249236,ai,uncorroborated
PINNACLE COMMUNITIES,"9100 S. Dadeland Blvd, Suite 700",Miami,FL,33156,25.6851049,-80.3146034,ai,grounded
PINNACLE HOODS,,,,,,,,
PINTEREST,651 Brannan St,San Francisco,CA,94107,37.7757081,-122.3996961,ai,corroborated
PIONEER,,,,,,,,
PIONEER NATURAL RESOURCES COMPANY,5205 N O'Connor Boulevard,Irving,TX,75039,32.8697645,-96.9394928,manual,verified
PIONEER SECURITY SERVICES INC,991 Lomas Santa Fe Drive Suite C415,Solana Beach,CA,92075,32.9954524,-117.2519436,ai,grounded
PIPELINE REALTY,,,,,,,,
PIRINATE CONSULTING GROUP,,,,,,,,
PISMO BEACH ATHLETIC CLUB,861 Mattie Rd,Pismo Beach,CA,93449,35.1505501,-120.6546814,ai,corroborated
PISON TECHNOLOGY,,,,,,,,
PITCO FOODS,670 N Commercial St,Newberg,OR,97132,45.300347,-122.972751,ai,uncorroborated
PITTSBURGH PUBLIC SCHOOLS,341 S Bellefield Avenue,Pittsburgh,PA,15213,40.4445898,-79.9508107,ai,corroborated
PIVO INC,,,,,,,,
PIVOT POINT CAPITAL,"600 Madison Ave, 11th Floor",New York,NY,10022,40.7629242,-73.9724077,ai,uncorroborated
PIVOTSP,,,,,,,,
PJ DICK,"1000 Sterling Pkwy, Suite 200",Moon Township,PA,15108,40.4937372,-80.2002864,ai,uncorroborated
PJCC,,,,,,,,
PJT CAMBERVIEW,280 Park Ave,New York,NY,10017,40.7564853,-73.975049,ai,uncorroborated
PJT PARTNERS,280 Park Ave,New York,NY,10017,40.7564853,-73.975049,ai,corroborated
PKF O'CONNOR DAVIES LLP,"2 Park Plaza, Suite 900",Irvine,CA,92614,33.6794312,-117.838271,ai,uncorroborated
PKFOD,,,,,,,,
PLANNED ENERGY PARTNERS,"2201 N Lamar Blvd, Suite 200",Austin,TX,78756,30.2859498,-97.7528354,ai,corroborated
PLANNING ALLIANCE,4040 Sorrento Valley Blvd Suite 200,San Diego,CA,92121,32.9034867,-117.2197814,ai,uncorroborated
PLANNING CONSULTANT,,,,,,,,
PLANO PLASTIC SURGERY,"5400 W Parker Rd, Suite 430",Plano,TX,75093,33.0422042,-96.7934987,ai,corroborated
PLANT OPERATOR,,,,,,,,
PLANTE MORAN,"10 S Riverside Plaza, Suite 1800",Chicago,IL,60606,41.8810905,-87.639091,ai,uncorroborated
PLANTGISTIX,15105 NW Greenbrier Pkwy Suite 105,Beaverton,OR,97006,45.5261914,-122.8396246,ai,uncorroborated
PLASTIC PACKAGING,,,,,,,,
PLASTIC SURGERY GROUP,,,,,,,,
PLASTIC SURGERY GROUP OF MEMPHIS,1165 Union Ave,Memphis,TN,38104,35.1373322,-90.0224258,ai,corroborated
PLATAFORMA GROUP,,,,,,,,
PLATFORM MANAGEMENT GROUP,,,,,,,,
PLATINUM COMMERCE,,,,,,,,
PLATINUM DERMATOLOGY,"9900 N. Central Expressway, Suite 500",Dallas,TX,75231,32.88314,-96.769122,ai,grounded
PLATINUM EQUITY,"360 N. Crescent Drive, Suite 200",Beverly Hills,CA,90210,34.0708028,-118.3992352,ai,grounded
PLATINUM HC,,,,,,,,
PLATINUM MILE,,,,,,,,
PLAY TO ACHIEVE,,,,,,,,
PLAYHOUSE SQ.REAL ESTATE SERVICES,"1501 Euclid Ave, Suite 200",Cleveland,OH,44115,41.5014856,-81.6815074,ai,corroborated
PLAYON! SPORTS,"2990 Brandywine Rd, Suite 300",Atlanta,GA,30341,33.7544657,-84.3898151,ai,grounded
PLEXI,,,,,,,,
PLS FINANCIAL SERVICES,"1 S Wacker Drive, 36th Floor",Chicago,IL,60606,41.8815863,-87.636141,ai,grounded
PLS GROUP,300 N Elizabeth St,Chicago,IL,60607,41.8868713,-87.6594412,ai,corroborated
PLYMOUTH BEEF,,,,,,,,
PLYMOUTH GROUP,,,,,,,,
PM PEDIATRIC CARE,,,,,,,,
PM PEDIATRICS,,,,,,,,
PM SEGAL & CO,"100 Jericho Quadrangle, Suite 200",Jericho,NY,11753,40.7920441,-73.5398476,ai,uncorroborated
PMB,,,,,,,,
PMG,,,,,,,,
PML,,,,,,,,
PMP,,,,,,,,
PNC,"One PNC Plaza, 249 Fifth Avenue",Pittsburgh,PA,15222,40.4412126,-80.0004438,ai,uncorroborated
PNC ARENA,1400 Edwards Mill Rd,Raleigh,NC,27607,35.803398,-78.7219166,ai,corroborated
POB SCHOOLS,,,,,,,,
POCKER FRAMING,,,,,,,,
POGODA MANAGEMENT CO,,,,,,,,
POH,,,,,,,,
POINT ENERGY SOLUTIONS,"175 Strafford Avenue, Suite 1",Wayne,PA,19087,40.0457151,-75.3984746,ai,corroborated
POKERGO,6365 Montessouri Street,Las Vegas,NV,89113,36.1404295,-115.2474218,ai,grounded
POLACHECKS JEWELERS,,,,,,,,
POLAR GRAPHICS U.S.A,700 S Service Rd,Chesterton,IN,46304,41.6107243,-87.0522661,ai,uncorroborated
POLAR OPERATIONS,,,,,,,,
POLARIS HEALTH CARE SERVICES,7399 East 88th Street,Indianapolis,IN,46256,39.9161425,-86.029985,ai,uncorroborated
POLARIS REAL ESTATE PARTNERS,1388 Sutter Street #1220,San Francisco,CA,94109,37.7874671,-122.4230534,ai,grounded
POLITICAL BRANDING ASSOCIATES,"6600 College Boulevard, Suite 310",Overland Park,KS,66211,38.9275785,-94.6615162,ai,corroborated
POLSINELLI,"900 W. 48th Place, Suite 900",Kansas City,MO,64112,39.0401487,-94.5980394,ai,grounded
POMEGRANATE,527 Lagonda Ave,Lexington,KY,40505,38.0383549,-84.4683573,ai,uncorroborated
POMERANTZ LLP,"600 Third Avenue, 20th Floor",New York,NY,10016,40.7493233,-73.9758905,ai,corroborated
POMEROY LIVING,5480 Corporate Dr,Troy,MI,48098,42.5985597,-83.1695551,ai,grounded
POOLS OF PERFECTION,,,,,,,,
POPLAR REALTY INVESTMENTS,500 W 2nd St,Clarksburg,WV,26301,39.2806451,-80.3445341,ai,uncorroborated
POPPACK LLC,"301 Junipero Serra Blvd, Suite 220",San Francisco,CA,94127,37.7304451,-122.4713953,ai,grounded
PORKY PRODUCTS,,,,,,,,
PORTAGE ADVISORS,"300 North LaSalle, Suite 1420",Chicago,IL,60654,41.8882337,-87.6331516,manual,verified
PORTAGE PARTNERS,"10 East 53rd Street, 18th Floor",New York,NY,10022,40.7597879,-73.9752965,ai,grounded
PORTAGE POINT PARTNERS,"300 N LaSalle Dr, Suite 1420",Chicago,IL,60654,41.8883781,-87.6327515,ai,grounded
PORTAGE TECHNOLOGIES,"10 East 53rd Street, 18th Floor",New York,NY,10022,40.7597879,-73.9752965,ai,grounded
PORTER WRIGHT,41 S High St Suite 2600,Columbus,OH,43215,39.9611747,-83.0010939,ai,uncorroborated
PORTES LLP,750 B St Suite 3300,San Diego,CA,92101,32.7179729,-117.157883,ai,uncorroborated
PORTLAND COMMUNITY COLLEGE,12000 SW 49th Ave,Portland,OR,97219,45.44128,-122.734043,ai,corroborated
PORTLAND STATE UNIVERSITY,1825 SW Broadway,Portland,OR,97201,45.5118184,-122.6842973,ai,corroborated
PORTMAN,,,,,,,,
PORTNOY & STENMARK LLP,1230 17th St,Denver,CO,80202,39.7496439,-104.9957205,ai,uncorroborated
"PORTSMOUTH, NH SCHOOL DEPARTMENT",50 Andrew Jarvis Drive,Portsmouth,NH,03801,43.0585112,-70.7648783,ai,corroborated
POSIGEN SOLAR,2000 K St NW Suite 760,Washington,DC,20006,38.902443,-77.045055,ai,uncorroborated
POST CAPITAL PARTNERS,"665 Third Ave, 35th Floor",New York,NY,10017,40.8088444,-73.9303577,ai,corroborated
POST ROAD,68 Post Rd West,Westport,CT,06880,41.1384931,-73.3662378,ai,uncorroborated
POST TRAUMATIC STRESS CENTER,,,,,,,,
POSTERMEDIA,16105 NE 18th Ave,North Miami Beach,FL,33162,25.9243488,-80.1636787,ai,grounded
POTOMAC LAW GROUP PLLC,"888 17th Street NW, Suite 900",Washington,DC,20006,38.9011057,-77.0398886,ai,uncorroborated
POVERNI SHEIKH GROUP,,,,,,,,
POWER CONNECTOR INC,,,,,,,,
POWER UP CONNECT LLC,,,,,,,,
POWERREVIEWS,33 W Monroe St Suite 1500,Chicago,IL,60603,41.8802657,-87.6288269,ai,corroborated
PPI,,,,,,,,
PPLA,,,,,,,,
PR MANAGEMENT,"1 Speen Street, Suite 205",Framingham,MA,01701,42.3114564,-71.3909299,manual,verified
PR RESTAURANTS,"1 Speen Street, Suite 205",Framingham,MA,01701,42.3114564,-71.3909299,ai,corroborated
PRA,13 E 37th St,New York,NY,10016,40.7496672,-73.9813477,ai,uncorroborated
PRADO GROUP,,,,,,,,
PRAGER METIS,750 Lexington Ave,New York,NY,10022,40.7625148,-73.9685564,ai,uncorroborated
PRAGERU,"3701 W. Magnolia Blvd., Suite 120",Burbank,CA,91505,34.167897,-118.347148,ai,corroborated
PRECIGEN,4030 University Dr,Fairfax,VA,22030,38.8456838,-77.3055059,ai,uncorroborated
PRECISEMDX,,,,,,,,
PRECISION CASTPARTS,4100 Arrowsmith Lane,Portland,OR,97244,45.5202471,-122.674194,ai,uncorroborated
PRECISION IR,,,,,,,,
PRECISION ORTHOPEDICS,2155 Sawtelle Blvd Suite 200,Los Angeles,CA,90025,34.0387661,-118.4418814,ai,uncorroborated
PRECISION TASK GROUP,"9801 Westheimer Road, Suite 803",Houston,TX,77042,29.7364916,-95.541717,ai,grounded
PREDICTIVE SERVICES,1000 Town Center Drive,Southfield,MI,48075,42.4733689,-83.2218731,ai,uncorroborated
PREF,,,,,,,,
PREFERRED REAL ESTATE FUNDS,,,,,,,,
PREMIER DENTAL,,,,,,,,
PREMIER DENTAL PRODUCTS COMPANY,1710 Romano Drive,Plymouth Meeting,PA,19462,40.102332,-75.2743467,ai,grounded
PREMIER EQUITIES,,,,,,,,
PREMIER LANDSCAPING,,,,,,,,
PREMIER MEDICAL ALLIANCE,,,,,,,,
PREMIER MEDICAL GROUP OF THE HUDSON VALLEY,1 Columbia Street,Poughkeepsie,NY,12601,41.6950405,-73.9358204,manual,verified
PREMIER METAL,,,,,,,,
PREMIER ORTHOPAEDICS,3805 W Chester Pike,Newtown Square,PA,19073,39.986328,-75.4091519,ai,corroborated
PREMIER PAINT ROLLER,"11200 Metro Parkway, Suite 200",Fort Myers,FL,33966,26.5941722,-81.8504335,ai,uncorroborated
PREMIER PLUS REALTY,,,,,,,,
PREMIER REALTY MICHIGAN LLC,,,,,,,,
PREMIUM PROPERTIES,,,,,,,,
PRENGLER PRODUCTS,3100 West 76th Street,Bloomington,MN,55435,44.8322405,-93.3204872,ai,uncorroborated
PRESCIENT MEDICAL,"5177 Mendenhall Oaks Pkwy, Suite 101",High Point,NC,27265,36.0471327,-79.9579882,ai,uncorroborated
PRESIDENT HSO US,,,,,,,,
PRESTIGE CAPITAL,,,,,,,,
PRESTIGE ECONOMICS,,,,,,,,
PRICE BENOWITZ,409 7th St NW,Washington,DC,20004,38.8950098,-77.021806,ai,grounded
PRICE CONSTRUCTION,495 Route 304,New City,NY,10956,41.1772786,-73.9590914,ai,grounded
PRICE REALTY,,,,,,,,
PRICE WATERHOUSE,300 Madison Ave,New York,NY,10017,40.7526831,-73.9800764,ai,uncorroborated
PRICEMDS,"19321 US Hwy 19 N, Building C - Suite 509",Clearwater,FL,33764,27.9658533,-82.8001026,ai,grounded
PRIDE FAMILY BRANDS,,,,,,,,
PRIMA WASTE,"1090 Enterprise Way, Suite 160",Salida,CA,95368,37.7057623,-121.0849369,ai,corroborated
PRIMAL ELEMENTS,,,,,,,,
PRIMARY ARMS LLC,"200 S Lamar Blvd, Suite 1000",Austin,TX,78704,30.264487,-97.757272,ai,corroborated
PRIMARY SYSTEMS INC,,,,,,,,
PRIME CAPITAL,,,,,,,,
PRIME HEALTH STAFFING,,,,,,,,
PRIME MANAGED TECHNOLOGY SOLUTIONS,,,,,,,,
PRIME POLICY GROUP,"1875 Connecticut Ave NW, Suite 700",Washington,DC,20009,38.9155756,-77.0452914,ai,grounded
PRIME PROPERTY,,,,,,,,
PRIMETIME PARTNERS,,,,,,,,
PRIMUS CONSULTING,8000 Towers Crescent Dr,Vienna,VA,22182,38.9013729,-77.2651762,ai,grounded
PRINCE & IZANT COMPANY,25 Market Street,Kenilworth,NJ,07033,40.6775129,-74.283397,ai,uncorroborated
PRINCE CHEMICAL,P.O. Box 672077,Marietta,GA,30006,33.9853034,-84.5313612,ai,grounded
PRINCE LOBEL TYE,"100 Cambridge Street, 22nd Floor",Boston,MA,02114,42.360981,-71.0626238,ai,corroborated
PRINCETON ENTERPRISES,,,,,,,,
PRINCETON ORAL & MAXILLOFACIAL SURGERY,"166 Bunn Drive, Suite 103",Princeton,NJ,08540,40.3719699,-74.6567657,manual,verified
PRINCETON PULMONARY GROUP,"101 Grovers Mill Road, Building 7, Suite 200",Princeton,NJ,08540,40.3496953,-74.6597376,ai,uncorroborated
PRINCETON UNIVERSITY,"Princeton University, 1 Nassau Hall",Princeton,NJ,08544,40.3496953,-74.6597376,ai,corroborated
PRINCIPAL FINANCIAL GROUP,711 High Street,Des Moines,IA,50392,41.5886671,-93.6276408,ai,corroborated
PRINT NEW YORK,,,,,,,,
PRIORITY WIRE AND CABLE,4000 W Peterson Ave,Chicago,IL,60646,41.9905123,-87.7292705,ai,uncorroborated
PRISM REAL ESTATE SERVICES LLC,"8826 Santa Fe Drive, Suite 300",Overland Park,KS,66212,38.972515,-94.6889228,ai,grounded
PRIVATE DAY SCHOOL,,,,,,,,
PRIVATE PSYCHOTHERAPY PRACTICE,,,,,,,,
PRIVATE RISK,,,,,,,,
PRIVATE WEALTH PARTNERS,"55 Monument Circle, Suite 350",Indianapolis,IN,46204,39.7681823,-86.15708,ai,uncorroborated
PRIZEPICKS,"1055 Howell Mill Rd NW, Suite 1400",Atlanta,GA,30318,33.783342,-84.4114228,ai,grounded
PRIZMAH: CENTER FOR JEWISH DAY SCHOOLS,"1 Union Square West, Floor 9",New York,NY,10003,40.7366941,-73.9900361,ai,corroborated
PRN FUNDING LLC,3200 W Market St Ste 205,Akron,OH,44333,41.1118231,-81.5743618,ai,corroborated
PRO CHEM,,,,,,,,
PRO ISRAEL,,,,,,,,
PRO-ISRAEL AMERICA,"1776 K Street NW, Suite 900",Washington,DC,20006,38.9024421,-77.0406448,ai,corroborated
PROBASCO SINGER BAYNE,"333 W. Wacker Drive, Suite 1900",Chicago,IL,60606,41.886173,-87.6358607,ai,uncorroborated
PROCEL LAW PC,,,,,,,,
PROCOPIO,"525 B Street, Suite 2200",San Diego,CA,92101,32.71752,-117.159724,ai,corroborated
PROCORE,"6309 Carpinteria Avenue, Suite 100",Carpinteria,CA,93013,34.38366,-119.491515,ai,grounded
PROCTER & GAMBLE,1 Procter & Gamble Plaza,Cincinnati,OH,45202,39.10304,-84.5075818,ai,uncorroborated
PROCURE ANALYTICS,,,,,,,,
PRODEW,,,,,,,,
PRODUCER,,,,,,,,
PROFAB ELECTRONICS,"950 S. Pine Island Road, Suite 201",Plantation,FL,33324,26.108803,-80.2602771,ai,corroborated
PROFESSIONAL GROUP PLANS,"225 Wireless Blvd, Suite 200",Hauppauge,NY,11788,40.8137605,-73.2679635,ai,grounded
PROFESSIONAL RADIOLOGY,"1010 BONIFANT STREET, SUITE 103",SILVER SPRING,MD,20910,38.9933175,-77.0270938,ai,uncorroborated
PROFESSIONAL SOFTWARE CONSORTIUM,,,,,,,,
PROFESSIONAL VISION,,,,,,,,
PROFESSOR COMP SCIEN,,,,,,,,
PROFICIO CAPITAL PARTNERS,"300 Washington Street, Suite 951",Newton,MA,02458,42.3568317,-71.1858981,ai,grounded
PROGRESS RESIDENTIAL,7500 N Dobson Rd Suite 300,Scottsdale,AZ,85256,33.5457079,-111.8759679,ai,grounded
PROGRESSIVE,6300 Wilson Mills Road,Mayfield Village,OH,44143,41.5418523,-81.4260742,ai,corroborated
PROGRESSIVE METAL MANUFACTURING,,,,,,,,
PROGRESSIVE PUBLICATIONS,370 Technology Drive,Malvern,PA,19355,40.036202,-75.5138959,manual,verified
PROHEALTH,177 South Street,Morris Plains,NJ,07950,40.8285978,-74.4783535,ai,uncorroborated
PROHEALTH PROFESSIONAL SERVICES,"500 E Colorado St, Ste 100",Glendale,CA,91205,34.1423873,-118.2500905,ai,grounded
PROJECT DESIGN,,,,,,,,
PROJECT WITNESS,,,,,,,,
PROLECTO RESOURCES,,,,,,,,
PROLEXYS PHARMACEUTICALS,"1201 W University Ave, Suite 200",Gainesville,FL,32601,29.651975,-82.337264,ai,uncorroborated
PROLIFIC ELECTRONICS LLC,,,,,,,,
PROMEDICA,1550 Providence Ave,Toledo,OH,43616,41.6529143,-83.5378173,ai,corroborated
PROMO PARTNERS INC,,,,,,,,
PROMONTORY THERAPEUTICS,,,,,,,,
PROPAGATE,2700 Colorado Ave,Santa Monica,CA,90404,34.031371,-118.470093,ai,corroborated
PROPAGATE CONTENT,"1420 21st Street NW, Suite 300",Washington,DC,20036,38.9093536,-77.0469213,ai,uncorroborated
PROPANE POWER CORP,873 Delancey St,Newark,NJ,07105,40.735657,-74.1723667,manual,verified
PROPERTY MARKETS GROUP,"200 Park Ave S, 3rd Floor",New York,NY,10003,40.7368886,-73.9892348,ai,uncorroborated
PROPHET CAPITAL,"303 Colorado Street, Suite 2050",Austin,TX,78701,30.2659316,-97.7446725,manual,verified
PROSKAUER,Eleven Times Square,New York,NY,10036,40.7127281,-74.0060152,ai,corroborated
PROSKAUER ROSE LLP,"Eleven Times Square, 640 8th Avenue",New York,NY,10036,40.7127281,-74.0060152,ai,grounded
PROSPECT RIDGE ADVISORS LLC,"640 Fifth Avenue, 8th Floor",New York,NY,10019,40.9203162,-73.8044478,ai,grounded
PROSPER GROUP,,,,,,,,
PROTOSTAR PARTNERS,,,,,,,,
PROVATION,"533 South Third Street, Suite 300",Minneapolis,MN,55415,44.9772995,-93.2654692,ai,grounded
PROVENANCE,,,,,,,,
PROVIDENCE,111 Westminster St,Providence,RI,02903,41.824246,-71.410989,ai,uncorroborated
PROVIDENCE & WORCESTER RR,One Railroad Ave,Providence,RI,02903,41.8503641,-71.4850583,ai,uncorroborated
PROVIDENCE REAL ESTATE,,Wayzata,MN,55391,,,,
PROVIDENT REAL ESTATE,,,,,,,,
PROVIDER PARTNERS HEALTH PLANS,"1175 Peachtree St NE, Suite 1770",Atlanta,GA,30361,33.7870725,-84.3826274,ai,uncorroborated
PRUDENTIAL INSURANCE CO,751 Broad St,Newark,NJ,07102,40.7368007,-74.1715553,ai,corroborated
PRV MANAGEMENT LP,,,,,,,,
PSCC,,,,,,,,
PSG,"400 W Franklin St, Suite 300",Baltimore,MD,21201,39.2950343,-76.6214177,ai,grounded
PSG EQUITY,,,,,,,,
PSS,,,,,,,,
PSYCHOMETRICS,,,,,,,,
PSZJ LAW,"700 Milam St, Suite 1300",Houston,TX,77002,29.7604041,-95.3655397,ai,uncorroborated
PTC,121 Seaport Blvd,Boston,MA,02210,42.3508234,-71.0446509,ai,corroborated
PTG,,,,,,,,
PUBLIC COMMENT GROUP,,,,,,,,
PUBLIC COMMUNICATORS GROUP,,,,,,,,
PUBLIC HOLDINGS INC,"29 E Madison St, Suite 700",Chicago,IL,60602,41.8818695,-87.6266183,ai,uncorroborated
PUBLISHERS CLEARING HOUSE,101 Park Ave,New York,NY,10178,40.7508308,-73.9776118,ai,corroborated
PUBLIX,3300 Publix Corporate Pkwy,Lakeland,FL,33811,28.004895,-82.0116997,ai,corroborated
PUERTO RICO PHARMACEUTICAL,,,,,,,,
PULITZER/BOGARD & ASSOCIATES,,,,,,,,
PULL-A-PART,4473 Tilly Mill Road,Doraville,GA,30360,33.9259846,-84.2827091,manual,verified
PULLMAN & COMLEY,850 Main St,Bridgeport,CT,06604,41.1762726,-73.1878564,ai,corroborated
"PULMAN, CAPPUCCIO & PULLEN LLP","2161 NW Military Highway, Suite 400",San Antonio,TX,78213,29.5423117,-98.5282773,ai,corroborated
PULMONARY INTERNISTS,,,,,,,,
PULMONARY PHYSICIANS OF SOUTH FLORIDA,"8200 NW 41st St, Suite 300",Doral,FL,33166,25.8110995,-80.3306054,ai,corroborated
PUMA VENTURE CAPITAL,,,,,,,,
PURINA,1 Checkerboard Square,Saint Louis,MO,63164,38.6254063,-90.190009,ai,corroborated
PURPLE STRATEGIES,"1300 I St NW, Suite 400E",Washington,DC,20005,38.901248,-77.029782,ai,uncorroborated
PVH,200 Madison Ave,New York,NY,10016,40.7488842,-73.9827037,ai,corroborated
PW,,,,,,,,
PWC,300 Madison Ave,New York,NY,10017,40.7526831,-73.9800764,ai,corroborated
PWH,,,,,,,,
PWRFL,,,,,,,,
PZENA INVESTMENT MANAGEMENT,"320 Park Ave, 9th Floor",New York,NY,10022,40.7575952,-73.9739924,ai,corroborated
QACC,,,,,,,,
QBE FIRST,399 Park Avenue,New York,NY,10022,40.7589833,-73.9714789,ai,uncorroborated
QDAT CAPITAL,,,,,,,,
QFS ASSET MANAGEMENT,10 Glenville Street,Greenwich,CT,06831,41.0387052,-73.6659521,manual,verified
QIAGEN,2400 Route 10,Glen Rock,NJ,07452,40.9628758,-74.1329208,ai,uncorroborated
QIOSK.COM,,,,,,,,
QTRADE HOLDINGS,2001 Market Street,Philadelphia,PA,19103,39.953671,-75.173318,ai,uncorroborated
QUAD PROPERTY GROUP,"224 West 30th Street, Suite 206",New York,NY,10001,40.7489522,-73.9938318,ai,grounded
QUADRANT CAPITAL ADVISORS INC,"425 Market Street, Suite 2200",San Francisco,CA,94105,37.7912036,-122.398153,ai,uncorroborated
QUADRANT STRATEGIES,"4201 Connecticut Avenue NW, Suite 405",Washington,DC,20008,38.9434213,-77.0626986,manual,verified
QUADRUM CAPITAL US CORP,,,,,,,,
QUALCOMM,5775 Morehouse Drive,San Diego,CA,92121,32.8959414,-117.1958195,ai,corroborated
QUALIFIED,,,,,,,,
QUALITY INSURANCE CONCEPTS INC,,,,,,,,
QUALITY METALS INC,2575 Doswell Ave,Saint Paul,MN,55108,44.98128,-93.2057002,ai,grounded
QUANTESSENCE,,,,,,,,
QUANTUM GEOMETRY LLC,,,,,,,,
QUARLES & BRADY LLP,"33 East Main Street, Suite 900",Madison,WI,53703,43.0742312,-89.3819531,ai,grounded
QUARTER INDUSTRIES,1440 Broadway,New York,NY,10018,40.7543613,-73.9864624,ai,uncorroborated
QUARTZY,"548 Market Street, Floor 2",San Francisco,CA,94104,37.7899932,-122.4008494,ai,corroborated
QUEENS COLLEGE,65-30 Kissena Boulevard,Flushing,NY,11367,40.7564055,-73.8258451,ai,corroborated
QUEST DIAGNOSTICS,500 Plaza Drive,Secaucus,NJ,07094,40.7876419,-74.0432454,ai,grounded
QUEST HOLDINGS,,,,,,,,
QUICKEN LOANS,"1050 Woodward Avenue, Suite 1400",Detroit,MI,48226,42.3326923,-83.0474874,ai,corroborated
QUINN EMANUEL,"555 Twin Dolphin Drive, 5th Floor",Redwood Shores,CA,94065,37.5318804,-122.2480219,ai,corroborated
QUINN EMANUEL URQUHART & SULLIVAN LLP,"50 California Street, 22nd Floor",San Francisco,CA,94111,37.7940648,-122.3973798,ai,grounded
QUINSTREET,"222 Sutter Street, 8th Floor",San Francisco,CA,94108,37.7900125,-122.4045122,ai,uncorroborated
R & R MARKETING,,,,,,,,
R ZELL HIGH SCHOOL,,,,,,,,
R&H MOTOR CARS,,,,,,,,
R-GIN ADVISORY SERVICES,,,,,,,,
R-PAC INT'L,,,,,,,,
R-PAC INTERNATIONAL CORP,,,,,,,,
R. B. SABN FOUNDATION,,,,,,,,
R. MCCONNELL GROUP PLLC,,,,,,,,
R.E.M TRANSPORTATION,,,,,,,,
R.F. LAFFERTY,300 Crescent Ct #700,Franklin,TN,37067,35.925206,-86.8689419,ai,uncorroborated
RA COHEN & ASSOCIATES INC,"250 Park Avenue, Suite 1901",New York,NY,10177,40.7551562,-73.9758746,ai,uncorroborated
RA ZWEIG INC,,,,,,,,
RABBINICAL COUNCIL CA,3780 Wilshire Blvd Suite 420,Los Angeles,CA,90010,34.0612702,-118.3085647,ai,grounded
RABIN BROTHERS,888-898 Boylston Street,Boston,MA,02199,42.3493419,-71.0801375,ai,uncorroborated
RABIN WORLDWIDE,"21 Locust Avenue, Suite 2A",Mill Valley,CA,94941,37.898745,-122.537186,ai,grounded
RABINA,"505 Fifth Ave, 27th Floor",New York,NY,10017,40.7535874,-73.9803542,ai,corroborated
RABINA PROPERTIES,260 Madison Ave #906,New York,NY,10016,40.750754,-73.9812427,ai,corroborated
RAC,"3890 Tampa Rd, Suite 405",Palm Harbor,FL,34684,28.0674582,-82.7281281,ai,grounded
RACE STREET MANAGEMENT,,,,,,,,
RACHELLE REINSTEIN,,,,,,,,
RAD ASSOCIATES HLYWD,,,,,,,,
RAD FUND,,,,,,,,
RAD. ASSOC. MAINLINE,,,,,,,,
RADCO,1000 Parkwood Circle SE,Atlanta,GA,30339,33.901676,-84.4602778,manual,verified
RADIAL ENTERTAINMENT,1500 Broadway,New York,NY,10036,40.7568024,-73.985668,ai,corroborated
RADIAN GROUP,"900 Circle 75 Parkway SE, Suite 1700",Atlanta,GA,30339,33.8877686,-84.4673228,ai,uncorroborated
RADIANT INC,,,,,,,,
RADIANT PROPERTY MGMT,,,,,,,,
RADIOLOGIC IMAGING CONSULTANTS,,,,,,,,
RADIOLOGY AND IMAGING INC,,,,,,,,
RADIOLOGY ASSOC,,,,,,,,
RADIOLOGY ASSOCIATES,,,,,,,,
RADIOLOGY ASSOCIATES OF CLEARWATER,"300 Belleair Road, Suite 208",Clearwater,FL,33756,27.9389388,-82.7928448,ai,corroborated
RADIOLOGY ASSOCIATES OF HOLLYWOOD,"3000 Washington St, Suite 410",Hollywood,FL,33021,26.0028453,-80.189031,ai,corroborated
RADIOLOGY IMAGING ASSOCIATES,"1101 W Provident Ave, Suite 300",Tampa,FL,33606,27.9449854,-82.4583107,ai,uncorroborated
RADIOLOGY PARTNERS,12554 Riata Vista Circle,Austin,TX,78727,30.4309371,-97.7385604,ai,grounded
RADIUS RECYCLING,"222 SW Columbia Street, Suite 1150",Portland,OR,97201,45.5131394,-122.6777255,ai,grounded
RADNET,"1301 Dove St, Suite 310",Newport Beach,CA,92660,33.6621366,-117.8666546,ai,corroborated
RADNOR TOWNSHIP SCHOOL DISTRICT,135 W Wayne Ave,Wayne,PA,19087,40.0426142,-75.3907806,ai,corroborated
RAE KUSHNER YESHIVA HS,110 South Orange Avenue,Short Hills,NJ,07078,40.7529601,-74.2961959,ai,corroborated
RAE MANAGEMENT COMPANY INC,,,,,,,,
RAH,,,,,,,,
RAHWAY PATHOLOGY,,,,,,,,
RAIN MANAGEMENT GROUP,11162 La Grange Ave,Los Angeles,CA,90025,34.0422778,-118.4413494,manual,verified
RAINBOW 18,,,,,,,,
RAINEN COMPANIES,"215 West Pershing Rd, Suite 1010",Kansas City,MO,64108,39.0832209,-94.5869217,ai,grounded
RAINES,,,,,,,,
RAINES FELDMAN LITTRELL LLP,"1900 Avenue of the Stars, 19th Floor",Los Angeles,CA,90067,34.0599711,-118.4169732,ai,grounded
RAINIER SECURITIES,"701 5th Ave, Suite 6400",Seattle,WA,98104,47.6045429,-122.3307181,ai,corroborated
RAIZNER SLANIA LLP,"3102 Oak Lawn Ave, Suite 500",Dallas,TX,75219,32.809101,-96.8083705,ai,corroborated
RALES FOUNDATION,,,,,,,,
RAM CATERERS,,,,,,,,
RAMAPO COLLEGE OF NEW JERSEY,505 Ramapo Valley Rd,Mahwah,NJ,07430,41.0822446,-74.1738235,ai,corroborated
RAMAPO RADIOLOGY,,,,,,,,
RAMAX SEARCH INC,,,,,,,,
RAMAZ,160 E 78th St,New York,NY,10075,40.7738963,-73.9589297,ai,grounded
RAMAZ SCHOOL,160 West 97th Street,New York,NY,10025,40.7941727,-73.9690253,ai,corroborated
RAMBLESIDE,,,,,,,,
RAMMA CONSULTING INC,,,,,,,,
RAMS,One Rams Plaza (1001 S. Figueroa Street),Los Angeles,CA,90015,34.0536909,-118.242766,ai,uncorroborated
RANCHO SAHUARITA MANAGEMENT COMPANY,"2971 W Frye Rd, Suite 1",Chandler,AZ,85224,33.298693,-111.8741188,ai,corroborated
RAND CORPORATION,1776 Main Street,Santa Monica,CA,90401,34.0095671,-118.4907088,ai,corroborated
RANGE MEDIA PARTNERS,2425 Michigan Ave,Santa Monica,CA,90404,34.0266298,-118.4690329,ai,grounded
RANGER CAPITAL MANAGEMENT,"100 Crescent Court, Suite 700",Dallas,TX,75201,32.7939116,-96.8033152,ai,grounded
RANGER GLOBAL ADVISORS LLC,9465 Wilshire Blvd,Beverly Hills,CA,90212,34.0671436,-118.3993984,ai,grounded
RANGEWATER REAL ESTATE,"4490 Broadmoor SE, Suite 150",Grand Rapids,MI,49512,42.9632425,-85.6678639,ai,uncorroborated
RANK CONSULTING SERVICES,,,,,,,,
RANKAUF CORPORATION,,,,,,,,
RAPHAELS PARTY RENTALS,18150 S Figueroa St,Gardena,CA,90248,33.8657056,-118.2811649,ai,uncorroborated
RAPPAPORT REICHES CAPITAL MANAGEMENT,,,,,,,,
RAPTOR SYSTEMS,"1301 Solana Blvd, Suite 700",Westlake,TX,76262,32.9787692,-97.1686047,ai,uncorroborated
RARE BEAUTY,"19901 Pacific Coast Hwy, Suite 150",Malibu,CA,90265,34.0385248,-118.606546,ai,corroborated
RAS,,,,,,,,
RASANSKY | MCKENZIE,712 Huron St,Dallas,TX,75226,32.7762719,-96.7968559,ai,corroborated
RASF,,,,,,,,
RASKAS FOODS,,,,,,,,
RATNER STEEL,2500 West County Road B,Roseville,MN,55113,45.0200562,-93.2066543,ai,grounded
RATNER STEEL SUPPLY CO,3451 S. Hamilton Rd,Columbus,OH,43232,39.8986287,-82.8821964,ai,uncorroborated
RAVID LAW GROUP,77 Central St,Suffern,NY,10901,41.1137088,-74.153544,ai,uncorroborated
RAVITZ FAMILY MARKETS,,,,,,,,
"RAWSON, BLUM & LEON",,,,,,,,
RAY CONSTRUCTION,,,,,,,,
RAYMOND JAMES,880 Carillon Parkway,Saint Petersburg,FL,33716,27.8921472,-82.6691146,ai,grounded
RAYMOND JAMES FINANCIAL,880 Carillon Pkwy,Saint Petersburg,FL,33716,27.8859616,-82.6653253,ai,uncorroborated
RAYMOND LEVY,,,,,,,,
RAYMOUR & FLANIGAN,7248 Morgan Road,Liverpool,NY,13090,43.1221071,-76.2039595,ai,grounded
RAYMOUR & FLANIGAN FURNITURE,100 Corporate Drive,Melville,NY,11747,40.77486,-73.4111002,ai,corroborated
RAYTHEON TECHNOLOGIES,1000 Wilson Blvd,Arlington,VA,22209,38.8941639,-77.069626,ai,grounded
RAYVID,,,,,,,,
RAZI LAW GROUP,"1330 Broadway, Suite 607",Oakland,CA,94612,37.8038959,-122.2708083,ai,corroborated
RAZOR & TIE ENTERTAINMENT,"1633 Broadway, 15th Floor",New York,NY,10019,40.762093,-73.9846559,ai,corroborated
RAZORFISH,375 Hudson Street,New York,NY,10014,40.7284863,-74.0079039,ai,grounded
RBB ARCHITECTS,"3380 Peachtree Road NE, Suite 1000",Atlanta,GA,30326,33.8495878,-84.3660684,ai,uncorroborated
RBC,200 Vesey Street,New York,NY,10281,40.7135678,-74.0148836,manual,verified
RBD CORPORATION,,,,,,,,
RBS,,,,,,,,
RCA SOLUTIONS,,,,,,,,
RCBM,,,,,,,,
RCC CONSULTING LLC,,,,,,,,
RCCA,,,,,,,,
RCG,,,,,,,,
RD PRODUCTIONS INC,,,,,,,,
RE/MAX ONE,507 W 13th St,Wilmington,DE,19801,39.7499294,-75.5501241,ai,uncorroborated
READY SET FOOD,,,,,,,,
REAGAN WIRELESS CORP,"3808 Airport Freeway, Suite 200",Bedford,TX,76021,32.8381632,-97.1074798,ai,uncorroborated
REAL CONCEPTS,,,,,,,,
REAL DEAL DECORATION,,,,,,,,
REAL ESTATE BROKER,,,,,,,,
REAL ESTATE INVESTMENT GROUP,,,,,,,,
REAL ESTATE INVESTOR,,,,,,,,
REAL ESTATE SERVICE SOLUTIONS COMPANY LLC,,,,,,,,
REALPAGE,2201 Lakeside Blvd,Richardson,TX,75082,32.97998,-96.710239,ai,corroborated
REALTY EXECUTIVES,"8324 E Hartford Dr, Ste 100",Scottsdale,AZ,85255,33.6413265,-111.899138,ai,grounded
REALTYMARK,2250 Terwood Drive,Huntingdon Valley,PA,19006,40.1226101,-75.0635049,ai,grounded
RECHT KORNFELD,"1600 Stout Street, Suite 1400",Denver,CO,80202,39.7458307,-104.9925871,ai,grounded
RECOGNIZE LP,,Scarsdale,NY,10583,,,,
RECOM,,Spokane,WA,99201,,,,
RECONSTRUCTIONIST RABBINICAL COLLEGE,212 Bloomfield Ave,Bloomfield,NJ,07003,40.7823209,-74.1916323,manual,verified
RECOVERY MANAGEMENT CORPORATION,3236 Noland Rd,Independence,MO,64055,39.0629642,-94.4148056,ai,grounded
RECOVERY UNPLUGGED,"101 E. Kennedy Blvd., Ste. 3100",Tampa,FL,33602,27.947072,-82.45949,ai,corroborated
RECURSIVE TECHNOLOGIES INC,"1401 4th Avenue, Suite 2000",Seattle,WA,98101,47.609282,-122.335975,ai,uncorroborated
RED BANYAN,,,,,,,,
RED CHAMBER CO,,,,,,,,
RED FOX CAPITAL PARTNERS,1960 Queens Road West,Charlotte,NC,28207,35.1822412,-80.8391778,ai,grounded
RED HAT,100 East Davie Street,Raleigh,NC,27601,35.7751616,-78.6378566,ai,corroborated
RED NUCLEUS,"1200 G St. NW, Ste. 800",Washington,DC,20005,38.89814,-77.0282319,ai,uncorroborated
RED SEAL DEVELOPMENT CORP,,,,,,,,
RED TOP INVESTORS,,,,,,,,
RED VENTURES,"1441 Main St., Ste. 400",Fort Mill,SC,29715,35.0075983,-80.944338,ai,grounded
REDA HOLDINGS,,,,,,,,
REDDS CAPITAL,,,,,,,,
REDDY RAW INC,1 Ethel Boulevard,Wood-Ridge,NJ,07075,40.841203,-74.080421,ai,grounded
REDEFINING MOMENTS,,,,,,,,
REDEMPTION BANK,2020 East Murray Holladay Road,Holladay,UT,84117,40.665785,-111.833578,ai,grounded
REDESIGN HEALTH,"1020 O'Farrell St., 5th Floor",San Francisco,CA,94109,37.7847106,-122.4221981,ai,uncorroborated
REDI CARPET,10101 Fountaingate Drive,Stafford,TX,77477,29.6365187,-95.5625182,ai,corroborated
REDSPEED ILLINOIS LLC,,,,,,,,
REDWOOD APARTMENT LIVING,7007 East Pleasant Valley Road,Independence,OH,44131,41.36201,-81.635886,ai,grounded
REDWOOD CAPITAL MANAGEMENT,"250 West 55th Street, 26th Floor",New York,NY,10019,40.7649395,-73.9829195,ai,grounded
REDWOOD LIVING,"10211 Jefferson Blvd., Ste. 300",Culver City,CA,90232,34.0112759,-118.3899206,ai,uncorroborated
REECENICHOLS REAL ESTATE,"7300 S. Lewis Ave., Ste. 600",Tulsa,OK,74136,36.0485121,-95.9578922,ai,uncorroborated
REED SMITH LLP,225 Fifth Avenue,Pittsburgh,PA,15222,40.4412207,-80.0010921,ai,grounded
REEVES COMMUNICATI,,,,,,,,
REFLECTION WINDOW COMPANY LLC,3801 E New York St,Indianapolis,IN,46201,39.7717285,-86.1017453,ai,uncorroborated
REFRIGIWEAR,54 Breakstone Drive,Dahlonega,GA,30533,34.5328484,-83.9845723,ai,grounded
REGAL MEDICAL GROUP,,,,,,,,
REGATTA USA,"275 Cooper Ave, Suite 116",Tonawanda,NY,14150,42.9866345,-78.908009,manual,verified
REGENCY GROUP,,,,,,,,
REGENERON PHARMACEUTICALS,777 Old Saw Mill River Road,Tarrytown,NY,10591,41.0783771,-73.8235844,ai,corroborated
REGENESIS PARTNERS,,,,,,,,
REGENT PROPERTIES,"2001 ROSS AVENUE, SUITE 4601",DALLAS,TX,75201,32.7876162,-96.7992456,manual,verified
REGIONAL CHAMBER OF COMMERCE OF SAN GABRIEL VALLEY,"248 East Foothill Boulevard, Suite 100",Monrovia,CA,91016,34.1513142,-117.9973435,manual,verified
REGIONS BANK,1900 5th Avenue North,Birmingham,AL,35203,33.518068,-86.8089088,ai,uncorroborated
REGULUS INTERNATIONAL CAPITAL CORP,,,,,,,,
REICH AND TRUAX,707 Summer St,Stamford,CT,06901,41.0580616,-73.5394953,ai,corroborated
REICH BROTHERS,172 South Broadway,White Plains,NY,10605,41.0234114,-73.7599309,manual,verified
REID ASSOCIATES PLLC,,,,,,,,
REID MICHAELIS PLLC,,,,,,,,
REID SCOFIELD PLLC,,,,,,,,
REINGOLD,1321 Duke St,Alexandria,VA,22314,38.8039187,-77.0546841,ai,grounded
REINSTEIN ROSS,,,,,,,,
REIRED,,,,,,,,
REITRED,,,,,,,,
RELATED CALIFIRNIA,"1000 South Figueroa Street, Suite 2600",Los Angeles,CA,90015,34.044596,-118.264181,ai,corroborated
RELATIVE VALUE PARTNERS,"1033 Skokie Blvd, Suite 470",Northbrook,IL,60062,42.136465,-87.7905871,manual,verified
RELATIVITY,3500 E Burnett St,Long Beach,CA,90815,33.8004644,-118.1508071,ai,grounded
RELDAN METALS,85 Second Avenue,Turners Falls,MA,01376,42.6083091,-72.5567883,ai,uncorroborated
RELIABLE & ACORN MANAGEMENT CO,,,,,,,,
RELIABLE BACKGROUND SCREENING,PO Box 12743,Scottsdale,AZ,85267,33.4942189,-111.926018,ai,grounded
RELIABLE PROPERTIES,,,,,,,,
RELIABLE SALES,,,,,,,,
RELIANT GROUP,,,,,,,,
RELIANT PARKING SOLUTIONS,,,,,,,,
RELIANT RIBBON,2425 West Peoria Avenue,Phoenix,AZ,85029,33.5819027,-112.1101982,ai,uncorroborated
RELIEF ACUPUNCTURE,,,,,,,,
REMAX ALLEGIANCE,6084 Franconia Rd Suite A,Alexandria,VA,22310,38.8051095,-77.0470229,ai,grounded
REMAX PREMIER ASSOCIATES,6 Church Ln,Pikesville,MD,21208,39.3752217,-76.7249669,ai,grounded
REMEDY,,,,,,,,
REMEE PRODUCTS,,,,,,,,
REMICA PROPERTY GROUP CORP,229 East 85th St #1010,New York,NY,10028,40.7776614,-73.9527457,ai,grounded
REN CENTRO,,,,,,,,
RENAISSANCE CARE CENTER INC,,,,,,,,
RENAISSANCE CENTRO,,,,,,,,
RENAISSANCE COMMUNICATIONS,"3520 Piedmont Road NE, Building 5, Suite 300",Atlanta,GA,30305,33.7544657,-84.3898151,ai,uncorroborated
RENAISSANCE TECHNOLOGIES,800 Third Avenue,New York,NY,10022,40.8088444,-73.9303577,ai,corroborated
RENALOGIC,"223 W Jackson Blvd, Suite 604",Chicago,IL,60606,41.8778842,-87.6347933,ai,grounded
RENEWAL,,,,,,,,
RENNER OTTO BOISSELLE & SKLAR,245 Park Avenue,New York,NY,10167,40.7546124,-73.9746719,ai,uncorroborated
RENO &CAVANAUGH,,,,,,,,
RENOUVEAU HOM,,,,,,,,
RENOVO,"2315 E Camelback Rd, Suite 100",Phoenix,AZ,85016,33.5092041,-112.0326587,ai,uncorroborated
RENSOP,,,,,,,,
RENTIERT,,,,,,,,
REPAK REAL ESTATE DEVELOPMENT,,,,,,,,
REPOWER LLC,,,,,,,,
REPUBLIC CLOTHING,"320 West 38th Street, 8th Floor",New York,NY,10018,40.7551096,-73.9928386,ai,grounded
RESCH POLSTER & BERGER LLP,1101 30th St NW,Washington,DC,20007,38.904652,-77.0583499,ai,uncorroborated
RESE,,,,,,,,
RESERVE FUND ADVISERS,"One Financial Plaza, 3rd Floor",Providence,RI,02903,41.8253152,-71.4101156,ai,uncorroborated
RESIDENT,,,,,,,,
RESIDENT HOME,,,,,,,,
RESIDENTIAL REAL ESTATE APPRAISER,,,,,,,,
RESIDENTIAL TITLE,,,,,,,,
RESMED INC,9001 Spectrum Center Boulevard,San Diego,CA,92123,32.825906,-117.134327,ai,uncorroborated
RESOLUTE VENTURES,,,,,,,,
RESOLUTION CAPITOL MANAGEMENT,"1630 Connecticut Avenue NW, Suite 300",Washington,DC,20009,38.911988,-77.045199,ai,corroborated
RESTAURANT EQUIPPERS,,,,,,,,
RESTORE,"5151 Lake Howell Rd, Suite 100",Winter Park,FL,32792,28.6110386,-81.3281865,ai,uncorroborated
RESTREPO PUBLICATIONS LLC,,,,,,,,
RESTRUCTURING LAW ADVISORY PC,,,,,,,,
RESURGENS,"945 E Paces Ferry Road NE, Suite 1000",Atlanta,GA,30326,33.8468614,-84.3555295,ai,corroborated
RESURGENS TECHNOLOGY PARTNERS,3550 Peachtree Rd NE Suite 900,Atlanta,GA,30326,33.8537402,-84.3628875,ai,corroborated
RET,,,,,,,,
RETAIL BROKERS,"1800 Wazee St, Suite 200",Denver,CO,80202,39.7532187,-104.9969469,ai,uncorroborated
RETAIL MANAGEMENT SERVICES,11540 E US HIGHWAY 92,Seffner,FL,33584,27.9836329,-82.2756468,ai,grounded
RETINA ASSOCIATES,"701 E 1st St, Suite 100",Tampa,FL,33602,27.8832006,-82.4912186,ai,uncorroborated
RETINA CONSULTANTS OF SEATTLE,"620 Broadway, Suite 200",Seattle,WA,98122,47.6074704,-122.320634,ai,corroborated
RETINA GROUP OF FLORIDA,"2001 N Lois Ave, Suite 500",Tampa,FL,33607,27.9601358,-82.5137101,ai,corroborated
RETINA VITREOUS ASSOCIATES,"1245 Wilshire Blvd, Ste 380",Los Angeles,CA,90017,34.0534351,-118.265625,ai,grounded
RETINA VITREOUS CONSULTANTS,"349 East Northfield Road, Suite 100",Livingston,NJ,07039,40.7707028,-74.3004535,ai,grounded
RETINAL CONSULTANTS OF AMERICA,"7000 Fannin St, Suite 1400",Houston,TX,77030,29.7029914,-95.4031517,ai,grounded
RETIREE CHAPTER,,,,,,,,
RETIREE DIVISION CSEA,143 Washington Ave,Albany,NY,12210,42.65607,-73.7611427,ai,corroborated
RETRO CONSULTING,,North Andover,MA,01845,,,,
RETTNER BUILDING MANAGEMENT,"6620 Southpoint Dr. S, Ste 230",Jacksonville,FL,32216,30.2518994,-81.5915561,manual,verified
REV,,,,,,,,
REVEDGE ANALYTICS,201 Mission St,San Francisco,CA,94105,37.7911641,-122.3950412,ai,uncorroborated
REVELIN,,,,,,,,
REVERENCE CAPITAL PARTNERS,590 Madison Avenue,New York,NY,10022,40.7621575,-73.9730331,ai,grounded
REVOLUTION COOKING,20 Jay St,Brooklyn,NY,11201,40.7040914,-73.9866937,ai,uncorroborated
REVOLUTION HOMES USA,,,,,,,,
REVOLVE HOLDINGS,"600 Brea Canyon Road, Suite 110",Walnut,CA,91789,34.0200846,-117.8402142,ai,uncorroborated
REVV,"201 South Capitol Boulevard, Suite 600",Boise,ID,83702,43.6142738,-116.2031868,ai,uncorroborated
REX HEALTHCARE,4420 Lake Boone Trail,Raleigh,NC,27607,35.8181917,-78.7031375,ai,corroborated
REX UNC,1500 E Franklin St,Chapel Hill,NC,27514,35.9294015,-79.0337725,ai,corroborated
REXFORD INDUSTRIAL,"11620 Wilshire Boulevard, Suite 1000",Los Angeles,CA,90025,34.0504481,-118.4594947,ai,grounded
REXTAR LLC,1004 Dulaney Valley Road,Towson,MD,21204,39.409334,-76.6005749,ai,grounded
RFA,,,,,,,,
RFB FPH,,,,,,,,
RFE MANAGEMENT CORP,10 Wright Street,Westport,CT,06880,41.1402618,-73.3653208,ai,grounded
RFG,,,,,,,,
RFR HOLDING LLC,570 Lexington Avenue,New York,NY,10022,40.7570841,-73.9724543,ai,corroborated
RG LEVY LAW PLLC,111 Broadway,New York,NY,10006,40.707698,-74.011877,ai,uncorroborated
RGP,"15950 North Dallas Parkway, Suite 330",Dallas,TX,75248,32.9900868,-96.8287692,ai,grounded
RHEOXTECH INC,,,,,,,,
RHEUMATOLOGY CONSULTANTS,1351 Main St,Brockton,MA,02301,42.0586402,-71.0142588,ai,grounded
RHH,,,,,,,,
RHOADES MCKEE,"101 W Big Beaver Rd, Suite 700",Troy,MI,48084,42.5626021,-83.1490393,ai,corroborated
RHODE ISLAND COLLEGE,600 Mount Pleasant Avenue,Providence,RI,02908,41.8415962,-71.4628702,ai,corroborated
RHODIUM ANALYTICS INC,"2030 M St NW, Suite 800",Washington,DC,20036,38.905575,-77.0454886,ai,uncorroborated
RHONE GROUP,"c/o The Rhone Group, 399 Park Avenue, 17th Floor",New York,NY,10022,40.7127281,-74.0060152,ai,corroborated
RHP PROPERTIES,31200 Northwestern Hwy,Farmington Hills,MI,48334,42.5161658,-83.3342929,ai,grounded
RHP STAFFING CO,31200 Northwestern Hwy,Farmington Hills,MI,48334,42.5161658,-83.3342929,ai,grounded
RHYTHM MANAGEMENT GROUP,"6116 Executive Blvd, Ste 670",Rockville,MD,20852,39.0817985,-77.1516844,ai,grounded
RIA,,,,,,,,
RIALTO MANAGEMENT CORP,"872 Madison Avenue, Suite 2A",New York,NY,10021,40.7713969,-73.9659026,ai,grounded
RIALTO WEALTH MANAGEMENT,400 S El Camino Real,San Mateo,CA,94402,37.562133,-122.325141,ai,uncorroborated
RICE PARK,,,,,,,,
RICE UNIVERSITY,6100 Main Street,Houston,TX,77005,29.7154924,-95.4125219,ai,corroborated
RICH YOUNG COMPANY,"5710 Lyndon B. Johnson Fwy, Suite 150",Dallas,TX,75240,32.9249791,-96.809472,ai,grounded
RICHARD A KLASS ESQ,"111 Great Neck Road, Suite 220",Great Neck,NY,11021,40.785346,-73.7295403,ai,corroborated
"RICHARD F. HOWARD, ATTORNEY AT LAW",,,,,,,,
RICHARD GRAY & COMPANY CPA PC,,,,,,,,
"RICHARD J. COHEN, LCC",,,,,,,,
RICHARD MARTINSON AND ASSOC,,,,,,,,
RICHARDS MANUFACTURING CO,205 S 8th St,Oskaloosa,IA,52577,41.2943079,-92.635682,ai,uncorroborated
RICHARDS MANUFACTURING CO SALES INC,10700 NW 112th St,Miami,FL,33178,25.8751938,-80.3435111,ai,uncorroborated
"RICHARDS, LAYTON & FINGER",920 North King Street,Wilmington,DE,19801,39.7445299,-75.5472826,ai,corroborated
RICHKER METALS,,,,,,,,
RICHMARK LABEL,1110 E Pine St,Seattle,WA,98122,47.6157541,-122.3176463,ai,grounded
RIDA,1777 Walker St Suite 501,Houston,TX,77010,29.7543743,-95.3576343,ai,grounded
RIDA DEVELOPMENT CORPORATION,"1777 Walker St, Suite 501",Houston,TX,77010,29.7543743,-95.3576343,ai,grounded
RIDDELL WILLIAMS PS,"1001 4th Avenue, Suite 4500",Seattle,WA,98154,47.6061866,-122.3332822,ai,corroborated
RIEDER COMMUNITIES,2220 Avenue J,Brooklyn,NY,11210,40.6258622,-73.9536933,ai,grounded
RIEMER INSURANCE GROUP,"100 Commons Way, Suite 470",Bloomfield Hills,MI,48304,42.583645,-83.2454883,ai,uncorroborated
"RIFKIN, LIVINGSTON, LEVITAN",,,,,,,,
"RIFKIN, WEINER, LIVINGSTON",,,,,,,,
RIGHT AT HOME,"6640 W. Broad Street, Suite 300",Richmond,VA,23230,37.5788691,-77.4902305,ai,uncorroborated
RIK ENTERPRISES,,,,,,,,
RILEY SAFER,"1 South Dearborn Street, Suite 2200",Chicago,IL,60603,41.8815592,-87.6287306,ai,grounded
RIMON PC,3 Becker Farm Rd,Roseland,NJ,07068,40.8190832,-74.3070409,ai,uncorroborated
RING & GREEN APC,"401 West A Street, Suite 2590",San Diego,CA,92101,32.718257,-117.166952,ai,corroborated
RING LTD,"1523 26th St, Suite A",Santa Monica,CA,90404,34.0316802,-118.4722253,ai,uncorroborated
RIPCO REAL ESTATE,"150 East 58th Street, 15th Floor",New York,NY,10155,40.7611673,-73.968252,manual,verified
RIPPLING,"115 Sansome Street, Floor 6",San Francisco,CA,94104,37.7913203,-122.4009518,ai,corroborated
RISHMFM,,,,,,,,
RISK MANAGEMENT OF GROVE CITY,3951 Broadway,Grove City,OH,43123,39.8875459,-83.0889788,ai,uncorroborated
RISKSPAN,"2400 Boston Street, Suite 409",Baltimore,MD,21224,39.2817479,-76.5816562,ai,uncorroborated
RITE AID,30 Hunter Lane,Camp Hill,PA,17011,40.2565169,-76.9135074,ai,uncorroborated
RIVER OAKS PROPERTIES,"2500 Post Oak Blvd, Suite 200",Houston,TX,77056,29.7417681,-95.4611234,ai,corroborated
RIVERBEND INDUSTRIES,,,,,,,,
RIVERGATE,2801 SW 31st Ave #2B,Coconut Grove,FL,33133,25.7126013,-80.2569947,ai,corroborated
RIVERGATE/EDEN,"2600 Douglas Road, Suite 1005",Coral Gables,FL,33134,25.7699326,-80.2554367,manual,verified
RIVERON,"2515 McKinney Avenue, 16th Floor",Dallas,TX,75201,32.7955846,-96.8023182,ai,grounded
RIVERPARK CAPITAL,"477 Madison Avenue, 6th Floor",New York,NY,10022,40.7585227,-73.9746317,ai,grounded
RIVERSIDE RADIOLOGY ASSOC,2050 Kiefer Blvd,Sacramento,CA,95825,38.5466274,-121.3921622,ai,uncorroborated
RIVERSPRING LIVING,1815 W. Surface Road,Baltimore,MD,21230,39.2908816,-76.610759,ai,uncorroborated
RIVERSTONE,"520 Madison Avenue, 39th Floor",New York,NY,10022,40.7602214,-73.9744253,ai,grounded
RIVERSTONE COMMUNITIES,,Franklin,MI,48025,,,,
RIVIERA CREEK HOLDINGS LLC,,,,,,,,
RIVKIN CENTER FOR OVARIAN CANCER,"1200 12th Ave S, Suite 1110",Seattle,WA,98144,47.592856,-122.3157149,ai,grounded
RIVO ALTO,"3323 NE 163 Street, PH-704",North Miami Beach,FL,33160,25.9331488,-80.1625463,ai,corroborated
RIZIKA REALTY TRUST,"1185 Avenue of the Americas, 3rd Floor",New York,NY,10036,40.7579319,-73.9821357,ai,uncorroborated
RJC,"50 F Street NW, Suite 100",Washington,DC,20001,38.8971761,-77.0101766,ai,grounded
RJCC,,,,,,,,
RK LAW,,,,,,,,
RKW RESIDENTIAL,"24 Mercer St, 3rd Floor, Office 402",New York,NY,10013,40.7207303,-74.0017699,ai,grounded
RLF CAPITAL ADVISORS,35 Green Hollow Rd,East Hampton,NY,11937,40.9571719,-72.221455,ai,grounded
RLH,1550 Market St Suite 350,Denver,CO,80202,39.7495414,-104.9984109,ai,grounded
RMB TECHNOLOGY,,,,,,,,
RMC PROPERTY GROUP,"8902 N Dale Mabry Hwy, Suite 200",Tampa,FL,33614,27.9976216,-82.5051476,ai,grounded
RMCB,4 Westchester Plaza Suite 100,Elmsford,NY,10523,41.0550969,-73.8201338,ai,uncorroborated
RMG AND ASSOCIATES,,,,,,,,
RMG ASSC,,,,,,,,
RMLOW ENT,,,,,,,,
RMS GROUP,"5 The Grove, Suite 1",Wilmington,DE,19801,39.7459468,-75.546589,ai,uncorroborated
RMS INVESTMENT GROUP,"3401 Tuttle Road, Suite 350",Shaker Heights,OH,44122,41.4662285,-81.5373244,ai,grounded
RNC,310 First Street SE,Washington,DC,20003,38.8716043,-77.0057659,ai,corroborated
RNDC,1010 Isuzu Pkwy,Grand Prairie,TX,75050,32.8013097,-97.0515691,ai,grounded
ROADSIDE DEVELOPMENT,"1730 Rhode Island Ave NW, Suite 410",Washington,DC,20036,38.9059427,-77.0396081,ai,grounded
ROAR MANAGEMENT COMPANY INC,,,,,,,,
ROB KATZ,,,,,,,,
ROBBINS FIRM,500 14th Street NW,Atlanta,GA,30318,33.78609,-84.4041469,ai,grounded
ROBBINS GELLER,"655 West Broadway, Suite 1900",San Diego,CA,92101,32.71542,-117.168556,ai,corroborated
ROBELL,,,,,,,,
ROBERT C. GILBERT PA,200 S Andrews Ave,Fort Lauderdale,FL,33301,26.120231,-80.1431086,ai,corroborated
ROBERT FABRIKANT INC,,,,,,,,
ROBERT FINVARB COMPANIES,,,,,,,,
ROBERT HALF,2884 Sand Hill Road,Menlo Park,CA,94025,37.4205561,-122.2121956,ai,uncorroborated
"ROBERT HERZOG, ARBITRATOR",,,,,,,,
ROBERT MARTIN CO,,,,,,,,
ROBERT MEYERS ASSOC,,,,,,,,
ROBERT SELKIN MD,,,,,,,,
ROBERT WOOD JOHNSON PHYSICIAN ENTERPRISE,One Robert Wood Johnson Place,New Brunswick,NJ,08901,40.4936119,-74.4436416,manual,verified
ROBERTS & SHEFRIN,"1 Market Street, Suite 2200",San Francisco,CA,94105,37.79382,-122.3948144,ai,corroborated
ROBERTS ENERGY,1925 Page Blvd,Springfield,MA,01151,42.1483,-72.506511,ai,corroborated
ROBERTS REPAIR,,,,,,,,
"ROBERTSON, ANSCHULTZ & SCHNEID",6400 S Fiddlers Green Cir Suite 1000,Greenwood Village,CO,80111,39.5991727,-104.8899842,ai,uncorroborated
"ROBERTSON, MONAGLE, AND EASTAUGH",,,,,,,,
ROBHANA GROUP INC,,LOS ANGELES,CA,90001,,,,
ROBICO MANAGEMENT,,,,,,,,
ROBIN FOX COMEDY EVENTS,,,,,,,,
ROBIN LEVY AIA,,,,,,,,
ROBINS GELLER LAW,655 W Broadway Suite 1900,San Diego,CA,92101,32.71542,-117.168556,ai,corroborated
ROBINS KAPLAN LLP,800 LaSalle Ave Suite 2800,Minneapolis,MN,55402,44.9763949,-93.2751032,ai,corroborated
ROBINSON DAIRY,6900 N State Rd 3,Robinson,IL,62454,39.0053201,-87.7391936,ai,uncorroborated
ROBINSON FINANCIAL,,,,,,,,
ROBOTTI,,,,,,,,
ROC,,,,,,,,
ROCHE,250 East Grand Avenue,South San Francisco,CA,94080,37.654348,-122.397575,ai,corroborated
ROCHESTER,,,,,,,,
ROCHESTER PERIODONTAL & DENTAL IMPLANTS,"2300 Buffalo Road, Building 200",Rochester,NY,14624,43.157285,-77.615214,manual,verified
ROCHESTER REGIONAL HEALTH,1425 Portland Ave,Rochester,NY,14621,43.1913973,-77.5844574,ai,corroborated
ROCHESTER RESEARCH GROUP,,,,,,,,
ROCK 'N ROLL HALL OF FAME,1100 E 9th St,Cleveland,OH,44114,41.5087678,-81.6945391,ai,uncorroborated
ROCK COMPANIES,"6400 Telegraph Road, Suite 2500",Bloomfield Hills,MI,48301,42.583645,-83.2454883,manual,verified
ROCK CREEK PROPERTY GROUP,"1225 Connecticut Ave NW, Suite 200",Washington,DC,20036,38.9069043,-77.0414391,ai,uncorroborated
ROCK PROPERTIES,,,,,,,,
ROCK STAR LEADERS,,,,,,,,
ROCKBAY CAPITAL,1330 Avenue of the Americas,New York,NY,10019,40.7619298,-73.9786675,ai,corroborated
ROCKBRIDGE GROWTH EQUITY,"1555 Broadway St, The Madison - 4th Floor",Detroit,MI,48226,42.3315509,-83.0466403,ai,grounded
ROCKDALE CAPITAL,650 Liberty Avenue,Union,NJ,07083,40.6973679,-74.3044599,manual,verified
ROCKEFELLER CAPITAL MANAGEMENT,"219 Lexington Ave, 19th Floor",New York,NY,10016,40.7458472,-73.9800032,ai,grounded
ROCKEFELLER GLOBAL FAMILY OFFICE,45 Rockefeller Plaza,New York,NY,10111,40.7592576,-73.9799569,ai,grounded
ROCKEFELLER GROUP,"45 Rockefeller Plaza, 25th Floor",New York,NY,10111,40.7592576,-73.9799569,ai,corroborated
ROCKEFELLER UNIVERSITY,1230 York Ave,New York,NY,10065,40.7624395,-73.9557565,ai,corroborated
ROCKET COMPANIES,"1000 Town Center, 12th Floor",Southfield,MI,48075,42.4751823,-83.2434378,ai,corroborated
ROCKET MORTGAGE,"1000 Town Center, 12th Floor",Southfield,MI,48075,42.4751823,-83.2434378,ai,corroborated
ROCKLAND DIGITAL MEDIA,,,,,,,,
ROCKLAND ORTHODONTICS,1 Medicine Plaza Drive,West Nyack,NY,10994,41.0962647,-73.9730879,ai,uncorroborated
ROCKPOINT FUNDING,55 East 52nd Street,New York,NY,10055,40.7590841,-73.9736001,ai,uncorroborated
ROCKPOINT LEGAL,,,,,,,,
ROCKSTEP CAPITAL,175 W Jackson Blvd,Chicago,IL,60604,41.8771408,-87.6332061,ai,uncorroborated
ROCKWOOD SCHOOL DISTRICT,11045 Olde Eight Rd,Perrysburg,OH,43551,41.5571178,-83.6279321,ai,uncorroborated
ROCKWOOD WEALTH MANAGEMENT,,,,,,,,
ROCKY MOUNTAIN RESOURCES,,,,,,,,
RODAN & FIELDS,"350 S Grand Ave, Suite 3500",Los Angeles,CA,90071,34.0514279,-118.2516269,ai,corroborated
RODAN FAMILY FOUNDATION,"21 Orinda Way, Suite C-381",Orinda,CA,94563,37.8816741,-122.1875933,ai,grounded
RODNEY STRONG VINEYARDS,11455 Old Redwood Hwy,Healdsburg,CA,95448,38.5732332,-122.8439528,ai,corroborated
RODRICK FOODS,,,,,,,,
ROGIRB REALTY CORP,,,,,,,,
ROI MARKETING MANAGEMENT,,,,,,,,
ROIVANT SOCIAL VENTURES INC,"1 Pennsylvania Plaza, 54th Floor",New York,NY,10119,40.7515006,-73.9934364,ai,grounded
ROJAS COMMUNICATIONS GROUP,,,,,,,,
ROKOS CAPITAL MANAGEMENT,"c/o Rokos Capital Management US LLC, 280 Park Avenue, 5th Floor",New York,NY,10017,40.7127281,-74.0060152,ai,uncorroborated
ROKU,150 Winchester Circle,Los Gatos,CA,95032,37.2603271,-121.9621001,ai,grounded
ROL&M,,,,,,,,
ROLAND LAW FIRM,"4 Tower Place, 2nd Floor",Albany,NY,12203,42.6858289,-73.8407814,ai,grounded
ROLLING HILLS,,,,,,,,
ROLLING HILLS COUNTRY DAY SCHOO,25 Rolling Hills Lane,Rolling Hills,CA,90274,33.7668041,-118.3496623,ai,corroborated
ROLLING SEATS,,,,,,,,
ROLLINS COLEGE,,,,,,,,
ROLNICK KRAMER SADIGHI LLP,"333 Earle Ovington Blvd, Suite 601",Uniondale,NY,11553,40.7284189,-73.5941426,ai,corroborated
ROM INVESTMENT,,,,,,,,
ROMANO AUTO DEALERSHIPS,368 E Jericho Turnpike,Huntington,NY,11743,40.8303964,-73.3966987,ai,corroborated
ROMANSKYLARMD PA,"8230 Lakeside Blvd, Suite 200",Tampa,FL,33617,27.9449854,-82.4583107,ai,uncorroborated
ROMEE'S GARDEN,,,,,,,,
ROMEL ENTERPRISES,,,,,,,,
RON HELLER PROPERTIES INC,,,,,,,,
RON WOLNER MD,2 TOWER PLACE,ALBANY,NY,12203,42.6854653,-73.8409952,manual,verified
RONALD B COHEN MD PC,"215 Park Avenue South, Suite 1000",New York,NY,10003,40.736903,-73.9884712,ai,corroborated
"RONALD GLOUSMAN, MD",,,,,,,,
RONALD MANN MD PC,,,,,,,,
ROOKWOOD PROPERTIES,224 W McMillan St,Cincinnati,OH,45219,39.1280487,-84.5202001,ai,corroborated
ROOMS FOR IMPROVEMENT,,,,,,,,
ROOMS TO GO,340 Royal Palm Way,Venice,FL,34285,27.0998315,-82.4442832,ai,grounded
ROOSEVELT PAPER,1 Roosevelt Dr,Mount Laurel,NJ,08054,39.97694,-74.86404,ai,grounded
ROOTS REAL ESTATE,,,,,,,,
ROPA,,,,,,,,
ROPER HOSPITAL,3160 Medical Blvd,Pascagoula,MS,39581,30.3646795,-88.5585995,ai,uncorroborated
ROPERS MAJESKI,"400 S El Camino Real, Suite 100",San Mateo,CA,94402,37.562133,-122.325141,ai,uncorroborated
ROPES & GRAY LLP,"Prudential Tower, 800 Boylston St",Boston,MA,02199,42.3471718,-71.0825069,ai,grounded
RORY MANAGEMENT INC,"600 Montgomery Street, Suite 1100",San Francisco,CA,94111,37.7951883,-122.4027902,ai,uncorroborated
ROSCOE VILLAGE ANIMAL HOSPITAL,2633 W Roscoe St,Chicago,IL,60618,41.9428008,-87.7224093,ai,corroborated
ROSE REAL ESTATE SERVICES INC,,,,,,,,
ROSEMAWR MANAGEMENT,"1674 Meridian Ave, Suite 420",Miami Beach,FL,33139,25.7915882,-80.1369257,manual,verified
ROSEN ASSOCIATES MANAGEMENT CORP,11 Hartwell Ave,Lexington,MA,02421,42.4747153,-71.253952,ai,uncorroborated
ROSEN LAW FIRM LLC,101 Greenwood Ave,Jenkintown,PA,19046,40.092805,-75.136941,ai,uncorroborated
ROSEN NEUBERGER LEHMANN LLP,"2850 Quarry Lake Drive, Suite 300",Baltimore,MD,21209,39.3841865,-76.6947237,ai,grounded
ROSENBAUM LAW OFFICES,,,,,,,,
ROSENBERG & ESTIS PC,2200 Geng Rd Suite 200,Palo Alto,CA,94303,37.4508209,-122.1216966,ai,uncorroborated
ROSENBERG & ROSENBERG PA,12425 NE 8th St,Bellevue,WA,98005,47.6172545,-122.1745563,ai,uncorroborated
ROSENBERG ADVISORY,,,,,,,,
ROSENBERG AUTOMOTIVE HOLDINGS,,,,,,,,
ROSENBERG FORTUNA & LAITMAN LLP,"152 West 57th Street, Suite 1600",New York,NY,10019,40.7648665,-73.9796202,ai,corroborated
ROSENBERG REAL ESTATE,,,,,,,,
ROSENBLATT SECURITIES,"650 California St., Suite 1900",San Francisco,CA,94108,37.792867,-122.4052192,ai,uncorroborated
ROSENBLUM & REISMAN PC,1717 Arch St Suite 2005,Philadelphia,PA,19103,39.9554164,-75.1690292,ai,uncorroborated
ROSENTHAL FOODS CORP,1313 11th St Ste 2,Sioux City,IA,51105,42.5019552,-96.3932818,ai,grounded
"ROSENTHAL, LEVY AND SIMON",,,,,,,,
ROSEWOOD,2828 N. Harwood St,Dallas,TX,75201,32.7946637,-96.8081922,ai,grounded
ROSEWOOD REALTY GROUP INC,,,,,,,,
ROSMANSEARCH,"10 Tremont St, Suite 700",Boston,MA,02108,42.3588222,-71.0595746,ai,uncorroborated
ROSMARINS COTTAGES,,,,,,,,
ROSNOV JEWELERS,,,,,,,,
ROSS ARONSTAM & MORITZ LLP,"1313 North Market Street, Suite 1001",Wilmington,DE,19801,39.7490794,-75.5461081,ai,grounded
ROSS BROTHERS,,,,,,,,
ROTE CORP,,,,,,,,
ROTH COGNITIVE ENGINEERING,,,,,,,,
ROTHSCHILD & CO,1251 Avenue of the Americas,New York,NY,10020,40.7600411,-73.9818903,ai,corroborated
ROTOR CLIP,187 Davidson Avenue,Somerset,NJ,08873,40.5383,-74.522806,ai,grounded
ROUND ROCK PERIODONTISTS,"2000 Gattis School Rd, Suite 110",Round Rock,TX,78664,30.4961451,-97.655366,ai,corroborated
ROVE AND PEARL INC,,,,,,,,
ROWAN FAMILY FOUNDATION,,,,,,,,
ROWLEY COMPANY,230 Meek Road,Gastonia,NC,28056,35.2622654,-81.1838186,ai,grounded
ROXBURY LATIN SCHOOL,101 St. Theresa Ave,West Roxbury,MA,02132,42.2760816,-71.1580916,ai,corroborated
ROYAL CAPITAL,,,,,,,,
ROYAL CARIBBEAN CRUISES,1050 CARILLON PARKWAY,MIAMI,FL,33176,25.7741566,-80.1935973,ai,uncorroborated
ROYAL CARIBBEAN GROUP,1050 Caribbean Way,Miami,FL,33132,25.7741566,-80.1935973,ai,corroborated
ROYAL COATINGS,,,,,,,,
ROYAL CONCEPTS INC,,,,,,,,
ROYAL ELECTRONICS,,,,,,,,
ROYAL ICE CREAM,,,,,,,,
ROYAL MEDIA GROUP,,,,,,,,
ROYAL NEWS CORP,,,,,,,,
ROYCE CORPORATION,"20900 NE 30th Ave, Suite 102",Miami,FL,33180,25.9694879,-80.142689,ai,grounded
ROYER COOPER COHEN BRAUNFELD LLC,"101 West Elm Street, Suite 400",Conshohocken,PA,19428,40.0732648,-75.3087249,ai,grounded
RP ASSOCIATES,,,,,,,,
RP ROTH LAW PC,,,,,,,,
RPB,,,,,,,,
RPC,"2801 Buford Hwy NE, Suite 300",Atlanta,GA,30329,33.7544657,-84.3898151,ai,grounded
RPK,,,,,,,,
RPM INTERNATIONAL,2628 Pearl Road,Medina,OH,44256,41.2036306,-81.8418052,ai,uncorroborated
RPMS,,,,,,,,
RPS,"311 S Wacker Drive, Suite 4300",Chicago,IL,60606,41.8774661,-87.6359049,ai,uncorroborated
RRC,"2800 28th Street, Suite 125",Santa Monica,CA,90405,34.0165942,-118.454903,ai,grounded
RRH,,,,,,,,
RRT,,,,,,,,
RSC BROKERAGE INC,1201 W Peachtree St NW Suite 2000,Atlanta,GA,30309,33.7870655,-84.3873685,ai,uncorroborated
RSF,,,,,,,,
RSI,"2850 Golf Road, Suite 300",Rolling Meadows,IL,60008,42.0536623,-88.0168709,ai,uncorroborated
RSI LABELS,,,,,,,,
RSI MEXICO,,,,,,,,
RSM US,55 East 52nd Street,New York,NY,10055,40.7590841,-73.9736001,ai,corroborated
RSS CAPITAL,1100 S Northlake Drive,Hollywood,FL,33019,26.0112014,-80.1494901,ai,grounded
RST DEVELOPMENT LLC,,,,,,,,
RT INDUSTRIES,,,,,,,,
RT SPECIALTY,"180 N Stetson Ave, Suite 4600",Chicago,IL,60601,41.8855081,-87.6225082,ai,grounded
RTHALHEIMER,2301 Kerner Blvd Suite C,San Rafael,CA,94901,37.9640558,-122.5016026,ai,uncorroborated
RTI INTERNATIONAL,3040 E Cornwallis Road,Research Triangle Park,NC,27709,35.9017532,-78.8530781,ai,corroborated
RTZN BRANDS,,,,,,,,
RUB PEDAITRICS,,,,,,,,
RUB PEDIATRICS MD PA,,,,,,,,
RUBBER RING FILMS,3100 Donald Douglas Loop North #203-A,Santa Monica,CA,90405,34.0177309,-118.4517837,ai,grounded
RUBENSTEIN ASSOCIATES INC,600 Lexington Ave 8th Floor,New York,NY,10022,40.7580277,-73.9714246,ai,corroborated
RUBENSTEIN CAPITAL,480 3rd Street,Oakland,CA,94607,37.7973093,-122.2767,ai,grounded
RUBIN & ROTHMAN,1787 Veterans Memorial Highway,Islandia,NY,11749,40.8068459,-73.182071,ai,grounded
RUBIN AND DAVIDS,,,,,,,,
RUBIN AND MACHADO LTD,,,,,,,,
RUBIN COMMUNICATIONS GROUP,"555 Madison Avenue, 6th Floor",New York,NY,10022,40.7611485,-73.9727174,ai,uncorroborated
RUBIN GUTTMAN& ASSOCISTRD,,,,,,,,
"RUBIN, TURNBULL & ASSOCIATES",,,,,,,,
RUBINNOVATION LLC,,,,,,,,
RUBRIC CAPITAL MANAGEMENT LP,909 Third Ave,New York,NY,10022,40.7582826,-73.967866,ai,corroborated
RUBY GROUP COMPANIES,"1645 North Fort Myer Drive, Suite 1000",Arlington,VA,22209,38.8935359,-77.0718843,ai,uncorroborated
RUDDELL,,,,,,,,
RUDIN MANAGEMENT,Public Square 9 East 17th Street (Rudin Management Co.),New York,NY,10003,40.7127281,-74.0060152,ai,corroborated
RUDMAN ENTERPRISES,,,,,,,,
RUDNER LAW OFFICES,"5001 Spring Valley Road, Suite 225E",Dallas,TX,75244,32.9396041,-96.8265129,ai,grounded
RUDNICK & WOLFE,"2600 W Big Beaver Rd, Suite 550",Troy,MI,48084,42.56295,-83.1801553,ai,uncorroborated
RUGBY REALTY,"40 Wall Street, 28th Floor",New York,NY,10005,40.7070219,-74.0096669,ai,uncorroborated
RUGGABLE,"1130 Civic Center Drive, Suite 200",Walnut Creek,CA,94596,37.9020731,-122.0618702,ai,corroborated
RULA,,,,,,,,
RUNYON GROUP,"1990 K Street NW, Suite 700",Washington,DC,20006,38.9020434,-77.0445094,ai,uncorroborated
RUSH,1725 W. Harrison Street,Chicago,IL,60612,41.8734063,-87.6700498,ai,uncorroborated
RUSH PROPERTIES MANAGEMENT,,NEW YORK,NY,10001,,,,
RUSH STREET GAMING,"601 West Jackson Boulevard, Suite 1600",Chicago,IL,60661,41.8777347,-87.6429588,ai,corroborated
RUSH UNIVERSITY MEDICAL CENTER,1620 W Harrison St,Chicago,IL,60612,41.8747145,-87.6676073,ai,corroborated
RUSHING MCCARL LLP,2219 Main St. No. 144,Santa Monica,CA,90405,34.0194704,-118.491227,ai,grounded
"RUSS, AUGUST & KABAT",12424 Wilshire Blvd Suite 700,Los Angeles,CA,90025,34.0415907,-118.4704293,ai,corroborated
"RUSSELL A. BIKOFF, ATTORNEY AND COUNSELOR AT LAW",PO Box 615,McLean,VA,22101,38.9342888,-77.1776327,manual,verified
RUSSELL REYNOLDS ASSOCIATES,"130 East Randolph Street, Suite 2900",Chicago,IL,60601,41.8843072,-87.6242295,ai,corroborated
RUTGERS,57 US Highway 1,New Brunswick,NJ,08901,40.4936119,-74.4436416,ai,corroborated
RUTH BINDER CPA,,,,,,,,
"RUTKIN, OLDHAM, & GRIFFIN","225 W Wacker Dr, Suite 2120",Chicago,IL,60606,41.8862507,-87.6350904,ai,uncorroborated
RUTTENBERG IP LAW,"1801 Century Park East, Suite 1920",Los Angeles,CA,90067,34.0621057,-118.4159357,ai,grounded
RUZ DISTRIBUTION,,,,,,,,
RVA MG,,,,,,,,
RWJ HEALTH,One Robert Wood Johnson Place,New Brunswick,NJ,08901,40.4936119,-74.4436416,ai,corroborated
RWJB HEALTH,1 Robert Wood Johnson Pl,New Brunswick,NJ,08901,40.4951365,-74.4439254,ai,corroborated
RWJBH,One Robert Wood Johnson Plz,New Brunswick,NJ,08901,40.4936119,-74.4436416,ai,corroborated
RWJPE,1 Robert Wood Johnson Plz,New Brunswick,NJ,08903,40.4936119,-74.4436416,ai,corroborated
RXR REALTY,"620 8th Avenue, 16th Floor",New York,NY,10018,40.7558946,-73.9896743,ai,corroborated
RYAN LLC,8101 Windrose Avenue Suite 2000,Plano,TX,75024,33.0885802,-96.825768,ai,grounded
"RYAN, SWANSON & CLEVELAND PLLC",1201 3rd Ave Suite 3400,Seattle,WA,98101,47.6071707,-122.3360996,ai,corroborated
S AND I DIAMOND,,,,,,,,
S JONAS ASSOCIATES LLC,215 West 90th St,New York,NY,10024,40.790714,-73.9740281,ai,grounded
S LEVY SURPLUS,,,,,,,,
S&A MANAGEMENT,,,,,,,,
S&A STORES,,,,,,,,
S&G MEDICAL ENTERPRISES,,,,,,,,
S&P GLOBAL,55 Water Street,New York,NY,10041,40.7032255,-74.0090671,ai,corroborated
S-DOCS,,,,,,,,
S. ADELSBERG & CO,,,,,,,,
S. KATZMAN PRODUCE,225 Nostrand Ave,Brooklyn,NY,11216,40.6908707,-73.9515567,ai,uncorroborated
"S. ZACHARY SAMUELS, A PROF CORP",,,,,,,,
S.A MOORE,,,,,,,,
S.E. MANAGEMENT CORP,,,,,,,,
S.L. NUSBAUM REALTY CO,7 W 20th St,Baltimore,MD,21218,39.3121339,-76.616822,ai,uncorroborated
S101 MANAGEMENT,,SUNNYVALE,CA,94086,,,,
SAADIA GROUP,275 Madison Ave,New York,NY,10016,40.7502038,-73.9813548,ai,grounded
SABAN CAPITAL GROUP,"1999 Avenue of the Stars, Suite 1100",Los Angeles,CA,90067,34.058647,-118.4166661,ai,corroborated
SABER REAL ESTATE ADVISORS,"80 Business Park Drive, Suite 306",Armonk,NY,10504,41.1225726,-73.7089109,ai,grounded
SABRA HEALTH CARE REIT,"11977 San Vicente Blvd, Suite 315",Los Angeles,CA,90049,34.0444042,-118.4981905,ai,corroborated
SAC CAPITAL ADVISORS,"c/o Point72 Asset Management, 72 Cummings Point Rd",Stamford,CT,06902,41.0534302,-73.5387341,ai,corroborated
SACHSE CONSTRUCTION,7025 Grandridge Blvd,Lacey,WA,98516,47.0263876,-122.8072257,ai,uncorroborated
SADA SYSTEMS,"2550 N First St, Suite 1400",San Jose,CA,95131,37.3847877,-121.9247941,ai,corroborated
SADZ,,,,,,,,
SAFE HARBOR MARINAS,"14785 Preston Road, Suite 975",Dallas,TX,75254,32.9495693,-96.8037243,ai,grounded
SAFEGUARD PROPERTIES,"500 W Madison St, Suite 2900",Chicago,IL,60661,41.8825674,-87.6404921,ai,uncorroborated
SAFEHOLD,"60 Madison Ave, 6th Floor",New York,NY,10010,40.7432572,-73.9864215,ai,corroborated
SAFESLEEVE,,,,,,,,
SAFETECH,,,,,,,,
SAFETY INVESTMENT CO,,,,,,,,
SAFETY RADAR,,,,,,,,
SAFEWAY MANAGEMENT SERVICES INC,5918 Stoneridge Mall Rd,Pleasanton,CA,94588,37.6972702,-121.9330456,ai,corroborated
SAFT & CO,,,,,,,,
SAGE CHEMICAL,"2 University Plaza, Suite 204",Hackensack,NJ,07601,40.8963588,-74.0390704,ai,grounded
SAGE HOSPITALITY GROUP,"3800 S Utica Pl, Suite 300",Tulsa,OK,74105,36.0757493,-95.9663107,ai,uncorroborated
SAGE INVESTORS,,,,,,,,
SAGE RHINO CAPITAL,,SAN MATEO,CA,94401,,,,
SAGE VENTURES LLC,"1777 Reisterstown Rd, Suite 245",Pikesville,MD,21208,39.3745035,-76.7227288,ai,grounded
SAGENT,"80 Broad St, 11th Floor",New York,NY,10004,40.7043518,-74.0118701,ai,corroborated
SAGEWIND CAPITAL,430 Park Ave,New York,NY,10022,40.7611695,-73.9722581,ai,corroborated
SAI,,,,,,,,
SAINT GOBAIN CORPORATION,12555 Jefferson Ave,Newport News,VA,23608,37.1297223,-76.5133426,ai,uncorroborated
SAINT LOUIS MATH HELP CENTER,,,,,,,,
SAINT LUKE'S PHYSICIAN GROUP,"100 E 103rd St, Suite 200",Kansas City,MO,64114,38.9414546,-94.591287,ai,corroborated
SAINT LUKES,1000 East Broadway,Saint Louis,MO,63102,38.6254063,-90.190009,ai,corroborated
SAINT PETER'S UNIVERSITY HOSPITAL,254 Easton Ave,New Brunswick,NJ,08901,40.5006491,-74.4598666,ai,corroborated
"SAKKAS, CAHN & WEISS LLP",200 Park Ave Suite 1700,New York,NY,10166,40.7534645,-73.9766148,ai,corroborated
SALESFORCE,"415 Mission Street, 3rd Floor",San Francisco,CA,94105,37.7897744,-122.3969321,ai,corroborated
SALINAS VALLEY MEDICAL CLINIC,450 E Romie Lane,Salinas,CA,93901,36.6590968,-121.6463353,ai,corroborated
SALISBURY MANAGEMENT,23 Walker Ave,Pikesville,MD,21208,39.377078,-76.7219167,ai,grounded
SALMAR PROPERTIES,,,,,,,,
SALOMON SMITH BARNEY,1585 Broadway,New York,NY,10036,40.7599838,-73.9855237,ai,corroborated
SALT LAKE CITY CORPORATION,451 South State Street,Salt Lake City,UT,84111,40.7595344,-111.8867969,ai,corroborated
SALTESH,,,,,,,,
SALTZMAN MUGAN DUSHOFF,1835 Village Center Cir,Las Vegas,NV,89134,36.1926199,-115.3017983,ai,corroborated
SALZBERG LAW OFFICE,2725 1/2 Lowell Blvd,Denver,CO,80211,39.7537201,-105.0346241,ai,grounded
SAM PARSI ATTORNEY APC,"180 Montgomery Street, Suite 1900",San Francisco,CA,94104,37.7912221,-122.4017716,ai,corroborated
SAM SCHOOL,,,,,,,,
SAMANJO INC,,,,,,,,
SAMAR HOSPITALITY,"40 Wall Street, 28th Floor",New York,NY,10005,40.7070219,-74.0096669,ai,corroborated
SAMET CORPORATION,32 Exchange Terrace NE,Atlanta,GA,30303,33.7544657,-84.3898151,ai,uncorroborated
SAMOTH CAPITAL,395 Hudson St,New York,NY,10014,40.7292047,-74.0077866,ai,uncorroborated
SAMS CLUB,2101 SE Simple Savings Drive,Bentonville,AR,72712,36.3462733,-94.1867645,ai,uncorroborated
SAMSON ENERGY COMPANY LLC,"110 W 7th St, Suite 2000",Tulsa,OK,74119,36.1485791,-95.9906334,manual,verified
SAMSON TUG AND BARGE,"311 Sutter Street, Suite 500",San Francisco,CA,94104,37.7895148,-122.4056637,ai,uncorroborated
SAMUEL B COLLECTION,300 Crossing Blvd,Bridgewater,NJ,08807,40.5836973,-74.6133258,ai,uncorroborated
SAMUEL CAPITAL MANAGEMENT,"101 Park Avenue, 41st Floor",New York,NY,10178,40.7508308,-73.9776118,ai,corroborated
"SAMUEL I. FINK, M.D. INC",,,,,,,,
SAMUEL INVESTMENT COMPANY,"675 Ponce De Leon Ave NE, Suite 5000",Atlanta,GA,30308,33.7723214,-84.3653476,ai,uncorroborated
SAMUEL S WEINSTEIN MD,,,,,,,,
SAMUELS & ASSOCIATES,,,,,,,,
SAN ANTONIO ORTHOPAEDIC SPECIALISTS,"8303 N Loop 1604 W, Suite 300",San Antonio,TX,78254,29.5585314,-98.6610471,ai,corroborated
SAN DIEGO JEWISH JOURNAL,"8788 Balboa Avenue, Suite 203",San Diego,CA,92123,32.820711,-117.138967,ai,corroborated
SAN FERNANDO VALLEY NEUROLOGIC,,,,,,,,
SAN FRANCISCO SPINE SURGEONS,1 Shrader Street,San Francisco,CA,94117,37.7746247,-122.4533024,manual,verified
SAN FRANCISCO STATE UNIVERSITY,1600 Holloway Ave,San Francisco,CA,94132,37.7204995,-122.4774198,ai,corroborated
SAN HOSE INSTITUTE OF CONTEMPORARY ART,,,,,,,,
SAN JACINTO COLLEGE NORTH,14615 Independent Parkway,Mission,TX,78573,26.2159066,-98.3252932,ai,corroborated
SAN JOAQUIN DELTA COLLEGE,5151 Pacific Ave,Stockton,CA,95207,37.9952557,-121.3193097,ai,corroborated
SANA,,,,,,,,
SANARIA INC,9600 Blackwell Rd Suite 370,Rockville,MD,20850,39.0999593,-77.1900841,ai,corroborated
SAND CAT PROPERTIES,,,,,,,,
SANDALWOOD SECURITIES INC,"101 Eisenhower Pkwy, 3rd Floor",Roseland,NJ,07068,40.8278863,-74.3209348,manual,verified
SANDERS CLINIC,,,,,,,,
SANDERS ROBERTS LLP,"1 Embarcadero Center, Suite 500",San Francisco,CA,94111,37.7947268,-122.3995563,ai,corroborated
SANDHURST,,,,,,,,
SANDY SPRING BUILDERS,14006 Old Columbia Pike,Germantown,MD,20874,39.181334,-77.266647,ai,corroborated
SANOFI,300 Campus Drive,Florham Park,NJ,07932,40.7835562,-74.4287937,ai,corroborated
SANS SOUCI PROP INC,,,,,,,,
SANTA BARBARA TAX PRODUCT GROUP,,,,,,,,
SANTA CLARITA STUDIOS CORP,27200 Sierra Hwy,Santa Clarita,CA,91351,34.3932782,-118.4870528,ai,corroborated
SANTA FE FILM FESTIVAL,1607 St. Michael's Dr,Santa Fe,NM,87505,35.6574331,-105.9498886,ai,corroborated
SANTA MONICA PARTNERS,1865 Palmer Avenue,Larchmont,NY,10538,40.9342399,-73.7572871,manual,verified
SAORA LLC,,,,,,,,
SAP,2701 Patrick Henry Dr,Palo Alto,CA,94304,37.4443293,-122.1598465,ai,uncorroborated
SAPER LAW,,,,,,,,
SAR ACADEMY,,,,,,,,
SAR HIGH SCHOOL,,,,,,,,
SARACHEK LAW FIRM,"101 Park Ave, 27th Floor",New York,NY,10178,40.7508308,-73.9776118,ai,corroborated
SARAD MARKEING,,,,,,,,
SARAH LAWRENCE COLLEGE,1 Mead Way,Bronxville,NY,10708,40.9381544,-73.8320784,ai,corroborated
SARAH Z DESIGNS,,,,,,,,
SARASOTA PHYSICIANS' DIALYSIS CENTER,401 S Tuttle Ave,Sarasota,FL,34237,27.332779,-82.513937,ai,corroborated
SARGEANT MAJOR ASSOCIATES,,,,,,,,
SAS,100 SAS Campus Drive,Cary,NC,27513,35.829255,-78.765657,ai,corroborated
SASONE,,,,,,,,
SASSON REAL ESTATE GROUP,,,,,,,,
SATELLITE ASSET MANAGEMENT LP,"3 Embarcadero Center, Suite 1250",San Francisco,CA,94111,37.7946662,-122.3996548,ai,uncorroborated
SAUL EWING,1735 Market Street Suite 3400,Philadelphia,PA,19103,39.953644,-75.1695204,ai,grounded
SAV EYEWEAR,,,,,,,,
SAVAL FOODS CORPORATION,,,,,,,,
SAVE THE DATE,,,,,,,,
SAVERS,990 Reserve Drive,Bellevue,WA,98005,47.6144219,-122.192337,ai,uncorroborated
SAVILLS,225 West 34th Street,New York,NY,10122,40.7518074,-73.9917459,ai,corroborated
SAVVI AI,,,,,,,,
SAXON MNAGEMENT,,,,,,,,
SAXON PARTNERS LLC,309 Lexington Ave Suite 1000,New York,NY,10016,40.748639,-73.9779697,ai,uncorroborated
SAZERAC COMPANY,101 Mardi Gras Blvd,New Orleans,LA,70130,29.9381024,-90.0511455,ai,corroborated
SB ADVISORS,,,,,,,,
SB360 CAPITAL PARTNERS LLC,1540 Broadway 22nd Floor,New York,NY,10036,40.758032,-73.984832,ai,corroborated
SBA,409 3rd Street SW,Washington,DC,20416,38.8846357,-77.0157343,ai,uncorroborated
SBH,,,,,,,,
SBJT - BAKLARZ FAMILY,,,,,,,,
SBL VENTURE CAPITAL,,,,,,,,
SBLF,,,,,,,,
SBNY,565 5th Ave,New York,NY,10017,40.7560465,-73.9785035,ai,grounded
SBV RE INVESTMENTS LLC,"1150 Kane Concourse, Floor 2",Bay Harbor Islands,FL,33154,25.8864704,-80.1323094,ai,corroborated
SCA PHARMA,95 Hayden Avenue,Lexington,MA,02421,42.4247495,-71.2463592,ai,uncorroborated
SCAEFER FINANCIAL GROUP,,,,,,,,
SCALE LAW,,,,,,,,
SCARSDALE MEDICAL GROUP,2 Dickson Plaza,Scarsdale,NY,10583,40.9885221,-73.8085608,ai,corroborated
SCHALL LAW FIRM,"2049 Century Park East, Suite 2460",Los Angeles,CA,90067,34.0587104,-118.4127848,ai,grounded
SCHATZKI,,,,,,,,
SCHECHNER LIFSON,25 DeForest Ave,Summit,NJ,07901,40.7189755,-74.359855,ai,corroborated
SCHECHTER MANHATTAN SCHOOL,244 West 144th Street,New York,NY,10030,40.8213013,-73.9408672,ai,corroborated
SCHECK GROUP,,MIAMI,FL,33131,,,,
SCHEINER LAW GROUP PC,,,,,,,,
SCHER INVESTMENT GROUP,"1485 E Valley Road, Suite C",Montecito,CA,93108,34.4365916,-119.6332338,manual,verified
SCHIFF & ASSOCIATES CO. LPA,"1350 Euclid Avenue, Suite 800",Cleveland,OH,44115,41.5003198,-81.6818083,ai,corroborated
SCHINDLER BROKERAGE LLC,7333 Rondel Ct,San Diego,CA,92119,32.80736,-117.044616,ai,grounded
SCHLANGER SILVER LLP,260 Madison Ave 17th Floor,New York,NY,10016,40.750754,-73.9812427,ai,uncorroborated
SCHLESINGER AND BUCHBINDER LLP,380 Lexington Ave Suite 1706,New York,NY,10168,40.7509668,-73.9765719,ai,uncorroborated
SCHLUMBERGER,"5599 San Felipe, Suite 3700",Houston,TX,77056,29.749961,-95.47434,ai,corroborated
SCHMITT SUSSMAN ENTERPRISES,,,,,,,,
SCHNITMAN CHIROPRACTIC,,,,,,,,
SCHNITZER STEEL,3300 NW Yeon Ave,Portland,OR,97210,45.5460228,-122.708817,ai,corroborated
"SCHOCHOR, STATON, GOLDBERG AND CARDEA PA","1920 N Street NW, Suite 400",Washington,DC,20036,38.907161,-77.0438298,ai,uncorroborated
SCHOENBERG MEMORIAL CHAPEL,519 Philadelphia Pike,Wilmington,DE,19809,39.7689048,-75.50500439999999,ai,grounded
SCHONFELD,"520 Madison Avenue, 14th Floor",New York,NY,10022,40.7602214,-73.9744253,ai,corroborated
SCHONFELD STRATEGIC ADVISORS,"299 Park Avenue, 12th Floor",New York,NY,10171,40.7560254,-73.9741826,ai,grounded
SCHOOL DISTRICT,,,,,,,,
SCHOOL DISTRICT 12,,,,,,,,
SCHOOL OF STYLE,,,,,,,,
SCHOOL TELECOM LLC,2610 E Rose Garden Ln Suite 203,Phoenix,AZ,85050,33.676959,-112.0265855,ai,uncorroborated
SCHOOLER ASSET MANAGEMENT COMPANY,"580 California Street, Suite 1200",San Francisco,CA,94104,37.7929844,-122.404152,ai,uncorroborated
SCHOSTAK BROTHERS,"2000 Town Center, Suite 1900",Southfield,MI,48075,42.4771691,-83.2460432,ai,corroborated
SCHREIBER ALLERGY,"9601 Blackwell Road, Suite 350",Rockville,MD,20850,39.0999593,-77.1900841,ai,grounded
SCHUCKIT AND ASSOCIATES PC,4545 Northwestern Drive,Zionsville,IN,46077,39.950724,-86.2616968,ai,corroborated
SCHUCKMAN REALTY,,,,,,,,
SCHULTE ROTH & ZABEL,"919 Third Avenue, 20th Floor",New York,NY,10022,40.7588917,-73.9674682,ai,corroborated
SCHUSTERMAN,"3000 West Camelback Road, Suite 260",Phoenix,AZ,85017,33.5095205,-112.1234596,ai,uncorroborated
SCHUSTERMAN INTERESTS LLC,,Tulsa,OK,,,,,
SCHUWARGER & ASSOCIATES,,,,,,,,
SCHUYLER,,,,,,,,
SCHWALB REALTY GROUP INC,,,,,,,,
SCHWARTZ ADVISORS,"340 Madison Avenue, 2nd Floor",New York,NY,10173,40.7539442,-73.9789783,ai,uncorroborated
SCHWARTZ CAPITAL GROUP,"676 N Michigan Ave, Suite 3350",Chicago,IL,60611,41.8947239,-87.6249368,ai,uncorroborated
SCHWARTZ LAW PLLC,,,,,,,,
SCHWARTZ SLADKUS REICH,270 Madison Avenue,New York,NY,10016,40.7512394,-73.9808787,ai,corroborated
SCHWEBEL GOETZ & SIEBEN,"7501 Metro Boulevard, Suite 100",Minneapolis,MN,55439,44.9772995,-93.2654692,ai,uncorroborated
SCHWEIGER DERMATOLOGY,"110 East 55th Street, 14th Floor",New York,NY,10022,40.7598571,-73.9711792,ai,grounded
SCI CAPITAL,"1875 Century Park East, Suite 320",Los Angeles,CA,90067,34.0618409,-118.415054,ai,grounded
SCI TECH AUTOMOTIVE,12010 S US Highway 71,Grandview,MO,64030,38.8898478,-94.5313816,ai,grounded
SCIENCE IS ELEMENTARY,,,,,,,,
SCIENCE LAB 3,,,,,,,,
SCIENTIST,,,,,,,,
SCMV,,,,,,,,
SCOPE IMPORTS INC,,,,,,,,
SCOPP AND ASSOCIATES,,,,,,,,
SCOR GLOBAL LIFE REINSURANCE,"101 South Tryon Street, Suite 3200",Charlotte,NC,28280,35.2259484,-80.8431228,ai,grounded
SCOR REINSURANCE,"1166 Avenue of the Americas, 33rd Floor",New York,NY,10036,40.7568778,-73.9820036,ai,uncorroborated
SCORE MENTORS,"409 3rd Street SW, Suite 700",Washington,DC,20024,38.8846357,-77.0157343,ai,uncorroborated
"SCOTT FANE,CPA PA",7401 Wiles Road,Coral Springs,FL,33067,26.2867597,-80.2258512,ai,corroborated
SCOTT NOTIONS INC,,,,,,,,
SCOTTHULSE PC,"201 E Main Dr, Suite 1100",El Paso,TX,79901,31.7589,-106.4905776,ai,corroborated
SCP,,,,,,,,
SCP MANAGEMENT,"1 Seneca Tower, Suite 2400",Buffalo,NY,14203,42.8797305,-78.8765295,ai,grounded
SCPMG,,,,,,,,
SCRAP DEALER,,,,,,,,
SCRAPSOURCE,"8235 Douglas Ave, Ste 401",Dallas,TX,75225,32.8626375,-96.8090338,ai,grounded
SCREEN MACHINE,250 Fairview Drive,Columbia,TN,38401,35.6154452,-87.0197763,ai,uncorroborated
SCRIPPS HEALTH,10124 Sorrento Valley Road,San Diego,CA,92121,32.8900487,-117.2090474,ai,corroborated
SCRRA,"900 Wilshire Blvd., Suite 450",Los Angeles,CA,90017,34.0501526,-118.2603791,ai,corroborated
SCS,,,,,,,,
SCULPTOR CAPITAL MANAGEMENT,9 West 57th Street,New York,NY,10019,40.7638353,-73.9749533,manual,verified
SDA,,,,,,,,
SDB FAMILY HOLDINGS LLC,,,,,,,,
SDG,,,,,,,,
SDG&E,8326 Century Park Court,San Diego,CA,92123,32.8235386,-117.1439682,ai,corroborated
SDI TECHNOLOGIES INC,1299 Main Street,Rahway,NJ,07065,40.60326,-74.275399,ai,grounded
SDSU,5500 Campanile Drive,San Diego,CA,92182,32.7729919,-117.0736735,ai,corroborated
SE ASSET MANAGEMENT GROUP INC,,,,,,,,
SE CHIRO,,,,,,,,
SEA LAND CHEMICAL,1500 E. 1st Street,Marion,IN,46952,40.5605108,-85.6579087,ai,uncorroborated
SEACOR HOLDINGS INC,"600 Brickell Ave, Suite 2525",Miami,FL,33131,25.7675114,-80.1910059,ai,corroborated
SEAL,,,,,,,,
SEAM,,,,,,,,
SEAPORT GLOBAL,"1251 Avenue of the Americas, 29th Floor",New York,NY,10020,40.7600411,-73.9818903,ai,uncorroborated
SEARS FINANCIAL CORP,"6340 N Campbell Ave, Ste 278",Tucson,AZ,85718,32.2876979,-110.9438323,ai,grounded
SECOND LINE ADVISORS,"745 Fifth Avenue, 9th Floor",New York,NY,10151,42.7154556,-73.7079975,ai,corroborated
SECOR ASSET MANAGEMENT,"10 W. Broadway, Suite 301",Long Beach,CA,90802,33.7693116,-118.193206,ai,uncorroborated
SEDER $ CHANDLER LLP,,,,,,,,
SEDGWICK,"1251 Avenue of the Americas, 43rd Floor",New York,NY,10020,40.7600411,-73.9818903,ai,uncorroborated
SEED AND SMITH,"1656 N Fort Lauderdale Beach Blvd, Suite 210",Fort Lauderdale,FL,33304,26.1301324,-80.1034298,ai,corroborated
SEED MILL,,,,,,,,
SEEN READ HEARD,,,,,,,,
SEF,,,,,,,,
SEGAL & FEINBERG,,,,,,,,
SEGAL MANAGEMENT LLC,"300 Frank W. Burr Blvd, Suite 21",Teaneck,NJ,07666,40.8734797,-74.0067601,ai,uncorroborated
SEGALL GROUP,109 Libbey Park North,Westfield,NJ,07090,40.651726,-74.3483059,ai,uncorroborated
SEGBRO,,,,,,,,
SEGENS NA,,,,,,,,
SEIDBERG LAW OFFICES PC,2412 E Campbell Ave,Phoenix,AZ,85016,33.502199,-112.029099,ai,grounded
SEL,,,,,,,,
SELECT PET PRODUCTS,2980 NE 207TH STREET SUITE 701,Aventura,FL,33180,25.9672592,-80.14206,ai,grounded
SELECTIVE REAL ESTATE INVESTMENTS,,ENCINO,CA,91316,,,,
SELF-HELP HOME,1531 Fillmore Street,San Francisco,CA,94115,37.7836353,-122.4328779,ai,uncorroborated
SELG,,,,,,,,
SELIG ENTERPRISES,"1100 Spring St NW, Suite 700",Atlanta,GA,30309,33.784563,-84.389307,ai,corroborated
SELIG ZISES INVESTING,,,,,,,,
SELIGMAN GROUP,"10877 Wilshire Blvd, Suite 2500",Los Angeles,CA,90024,34.0593157,-118.4421772,ai,uncorroborated
SELKIN LASER CENTER,"1133 3rd Ave, Suite 400",New York,NY,10065,40.766627,-73.962755,ai,uncorroborated
"SELLERS, AYERS, DORTCH AND LYONS",,,,,,,,
SELLUP INC,,,,,,,,
SELMAN LEICHENGER,,,,,,,,
SELT,,,,,,,,
SELTZER CAPLAN,"750 B Street, Suite 2100",San Diego,CA,92101,32.7179729,-117.157883,ai,grounded
SELTZER LICENSING GROUP,"40 Worth St, 10th Floor",New York,NY,10013,40.717095,-74.0067095,ai,corroborated
SELZER GURVITCH ET AL,,,,,,,,
SEMICONDUCTOR SECTOR,,,,,,,,
SEMINOLE COUNTY PUBLIC SCHOOLS,400 E Lake Mary Blvd,Sanford,FL,32773,28.7578026,-81.2827259,ai,corroborated
SEMINOLE INVESTMENT MANAGEMENT,"55 Post Road West, Third Floor",Westport,CT,06880,41.1414855,-73.3578955,ai,grounded
SEMPRE CAPITAL,"750 Lexington Ave, 14th Floor",New York,NY,10022,40.7625148,-73.9685564,ai,uncorroborated
SEMRUSH,"800 Boylston St, Suite 2475",Boston,MA,02199,42.3471718,-71.0825069,ai,uncorroborated
SENIOR HOUSING GROUP LLC,,Chicago,IL,,,,,
SENIOR INSURANCE SOLUTIONS LLC,"400 Rella Boulevard, Suite 120",Woodland Park,NJ,07424,40.8893288,-74.1969657,ai,uncorroborated
SENIOR MANAGING DIRECTOR,,,,,,,,
SENSIBLE AUTO SERVICING,,,,,,,,
SENTILINK,"3955 Freedom Circle, Suite 460",Santa Clara,CA,95054,37.3853878,-121.9729086,ai,corroborated
SEPF,,,,,,,,
SEPHARDIC INSTITUTE & SYNAGOGUE,,,,,,,,
SEPHORA,"525 Market St, Suite 1800",San Francisco,CA,94105,37.7905075,-122.399158,ai,corroborated
SEQUENTIAL BRANDS,"1407 Broadway, 38th Floor",New York,NY,10018,40.753531,-73.9876248,ai,grounded
SEQUOIA CONSULTING GROUP,"2410 Camino Ramon, Suite 225",San Ramon,CA,94583,37.7739751,-121.9645954,ai,uncorroborated
SEQUOIA PROPERTY MANAGEMENT,"101 California St, Suite 1500",San Francisco,CA,94111,37.7929054,-122.3981127,ai,uncorroborated
SEQUOIA REALTY,"2479 E Bayshore Rd, Suite 100",Palo Alto,CA,94303,37.4483405,-122.1179191,ai,corroborated
SERENA & LILY,"2440 Broadway, Suite 202",Santa Monica,CA,90404,34.0311642,-118.4738585,ai,corroborated
SERITAGE GROWTH PROPERTIES,"600 Lexington Ave, 40th Floor",New York,NY,10022,40.7580277,-73.9714246,ai,uncorroborated
SERLING & ABRAMSON PC,"810 Seventh Avenue, Suite 620",New York,NY,10019,40.9138474,-73.8064848,ai,uncorroborated
SERMONIX PHARMACEUTICALS,250 East Broad Street Suite 250,Columbus,OH,43215,39.9632555,-82.9940042,ai,grounded
SERTA MATTRESS CO,2451 Industry Avenue,Doraville,GA,30360,33.900639,-84.2866643,manual,verified
SERVENCO ENTERPRISES,,,,,,,,
SERVENCO MANAGEMENT,,Old Greenwich,CT,06870,,,,
SERVICE MARKETING INC,"200 West 41st Street, Suite 1600",New York,NY,10036,40.755372,-73.9877527,ai,uncorroborated
SERVICE SUPPORT SPECIALTIES INC,,,,,,,,
SERVICE TITAN,"555 W 5th St, Suite 2300",Los Angeles,CA,90013,34.0500816,-118.2534063,ai,corroborated
SERVICE WIRE CO,201 Spring Street,Ridgefield,NJ,07657,40.8342669,-74.0087505,ai,uncorroborated
SERVICENOW,2225 Lawson Ln,Santa Clara,CA,95054,37.3758244,-121.9627088,ai,corroborated
SESAME MEDITERRANEAN GRILL,15233 Ventura Blvd Ste 230,Sherman Oaks,CA,91403,34.1540942,-118.465252,ai,grounded
SETAREH LAW GROUP,"9454 Wilshire Blvd, Suite 600",Beverly Hills,CA,90212,34.066719,-118.3986768,ai,corroborated
SETH GROSSMAN ATTORNEY,,,,,,,,
SETNA,,,,,,,,
SETNA IO,,,,,,,,
SETON HALL UNIVERSITY,400 South Orange Avenue,South Orange,NJ,07079,40.7418456,-74.2449474,ai,corroborated
SEVEN GABLES REAL ESTATE,150 West End Ave,Boston,MA,02134,42.3588336,-71.0578303,ai,uncorroborated
SEVEN LETTER,"260 Madison Ave, 9th Floor",New York,NY,10016,40.750754,-73.9812427,ai,uncorroborated
SEWARD & KISSEL,One Battery Park Plaza,New York,NY,10004,40.7033346,-74.0137727,ai,corroborated
SEWICKLEY VALLEY MEDICAL GROUP,100 West Pittsburgh St,Sewickley,PA,15143,40.5403417,-80.1805269,ai,corroborated
SEYFARTH,"233 S. Wacker Drive, 8000",Chicago,IL,60606,41.8755616,-87.6244212,ai,corroborated
SEYFARTH SHAW,"233 South Wacker Drive, Suite 8000",Chicago,IL,60606,41.878738,-87.6359612,ai,grounded
SF CUSTOM HOMES LLC,,,,,,,,
SF POULTRY,441 North Sam Houston Pkwy E,Houston,TX,77060,29.9396387,-95.396779,ai,uncorroborated
SF PROPERTIES LLC,"17800 Laurel Park Drive N, Ste 200C",Livonia,MI,48152,42.4147668,-83.4193276,manual,verified
SFB EVOLUTION INC,,,,,,,,
SFHI,"600 Anton Blvd, Ste 900",Costa Mesa,CA,92626,33.6907796,-117.8814284,ai,uncorroborated
SFMG,,,,,,,,
SFO AIRPORR,"International Terminal, San Francisco International Airport, 1 Airport Access Road",San Francisco,CA,94128,37.7879363,-122.4075201,ai,corroborated
SFSS,,,,,,,,
SG PARTNERS,"28 Liberty St, 39th Floor",New York,NY,10005,40.7078495,-74.0089818,ai,corroborated
SG360,1351 S. Wheeling Rd,Wheeling,IL,60090,42.1149612,-87.9269536,ai,grounded
SGC,,,,,,,,
SGUS,,,,,,,,
SGWS,1600 NW 163rd St,Miami,FL,33169,25.922008,-80.2264442,ai,grounded
SH&A,,,,,,,,
SHADER BROTHERS CORP,6327 Edgewater Dr,Orlando,FL,32810,28.5842117,-81.3920826,ai,grounded
SHADY GROVE FERTILITY,"9625 Blackwell Road, Suite 200",Rockville,MD,20850,39.0999593,-77.1900841,ai,corroborated
SHAKER RECRUITMENT MARKETING,1100 Lake Street,Oak Park,IL,60301,41.8890984,-87.8030534,ai,grounded
SHAKESPEARE OXFORD FELLOWSHIP,,,,,,,,
SHALHEVET,8100 Woodman Ave,Van Nuys,CA,91406,34.2073365,-118.4313386,ai,corroborated
SHALHEVET HIGH SCHOOL,910 South Citrus Avenue,Los Angeles,CA,90036,34.0584913,-118.3406451,ai,corroborated
SHALOM ALLIANCE VERMONT,36 Pearl St,Montpelier,VT,05602,44.2675052,-72.5708473,ai,corroborated
SHALOM INSTITUTE,,,,,,,,
SHALOM TIKVAH,2045 Myrtlewood Rd,Baltimore,MD,21209,39.3728808,-76.6649954,ai,grounded
"SHAMBERG, JOHNSON & BERGMAN","2600 Grand Blvd, Suite 550",Kansas City,MO,64108,39.0794801,-94.5837413,ai,grounded
SHAMIE DEVELOPMENT,26111 W 14 Mile Rd Ste LL4,Franklin,MI,48025,42.5288342,-83.304733,ai,corroborated
SHAMINA INVESTMENTS,,,,,,,,
SHANNON FABRICS,3131 South Alameda Street,Los Angeles,CA,90058,34.0109001,-118.2397881,ai,grounded
SHANNON RIVER,,,,,,,,
SHANNON RUSSO INTERIORS,"45 West 27th St, 6th Fl",New York,NY,10001,40.7127281,-74.0060152,ai,uncorroborated
SHAOLIAN LAW FIRM PC,"11 Broadway, Ste 615",New York,NY,10004,40.7052865,-74.0140236,ai,uncorroborated
SHAPCO,4000 E. 3rd Street,Tucson,AZ,85711,32.23156,-110.907042,ai,uncorroborated
SHAPERO & SHAPERO,"5950 Canoga Ave, Suite 235",Woodland Hills,CA,91367,34.1782555,-118.5972605,ai,grounded
SHAPIRO AND DUNCAN,,,,,,,,
SHAPIRO LAW TEAM,,,,,,,,
SHAPIRO LINN STRATEGIC CONSULTING,,,,,,,,
SHAPIRO ZWANETZ & LAKE,"7226 Lee Deforest Drive, Suite 207",Columbia,MD,21046,39.1735936,-76.8221739,ai,grounded
"SHAPIRO, GOLDMAN, BABBONI",,,,,,,,
SHARE AMERICA,1300 Pennsylvania Avenue NW,Washington,DC,20004,38.8942317,-77.0306901,ai,uncorroborated
SHARF LAW FIRM,,,,,,,,
SHARP ADVISORY SERVICES,,,,,,,,
SHARP CORONADO HOSPITAL AND HEALTHCARE,352 Santa Clara Ave,Coronado,CA,92118,32.6915199,-117.1766947,ai,corroborated
SHARP HEALTHCARE,7901 Frost Street,San Diego,CA,92123,32.7996982,-117.1543535,ai,corroborated
SHARP MANAGEMENT CORP,,,,,,,,
SHARP MEDICAL IMAGING,,,,,,,,
SHARSHARET,"3 University Plaza, Suite 402",Hackensack,NJ,07601,40.8960633,-74.0395893,ai,corroborated
SHAVER & LIEBOWITZ,,,,,,,,
SHAW,"2828 N. Harwood Street, Suite 1600",Dallas,TX,75201,32.7946637,-96.8081922,ai,uncorroborated
SHAW GUSSIS FISHMAN GLANTZ WOLFSON,"321 N. Clark Street, Suite 800",Chicago,IL,60654,41.8881696,-87.6306139,ai,corroborated
SHAW PERELSON,,,,,,,,
SHAWN COHEN DDS PLLC,,,,,,,,
SHE'S GOT ISSUES MEDIA,,,,,,,,
SHEA & GOULD,90 Broad Street,New York,NY,10004,40.7037965,-74.0119608,ai,uncorroborated
SHEA & MCINTYRE,,,,,,,,
SHEARMAN & STERLING,599 Lexington Avenue,New York,NY,10022,40.7578542,-73.9707227,ai,corroborated
SHEENA PROPERTIES,,,,,,,,
SHEERR COMM,,,,,,,,
SHEFA INNOVATION FOUNDRY,,,,,,,,
SHELDON DEVELOPMENT,,,,,,,,
SHELL,150 N. Dairy Ashford Road,Houston,TX,77079,29.7858278,-95.606408,ai,uncorroborated
SHELLY LEVY,,,,,,,,
SHEPPARD,,,,,,,,
SHEPPARD MULLIN,"333 South Hope Street, 43rd Floor",Los Angeles,CA,90071,34.0536175,-118.2532727,ai,corroborated
SHER PLASTICS,,,,,,,,
SHERIDAN,1450 Broadway,New York,NY,10018,40.7548345,-73.9864878,ai,uncorroborated
SHERIDAN PLACE,,,,,,,,
SHERJAN BROADCASTING,,,,,,,,
SHERMAN BOSEMAN LEGAL GROUP,,,,,,,,
SHERMAN IP LLP,"15760 Ventura Blvd., Suite 700",Los Angeles,CA,91436,34.1552716,-118.4762079,ai,grounded
SHERMAN LAW GROUP PC,"2 Bethesda Metro Center, Suite 700",Bethesda,MD,20814,38.9847744,-77.0957275,ai,uncorroborated
SHERMAN RESIDENTIAL,400 Skokie Blvd Suite 200,Northbrook,IL,60062,42.1439177,-87.7967861,ai,grounded
SHERMAN TAX,,,,,,,,
SHERR LAW GROUP,,,,,,,,
SHERRILL REALTY CO,26 Broad St,New York,NY,10004,40.7064277,-74.011345,ai,uncorroborated
SHERWOOD,,,,,,,,
SHES GOT ISSUES,,,,,,,,
SHETLAND PROPERTIES,5410 W Roosevelt Road,Chicago,IL,60644,41.8658092,-87.7561303,manual,verified
SHHC,,,,,,,,
SHL INVESTMENT GROUP,"9 West 57th Street, 50th Floor",New York,NY,10019,40.7638353,-73.9749533,ai,grounded
SHOBU INC,,,,,,,,
SHOLOM & ZUCKERBROT REALTY LLC,,,,,,,,
SHOMREI TORAH WCC,,,,,,,,
SHOOK HARDY BACON,2555 Grand Blvd,Kansas City,MO,64108,39.0798234,-94.5823472,ai,uncorroborated
SHOP AT HOME,"5825 University Research Ct, Suite 100",Charlotte,NC,28262,35.2272086,-80.8430827,ai,uncorroborated
SHOPPERAI,,,,,,,,
SHOPPING CENTER MANAGEMENT CO,"1829 Reisterstown Rd, Suite 440",Pikesville,MD,21208,39.3745035,-76.7227288,ai,grounded
SHOPRITE OF MARYLAND,,,,,,,,
SHORASHIM,,,,,,,,
SHORE MEDICAL CENTER,1000 Delaware Ave,Somers Point,NJ,08244,39.3111446,-74.5958233,ai,corroborated
SHORENSTEIN,"2600 El Camino Real, Suite 300",Palo Alto,CA,94306,37.4239195,-122.1433245,ai,uncorroborated
SHOREPOINTE NURSING & REHABILITATION CENTER,,,,,,,,
SHORES AND MARINA HARBOR APARTMENTS,,,,,,,,
SHOREWOOD FINANCIAL,"111 W Wisconsin Ave, Suite 1000",Milwaukee,WI,53203,43.03863,-87.911083,ai,uncorroborated
SHORSTEIN & SHORSTEIN,"9100 S. Dadeland Blvd., Suite 1610",Miami,FL,33156,25.6851049,-80.3146034,ai,uncorroborated
"SHOSHANA BULOW, PHD",,,,,,,,
SHOWD.ME,,,,,,,,
SHOWPLACE,,,,,,,,
SHOWRUNNER INDUSTRIES,,,,,,,,
SHOWTIME NETWORKS,1633 Broadway,New York,NY,10019,40.762093,-73.9846559,ai,uncorroborated
SHP REALTY INC,,,,,,,,
SHRIVER INVESTMENTS,,,,,,,,
SHUMAKER,"100 North Tampa Street, Suite 1200",Tampa,FL,33602,27.9454769,-82.4582642,ai,corroborated
SHUMAKER LOOP & KENDRICK,1000 Jackson Street,Toledo,OH,43604,41.656751,-83.538502,ai,grounded
SHUSHANA,,,,,,,,
SHUTTS & BOWEN LLP,"200 S Orange Ave, Suite 1800",Orlando,FL,32801,28.5400099,-81.3794971,ai,corroborated
SHVI,,,,,,,,
SIBE AUTOMATION,,,,,,,,
SICHENZIA ROSS,61 Broadway,New York,NY,10006,40.7069573,-74.0125097,ai,corroborated
SICHENZIA ROSS FERENCE CARMEL LLC,"61 Broadway, 32nd Floor",New York,NY,10006,40.7127281,-74.0060152,ai,corroborated
SICPA PRODUCT SECURITY,1700 Research Boulevard,Rockville,MD,20850,39.0962993,-77.1828847,ai,uncorroborated
SIDEROFSKY STRATEGIC ADVISORS,,,,,,,,
SIDLEY,"One South Dearborn, 1 S Dearborn St",Chicago,IL,60603,41.8815592,-87.6287306,ai,grounded
SIDLEY AUSTIN LLP,One South Dearborn,Chicago,IL,60603,41.8815592,-87.6287306,ai,corroborated
SIDNEY CHARLES,,,,,,,,
SIDNEY G. FRIEDMAN MD INC,,,,,,,,
SIEGEL INSURANCE INC,,,,,,,,
SIEGFRIED RIVERA,"201 Alhambra Cir, Suite 1100",Coral Gables,FL,33134,25.752655,-80.2591935,ai,corroborated
SIEGMAN CONSULTING SERVICES,,,,,,,,
SIEMENS DEMATIC P.A. L.T.D,1000 Deerfield Parkway,Buffalo Grove,IL,60089,42.1696287,-87.9349881,ai,uncorroborated
SIEMENS ENERGY,9900 W 109th St,Overland Park,KS,66210,38.9308245,-94.6998175,ai,uncorroborated
SIERRA FRANKLIN LLC,,,,,,,,
SIERRA IMAGING ASSOCIATES,,,,,,,,
SIERRA MINERALS LLC,,,,,,,,
SIERRA STEEL TRADING,,,,,,,,
SIERRACONSTELLATION PARTNERS,,,,,,,,
SIFMA,"120 Broadway, 35th Floor",New York,NY,10271,40.7082035,-74.0105065,ai,corroborated
SIFT SCIENCE,"275 7th St, Suite 1900",San Francisco,CA,94103,37.7771506,-122.4082027,ai,corroborated
SIG,401 City Ave,Bala Cynwyd,PA,19004,40.0085608,-75.2133748,ai,corroborated
SIGMA INVESTMENT COUNSELORS,"186 E. Main Street, Suite 200",Northville,MI,48167,42.4312684,-83.4813168,ai,grounded
SIGNAL BRANDS,"5600 West Adams, Suite 200",Los Angeles,CA,90016,34.0326307,-118.3208667,ai,grounded
SIGNAL HILL HOLDINGS,38 Sylvan Rd,Madison,CT,06443,41.2803555,-72.5694105,ai,grounded
SIGNATURE BANK,565 Fifth Avenue,New York,NY,10017,40.7560465,-73.9785035,ai,corroborated
SIGNATURE PARTNERS LLC,,,,,,,,
SIGNATURE RESOLUTION,,,,,,,,
SIKORSKY AIRCRAFT,6900 Main Street,Stratford,CT,06614,41.2533077,-73.0921109,ai,uncorroborated
SILBERMAN LAW PA,,,,,,,,
SILBERSTEIN & ASSOCIATES,,,,,,,,
SILBEY,,,,,,,,
SILCON,,,,,,,,
SILICON EAST,,,,,,,,
SILLS CUMMIS & GROSS PC,101 Park Avenue,Florham Park,NJ,07932,40.77887,-74.429091,ai,corroborated
SILS CAPITAL,,,,,,,,
SILVER COMPANIES,4910 Plank Road,Fredericksburg,VA,22407,38.2956287,-77.5140602,manual,verified
SILVER CROSS SURGERY CENTER,18900 South Illinois Street,Orland Park,IL,60467,41.630663,-87.8536288,ai,corroborated
SILVER FALCON CAPITAL,,,,,,,,
SILVER FAMILY,,,,,,,,
SILVER FOX CAPITAL GROUP,7 Timber Lane,Bedford,NH,03110,42.9464737,-71.5159015,ai,uncorroborated
SILVER HEIGHTS CAPITAL,,,,,,,,
SILVER INVESTMENTS LIMITED,,,,,,,,
SILVER LEGAL SERVICES LLC,,,,,,,,
SILVER MARKETING,,,,,,,,
SILVER MOUNTAIN PARTNERS,60 Stargazer Way,Sedona,AZ,86336,34.8688613,-111.7614394,manual,verified
SILVERMAN ANKLE & FOOT,,,,,,,,
SILVERMAN FINANCIAL,350 Orchard Avenue,Ridgewood,NJ,07450,40.9796683,-74.1194403,ai,uncorroborated
SILVERMAN REALTY GROUP,200 West 41st Street,New York,NY,10036,40.755372,-73.9877527,ai,uncorroborated
SILVERSTEIN DREAM FOUNDATION,30 West 44th Street,New York,NY,10036,40.7553043,-73.9817247,ai,corroborated
SILVERSTEIN POMERANTZ,30 West 44th Street,New York,NY,10036,40.7553043,-73.9817247,ai,uncorroborated
SILVERSTEIN PROPERTIES,7 Times Square,New York,NY,10036,40.7555015,-73.9869028,ai,corroborated
SILVERTON MORTGAGE,1701 Village Center Circle,Las Vegas,NV,89134,36.1904515,-115.3000127,ai,uncorroborated
SIM INTERNATIONAL,,,,,,,,
SIMBA GROUP,,,,,,,,
SIMMONS COLLEGE,300 The Fenway,Boston,MA,02115,42.3400317,-71.1008718,ai,corroborated
SIMON FINANCIAL,,,,,,,,
SIMON PASTON & SONS,,,,,,,,
SIMON PROPERTY GROUP,"225 W Washington St, Suite 2500",Indianapolis,IN,46204,39.7669316,-86.1619915,ai,corroborated
SIMON WIESENTHAL CENTER,9760 West Pico Boulevard,Los Angeles,CA,90035,34.0537249,-118.4017199,ai,grounded
SIMONCRE,6900 E 2nd Street,Scottsdale,AZ,85251,33.49141,-111.9323,ai,grounded
SIMONS FOUNDATION,"160 5th Avenue, 7th Floor",New York,NY,10010,40.7402401,-73.9909856,ai,corroborated
SIMPLIGOV,1000 Broadway,Oakland,CA,94607,37.8015868,-122.2720787,ai,corroborated
SIMPLILEARN USA,"600 Washington Ave, Suite 309",Bellevue,WA,98004,47.6022985,-122.1852346,ai,uncorroborated
SIMPSON THACHER AND BARTLETT,425 Lexington Avenue,New York,NY,10017,40.7522694,-73.9749665,ai,corroborated
SIMSBURY BANK,1 Central Plaza,Simsbury,CT,06070,41.8759152,-72.8012211,ai,corroborated
SINA RABI MD INC,,,,,,,,
SINEL & OLESEN PLLC,,,,,,,,
SINGER WEALTH ADVISORS,,,,,,,,
SINGLE SERVE MERCH,,,,,,,,
SINGLETON SCHREIBER LLP,"591 Camino de la Reina, Suite 1025",San Diego,CA,92108,32.7656146,-117.1616655,ai,grounded
SIPKIN ORTHODONRICS,,,,,,,,
SIRIS CAPITAL LLC,"777 S. Flagler Drive, Suite 1400",West Palm Beach,FL,33401,26.7199025,-80.075761,ai,grounded
SIRM,,,,,,,,
SIROTE & PERMUTT,2311 Highland Avenue South,Birmingham,AL,35205,33.5027263,-86.7882296,ai,uncorroborated
SIS ARCHITECTS,316 Eisenhower Parkway,Livingston,NJ,07039,40.7992626,-74.3412234,ai,grounded
SIVAN PROPERTIES,,,,,,,,
SIX DEGREES COLLECTIVE,,,,,,,,
SIX FLAGS ENTERTAINMENT,8701 Red Oak Boulevard,Charlotte,NC,28217,35.1437715,-80.9029914,ai,grounded
SIXGATE LLC,,,,,,,,
SIXPOINT PARTNERS,,,,,,,,
SIXTY HOTELS,60 Thompson Street,New York,NY,10012,40.7239398,-74.0030718,ai,corroborated
SJ PARTNERS LLC,,,,,,,,
SJM PARTNERS INC,"405 Lexington Avenue, 26th Floor",New York,NY,10174,40.7515592,-73.9755403,ai,uncorroborated
SJP RESIDENTIAL PROPERTIES,389 Interpace Parkway,Parsippany,NJ,07054,40.8698491,-74.451986,ai,grounded
SJSMITH & ASSOCIATES,,,,,,,,
SKAC,,,,,,,,
SKADDEN,4 Times Square,New York,NY,10036,40.7560404,-73.985723,ai,corroborated
SKADDEN ARPS,One Manhattan West,New York,NY,10001,40.7527237,-73.997689,manual,verified
SKDK,"1000 Potomac St NW, Suite 200",Washington,DC,20007,38.9033684,-77.0651015,ai,corroborated
SKG,1668 Crest Drive,Encinitas,CA,92024,33.0276846,-117.2628021,manual,verified
SKILLWORK LLC,,,,,,,,
SKIRBALL CULTURAL CENTER,2701 N Sepulveda Blvd,Los Angeles,CA,90049,34.12454,-118.4791313,ai,corroborated
SKLAR KIRSH,"1850 Sawtelle Blvd, Suite 300",Los Angeles,CA,90025,34.0428265,-118.445041,ai,grounded
SKM,600 West Broadway,San Diego,CA,92101,32.7163685,-117.1687614,ai,uncorroborated
SKOPOS LABS INC,34 Colonial Dr,Riverhead,NY,11901,40.9436007,-72.6081611,ai,grounded
SKY ADVISORY GROUP,,,,,,,,
SKY HARBOUR,"2201 E. Germann Road, Suite 108",Chandler,AZ,85286,33.3062031,-111.841185,ai,uncorroborated
SKY MANAGEMENT,,,,,,,,
SKYBOX CAPITAL,"1 N Wacker Drive, Suite 2402",Chicago,IL,60606,41.882319,-87.6361438,manual,verified
SKYDANCE SPORTS,"1000 Flower St, Suite 1100",Los Angeles,CA,90015,33.829443,-118.2947553,ai,corroborated
SKYFLOW,"111 Sutter St, Suite 700",San Francisco,CA,94104,37.7901267,-122.4026973,ai,corroborated
SKYLIGHT,1000 N West St,Wilmington,DE,19801,39.7471805,-75.5500972,ai,uncorroborated
SKYLIGHT REAL ESTATE PARTNERS,"152 West 57th Street, 21st Floor",New York,NY,10019,40.7648665,-73.9796202,ai,corroborated
SKYRISE PROPERTIES,,,,,,,,
SKYWAY EQUITIES,"375 Park Ave, Suite 2508",New York,NY,10152,40.7584073,-73.9719841,ai,grounded
SL GREEN REALTY CORP,420 Lexington Avenue,New York,NY,10170,40.7524677,-73.9757799,ai,corroborated
SL NUSBAUM,2220 N. Charles St,Baltimore,MD,21218,39.3149618,-76.6171195,ai,uncorroborated
SL SACHS FINANCIAL SERVICES LTD,,,,,,,,
SLAC NATIONAL ACCELERATOR LABORATORY,2575 Sand Hill Road,Menlo Park,CA,94025,37.4213034,-122.1981124,manual,verified
SLATEWELL,,,,,,,,
SLATTERY ENERGY CONSULTING GROUP INC,,,,,,,,
SLATTERY ENERGY GROUP,,,,,,,,
SLB,"5599 San Felipe, Suite 650",Houston,TX,77056,29.749961,-95.47434,ai,corroborated
SLD IMPACT SOLUTIONS,,,,,,,,
SLEEP BETTER COLUMBUS,,,,,,,,
SLEEP HEALTHCENTERS,,,,,,,,
SLEEP&WAKEFULNESS,,,,,,,,
SLF,"6218 Georgia Avenue NW, Ste 1-595",Washington,DC,20011,38.9655573,-77.0279154,ai,grounded
SLG,"420 Lexington Avenue, 9th Floor",New York,NY,10170,40.7524677,-73.9757799,ai,grounded
SLHS,,,,,,,,
SLJ CAPITAL PARTNERS LLC,,WESTPORT,CT,06880,,,,
SLOFO LLC,,,,,,,,
SLS GROUP,"6582 S Big Cottonwood Canyon Rd, Suite 200",Salt Lake City,UT,84121,40.7596198,-111.886797,ai,grounded
SM INTERNATIONAL TRADING CORP,,,,,,,,
SMARTBIZ LOANS,"505 Sansome Street, Suite 1200",San Francisco,CA,94111,37.795076,-122.401831,ai,corroborated
SMARTLOGIC LLC,"1 Washington Mall, 8th Floor",Boston,MA,02108,42.3592856,-71.057998,ai,uncorroborated
SMARTRAVEL,,,,,,,,
SMARTY MANAGEMENT LLC,,,,,,,,
SMASH PARTY ENTERTAIMENT INC,,,,,,,,
SMB BRADLEY,100 N Riverside Plaza,Chicago,IL,60606,41.8825427,-87.638745,ai,corroborated
SMBC,275 Madison Avenue,New York,NY,10016,40.7502038,-73.9813548,ai,corroborated
SMC,330 SMC Drive,Somerset,WI,54025,45.131923,-92.665474,ai,grounded
SMD CAPITAL CORP,,,,,,,,
SMERC CORP,,,,,,,,
SMF,,,,,,,,
SMF LEGAL,,,,,,,,
SMI,"3000 Continental Drive, Suite 200",King of Prussia,PA,19406,40.0813596,-75.399857,ai,uncorroborated
SMICKEN RESOURCES,,,,,,,,
SMILE CENTRAL DENTAL,,,,,,,,
SMILE DIRECT CLUB,414 Union Street,Nashville,TN,37219,36.1649326,-86.780662,manual,verified
SMILE MARKET,,,,,,,,
SMITH & WARREN,127 Oakley Ave,White Plains,NY,10601,41.0361219,-73.7561726,ai,grounded
SMITH BARNEY,388 Greenwich St,New York,NY,10013,40.7206458,-74.0111721,ai,uncorroborated
SMITH GOFFMAN PARTNERS,,,,,,,,
SMITHBUCKLIN,"2200 Pennsylvania Ave NW, Suite 300W",Washington,DC,20037,38.9015851,-77.0499304,ai,uncorroborated
SMP PROPERTY MANAGEMENT,,,,,,,,
SMS FINANCIAL,6829 N 12th St,Phoenix,AZ,85014,33.5375132,-112.0558654,ai,corroborated
SMTD - SELF,,,,,,,,
SMW PROPERTY HOLDIMGS,,,,,,,,
SNEAKER VIWA,,,,,,,,
SNEC,,,,,,,,
SNELL & WILMER LLP,"One Arizona Center, 400 E Van Buren Street, Suite 1900",Phoenix,AZ,85004,33.4484367,-112.074141,ai,grounded
SNF MANAGEMENT,"9200 Sunset Blvd, Suite 700",West Hollywood,CA,90069,34.0899924,-118.3924988,ai,grounded
SNIDER EXECUTIVE OFFICE,,,,,,,,
SNOWS & ASSOC,,,,,,,,
SOAPSTONE CAPITAL,"7500 Old Georgetown Road, Suite 200",Bethesda,MD,20814,38.985079,-77.0952986,ai,grounded
SOAVE ENTERPRISES,3400 E Lafayette St,Detroit,MI,48207,42.3447091,-83.0165699,ai,grounded
SOBCHAK SECURITY,,,,,,,,
SOCALGAS,"555 W 5th St, Suite 1400",Los Angeles,CA,90013,34.0500816,-118.2534063,ai,corroborated
SOCIAL ADMINISTRATION DISABILITY,330 C St SW,Washington,DC,20201,38.8853736,-77.0168862,ai,uncorroborated
SOCIAL FINANCE,55 Lane St,Boston,MA,02110,42.3588336,-71.0578303,ai,uncorroborated
SOCIAL MEDIA VICTIMS LAW CENTER,600 1st Avenue Suite 102-PMB 2383,Seattle,WA,98104,47.6020633,-122.333511,ai,grounded
SOCIAL SECURITY ADMINISTRATION,6401 Security Blvd,Baltimore,MD,21235,39.3096397,-76.7306641,ai,uncorroborated
SOCIAL SKILLS HQ,,,,,,,,
SOCIALIVE,,,,,,,,
SOFT SERVE FRUIT CO,,,,,,,,
SOFT SERVE STRAWBERRY LLC,,,,,,,,
SOFT STUFF DISTRIBUTORS INC,,,,,,,,
SOFTBANK CAPITAL NY,"590 Madison Avenue, 34th Floor",New York,NY,10022,40.7621575,-73.9730331,ai,grounded
SOFTBANK INVESTMENT ADVISORS,Vision Fund: 1-1-1 Minami Aoyama (SoftBank Group Corp. HQ) - (US office) 660 Madison Ave,New York,NY,10065,40.7127281,-74.0060152,ai,uncorroborated
SOFTERWARE,12002 Lakeview Ave,Los Angeles,CA,90066,34.0902208,-118.3177444,ai,uncorroborated
SOFTWARE DESIGNER,,,,,,,,
SOKOL & ASSOCIATES,,,,,,,,
"SOKOL & SOKOL, CPA",,,,,,,,
SOL CAPITAL MANAGEMENT,5425 Wisconsin Ave,Chevy Chase,MD,20815,38.9947812,-77.0963405,ai,corroborated
SOL SCHWARTZ & ASSOC,,,,,,,,
SOL'S PIPE AND STEEL,,,,,,,,
SOLARIA,"300 Spectrum Center Drive, Suite 1900",Irvine,CA,92618,33.6538734,-117.7472945,ai,grounded
SOLEL PARTNERS,"699 Boylston Street, 15th Floor",Boston,MA,02116,42.3498335,-71.0792385,manual,verified
SOLINSKY EYECARE LLC,,,,,,,,
SOLKOFF LEGAL PA,"224 Datura Street, Suite 800",West Palm Beach,FL,33401,26.7123375,-80.0591471,ai,corroborated
SOLL ADVISORS LLC,,,,,,,,
SOLOMON BAY FINE HOMES LLC,,,,,,,,
SOLOMON LAW PC,"1845 Walnut Street, Suite 1100",Philadelphia,PA,19103,39.9504697,-75.1717913,ai,uncorroborated
SOLOMON PARTNERS,"80 Broad Street, 6th Floor",New York,NY,10004,40.7043518,-74.0118701,ai,grounded
SOLOMON SCHECHTER,,,,,,,,
SOLOMON SCHECHTER SCHOOL,,,,,,,,
"SOLOMON, BUDMAN AND STRICKER",,,,,,,,
SOLOW & CO,"120 Broadway, 16th Floor",New York,NY,10271,40.7082035,-74.0105065,ai,corroborated
SOMA EQUITY PARTNERS,575 Market Street,San Francisco,CA,94105,37.7895414,-122.4003752,manual,verified
SOMEONES IN THE KITCHEN,,,,,,,,
SOMERVILLE LUMBER & SUPPLY,345 Highland Ave,Somerville,MA,02143,42.3941964,-71.1164944,ai,corroborated
SON COMMONITIES,,,,,,,,
SONCO,2050 E Devon Ave,Elk Grove Village,IL,60007,41.9925701,-88.029283,ai,grounded
SONNENSCHEIN NATH & ROSENTHAL,"233 South Wacker Drive, Suite 8000",Chicago,IL,60606,41.878738,-87.6359612,ai,corroborated
SONNENSCHEIN SHERMAN & DEUTSCH,"233 South Wacker Drive, Suite 8000",Chicago,IL,60606,41.878738,-87.6359612,ai,uncorroborated
SONORA INVESTMENT MANAGEMENT,"1100 Marsh Rd, Suite 200",Menlo Park,CA,94025,37.4802445,-122.1839794,ai,uncorroborated
SONOTHERA,,,,,,,,
SONY ANIMATION,10202 West Washington Boulevard,Culver City,CA,90232,34.0198913,-118.400659,ai,corroborated
SONY MUSIC,25 Madison Avenue,New York,NY,10010,40.7419329,-73.9870257,ai,corroborated
SONY PICTURES ENTERTAINMENT,10202 Washington Blvd,Culver City,CA,90232,34.0173179,-118.4045956,ai,uncorroborated
SONY PICTURES IMAGEWORKS,10202 W Washington Blvd,Culver City,CA,90232,34.0173179,-118.4045956,ai,corroborated
SONY RETAIL ENTERTAINMENT,16535 Via Esprillo Drive,San Diego,CA,92127,32.7174202,-117.162772,ai,uncorroborated
SOS TECH GROUP,,,,,,,,
SOS TECHNOLOGY GROUP,,,,,,,,
SOSCO INC,,,,,,,,
SOSLAND PUBLISHING CO,"2345 Grand Blvd, Suite 1950",Kansas City,MO,64108,39.0846722,-94.5812608,ai,grounded
SOTHEBY'S,1334 York Avenue,New York,NY,10021,40.7663056,-73.9535295,ai,corroborated
SOTHEBY'S INTERNATIONAL REAL ESTATE,"1334 York Avenue, 6th Floor",New York,NY,10021,40.7663056,-73.9535295,ai,corroborated
SOTO INDUSTRIAL DEVELOPMENT,,,,,,,,
SOULFUL BEING,,,,,,,,
SOUND MEDIA VENTURES,,,,,,,,
SOURCE SQUARED,,,,,,,,
SOURCING GROWTH,,,,,,,,
SOUTH JERSEY ANESTHESIA AND PAIN PHYSICIANS,1 N. Spring Garden Road,Vineland,NJ,08360,39.4862777,-75.0254256,ai,corroborated
SOUTH LAKE PEDIATRICS,"17705 Hutchins Drive, Suite 250",Minnetonka,MN,55345,44.9108765,-93.5035773,ai,grounded
SOUTH OCEAN CAPITAL PARTNERS,"401 E Las Olas Blvd, Suite 2220",Fort Lauderdale,FL,33301,26.1197452,-80.1390218,ai,grounded
SOUTH TEXAS COLLEGE,3201 West Pecan Boulevard,McAllen,TX,78501,26.204114,-98.2300605,ai,corroborated
SOUTH TEXAS DENTAL,,,,,,,,
SOUTH TEXAS RADIOLOGY GROUP,2101 South Padre Island Drive,Corpus Christi,TX,78416,27.7391879,-97.4325504,ai,uncorroborated
SOUTHEAST ANESTHESIOLOGY CONSULTANTS,"2000 Southridge Parkway SE, Suite 100",Huntsville,AL,35802,34.729847,-86.5859011,ai,uncorroborated
SOUTHEAST CHIRO,,,,,,,,
SOUTHEAST CULVERT,,,,,,,,
SOUTHEASTERN GROCERS,380 E Jackson Street,Jacksonville,FL,32202,30.3229677,-81.6722306,ai,grounded
SOUTHERN CALIFORNIA EAR NOSE & THROAT,"16311 Ventura Blvd, Suite 400",Encino,CA,91436,34.1573677,-118.4886125,ai,corroborated
SOUTHERN CALIFORNIA INTEGRATED WELLNESS,,,,,,,,
SOUTHERN GLAZER'S WINE & SPIRITS,6100 Tower Circle,Miami,FL,33126,25.7741566,-80.1935973,ai,corroborated
SOUTHERN SCRAP COMPANY,701 Canal Street,Baton Rouge,LA,70802,30.4538347,-91.1793858,ai,uncorroborated
SOUTHERN WINE & SPIRITS,6200 S. Orange Blossom Trail,Orlando,FL,32809,28.5073406,-81.3970053,ai,uncorroborated
SOUTHGATE MEDICAL GROUP,1026 Union Rd,West Seneca,NY,14224,42.8284184,-78.7535852,ai,grounded
SOUTHWEST MOUNTAIN STATES COUNCIL OF CARPENTERS,911 20th St,Bakersfield,CA,93301,35.377056,-119.011898,ai,grounded
SOUTHWEST RETINA PA,"10000 I-10 West, Suite 800",San Antonio,TX,78230,29.5328197,-98.5656687,ai,corroborated
SOUTHWESTERN BELL,208 S Akard St,Dallas,TX,75202,32.7796042,-96.798763,ai,corroborated
SOUTHWOOD PARTNERS,"505 20th St N, Ste 1150",Birmingham,AL,35203,33.5182867,-86.80811,ai,grounded
SOVEREIGN PROPERTIES,"150 E 52nd Street, Suite 22002",New York,NY,10022,40.7572301,-73.9707427,ai,grounded
SPA RIVIERA,,,,,,,,
SPACE EXPLORATION TECHNOLOGIES,Rocket Road (Hawthorne Executive Campus) 1 Rocket Road,Hawthorne,CA,90250,33.9128272,-118.3426122,ai,uncorroborated
SPACEX,1 Rocket Road,Hawthorne,CA,90250,33.9203632,-118.3280267,ai,corroborated
SPANDREL DEVELOPMENT PARTNERS,,NEW YORK,NY,10001,,,,
SPARACINO PLLC,"1920 L Street, NW, Suite 835",Washington,DC,20036,38.9035877,-77.044303,ai,grounded
SPARE,750 N San Vicente Blvd,West Hollywood,CA,90069,34.0829678,-118.3821876,ai,grounded
SPARKS GROUP,"1015 N Glebe Rd, Suite 600",Arlington,VA,22201,38.8824093,-77.1158246,ai,uncorroborated
SPAXEL,,,,,,,,
SPC,,,,,,,,
SPEARMINT COACHING,,,,,,,,
SPECIALTYCARE,"200 River Vista Pl Dr, Suite 1250",Nashville,TN,37207,36.1622767,-86.7742984,ai,uncorroborated
SPECTATOR WEST,,,,,,,,
SPECTOR CONSULTING,,,,,,,,
SPECTRA LABS,"3800 FM 1960 Road W, Suite 100",Houston,TX,77068,29.7589382,-95.3676974,ai,uncorroborated
SPECTRUM DIVERSIFIED,7005 Cochran Road,Glenwillow,OH,44139,41.367503,-81.4676465,ai,corroborated
SPECTRUM MAINTENANCE SERVICES,,,,,,,,
SPEECH PATHOLOGIST,,,,,,,,
SPEEDWELL TRANSPORTATION INC,,,,,,,,
SPEKTOR DENTAL,"1120 Avenue of the Americas, 4th Floor",New York,NY,10036,40.7557338,-73.9824831,ai,uncorroborated
SPEKTOR DENTAL CENTER,,,,,,,,
SPENCER FANE LLP,"1 Westbrook Corporate Center, Suite 1200",Creve Coeur,MO,63141,38.6613007,-90.4423653,ai,grounded
SPENCER FORREST,,Beverly Hills,CA,90210,,,,
SPENCER STUART,"One North Wacker Drive, Suite 3200",Chicago,IL,60606,41.8820117,-87.6367884,ai,uncorroborated
SPERO RECOVERY,"101 Arch Street, Suite 1205",Boston,MA,02110,42.3550299,-71.05928,ai,uncorroborated
SPETNER ASSOCIATES,"8630 Delmar Blvd, Suite 100",Saint Louis,MO,63124,38.6557551,-90.3027869,ai,grounded
SPGI,55 Water Street,New York,NY,10041,40.7032255,-74.0090671,ai,grounded
SPIDERCLOUD,"450 Lexington Avenue, 17th Floor",New York,NY,10017,40.7532602,-73.9754403,ai,uncorroborated
SPILE LEFF & GOOR,"1841 Broadway, 7th Floor",New York,NY,10023,40.7694034,-73.9822166,ai,uncorroborated
SPINE AND ORTHOPEDIC CENTER,,,,,,,,
SPINMASTER,30-30 47th Avenue,Long Island City,NY,11101,40.7422649,-73.9364321,manual,verified
SPIRIT BIOSCIENCES,,,,,,,,
SPM MARKETING AND COMMUNICATIONS,,,,,,,,
SPOKE REAL ESTATE CAPITAL,"875 N. High St., Suite 300",Columbus,OH,43215,39.9802816,-83.0046817,ai,grounded
SPONSEL MILLER GREENBERG PLLC,520 Post Oak Blvd Suite 310,Houston,TX,77027,29.7542322,-95.4546741,ai,grounded
SPORT WEAR,,,,,,,,
SPORTSCENTER OF CONNECTICUT,19 Narragansett Avenue,East Haven,CT,06512,41.2762081,-72.8684337,ai,corroborated
SPORTSMAN,,,,,,,,
SPOTON,,,,,,,,
SPOTTSWOOD LAW FIRM,,,,,,,,
SPOTTSWOOD SPOTTSWOOD SPOTTSWOOD & STERLING,,,,,,,,
SPR PACKING,,,,,,,,
SPRING HILL PROPERTIES,"1000 Wilshire Boulevard, Suite 1500",Los Angeles,CA,90017,34.051474,-118.261657,ai,uncorroborated
SPRING LABS,"4551 Glencoe Ave, Suite 155",Marina del Rey,CA,90292,33.9776848,-118.448647,ai,grounded
SPRINGBOARD COMPANY,,,,,,,,
SPRUCE CAPITAL PARTNERS,"535 Madison Avenue, 19th Floor",New York,NY,10022,40.760443,-73.9733474,manual,verified
SQUARE MILE CAPITAL MANAGEMENT LLC,"1 Rockefeller Plaza, 6th Floor",New York,NY,10020,40.7578543,-73.9791545,ai,corroborated
SQUIRE PATTON BOGGS (US) LLP,"2000 Huntington Center, 41 South High Street",Columbus,OH,43215,39.9622601,-83.0007065,ai,corroborated
SR DIVERSIFIED HOLDINGS,,,,,,,,
SRG,,,,,,,,
SRK MANAGEMENT CO,,,,,,,,
SRM,,,,,,,,
SRS INVESTMENT MANAGEMENT,"110 East 59th Street, 5th Floor",New York,NY,10022,40.7622471,-73.9694737,ai,corroborated
SRW INTERNATIONAL,,,,,,,,
SS&C,80 Lamberton Rd,Windsor,CT,06095,41.8646706,-72.6645226,ai,uncorroborated
SSA,,,,,,,,
"SSA LAWYERS PA - TAMPA, FL",,,,,,,,
SSI INVESTMENT MANAGEMENT,"2121 Avenue of the Stars, Suite 2050",Los Angeles,CA,90067,34.0551881,-118.4132764,ai,grounded
SSL,,,,,,,,
SSLMI,,,,,,,,
SSP PARTNERS LLC,200 Park Ave,New York,NY,10166,40.7536135,-73.97658,ai,corroborated
SSS EDUCATION INC,,,,,,,,
ST ANDREWS INC,,,,,,,,
ST LOUIS ID,,,,,,,,
ST LUKE'S UNIVERSITY HEALTH NETWORK,801 Ostrum Street,Bethlehem,PA,18015,40.6092805,-75.3931974,ai,corroborated
ST MARKS,,,,,,,,
ST PETERSBURG COLLEGE,6605 5th Ave N,Saint Petersburg,FL,33710,27.7776927,-82.7294368,ai,corroborated
ST. ANDREWS PRESBYTERIAN,,,,,,,,
ST. GEORGE'S EPISCOPAL SCHOOL,923 Napoleon Avenue,New Orleans,LA,70115,29.9216238,-90.1007512,ai,grounded
ST. JOSEPHS,,,,,,,,
ST. JUDE HERITAGE MEDICAL GR,,,,,,,,
ST. LOUIS COUNCIL AIPAC,"1 South Brentwood Blvd, Suite 210",Clayton,MO,63105,38.650397,-90.34154,ai,corroborated
ST. LOUIS DERMATOLOGISTS,"1701 S Brentwood Blvd, Suite 710",Saint Louis,MO,63144,38.626287,-90.346665,ai,corroborated
ST. LOUIS OFFICE FOR DEVELOPMENTAL DISABILITIES,,,,,,,,
ST. LUKE'S,6720 Bertner Ave,Houston,TX,77030,29.7081426,-95.4004414,ai,grounded
ST. PETER'S PHYSICIAN ASSOCIATES,315 S Manning Blvd,Albany,NY,12208,42.6550629,-73.8039756,ai,uncorroborated
ST. PETERS HOSPITAL,254 Easton Avenue,New Brunswick,NJ,08901,40.5006491,-74.4598666,ai,grounded
ST. THOMAS AQUINAS ELEMENTARY SCHOOL,,,,,,,,
STADLEN FAMILY HOLDINGS,"3101 S Ocean Drive, Suite 3808",Hollywood,FL,33019,25.9939262,-80.1177289,manual,verified
STAENBERG GROUP,2127 Innerbelt Business Center Dr,Overland,MO,63114,38.6922215,-90.353532,ai,corroborated
STAGG BEDDING,,,,,,,,
STAGWELL,55 Madison Avenue,New York,NY,10010,40.6171861,-74.1551993,ai,uncorroborated
STAKEHOLDERS VR,,,,,,,,
STAMFORD,,,,,,,,
STAMFORD ANESTHESIOLOGY SERVICES,"1 Broad St, 4th Floor",Stamford,CT,06901,41.0552602,-73.5428018,ai,corroborated
STAMFORD HEALTH,1 Hospital Plaza,Stamford,CT,06901,41.0534302,-73.5387341,ai,uncorroborated
STAN SPATZ,,,,,,,,
STANBERY DEVELOPMENT,"2807 Delmar Drive, Suite A",Bexley,OH,43209,39.9817606,-82.9288273,ai,grounded
STAND TOGETHER,"555 12th Street NW, Suite 900",Washington,DC,20004,38.8967216,-77.0275548,ai,uncorroborated
STANDARD EQUITY GROUP,"1 Harborview Plz, Suite 101",Port Washington,NY,11050,40.8257072,-73.6958069,ai,uncorroborated
STANDARD MOTOR PRODUCTS,37-18 Northern Blvd,Long Island City,NY,11101,40.7649757,-73.8124267,ai,uncorroborated
STANDARD OIL OF CONNECTICUT INC,"1 Stamford Plaza, 263 Tresser Boulevard",Stamford,CT,06901,41.0534302,-73.5387341,ai,corroborated
STANDARD PACIFIC CAPITAL,"10990 Wilshire Blvd, Suite 1450",Los Angeles,CA,90024,34.0575996,-118.4473337,ai,corroborated
STANDARD TEXTILE,2200 Ohio Ave,Cincinnati,OH,45218,39.122498,-84.517768,ai,corroborated
STANDWITHUS,"8888 W. Olympic Blvd, Suite 300",Beverly Hills,CA,90211,34.0592917,-118.3854021,ai,grounded
STANFORD,"Stanford University, 450 Serra Mall",Stanford,CA,94305,37.4313138,-122.1693654,ai,corroborated
STANFORD BLAKE MEDIATION,,,,,,,,
STANFORD UNIVERSITY,450 Serra Mall,Stanford,CA,94305,37.4313138,-122.1693654,ai,corroborated
STANHOPE FINANCIAL GROUP HOLDINGS LIMITED,,,,,,,,
STANLEY PESKIND RLTY CO,"360 Lexington Ave, 8th Floor",New York,NY,10017,40.7504859,-73.9771542,ai,uncorroborated
STANSPORT LLC,2801 E 12th St,Los Angeles,CA,90023,34.0213965,-118.21834,ai,grounded
STANTON SAS,,,,,,,,
STAPE & ASSOCIATES AT COMPASS REAL ESTATE,"1 Harbor Drive, Suite 300",Redwood City,CA,94063,37.511391,-122.1974394,ai,uncorroborated
STAPLES,500 Staples Dr,Framingham,MA,01702,42.2914668,-71.4886438,ai,grounded
STAR CAPITAL PARTNERS,"70 E 55th St, Suite 1206",New York,NY,10022,40.7604427,-73.9725164,ai,uncorroborated
STAR EQUITIES,420 N Camden Drive Suite 100,Beverly Hills,CA,90210,34.0690921,-118.4042175,ai,grounded
STAR FABRICS,,,,,,,,
STAR STAINLESS SCREW COMPANY,30 West End Road,Totowa,NJ,07512,40.8999739,-74.2407736,manual,verified
STAR THERAPEUTICS,,,,,,,,
STARBOARD VALUE LP,800 Third Avenue,New York,NY,10022,40.8088444,-73.9303577,ai,uncorroborated
STARBUCKS,2401 Utah Ave S,Seattle,WA,98134,47.5807667,-122.3359179,ai,corroborated
STARFIELD,,,,,,,,
STARFISH CARE HOMES,6611 E River Hills Pl,Tucson,AZ,85750,32.2228765,-110.974847,ai,grounded
STARK AND STARK PC,993 Lenox Drive,Lawrenceville,NJ,08648,40.2973299,-74.7296049,ai,corroborated
STARK ENTERPRISES LLC,,,,,,,,
STARMOUNT LIFE INSURANCE,8485 Goodwood Blvd,Baton Rouge,LA,70806,30.4428277,-91.0965406,ai,corroborated
STARPOINT PROPERTIES,"701 Market St, Suite 500",Saint Louis,MO,63101,38.626702,-90.1925615,ai,uncorroborated
STARWOOD CAPITAL,"1 Manhattanville Rd, Suite 408",Purchase,NY,10577,41.0249,-73.716379,ai,corroborated
STATE,,,,,,,,
STATE ATTORNEYS OFFICE,,,,,,,,
STATE AUTO,518 E Market St,Ironton,OH,45638,38.5375238,-82.6852895,ai,uncorroborated
STATE FARM,1 State Farm Plaza,Bloomington,IL,61710,40.479875,-88.954498,ai,grounded
STATE GOVERNMENT,,,,,,,,
STATE LUMBER CO,1505 NE 162nd Ave,Vancouver,WA,98684,45.6331535,-122.5059736,ai,uncorroborated
STATE OF CA,"Governor's Office, State Capitol",Sacramento,CA,95814,38.5810606,-121.493895,ai,corroborated
STATE OF CALIFORNIA,1303 10th Street,Sacramento,CA,95814,38.5768269,-121.4948638,ai,corroborated
STATE OF COLORADO,136 State Capitol,Denver,CO,80203,39.7392364,-104.984862,ai,corroborated
STATE OF CONNECTICUT,210 Capitol Ave,Hartford,CT,06106,41.7639854,-72.6823649,ai,corroborated
STATE OF FLORIDA,"The Capitol, 400 S Monroe St",Tallahassee,FL,32399,30.4380832,-84.2809332,ai,corroborated
STATE OF GEORGIA,"Georgia State Capitol, 206 Washington St SW",Atlanta,GA,30334,33.7490553,-84.3881711,ai,corroborated
STATE OF ILLINOIS,"State Capitol, 207 State St",Springfield,IL,62706,39.7990175,-89.6439575,ai,corroborated
STATE OF ISRAEL BONDS,"40 Wall St, 14th Floor",New York,NY,10005,40.7070219,-74.0096669,ai,uncorroborated
STATE OF MA,One Ashburton Place,Boston,MA,02108,42.3592372,-71.0627665,ai,corroborated
STATE OF MARYLAND,"State House, 100 State Cir",Annapolis,MD,21401,38.9788796,-76.4910542,ai,corroborated
STATE OF MICHIGAN,"Lansing, Capitol Building, 100 N Capitol Ave",Lansing,MI,48933,42.7338254,-84.5546295,ai,corroborated
STATE OF NC,1 E Edenton St,Raleigh,NC,27601,35.7803975,-78.6390995,ai,corroborated
STATE OF NJ,"State House, 125 W State St",Trenton,NJ,08625,40.2203074,-74.7659,ai,corroborated
STATE OF OHIO/ HAMILTON COUNTY,"Hamilton County Administration Building, 138 E Court St",Cincinnati,OH,45202,39.1012809,-84.5127405,ai,corroborated
STATE OF OKLAHOMA,"State Capitol Building, 2300 N Lincoln Blvd",Oklahoma City,OK,73105,35.4729886,-97.5170536,ai,corroborated
STATE OF OREGON - CHILD CARE,900 Court St NE,Salem,OR,97301,44.9382743,-123.0307767,ai,corroborated
STATE OF TEXAS,1019 Brazos St,Austin,TX,78701,30.2719777,-97.7395431,ai,corroborated
STATE OF WA,,,,,,,,
STATE STREET,One Lincoln Street,Boston,MA,02111,42.3527552,-71.0584604,ai,uncorroborated
STATE STREET CAPITAL PARTNERS,"2 North Riverside Plaza, Suite 1400",Chicago,IL,60606,41.8825427,-87.638745,ai,grounded
STATEN ISLAND UNIVERSITY HOSPITAL,475 Seaview Ave,Staten Island,NY,10305,40.585438,-74.0847637,ai,uncorroborated
STATEWIDE,,,,,,,,
STAY-AT-HOME MOM,,,,,,,,
STEARNS WEAVER,"150 W Flagler St, Suite 2200",Miami,FL,33130,25.7758514,-80.2024483,ai,corroborated
STEARNS WEAVER MILLER,"Museum Tower, 150 West Flagler Street, Suite 2200",Miami,FL,33130,25.7741566,-80.1935973,ai,corroborated
STEEL PEAK WEALTH MANAGEMENT,"21650 Oxnard St, Suite 2300",Woodland Hills,CA,91367,34.1789931,-118.6010186,ai,grounded
STEIFMAN LLP,120 Broadway,New York,NY,10271,40.7082035,-74.0105065,ai,uncorroborated
STEIN ADLER,"600 Lexington Ave, 5th Floor",New York,NY,10022,40.7580277,-73.9714246,ai,corroborated
STEIN ADVISORS LLC,42 River Wind Rd,New Canaan,CT,06840,41.1701882,-73.5353527,manual,verified
STEIN INDUSTRIES INC,7153 Northland Drive North,Brooklyn Park,MN,55428,45.084767,-93.3958181,ai,grounded
STEIN MITCHELL BEATO & MISSNER,"901 15th St NW, Suite 700",Washington,DC,20005,38.901457,-77.033531,ai,grounded
STEINHARDT PESICK & COHEN,"1 Rockefeller Plaza, Suite 10E",New York,NY,10020,40.7578543,-73.9791545,ai,uncorroborated
STELLANTIS,3000 Atrium Way,Auburn Hills,MI,48326,42.6875323,-83.2341028,ai,corroborated
STELLAR AVIATION,13900 SW 128th St,Miami,FL,33186,25.6490929,-80.3947439,ai,corroborated
STELLAR ENERGY FOUNDATION,,,,,,,,
STELLAR MANAGEMENT,"888 7th Ave, 22nd Floor",New York,NY,10106,40.7653708,-73.9809976,ai,uncorroborated
STELLAR MATERIALS,1550 Old Henderson Rd,Columbus,OH,43220,40.051943,-83.061402,ai,uncorroborated
STELLASCOPE RECRUITMENT,,,,,,,,
STEMRAD,802 E Whiting St,Tampa,FL,33602,27.9472769,-82.4524187,ai,grounded
STENSUL,"20 Jay St, Suite 302",Brooklyn,NY,11201,40.7040914,-73.9866937,ai,corroborated
STEPHANIE PIKO CONSULTING,,,,,,,,
STEPHANIE'S RESTAURANT GROUP,2350 Mission St,San Francisco,CA,94110,37.7594142,-122.4192317,ai,uncorroborated
STEPHEN SAMUEL,,,,,,,,
STEPHENS,111 Center Street,Little Rock,AR,72201,34.74788,-92.2724006,ai,uncorroborated
STEPPING STONE,2643 S 750 E,Salt Lake City,UT,84106,40.750325,-111.8693196,ai,uncorroborated
STEREN ELECTRONICS INTERNATIONAL LLC,"6920 Carroll Rd, Suite 100",San Diego,CA,92121,32.885698,-117.171695,manual,verified
STERLING FLOOR DESIGNS LTD,,,,,,,,
STERLING PROPERTIES,,,,,,,,
STERLINGRISK,135 Crossways Park Drive,Woodbury,NY,11797,40.8084484,-73.486141,manual,verified
STERLINGRISK ENVIRONMENTAL,1000 S Washington St,Naperville,IL,60540,41.756815,-88.143534,ai,uncorroborated
STERLINGTON LAW,,,,,,,,
STERN,245 Park Avenue,New York,NY,10167,40.7546124,-73.9746719,ai,uncorroborated
"STERN, KLEPFER & WRIGHT",,,,,,,,
STEUBEN FOODS,1000 Minnesota Ave,Corunna,MI,48817,42.9819728,-84.1177451,ai,uncorroborated
STEVE DOUGLAS,,,,,,,,
STEVE MADDEN,24-01 43rd Ave,Long Island City,NY,11101,40.7489414,-73.9422194,ai,uncorroborated
"STEVEN B. EPSTEIN, DPM PC",,,,,,,,
"STEVEN E ROTHKE, PHD PC",,,,,,,,
"STEVEN G MESSING, JD, CPA PA",,,,,,,,
"STEVEN J. SHAPERO, ALC","5950 Canoga Ave, Suite 235",Woodland Hills,CA,91367,34.1782555,-118.5972605,ai,grounded
STEVEN JAY ROSENBERG INC,,,,,,,,
STEVEN LEVY ENTERPRISES,,,,,,,,
"STEVEN M. SCHWARTZ, MD INC",,,,,,,,
STEVEN SMEDRESMAN PC,,,,,,,,
STEVEN TENNENBAUM,,,,,,,,
STEVENS & LEE,111 N 6th St,Reading,PA,19601,40.3371891,-75.9257426,ai,grounded
STEVENS TRANSPORT,9757 Military Pkwy,Dallas,TX,75227,32.7701616,-96.6536749,ai,grounded
STEVENSON SEARCH PARTNERS,"33-41 Newark Street, Floor 5",Hoboken,NJ,07030,40.7365983,-74.029263,ai,grounded
STEWARD PARTNERS,400 ATLANTIC STREET,STAMFORD,CT,06901,41.0503801,-73.5388891,manual,verified
STEWART TITLE,"1980 Post Oak Blvd, Suite 800",Houston,TX,77056,29.7461441,-95.4618679,ai,grounded
STEWART VALENCIA,,,,,,,,
STI,3535 Harbor Blvd,Costa Mesa,CA,92626,33.6986452,-117.9197296,ai,grounded
STIEFEL,5 Moore Dr,Research Triangle Park,NC,27709,35.9354244,-78.8657256,ai,grounded
STIFEL FINANCIAL,"501 NORTH BROADWAY, ONE FINANCIAL PLAZA",SAINT LOUIS,MO,63102,38.6254063,-90.190009,manual,verified
STIFEL NICOLAUS,501 N Broadway,Saint Louis,MO,63102,38.6297525,-90.1884382,ai,grounded
STILLWATER INVEST,"1000 Broadway, Suite 200",Nashville,TN,37203,36.1583409,-86.7849693,ai,uncorroborated
STINSON,"7700 Forsyth Blvd, Suite 1100",Saint Louis,MO,63105,38.6461998,-90.3034052,ai,grounded
STOEL RIVES LLP,"900 SW Fifth Ave, Suite 2600",Portland,OR,97204,45.5202471,-122.674194,ai,corroborated
STOIC HOLDINGS,,,,,,,,
STOICLANE,"222 N LaSalle St, Suite 1600",Chicago,IL,60601,41.8865192,-87.6332555,manual,verified
STOLER AUTOMOTIVE,"1201 West Cypress Creek Road, Suite 530",Fort Lauderdale,FL,33309,26.2028047,-80.16761,ai,uncorroborated
STOLL BERNE,"209 SW Oak St, Suite 500",Portland,OR,97204,45.5209426,-122.673313,ai,corroborated
STONBERG HOLDINGS CORP,,,,,,,,
STONE CANYON INDUSTRIES,"1950 Avenue of the Stars, 5th Floor",Los Angeles,CA,90067,34.0593996,-118.4164068,ai,corroborated
STONE HOUSE PARTNERS,"1019 Kane Concourse, Suite 202",Bay Harbor Islands,FL,33154,25.8870459,-80.1299025,ai,grounded
STONE VIEW HOLDINGS,,,,,,,,
"STONE, MEYER, GENOW, SMELKINSON & BINDER LLP",900 Third Avenue,New York,NY,10022,40.8088444,-73.9303577,ai,uncorroborated
"STONE, POGRUND & KOREY - ATTORNEYS AT LAW","221 N LaSalle St, Suite 3200",Chicago,IL,60601,41.8864911,-87.6320026,manual,verified
STONEBRIAR,"5601 Granite Pkwy, Suite 1350",Plano,TX,75024,33.0892795,-96.8191236,ai,corroborated
STONEBRIAR COMMERCIAL FINANCE,"325 N St Paul St, Suite 4500",Dallas,TX,75201,32.7833712,-96.7974291,ai,corroborated
STONEBRIDGE PROPERTY GROUP,"275 Madison Ave, 10th Floor",New York,NY,10016,40.7513069,-73.9801895,ai,corroborated
STONECOURT CAPITAL,717 5th Ave Fl 12,New York,NY,10022,40.7620101,-73.9744057,ai,corroborated
STONECUTTER VENTURES LLC,,,,,,,,
STONEHAGE FLEMING,405 Lexington Avenue,New York,NY,10174,40.7515592,-73.9755403,manual,verified
STONEHENGE,"1114 Avenue of the Americas, 20th Floor",New York,NY,10036,40.7546914,-73.9826746,ai,corroborated
STONY BROOK,100 Nicolls Rd,Stony Brook,NY,11794,40.9180643,-73.1294899,ai,corroborated
STONY BROOK UNIVERSITY,100 Nicolls Road,Stony Brook,NY,11794,40.9133573,-73.134221,ai,corroborated
STORAGE PROS MANAGEMENT,"30665 Northwestern Highway, Suite 100",Farmington Hills,MI,48334,42.4853125,-83.3771553,ai,grounded
STORCH REALTY INC,1212 Avenue of the Americas,New York,NY,10036,40.7583017,-73.9811723,ai,uncorroborated
STOTLAND CRAIG,,,,,,,,
STOWELL & FRIEDMAN,"475 5th Avenue, Suite 300",New York,NY,10017,40.7524264,-73.9814202,ai,uncorroborated
STRAT EQUITY GLOBAL,,,,,,,,
STRAT LABS,,,,,,,,
STRATA EQUITY GROUP,"4370 La Jolla Village Dr, Suite 960",San Diego,CA,92122,32.8740292,-117.2111852,manual,verified
STRATEGAS RESEARCH PARTNERS,"52 Vanderbilt Avenue, 19th Floor",New York,NY,10017,40.7542565,-73.9773471,ai,grounded
STRATEGIC AMERICA,"800 2nd Avenue S, Suite 300",Minneapolis,MN,55402,44.974684,-93.270529,ai,uncorroborated
STRATEGIC GLOBAL TALENT,,,,,,,,
STRATEGIC INTERESTS LLC,,,,,,,,
STRATEGIC LAW PARTNERS,,,,,,,,
STRATEGIC LEGAL RESOURCES,"45 Broadway, Suite 1400",New York,NY,10006,40.7063924,-74.0130532,ai,corroborated
STRATEGIC PARTNERS,,,,,,,,
STRATEGIC RELATIONSHIPS LLC,,,,,,,,
STRATEGIC WEALTH PARTNERS,520 Lake Cook Road Suite 520,Deerfield,IL,60015,42.1528463,-87.839848,ai,grounded
STRATEGIES INC,,,,,,,,
STRATEGOS GROUP,"333 N. Michigan Avenue, Suite 1700",Chicago,IL,60601,41.8879438,-87.6241761,ai,uncorroborated
STRATEGY MAVEN INC,,,,,,,,
STRATUM WEALTH,"19 West 44th Street, Suite 702",New York,NY,10036,40.7553003,-73.9808892,ai,uncorroborated
STRAUSS INTERESTS LLC,,,,,,,,
STREAM,1 Presidential Blvd,Bala Cynwyd,PA,19004,40.008791,-75.210815,ai,uncorroborated
STREAM CAPITAL PARTNERS,"4201 West Irving Park Road, Suite 200",Chicago,IL,60641,41.9533737,-87.732673,ai,grounded
STRECO,,,,,,,,
STRECO FIBRES,,,,,,,,
STREETLIGHT DATA,"180 Congress St, Floor 7",Boston,MA,02110,42.3552886,-71.0551,ai,uncorroborated
STREIT LENDING,,,,,,,,
STRELITZ GROUP VENTURES,,,,,,,,
STRETTO,"4100 Newport Pl Dr, Suite 600",Newport Beach,CA,92660,33.66219,-117.865498,ai,grounded
STRIDE HEALTHCARE,,,,,,,,
STRIDECARE,,,,,,,,
STRIIM,"350 S Grand Ave, Suite 4200",Los Angeles,CA,90071,34.0514279,-118.2516269,ai,uncorroborated
STRIPE,510 Townsend St,San Francisco,CA,94103,37.7732533,-122.3999857,ai,grounded
STROOCK,180 Maiden Ln,New York,NY,10038,40.7052596,-74.0054634,ai,corroborated
STROOCK & STROOCK & LAVAN,180 Maiden Ln,New York,NY,10038,40.7052596,-74.0054634,ai,corroborated
STRUCK CAPITAL,1520-D Cloverfield Blvd,Santa Monica,CA,90404,34.0302528,-118.4759444,ai,grounded
STRUCTURAL CAPITAL,,Encino,CA,91436,,,,
STS,,,,,,,,
STUART L DAITCH DMD PC,515 Madison Ave Suite 1225,New York,NY,10022,40.7597024,-73.9736822,ai,grounded
STUDIO BEAUTY,,,,,,,,
STUDIO D DESIGN,,,,,,,,
STUDIO LEVANA LTD,"30 East 33rd St, 6th Floor",New York,NY,10016,40.7466336,-73.9829689,ai,uncorroborated
STUDIO.B,,,,,,,,
STUDLEY,399 Park Avenue,New York,NY,10022,40.7589833,-73.9714789,ai,corroborated
"STULL, STULL & BRODY",12 E 49th St,New York,NY,10017,40.7573677,-73.9768687,ai,corroborated
STURDY MEMORIAL ASSOCIATES,,,,,,,,
STUTMAN LAW,600 Third Ave,New York,NY,10016,40.7493233,-73.9758905,ai,uncorroborated
STUTMAN TREISTER & GLATT,"1901 Avenue of the Stars, Suite 1420",Los Angeles,CA,90067,34.0595286,-118.4176184,ai,corroborated
STUYVESANT PLAZA,1475 Western Ave,Guilderland,NY,12084,42.6825254,-73.8384474,ai,corroborated
SUBURBAN ORTHODOX CONGREGATION,,,,,,,,
SUBURBAN ORTHOPAEDICS,1110 W Schick Rd,Bartlett,IL,60103,41.9512993,-88.1947725,ai,corroborated
SUBWAY,325 Sub Way,Milford,CT,06460,41.2159164,-73.0922196,ai,uncorroborated
SUCCESS ADVISORS,,,,,,,,
SUCCESSFUEL,"660 American Ave, Suite 203",King of Prussia,PA,19406,40.0944303,-75.3941942,ai,grounded
SUFFOLK CENTER,,,,,,,,
SUFFOLK COUNTY,100 Veterans Memorial Hwy,Hauppauge,NY,11788,40.8213585,-73.2246676,ai,corroborated
SULLIVAN & CROMWELL LLP,125 Broad Street,New York,NY,10004,40.7023329,-74.0105146,ai,corroborated
SULLIVAN & LESHANE,"35 East Wacker Drive, Suite 2400",Chicago,IL,60601,41.8864833,-87.6267925,ai,uncorroborated
SULLIVAN & WORCESTER LLP,1 Post Office Square,Boston,MA,02109,42.356809,-71.0551195,ai,grounded
SULLIVAN FIRE PROTECTION,,,,,,,,
SUMMA,1001 Ghent Road,Akron,OH,44333,41.1422883,-81.6172696,ai,corroborated
SUMMA CAPITAL,,,,,,,,
SUMMERFIELD CAPITAL MANAGEMENT,,,,,,,,
SUMMIT DESIGN BUILD,"1036 W Fulton Market, Suite 500",Chicago,IL,60607,41.8867984,-87.6538032,ai,grounded
SUMMIT HEALTH,100 Campus Drive,Florham Park,NJ,07932,40.783258,-74.43018,ai,corroborated
SUMMIT HEALTH/ VILLAGEMD,"1 Meadowlands Plaza, 2nd Floor",East Rutherford,NJ,07073,40.8060951,-74.0778228,ai,corroborated
SUMMIT PARTNERS,"One Financial Center, 12th Floor",Boston,MA,02111,42.3524096,-71.0563898,ai,corroborated
SUMMIT?SYSTEMS,"101 Wood Avenue South, Suite 400",Iselin,NJ,08830,40.5627891,-74.3270215,ai,uncorroborated
SUN CAPITAL ADVISORS,"5200 Town Center Circle, 4th Floor",Boca Raton,FL,33486,26.360928,-80.122852,manual,verified
SUN CAPITAL PARTNERS,"5200 Town Center Circle, 4th Floor",Boca Raton,FL,33486,26.360928,-80.122852,ai,grounded
SUN COAST MERCHANDISE CORP,3201 S 25th Ave,Broadview,IL,60155,41.8604708,-87.8627049,ai,uncorroborated
SUN COMMUNITIES,"27777 Franklin Road, Suite 2000",Southfield,MI,48034,42.4930604,-83.2993089,ai,corroborated
SUN DIAMOND,"1000 S Fremont Ave, Suite A",Alhambra,CA,91803,34.083937,-118.151796,ai,grounded
SUN HOME COMMUNITIES,"2020 Vision Drive, Suite 200",Newport Beach,CA,92660,33.6170092,-117.9294401,ai,uncorroborated
SUN LIFE FINANCIAL,96 Worcester Street,Wellesley Hills,MA,02481,42.3156153,-71.247171,manual,verified
SUN MICROSYSTEMS,,,,,,,,
SUN PHARMA,"301 Tresser Boulevard, Suite 1420",Stamford,CT,06901,41.0523467,-73.5328562,ai,uncorroborated
SUN PHARMACEUTICAL/WILLVER,2 Independence Way,Princeton,NJ,08540,40.3496953,-74.6597376,ai,grounded
SUN SOURCE JEWELRY,,,,,,,,
SUNAMERICA INVESTMENTS,120 Broadway,New York,NY,10271,40.7082035,-74.0105065,ai,uncorroborated
SUNBELT,"200 International Parkway, Suite 100",Lake Mary,FL,32746,28.759054,-81.3665864,ai,uncorroborated
SUNDAY CAPITAL,,,,,,,,
SUNLIT REALTY,,,,,,,,
SUNRISE LAND GROUP,,,,,,,,
SUNRISE SENIOR LIVING,"7900 Westpark Drive, Suite A200",McLean,VA,22102,38.9342888,-77.1776327,ai,uncorroborated
SUNRISE TOYOTA,3984 Sunrise Highway,Oakdale,NY,11769,40.7476493,-73.1418251,ai,grounded
SUNROCK DEVELOPMENT CORP,,,,,,,,
SUNROCK DEVT. CORP,,,,,,,,
SUNSET BOULEVARD MANAGEMENT CORPORATION,,,,,,,,
SUNSET WEST LEGAL GROUP,,,,,,,,
SUNSHINE CLOTHING,,,,,,,,
SUNSHINE DAYDREAM GIVING FOUNDATION,,,,,,,,
SUNSHINE TAPE PRODUCTS,300 Ansin Blvd,Hallandale Beach,FL,33009,25.98742,-80.164241,ai,grounded
SUNSTEIN KANN MURPHY & TIMBERS,"1251 Avenue of the Americas, 43rd Floor",New York,NY,10020,40.7600411,-73.9818903,ai,uncorroborated
SUNVERA GROUP,"30150 Telegraph Rd, Ste 271",Bingham Farms,MI,48025,42.5092992,-83.2820299,ai,grounded
SUNWEST,,,,,,,,
SUNY,"State University Plaza, 353 Broadway",Albany,NY,12246,42.6511674,-73.754968,ai,corroborated
SUNY AT BUFFALO,1 James E. Casey Drive,Buffalo,NY,14203,42.877908,-78.805387,ai,corroborated
SUNY DOWNSTATE,450 Clarkson Avenue,Brooklyn,NY,11203,40.6553702,-73.9450773,ai,corroborated
SUNY DOWNSTATE MEDICAL CENTER,450 Clarkson Ave,Brooklyn,NY,11203,40.6553702,-73.9450773,ai,corroborated
SUNY UPSTATE,750 East Adams Street,Syracuse,NY,13210,43.0408184,-76.1391437,ai,corroborated
SUNY UPSTATE MEDICAL UNIVERSITY,750 E Adams Street,Syracuse,NY,13210,43.0408184,-76.1391437,ai,corroborated
SUPERBA GROUP,,,,,,,,
SUPERCLEAN,"1380 Corporate Center Curve, Suite 107",Eagan,MN,55121,44.8564327,-93.1632341,ai,grounded
SUPERIOR INDUSTRIES,1835 South 36th Street,Muskegon,MI,49444,43.2341813,-86.2483921,ai,corroborated
SUPERIOR WINDOW,,,,,,,,
SUPERSMILE,"32 E 57th St, 15th Floor",New York,NY,10022,40.7618724,-73.9720863,ai,grounded
SUPERSTRUCTURES,"14 Wall Street, 25th Floor",New York,NY,10005,40.7076337,-74.010757,ai,grounded
SUPPLY ACCESSORIES,,,,,,,,
SUPPLY CADDY,1501 S Kansas Ave,Topeka,KS,66612,39.0396105,-95.6788292,ai,uncorroborated
SUPREME LAUNDRY AND CLEANERS,,,,,,,,
SURESCRIPTS,2550 Wasser Terrace,McLean,VA,22102,38.9342888,-77.1776327,ai,uncorroborated
SURFACE TECHNOLOGY INC,,,,,,,,
SURFSIDE MANOR HFA,,,,,,,,
SURGEONS GROUP OF BATON ROUGE / LAKE PHYSICIANS,,,,,,,,
SURGICAL SPECIALISTS OF THE NORTH SHOR,,,,,,,,
SURRY INVESTMENT ADVISORS,,,,,,,,
SURVEYMONKEY,1 Curiosity Way,San Mateo,CA,94403,37.496904,-122.3330573,ai,uncorroborated
"SUSAN ARNOWITZ, PH.D",,,,,,,,
SUSAN EDELSTEIN PRODUCTIONS LLC,,,,,,,,
SUSAN G. KOMEN FOR THE C,"5005 LBJ Freeway, Suite 250",Dallas,TX,75244,32.9279478,-96.8220407,ai,uncorroborated
SUSAN KOEHN DESIGNS,,,,,,,,
SUSMAN GODFREY LLP,"1000 Louisiana Street, Suite 5100",Houston,TX,77002,29.75843,-95.3682993,ai,grounded
SUSQUEHANNA GROWTH EQUITY,1525 Locust Street,Philadelphia,PA,19102,39.9487706,-75.1673943,ai,corroborated
SUSQUEHANNA INTERNATIONAL GROUP,"525 William Penn Place, 9th Floor",Pittsburgh,PA,15219,40.4401673,-79.9977351,ai,corroborated
SUSSER BANK,2201 Wurzbach Road,San Antonio,TX,78238,29.4921757,-98.5977933,ai,corroborated
SUSSMAN AUTOMATIC,1130 Fairoaks Ave,Northbrook,IL,60062,42.128704,-87.8265089,ai,uncorroborated
SUSSMAN EDUCATION,,,,,,,,
SUSTAINABLE CAPITAL,111 Sutter St Suite 800,San Francisco,CA,94104,37.7901267,-122.4026973,ai,corroborated
SUTHERLAND ASBILL & BRENNAN,"999 Peachtree Street NE, Suite 2300",Atlanta,GA,30309,33.7809002,-84.3829982,ai,corroborated
SUTHERLAND CAPITAL MANAGEMENT INC,"32 East 57th Street, 16th Floor",New York,NY,10022,40.7618724,-73.9720863,ai,grounded
SUTHERLAND GLOBAL,"1200 Abernathy Road NE, Suite 1700",Atlanta,GA,30328,33.7544657,-84.3898151,ai,uncorroborated
SUTTER,2200 River Plaza Drive,Sacramento,CA,95833,38.605504,-121.515639,ai,grounded
SUTTER HEALTH,2901 K Street,Sacramento,CA,95816,38.572426,-121.468164,ai,corroborated
SUTTER MEDICAL GROUP,2750 Gateway Oaks Drive Suite 150,Sacramento,CA,95833,38.6166223,-121.5177565,ai,grounded
SUTTON MANAGEMENT CO,55 W 39th St,New York,NY,10018,40.7523912,-73.9839779,ai,corroborated
SUTTON SQUARE GROUP,,,,,,,,
SVERDLOV LAW PLLC,,,,,,,,
SVG,,,,,,,,
SWA,6000 S Terminal Pkwy,Des Moines,IA,50315,41.5868654,-93.6249494,ai,uncorroborated
SWALET AEROSPACE,,,,,,,,
SWALLOW ASSOCIATES,,,,,,,,
SWC,,,,,,,,
SWEDISH HEALTH SERVICES,747 Broadway E,Seattle,WA,98102,47.6257309,-122.3214416,ai,corroborated
SWEDISH MEDICAL GROUP,501 Broad St,Seattle,WA,98104,47.6205779,-122.3477653,ai,corroborated
SWEET PAPER SALES,,,,,,,,
SWIB,"State Street, 11th Floor",Madison,WI,53703,43.0748308,-89.3925025,ai,uncorroborated
SWIDLER SALES AND CONSULTING,,,,,,,,
SWIFT-TRAIN COMPANY,11201 Development Rd,Huntsville,AL,35806,34.729847,-86.5859011,ai,uncorroborated
SWIRNOW,636 W California Ave,Sunnyvale,CA,94086,37.3823009,-122.0339531,ai,uncorroborated
SWIRNOW SYSTEMS MANAGEMENT LLC,,,,,,,,
SWM,,,,,,,,
SWORD BIO,"2 N LaSalle St, Suite 1300",Chicago,IL,60602,41.8823579,-87.632809,ai,uncorroborated
SWRI,6220 Culebra Rd,San Antonio,TX,78238,29.4441204,-98.6136109,ai,corroborated
SXHOLDINGS,,,,,,,,
SYCAMORE MECHANICAL CONTRACTORS,,,,,,,,
"SYKES, BOURDON, AHERN & LEVY PC",,,,,,,,
SYLVAN CREST PARTNERS,,,,,,,,
SYLVESTER COMPREHENSIVE CANCER CENTER,1601 NW 10th Ave,Miami,FL,33136,25.7903589,-80.2106983,ai,corroborated
SYNAGILE CORPORATION,11601 Wilshire Blvd Suite 500,Los Angeles,CA,90025,34.0510414,-118.4599151,ai,uncorroborated
SYNCO,,,,,,,,
SYNERGY,,,,,,,,
SYNERGY ACADEMICS,,HIDDEN HILLS,CA,91302,,,,
SYNERGY HEALTH PARTNERS,,,,,,,,
SYNOPSYS,700 E Middlefield Rd,Mountain View,CA,94043,37.3915986,-122.0465493,ai,uncorroborated
SYNTHEGO,501 2nd St,South San Francisco,CA,94080,37.6523406,-122.4305331,ai,corroborated
SYNTONIC SYSTEMS,"2737 S. Ridgewood Ave, Suite 100",South Daytona,FL,32119,29.1605938,-80.995564,ai,uncorroborated
SYPERSMILE,850 Beacon St,Brookline,MA,02446,42.346271,-71.1056761,ai,uncorroborated
SYRACUSE ORTHOPEDIC SPECIALISTS,200 W Manlius St,Syracuse,NY,13202,43.06423,-76.073961,ai,corroborated
SYRACUSE UNIVERSITY,Syracuse University,Syracuse,NY,13244,43.0171129,-76.1185536,ai,uncorroborated
SZABO REALTY,,,,,,,,
T & M BUILDING CO INC,200 Lake Drive West,Cherry Hill,NJ,08002,39.938518,-75.004354,ai,uncorroborated
T SIMON CONSULTING,,,,,,,,
T WEISS REALTY,,,,,,,,
T7 CAPITAL,"1040 6th Ave, Floor 15",New York,NY,10018,40.7529924,-73.9850431,ai,grounded
TA ASSOCIATES,"200 Clarendon St, 33rd Floor",Boston,MA,02116,42.3491677,-71.075124,ai,corroborated
TABLE MANAGEMENT LP,,,,,,,,
TABLEAU,1621 N 34th St,Seattle,WA,98103,47.6476152,-122.3383842,ai,grounded
TABOOLA,1115 Broadway,New York,NY,10010,40.7429808,-73.9893406,ai,corroborated
TABUSH GROUP,"350 N Old Woodward Ave, Suite 200",Birmingham,MI,48009,42.5489599,-83.2159321,ai,uncorroborated
TACALA LLC,60 State Street,Boston,MA,02109,42.3596782,-71.056579,ai,uncorroborated
TACTIX,,,,,,,,
TAE PHOENIX ENTERTAINMENT,,,,,,,,
TAFT STETTINIUS & HOLLISTER PLLC,"425 Walnut Street, Suite 1800",Cincinnati,OH,45202,39.1006993,-84.5130369,ai,uncorroborated
TAG DEVELOPMENTS LTD,,,,,,,,
TAHL PROPP EQUITIES,"3601 W Commercial Blvd, Suite 400",Fort Lauderdale,FL,33309,26.1883737,-80.1661015,ai,corroborated
TAILWIND CONSULTANTS,,,,,,,,
TAKEDA,300 Shire Way,Lexington,MA,02421,42.4274232,-71.2523377,ai,uncorroborated
TALCOTT HOLDINGS INC,,,,,,,,
TALENT SYSTEMS,,,,,,,,
TALPION,,,,,,,,
TALPION FUND MANAGEMENT LP,,,,,,,,
TALPIOT COLLEGE,,,,,,,,
TAMAR FINK INC,,,,,,,,
TAMARIX,,,,,,,,
TAMAROFF MOTORS,6600 Orchard Lake Rd,West Bloomfield,MI,48322,42.5406667,-83.3607424,ai,corroborated
TAMGE,,,,,,,,
TAMID,,,,,,,,
TAMPA BAY TRANE,1501 N Westshore Blvd,Tampa,FL,33607,27.9554142,-82.5240415,ai,corroborated
TANDEMHR,"1 International Blvd, 5th Floor",Boston,MA,02110,42.3588336,-71.0578303,ai,uncorroborated
TANGIBLE SCIENCES,,,,,,,,
TANNEBAM WEISS,,,,,,,,
TANNEN & ASSOCIATES,,,,,,,,
TANTUM REAL ESTATE,,,,,,,,
TAP ROOT CAPITAL,60 River Rd,Summit,NJ,07901,40.7319745,-74.3743595,ai,grounded
TAPPER'S,6337 Orchard Lake Rd,West Bloomfield,MI,48322,42.5468639,-83.3607936,ai,corroborated
TAQTILE INC,335 Madison Avenue,New York,NY,10017,40.7536221,-73.9780733,ai,uncorroborated
TARGET STRATEGIES LLC,"1501 M Street NW, Suite 300",Washington,DC,20005,38.905729,-77.034723,ai,uncorroborated
TARGETSEARCHGROUP,,,,,,,,
TARRANT COUNTY,100 E Weatherford St,Fort Worth,TX,76196,32.7574794,-97.3331906,ai,corroborated
TASK US,"1650 Independence Drive, Suite 100",New Braunfels,TX,78132,29.7184071,-98.1582751,ai,grounded
TASTY BRANDS,"6800 Jericho Turnpike, Suite 100E",Syosset,NY,11791,40.8061341,-73.5183554,manual,verified
TATE DEVELOPMENT CORP,,,,,,,,
TAUB VENTURES,,,,,,,,
TAX PRO SOLUTIONS,,,,,,,,
TAXMAN POLLOCK MURRAY & BEKKERMAN,"One Penn Plaza, Suite 5215",New York,NY,10119,40.7510985,-73.9919723,ai,uncorroborated
TAYLOR EQUITIES,"3660 Wilshire Blvd, Suite 612",Los Angeles,CA,90010,34.0612247,-118.3049789,ai,grounded
TAYLOR MORRISON NW LLC,5221 N 44th Street Suite 100,Phoenix,AZ,85018,33.5143201,-111.9865109,ai,uncorroborated
TAYLOR PORTER BROOKS & PHILLIPS LLP,"450 Laurel St, Suite 1600",Baton Rouge,LA,70801,30.4503383,-91.1864777,ai,corroborated
TBFR,,,,,,,,
TBG,,,,,,,,
TBS CONSUTLING,,,,,,,,
TCG,"350 5th Ave, 59th Floor",New York,NY,10118,40.7484421,-73.9856589,ai,corroborated
TCI PRECISION METALS,2000 Dorr St,Toledo,OH,43607,41.652975,-83.590575,ai,uncorroborated
TCS,,,,,,,,
TCV,"275 5th Ave, Suite 510",San Francisco,CA,94103,37.7835047,-122.4634912,ai,grounded
TD COWEN,"640 Fifth Avenue, 4th Floor",New York,NY,10019,40.9203162,-73.8044478,ai,corroborated
TD SECURITIES,31 West 52nd Street,New York,NY,10019,40.7608799,-73.9780399,ai,corroborated
TEACH FLORIDA,"325 John Knox Rd, Suite L103",Tallahassee,FL,32303,30.4715725,-84.2865864,ai,corroborated
"TEACHERS COLLEGE, COLUMBIA UNIVERSITY",525 West 120th Street,New York,NY,10027,40.8102581,-73.9606607,ai,corroborated
TEAM HEWINS LLC,,,,,,,,
TEAM RESOURCES INC,,,,,,,,
TEAMHEALTH,"265 Brookview Centre Way, Suite 203",Knoxville,TN,37919,35.935728,-84.00411,ai,grounded
TEANECK TWP,818 Teaneck Rd,Teaneck,NJ,07666,40.8846166,-74.0069353,ai,corroborated
TEBIE GLOBAL,,,,,,,,
TEC BUILDING SYSTEMS,"2300 Windy Ridge Parkway SE, Suite 500",Atlanta,GA,30339,33.9060993,-84.4603898,ai,uncorroborated
TECH,,,,,,,,
TECHLAUNCH,"3400 E Cherry Ave, Suite 200",Fresno,CA,93726,36.7394421,-119.78483,ai,uncorroborated
TECHMARK,"300 River Place Drive, Suite 350",Detroit,MI,48207,42.336605,-83.017718,ai,grounded
TECHNA INDSUTRIAL DESIGN,,,,,,,,
TECHNOCON,,,,,,,,
TECHPAR GROUP,,,,,,,,
TECTA AMERICA ZERO CO. LLC,1250 24th Street NW,Washington,DC,20037,38.9064358,-77.0518652,ai,uncorroborated
TECTONIC TX,,,,,,,,
TEEN SUMMER EXPOS INC,,,,,,,,
TEICHMAN ENTERPRISES,,,,,,,,
TEIFELD & COMPANY,,,,,,,,
TEITELBAUM ARTISTS,,,,,,,,
TEJAS SECURITIES,"7700 Bonhomme Ave, Ste 575",Clayton,MO,63105,38.647043,-90.3351132,ai,grounded
TEK INSIGHT,,,,,,,,
TEKLEAD CORP,,,,,,,,
TELEBRANDS CORPORATION,"Venture Corporate Park, 35 Cold Spring Rd",Plainview,NY,11803,40.7765026,-73.4670022,ai,corroborated
TELECARE CORPORATION,"1080 Marina Village Pkwy, Suite 100",Alameda,CA,94501,37.7845806,-122.2710986,ai,grounded
TELEDYNE TECHNOLOGIES,1049 Camino Dos Rios,Thousand Oaks,CA,91360,34.1931286,-118.8939224,ai,grounded
TELEMUS CAPITAL,,,,,,,,
TELEVIX,,,,,,,,
TELIA AS,,,,,,,,
TEMPLE,,,,,,,,
TEMPLE AHAVAT SHALOM,1575 Curlew Rd,Palm Harbor,FL,34683,28.0490793,-82.7387812,ai,grounded
TEMPLE BETH ABRAHAM,25 Leroy Avenue,Tarrytown,NY,10591,41.070359,-73.8601211,ai,grounded
TEMPLE BETH AVODAH,85 Concord Rd,Bedford,MA,01730,42.4911407,-71.2911972,ai,corroborated
TEMPLE BETH EL,,,,,,,,
TEMPLE BETH EL KESHET,,,,,,,,
TEMPLE BETH EL MANHATTAN BEACH,1014 Irving Ave,Manhattan Beach,CA,90266,33.8872777,-118.4104324,ai,uncorroborated
TEMPLE BETH ISRAEL,,,,,,,,
TEMPLE BETH SHALOM,,,,,,,,
TEMPLE BETH SHOLOM,4200 SW Munson Ave,Topeka,KS,66604,39.0478286,-95.7300599,ai,grounded
TEMPLE CITY ADHC,,,,,,,,
TEMPLE DE HIRSCH SINAI,501 East Pike Street,Seattle,WA,98122,47.6136392,-122.3251994,ai,corroborated
TEMPLE EMANUEL,1010 University Ave,San Jose,CA,95126,37.3403374,-121.9205137,ai,grounded
TEMPLE HAR ZION,1040 North Harlem Avenue,River Forest,IL,60305,41.8992135,-87.8059857,ai,grounded
TEMPLE ISAIAH PRESCHOOL,,,,,,,,
TEMPLE ISRAEL,477 Longwood Ave,Boston,MA,02215,42.340448,-71.1092473,ai,corroborated
TEMPLE ISRAEL OF SHARON,28-30 Spruce St,Sharon,MA,02067,42.1237328,-71.1787282,ai,corroborated
TEMPLE JUDEA,,,,,,,,
"TEMPLE KOL AMI, W. BLOOMFIELD MI",5085 Walnut Lake Rd,West Bloomfield,MI,48323,42.5568204,-83.3827145,ai,uncorroborated
TEMPLE OHABEI SHALOM,1187 Beacon St,Brookline,MA,02446,42.3435703,-71.1144574,ai,corroborated
TEMPLE SHALOM,,,,,,,,
TEMPLE SHALOM MEDFORD,20 Cottage Street,Medford,MA,02155,42.4209266,-71.1296133,ai,uncorroborated
TEMPLE SHALOM NAPLES,4630 Pine Ridge Rd,Naples,FL,34119,26.2115036,-81.7822295,ai,corroborated
TEMPLE SHALOM OF THE SOUTH BAY,1665 Bloomfield Ave,Redondo Beach,CA,90278,33.8398289,-118.3845942,ai,corroborated
TEMPLE SHIR SHALOM,399 Old Tappan Rd,Park Ridge,NJ,07656,41.035965,-74.0415551,ai,uncorroborated
TEMPLE SINAI,,,,,,,,
TEMPLE SINAI SUMMIT,101 Maple St,Summit,NJ,07901,40.7126156,-74.3616254,ai,uncorroborated
TEMPLE TIFERET SHALOM,8777 NW 44th St,Doral,FL,33178,25.8143156,-80.3810368,ai,uncorroborated
TEMPUS AI,"600 West Chicago Avenue, Suite 510",Chicago,IL,60654,41.8982912,-87.6443417,ai,grounded
TENCAP INC,,,,,,,,
TENCER AND ASSSOCIATES,,,,,,,,
TENN BLDG PRODUCTS,,,,,,,,
TENNIS INDOORS OF NY INC,,,,,,,,
TENS,,,,,,,,
TERRA NOVA TECHNOLOGIES,,,,,,,,
TERRACO REAL ESTATE,"3201 Old Glenview Road, Suite 300",Wilmette,IL,60091,42.0656197,-87.7564817,manual,verified
TERRASTONE SOLUTIONS,,,,,,,,
TERRAVEDRA CONSULTING GROUP,,,,,,,,
TERRAVET REAL ESTATE SOLUTIONS,,,,,,,,
TERRIFIC TOURS,,,,,,,,
TESLA,13101 HAYDEN ROAD,AUSTIN,TX,78728,30.4445643,-97.6950325,ai,uncorroborated
TETRAGON,250 West 55th Street,New York,NY,10019,40.7649395,-73.9829195,ai,corroborated
TEXANA BANK,305 West Main Street,Ganado,TX,77962,29.0396292,-96.5122845,ai,uncorroborated
TEXAS DIRECT INSURANCE AGENCY LP,5400 Legacy Dr,Plano,TX,75024,33.076994,-96.808304,ai,corroborated
TEXAS FERTILITY CENTER,"7557 Rambler Road, Suite 700",Dallas,TX,75231,32.8851743,-96.7631901,ai,corroborated
TEXAS FINANCIAL FORENSICS,,,,,,,,
TEXAS IRON AND METAL,,Houston,TX,77002,,,,
TEXAS IRON AND STEEL,,,,,,,,
TEXAS OFFICE OF THE ATTORNEY GENERAL,300 W. 15th Street,Austin,TX,78701,30.267153,-97.7430608,ai,corroborated
TEXAS ONCOLOGY PA,"14555 Dallas Parkway, Suite 250",Dallas,TX,75254,32.9443009,-96.8230694,ai,corroborated
TEXAS RADIOLOGY ASSOCIATES,7600 Fannin St,Houston,TX,77054,29.6933775,-95.4027926,ai,corroborated
TEXAS STATE UNIVERSITY,601 University Drive,San Marcos,TX,78666,29.8910885,-97.9376214,ai,corroborated
TEXAS TECH UNIV HSC,3601 4th Street,Lubbock,TX,79430,33.592208,-101.899157,ai,corroborated
TEXAS UNITED MANAGEMENT,,,,,,,,
TFC,,,,,,,,
TFPS,,,,,,,,
TFS ENERGY FUTURES LLC,1001 Fannin St Suite 1600,Houston,TX,77002,29.7557946,-95.3639251,ai,uncorroborated
TG HOLDINGS LLC,,,,,,,,
TGH GROUP HOLDINGS LTD,,,,,,,,
THALES GROUP,"2733 South Crystal Drive, Suite 1200",Arlington,VA,22202,38.8769326,-77.0893094,ai,grounded
THALHEIMER BROTHERS LLC,,,,,,,,
THATCH HEALTH,1600 NW 167th St Suite 100,Beaverton,OR,97006,45.4871723,-122.80378,ai,uncorroborated
THATS A RAPP PRODUCTIONS,,,,,,,,
THCF,,,,,,,,
THE 495/METROWEST PARTNERSHIP,"One Park Plaza, Suite 450",Boston,MA,02116,42.3515011,-71.0693963,ai,corroborated
THE ABSINTHE GROUP,"368 Hayes Street, 2nd Floor",San Francisco,CA,94102,37.7770899,-122.422458,ai,grounded
THE ACACIA GROUP,1120 Avenue of the Americas,New York,NY,10036,40.7555808,-73.9828644,ai,uncorroborated
THE ACCELERATION PROJECT,,,,,,,,
THE ACKERBERG GROUP,"2201 Broadway, Suite 1010",Oakland,CA,94612,37.8112082,-122.267501,ai,uncorroborated
THE ADVOCACY GROUP INC,,,,,,,,
THE AEROSPACE CORPORATION,2310 E El Segundo Blvd,El Segundo,CA,90245,33.9155862,-118.3823266,ai,corroborated
THE AGATSTON CENTER FOR PREVENTIVE MEDICINE,1691 Michigan Avenue,Miami Beach,FL,33139,25.7912482,-80.1386759,manual,verified
THE AGENCY,"100 N Crescent Dr, 4th Floor",Beverly Hills,CA,90210,34.067215,-118.395725,ai,corroborated
THE ALTMAN LAW FIRM PLLC,200 Park Avenue Suite 1700,New York,NY,10166,40.7534645,-73.9766148,ai,corroborated
THE ANDERSON GROUP,8550 Freeport Pkwy Suite 400,Irving,TX,75063,32.9234757,-97.0152251,ai,uncorroborated
THE ANNENBERG FOUNDATION,"2000 Avenue of the Stars, Suite 1000",Los Angeles,CA,90067,34.0583138,-118.4146758,ai,corroborated
THE ARBA GROUP,6300 Wilshire Blvd Suite 1800,Los Angeles,CA,90048,34.0631573,-118.3663294,ai,grounded
THE ARDENT COMPANIES,"2100 Powers Ferry Rd, Suite 350",Atlanta,GA,30339,33.9010899,-84.4511696,ai,grounded
THE ARKER COMPANIES,,,,,,,,
THE ASSOCIATED,,,,,,,,
THE ASSOCIATED: JEWISH FEDERATION OF BALTIMORE,101 West Mount Royal Avenue,Baltimore,MD,21201,39.3050836,-76.6177823,manual,verified
THE ASTRONAUTS MEMORIAL FOUNDATION,"3600 Wilson Blvd, Suite 800",Arlington,VA,22201,38.881811,-77.102753,ai,uncorroborated
THE BENIDA GROUP,200 Park Ave South Suite 1102,New York,NY,10003,40.7368886,-73.9892348,ai,uncorroborated
THE BERARD COMPANY,100 Cross St,Portsmouth,NH,03801,43.0751306,-70.7601826,ai,uncorroborated
THE BERG CORPORATION,2519 Wilkens Avenue,Baltimore,MD,21223,39.2791797,-76.6541815,ai,grounded
THE BERKELEY SCHOOL-WESTCHESTER,909 Westchester Ave Suite 200,White Plains,NY,10604,41.0339862,-73.7629097,ai,corroborated
THE BERNSTEIN COMPANIES,"2000 Market Street, Suite 1900",Philadelphia,PA,19103,39.953509,-75.173351,ai,uncorroborated
THE BG,,,,,,,,
THE BINSKY CORPORATION,110 Wall St Suite 1050,New York,NY,10005,40.7049397,-74.0063279,ai,uncorroborated
THE BIRCH WATHEN LENOX SCHOOL,210 East 77th Street,New York,NY,10075,40.7724645,-73.9577203,ai,corroborated
THE BLOOM ORGANIZATION,"Optima Onyx Tower, 1010 S. Federal Highway, Suite 2804",Hallandale Beach,FL,33009,25.9812025,-80.148379,ai,grounded
THE BLUFFS,,,,,,,,
THE BOEING COMPANY,100 North Riverside,Chicago,IL,60606,41.8825427,-87.638745,ai,uncorroborated
THE BOSTON FOUNDATION,75 Arlington Street,Boston,MA,02116,42.3504901,-71.0703617,ai,corroborated
THE BRIDGEFUND & THE HUDSON GUILD,141 W 25th St 5th Floor,New York,NY,10001,40.7447576,-73.9930024,ai,corroborated
THE BUCKINGHAM RESEARCH GROUP,1000 N West St,Wilmington,DE,19801,39.7471805,-75.5500972,ai,uncorroborated
THE CARLYLE GROUP,1001 Pennsylvania Avenue NW,Washington,DC,20004,38.8954637,-77.0264855,ai,grounded
THE CARNELIAN GROUP,400 Atlantic Ave,Boston,MA,02110,42.3556115,-71.0504489,ai,uncorroborated
THE CHAZIN GROUP INC,,,,,,,,
THE CHICAGO SCHOOL,325 North Wells Street,Chicago,IL,60654,41.8882472,-87.6337142,ai,uncorroborated
THE CHOTIN FOUNDATION & FAMILY - TCG,,,,,,,,
THE CHOTIN GROUP,,,,,,,,
THE CLOSET WORKS INC,1000 N West Street Suite 1200,Wilmington,DE,19801,39.7471805,-75.5500972,ai,uncorroborated
THE CLOVER COMPANY,,,,,,,,
THE COCA-COLA COMPANY,One Coca-Cola Plaza,Atlanta,GA,30313,33.7708677,-84.3966253,ai,corroborated
THE COHEN GROUP,"1300 17th Street NW, Suite 600",Washington,DC,20036,38.9074529,-77.0387341,ai,uncorroborated
THE COLLEGE SCHOOL,3100 Happy Hollow Blvd,Cincinnati,OH,45213,39.1012809,-84.5127405,ai,uncorroborated
THE CONTINUUM COMPANY,,,,,,,,
THE CORMAC GROUP,,,,,,,,
THE CROSS COUNTRY GROUP,400 Rivers Edge Drive,Medford,MA,02155,42.4112952,-71.0744009,ai,grounded
THE CROSSING GRILL & BAR,,,,,,,,
THE DAVIS COMPANIES,"125 High Street, Suite 300",Boston,MA,02110,42.3550474,-71.053416,ai,corroborated
THE DENTAL OFFICE AT CHESTNUT HILL,205 Boylston St,Chestnut Hill,MA,02467,42.3229717,-71.16604,ai,corroborated
THE DENVER FIRM,"2990 S. Colorado Blvd, Suite 545",Denver,CO,80222,39.6636554,-104.940577,ai,corroborated
THE DERF COMPANY,,,,,,,,
THE DIAL CORPORATION,1800 Pacific Ave,Plano,TX,75074,33.0136764,-96.6925096,ai,uncorroborated
THE DIAMOND LAW FIRM PA,,,,,,,,
THE DISCOVERY GROUP,,,,,,,,
THE DOVER GROUP,280 Park Ave,New York,NY,10017,40.7564853,-73.975049,ai,uncorroborated
THE DUBIN GROUP,,,,,,,,
THE EBLLA GROUP,,,,,,,,
THE ELGIN COMPANY,1 Elgin St,Elgin,IL,60120,42.0466157,-88.2694025,ai,corroborated
THE ELLIOT GROUP,,,,,,,,
THE ELLMAN COMPANIES,"760 Market Street, Suite 1600",San Francisco,CA,94102,37.7866671,-122.40505,ai,uncorroborated
THE ENTERPRISE GROUP,3333 E Speedway Blvd,Tucson,AZ,85716,32.2362106,-110.9217349,manual,verified
THE FALLSTAFF GROUP INC,,,,,,,,
THE FELDMAN COMPANIES,"3323 NE 163rd St, Suite 501",North Miami Beach,FL,33160,25.9285495,-80.1368421,ai,grounded
THE FEMALE QUOTIENT,"220 Montgomery St, Suite 800",San Francisco,CA,94104,37.7914791,-122.4023758,ai,corroborated
THE FIRM FOR JUSTICE & LIBERTY ATTORNEYS,,,,,,,,
THE FISHER GROUP,"Two Towne Square, Suite 900",Southfield,MI,48076,42.4733689,-83.2218731,ai,grounded
THE FITNESS CENTER,,,,,,,,
THE FIVESTONE GROUP,,,,,,,,
THE FLATIRON GROUP,,,,,,,,
THE FOUNTAIN CAPITAL LLC,,,,,,,,
THE FOUNTAINS OF WEST COUNTY,1440 Dorsett Village West Dr,Maryland Heights,MO,63043,38.7150511,-90.435999,ai,corroborated
THE FRACTIONAL OPERATOR,,,,,,,,
THE FRIENDSHIP OF PITTSBURGH,320 Boulevard of the Allies,Pittsburgh,PA,15222,40.4380584,-80.0006835,ai,corroborated
THE FUNDWORKS LLC,,,,,,,,
THE GART COMPANIES,"240 St. Paul Street, Suite 200",Denver,CO,80206,39.7201899,-104.9506875,ai,grounded
THE GEORGETOWN COMPANY,10501 Dutton Rd,Sugar Land,TX,77478,29.6196787,-95.6349463,ai,uncorroborated
THE GERGEL GROUP,"3300 NE 191st St, Suite 1017",Aventura,FL,33180,25.9521481,-80.1433833,ai,grounded
THE GERSON COMPANIES,1450 S. Lone Elm Rd,Olathe,KS,66061,38.8600874,-94.8328391,ai,grounded
THE GLOBAL GOOD FUND,"500 5th Ave, 14th Floor",New York,NY,10110,40.7539205,-73.9811817,ai,uncorroborated
THE GOODGLIDE COMPANY,,,,,,,,
THE GRIFE LAW FIRM,"1001 E. Morehead St, Suite 300",Charlotte,NC,28204,35.212957,-80.843711,ai,uncorroborated
THE GUILFORD HOUSE,109 West Lake Avenue,Guilford,CT,06437,41.3120973,-72.724683,ai,grounded
THE GULD RESOURCE GROUP,,,,,,,,
THE GUTMAN GROUP,10 Venetian Way #703,Miami Beach,FL,33139,25.7910841,-80.1466479,ai,grounded
THE HAMLIN SCHOOL,2120 Broadway,San Francisco,CA,94115,37.7947157,-122.4320336,ai,corroborated
"THE HARRIS LAW FIRM, PLLP",,,,,,,,
THE HEALTH LAW PARTNERS,30150 Telegraph Rd,Bingham Farms,MI,48025,42.5092992,-83.2820299,ai,corroborated
THE HEAT GROUP,,,,,,,,
THE HECTOR J. PEABODY FOUNDATION FOR FREEDOM,,,,,,,,
THE HELLAS GROUP,,,,,,,,
"THE HESCHEL SCHOOL, NY",9136 13th Avenue,Brooklyn,NY,11228,40.6171823,-74.0106748,ai,uncorroborated
THE HOME DEPOT,2455 Paces Ferry Road SE,Atlanta,GA,30339,33.7544657,-84.3898151,ai,corroborated
THE HOOBERMAN COMPANIES,5225 Hellyer Ave,San Jose,CA,95138,37.2706475,-121.7948967,ai,uncorroborated
"THE HOOVER INSTITUTION, STANFORD UNIVERSITY",434 Galvez Mall,Stanford,CA,94305,37.4272435,-122.1663276,manual,verified
THE HWOOD GROUP,,,,,,,,
THE INSTRUMENT GROUP COMPANY,,,,,,,,
THE INTERFACE GROUP DBA ADFAM,,,,,,,,
THE JACOB LAW FIRM LLC,39 S Main St,Lititz,PA,17543,40.1569847,-76.3077196,ai,uncorroborated
THE JAFFE CORPORATION,300 North Nova Road,Ormond Beach,FL,32174,29.2849273,-81.0846504,ai,grounded
THE JEFFREY MATTHEWS FINANCIAL GROUP,,,,,,,,
THE JEFFRY B. LEWIS LAW FIRM,,,,,,,,
THE JEWISH LINK MEDIA GROUP,"1 Elmwood Avenue, Suite 100",Ridgewood,NJ,07450,40.9796683,-74.1194403,ai,corroborated
THE JILLS ZEDER GROUP,1682 Jefferson Ave,Miami Beach,FL,33139,25.7912663,-80.1378527,ai,corroborated
THE JOHNSON COMPANY,"610 Fifth Avenue, 2nd Floor",New York,NY,10020,40.9199483,-73.8047184,ai,grounded
THE KALIKOW GROUP,"100 Jericho Quadrangle, Suite 440",Jericho,NY,11753,40.7891193,-73.5539158,ai,corroborated
THE KARREN COMPANY,,,,,,,,
THE KID FROM DOWNUNDER INC,,,,,,,,
THE KRAFT GROUP,One Patriot Place,Foxborough,MA,02035,42.0894304,-71.2603702,manual,verified
THE KRAUS ORGANIZATION,,,,,,,,
THE KRE GROUP,,,,,,,,
THE KURLAND LAW GROUP,,,,,,,,
"THE LAW OFFICE OF BRIAN GURWITZ, APC",,,,,,,,
THE LAW OFFICE OF JEFFREY H JACOBSON,,,,,,,,
THE LAW OFFICE OF MELANIE CASPI PC,,,,,,,,
THE LAW OFFICES OF LAUREN ABRAMS,,,,,,,,
THE LIQUID OPPORTUNITY GROUP,,,,,,,,
THE LIVELY FOUNDATION,550 Mountain View Ave,Mountain View,CA,94041,37.391696,-122.0874679,ai,grounded
THE LOEB GROUP,,,,,,,,
THE LOUIS D. BRANDEIS CENTER FOR HUMAN RIGHTS UNDER LAW,7609 16th Street NW,Washington,DC,20012,38.9824618,-77.036235,manual,verified
THE LOUISE D. & MORTON J. MACKS CENTER,,,,,,,,
THE LOVELL GROUP,"229 Katherine Blvd, Unit 3310",Palm Harbor,FL,34684,28.0780718,-82.7637127,ai,grounded
THE MACK COMPANY,"2115 Linwood Avenue, Suite 110",Fort Lee,NJ,07024,40.8553578,-73.9732713,ai,grounded
THE MADISON GROUP,,,,,,,,
THE MAINLAND COMPANY,,,,,,,,
THE MAJORITY GROUP,,,,,,,,
THE MANAGEMENT GROUP,"8383 Wilshire Blvd, Ste 400",Beverly Hills,CA,90211,34.0651811,-118.3734211,ai,grounded
THE MARATHON GROUP,,,,,,,,
THE MARCUS FOUNDATION,"100 Colony Square, 1175 Peachtree St NE, Suite 2120",Atlanta,GA,30361,33.7869104,-84.3827111,manual,verified
THE MARK F. WEISS LAW FIRM,"9120 Irvine Center Drive, Suite 200",Irvine,CA,92618,33.6372415,-117.7403815,ai,uncorroborated
THE MARS AGENCY,25200 Telegraph Rd,Southfield,MI,48033,42.4734836,-83.2830471,ai,grounded
THE MAVEN GROUP,"4905 Del Ray Ave, Suite 200",Bethesda,MD,20814,38.9898209,-77.0993487,manual,verified
THE MAYA GROUP,,,,,,,,
THE MCCONNELL GROUP,"1201 Connecticut Avenue NW, Suite 500",Washington,DC,20036,38.9061861,-77.0406775,ai,uncorroborated
THE MELOHN GROUP,,,,,,,,
THE MERRIN GROUP,,,,,,,,
THE MET,1000 Fifth Avenue,New York,NY,10028,40.8021613,-73.9453686,ai,corroborated
THE METANOIC ORGANIZATION,,,,,,,,
THE MILESTONE GROUP,"2385 NW Executive Center Drive, Suite 240",Boca Raton,FL,33431,26.3694322,-80.1287887,manual,verified
THE MINKOFF GROUP,6272 Virgo Road,Oakland,CA,94611,37.8421267,-122.2152466,ai,grounded
THE MOHD GROUP,,,,,,,,
THE MOSKOWITZ LAW FIRM PLLC,"240 West 35th St, Suite 500",New York,NY,10001,40.7521443,-73.9918442,ai,uncorroborated
THE MYTA CORPORATION,,,,,,,,
THE NANZ COMPANY,"121 Varick Street, 10th Floor",New York,NY,10013,40.7248739,-74.0063398,ai,grounded
THE NATIONAL ALLIANCE TO ADVANCE ADOLE,1211 Connecticut Ave NW,Washington,DC,20036,38.9062357,-77.0410569,ai,uncorroborated
THE NATURE CONSERVANCY,"4245 North Fairfax Drive, Suite 100",Arlington,VA,22203,38.8769326,-77.0893094,ai,uncorroborated
THE NEW ENGLAND SOUP FACTORY,,,,,,,,
THE NEW JEWISH HOME,120 West 106th Street,New York,NY,10025,40.7994222,-73.9640157,ai,corroborated
THE NORFOLK COMPANIES,1 Citizens Plaza,Providence,RI,02903,41.8274821,-71.4107573,ai,uncorroborated
THE NRP GROUP,"1228 Euclid Avenue, 4th floor",Cleveland,OH,44115,41.5004573,-81.6842105,manual,verified
THE NUCLEAR COMPANY,,,,,,,,
THE OBSERVATORY,,,,,,,,
THE OCEANVIEW GROUP,,,,,,,,
THE OHIO STATE UNIVERSITY,1588 Neil Avenue,Columbus,OH,43210,39.994042,-83.0142859,ai,corroborated
THE OHIO STATE UNIVERSITY MEDICAL CENTER,410 West 10th Avenue,Columbus,OH,43210,39.993996,-83.0208962,manual,verified
THE ORBACH GROUP,,,,,,,,
THE ORDEN COMPANY,,,,,,,,
THE OSHMAN FIRM LLC,,,,,,,,
THE OXFORD INVESTMENT GROUP,9404 Genesee Ave Ste 200,La Jolla,CA,92037,32.8401623,-117.2740777,ai,grounded
THE PAINTING COMPANY,,,,,,,,
THE PARKOFF ORGANIZATION,"470 Park Avenue South, 7th Floor",New York,NY,10016,40.745766,-73.9825227,ai,corroborated
THE PARTNERSHIP AT DRUGFREE.ORG,"1701 K Street NW, Suite 1100",Washington,DC,20006,38.9029793,-77.0387054,ai,uncorroborated
THE PDI GROUP,,,,,,,,
THE PEDIATRIC GROUP,,,,,,,,
THE PERLES LAW FIRM PC,,,,,,,,
THE PEW CHARITABLE TRUSTS,2005 Market Street,Philadelphia,PA,19103,39.9539808,-75.1747158,ai,uncorroborated
THE PINEWOOD ORGANIZATION,,,,,,,,
THE PRISM HEALTH GROUP,"301 S 13th St, Ste 400",Richmond,VA,23219,37.5362188,-77.4330389,ai,uncorroborated
THE RADCO COMPANIES,"3560 Lenox Rd NE, Ste 2625",Atlanta,GA,30326,33.8511282,-84.3666045,ai,grounded
THE RAYMOND ORGANIZATION,,,,,,,,
THE RENFREW CENTER FOR EATING DISORDERS,"901 Cummings Center, Suite 301-T",Beverly,MA,01915,42.5569312,-70.8868623,ai,uncorroborated
THE RESOURCE GROUP | MIDWEST,,,,,,,,
THE RESULTS COMPANY,,,,,,,,
THE RIVERSIDE COMPANY,"45 Rockefeller Center, 630 Fifth Avenue, Suite 400",New York,NY,10111,40.7127281,-74.0060152,ai,grounded
THE ROBERTS COMPANIES,2886 Colorado Ave,Santa Monica,CA,90404,34.0324739,-118.4689585,ai,grounded
THE ROBINOW GROUP,,,,,,,,
THE RON KAUFMAN COMPANIES,1 Lombard St Ste 201,San Francisco,CA,94111,37.803923,-122.4025007,ai,grounded
THE ROOSEVELT GROUP,1212 New York Avenue NW,Washington,DC,20005,38.9005673,-77.0283278,ai,uncorroborated
THE ROSE SALTER MEDICAL RESEARCH FOUNDATION,,,,,,,,
THE ROTHMAN INSTITUTE,"475 Pleasant Valley Way, Suite 300",West Orange,NJ,07052,40.8096816,-74.2607465,ai,uncorroborated
THE SARRAF GROUP,,,,,,,,
THE SCION GROUP,"401 N. Michigan Ave, Suite 400",Chicago,IL,60611,41.8894215,-87.6235164,ai,grounded
THE SEPHARDIC HOME FOR THE AGED,2266 Cropsey Ave,Brooklyn,NY,11214,40.595818,-73.9975921,ai,grounded
THE SHAPIRO FOUNDATION,,,,,,,,
THE SHEENA LAW FIRM,"1001 Texas Ave, Suite 240",Houston,TX,77002,29.759972,-95.362363,manual,verified
THE SHIDDUCH CENTER,474 Central Ave,Passaic,NJ,07055,40.9559184,-74.1449242,ai,uncorroborated
THE SHOPPING CENTER GROUP,"300 Galleria Parkway, 12th Floor",Atlanta,GA,30339,33.8862488,-84.4623353,ai,grounded
THE SPEEDWASH,,,,,,,,
THE SPINDEL AGENCY,"277 Bendix Rd, Suite 500",Virginia Beach,VA,23452,36.8338885,-76.1268503,ai,grounded
THE STERLING GROUP,"9 Greenway Plaza, Suite 2400",Houston,TX,77046,29.7325744,-95.4313933,ai,grounded
THE STERNS TRUST,,,,,,,,
THE STRATEGY GROUP COMPANY,75 State Street,Boston,MA,02109,42.3586032,-71.0552567,ai,uncorroborated
THE STRO COMPANIES,"104 Chestnut St, Suite 300",Ridgewood,NJ,07450,40.9824875,-74.1185648,ai,grounded
THE SUNSET LANDMARK INVESTMENT LLC,,,,,,,,
THE SUPERIOR GROUP,"1270 Ave of the Americas, 5th Fl",New York,NY,10020,40.7127281,-74.0060152,ai,uncorroborated
THE TAUBMAN COMPANY,"200 E Long Lake Rd, Ste 300",Bloomfield Hills,MI,48304,42.5834495,-83.2376501,ai,corroborated
THE TENANT AGENCY,2465 N Lakewood Blvd,California City,CA,93505,35.1259261,-117.959868,ai,uncorroborated
THE TENNIS CHANNEL,"1350 Avenue of the Americas, 37th Floor",New York,NY,10019,40.7627635,-73.9779699,ai,uncorroborated
THE TIME BUTLER,,,,,,,,
THE TOBIN GROUP,2405 Marbury Rd,Pittsburgh,PA,15221,40.4406968,-80.0025666,ai,grounded
THE TOWER COMPANIES,"8403 Colesville Rd, Suite 260",Silver Spring,MD,20910,38.9945629,-77.0316212,ai,uncorroborated
THE TRAVELERS COMPANIES,485 Lexington Avenue,New York,NY,10017,40.7542495,-73.9738298,ai,uncorroborated
THE TRILOGY GROUP,901 S Bond St,Baltimore,MD,21231,39.2806206,-76.5943964,ai,uncorroborated
THE UROLOGY CENTER OF COLORADO,"1811 Belleview Ave, Suite 350",Denver,CO,80206,39.6242012,-104.9131067,ai,corroborated
THE UROLOGY GROUP,"1 Copley Pl, Suite 105",Boston,MA,02116,42.316545,-71.100891,ai,uncorroborated
THE VIDEO CALL CENTER LLC,,,,,,,,
THE VISION COUNCIL,"225 Reinekers Ln, Suite 700",Alexandria,VA,22314,38.8051853,-77.0601473,ai,grounded
THE VISTRIA GROUP,"300 E. Randolph St, Suite 3850",Chicago,IL,60601,41.8848683,-87.6199046,ai,grounded
THE WALT DISNEY COMPANY,500 South Buena Vista Street,Burbank,CA,91521,34.1551262,-118.3265025,ai,corroborated
THE WASHINGTON INSTITUTE,"1828 L Street NW, Suite 1050",Washington,DC,20036,38.9035641,-77.042807,ai,grounded
THE WATERMILL GROUP,1 Cranberry Hill,Lexington,MA,02421,42.4455151,-71.2634671,ai,corroborated
THE WAVERLY GROUP,303 W Madison St,Chicago,IL,60606,41.8815036,-87.6356014,ai,uncorroborated
THE WEALTH ALLIANCE,28 Liberty St,New York,NY,10005,40.7078495,-74.0089818,ai,uncorroborated
THE WELL STUDIO,,,,,,,,
THE WHISLER LAW FIRM PA,,,,,,,,
THE WILDWOOD SCHOOL,435 El Camino Real,Los Altos,CA,94022,37.4014539,-122.1141304,ai,uncorroborated
THE WOLCOTT GROUP,"935 West Chestnut St, Suite 600",Chicago,IL,60642,41.8981194,-87.6543339,ai,grounded
THE WOLF LAW GROUP,3500 West Olive Ave,Burbank,CA,91505,34.1525465,-118.3379417,ai,uncorroborated
THE WONDER PROJECT,,,,,,,,
THE WONDERFUL COMPANY,"One Park Place, 1920 7th Street",Beverly Hills,CA,90210,34.0696501,-118.3963062,ai,corroborated
THE WORKSPACE GROUP,43 W 23rd St,New York,NY,10010,40.7424103,-73.991245,ai,uncorroborated
THE ZITELMAN GROUP INC,600 Third Ave,New York,NY,10016,40.7493233,-73.9758905,ai,uncorroborated
THE ZIZO GROUP INC,,,,,,,,
THERABODY,"1360 E Roseville Pkwy, Suite 200",Roseville,CA,95661,38.7482884,-121.2391824,ai,corroborated
THIMBLE,"36 East 12th Street, Floor 5",New York,NY,10003,40.7334038,-73.9921673,ai,corroborated
THINKEDU LLC,,,,,,,,
THIRD AVENUE FUND MANAGEMENT,"622 Third Avenue, 32nd Floor",New York,NY,10017,40.8088444,-73.9303577,ai,uncorroborated
THIRD COAST DEVELOPMENT,333 W Wacker Dr,Chicago,IL,60606,41.8861731,-87.6358607,ai,uncorroborated
THIRD POINT LLC,"390 Park Avenue, 18th Floor",New York,NY,10022,40.7595773,-73.972688,ai,corroborated
THIRD ROCK VENTURES,"200 Clarendon Street, 51st Floor",Boston,MA,02116,42.3491677,-71.075124,ai,corroborated
THOMAS H LEE PARTNERS LP,"100 Federal Street, 21st Floor",Boston,MA,02110,42.3550533,-71.055957,ai,corroborated
"THOMAS, FELDMAN & WILSHUSEN",1001 4th Ave,San Diego,CA,92101,32.71582,-117.160984,ai,uncorroborated
"THOMAS, THOMAS & HAFER","125 Broad Street, Suite 2200",Philadelphia,PA,19107,39.9546758,-75.1629228,ai,corroborated
THOMPSON DAVIS,,,,,,,,
THORNTON BUCKEYE GROUP,,,,,,,,
THREATCURVE,,,,,,,,
THREE LEE INVESTMENTS,,,,,,,,
THREE PALMS CENTER,2250 Kalakaua Ave,Honolulu,HI,96815,21.2788948,-157.8280171,ai,uncorroborated
THREE ROSE III CORP,,,,,,,,
THRIFTY OIL CO,13116 Imperial Hwy,Santa Fe Springs,CA,90670,33.916811,-118.0528578,ai,corroborated
THRIVE FP,809 N Cuernavaca Dr,Austin,TX,78733,30.332282,-97.8666465,ai,grounded
THRIVE PET HEALTHCARE,"211 Walter Seaholm Drive, Suite 200",Austin,TX,78701,30.2679551,-97.7530453,ai,grounded
THRYV INC,"2600 Dallas Parkway, Suite 300",Plano,TX,75093,33.0222681,-96.8292539,ai,grounded
THUNDERING CLOUD LLC,,,,,,,,
TIAA-CREF,730 Third Avenue,New York,NY,10017,40.8088444,-73.9303577,ai,corroborated
TICTWO THERAPEUTICS,,,,,,,,
TIDAL PARTNERS,,,,,,,,
TIEKS,"269 S Beverly Dr, Ste 1402",Beverly Hills,CA,90212,34.0624909,-118.39935,ai,grounded
TIERRA EQUITY,1500 Broadway,New York,NY,10036,40.7568024,-73.985668,ai,uncorroborated
TIERRAMANO LLC,,,,,,,,
TIFIN,"1411 Broadway, 12th Floor",New York,NY,10018,40.7542112,-73.9875646,ai,corroborated
TIGER MGMT,"9 West 57th Street, 30th Floor",New York,NY,10019,40.7638353,-73.9749533,ai,corroborated
TIGER RESOURCES,,,,,,,,
TIGER WEST CAPITAL LLC,,,,,,,,
TIKAVH,,,,,,,,
TILEBAR,15 Hoover Street,Inwood,NY,11096,40.6233161,-73.7455203,ai,grounded
TILSNER CARTON CO,,,,,,,,
TIME EQUITIES INC,20 West 55th Street,New York,NY,10019,40.7618909,-73.976208,ai,corroborated
TIME WARNER,30 Hudson Yards,New York,NY,10001,40.7539277,-74.0005544,ai,corroborated
TIMESHARES DIRECT,"7083 Grand National Drive, Suite 105",Orlando,FL,32819,28.4593875,-81.4561281,ai,grounded
TINDER,"8750 Sunset Boulevard, Suite 200",West Hollywood,CA,90069,34.0912292,-118.3822219,ai,corroborated
TINDER HILL PRODUCTIONS INC,,,,,,,,
TINY DANCERS,,,,,,,,
TIOGA PIPE,2450 Wheatsheaf Ln,Philadelphia,PA,19137,39.995656,-75.0887538,ai,grounded
TIPTREE INC,"660 Steamboat Road, 2nd Floor",Greenwich,CT,06830,41.027981,-73.6261548,ai,grounded
TITAN INDUSTRIAL METAL CORP,,,,,,,,
TIVO,2160 Gold Street,San Jose,CA,95112,37.4194411,-121.9710947,ai,uncorroborated
TIVON ERIC MOFFITT PLLC,,,,,,,,
TJAC DEVELOPMENT,,,,,,,,
TJH INVESTMENTS LLC,,,,,,,,
TK CAPITAL,1200 N Federal Hwy,Boca Raton,FL,33432,26.361977,-80.0811628,ai,uncorroborated
TKB CAPITAL,"200 Crescent Court, Suite 1600",Dallas,TX,75201,32.7936093,-96.8039036,ai,uncorroborated
TKE,1405 Evans St,Tampa,FL,33602,27.9449854,-82.4583107,ai,corroborated
TKO GROUP HOLDINGS,"125 West 55th Street, 27th Floor",New York,NY,10019,40.7636288,-73.9791548,ai,grounded
TLC WEALTH MANAGEMENT,100 Crescent Ct,Dallas,TX,75201,32.7939116,-96.8033152,ai,corroborated
TLE,,,,,,,,
TLG LAW LLC,,,,,,,,
TLLF,,,,,,,,
TM ASSOCIATES,1375 Piccard Dr Suite 375,Rockville,MD,20850,39.1061053,-77.1788957,ai,grounded
TMB,527 Park Avenue,San Fernando,CA,91340,34.2839052,-118.4303723,ai,grounded
TMC FINANCING,,,,,,,,
TMCC,"175 Park Avenue, 6th Floor",Florham Park,NJ,07932,40.7794277,-74.4311373,ai,uncorroborated
TOBIN INJURY LAW,38 Old Ivy Rd. NE,Atlanta,GA,30342,35.0600842,-80.910337,ai,grounded
"TOGUT, SEGAL, & SEGAL","One Penn Plaza, Suite 3335",New York,NY,10119,40.7510985,-73.9919723,ai,corroborated
TOKIO MARINE HCC,13403 Northwest Freeway,Houston,TX,77040,29.8496252,-95.5087632,ai,grounded
TOKIO MARINE SURETY GROUP,13403 Northwest Freeway,Houston,TX,77040,29.8496252,-95.5087632,ai,grounded
TOLERANCE IN MOTION,,,,,,,,
TOLPIN AND PARTNERS PC,"30 N LaSalle St, Suite 2250",Chicago,IL,60602,41.8828458,-87.632914,ai,grounded
TOMORROW STUDIOS,"345 North Maple Drive, Suite 200",Beverly Hills,CA,90210,34.0746128,-118.3939683,manual,verified
TOP OFF,,,,,,,,
TOPAZ,,,,,,,,
TOPAZ CAPITAL GROUP,"1200 Brickell Avenue, Suite 2110",Miami,FL,33131,25.7621104,-80.1923056,ai,corroborated
TORAH INSTITUTE,130 Clinton Road,Fair Lawn,NJ,07410,40.9358397,-74.1175058,ai,uncorroborated
TORCAP VENTURES,,,,,,,,
TOREM & ASSOCIATES,,,,,,,,
TORNEK DESIGN,,,,,,,,
TOROSE EQUITIES,,,,,,,,
TORRANCE MEMORIAL MEDICAL CENTER,3330 Lomita Blvd,Torrance,CA,90505,33.812806,-118.3442887,ai,corroborated
TORRECOM,"200 Park Avenue South, 12th Floor",New York,NY,10003,40.7368886,-73.9892348,ai,corroborated
TORREY PINES ORTHOPEDIC MEDICAL GROUP,"6455 Alvarado Road, Suite 202",San Diego,CA,92120,32.7781827,-117.0611452,ai,corroborated
TOSCANA RESTAURANT GROUP,,,,,,,,
TOSCO,3000 Ocean Park Blvd,Santa Monica,CA,90405,34.0197878,-118.4539183,ai,uncorroborated
TOTAL INSURANCE SERVICES,,,,,,,,
TOTAL PACKAGING,6800 Jericho Turnpike,Syosset,NY,11791,40.8061341,-73.5183554,ai,grounded
TOTAL REALTY,,,,,,,,
TOTAL SOURCE,1 ADP Boulevard,Roseland,NJ,07068,40.8156767,-74.310335,ai,grounded
TOTAL SOURCE/GOLDEN SPRINGS,,,,,,,,
TOTAL SPECTRUM,,,,,,,,
TOTAL TRAVEL MARINE,,,,,,,,
TOTAL UTILITY MERKED GROUP,,,,,,,,
TOUCHTONE TELEVISION,"330 Hudson Street, 8th Floor",New York,NY,10013,40.726971,-74.0072664,ai,uncorroborated
TOUR ISRAEL NOW,,,,,,,,
TOURO,1601 3rd St,New Orleans,LA,70113,29.9561422,-90.0733934,ai,uncorroborated
TOURO UNIVERSITY,3 Times Square,New York,NY,10036,40.756604,-73.987007,manual,verified
"TOVA ROGERS MD, MFA PLLC",,,,,,,,
TOWEN OF WESTPORT,,,,,,,,
TOWER VENTURES,"6060 Poplar Ave, Suite 402",Memphis,TN,38119,35.1026013,-89.8600919,ai,corroborated
TOWER VENTURES/PARAGON,,,,,,,,
TOWERS WATSON,51 Madison Avenue,New York,NY,10010,40.7432425,-73.9860564,ai,uncorroborated
TOWNSHIP OF WAYNE,475 Valley Road,Wayne,NJ,07470,40.9290839,-74.2314483,ai,corroborated
TOWNSQUARE,"250 W 57th Street, 15th Floor",New York,NY,10107,40.7663399,-73.9826892,ai,corroborated
TOWNSQUARE MEDIA,"One Manhattanville Road, Suite 202",Purchase,NY,10577,41.0253627,-73.7154595,ai,grounded
TPA SERVICES,"1501 N University Drive, Suite 400",Coral Springs,FL,33071,26.2494854,-80.2533869,ai,uncorroborated
TPG PARTNERS,"301 Commerce Street, Suite 3300",Fort Worth,TX,76102,32.756019,-97.3306191,ai,uncorroborated
TPMB,,,,,,,,
TPMG,"100 Montgomery Street, Suite 1100",San Francisco,CA,94104,37.7903433,-122.4018704,ai,corroborated
TR STRAGEGIC GROUP,,,,,,,,
TRACHTEN FAMILY FOUNDATION,,,,,,,,
TRADERS EDGE,,,,,,,,
TRADEWEB MARKETS,"40 East 52nd Street, 16th Floor",New York,NY,10022,40.7585317,-73.9740692,ai,corroborated
TRADITION,"1 New York Plaza, 26th Floor",New York,NY,10004,40.7508733,-73.9923032,ai,grounded
TRAINUFITNESS,,,,,,,,
TRAMER BOLBACH INC,,,,,,,,
TRAMIEL CAPITAL INC,,,,,,,,
TRAMMELL CROW COMPANY,"200 Crescent Court, Suite 100",Dallas,TX,75201,32.7936093,-96.8039036,ai,corroborated
TRAMMO,"8 West 40th Street, 12th Floor",New York,NY,10018,40.752323,-73.9826708,ai,grounded
TRANCEKA CAPITAL LLC,"1420 Fifth Avenue, Suite 2000",Seattle,WA,98101,47.6038321,-122.330062,manual,verified
TRANSATLANTIC DESIGN,,,,,,,,
TRANSFORMATIONAL OUTSOURCING,,,,,,,,
TRANSFORMER LAB SERVICES,12 Waverly Place,Lawrence,NY,11559,40.6177722,-73.7212798,manual,verified
TRANSGLOBE LIGHTING,"1600 Drew Street, Suite 111",Clearwater,FL,33755,27.968102,-82.771033,ai,uncorroborated
TRANSITIONS LEGAL PLLC,"2075 Walnut Lake Rd, Suite 100",West Bloomfield,MI,48323,42.5517661,-83.3251648,ai,corroborated
TRANSOCEAN,1414 Enclave Parkway,Houston,TX,77077,29.757587,-95.61881,ai,grounded
TRANSOM CONSULTING GROUP,"1925 Century Park East, Suite 1250",Los Angeles,CA,90067,34.0612599,-118.4145504,ai,grounded
TRANSOMATIC CORPORATION,3801 S Alameda St,Vernon,CA,90058,34.0079216,-118.2391506,ai,corroborated
TRANSPORTATION AGENT GRID,"480 Roland Way, Suite 102",Oakland,CA,94621,37.7430339,-122.2008925,manual,verified
TRANSTITLE CORPORATION,5301 E Mockingbird Ln Ste 800,Dallas,TX,75206,32.836512,-96.770506,ai,uncorroborated
TRANSUNION,555 West Adams Street,Chicago,IL,60661,41.8789389,-87.6415555,ai,uncorroborated
TRANSVAC SYSTEMS,2600 N Military Hwy,Norfolk,VA,23518,36.9112423,-76.235538,ai,uncorroborated
TRANSWESTERN,"300 Throckmorton Street, Suite 1200",Fort Worth,TX,76102,32.7545164,-97.3338446,ai,uncorroborated
TRANZPORT,,,,,,,,
TRASCO MANAGEMENT,125 W 55th St,New York,NY,10019,40.7636288,-73.9791548,ai,uncorroborated
TRAVEL FUNDERS NETWORK,"3010 LBJ Freeway, Suite 748",Dallas,TX,75234,32.92545,-96.8167644,manual,verified
TRAVEL STORE,,,,,,,,
TRAVELGROUP,,,,,,,,
TRAVERE,"3005 HIGGINS ROAD, SUITE 200",FARGO,ND,58104,46.877229,-96.789821,ai,uncorroborated
TRAVIS CREDIT UNION/WEST YOST,2680 S First St,San Jose,CA,95133,37.3889239,-121.9287102,ai,corroborated
TREASURE COAST LAND DEVELOPMENT,,,,,,,,
TREATY OAK EQUITY,"816 Congress Ave, Suite 920",Austin,TX,78701,30.2706936,-97.7425905,ai,corroborated
TREDWAY,,,,,,,,
TREELINE BIOSCIENCES,"677 Washington Boulevard, Suite 525",Stamford,CT,06901,41.0495395,-73.5426113,ai,grounded
TREGAN PARTNERS,"200 Crescent Court, Suite 1040",Dallas,TX,75201,32.7936093,-96.8039036,ai,grounded
TREMONT PARTNERS,555 Theodore Fremd Ave,Rye,NY,10580,40.9709214,-73.7033322,ai,uncorroborated
TRENDERA,8285 Tournament Dr Ste 100,Memphis,TN,38125,35.0573563,-89.7877675,ai,uncorroborated
TREVOR COLE,,,,,,,,
TRF,,,,,,,,
TRI COUNTY BEVERAGE,2730 S 22nd St,Milwaukee,WI,53215,42.9904498,-87.9427092,ai,uncorroborated
TRI COUNTY HUMANE SOCIETY,185 W State Rd 44,Tavares,FL,32778,28.8021812,-81.731332,ai,corroborated
TRI SONS,,,,,,,,
"TRI, CALDWELL BANK",,,,,,,,
TRI-STAR CONSTRUCTION,"770 Lexington Avenue, 13th Floor",New York,NY,10065,40.7631713,-73.9678678,ai,grounded
TRIANGLE CAPITAL GROUP,"1370 Avenue of the Americas, Floor 30",New York,NY,10019,40.7633012,-73.9774973,ai,grounded
TRIANGLE REALTY,,,,,,,,
TRIBETALK,,,,,,,,
TRICERA CAPITAL,600 Brickell Avenue Suite 1623,Miami,FL,33131,25.7675114,-80.1910059,ai,grounded
TRICORBRAUN,"6 CityPlace Drive, Suite 1000",Saint Louis,MO,63141,38.673617,-90.441842,ai,grounded
TRIDENT 1,,,,,,,,
TRIDENT 1 FFL SOFTWARE,,,,,,,,
TRIDENT SURFACING,1201 N Florida Ave,Tampa,FL,33602,27.95458,-82.459409,ai,corroborated
TRIGRAM,101 Federal St,Boston,MA,02110,42.354929,-71.0567125,ai,uncorroborated
TRIGRAN INVESTMENTS INC,,,,,,,,
TRILLER,"8750 Wilshire Blvd, Suite 415",Beverly Hills,CA,90211,34.0667673,-118.3829498,ai,corroborated
TRIMBLE VENTURES,935 Stewart Drive,Sunnyvale,CA,94085,37.3849714,-122.0055051,ai,uncorroborated
TRIMONT LLC,"801 Nicollet Mall, Suite 400",Minneapolis,MN,55402,44.9749448,-93.2739446,ai,uncorroborated
TRINET,"One Park Place, Suite 600",Dublin,CA,94568,37.7077157,-121.8904702,ai,grounded
TRINITY DAY SCHOOL,5601 W Plano Pkwy,Plano,TX,75093,33.0160912,-96.8143536,ai,uncorroborated
TRINITY HEALTH,222 East Town Street,Columbus,OH,43215,39.9597392,-82.9945108,ai,uncorroborated
TRION ENTERTAINMENT,"4100 Newport Place SE, Suite 100",Renton,WA,98055,47.4799078,-122.2034496,ai,uncorroborated
TRION PROPERTIES,"700 N San Vicente Blvd, Suite G460",West Hollywood,CA,90069,34.0832821,-118.3838696,ai,grounded
TRIPLE J BAGEL,,,,,,,,
TRIPLE S INVESTMENT LLP,,,,,,,,
TRIPLE WHALE INC,"548 Market St, Suite 26748",San Francisco,CA,94104,37.7899932,-122.4008494,ai,uncorroborated
TRIPLE-S STEEL HOLDINGS INC,,,,,,,,
TRISPAN,"152 West 57th Street, 5th Floor",New York,NY,10019,40.7648665,-73.9796202,ai,grounded
TRIUMPH DEALER SERVICES,4574 Nautilus Drive,Miami Beach,FL,33140,25.8216665,-80.135363,ai,grounded
TRIUMPH INTERIORS,"1255 Drummers Lane, Suite 200",Wayne,PA,19087,40.0837384,-75.4111688,ai,grounded
TRIUMPH MANAGEMENT,,,,,,,,
TRIUS LENDING PARTNERS,"1104 Kenilworth Dr, Suite 501",Towson,MD,21204,39.4147916,-76.6278216,ai,grounded
TRIVARIATE RESEARCH,,,,,,,,
TRIVERGANCE,,,,,,,,
TRO INVESTMENTS,,,,,,,,
TROPICAL PRODUCTS,1901 NW 12th Ave,Miami,FL,33125,25.793341,-80.21502,ai,uncorroborated
TROUTMAN PEPPER,"3000 Two Logan Square, 100 N. 18th Street",Philadelphia,PA,19103,39.9527237,-75.1635262,ai,corroborated
TROUTMAN SANDERS,"600 Peachtree Street NE, Suite 5200",Atlanta,GA,30308,33.7708502,-84.3861373,ai,uncorroborated
TRUCK FAX INC,17700 S Woodland Road,Shaker Heights,OH,44120,41.474845,-81.556353,ai,grounded
TRUCORDIA,"2745 West 600 North, Suite 500",Lindon,UT,84042,40.3490652,-111.7182787,ai,grounded
TRUE CARE HEALTH SERVICES,,,,,,,,
TRUE GROWN LLC,"1616 N Water St, Suite 300",Milwaukee,WI,53202,43.0511452,-87.9058176,ai,uncorroborated
TRUEWEST CARPET,,,,,,,,
TRUHEALING CENTERS,,,,,,,,
TRUISLENDING,214 N Tryon St,Charlotte,NC,28202,35.2276451,-80.8406605,ai,grounded
TRUIST BANK,214 N Tryon St,Charlotte,NC,28202,35.2276451,-80.8406605,ai,uncorroborated
TRUMBULL INDUSTRIES,1856 E 7th St,Muncie,IN,47305,40.1827873,-85.365871,ai,uncorroborated
TRUMBULL PUBLIC SCHOOLS,6254 Main Street,Trumbull,CT,06611,41.2690198,-73.2250296,ai,corroborated
TRUMP GROUP,4000 West Island Blvd,Aventura,FL,33160,25.9385517,-80.137984,ai,corroborated
TRUST DEED INVESTMENTS,,,,,,,,
TRUXTON TRUST COMPANY,"20 Burton Hills Blvd, Suite 200",Nashville,TN,37215,36.0945752,-86.8207015,ai,grounded
TRV,"One Liberty Plaza, 165 Broadway",New York,NY,10006,40.7097367,-74.010857,ai,grounded
TRYAX REALTY MANAGEMENT INC,,,,,,,,
TS DISTRIBUTORS INC,,,,,,,,
TSCG,"200 W Madison St, Suite 3850",Chicago,IL,60606,41.8822821,-87.634359,ai,uncorroborated
TSG ADVOCATES,,,,,,,,
TSG BRANDS,31 W 34th St,New York,NY,10001,40.7494839,-73.9865694,ai,grounded
TSG CONSUMER,"11601 Wilshire Blvd, Suite 2040",Los Angeles,CA,90025,34.0510414,-118.4599151,ai,grounded
TSI,9700 W Higgins Rd,Rosemont,IL,60018,41.994896,-87.8694505,ai,uncorroborated
TSMC,One TSMC Way,San Jose,CA,95134,37.3361663,-121.890591,ai,uncorroborated
TSO,,Millboro,VA,24460,,,,
TSPMG,2001 K St NW,Washington,DC,20006,38.9029823,-77.0452251,ai,uncorroborated
TSS,,,,,,,,
TSTI,432 Scotland Road,South Orange,NJ,07079,40.7459102,-74.2578535,ai,grounded
TTEC,9197 Ridgepoint Dr,Brisbane,CA,94005,37.687165,-122.402794,ai,uncorroborated
TUBEMOGUL,"875 Howard Street, Suite 500",San Francisco,CA,94103,37.7818402,-122.4038851,ai,uncorroborated
TUBI,"100 Universal City Plaza, Building 700",Universal City,CA,91608,34.1419225,-118.358411,ai,grounded
TUBULAR STEEL,,,,,,,,
TUCKER ARENSBERG PC,1500 One PPG Place,Pittsburgh,PA,15222,40.4406968,-80.0025666,ai,corroborated
TUCKER ELLIS LLP,950 Main Ave Suite 1100,Cleveland,OH,44113,41.5008686,-81.7035273,ai,uncorroborated
TUCSON IRON & METAL MAIN,400 W 36th St,Tucson,AZ,85713,32.192467,-110.974663,ai,corroborated
TUDOR INVESTMENT CORP,9 West 57th Street,New York,NY,10019,40.7638353,-73.9749533,ai,corroborated
TUDOR REALTY SERVICES,,,,,,,,
TUFTS DENTAL SCHOOL,1 Kneeland St,Boston,MA,02111,42.3507095,-71.062763,ai,corroborated
TUFTS UNIVERSITY,419 Boston Ave,Medford,MA,02155,42.40852,-71.1183248,ai,corroborated
TUMBLEFUR PRODUCTIONS,,,,,,,,
TURGO,650 Ocean Dr. 4A,Key Biscayne,FL,33149,25.6968351,-80.1635261,ai,uncorroborated
TURKEY HILL DAIRY,257 W Main St,Conestoga,PA,17516,39.9406555,-76.3463493,ai,corroborated
TURNING POINT USA,,,,,,,,
TURNKEY,,,,,,,,
TURNKEY LABS,,,,,,,,
TUROW AND TIERNY PEDIATRICS,,,,,,,,
TUSD,1010 E 10th St,Tucson,AZ,85719,32.2221061,-110.9558742,ai,corroborated
TUTOR PERINI,15915 Alton Parkway Suite 300,Irvine,CA,92618,33.654182,-117.7137924,ai,corroborated
TUXEDO COMPANY,,,,,,,,
TWC,1209 Orange Street,Wilmington,DE,19801,39.7485065,-75.5476836,ai,uncorroborated
TWC THE VALVE CO,,,,,,,,
TWELVE O SIX VIRGINIA INC,,,,,,,,
TWILLORY,305 S Broadway Suite 300,Tarrytown,NY,10591,41.0661858,-73.8623357,ai,corroborated
TWIN CITY FAN COMPANIES LTD,215 10th Ave NW,New Brighton,MN,55112,45.0594281,-93.2006601,ai,corroborated
TWIN DOVS CAPITAL MANAGEMENT,,,,,,,,
TWIN LAKES CAPITAL,,,,,,,,
TWIN OAKS EQUITY PARTNERS,"191 7th Ave, Suite 2N",New York,NY,10011,40.7428831,-73.996117,ai,grounded
TWINCITY FAN,1000 Willow Lake Boulevard,Vadnais Heights,MN,55110,45.0503175,-93.0549235,ai,corroborated
TWINCO INDUSTRIAL PRODUCTS,5201 South Loop East,Houston,TX,77033,29.6842758,-95.3450478,ai,grounded
TWINSBRIDGE INT'L,,,,,,,,
TWO TWENTY DEVELOPMENT PARTNERS,"220 E 42nd Street, Suite 500",New York,NY,10017,40.7501297,-73.9733465,ai,uncorroborated
TX FERTILITY,4801 Spring Valley Rd Suite 500,Dallas,TX,75244,32.9405298,-96.8285072,ai,corroborated
TYNDALL MANAGEMENT,450 Lexington Avenue,New York,NY,10017,40.7532602,-73.9754403,ai,corroborated
TYRA BIO,21 Erie St,Cambridge,MA,02139,42.3579134,-71.1037781,ai,uncorroborated
TYRA BIOSCIENCES,3000 Sand Hill Rd,Menlo Park,CA,94025,37.4234676,-122.2211178,ai,corroborated
TZUMI ELECTRONICS,68 S Service Rd,Hauppauge,NY,11788,40.825736,-73.2017418,ai,corroborated
U AT BUFFALO,Elmwood Avenue and Red Jacket Parkway (University at Buffalo - North Campus),Buffalo,NY,14260,42.9577353,-78.8107777,ai,uncorroborated
U OF ARIZONA,1177 E Fourth St,Tucson,AZ,85721,32.2228765,-110.974847,ai,corroborated
U OF ST. THOMAS,2115 Summit Ave,Saint Paul,MN,55105,44.9412443,-93.1896575,ai,corroborated
U S HUMAN HEALTH,,,,,,,,
U-PLEDGE INC,,,,,,,,
U. S. DEP'T OF STATE,2201 C Street NW,Washington,DC,20520,38.8945036,-77.048475,ai,corroborated
U.C. REGENTS,"1111 Franklin Street, 12th Floor",Oakland,CA,94607,37.8019759,-122.2712873,ai,grounded
U.S. CABINET DEPOT,2050 Roswell Rd,Marietta,GA,30062,33.9636804,-84.4936893,ai,grounded
U.S. DEPARTMENT OF AGRICULTURE,1400 Independence Ave SW,Washington,DC,20250,38.8878412,-77.029994,ai,grounded
U.S. DEPARTMENT OF ENERGY,1000 Independence Ave SW,Washington,DC,20585,38.8864954,-77.0249351,ai,uncorroborated
U.S. DEPARTMENT OF HEALTH AND HUMAN SERVICES,200 Independence Avenue SW,Washington,DC,20201,38.8866298,-77.0143854,manual,verified
U.S. HOME SYSTEMS,,,,,,,,
U.S. HOUSE OF REPRESENTATIVES,"H-232, The Capitol",Washington,DC,20515,38.8805403,-77.004563,ai,corroborated
U.S. NAVY,2000 Navy Pentagon,Washington,DC,20350,38.8950368,-77.0365427,ai,uncorroborated
U.S. SEARCH LLC,"600 Corporate Pointe, Suite 220",Culver City,CA,90230,33.9884961,-118.3861381,ai,grounded
U.S. SECURITIES AND EXCHANGE COMMISSION,100 F Street NE,Washington,DC,20549,38.8975436,-77.0041794,manual,verified
U.S. TENNIS ASSOCIATION,70 West Red Oak Lane,White Plains,NY,10604,41.0339862,-73.7629097,ai,corroborated
U.S.P.S,475 L'Enfant Plaza SW,Washington,DC,20260,38.8838944,-77.0265206,ai,uncorroborated
UAA,3211 Providence Drive,Anchorage,AK,99508,61.190379,-149.8223254,ai,corroborated
UAB,701 20th Street South,Birmingham,AL,35233,33.5057268,-86.7994184,ai,corroborated
UAB MEDICAL WEST,1720 29th Avenue South,Bessemer,AL,35022,33.4017766,-86.954437,ai,corroborated
UBCC,,,,,,,,
UBER TECHNOLOGIES,1515 3rd Street,San Francisco,CA,94158,37.7693278,-122.3888868,ai,grounded
UBS,1285 Avenue of the Americas,New York,NY,10019,40.7611591,-73.9805686,ai,corroborated
UBS FINANCIAL SERVICES INC,1200 Harbor Boulevard,Weehawken,NJ,07086,40.7598913,-74.0229433,ai,grounded
UBS WEALTH MANAGEMENT,1200 Harbor Boulevard,Weehawken,NJ,07086,40.7598913,-74.0229433,ai,grounded
UC BERKELEY,"200 California Hall, #1210",Berkeley,CA,94720,37.8708393,-122.272863,ai,corroborated
UC DAVIS,One Shields Avenue,Davis,CA,95616,38.5435526,-121.739005,ai,corroborated
UC LAW,,,,,,,,
UC SANTA CRUZ,1156 High Street,Santa Cruz,CA,95064,36.9773836,-122.0549357,ai,corroborated
UCI MEDICAL CENTER,101 The City Drive South,Orange,CA,92868,33.7873594,-117.8865597,ai,corroborated
UCLA,405 Hilgard Avenue,Los Angeles,CA,90095,34.073998,-118.4377339,ai,corroborated
UCLA HEALTH,757 Westwood Plaza,Los Angeles,CA,90095,34.0664551,-118.4465189,ai,corroborated
UCLA MEDICAL CENTER,757 Westwood Plaza,Los Angeles,CA,90095,34.0664551,-118.4465189,ai,corroborated
UCLA SCHOOL OF LAW,405 Hilgard Ave,Los Angeles,CA,90095,34.0751732,-118.4385291,ai,corroborated
UCOMS,,,,,,,,
UCONN HEALTH,263 Farmington Avenue,Farmington,CT,06030,41.7332068,-72.791104,ai,corroborated
UCSF BENIOFF,505 Parnassus Avenue,San Francisco,CA,94143,37.76307,-122.4574027,ai,corroborated
UCSF BENIOFF CHILDREN'S HOSPITAL,550 16th Street,San Francisco,CA,94158,37.7673138,-122.3899734,manual,verified
UDACITY,2460 17th Street,San Francisco,CA,94110,37.7645347,-122.4080079,ai,corroborated
UDELL ASSOCIATES,,,,,,,,
UDFD,,,,,,,,
UDISENSE INC,,,,,,,,
UDISENSE-NANIT,,,,,,,,
UES,4205 Vineland Rd Ste L1,Orlando,FL,32811,28.4891271,-81.439863,ai,grounded
UHG,UnitedHealth Group Center,Minnetonka,MN,55343,44.9405086,-93.4638936,ai,grounded
UHS,367 South Gulph Road,King of Prussia,PA,19406,40.0807737,-75.3728402,ai,grounded
UHS OF DELAWARE,1 Independence Way,Wilmington,DE,19808,39.7459468,-75.546589,ai,uncorroborated
UIC,1200 West Harrison Street,Chicago,IL,60607,41.8738912,-87.6499934,ai,corroborated
UIPATH,90 Park Ave,New York,NY,10016,40.7506425,-73.9798254,ai,grounded
UJA-FEDERATION OF NEW YORK,130 East 59th Street,New York,NY,10022,40.7621908,-73.9687021,ai,corroborated
UJC,,,,,,,,
UKG,1 Carbonneau Plaza,Westwood,MA,02090,42.2186913,-71.2233829,ai,corroborated
ULTIMATE INTERNET ACCESS INC,,,,,,,,
ULYSSES MANAGEMENT,152 W 57th St,New York,NY,10019,40.7648665,-73.9796202,ai,corroborated
UMASS MEMORIAL,119 Belmont Street,Worcester,MA,01605,42.272909,-71.7922374,ai,uncorroborated
UMD,"3159 Administration Building, University of Maryland, College Park",College Park,MD,20742,38.980666,-76.9369189,ai,grounded
UMERGENCE,,,,,,,,
UMG RECORDINGS INC,2220 Colorado Ave,Santa Monica,CA,90404,34.0277451,-118.4745764,ai,corroborated
UMKC,5115 Oak Street,Kansas City,MO,64112,39.0342627,-94.5826075,ai,corroborated
UMSJMC,"UMass Memorial Medical Center - University Campus, 55 Lake Avenue North",Worcester,MA,01655,42.2625621,-71.8018877,ai,uncorroborated
UMUC,3501 University Blvd E,Adelphi,MD,20783,38.9847573,-76.9661361,ai,uncorroborated
UNC,"UNC-Chapel Hill, 103 South Building, CB# 9100, 103 South Building, 103 S. Building",Chapel Hill,NC,27514,35.9131542,-79.05578,ai,corroborated
UNC CHARLOTTE,9201 University City Blvd,Charlotte,NC,28223,35.3022514,-80.7421434,ai,corroborated
UNCC,9201 University City Boulevard,Charlotte,NC,28223,35.3064945,-80.7349705,ai,corroborated
UNDER ARMOUR,1020 Hull Street (Under Armour Plaza) / 1020 Hull Street,Baltimore,MD,21230,39.2908816,-76.610759,ai,corroborated
UNGER MANAGEMENT,425 Asylum St,Bridgeport,CT,06610,41.2016179,-73.1737679,ai,grounded
UNGER REALTY,,,,,,,,
UNH,100 Main Street,Durham,NH,03824,43.136585,-70.931181,ai,uncorroborated
UNICO ITC,"240 W Palmetto Park Rd, Suite 300",Boca Raton,FL,33432,26.3503768,-80.0906542,manual,verified
UNICORN,,,,,,,,
UNIFIED COURT SYSTEM,25 Beaver Street,New York,NY,10004,40.7050806,-74.0122666,ai,corroborated
UNILAND DEVELOPMENT COMPANY,2100 East Genesee St,Syracuse,NY,13210,43.0451746,-76.1176982,ai,corroborated
UNION CAPITAL ASSOCIATES,"124 Mason St, Ste. 102",Greenwich,CT,06830,41.0279561,-73.6245396,ai,grounded
UNION LAKE MANAGEMENT LLC,,,,,,,,
UNION SQUARE VENTURES,"915 Broadway, 11th Floor",New York,NY,10010,40.7397816,-73.9897585,ai,corroborated
UNIPROP,280 Daines Street,Birmingham,MI,48009,42.543445,-83.2128238,ai,corroborated
UNIQODE,,,,,,,,
UNIQUE LAW,,,,,,,,
UNIQUE SOLUTIONS CONSULTING,,,,,,,,
UNITE AUTOMOTIVE SUPPLY COMPANY,300 South Wacker Drive,Chicago,IL,60606,41.8776479,-87.637144,ai,uncorroborated
UNITED,,,,,,,,
UNITED AIRLINES,233 S. Wacker Drive,Chicago,IL,60606,41.8787381,-87.6359612,ai,corroborated
UNITED AMERICAN LAND LLC,,,,,,,,
UNITED BRASS WORKS,2501 S. 36th Street,Milwaukee,WI,53215,43.0099732,-87.9589435,ai,uncorroborated
UNITED CREDIT,,,,,,,,
UNITED DISTRIBUTORS,5500 United Drive SE,Smyrna,GA,30082,33.841694,-84.5236505,ai,corroborated
UNITED ELDER CARE SERVICES,,DEERFIELD BEACH,FL,33442,,,,
UNITED FASHIONS OF TEXAS,4629 Macro Drive,San Antonio,TX,78218,29.4246002,-98.4951405,ai,uncorroborated
UNITED FOOD GROUP,1515 Wynkoop Street,Denver,CO,80202,39.7515827,-105.0022313,ai,uncorroborated
UNITED HEALTH GROUP,9900 Bren Road East,Minnetonka,MN,55343,44.8987632,-93.4042325,ai,grounded
UNITED HEALTHCARE,9900 Bren Road East,Minnetonka,MN,55343,44.8987632,-93.4042325,ai,grounded
UNITED JEWISH FEDERATION,,,,,,,,
UNITED MEDICAL CREDIT,"1 Park Plaza, Ste 600",Irvine,CA,92614,33.6796413,-117.8396351,ai,grounded
UNITED PARCEL SERVICE,55 Glenlake Parkway NE,Atlanta,GA,30328,33.9434971,-84.3595029,ai,uncorroborated
UNITED PROPERTY ASSOCIATES,"301 Bendix Road, Suite 300",Virginia Beach,VA,23452,36.8336303,-76.1243261,ai,grounded
UNITED RADIO,1100 N. Scott Street,Arlington,VA,22201,38.8894616,-77.0802847,ai,uncorroborated
UNITED STATE HOUSE OF REPRESENTATIVES,"U.S. House of Representatives, U.S. Capitol",Washington,DC,20515,38.8950982,-77.0363849,ai,uncorroborated
UNITED TEXAS BANK,12222 Merit Dr,Dallas,TX,75251,32.9140586,-96.7714357,ai,corroborated
UNITED WAY,701 North Fairfax Street,Alexandria,VA,22314,38.8119236,-77.0403693,ai,uncorroborated
UNITEDWEB,"8800 E Chaparral Road, Suite 300",Scottsdale,AZ,85250,33.5100012,-111.8911051,manual,verified
UNITEX,"565 Taxter Road, Suite 620",Elmsford,NY,10523,41.0573882,-73.831031,manual,verified
UNITLEADER,"2159 India Street, Suite 200",San Diego,CA,92101,32.72698,-117.169586,manual,verified
UNITY ELECTRIC,,,,,,,,
UNIV OF CALIFORNIA AT BERKELEY,200 California Hall,Berkeley,CA,94720,37.8708393,-122.272863,ai,grounded
UNIV OF GEORGIA,"Main Office, Tate Student Center",Athens,GA,30602,33.9597677,-83.376398,ai,corroborated
UNIV OF MD CAP REGION,"110 Irving Street, NW",Washington,DC,20010,38.9287492,-77.0147693,ai,uncorroborated
UNIV OF PHOENIX,1625 W. Fountainhead Parkway,Tempe,AZ,85282,33.4020441,-111.9660534,ai,corroborated
UNIV. OF MA,100 Morrissey Blvd,Boston,MA,02125,42.3134106,-71.0354424,ai,corroborated
UNIVAR USA,"3075 HIGHLAND PARKWAY, SUITE 450",DOWNERS GROVE,IL,60515,41.8326452,-88.0053115,ai,uncorroborated
UNIVERSAL DIAMONDS,,,,,,,,
UNIVERSAL MUSIC GROUP,2220 Colorado Avenue,Santa Monica,CA,90404,34.0277451,-118.4745764,ai,corroborated
UNIVERSAL RISK ASSOCIATES,14011 Ventura Blvd,Sherman Oaks,CA,91423,34.1492046,-118.437858,ai,grounded
UNIVERSITY ANESTHESIOLOGISTS,"2238 E. Camelback Road, Suite 200",Phoenix,AZ,85016,33.5093712,-112.0339704,ai,uncorroborated
UNIVERSITY DENTAL PC,,,,,,,,
UNIVERSITY HOSPITALS CLEVELAND,11100 Euclid Ave,Cleveland,OH,44106,41.5069117,-81.6053742,ai,corroborated
UNIVERSITY OF ARIZONA,1224 East Lowell Street,Tucson,AZ,85721,32.2283081,-110.952399,ai,corroborated
UNIVERSITY OF ARKANSAS,1 University of Arkansas,Fayetteville,AR,72701,36.0625843,-94.1574328,ai,corroborated
UNIVERSITY OF CALIFORNIA,"1111 Franklin Street, 12th Floor",Oakland,CA,94607,37.8019759,-122.2712873,ai,grounded
"UNIVERSITY OF CALIFORNIA, DAVIS",One Shields Avenue,Davis,CA,95616,38.5435526,-121.739005,ai,corroborated
UNIVERSITY OF CHARLESTON,2300 MacCorkle Ave SE,Charleston,WV,25304,38.3319449,-81.6175154,ai,grounded
UNIVERSITY OF CHICAGO,5801 South Ellis Avenue,Chicago,IL,60637,41.7913274,-87.6008421,ai,corroborated
UNIVERSITY OF COLORADO,1800 Grant Street,Denver,CO,80203,39.7452415,-104.9832304,ai,corroborated
UNIVERSITY OF COLORADO HOSPITAL,12605 East 16th Avenue,Aurora,CO,80045,39.7425435,-104.841661,ai,corroborated
UNIVERSITY OF COLORADO MEDICINE,13001 East 17th Place,Aurora,CO,80045,39.7451913,-104.8375871,ai,corroborated
UNIVERSITY OF CONNECTICUT,352 Mansfield Road,Storrs,CT,06269,41.8069728,-72.2489789,ai,corroborated
UNIVERSITY OF DERMATOLOGY CENTER,,,,,,,,
UNIVERSITY OF HARTFORD,200 Bloomfield Avenue,West Hartford,CT,06117,41.799161,-72.7137661,ai,corroborated
UNIVERSITY OF ILLINOIS,809 South Wright Street,Urbana,IL,61801,40.1117174,-88.207301,ai,corroborated
UNIVERSITY OF ILLINOIS AT URBANA-CHAMP,1401 West Green Street,Urbana,IL,61801,40.1092593,-88.2271999,ai,corroborated
UNIVERSITY OF IOWA,"Office of the President, 202 Jessup Hall, 1111 University Capitol Centre",Iowa City,IA,52242,41.6612561,-91.5299106,ai,corroborated
UNIVERSITY OF JUDAISM,9800 West Pico Boulevard,Los Angeles,CA,90035,34.053843,-118.402264,ai,corroborated
UNIVERSITY OF KANSAS HEALTH SYSTEM,4000 Cambridge St,Kansas City,KS,66160,39.0559267,-94.6090332,ai,corroborated
UNIVERSITY OF KANSAS HOSPITAL,3901 Rainbow Blvd,Kansas City,KS,66160,39.0571097,-94.6095438,ai,corroborated
UNIVERSITY OF KANSAS MEDICAL CENTER,"3901 Rainbow Blvd, Mail Stop 1010",Kansas City,KS,66160,39.1134562,-94.626497,ai,corroborated
UNIVERSITY OF KANSAS MEDICAL SCHOOL,"3901 Rainbow Blvd, School of Medicine",Kansas City,KS,66160,39.1134562,-94.626497,ai,corroborated
UNIVERSITY OF MD,"University System of Maryland, 3300 Metzerott Rd",Adelphi,MD,20783,39.0030666,-76.9721023,ai,corroborated
UNIVERSITY OF MIAMI,"University of Miami, 1320 S Dixie Hwy",Coral Gables,FL,33146,25.7331105,-80.2585107,ai,corroborated
UNIVERSITY OF MICHIGAN,"University of Michigan, 500 S State St",Ann Arbor,MI,48109,42.2942142,-83.7100389,ai,corroborated
UNIVERSITY OF MICHIGAN MEDICAL CENTER,"University of Michigan Medical School, 1301 Catherine St",Ann Arbor,MI,48109,42.2813722,-83.7484616,ai,corroborated
UNIVERSITY OF MISSOURI,"University of Missouri System, 1100 Virginia Ave",Columbia,MO,65201,38.951883,-92.3337366,ai,corroborated
UNIVERSITY OF NEW MEXICO,"Regents of UNM, 1 University of New Mexico",Albuquerque,NM,87131,35.0841034,-106.650985,ai,corroborated
UNIVERSITY OF NORTH CAROLINA SCHOOL OF MEDICINE,321 South Columbia Street,Chapel Hill,NC,27599,35.908461,-79.0527992,manual,verified
UNIVERSITY OF OREGON,"University of Oregon, 1585 E 13th Ave, Suite 200",Eugene,OR,97403,44.0444197,-123.0717603,ai,corroborated
UNIVERSITY OF PENN,3451 Walnut Street,Philadelphia,PA,19104,39.9536186,-75.1938579,ai,corroborated
UNIVERSITY OF PENNSYLVANIA,"University of Pennsylvania, 3451 Walnut St",Philadelphia,PA,19104,39.9532499,-75.1938411,ai,corroborated
UNIVERSITY OF PITTSBURGH,"University of Pittsburgh, 4200 Fifth Ave",Pittsburgh,PA,15260,40.444153,-79.962461,ai,corroborated
UNIVERSITY OF ROCHESTER,"University of Rochester, 300 Wilson Blvd",Rochester,NY,14627,43.157285,-77.615214,ai,corroborated
UNIVERSITY OF SOUTH FLORIDA,"University of South Florida, 4202 E Fowler Ave",Tampa,FL,33620,28.0599999,-82.4138362,ai,corroborated
UNIVERSITY OF TENNESSEE,"University of Tennessee System, 100 Student Services Building, 910 Madison Ave",Knoxville,TN,37916,35.9603948,-83.9210261,ai,corroborated
UNIVERSITY OF TEXAS,"The University of Texas System, 210 W 7th St, Suite 710",Austin,TX,78701,30.2711286,-97.7436995,ai,corroborated
UNIVERSITY OF TEXAS SOUTHWESTERN MEDICAL CENTER,5323 Harry Hines Boulevard,Dallas,TX,75390,32.8136487,-96.8407655,manual,verified
UNIVERSITY OF UTAH,"University of Utah, 201 Presidents Cir",Salt Lake City,UT,84112,40.7628137,-111.8368719,ai,corroborated
UNIVERSITY OF VA,"University of Virginia, Office of the President, 1 University Cir",Charlottesville,VA,22903,38.029306,-78.4766781,ai,corroborated
UNIVERSITY OF WASHINGTON,"University of Washington, 1819 NE Campus Pkwy",Seattle,WA,98195,47.6038321,-122.330062,ai,corroborated
UNIVERSITY OF WASHINGTON MEDICAL CENTER,1959 NE Pacific Street,Seattle,WA,98195,47.6494115,-122.3076383,manual,verified
UNIVERSITY PEDIATRICIANS,,,,,,,,
UNIVERSITY UROLOGY ASSOCIATES,University Urology Associates,Seattle,WA,98105,47.6038321,-122.330062,ai,uncorroborated
UNIVISION,"1999 AVENUE OF THE STARS, SUITE 3050",LOS ANGELES,CA,90067,34.058647,-118.4166661,ai,uncorroborated
UNPPG,,,,,,,,
UPFLEX,"6151 Bristol Pkwy, Suite 200",Culver City,CA,90232,33.9842014,-118.39056,ai,uncorroborated
UPMC,"One Oxford Centre, 320 Blvd of the Allies, 3rd Floor",Pittsburgh,PA,15222,40.4406968,-80.0025666,ai,corroborated
UPMC EYE CENTER,UPMC Presbyterian Shadyside (UPMC Eye Center is part of UPMC),Pittsburgh,PA,15232,40.4406968,-80.0025666,ai,corroborated
UPPERWEST MUSIC GROUP,,,,,,,,
UPS,55 Glenlake Parkway NE,Atlanta,GA,30328,33.9434971,-84.3595029,ai,corroborated
UPSTREAM INSIGHTS LLC,,,,,,,,
URBAN,,,,,,,,
URBAN EQUITIES,,,,,,,,
URBAN FRONTIER,,,,,,,,
URBAN LAND DEVELOPMENT,,,,,,,,
URG,,,,,,,,
UROLOGY ASSOCIATES,"Urology Associates, P.C",Norfolk,VA,23507,36.8493695,-76.2899539,ai,uncorroborated
UROLOGY ASSOCIATES OF NORWALK,"1 Long Lots Rd, Suite 202",Norwalk,CT,06851,41.1175966,-73.4078968,ai,corroborated
UROLOGY CENTER OF WINTER PARK,"200 S Lakemont Ave, Suite 200",Winter Park,FL,32792,28.594741,-81.32778,ai,corroborated
UROLOGY OF ST. LOUIS,"660 S. Euclid Ave, Suite 210",Saint Louis,MO,63110,38.6346688,-90.2631447,ai,corroborated
US ANESTHESIA PARTNERS,"100 Spectrum Center Dr, Suite 500",Irvine,CA,92618,33.6505695,-117.7476412,ai,uncorroborated
US ANGELS,US Angels (US Angels LLC),New York,NY,10022,40.7127281,-74.0060152,ai,corroborated
US ARMY,101 Army Pentagon,Washington,DC,20310,38.8950982,-77.0363849,ai,grounded
US ATTORNEY'S OFFICE - NORTHERN DISTRICT,,,,,,,,
US BANCORP,800 Nicollet Mall,Minneapolis,MN,55402,44.9757059,-93.2738535,ai,uncorroborated
US CHEESE IMPORTERS INCORPORATED,"1200 18th St NW, Suite 700",Washington,DC,20036,38.9058515,-77.0421211,ai,uncorroborated
US DEPARTMENT OF COMMERCE,1401 Constitution Ave NW,Washington,DC,20230,38.8938267,-77.03283,ai,uncorroborated
US DEPARTMENT OF LABOR,200 Constitution Ave NW,Washington,DC,20210,38.8936309,-77.0144185,ai,uncorroborated
US DOE NETL-ALBANY,1450 Queen Avenue SW,Albany,OR,97321,44.6233129,-123.1201335,ai,corroborated
US ENVIRONMENTAL PROTECTION AGENCY,1200 Pennsylvania Avenue NW,Washington,DC,20460,38.8937155,-77.028936,ai,grounded
US EPA,1200 Pennsylvania Avenue NW,Washington,DC,20460,38.8937155,-77.028936,ai,uncorroborated
US GOVERNMENT,U.S. Department of the Treasury,Washington,DC,20220,38.8950982,-77.0363849,ai,uncorroborated
US HEALTH PARTNERS,"2000 Tower Oaks Blvd, Suite 480",Rockville,MD,20852,39.0661574,-77.1533504,ai,grounded
US HEALTHVEST,"44 Wall St, 12th Floor",New York,NY,10005,40.706794,-74.0093855,ai,corroborated
US HOUSE,H-140 Capitol Building,Washington,DC,20515,38.8950982,-77.0363849,ai,corroborated
US PATENT & TRADEMARK OFFICE,600 Dulany Street,Alexandria,VA,22314,38.8012076,-77.0638439,ai,corroborated
US POSTAL SERVICE,475 L'Enfant Plaza SW,Washington,DC,20260,38.8838944,-77.0265206,ai,uncorroborated
US SENATE,S-130 U.S. Capitol,Washington,DC,20510,38.8902778,-76.995735,ai,uncorroborated
US STANDARD PRODUCTS,41 Honeck St,Englewood,NJ,07631,40.8825959,-73.9803032,ai,grounded
USA,,,,,,,,
USAF,1670 Air Force Pentagon,Washington,DC,20330,38.8950982,-77.0363849,ai,grounded
USAF RESERVE,155 2nd Street West,Robins AFB,GA,31098,32.6178258,-83.5770746,ai,grounded
USAP,,,,,,,,
USC,"University of Southern California, 3551 Trousdale Parkway",Los Angeles,CA,90089,34.0536909,-118.242766,ai,corroborated
USCD,9500 Gilman Drive,La Jolla,CA,92093,32.8792438,-117.2311247,ai,corroborated
USCHEESE,,,,,,,,
USER,,,,,,,,
USF,4202 E. Fowler Avenue,Tampa,FL,33620,28.0592444,-82.4066241,ai,corroborated
USFERTILITY,"US Fertility (US Fertility, Inc.)",Arlington,VA,22209,38.8903961,-77.0841585,ai,uncorroborated
USG,550 West Adams Street,Chicago,IL,60661,41.8795406,-87.641705,ai,grounded
USGOV,U.S. Government (Executive Office of the President),Washington,DC,20500,38.8950982,-77.0363849,ai,corroborated
USHER,,,,,,,,
USHP,,,,,,,,
USI INSURANCE SERVICES,"100 Summit Lake Drive, Suite 400",Valhalla,NY,10595,41.099148,-73.778733,ai,grounded
USIP,"2301 Pennsylvania Avenue NW, Suite 300",Washington,DC,20037,38.902962,-77.050779,ai,grounded
USPA ACCESSORIES,,,,,,,,
USPTO,600 Dulany Street,Alexandria,VA,22314,38.8012076,-77.0638439,ai,corroborated
USUHS,4301 Jones Bridge Road,Bethesda,MD,20814,39.0018688,-77.0863719,ai,corroborated
UTA,801 S Figueroa Street,Los Angeles,CA,90017,34.0478476,-118.2618325,ai,corroborated
UTILISAVE LLC,,,,,,,,
UW MEDICAL CENTER,1959 NE Pacific St,Seattle,WA,98195,47.6494116,-122.3076383,ai,corroborated
VACO,"2801 Network Blvd, Suite 200",Frisco,TX,75034,33.102812,-96.8275435,ai,corroborated
VAD REALTY,,,,,,,,
VALCOR ENGINEERING CORP,2 Lawrence Road,Springfield,NJ,07081,40.684925,-74.32152,ai,grounded
VALDEZ PUBLIC AFFAIRS,,,,,,,,
VALENCIA REALTY,,,,,,,,
VALENTINO PIZZERIA,,,,,,,,
VALERIAN CAPITAL GROUP,100 High St,Boston,MA,02110,42.3544401,-71.0556228,ai,uncorroborated
VALERO ENERGY,One Valero Way,San Antonio,TX,78249,29.5824071,-98.6081344,ai,uncorroborated
VALINOR MANAGEMENT LP,405 Lexington Ave,New York,NY,10174,40.7519148,-73.97553,ai,uncorroborated
VALLE & ASSOCIATES,,,,,,,,
VALLEY GRANDE INSTITUTE,,,,,,,,
VALLEY HEALTH SYSTEM,1 Medical Center Drive,Winchester,VA,22601,39.1852184,-78.1652404,ai,grounded
VALLEY HOSPITAL,223 North Van Dien Avenue,Ridgewood,NJ,07450,40.9834517,-74.1007561,ai,corroborated
VALLIT ADVISORS LLC,,,,,,,,
VALOR MANAGEMENT LLC,,,,,,,,
VALUE STORE IT MANAGEMENT INC,,,,,,,,
VALUTRON APPRAISAL SERVICES,,,,,,,,
VAN ANDEL INSTITUTE,333 Bostick Drive NE,Grand Rapids,MI,49503,42.9632425,-85.6678639,ai,corroborated
VAN ECK ASSOCIATES CORP,666 Plaza Drive,Harrison,NY,10528,40.9689871,-73.71263,ai,corroborated
VAN KAMPEN ADVISORS,120 South LaSalle Street,Chicago,IL,60603,41.8803154,-87.6328136,ai,uncorroborated
VAN NESS FELDMAN,"1050 Thomas Jefferson Street NW, Suite 700",Washington,DC,20007,38.9033897,-77.0602935,ai,uncorroborated
"VANCOTT, BAGLEY, CORNWALL & MC",257 East 200 South,Salt Lake City,UT,84111,40.7655014,-111.8837086,ai,corroborated
VANDALAY MANAGEMENT,,,,,,,,
VANDERBILT UNIVERSITY,2201 West End Avenue,Nashville,TN,37203,36.1492078,-86.7985991,ai,corroborated
VANTAGE CAPITAL PARTNERS,269 South Beverly Drive #1018,Beverly Hills,CA,90212,34.0624909,-118.39935,ai,grounded
VAPORSTREAM,"223 W Jackson Blvd, Suite 1104",Chicago,IL,60606,41.8778842,-87.6347933,ai,grounded
VARADERO CAPITAL,,,,,,,,
VARIETY BOYS AND GIRLS CLUB OF QUEENS,10-25 41st Ave,Long Island City,NY,11101,40.7532481,-73.941011,ai,corroborated
VARIOUS DTUDIOS,,,,,,,,
VASCULAR CARE OF TEXAS,,,,,,,,
VAST,240 W 37th Street,New York,NY,10018,40.7534246,-73.9910433,ai,grounded
"VAUGHN, SILVERBERG AND ASSOCIATES",,,,,,,,
VAULT EQUITY PARTNERS,"2101 Cedar Springs Rd, Suite 1100",Dallas,TX,75201,32.7921984,-96.8049625,ai,uncorroborated
VAUPEN FINANCIAL ADVISORS LLC,,,,,,,,
VAYIKRA CAPITAL LLC,1 Farmstead Road,Short Hills,NJ,07078,40.746731,-74.333525,ai,corroborated
VCN CORPORATION,,,,,,,,
VCU,1000 W Broad St,Richmond,VA,23284,37.551045,-77.450682,ai,uncorroborated
VEARC,,,,,,,,
VECTOR CAPITAL,"650 California Street, 32nd Floor",San Francisco,CA,94108,37.792867,-122.4052192,manual,verified
VEDDER PRICE,222 N LaSalle St,Chicago,IL,60601,41.8865192,-87.6332555,ai,grounded
VEEDER CONSULTING,,,,,,,,
VEGAS STRONGER,1010 S 3rd St,Las Vegas,NV,89101,36.1595231,-115.1504371,ai,corroborated
VELCRO USA INC,406 Brown Avenue,Manchester,NH,03103,42.96988,-71.4676951,ai,uncorroborated
VELEZ ORGANIZATION,,,,,,,,
VELICO,,,,,,,,
VELOCITY SALES MANAGEMENT,"9655 Granite Ridge Dr, Suite 200",San Diego,CA,92123,32.8059024,-117.1195964,ai,uncorroborated
VELOCITYEHS,"80 First St, Suite 301",Cambridge,MA,02142,42.36844,-71.077309,ai,uncorroborated
VENABLE LLP,600 Massachusetts Ave NW,Washington,DC,20001,38.9013438,-77.0202236,ai,grounded
VENETO CAPITAL,,,,,,,,
VENOR CAPITAL,"1 Rockefeller Plaza, 10th Floor",New York,NY,10020,40.7580432,-73.9790248,ai,corroborated
VENSURE,1475 S Price Rd,Chandler,AZ,85286,33.2837285,-111.8911009,manual,verified
VENSURE EMPLOYER SERVICES,"701 Brazos St, Suite 500",Austin,TX,78701,30.268971,-97.7406286,ai,uncorroborated
VENSURE EMPLOYER SOLUTIONS,"2900 Bristol St, Suite 400",Costa Mesa,CA,92626,33.6760815,-117.8872894,ai,uncorroborated
VENTRA HEALTH,"1500 Concord Pike, Suite 301",Wilmington,DE,19803,39.7459468,-75.546589,ai,uncorroborated
VENTURA TOWNEHOUSE,,,,,,,,
VENTURE EQUITY,,,,,,,,
VENTURE GASTROENTEROLOGY LLC,"201 S. Marion St., Suite 300",Sherman,TX,75090,33.6398609,-96.6089146,ai,uncorroborated
VENTURE METALS INTERNATIONAL,,,,,,,,
VENTURE ONE,,,,,,,,
VENTURE REALTY,,,,,,,,
VENTURES IN JEWISH LIFE,"1345 Avenue of the Americas, 2nd Floor",New York,NY,10105,40.7629997,-73.9790535,ai,corroborated
VENTURIAN HOLDINGS,,,,,,,,
VENTVEST INC,,,,,,,,
VERBIT,"55 Washington St, 4th Floor",Brooklyn,NY,11201,40.7026728,-73.9893937,ai,corroborated
VERIS,"1809 7th Avenue, Suite 1400",Seattle,WA,98101,47.6137618,-122.3356484,ai,grounded
VERITA GLOBAL,"222 N Pacific Coast Hwy, Ste 300",El Segundo,CA,90245,33.9266915,-118.3961759,ai,grounded
VERIZON,1095 Avenue of the Americas,New York,NY,10036,40.7546492,-73.9848112,ai,grounded
VERIZON BUSINESS NTWK SRVS,1095 Avenue of the Americas,New York,NY,10036,40.7546492,-73.9848112,ai,grounded
VERNON & PARK CAPITAL,"10 South Riverside Plaza, Suite 1830",Chicago,IL,60606,41.8810905,-87.639091,ai,grounded
VERSA CAPITAL GROUP,"One Logan Square, 130 N. 18th Street, Suite 315",Philadelphia,PA,19103,39.9527237,-75.1635262,ai,grounded
VERTEXT,,,,,,,,
VESTAR CAPITAL PARTNERS,437 Madison Avenue,New York,NY,10022,40.7573564,-73.975377,ai,grounded
VESTED,,,,,,,,
VETCARE,,,,,,,,
VETERANS ADMINISTRATION,810 Vermont Avenue NW,Washington,DC,20420,38.9007688,-77.03521,ai,grounded
VETERANS AFFAIRS BUTLER HEALTHCARE,,,,,,,,
VETERINARY IM CONSULTS,,,,,,,,
VETTAFI,1 Mifflin Pl,Boston,MA,02114,42.3588336,-71.0578303,ai,corroborated
VETTED,,,,,,,,
VIA,"161 Washington St, 2nd Floor",Brooklyn,NY,11201,40.7012403,-73.9895645,ai,corroborated
VIA TRADING CORPORATION,"3200 Wilshire Blvd, Suite 400",Los Angeles,CA,90010,34.06171,-118.291786,ai,corroborated
VIACOM,1515 Broadway,New York,NY,10036,40.7579139,-73.9864456,ai,grounded
VIAWEST GROUP,"2390 E. Camelback Rd, Ste. 305",Phoenix,AZ,85016,33.5099532,-112.0320503,ai,grounded
VIBRANT CAPITAL PARTNERS,"350 Madison Avenue, 17th Floor",New York,NY,10017,40.7546052,-73.9781501,manual,verified
VICON FABRICATING CO,1701 W 7th St,Fort Worth,TX,76102,32.750903,-97.344285,ai,uncorroborated
VICSASA,,,,,,,,
VICTOR CAPITAL PARTNERS,"600 Lexington Ave, Suite 2900",New York,NY,10022,40.7580277,-73.9714246,ai,uncorroborated
VICTOR S TRAEGER CPA,,,,,,,,
VICTOR TECHNOLOGY LLC,5644 Research Park Blvd,Rockford,IL,61108,42.2713945,-89.093966,ai,corroborated
VICTORY LIFE CHURCH,,,,,,,,
VICTORY PARK,"150 N Riverside Plaza, Suite 5200",Chicago,IL,60606,41.8825427,-87.638745,manual,verified
VICTORY WHOLESALE GROUP,400 Victory Drive,Springboro,OH,45066,39.5522815,-84.2332718,ai,grounded
VIDA REAL CO,,,,,,,,
VIKING PARTNERS,3805 Edwards Rd,Cincinnati,OH,45209,39.148463,-84.4424076,ai,corroborated
VIKTORIA AGARONNIK PTPC,,,,,,,,
VILLAGE,,,,,,,,
VILLAGE HEALTH PARTNERS,"5655 W Spring Creek Pkwy, Suite 200",Plano,TX,75024,33.0644355,-96.8139475,ai,grounded
VILLAGE OF LARCHMONT,120 Larchmont Ave,Larchmont,NY,10538,40.9272766,-73.7515419,ai,corroborated
VILLAGE OF VERNON,210 E Church St,Vernon,CT,06066,41.8218602,-72.4814994,ai,uncorroborated
VILLAGEMD,"6400 S Fiddlers Green Cir, Suite 210",Greenwood Village,CO,80111,39.5991727,-104.8899842,ai,uncorroborated
VIMEO,555 West 18th Street,New York,NY,10011,40.7453786,-74.0077332,ai,corroborated
VINER CONSULTING GROUP,,,,,,,,
VINSON & ELKINS LLP,"2001 Ross Avenue, Suite 3900",Dallas,TX,75201,32.7876162,-96.7992456,ai,corroborated
VINTAGE GROUP,"350 Park Avenue, 13th Floor",New York,NY,10022,40.75822,-73.9735329,ai,corroborated
VINTAGE HOME INC,,,,,,,,
VINTAGE PROPERTY MANAGEMENT INC,,,,,,,,
VIRGIL LAW LLP,"580 California St, Suite 1500",San Francisco,CA,94104,37.7929844,-122.404152,ai,uncorroborated
VIRGIN,"One Market Plaza, Spear Tower, Suite 200",San Francisco,CA,94105,37.7879363,-122.4075201,ai,corroborated
VIRGINIA CANCER INSTITUTE,700 Gresham Dr,Norfolk,VA,23507,36.8625039,-76.304962,ai,corroborated
VIRGINIA HOSPITAL CENTER,1701 N George Mason Dr,Arlington,VA,22205,38.8897796,-77.1275542,ai,corroborated
VIRGINIA SENATE DEMOCRATIC CAUCUS,,,,,,,,
VIRTERA PARTNERS,,,,,,,,
VIRTU FINANCIAL,"375 Park Avenue, 24th Floor",New York,NY,10152,40.7584073,-73.9719841,ai,uncorroborated
VIRTUA HEALTH,100 Bowman Drive,Voorhees,NJ,08043,39.8432432,-74.9278507,ai,corroborated
VISA,900 Metro Center Boulevard,Foster City,CA,94404,37.559157,-122.277137,ai,corroborated
VISION AND BEYOND CAPITAL INVESTMENT,,,,,,,,
VISION FINANCIAT,,,,,,,,
VISION MANAGEMENT,,,,,,,,
VISION METALS LLC,,,,,,,,
VISION PRACTICAL,,,,,,,,
VISION QUEST MANAGEMENT CONSULTING CORPORATION,,,,,,,,
VISION TO LEARN,114 King Street,Charleston,SC,29401,32.7764348,-79.9326826,ai,uncorroborated
VISIONARY FREIGHT SYSTEMS INC,1900 North West 89th Place,Doral,FL,33172,25.8195424,-80.3553302,ai,uncorroborated
VISITING ANGELS OF SE FLORIDA,"321 N 10th St, Suite 200",Fort Pierce,FL,34950,27.4489863,-80.333092,ai,corroborated
VISTA DEL MAR CHILD AND FAMILY SERVICE,320 West Mountain Street,Wilmington,CA,90744,33.7800164,-118.262509,ai,corroborated
VISTA INVESTMENT GROUP,"175 W Jackson Blvd, Suite 2400",Chicago,IL,60604,41.8771408,-87.6332061,ai,uncorroborated
VISUALOGYX,,,,,,,,
VITALEX,,,,,,,,
VITAMIX,8615 Usher Road,Cleveland,OH,44130,41.370957,-81.8357226,ai,corroborated
VITERBI GROUP,"4370 La Jolla Village Drive, Suite 675",San Diego,CA,92122,32.8740292,-117.2111852,manual,verified
VITREO RETINAL ASSOCIATES,"4060 Irving St NW, Suite 200",Washington,DC,20011,38.9312453,-77.0152099,ai,uncorroborated
VITUITY,"One Maritime Plaza, Suite 1500",San Francisco,CA,94111,37.7956922,-122.3992637,ai,grounded
VIVA LEARNING,3736 Bee Caves Rd Ste 1-230,Austin,TX,78746,30.280724,-97.8069902,ai,grounded
VIZIO,39 Tesla,Irvine,CA,92618,33.6340706,-117.7366591,ai,uncorroborated
VLC,,,,,,,,
VLEIGH MANAGEMENT LLC,"111 Great Neck Road, Suite 400",Great Neck,NY,11021,40.785346,-73.7295403,manual,verified
VLG OF LAKE GROVE,,,,,,,,
VLSI TECHNOLOGY LLC,San Jose Research Park (formerly 1700 S. Amphlett Boulevard),San Jose,CA,95131,37.3361663,-121.890591,ai,uncorroborated
VMY,,,,,,,,
VNS HEAKTH,,,,,,,,
VOBILE INC,2600 Michelson Dr,Irvine,CA,92612,33.6738701,-117.8511457,ai,corroborated
VOICE EXPRESS CORP,,,,,,,,
VOICES OF HOPE,,,,,,,,
VOLKSWAGEN OF SOUTH CHARLOTTE,9900 South Blvd,Charlotte,NC,28273,35.1038221,-80.8815452,ai,corroborated
VOLPERT FOUNDATION,,,,,,,,
VOLTAIR,,,,,,,,
VON BRIESEN & ROPER SC,411 E Wisconsin Ave Suite 1000,Milwaukee,WI,53202,43.038364,-87.9060213,ai,corroborated
VORNADO REALTY TRUST,888 Seventh Avenue,New York,NY,10106,40.9138474,-73.8064848,ai,corroborated
VOX BIOMEDICAL,,,,,,,,
VOYAGER,,,,,,,,
VOYAGER GLOBAL MOBILITY LLC,,,,,,,,
VPC,"150 North Riverside Plaza, Suite 5200",Chicago,IL,60606,41.8825427,-87.638745,ai,grounded
VRCNY,,,,,,,,
VSC MANAGEMENT,"100 Glenborough Dr, Suite 1000",Houston,TX,77067,29.9516987,-95.4197337,ai,grounded
VSI,,,,,,,,
VTHS,,,,,,,,
W E BAUM,,,,,,,,
W EQUITIES,"3000 Marcus Avenue, Suite 3W7",Lake Success,NY,11042,40.7588434,-73.6956206,ai,corroborated
W STAN HARDESTY DDS PA,,,,,,,,
W. FLORIDA MEDICAL SPECIALIST,,,,,,,,
W.W. GRAINGEL,,,,,,,,
WACHTEL MISSRY LLP,885 Third Avenue,New York,NY,10022,40.8088444,-73.9303577,ai,grounded
WACHTELL LIPTON,51 West 52nd Street,New York,NY,10019,40.7612541,-73.9787812,ai,uncorroborated
"WACHTELL, LIPTON, ROSEN & KATZ",51 West 52nd Street,New York,NY,10019,40.7612541,-73.9787812,ai,corroborated
WADDELL SERAFINO,,,,,,,,
WAFFLE HOUSE,2719 East 2nd Street,Norcross,GA,30071,33.9412127,-84.2135309,ai,corroborated
WAGMAN DICKMAN LLC,,,,,,,,
WAINCO REALTY LLC,,,,,,,,
WAITER.COM,"1931 Old Middlefield Way, Ste A",Mountain View,CA,94043,37.4138279,-122.0884566,ai,grounded
WAKE RADIOLOGY,"3900 Wakefield Pines Drive, Suite 360",Raleigh,NC,27609,35.9459017,-78.5657907,ai,corroborated
WALDEN,,,,,,,,
WALDMAN AND ASSOCIATES,,,,,,,,
WALDMAN AND CO,330 W 38th St,New York,NY,10018,40.7552496,-73.9935,ai,uncorroborated
WALDMAN ORTHODONTICS,,,,,,,,
WALDORF INVESTMENT COMPANY INC,,,,,,,,
WALK LAW FIRM PA,,,,,,,,
WALKER & DUNLOP,"7272 Wisconsin Avenue, Suite 1300",Bethesda,MD,20814,38.9820253,-77.0936491,ai,grounded
WALKER GROUP,,,,,,,,
WALLACHBETH,,,,,,,,
WALLETSALESMEN LLC,,,,,,,,
WALLICK COMMUNITIES,"3801 Richmond Road, Suite 200",Cleveland,OH,44122,41.5008217,-81.5369108,ai,grounded
WALMART,702 S.W. 8th Street,Bentonville,AR,72716,36.3728608,-94.208787,ai,grounded
WALNUT CAPITAL,"334 S. Cedar Crest Boulevard, Suite 200",Allentown,PA,18103,40.5859742,-75.5234586,ai,corroborated
WALNUT COURT CAPITAL,"1400 K Street NW, Suite 500",Washington,DC,20005,38.9022595,-77.0324101,ai,uncorroborated
WALNUT RIDGE,,,,,,,,
WALNUT RIDGE STRATEGIC MANAGEMENT,,,,,,,,
WALSH ASSOCIATES,,,,,,,,
WALSH MCGURK CORDOVA NIXON PLLC,"1500 Walnut Street, Suite 300",Philadelphia,PA,19102,39.9493923,-75.166186,ai,uncorroborated
WALTER REED NATIONAL MILITARY MEDICAL,8901 Wisconsin Avenue,Bethesda,MD,20889,39.0012741,-77.0893698,ai,uncorroborated
WALTON LANTOFF ET AL,,,,,,,,
WALTON SIGNAGE LTD,,,,,,,,
WAN ADVISORY,,,,,,,,
WAND AI,2415 Michigan Ave,Santa Monica,CA,90404,34.026579,-118.4690947,ai,grounded
WARBY PARKER,"233 Spring Street, 9th Floor",New York,NY,10013,40.7257088,-74.0048369,ai,corroborated
WARDHAW,,,,,,,,
WARESPACE,,,,,,,,
WARM THOUGHTS COMMUNICATIONS INC,,,,,,,,
WARNER ARCHITECTURE + DESIGN,,,,,,,,
WARNER BROS,4000 Warner Boulevard,Burbank,CA,91522,34.1516241,-118.3451235,ai,corroborated
WARNER MUSIC,1633 Broadway,New York,NY,10019,40.762093,-73.9846559,ai,uncorroborated
WARNER NORCROSS JUDD LLP,"111 Lyon Street NW, Suite 900",Grand Rapids,MI,49503,42.9676299,-85.6707165,ai,corroborated
WASH PROPERTIES,,,,,,,,
WASHINGTON CIRCLE ADVISORY GROUP,"1100 17th Street NW, Suite 705",Washington,DC,20036,38.9040481,-77.0388095,ai,corroborated
WASHINGTON COUNTY,,,,,,,,
WASHINGTON GASTROENTEROLOGY,2202 S Cedar St,Tacoma,WA,98405,47.2376874,-122.4767684,ai,corroborated
WASHINGTON HEBREW,1101 Arcola Avenue,Rockville,MD,20850,39.0817985,-77.1516844,ai,corroborated
WASHINGTON REAL ESTATE,,,,,,,,
WASHINGTON REALTY,,,,,,,,
WASHINGTON UNIVERSITY,One Brookings Drive,Saint Louis,MO,63130,38.6477591,-90.3023685,ai,corroborated
WASHINGTON UNIVERSITY IN ST. LOUIS,1 Brookings Drive,Saint Louis,MO,63130,38.6472402,-90.3084017,ai,corroborated
WASHOE COUNTY SCHOOL DISTRICT,425 E 9th St,Reno,NV,89512,39.5372966,-119.8102283,ai,corroborated
WASSERMAN,"1801 Avenue of the Stars, Suite 1100",Los Angeles,CA,90067,34.0611026,-118.4180947,ai,corroborated
WASSERMAN MUSIC,946 N Formosa Ave,West Hollywood,CA,90046,34.0934703,-118.346263,ai,corroborated
WATER QUALITY ASSOCIATION,"4151 Naperville Road, Suite 100",Lisle,IL,60532,41.8108072,-88.1162719,ai,corroborated
WATERMAN PROPERTIES,400 Park Avenue,New York,NY,10022,40.7600281,-73.9724524,ai,grounded
WATNER NORCROSS JUDD,"2000 Town Center, Suite 1800",Southfield,MI,48075,42.4768345,-83.245751,ai,corroborated
WAUKEGAN PARK DISTRICT,400 South Lewis Avenue,Waukegan,IL,60085,42.353888,-87.855896,ai,corroborated
WAVERLY STRATEGIES,,,,,,,,
WAXIE SANITARY SUPPLY,9353 Waxie Way,San Diego,CA,92123,32.8396508,-117.1264835,ai,corroborated
WAYFAIR INC,"4 Copley Place, 8th Floor",Boston,MA,02116,42.3588336,-71.0578303,ai,corroborated
WAYNE FUCHS MD,,,,,,,,
WAYNE GRADMAN MD,,,,,,,,
WAYNE STATE UNIVERSITY,42 West Warren Avenue,Detroit,MI,48202,42.3569956,-83.065145,ai,corroborated
WAYPOINT,1701 Crossroads Drive,Odenton,MD,21113,39.095201,-76.694948,ai,grounded
WAYS2WELL,,,,,,,,
WBD,4000 Warner Boulevard,Burbank,CA,91522,34.1516241,-118.3451235,ai,uncorroborated
WBS,,,,,,,,
WCHN,24 Hospital Ave,Danbury,CT,06810,41.405218,-73.4451587,ai,grounded
WD BIOTECH,"300 Connell Drive, Suite 5200",Berkeley Heights,NJ,07922,40.6670153,-74.4095648,ai,uncorroborated
WDS,,,,,,,,
WE'RE ASSOCIATES,,,,,,,,
WEATHERFORD INTERNATIONAL,2000 West Sam Houston Pkwy S,Houston,TX,77042,29.7462013,-95.5596306,ai,corroborated
WEB VALUE INC,"701 Brazos Street, Suite 500",Austin,TX,78701,30.268971,-97.7406286,ai,uncorroborated
WEBB VENTURES,,,,,,,,
WEBER GALLAGHER,1349 Chestnut St,Philadelphia,PA,19107,39.9508466,-75.1631682,ai,corroborated
WEBSTER LOCK CO,2471 Webster Avenue,Bronx,NY,10458,40.8605768,-73.8930183,ai,grounded
WEBSTER SECURITY SERVICE,,,,,,,,
WEDGEWOOD PHARMACY,405 Heron Dr,Swedesboro,NJ,08085,39.7629602,-75.368343,ai,grounded
WEDTMED,,,,,,,,
WEIGHTWATCHERS,477 5th Ave,New York,NY,10017,40.752882,-73.981199,ai,grounded
WEIL KAHN FUNERAL HOME,3029 N 31st St,Milwaukee,WI,53210,43.059935,-87.9527927,ai,uncorroborated
"WEIL, GOTSHAL & MANGES LLP",767 Fifth Avenue,New York,NY,10153,40.8021613,-73.9453686,ai,corroborated
WEILAND,,,,,,,,
WEILL CORNELL,1300 York Ave,New York,NY,10065,40.7647523,-73.9549121,ai,corroborated
WEILL CORNELL MEDICINE,1300 York Avenue,New York,NY,10065,40.7647735,-73.954823,ai,corroborated
WEINBERG PROPERTIES,,,,,,,,
WEINBERG WEALTH MANAGEMENT,,,,,,,,
WEINBERG WHEELER HUDGINS GUNN & DIAL,"3344 Peachtree Road NE, Suite 2400",Atlanta,GA,30326,33.8469605,-84.3686449,ai,grounded
WEINER INSURANCE,,,,,,,,
WEINER LAW,,,,,,,,
WEINER MILO MORGAN BONNANO LLC,,,,,,,,
WEINGARTEN REALTY INVESTORS,2600 North Loop West Suite 300,Houston,TX,77092,29.8075818,-95.4448428,ai,corroborated
WEINMAN COMPANY,,,,,,,,
WEINSTEIN MORTUARY,640 Farmington Avenue,Hartford,CT,06105,41.7661735,-72.7145756,ai,uncorroborated
WEINSTEIN PROPERTIES,3951 Stillman Pkwy,Glen Allen,VA,23060,37.6659781,-77.506374,ai,corroborated
WEINSTEIN REALTY CONSULTANTS,,,,,,,,
WEINTRAUB & SEITH APC,"4000 MACARTHUR BOULEVARD, 10TH FLOOR",NEWPORT BEACH,CA,92660,33.6608399,-117.8614951,ai,corroborated
WEINTRAUB REAL ESTATE GROUP,3000 El Camino Real Suite 400,Santa Clara,CA,95051,37.3525233,-121.9810035,ai,corroborated
WEINTRAUB TOBIN,400 Capitol Mall Suite 1800,Sacramento,CA,95814,38.5783896,-121.5024905,ai,corroborated
WEISS ASSET MANAGEMENT,777 Third Avenue,New York,NY,10017,40.8088444,-73.9303577,ai,uncorroborated
WEISS ASSOCIATES,"2560 Ninth Street, Suite 212",Berkeley,CA,94710,37.8593865,-122.291648,ai,grounded
WEISS FAMILY PROPERTIES,,,,,,,,
WEISS LINES,,,,,,,,
WEISZ CONCIERGE MEDICAL,,,,,,,,
WEITZ & LUXENBERG,700 Broadway,New York,NY,10003,40.7285605,-73.9936998,ai,grounded
WEITZ MEDICAL MANAGEMENT,2300 Sutter St Ste 304,San Francisco,CA,94115,37.7856467,-122.4384331,ai,grounded
WEITZMAN,3100 McKinnon St Ste 1150,Dallas,TX,75201,32.797051,-96.810306,ai,corroborated
WEKIVA SPRINGS CENTER,,,,,,,,
WELCOME TO THE STAGE LLC,,,,,,,,
WELLER CLEANERS,,,,,,,,
WELLER PARTNERS LLP,"301 Mission St, Suite 400",San Francisco,CA,94105,37.7904075,-122.3961867,ai,corroborated
WELLINGTON HOSPITALITY GROUP,"2 Union Square West, 8th Floor",New York,NY,10003,40.735282,-73.991541,ai,uncorroborated
WELLINGTON RADIOLOGY,836 W Wellington Ave,Chicago,IL,60657,41.935958,-87.6523731,ai,grounded
WELLISH VISION INSTITUTE,"10835 Kincey Ave NE, Suite 101",Albuquerque,NM,87122,35.0841034,-106.650985,ai,uncorroborated
WELLMED,"3101 Bee Caves Road, Suite 200",Austin,TX,78746,30.2715168,-97.7974327,ai,grounded
WELLMEDFL,"3300 N University Dr, Suite 100",Coral Springs,FL,33065,26.2714115,-80.2499867,ai,corroborated
WELLPATH,"6550 Carothers Parkway, Suite 500",Franklin,TN,37067,35.939408,-86.8099408,ai,grounded
WELLS FARGO ADVISORS,One North Jefferson Avenue,Saint Louis,MO,63103,38.6318768,-90.2150178,manual,verified
WELLS FARGO PRIVATE BANK,420 Montgomery Street,San Francisco,CA,94104,37.7933794,-122.4027,ai,grounded
WELLS FINANCIAL PARTNERS,,,,,,,,
WELLSPRING,,,,,,,,
WELLSPRING PHILANTHROPIC FUND,"2000 M Street NW, Suite 720",Washington,DC,20036,38.9052428,-77.0452709,ai,uncorroborated
WELLSTAR,"Wellstar Health System, Inc., 1600 Parkwood Circle NE",Atlanta,GA,30339,33.7544657,-84.3898151,ai,corroborated
WELNER ASSOCIATES,,,,,,,,
WENDY KHABIE,,,,,,,,
WENDY'S INTERNATIONAL,One Dave Thomas Boulevard,Dublin,OH,43017,40.1014795,-83.1052337,ai,uncorroborated
WERSTIL COMPANIES,,,,,,,,
WERTHAN INDUSTRIES,6004 Export Boulevard,Tallahassee,FL,32308,30.4380832,-84.2809332,ai,uncorroborated
WEST AND FEINBERG PC,"4550 Montgomery Ave, Suite 775N",Bethesda,MD,20814,38.9836876,-77.0915494,ai,grounded
WEST CANCER CENTER,"2000 Poplar Ave, Ste 300",Memphis,TN,38112,35.141961,-89.991506,ai,corroborated
WEST CLINIC,"7750 Poplar Ave, Ste 220",Germantown,TN,38138,35.0909493,-89.8049521,ai,corroborated
WEST COAST ARBORISTS,6162 Mission Gorge Rd #105,San Diego,CA,92120,32.786672,-117.0978366,ai,corroborated
WEST DERM,"145 Parker St, Ste 102",Needham,MA,02494,42.2802645,-71.2360624,ai,uncorroborated
WEST HARTFORD LOCK CO. LLC,50 South Main Street,West Hartford,CT,06107,41.7587775,-72.7424352,ai,corroborated
WEST MICHIGAN DIVORCE,,,,,,,,
WEST SHORE LLC,"One International Place, Suite 3900",Boston,MA,02110,42.3557189,-71.0521484,manual,verified
WESTAT,1600 Research Blvd,Rockville,MD,20850,39.0942672,-77.1818803,ai,corroborated
WESTCAP,,,,,,,,
WESTCHESTER DAY SCHOOL,60 Underhill Ave,Pound Ridge,NY,10576,41.2087066,-73.5748483,ai,corroborated
WESTCHESTER INSTITUTE FOR HUMAN DEVELOPMENT,"Cedarwood Hall, New York Medical College",Valhalla,NY,10595,41.0745282,-73.7749119,manual,verified
WESTCHESTER MEDICAL CENTER,100 Woods Rd,Valhalla,NY,10595,41.087434,-73.8066939,ai,corroborated
WESTCORD,,,,,,,,
WESTERN DEVELOPMENT CORPORATION,"1735 Technology Dr NW, Suite 100",Kennesaw,GA,30144,34.0234337,-84.6154897,ai,uncorroborated
WESTERN DIGITAL,5601 Great Oaks Pkwy,San Jose,CA,95119,37.2516481,-121.7970703,ai,corroborated
WESTERN NEURO SURGERY,"400 N Maple Ave, Suite 300",Brea,CA,92821,33.9105816,-117.8921861,ai,uncorroborated
WESTERN STATES CARPENTERS,"533 S Fremont Ave, Ste A",Alhambra,CA,91803,34.0884154,-118.1520833,ai,corroborated
WESTERN STATES GLASS,,,,,,,,
WESTERN UNION,12500 E Belford Ave,Englewood,CO,80112,39.6482059,-104.9879641,ai,corroborated
WESTFIELD BOARD OF EDUCATION,302 Elm St,Westfield,NJ,07090,40.6543645,-74.3522142,ai,corroborated
WESTHAB INC,90-12 161st Street,Jamaica,NY,11432,40.699835,-73.8077023,ai,corroborated
WESTMED MEDICAL GROUP,"180 Mamaroneck Ave, Ste 205",White Plains,NY,10601,41.0283107,-73.7651234,ai,corroborated
WESTMORE CAPITAL ADVISORS,301 21st Pl,Santa Monica,CA,90402,34.043864,-118.494787,ai,grounded
WESTOVER SCHOOL,33 West Rd,Middlebury,CT,06762,41.526359,-73.0877293,ai,corroborated
WESTPAC WEALTH,,,,,,,,
WESTPORT CAPITAL PARTNERS,"500 Seventh Ave, 16th Floor",New York,NY,10018,40.917914,-73.804052,ai,uncorroborated
WESTSIDE,,,,,,,,
WESTSIDE INVESTMENT PARTNERS INC,,,,,,,,
WESTVIEW,,,,,,,,
WESTWOOD FINANCIAL,"2700 E Camelback Rd, Suite 110",Phoenix,AZ,85016,33.5097072,-112.0235211,ai,uncorroborated
WEWORK,110 5th Ave,New York,NY,10011,40.7375819,-73.9927012,ai,grounded
WEXLER AND GARAI,,,,,,,,
WEXLER LAW GROUP PLLC,1700 Pacific Ave #2390,Dallas,TX,75201,32.78221,-96.7967831,ai,uncorroborated
WGH ONE LLC,,,,,,,,
WGSN,"300 7th Avenue, 2nd Floor",New York,NY,10001,40.7470052,-73.9937669,ai,uncorroborated
WHARTON,"3620 Locust Walk, Jon M. Huntsman Hall",Philadelphia,PA,19104,39.9527237,-75.1635262,ai,uncorroborated
WHATSAPP LLC,1601 Willow Road,Menlo Park,CA,94025,37.4508899,-122.1706206,ai,corroborated
WHEATLEY PARTNERS,500 North Broadway,Jericho,NY,11753,40.7906553,-73.5346576,ai,corroborated
WHEELS,1100 Superior Avenue East,Cleveland,OH,44114,41.5029086,-81.6864478,ai,uncorroborated
WHITE & CASE LLP,1221 Avenue of the Americas,New York,NY,10020,40.7595136,-73.9825069,ai,corroborated
WHITE EAGLE PROPERTY,,,,,,,,
WHITE HOUSE,1600 Pennsylvania Avenue NW,Washington,DC,20500,38.8976387,-77.0365528,ai,uncorroborated
WHITE KNIGHT CONSULTING,,,,,,,,
WHITE LAKE REAL ESTATE CAPITAL LLC,"1840 Century Park East, Suite 1200",Los Angeles,CA,90067,34.0621757,-118.4151002,ai,uncorroborated
WHITE PINE CAPITAL MANAGEMENT,,,,,,,,
WHITNEY PARTNERS LLC,"100 Rouse Boulevard, Suite 200",Philadelphia,PA,19087,39.896216,-75.174092,ai,uncorroborated
WHITTIER PUBLICATIONS,12823 Philadelphia Street,Whittier,CA,90601,33.979188,-118.039263,ai,uncorroborated
WHOKNEW VENTURES LLC,,KENTFIELD,CA,94904,,,,
WHOLE BODY RESEARCH,,,,,,,,
WHOLE HEALTH,,,,,,,,
WHOLEVIEW WELLNESS,,,,,,,,
WHP GLOBAL,450 Lexington Avenue,New York,NY,10017,40.7532602,-73.9754403,ai,corroborated
WICK PHILLIPS,"100 Throckmorton Street, Suite 1500",Fort Worth,TX,76102,32.7522121,-97.3317036,ai,corroborated
WICKER SMITH,"101 N. Monroe Street, Suite 700",Tallahassee,FL,32301,30.442339,-84.280574,ai,corroborated
WIDAMAN COMM,,,,,,,,
WIDENER UNIVERSITY,One University Place,Chester,PA,19013,39.849557,-75.3557458,ai,corroborated
WIDEWATERS,"6155 Main Street, Suite 200",Williamsville,NY,14221,42.9641455,-78.7368574,ai,corroborated
WIENER FINANCIAL MANAGEMENT,,,,,,,,
WIENER-SIEGEL INVESTMENTS,,,,,,,,
WIGGINS CHILDS,"301 S. College Street, Suite 3500",Charlotte,NC,28202,35.2239068,-80.8447316,ai,uncorroborated
WIGODA AND WIGODA,,,,,,,,
WIINGATE LIVING,300 1st Ave,Needham,MA,02494,42.2990255,-71.2205482,ai,grounded
WILDLIFE CONSERVATION SOCIETY,2300 Southern Boulevard,Bronx,NY,10460,40.8535116,-73.8729316,ai,corroborated
"WILKES ARTIS, CHARTERED","1825 I St NW, Suite 300",Washington,DC,20006,38.9016485,-77.0421808,manual,verified
WILKES CREATIVE,,,,,,,,
WILKINS MEDIA,,,,,,,,
WILKINSON CORPORATION,8201 Greensboro Dr,McLean,VA,22102,38.9342888,-77.1776327,ai,uncorroborated
WILLIAM AND FLORA HEWLETT FOUNDATION,2121 Sand Hill Road,Menlo Park,CA,94025,37.4254269,-122.1928051,ai,corroborated
WILLIAM HELLER & ASSOCIATES,,,,,,,,
WILLIAM J. SEGAL PA,,,,,,,,
WILLIAM M LEUCHTER MD,,,,,,,,
WILLIAM MORRIS AGENCY,"9601 Wilshire Boulevard, 9th Floor",Beverly Hills,CA,90210,34.067138,-118.40357,ai,uncorroborated
"WILLIAM R. WEAVER, MD",,,,,,,,
WILLIAMS,"One Williams Center, 2200 Energy Center",Tulsa,OK,74172,36.1563122,-95.9927516,ai,uncorroborated
WILLIAMS & CONNOLLY LLP,725 TWELFTH STREET NW,WASHINGTON,DC,20005,38.8950982,-77.0363849,ai,uncorroborated
WILLIAMS GROUP HOLDINGS,,,,,,,,
WILLIAMS KEEPERS ACCOUNTING,,,,,,,,
WILLIAMS RACING,,,,,,,,
WILLIAMSON AUTO GROUP,1200 West Broadway,Franklin,TN,37064,35.925206,-86.8689419,ai,uncorroborated
WILLIG WILLIAMS & DAVIDSON,"1845 Walnut Street, Suite 1100",Philadelphia,PA,19103,39.9504697,-75.1717913,ai,corroborated
WILLIVER,,,,,,,,
WILLKIE FARR,787 Seventh Ave,New York,NY,10019,40.9138474,-73.8064848,ai,corroborated
WILLKIE FARR & GALLAGHER LLP,787 Seventh Avenue,New York,NY,10019,40.9138474,-73.8064848,ai,corroborated
WILLOUGHBY CAPITAL HOLDINGS,"330 Railroad Avenue, Suite 101",Greenwich,CT,06830,41.0210651,-73.6323763,manual,verified
WILLOW BEND MORTGAGE,"560 W. Park St., Suite 100",Birmingham,AL,35205,33.5206824,-86.8024326,ai,uncorroborated
WILLOWRIDGE PARTNERS,,,,,,,,
WILSHIRE CATERERS,,,,,,,,
WILSHIRE LAW FIRM,3055 Wilshire Blvd,Los Angeles,CA,90010,34.0622559,-118.2879222,ai,corroborated
WILSHIRE SKYLINE,,,,,,,,
WILSHIRE SMILE STUDIO,,,,,,,,
WILSON SONSINI,650 Page Mill Road,Palo Alto,CA,94304,37.4214354,-122.1452539,ai,grounded
WILSON SONSINI GOODRICH ROSATI,650 Page Mill Road,Palo Alto,CA,94304,37.4214354,-122.1452539,ai,uncorroborated
WINDELS MARX,1201 RXR Plaza,Uniondale,NY,11556,40.7189633,-73.5831416,ai,grounded
WINDELS MARX LANE & MITTENDORF,156 West 56th Street,New York,NY,10019,40.7643804,-73.979676,ai,uncorroborated
WINDERMERE,11120 NE 2nd Street,Bellevue,WA,98004,47.6120735,-122.1919081,ai,uncorroborated
WINDHAM ASSOCIATES,,,,,,,,
WINDSHIP PARK ASSET MANAGEMENT,,,,,,,,
WINDSOR,,,,,,,,
WINDSOR DEVELOPMENT GROUP,,,,,,,,
WINDSOR FASHIONS LLC,,,,,,,,
WINE MEATS CHEESE,,,,,,,,
WING LAKE CAPITAL PARTNERS,"32300 Northwestern Hwy, Suite 215",Farmington Hills,MI,48334,42.4853125,-83.3771553,manual,verified
WINNCOMPANIES,"12 Channel Center Street, Suite 400",Boston,MA,02210,42.346218,-71.051132,ai,corroborated
WINNE BANTA,"100 East State Street, Suite 400",Kalamazoo,MI,49007,42.291707,-85.5872286,ai,uncorroborated
WINSHIP WEALTH,23 Ross Common,Ross,CA,94957,37.9602455,-122.5553916,ai,grounded
WINSTEAD,"401 Congress Avenue, Suite 2100",Austin,TX,78701,30.2667073,-97.7430582,ai,uncorroborated
WINSTON & STRAWN,35 West Wacker Drive,Chicago,IL,60601,41.8863384,-87.6290922,ai,grounded
WINTHROP CAPITAL PARTNERS,"10 Winthrop Square, 9th Floor",Boston,MA,02110,42.3548766,-71.0581627,ai,uncorroborated
WINTHROP FINANCIAL CO,,,,,,,,
WINTRUST,272 Lakeview Parkway,Schaumburg,IL,60173,42.0333608,-88.083406,ai,corroborated
WINTRUST BANK,4755 N. Milwaukee Ave,Chicago,IL,60630,41.9669931,-87.759621,ai,corroborated
WINWIN ENTERPRISES LLC,,,,,,,,
WIPRO,2 Tower Center Blvd,East Brunswick,NJ,08816,40.478788,-74.409826,ai,grounded
WIRE MILL,3013 W. Carroll Ave,Chicago,IL,60647,41.8874897,-87.7020506,ai,uncorroborated
WISE SCHOOL,,,,,,,,
WISEMAN,,,,,,,,
WITHERS,430 Park Avenue,New York,NY,10022,40.7611695,-73.9722581,ai,corroborated
WITHERS BERGMAN,"430 Park Avenue, 10th Floor",New York,NY,10022,40.7127281,-74.0060152,ai,grounded
WITHERSWORLDWIDE,28 Liberty St,New York,NY,10005,40.7078495,-74.0089818,ai,corroborated
WITHEY MORRIS BAUGH,2121 E Highland Ave,Phoenix,AZ,85016,33.5053562,-112.0370103,ai,grounded
WITHIN HEALTH,"2665 S Bayshore Drive, Suite 220",Coconut Grove,FL,33133,25.7126013,-80.2569947,ai,grounded
WITHUM,"506 Carnegie Center, Suite 400",Princeton,NJ,08540,40.3496953,-74.6597376,ai,grounded
WJC,,,,,,,,
WJCS,845 Franklin Avenue,Valley Stream,NY,11580,40.6790139,-73.6845249,ai,corroborated
"WJCS IN WESCHESTER, NY",845 N. Broadway,Tarrytown,NY,10591,41.0779471,-73.8577096,ai,corroborated
WJI CONSULTING,,,,,,,,
WLG,200 Clarendon St,Boston,MA,02116,42.3491677,-71.075124,ai,uncorroborated
WLRK,200 Park Avenue,New York,NY,10166,40.7536135,-73.97658,ai,corroborated
WLS INVESTMENTS,,,,,,,,
WMALA,,,,,,,,
WME,"10960 Wilshire Boulevard, 21st Floor",Los Angeles,CA,90024,34.0579377,-118.445764,ai,corroborated
WMG SMALL BAY MANAGEMENT,,,,,,,,
WMG SMALL BAY PROPERTIES,,,,,,,,
WMGIA ASSOCIATES,,,,,,,,
WOLF & PRAVATO,"1 Bala Plaza, Suite 300",Bala Cynwyd,PA,19004,40.0086075,-75.235568,ai,uncorroborated
WOLF BLOCK SCHORR AND SOLIS-CO,,,,,,,,
WOLF CONSULTING,,,,,,,,
"WOLF, RIFKIN, SHAPIRO, SCHULMAN & RABKIN LLP","3556 E Russell Road, Suite 200",Las Vegas,NV,89120,36.0861655,-115.1176653,ai,uncorroborated
WOLFE & WYMAN LLP,2212 Dupont Drive,Irvine,CA,92612,33.6743577,-117.8588282,ai,grounded
WOLFE LAW LLC,,,,,,,,
WOLFE RESEARCH,"757 Third Avenue, 6th Floor",New York,NY,10017,40.8088444,-73.9303577,ai,grounded
WOLFPACK VENTURES,,,,,,,,
WOLFSON GROUP,"One State Street Plaza, 29th Floor",New York,NY,10004,40.7028098,-74.0133384,ai,grounded
WOLMAN WEALTH MANAGEMENT,,,,,,,,
WOLPERT & ASSOCIATES INC,"400 Passaic Avenue, Suite 351",Fairfield,NJ,07004,40.8723506,-74.2786303,ai,uncorroborated
WOMANKIND,,,,,,,,
WOMEN & INFANTS HOSPITAL OF RHODE ISLAND,101 Dudley Street,Providence,RI,02905,41.8109023,-71.4133702,manual,verified
WONDER FILLED TRAVEL,,,,,,,,
WONDER MATH,,,,,,,,
WOOD RANCH USA INC,"24601 Calabasas Road, Suite 100",Calabasas,CA,91302,34.1533698,-118.6488144,ai,corroborated
WOOD RIVER PROPERTIES LLC,,,,,,,,
WOODBURY MANAGEMENT INC,2 Deer Park Drive,Monmouth Junction,NJ,08852,40.3789957,-74.5465436,ai,uncorroborated
WOODCREST SCHOOLS,6043 Tampa Ave,Tarzana,CA,91356,34.180524,-118.5540518,ai,grounded
WOODFIELD DISTRIBUTION,,,,,,,,
WOODLAND AUTOBODY,,,,,,,,
WOODLAND PARTNERS,1313 N. Market Street,Wilmington,DE,19801,39.749003,-75.5462212,ai,uncorroborated
WOODLAND VENTURE FUND,68 Wheatley Rd,Glen Head,NY,11545,40.821681,-73.5694372,manual,verified
WOODLINE PARTNERS,4 Embarcadero Center Suite 3450,San Francisco,CA,94111,37.7946031,-122.395902,ai,grounded
WOODNEXT,,,,,,,,
WOODS OVIATT,"700 Crossroads Building, 2 State Street",Rochester,NY,14614,43.157285,-77.615214,ai,corroborated
WOODWAY MANAGEMENT LLC,"1201 Ross Avenue, Suite 1300",Dallas,TX,75202,32.7813911,-96.8071981,ai,uncorroborated
WOODWORKERS STORE,4365 Willow Dr,Medina,MN,55340,45.0578047,-93.5890351,manual,verified
WORKDAY,6110 Stoneridge Mall Road,Pleasanton,CA,94588,37.6986699,-121.9264412,ai,grounded
WORKFORCE TRAINING PARTNERS LLC,"300 Interlocken Parkway, Suite 600",Broomfield,CO,80021,39.916812,-105.110874,ai,uncorroborated
WORKPLACE LAW PARTNERS PC,"155 N Michigan Ave, Suite 719",Chicago,IL,60601,41.8847268,-87.6241335,ai,grounded
WORLD ALTERING MEDICINE,,,,,,,,
WORLD INSURANCE ASSOCIATES,"100 Wood Ave South, 4th Floor",Iselin,NJ,08830,40.563278,-74.3291331,ai,grounded
WORLD SECURITY SERVICE,,,,,,,,
WORLD TOTAL RETURN,,,,,,,,
WORLD WIDE TECHNOLOGY LLC,1501 N. WARSON ROAD,BRIDGETON,MO,63044,38.7566055,-90.42352,ai,uncorroborated
WORLD WILDLIFE FUND,1250 24th Street NW,Washington,DC,20037,38.9064358,-77.0518652,ai,uncorroborated
WORLDBRIDGE PARTNERS TOLEDO INC,,,,,,,,
"WORTHINGTON ALTERNATIVE CAPITAL, MMC",,,,,,,,
WPCM,,,,,,,,
WPG FARBER FUND,,,,,,,,
WPH,,,,,,,,
WPI,100 Institute Road,Worcester,MA,01609,42.273479,-71.8073504,ai,uncorroborated
WRDC,,,,,,,,
WRIGHT RD INVESTMENTS,,,,,,,,
WRIGHT ROBINSON ET AL,,,,,,,,
WRISTBAND SPECIALTY,"1700 15th Street, Suite 100",Boulder,CO,80302,40.014721,-105.274581,ai,uncorroborated
WRITER,,,,,,,,
WRP MANAGEMENT CORP,"11150 West Olympic Blvd, Suite 970",Los Angeles,CA,90064,34.0391455,-118.4388843,ai,grounded
WRSSR,,,,,,,,
WSFS BANK,500 Delaware Avenue,Wilmington,DE,19801,39.7479805,-75.552124,ai,corroborated
WSI,,,,,,,,
WSI MANAGEMENT LLC,9229 Wilshire Blvd #200,Beverly Hills,CA,90210,34.067136,-118.392956,ai,grounded
WSR SOLUTIONS,,,,,,,,
WTIC-TV,10 Constitution Plaza,Hartford,CT,06103,41.7665689,-72.6701849,ai,corroborated
WTW,"200 Liberty Street, 6th Floor (Brookfield Place)",New York,NY,10281,40.7106407,-74.0155561,ai,grounded
WWTS,,,,,,,,
WYATT TARRANT AND COMBS,"400 West Market Street, Suite 2000",Louisville,KY,40202,38.2549259,-85.7571981,ai,grounded
WYCKOFF HEIGHTS MEDICAL CENTER,74 Wyckoff Avenue,Brooklyn,NY,11237,40.704926,-73.920389,ai,corroborated
WYNNEFIELD CAPITAL,"450 7th Avenue, Suite 509",New York,NY,10123,40.7514791,-73.9907411,ai,grounded
WYSH,720 E Wisconsin Ave,Milwaukee,WI,53202,43.0393998,-87.9021965,ai,grounded
X LIZZIE TISCH,52 Park Avenue,New York,NY,10016,40.7493221,-73.9801013,manual,verified
XCEL ENERGY,414 Nicollet Mall,Minneapolis,MN,55401,44.9796327,-93.2704443,ai,uncorroborated
XERION INVESTMENTS LLC,,,,,,,,
XO GROUP,"1200 17th St NW, Suite 300",Washington,DC,20036,38.9058855,-77.0388639,ai,uncorroborated
XOMETRY,"1010 North Rengstorff Avenue, Suite 300",Mountain View,CA,94043,37.4202594,-122.09588,ai,uncorroborated
XPRINT MANUFACTURING,,,,,,,,
XTR,,,,,,,,
Y H & C INVESTMENTS,,,,,,,,
Y MEADOWS,,Los Angeles,CA,90067,,,,
YAGOUBZADEH LAW FIRM,,,,,,,,
YALE,165 Elm Street,New Haven,CT,06511,41.3095281,-72.9260516,ai,corroborated
YALE NEW HAVEN HOSPITAL,20 York Street,New Haven,CT,06510,41.3046035,-72.9355941,ai,corroborated
YALE UNIVERSITY,95 Prospect St,New Haven,CT,06511,41.3146225,-72.9249165,ai,corroborated
YALE UNIVERSITY SCHOOL OF MEDICINE,333 Cedar Street,New Haven,CT,06510,41.303002,-72.9332441,ai,corroborated
YANOW,,,,,,,,
YANUVIA,,,,,,,,
YARDSTICK,,,,,,,,
YARGER WEALTH STRATEGIES,140 Dorchester Square Ste B,Westerville,OH,43081,40.126139,-82.9295287,ai,grounded
YARMISH,,,,,,,,
YAS-GER HOLDING CORP,,,,,,,,
YASMINE CORP,,,,,,,,
YASTRAB AND ASSOCIATES,,,,,,,,
YATA,,,,,,,,
YBH,,,,,,,,
YCM,,,,,,,,
YELLEN & ASSOCIATES,32119 Harborview Lane,Westlake Village,CA,91361,34.1430689,-118.821505,ai,grounded
YENKIN-MAJESTIC PAINT CORP,1920 Leonard Avenue,Columbus,OH,43219,39.986972,-82.9519048,ai,grounded
YESHIVA KETANA OF QUEENS,69-02 175th St,Fresh Meadows,NY,11365,40.7325981,-73.7952063,ai,corroborated
YESHIVA KTANA PASSAIC,15 Putnam Street,Passaic,NJ,07055,40.9284854,-74.1621163,ai,corroborated
YESHIVA UNIVERSITY,500 West 185th St,New York,NY,10033,40.8506562,-73.9298679,ai,corroborated
YKLI,,,,,,,,
YMCA,101 North Wacker Dr,Chicago,IL,60606,41.8834518,-87.6364241,ai,grounded
YMPC,,,,,,,,
YOGASPARK,,,,,,,,
YONKERS POLICE DELARTMENT,"Yonkers Police Department, 1 Larkin Center",Yonkers,NY,10701,40.9312099,-73.8987469,ai,corroborated
YORK CAPITAL MANAGEMENT,300 Park Ave,New York,NY,10022,40.7570541,-73.9747565,ai,corroborated
YORK PROPERTIES,2108 Clark Ave,Raleigh,NC,27605,35.7890383,-78.6613795,ai,grounded
YORK SPACE SYSTEMS,,,,,,,,
YOU MATTER,,,,,,,,
YOUNG ADJUSTMENT COMPANY,900 Lenmar Drive,Blue Bell,PA,19422,40.154704,-75.270151,ai,grounded
YOUNG CONAWAY STACETT & TAYLOR,1000 North King Street,Wilmington,DE,19801,39.745276,-75.546782,ai,uncorroborated
YOUNG ISRAEL,515 Park Ave,New York,NY,10022,40.7632162,-73.9691649,ai,uncorroborated
YOUNG ISRAEL OF SAINT LOUIS,8 Millstone Campus Drive,Chesterfield,MO,63017,38.6581764,-90.5680617,ai,corroborated
YOUNG ISRAEL OF SCARSDALE,7 Ogden Road,Scarsdale,NY,10583,40.9972191,-73.8022543,ai,corroborated
YOUNGER TWIN LLC,,,,,,,,
YOUNGSTOWN AREA JEWISH FEDERATION,505 Gypsy Lane,Youngstown,OH,44504,41.1337095,-80.6592777,ai,corroborated
YOUR MINKA GROUP,,,,,,,,
YRA,,,,,,,,
YS TECH USA,"17771 Sampson Ln, Ste A",Huntington Beach,CA,92647,33.7044093,-117.997426,ai,grounded
YS YECH,,,,,,,,
YUDIN'S,,,,,,,,
YULA,15760 Ventura Blvd,Encino,CA,91436,34.1552716,-118.4762079,ai,corroborated
YULA HS,1576 S Robertson Blvd,Los Angeles,CA,90035,34.0508948,-118.3841763,ai,corroborated
YURKO PARTNERS PC,"One Tech Drive, Suite 205",Andover,MA,01810,42.6864562,-71.2089426,ai,grounded
ZAIDY'S DELI,600 S Holly St,Denver,CO,80246,39.7058277,-104.9216073,ai,corroborated
ZALE PROPERTIES,1 Zale Plz,Dallas,TX,75207,32.7762719,-96.7968559,ai,corroborated
ZALESNE LLC,,,,,,,,
ZALL CO,,,,,,,,
ZANE M. COHN & ASS,"295 Madison Ave, 11th Floor",New York,NY,10017,40.7517813,-73.9793366,ai,uncorroborated
ZAPATA CONSULTING,"2000 Market Street, Suite 700",Philadelphia,PA,19103,39.953509,-75.173351,ai,uncorroborated
ZARO'S,82 Spring St,New York,NY,10012,40.7226859,-73.9982534,ai,corroborated
ZARO'S FAMILY BAKERY,306 Seventh Avenue,Brooklyn,NY,11215,40.6526006,-73.9497211,ai,corroborated
ZARVONA ENERGY,"1001 Fannin Street, Suite 500",Houston,TX,77002,29.7557946,-95.3639251,ai,corroborated
"ZAUSMER, AUGUST & CALDWELL","27733 Jefferson Avenue, Suite 202",Saint Clair Shores,MI,48082,42.4969506,-82.8883459,ai,corroborated
ZAZOVE ASSOCIATES,"1001 SW 5th Ave, Suite 1100",Portland,OR,97204,45.5167425,-122.6796061,ai,uncorroborated
ZBS PARTNERS,"1345 Avenue of the Americas, 34th Floor",New York,NY,10105,40.7629997,-73.9790535,ai,corroborated
ZE CREATIVE COMMUNICATIONS,,,,,,,,
ZEEV VENTURES,"555 Bryant Street, Suite 811",Palo Alto,CA,94301,37.4454267,-122.1604864,manual,verified
ZEKELMAN INDUSTRIES,"191 North Wacker Drive, Suite 2100",Chicago,IL,60606,41.8853347,-87.6364826,ai,grounded
ZEMEL FAMILY OFFICE,,,,,,,,
ZEPLOWITZ GROUP,,,,,,,,
ZERO ENERGY,,,,,,,,
ZETA GLOBAL,"7 W 34th St, 4th Floor",New York,NY,10001,40.7490225,-73.9855329,ai,grounded
ZIDELL MARINE CORPORATION,1501 NW Naito Pkwy,Portland,OR,97209,45.532854,-122.67996,ai,corroborated
ZIG,,,,,,,,
ZILCH USA INC,,,,,,,,
ZIMLAND HOLDINGS LLC,425 Park Ave,New York,NY,10022,40.7604466,-73.9710384,ai,corroborated
ZIMMER MEDICAL GROUP,509 Jackson St N,Saint Petersburg,FL,33705,27.7777146,-82.6486281,ai,grounded
ZIMMER PARTNERS,9 W 57th St,New York,NY,10019,40.7638353,-73.9749533,ai,uncorroborated
ZIMMERMAN PROPERTIES,"1250 6th Ave, Suite 1500",New York,NY,10020,40.7595192,-73.9804776,ai,uncorroborated
ZIMMERMAN WEALTH STRATEGIES,"1055 W 7th St, Suite 1950",Los Angeles,CA,90017,34.0506875,-118.2634877,ai,corroborated
ZINC RESOURCES,109 N Post Oak Ln Ste 415,Houston,TX,77024,29.7686927,-95.4576124,ai,corroborated
ZINTRO,"1670 Broadway, Suite 1200",Denver,CO,80202,39.7428968,-104.9867141,ai,uncorroborated
ZIONS BANCORPORATION,1 S Main St,Salt Lake City,UT,84133,40.7676973,-111.8912005,ai,grounded
ZIRKIN AND SCHMERLING LAW,1852 Reisterstown Rd,Pikesville,MD,21208,39.3904327,-76.7413155,ai,corroborated
ZITELMAN PARTNERS,"200 Park Ave S, 7th Floor",New York,NY,10003,40.7368886,-73.9892348,ai,uncorroborated
ZLEX PLLC,,,,,,,,
ZMC,1211 Avenue of the Americas,New York,NY,10036,40.7586695,-73.9823756,ai,corroborated
ZMOTO ENTERPRISES LLC,,,,,,,,
ZOCHEM LLC,600 Printwood Dr,Dickson,TN,37055,36.045303,-87.34888,ai,grounded
ZOOKBINDERS,,,,,,,,
ZOOM,"55 Almaden Blvd, 6th Floor",San Jose,CA,95113,37.3329622,-121.8950563,ai,uncorroborated
ZOOMIN SOFTWARE,"150 West 28th Street, 17th Floor",New York,NY,10001,40.7467748,-73.9928099,ai,grounded
ZORRO PRODUCTIONS,,,,,,,,
ZUBER LAWLER & DEL DUCA,"605 S Olive Ave, Suite 1500",West Palm Beach,FL,33401,26.7083523,-80.0521154,ai,uncorroborated
