employer_name,employer_address,employer_city,employer_state,employer_zip,employer_latitude,employer_longitude,is_primary,address_source,address_trust
01 ADVISORS,1 LETTERMAN DR BLDG C,SAN FRANCISCO,CA,94129,37.79734,-122.464466,True,ai,grounded
10 EAST,244 5TH AVE,NEW YORK,NY,10001,40.744628,-73.9877206,True,ai,corroborated
1130 COLLINS,1130 COLLINS AVE,MIAMI BEACH,FL,33139,25.7825214,-80.1315904,True,manual,verified
13TH FLOOR INVESTMENTS,848 BRICKELL AVE PH1,MIAMI,FL,33131,25.765524,-80.184349,True,manual,verified
1440 FOODS,450 7TH AVE 10TH FLOOR,NEW YORK,NY,10123,40.7514791,-73.9907411,True,ai,grounded
154 PARTNERS,34 E 51ST ST 17TH FLOOR,NEW YORK,NY,10022,40.7579447,-73.9744308,True,ai,grounded
17LPT,,,,,,,True,,
18 MANAGEMENT,,,,,,,True,,
1826 GROUP,21050 NE 38TH AVE STE 3103,AVENTURA,FL,33180,25.9703385,-80.124495,True,ai,grounded
19 ENTERPRISES LLC,11 TORONADO DR,LATHAM,NY,12110,42.7631817,-73.7707065,True,ai,grounded
1901 PARTNERS,750 THIRD AVE 29TH FLOOR,NEW YORK,NY,10017,40.753762844225,-73.972352978967,True,ai,grounded
1970 GROUP,33 BENEDICT PL 2ND FLOOR,GREENWICH,CT,06830,41.027712352754,-73.627692461624,True,ai,grounded
1970 GROUP,100 JERICHO QUADRANGLE STE 300,JERICHO,NY,11753,40.784333515641,-73.554089080765,False,ai,grounded
1EDTECH CONSORTIUM,801 INTERNATIONAL PKWY STE 500,LAKE MARY,FL,32746,28.776297,-81.358583,True,ai,uncorroborated
1ST CENTURY BANK,1875 CENTURY PARK EAST STE 1400,LOS ANGELES,CA,90067,34.0609539,-118.4147945,True,manual,verified
21 IN 21,,,,,,,True,,
21 LAPS ENTERTAINMENT,1201 W OLYMPIC BLVD STE 2100,LOS ANGELES,CA,90015,34.046951,-118.269023,True,ai,uncorroborated
21CFI,1211 AVE OF THE AMERICAS,NEW YORK,NY,10036,40.7586695,-73.9823756,True,ai,grounded
22C CAPITAL,277 PARK AVE 40TH FLOOR,NEW YORK,NY,10172,40.7552631,-73.9742085,True,ai,corroborated
25 MADISON,817 BROADWAY 7TH FLOOR,NEW YORK,NY,10003,40.733096974261,-73.991216142906,True,ai,grounded
25 MADISON,950 PENINSULA CORPORATE CIR STE 1006,BOCA RATON,FL,33487,26.421867997229,-80.097750547105,False,ai,grounded
2U,,,,,,,True,,
2U INC,1891 PRESTON WHITE DR STE 700,RESTON,VA,20191,38.9437109,-77.3291801,True,ai,uncorroborated
3 ARTS ENTERTAINMENT,9460 WILSHIRE BLVD SEVENTH FLOOR,BEVERLY HILLS,CA,90212,34.06216,-118.401882,True,manual,verified
30 POINT STRATEGIES,659 AUBURN AVE NE STE 232,ATLANTA,GA,30312,33.7560215,-84.3661081,True,ai,grounded
303 CAPITAL PARTNERS,401 W SUPERIOR ST STE 101,CHICAGO,IL,60654,41.8952927,-87.6387531,True,ai,grounded
34TH STREET DENTAL,225 W 35TH ST #2,NEW YORK,NY,10001,40.7522171,-73.9911323,True,ai,grounded
3EDGEWOOD,4210 E CAMELBACK RD STE E,PHOENIX,AZ,85018,33.509715,-111.989897,True,ai,grounded
3I FUND,2 WOOSTER ST 2ND FLOOR,NEW YORK,NY,10013,40.721012,-74.0036839,True,ai,grounded
3P EQUITY,1650 LAS PLUMAS AVE STE F,SAN JOSE,CA,95133,37.3610643,-121.8662266,True,ai,grounded
3Q DIGITAL,1000 SANSOME ST STE 300,SAN FRANCISCO,CA,94111,37.7996876,-122.4021534,True,ai,corroborated
3SIXTY DUTY FREE,1998 NE 150TH ST,NORTH MIAMI,FL,33181,25.9137505,-80.1597017,True,ai,grounded
4 CORNERS GROUP,215 PARK AVE SOUTH STE 2010,NEW YORK,NY,10003,40.736903,-73.9884712,True,ai,grounded
5 SPOKE CREAMERY,1089 PULASKI HWY,GOSHEN,NY,10924,41.3578826,-74.3760009,True,ai,grounded
5 STAR PEST SOLUTIONS,1402 COMMERCE AVE,INDIANAPOLIS,IN,46201,39.7861286,-86.131874,True,ai,grounded
50 EIGHTH AVENUE TENANTS CORP,50 8TH AVE,BROOKLYN,NY,11217,40.6743204,-73.9726911,True,ai,grounded
510 VENTURES LLC,510 GARRISON FOREST RD,OWINGS MILLS,MD,21117,39.4191996,-76.7608811,True,manual,verified
5306 TRUMP,,,,,,,True,,
7 STAR CONSTRUCTION COMPANY,PO BOX 861,ROCK HILL,SC,29731,34.9248667,-81.0250784,True,ai,grounded
72ND STREET MEDICAL ASSOCIATES,310 E 72ND ST,NEW YORK,NY,10021,40.7684047,-73.9578231,True,ai,grounded
73V,580 BROADWAY 7TH FLOOR,NEW YORK,NY,10012,40.7246036,-73.9972882,True,ai,grounded
757CFO LLC,905 ENFIELD CHASE,VIRGINIA BEACH,VA,23452,36.8703862,-76.0744902,True,ai,grounded
76 WEST HOLDINGS,,,,,,,True,,
76UNDEFEATED,25 SE 2ND AVE STE 550,MIAMI,FL,33131,25.7737529,-80.1901314,True,ai,grounded
7H LEGACY PROPERTY LLC,,,,,,,True,,
7RIDGE,CHRYSLER BUILDING 405 LEXINGTON AVE,NEW YORK,NY,10174,40.751441,-73.975003,True,ai,grounded
808 WEST END AVENUE LLC,808 W END AVE,NEW YORK,NY,10025,40.7970793,-73.9712872,True,ai,uncorroborated
9 MUSES ART CORP,105 W 29TH ST APT 47D,NEW YORK,NY,10001,40.7468349,-73.9902614,True,ai,grounded
97 SWITCH,,,,,,,True,,
981 MANAGEMENT,520 US HWY 22,BRIDGEWATER,NJ,08807,40.592434,-74.61884,True,ai,grounded
9FIN,111 W 19TH ST 6TH FLOOR,NEW YORK,NY,10011,40.7408894,-73.9954138,True,ai,corroborated
A & R KATZ MANAGEMENT,3175 COMMERCIAL AVE STE 100,NORTHBROOK,IL,60062,42.1464109,-87.8586313,True,ai,grounded
A GIFTED SOLUTION,315 CENTRAL PARK WEST #3W,NEW YORK,NY,10025,40.7887447,-73.9670194,True,ai,grounded
A PRIORI,300 BAKER AVE STE 320,CONCORD,MA,01742,42.4599821,-71.3893114,True,ai,grounded
A SIEGEL & ASSOCIATES,,,,,,,True,,
A WISH COME TRUE,1020 IMBODEN DR,SCOTT DEPOT,WV,25560,38.446838,-81.898852,True,ai,uncorroborated
A WORLD OF WIPES,1000 WINTER ST,WALTHAM,MA,02451,42.4076951,-71.2741569,True,ai,uncorroborated
A&B STORE FIXTURES INC,6202 SWING CT,GREENSBORO,NC,27409,36.0712577,-79.9083652,True,ai,grounded
A&E,235 E 45TH ST,NEW YORK,NY,10017,40.7522239,-73.9713998,True,ai,corroborated
A&E REAL ESTATE,1065 AVE OF THE AMERICAS 31ST FLOOR,NEW YORK,NY,10018,40.7540547,-73.9854937,True,ai,grounded
A&W TECH CONSULTING,19206 HABITAT CV,SAN ANTONIO,TX,78258,29.6210569,-98.5146258,True,ai,grounded
A-STREET,,,,,,,True,,
A.L.P,6333 GROSS POINT RD,NILES,IL,60714,42.0193738,-87.7754149,True,ai,grounded
A.R.CONSULTANTS,,,,,,,True,,
A.T.N,,,,,,,True,,
AA ALL METAL RECYCLING,1226 49TH AVE,OAKLAND,CA,94601,37.7686215,-122.2104519,True,manual,verified
AAAASF,33 W DIVISION ST STE 302,BURR RIDGE,IL,60527,41.743074,-87.929214,True,ai,uncorroborated
AAG,3000 KELLWAY DR,CARROLLTON,TX,75006,32.971812,-96.843871,True,ai,uncorroborated
AAG MANAGEMENT,,,,,,,True,,
AARA,242 OLD NEW BRUNSWICK RD STE 440,PISCATAWAY,NJ,08854,40.553085,-74.474676,True,ai,grounded
AARON ELKIN MD,1309 N FEDERAL HWY,HOLLYWOOD,FL,33020,26.0227866,-80.143146,True,ai,grounded
AARON WEALTH ADVISORS,515 N STATE ST STE 1770,CHICAGO,IL,60654,41.8914005,-87.627297,True,ai,grounded
AB BERNSTEIN,745 5TH AVE,NEW YORK,NY,10151,40.7633245,-73.9733602,True,ai,uncorroborated
AB INITIO SOFTWARE,201 SPRING ST,LEXINGTON,MA,02421,42.419352464967,-71.25160477816,True,manual,verified
AB PRIVATE CREDIT INVESTORS,1345 AVE OF THE AMERICAS 22ND FLOOR,NEW YORK,NY,10105,40.7629997,-73.9790535,True,ai,uncorroborated
ABBA CAPITAL ENTERPRISES,,,,,,,True,,
ABBIE FRIEDMAN ATTORNEY AT LAW,5875 S RAINBOW BLVD #203,LAS VEGAS,NV,89118,36.0820418,-115.2433306,True,ai,grounded
"ABBOTT LEE STILLMAN, ARTIST LLC",11 BIRCHALL DR,SCARSDALE,NY,10583,40.9957172,-73.7815055,True,ai,grounded
ABBVIE,1 N WAUKEGAN RD,NORTH CHICAGO,IL,60064,42.3015593,-87.8902499,True,ai,uncorroborated
ABC,77 W 66TH ST,NEW YORK,NY,10023,40.77354,-73.9805847,True,ai,corroborated
ABC DOORS,5100 S WILLOW DR,HOUSTON,TX,77035,29.6576018,-95.4674247,True,ai,grounded
ABC PACIFIC CORP,990 VISTOSO COMMERCE LOOP,ORO VALLEY,AZ,85755,32.4271751,-110.9469742,True,ai,uncorroborated
ABC SALES & MARKETING,10467 E TARRAGON AVE,MESA,AZ,85212,33.3188465,-111.6029549,True,ai,grounded
ABC/DISNEY,500 S BUENA VISTA ST,BURBANK,CA,91521,34.1551262,-118.3265025,True,ai,corroborated
ABE''S VEGAN MUFFINS LLC,389 W NYACK RD,WEST NYACK,NY,10994,41.0953907,-73.987703,True,ai,grounded
ABECAP,319 W SIMPSON ST STE 109,TUCSON,AZ,85711,32.2156569,-110.9746502,True,ai,grounded
ABIR COHEN TREYZON SALO LLP,,,,,,,True,,
ABOVE ALL ADVERTISING,6980 CORTE SANTA FE,SAN DIEGO,CA,92121,32.879738,-117.170571,True,ai,grounded
ABRAHAM CAPITAL,2550 NORTHWINDS PKWY SE STE 300,ALPHARETTA,GA,30009,34.078136,-84.303424,True,ai,uncorroborated
ABRAHAM ZERYKIER MD,16 ROSS AVE,STATEN ISLAND,NY,10306,40.5736101,-74.1211384,True,ai,grounded
ABRAMS & ASSOCIATES,,,,,,,True,,
ABRAMS CAPITAL LLC,200 W 57TH ST,NEW YORK,NY,10019,40.7654312,-73.9804189,True,ai,uncorroborated
ABRAMS ENTERTAINMENT,5225 WILSHIRE BLVD STE 515,LOS ANGELES,CA,90036,34.0621109,-118.343279,True,ai,grounded
ABRO MANAGEMENT CORP,44 WALL ST,NEW YORK,NY,10005,40.706794,-74.0093855,True,ai,corroborated
ABROMS & ASSOCIATES PC,201 S CT ST STE 610,FLORENCE,AL,35630,34.7988566,-87.6745785,True,ai,grounded
ABROMS & BRANDNER,1817 OXMOOR RD,HOMEWOOD,AL,35209,33.4773441,-86.7912921,True,ai,grounded
ABS - ALTMAN WARWICK,1350 AVE OF THE AMERICAS,NEW YORK,NY,10019,40.7627635,-73.9779699,True,ai,corroborated
ABSOLUTE REALTY,,PALM BEACH GARDENS,FL,33410,,,True,manual,verified
ABUNDANT VENTURE PARTNERS,515 N STATE ST STE 300,CHICAGO,IL,60654,41.8914005,-87.627297,True,manual,verified
AC DISASTER CONSULTING,1800 GLENARM PL STE 300,DENVER,CO,80202,39.7457122,-104.9876957,True,ai,grounded
ACA FINANCIAL GUARANTY,199 WATER ST,NEW YORK,NY,10038,40.7068659,-74.0043534,True,ai,corroborated
ACADEMIC ENGAGEMENT NETWORK,1121 L ST NW STE 900,WASHINGTON,DC,20005,38.903816,-77.0273535,True,ai,corroborated
ACADEMY OF GENERAL DENTISTRY,560 W LAKE ST STE 1300,CHICAGO,IL,60661,41.8856189,-87.6418733,True,ai,corroborated
ACADEMY OF SOUTH FLORIDA,3721 NW 7 ST STE 3721-1,MIAMI,FL,33126,25.779492,-80.299573,True,ai,grounded
ACADEMY PARTNERS GROUP,260 JOSEPHINE ST STE 300,DENVER,CO,80206,39.7204526,-104.9581395,True,ai,grounded
ACADEMY SERVICES LLC,,,,,,,True,,
ACADIA CAPITAL GROUP,601 LEXINGTON AVE,NEW YORK,NY,10022,40.7587794,-73.9704834,True,ai,uncorroborated
ACADIA.IO LLC,100 CRESCENT CT STE 700,DALLAS,TX,75201,32.7939116,-96.8033152,True,ai,uncorroborated
ACASI,7085 NW 46TH ST,MIAMI,FL,33166,25.8158256,-80.3123439,True,ai,grounded
ACCENTURE,161 N CLARK ST,CHICAGO,IL,60601,41.8840655,-87.6331462,True,ai,grounded
ACCESS ENTERTAINMENT,40 W 57TH ST 28TH FLOOR,NEW YORK,NY,10019,40.7636059,-73.9758803,True,ai,grounded
ACCESS FUND,44 MONTGOMERY ST STE 3705,SAN FRANCISCO,CA,94104,37.789625602381,-122.402032436717,True,manual,verified
ACCESSO PARTNERS,100 N FEDERAL HWY STE 400,HALLANDALE BEACH,FL,33009,25.986555244623,-80.142258026383,True,manual,verified
ACCESSORY EXCHANGE,1 E 33RD ST 6TH FLOOR,NEW YORK,NY,10016,40.7477269,-73.9844071,True,ai,grounded
ACCIN OPPORTUNITY FUND,111 W ST JOHN ST STE 800,SAN JOSE,CA,95113,37.3373451,-121.8940619,True,ai,grounded
ACCOUNTNET INC,1333 BROADWAY STE 303,NEW YORK,NY,10018,40.7512127,-73.9879717,True,ai,grounded
ACCURATE DIAMOND TOOL,910 N HUNT AVE,POMONA,CA,91768,34.0354241,-117.7369303,True,ai,uncorroborated
ACCURATE PERFORATING,3636 S KEDZIE AVE,CHICAGO,IL,60623,41.82698,-87.7046361,True,ai,corroborated
ACDD,,,,,,,True,,
ACE GLOBAL,20231 NE 15TH CT,MIAMI,FL,33179,25.9618608,-80.1709767,True,ai,grounded
ACE GUARANTY RE,1633 BROADWAY,NEW YORK,NY,10019,40.762093,-73.9846559,True,ai,grounded
ACE UNIFORM SERVICES,2400 S 54TH ST,TULSA,OK,74107,36.0847771,-96.1270538,True,ai,uncorroborated
ACHIEVE BEHAVIORAL HEALTH,25 ROBERT PITT DR STE 101,MONSEY,NY,10952,41.110622,-74.0657849,True,ai,grounded
ACKERMAN & ACKERMAN PC,1000 WILSHIRE BLVD STE 1500,LOS ANGELES,CA,90017,34.051474,-118.261657,True,ai,uncorroborated
ACKMAN-ZIFF REAL ESTATE GROUP,582 8TH AVE 19TH FLOOR,NEW YORK,NY,10018,40.7549494,-73.9913313,True,ai,corroborated
ACME RESIDENTIAL,200 STATE ST,BOSTON,MA,02109,42.3595921,-71.0530504,True,ai,uncorroborated
ACON INVESTMENTS,1133 CONNECTICUT AVE NW STE 700,WASHINGTON,DC,20036,38.904948,-77.0401971,True,ai,uncorroborated
ACP,190 N INDEPENDENCE MALL W,PHILADELPHIA,PA,19106,39.946649,-75.142232,True,ai,grounded
ACPOWERS LLC,915 BROADWAY STE 801,NEW YORK,NY,10010,40.7397099,-73.9897732,True,ai,grounded
ACQUAVIVA WINERY,47W614 ROUTE 38,MAPLE PARK,IL,60151,41.918006,-88.577108,True,ai,grounded
ACRISURE,100 OTTAWA AVE SW,GRAND RAPIDS,MI,49503,42.95978,-85.672755,True,ai,grounded
ACROMAG,30765 PACIFIC CT,HARRISON TOWNSHIP,MI,48045,42.587101,-82.817239,True,ai,corroborated
ACTA CAPITAL LLC,600 STEAMBOAT RD,GREENWICH,CT,06830,41.0160631,-73.623218,True,ai,corroborated
ACTA REALTY CORP,ONE STATE ST PLAZA 29TH FLOOR,NEW YORK,NY,10004,40.7028098,-74.0133384,True,ai,grounded
ACTIO CORPORATE ASSET ADVISORS,125 MAIDEN LN #207,NEW YORK,NY,10038,40.7065909,-74.0062389,True,ai,grounded
ACTION BEHAVIOR CENTERS,2100 KRAMER LN STE 150,AUSTIN,TX,78758,30.390128,-97.711678,True,ai,grounded
ACTION PLUS IDEAS,5222 MONROE RD STE 100,CHARLOTTE,NC,28205,35.1906014,-80.7750803,True,ai,grounded
ACTIONIQ INC,55 PROSPECT ST,SAN FRANCISCO,CA,94110,37.750021,-122.415201,True,ai,uncorroborated
ACTIONIST CONSULTING,1925 CENTURY PARK EAST STE 1250,LOS ANGELES,CA,90067,34.0612599,-118.4145504,True,ai,grounded
ACTIVEST WEALTH MANAGEMENT,300 MADISON AVE 6TH FLOOR,NEW YORK,NY,10017,40.7526831,-73.9800764,True,ai,uncorroborated
ACTIVEST WM,20900 NE 30TH AVE STE 311,AVENTURA,FL,33180,25.9694879,-80.142689,True,ai,grounded
ACTUM,767 S ALAMEDA ST STE 490,LOS ANGELES,CA,90021,34.0306645,-118.238978,True,ai,grounded
ACUITY CAPITAL LLC,12720 HANOVER ST,LOS ANGELES,CA,90049,34.053049048779,-118.485391657979,True,ai,grounded
ACUMETIS,,,,,,,True,,
ACXION FOODSERVICE,1701 CROSSROADS DR,ODENTON,MD,21113,39.095201,-76.694948,True,ai,grounded
AD SHANKMAN LLC,,,,,,,True,,
ADA,401 N MICHIGAN AVE STE 3300,CHICAGO,IL,60611,41.8894215,-87.6235164,True,ai,grounded
ADAD,,,,,,,True,,
ADAM L PECK CPA MST LLC,630 SILVER ST STE 9B,AGAWAM,MA,01001,42.0564408,-72.651338,True,ai,grounded
ADAM LEITMAN BAILEY PC,1 PENN PLAZA STE 2527,NEW YORK,NY,10119,40.7510985,-73.9919723,True,ai,corroborated
ADAMS AND COMPANY REAL ESTATE,411 FIFTH AVE,NEW YORK,NY,10016,40.75051316266,-73.982965139033,True,ai,grounded
ADAMS BEVERAGES,7505 STATESVILLE RD,CHARLOTTE,NC,28269,35.3214482,-80.8424604,True,ai,grounded
ADAMS COUNTY,4430 S ADAMS COUNTY PKWY STE C100,BRIGHTON,CO,80601,39.9238386,-104.8131691,True,ai,corroborated
ADAPTHEALTH,5 WALNUT GROVE DR STE 200,MOUNT LAUREL,NJ,08054,39.948992,-74.900247,True,ai,corroborated
ADAPTIVE BIO,ONE KENDALL SQ BUILDING 600 STE 380,CAMBRIDGE,MA,02139,42.362391,-71.102336,True,ai,uncorroborated
ADATH ISRAEL CONGREGATION,,,,,,,True,,
ADATH JESHURUN,,,,,,,True,,
ADC THERAPEUTICS,430 MOUNTAIN AVE STE 404,NEW PROVIDENCE,NJ,07974,40.6904653,-74.3927592,True,manual,verified
ADDCA,1971 WESTERN AVE #106,ALBANY,NY,12203,42.6953994,-73.8794332,True,ai,grounded
ADDISON HOUSE,6300 BLUE LAGOON DR,MIAMI,FL,33126,25.7832046,-80.2935816,True,ai,corroborated
ADDISON RESERVE CC,,,,,,,True,,
ADDITION,101 MONTGOMERY ST STE 600,SAN FRANCISCO,CA,94104,37.7902982,-122.4024772,True,ai,uncorroborated
ADDITION MANAGEMENT LLC,469 SEVENTH AVE,NEW YORK,NY,10022,40.750704853528,-73.990744178266,True,ai,grounded
ADELPHI CAPITAL,1054 31ST ST NW STE 316,WASHINGTON,DC,20007,38.9044669,-77.0613029,True,ai,grounded
ADELPHI DATA INC,6713 WEMBERLY WAY,MCLEAN,VA,22101,38.9601037,-77.1763998,True,ai,grounded
ADEMCO INC,2 CORPORATE CENTER DR,MELVILLE,NY,11747,40.774728290155,-73.412583045052,True,ai,grounded
ADFAM,,,,,,,True,,
ADG,11969 VENTURA BLVD,STUDIO CITY,CA,91604,34.1434057,-118.3921517,True,ai,grounded
ADH,4815 W MARKHAM ST,LITTLE ROCK,AR,72205,34.7511456,-92.3264831,True,ai,grounded
ADI MANAGEMENT INC,172-90 HIGHLAND AVE STE 1,JAMAICA,NY,11432,40.714934,-73.792955,True,ai,grounded
ADINA DESIGN INC,14140 VENTURA BLVD STE 209,SHERMAN OAKS,CA,91423,34.1496116,-118.4413326,True,ai,grounded
ADINA STRAUS INVESTMENTS,,,,,,,True,,
ADIVUR US HOLDINGS,20900 NE 30TH AVE STE 203,AVENTURA,FL,33180,25.962149,-80.140904,True,ai,grounded
ADJMI APPAREL,463 SEVENTH AVE 4TH FLOOR,NEW YORK,NY,10018,40.751682379431,-73.990030247514,True,ai,grounded
ADLER & STACHENFELD,675 THIRD AVE 31ST FLOOR,NEW YORK,NY,10017,40.751539459041,-73.973802288423,True,ai,corroborated
ADLER ASSET MANAGEMENT,142 W 57TH ST 5TH FLOOR,NEW YORK,NY,10019,40.7648071,-73.9792438,True,ai,corroborated
ADLER LAW GROUP,1 S CHURCH AVE,HENDERSON,NV,89015,36.03889,-114.928316,True,ai,uncorroborated
ADLER PROPERTIES,9050 PINES BLVD STE 101,PEMBROKE PINES,FL,33024,26.0084976,-80.2648614,True,ai,grounded
ADLER REAL ESTATE PARTNERS,800 BRICKELL AVE STE 701,MIAMI,FL,33131,25.7656854,-80.1911884,True,ai,grounded
ADMIRAL CRAFT EQUIPMENT,,,,,,,True,,
ADMIRAL PACKAGING,10 ADMIRAL ST,PROVIDENCE,RI,02908,41.8405647,-71.4182392,True,ai,grounded
ADMIRAL SECURITY SERVICES INC,,,,,,,True,,
ADOBE,345 PARK AVE,SAN JOSE,CA,95110,37.3294709,-121.8947723,True,ai,corroborated
ADONEL CONCRETE,242 NW 42ND AVE,MIAMI,FL,33126,25.7738455,-80.2640247,True,ai,grounded
ADP,1 ADP BLVD,ROSELAND,NJ,07068,40.8156767,-74.310335,True,ai,corroborated
ADR REALTY TRUST,ONE FINANCIAL CENTER,BOSTON,MA,02111,42.3524096,-71.0563898,True,ai,corroborated
ADS THAT WORK,,,,,,,True,,
ADT,1501 YAMATO RD STE 100,BOCA RATON,FL,33431,26.3940803,-80.1175877,True,ai,grounded
ADV,7676 FORSYTH BLVD FIFTH FLOOR,SAINT LOUIS,MO,63105,38.644292,-90.32807,True,ai,grounded
ADVAMED,701 PENNSYLVANIA AVE NW STE 800,WASHINGTON,DC,20004,38.8936824,-77.0219151,True,ai,uncorroborated
ADVANCE,,,,,,,True,,
ADVANCE CAR WASH,2100 112TH AVE NE STE 110,BELLEVUE,WA,98004,47.6291214,-122.1903473,True,ai,uncorroborated
ADVANCE NUTRITION,,,,,,,True,,
ADVANCE PACKAGING TECHNOLOGIES,5720 WILLIAMS LAKE RD,WATERFORD TOWNSHIP,MI,48329,42.6892763,-83.4031871,True,ai,grounded
ADVANCE PUBLICATIONS INC,1 WORLD TRADE CTR 62ND FL,NEW YORK,NY,10007,40.713868,-74.007866,True,ai,corroborated
ADVANCED EYE CARE CONSULTANTS,316 PETERSON RD,LIBERTYVILLE,IL,60048,42.305917,-87.9689831,True,ai,grounded
ADVANCED EYE MDS,1260 STATE RTE 28 STE 8,BRANCHBURG,NJ,08876,40.60654804967,-74.694320957887,True,manual,verified
ADVANCED GASTROENTEROLOGY GROUP,1308 MORRIS AVE STE 102,UNION,NJ,07083,40.6872518,-74.2425705,True,ai,grounded
ADVANCED GYNECOLOGY AND SURGERY,1711 SHEEPSHEAD BAY RD 1ST FLOOR,BROOKLYN,NY,11235,40.5857321,-73.9513175,True,ai,grounded
ADVANCED HUMAN RESOURCES,,,,,,,True,,
ADVANCED MEDICAL TRANSPORT,3350 SW 148TH AVE SUITE 110 #353,MIRAMAR,FL,33027,25.9768579,-80.3451421,True,ai,grounded
ADVANCED NUTRIENTS,2000 LARCH AVE,OXNARD,CA,93033,34.160093,-119.135801,True,ai,corroborated
ADVANCED NUTRITION,844 FIRST COLONIAL RD STE 205,VIRGINIA BEACH,VA,23451,36.8549345,-76.023493,True,ai,grounded
ADVANCED ORTHO AND SPINE,5651 FRIST BLVD STE 200,HERMITAGE,TN,37076,36.1781976,-86.6059232,True,ai,grounded
ADVANCED PHYSICIAN SERVICES,,,,,,,True,,
ADVANCED RADIOLOGY,,,,,,,True,,
ADVANCED UROLOGY CENTERS OF NEW YORK,,,,,,,True,,
ADVANTAGE CAPITAL,1 FINANCIAL PLAZA STE 1900,PROVIDENCE,RI,02903,41.8253152,-71.4101156,True,ai,uncorroborated
ADVANTAGE FOOD & BEVERAGE,682 N CASSADY AVE,COLUMBUS,OH,43219,39.9846741,-82.9315219,True,ai,grounded
ADVANTAGE WAYPOINT,300 SPICE ISLAND AVE STE 200,NEWPORT,RI,02840,41.476681,-71.319627,True,ai,uncorroborated
ADVARRA,500 MAMARONECK AVE STE 301,HARRISON,NY,10528,40.9770766,-73.7420223,True,ai,corroborated
ADVECTION GROWTH CAPITAL,320 PARK AVE FL 22,NEW YORK,NY,10022,40.7575952,-73.9739924,True,ai,grounded
ADVENTHEALTH,8000 W PALMETTO PARK RD,BOYNTON BEACH,FL,33472,26.539753,-80.18903,True,ai,uncorroborated
ADVENTIST,12501 OLD COLUMBIA PIKE,SILVER SPRING,MD,20904,39.0610486,-76.9658789,True,ai,grounded
ADVISOR PERSPECTIVES INC,225 LIBERTY ST STE 2310,NEW YORK,NY,10281,40.712272,-74.0154361,True,ai,grounded
ADVISORY RESEARCH INC,10233 ALLIANCE RD,CINCINNATI,OH,45242,39.242803,-84.352996,True,ai,uncorroborated
ADVOCARE,8020 N SPRING CREEK PKWY,PLANO,TX,75024,33.077854,-96.811028,True,ai,uncorroborated
ADVOCARE GROVE FAMILY MEDICAL ASSOCIATES,132 GROVE ST STE A,HADDONFIELD,NJ,08033,39.9029342,-75.0319618,True,manual,verified
ADVOCARE MAIN LINE PEDIATRICS,701 MONTGOMERY AVE STE 18,NARBERTH,PA,19072,40.0098679,-75.2552146,True,ai,grounded
ADVOCATE AURORA HEALTHCARE,3075 HIGHLAND PKWY,DOWNERS GROVE,IL,60515,41.8326452,-88.0053115,True,ai,corroborated
ADVOCATE BROKERAGE CORP,820 SCARSDALE AVE,SCARSDALE,NY,10583,40.9848255,-73.809067,True,ai,grounded
ADVOCATE HEALTH,3075 HIGHLAND PKWY,DOWNERS GROVE,IL,60515,41.8326452,-88.0053115,True,ai,corroborated
ADVOCATE HEALTH CAROLINAS MEDICAL CENT,,,,,,,True,,
ADVOCATE ILLINOIS MASONIC MEDICAL CENT,,,,,,,True,,
ADVOCATE LLP,805 THIRD AVE STE 2030,NEW YORK,NY,10022,40.75574801576,-73.970729798313,True,ai,grounded
ADVOCATE RADIATION,3080 HARBOR BLVD,PORT CHARLOTTE,FL,33952,26.9860731,-82.0961487,True,ai,grounded
AECD GROUP,,,,,,,True,,
AECOM CAPITAL,1999 AVE OF THE STARS 8TH FLOOR,LOS ANGELES,CA,90067,34.056437,-118.41369,True,ai,corroborated
AEG,800 W OLYMPIC BLVD,LOS ANGELES,CA,90015,34.0446975,-118.2646054,True,ai,corroborated
AEGIS,40 BROAD ST,NEW YORK,NY,10004,40.7059374,-74.011542,True,ai,uncorroborated
AEI SEMINARS,111 E MERRILL ST STE 300,BIRMINGHAM,MI,48009,42.5453351,-83.2146869,True,ai,grounded
AEIG,2250 CHAPEL AVE WEST STE 200,CHERRY HILL,NJ,08002,39.9292672,-75.0175678,True,ai,grounded
AEPI FOUNDATION,8815 WESLEYAN RD,INDIANAPOLIS,IN,46268,39.9142741,-86.2220986,True,ai,grounded
AER SERVICES INC,2743 HOLLYWOOD BLVD,HOLLYWOOD,FL,33020,26.0111653,-80.1548249,True,ai,grounded
AEROPAY,275 GROVE ST,NEWTON,MA,02466,42.3390916,-71.2513667,True,ai,uncorroborated
AEROSTRAT,999 3RD AVE STE 700,SEATTLE,WA,98104,47.6050344,-122.3340723,True,ai,grounded
AES MANAGEMENT CORP,539 EASTERN PKWY,BROOKLYN,NY,11216,40.6702778,-73.9501597,True,ai,grounded
AETION,5 PENN PLAZA 7TH FLOOR,NEW YORK,NY,10001,40.74913556031,-73.991894085147,True,ai,grounded
AEYE STRATEGIC SOLUTIONS,20 W 46TH ST STE 600,NEW YORK,NY,10036,40.7563287,-73.9803339,True,ai,grounded
AFC,,,,,,,True,,
AFC INDUSTRIES INC,1002 N 9TH ST,ANKENY,IA,50023,41.7394893,-93.6306207,True,ai,uncorroborated
AFFIANCE FINANCIAL,600 HWY 169 S STE 1750,SAINT LOUIS PARK,MN,55426,44.956566,-93.381654,True,ai,grounded
AFFILIATE.COM,,NEW YORK,NY,10005,,,True,manual,verified
AFFILIATED ANESTHESIOLOGISTS,13321 N MERIDIAN AVE STE 402,OKLAHOMA CITY,OK,73120,35.6063498,-97.6030217,True,ai,grounded
AFFILIATED DERM,20401 N 73RD ST STE 230,SCOTTSDALE,AZ,85255,33.6729667,-111.9235851,True,ai,grounded
AFFILIATED HEALTHCARE,,,,,,,True,,
AFFILIATED UROLOGISTS,5133 N CENTRAL AVE STE 206,PHOENIX,AZ,85012,33.5123708,-112.0733614,True,ai,grounded
AFFINITY MARKETING PARTNERS,29 W 20TH ST STE 600,NEW YORK,NY,10011,40.7401587,-73.9918729,True,ai,uncorroborated
AFFORDABLE HOUSING ADVISORY GROUP,900 17TH ST NW,WASHINGTON,DC,20006,38.9015995,-77.0398021,True,ai,uncorroborated
AFHU,633 THIRD AVE 10TH FLOOR,NEW YORK,NY,10017,40.749908408376,-73.974988671569,True,ai,uncorroborated
AFI,,,,,,,True,,
AFIPO,122 E 42ND ST STE 4507,NEW YORK,NY,10168,40.7512124,-73.9765595,True,ai,grounded
AFLAC,1932 WYNNTON RD,COLUMBUS,GA,31999,32.4680083,-84.9642553,True,ai,uncorroborated
AFRICAGEMS,,MILL VALLEY,CA,94941,,,True,manual,verified
AFTAU,71 W 23RD ST STE 513,NEW YORK,NY,10010,40.7435779,-73.9919229,True,ai,corroborated
AFTON PARK DEVELOPMENT,251 N 1ST AVE,MINNEAPOLIS,MN,55401,44.9799917,-93.2742875,True,ai,grounded
AG,,,,,,,True,,
AGAM CAPITAL,500 FRANK W BURR BLVD 4TH FLOOR,TEANECK,NJ,07666,40.8722925,-74.0065991,True,ai,grounded
AGBO,1640 PACIFIC COAST HWY STE 200,HERMOSA BEACH,CA,90254,33.8669246,-118.3935333,True,ai,corroborated
AGC OF AMERICA,2300 WILSON BLVD STE 400,ARLINGTON,VA,22201,38.890678,-77.0874363,True,ai,corroborated
AGDS,1225 INDUSTRIAL PARK DR SE,BEMIDJI,MN,56601,47.4418379,-94.8522882,True,ai,grounded
AGE OF LEARNING,1225 N MCDOWELL BLVD STE 150,PETALUMA,CA,94954,38.2701217,-122.6613878,True,ai,corroborated
AGI FINANCIAL,930 CARMEL CT,LOS ALTOS,CA,94022,37.3990338,-122.1204226,True,ai,grounded
AGILENT,5301 STEVENS CREEK BLVD,SANTA CLARA,CA,95051,37.325462,-121.999033,True,ai,corroborated
AGINS INTERIOR,19 EUCALYPTUS RD,BELVEDERE TIBURON,CA,94920,37.886768,-122.462619,True,manual,verified
AGL,10 PEACHTREE PL NE,ATLANTA,GA,30309,33.7810698,-84.3871362,True,ai,grounded
AGP,12700 W DODGE RD,OMAHA,NE,68154,41.2640233,-96.1124061,True,ai,grounded
AGREE REALTY CORPORATION,32301 WOODWARD AVE,ROYAL OAK,MI,48073,42.5268898,-83.195243,True,ai,grounded
AHARONI LAW,9440 SANTA MONICA BLVD STE 301,BEVERLY HILLS,CA,90210,34.0712866,-118.4028281,True,ai,grounded
AHAVAS YISRAEL,,,,,,,True,,
AHAVATH ACHIM SYNAGOGUE,,,,,,,True,,
AHCA,700 S WASHINGTON ST STE 300,ALEXANDRIA,VA,22314,38.8034986,-77.0473079,True,ai,uncorroborated
AHG GROUP,700 W MORSE BLVD STE 220,WINTER PARK,FL,32789,28.5974604,-81.3585451,True,ai,grounded
AHOLD DELHAIZE,300 S RIVERSIDE PLAZA,CHICAGO,IL,60606,41.8775721,-87.6387853,True,ai,grounded
AHTIRSKI AND ASSOCIATES,,,,,,,True,,
AI EDUCATION LLC,9309 N FLORIDA AVE,TAMPA,FL,33612,28.0341943,-82.4593796,True,ai,grounded
AI FOR THE REST OF US INC,1500 N GRANT ST #5302,DENVER,CO,80203,39.7287912,-104.9836082,True,ai,grounded
AI LLC,,,,,,,True,,
AICD,,,,,,,True,,
AIG,175 WATER ST,NEW YORK,NY,10038,40.706308,-74.0054046,True,ai,corroborated
AIJM ASSOCIATES LLC,,,,,,,True,,
AIM INCORPORATED,1177 AVE OF THE AMERICAS,NEW YORK,NY,10036,40.7573123,-73.9827582,True,ai,uncorroborated
AIM SPECIALTY HEALTH,1100 VIRGINIA DR STE 250,FORT WASHINGTON,PA,19034,40.1367835,-75.1900856,True,ai,uncorroborated
AINI & ASSOCIATES PLLC,2615 CONEY ISLAND AVE,BROOKLYN,NY,11223,40.5929529,-73.9604198,True,ai,grounded
AINSMAN LEVINE LLC,11 STANWIX ST STE 750,PITTSBURGH,PA,15222,40.4390288,-80.0062963,True,ai,grounded
AIO,,,,,,,True,,
AIPAC,251 H ST NW,WASHINGTON,DC,20001,38.900345,-77.0148717,True,manual,verified
AIQ,2205 W 136TH AVE STE 106 PMB 3058,BROOMFIELD,CO,80023,39.943993,-105.0130011,True,ai,grounded
AIRCALL,44 W 28TH ST FL 14,NEW YORK,NY,10001,40.7456406,-73.9898336,True,manual,verified
AIRESPRING,600 CLEVELAND ST STE 226,CLEARWATER,FL,33755,27.9658084,-82.7984849,True,ai,grounded
AIROOM,6825 N LINCOLN AVE,LINCOLNWOOD,IL,60712,41.9972897,-87.718707,True,ai,corroborated
AIRVISION,,,,,,,True,,
AIRWAY THERAPEUTICS,13120 COIT RD STE 110,DALLAS,TX,75240,32.9272815,-96.7692169,True,ai,uncorroborated
AIZ,1211 AVE OF THE AMERICAS,NEW YORK,NY,10036,40.7586695,-73.9823756,True,ai,uncorroborated
AJ PREMIER ASSOCIATES INC,,,,,,,True,,
AJA,180 LITTON DR,GRASS VALLEY,CA,95945,39.2338725,-121.0546177,True,ai,grounded
AJC CHICAGO,515 N STATE ST 3RD FLOOR,CHICAGO,IL,60654,41.8914005,-87.627297,True,ai,corroborated
AJM PACKAGING CORPORATION,E-4111 ANDOVER RD,BLOOMFIELD HILLS,MI,48302,42.581851,-83.304703,True,ai,grounded
AJS STONE CONSULTING LLC,9715 CRESTA DR,LOS ANGELES,CA,90035,34.0471575,-118.39933,True,ai,grounded
AKERMAN LLP,98 SE 7TH ST STE 1100,MIAMI,FL,33131,25.7672135,-80.192465,True,ai,corroborated
AKF PROPERTIES,6936 SUNFLOWER LN,MACUNGIE,PA,18062,40.5298287,-75.5780553,True,ai,grounded
AKIBA SCHECHTER JEWISH DAY SCHO,1700 S ROBERTSON BLVD,LOS ANGELES,CA,90035,34.048721,-118.385438,True,ai,uncorroborated
AKIN GUMP STRAUSS HAUER & FELD LLP,2001 K ST NW,WASHINGTON,DC,20006,38.902607,-77.045055,True,ai,corroborated
AKIVA PARTNERS LLC,22996 EL TORO RD STE 102,LAKE FOREST,CA,92630,33.6283,-117.6900082,True,ai,grounded
AKIVA SCHOOL,3884 BERING DR,SAN JOSE,CA,95135,37.3734809,-121.9127857,True,ai,uncorroborated
ALABAMA HOLOCAUST EDUCATION CENTER,HOMEWOOD PUBLIC OFFICES / MAILING ADDRESS NOT A CORPORATE HQ,BIRMINGHAM,AL,35209,33.465306,-86.811022,True,ai,corroborated
ALABAMA PEDIATRICS,2815 INDEPENDENCE DR,BIRMINGHAM,AL,35209,33.465306,-86.811022,True,ai,grounded
ALABAMA STEEL SUPPLY,2900 1ST AVE S,BIRMINGHAM,AL,35233,33.5179357,-86.7914227,True,ai,corroborated
ALAMANCE RADIATION ONCOLOGY,,,,,,,True,,
ALAN AND GISELLE WEISSMAN FAMILY FOUND,440 MAMARONECK AVE STE 514,HARRISON,NY,10528,40.9713743,-73.7414057,True,ai,grounded
ALAN GRAHAM MOTORING,8618 LINDLEY AVE,NORTHRIDGE,CA,91325,34.2269919,-118.527247,True,ai,grounded
ALAN H FEIN PC,2 EXECUTIVE BLVD STE 303,SUFFERN,NY,10901,41.1196183,-74.116281,True,ai,grounded
ALAN JOHN CLARK PC,,,,,,,True,,
ALAN ROBIN LAW PLLC,,,,,,,True,,
ALAN SERURE MDPA,7300 SW 62ND PL STE 200,SOUTH MIAMI,FL,33143,25.7028197,-80.2951476,True,ai,grounded
ALANA MULLER ENTERPRISES,8209 W 145TH ST,OVERLAND PARK,KS,66223,38.8649872,-94.6799743,True,ai,grounded
ALASKA AIRLINES,19300 INTERNATIONAL BLVD,SEATTLE,WA,98188,47.446563,-122.272106,True,ai,corroborated
ALASKA CHANNEL,645 W 4TH AVE,ANCHORAGE,AK,99501,61.218634,-149.8944388,True,ai,corroborated
ALASKA DISTRIBUTORS CO,3100 E 29TH AVE,ANCHORAGE,AK,99508,61.1943904,-149.9022768,True,ai,uncorroborated
ALASKA IMAGING ASSOCIATES,3100 PROVIDENCE DR STE 200,ANCHORAGE,AK,99508,61.1897547,-149.8203382,True,ai,grounded
ALASKA WELLNESS JOURNEYS,1576 INNER SPRINGER LOOP,PALMER,AK,99645,61.5849873,-149.121065,True,ai,grounded
ALBANY BANK AND TRUST COMPANY,7 STATE ST,ALBANY,NY,12207,42.6489044,-73.7512993,True,ai,uncorroborated
ALBANY COUNTY,,,,,,,True,,
ALBERT EINSTEIN COLLEGE OF MEDICINE,1300 MORRIS PARK AVE,BRONX,NY,10461,40.8504372,-73.8458099,True,ai,corroborated
ALBERT HARARY MD,225 E 57TH ST FRONT 3,NEW YORK,NY,10022,40.75857,-73.96793,True,ai,grounded
ALBRIGHT COLLEGE,13TH AND BERN STREETS,READING,PA,19612,40.335345,-75.9279495,True,ai,corroborated
ALCALAY COMMUNICATIONS,885 UNIVERSITY AVE,SACRAMENTO,CA,95825,38.5644375,-121.418965,True,ai,grounded
ALCHEMIST,1000 BRICKELL AVE STE 715 PMB 5087,MIAMI,FL,33131,25.7639863,-80.1917803,True,ai,grounded
ALCO PRODUCTS,580 SAINT JEAN ST,DETROIT,MI,48214,42.362258,-82.9690864,True,ai,grounded
ALCOTT ADR SERVICES,1285 AVE OF THE AMERICAS,NEW YORK,NY,10019,40.7611591,-73.9805686,True,ai,grounded
ALEN COHEN MD A MEDICAL CORPORATION,2100 SOLAR DR STE 102,OXNARD,CA,93036,34.2206433,-119.1447838,True,ai,grounded
ALEPH INSTITUTE,520 8TH AVE STE 1200,NEW YORK,NY,10018,40.753643,-73.9921669,True,ai,uncorroborated
ALERICA,3323 NE 163RD ST STE PH-704,NORTH MIAMI BEACH,FL,33160,25.9285495,-80.1368421,True,ai,grounded
ALEX N SILL CO,150 BROADHOLLOW RD,MELVILLE,NY,11747,40.7881488,-73.4162331,True,ai,uncorroborated
ALEXANDER ROBERTSON SCHOOL,3 W 95TH ST,NEW YORK,NY,10025,40.7913082,-73.9654747,True,ai,grounded
ALEXANDRIA ORAL SURGERY ASSOCIATES,501 S WASHINGTON ST STE 301,ALEXANDRIA,VA,22314,38.8002356,-77.0485545,True,ai,uncorroborated
ALEXION PHARMACEUTICALS,300 CONNELL DR,BURLINGTON,MA,01803,42.503227,-71.201713,True,ai,uncorroborated
ALEXIS BEDNYAK DESIGN,27 N WACKER DR STE 437,CHICAGO,IL,60606,41.882704101041,-87.636706420118,True,ai,grounded
ALF,,,,,,,True,,
ALFRED WEISSMAN REAL ESTATE LLC,440 MAMARONECK AVE STE 514,HARRISON,NY,10528,40.9713743,-73.7414057,True,ai,grounded
ALHADEFF AND ROUSSO LAW PA,2601 BURNT MILL RD,PALM BEACH GARDENS,FL,33410,26.845662,-80.08735,True,ai,corroborated
ALHAMBRA THEATRE & DINING,100 W MAIN ST,ALHAMBRA,CA,91801,34.0944572,-118.127942,True,ai,uncorroborated
ALI IRONWORKS,,,,,,,True,,
ALICE RICKEL & ASSOCIATES,,,,,,,True,,
ALIGN REAL ESTATE,123 MISSION ST 7TH FLOOR,SAN FRANCISCO,CA,94105,37.7918271,-122.3944786,True,ai,grounded
ALINA'S MUSIC STUDIO,,,,,,,True,,
ALISHA LEVIN MEMORIAL FUND,1835 MARKET ST STE 2410,PHILADELPHIA,PA,19103,39.9537066,-75.1711096,True,ai,grounded
ALISTAR RESOURCES,41 NOTRE DAME LN,UTICA,NY,13502,43.0919303,-75.2812626,True,ai,grounded
ALIX PARTNERS,909 3RD AVE,NEW YORK,NY,10022,40.7582826,-73.967866,True,ai,grounded
ALIYA CAPITAL PARTNERS,1450 BRICKELL AVE STE 2600,MIAMI,FL,33131,25.7586738,-80.1931402,True,ai,grounded
ALIYA HEALTH GROUP,1590 S CONGRESS AVE,PALM SPRINGS,FL,33406,26.6536252,-80.08822,True,ai,grounded
ALJ REGIONAL,244 MADISON AVE PMB #358,NEW YORK,NY,10016,40.745182,-73.978053,True,ai,grounded
ALKERMES,852 WINTER ST,WALTHAM,MA,02451,42.4012964,-71.2809736,True,ai,corroborated
ALL ACCESS APPAREL,1515 GAGE RD,MONTEBELLO,CA,90640,33.9810046,-118.1227016,True,ai,grounded
ALL P,,,,,,,True,,
ALL PACKAGING CO,17501 W 98TH ST #18-42,LENEXA,KS,66219,38.951691,-94.789276,True,ai,grounded
ALL POINT,864 SPRING ST NW,ATLANTA,GA,30308,33.7793199,-84.3900894,True,ai,grounded
ALL POINT FINANCIAL INC,6000 BROKEN SOUND PKWY NW STE 300,BOCA RATON,FL,33487,26.4004744,-80.1057431,True,ai,uncorroborated
ALL SET HOSPITALITY LLC,8630 FENTON ST,SILVER SPRING,MD,20910,38.9979273,-77.0286378,True,ai,grounded
ALL STAR SPORTS,809 2ND LOOP RD,FLORENCE,SC,29505,34.1676613,-79.7775657,True,ai,grounded
ALL STRINGS ATTACHED INC,8224 OLSON MEMORIAL HWY,GOLDEN VALLEY,MN,55427,44.9850399,-93.384636,True,ai,grounded
ALLADAPT IMMUNOTHERAPEUTICS,405 EL CAMINO REAL #611,MENLO PARK,CA,94025,37.4474279,-122.1723927,True,ai,grounded
"ALLAN SHULKIN, MD PA",7777 FOREST LN STE B202,DALLAS,TX,75230,32.9131257,-96.775521,True,ai,grounded
ALLAN WISER INSURANCE,4809 SPARKS AVE,SAN DIEGO,CA,92110,32.7800057,-117.1977485,True,ai,grounded
ALLEGAERT BERGER & VOGEL LLP,111 BROADWAY 20TH FLOOR,NEW YORK,NY,10006,40.707698,-74.011877,True,ai,grounded
ALLEGHENY DERMATOLOGY ASSOCIATES PC,,,,,,,True,,
ALLEGIANCE STAFFING,5726 ROOT RD,SPRING,TX,77389,30.123469,-95.517064,True,ai,grounded
ALLEGIANT REAL ESTATE CAPITAL,1133 20TH ST NW 9TH FLOOR,WASHINGTON,DC,20036,38.9049546,-77.0445119,True,ai,uncorroborated
ALLEGIANTMD,20 BURTON HILLS BLVD STE 300,NASHVILLE,TN,37215,36.0944695,-86.8207862,True,ai,grounded
ALLEGRA PRINT AND IMAGING,5221 SPRING VALLEY RD STE 350,DALLAS,TX,75254,32.939575,-96.821456,True,ai,uncorroborated
ALLEN & CO,711 FIFTH AVE,NEW YORK,NY,10022,40.761954258767,-73.974619927682,True,ai,corroborated
ALLEN & OVERY LLP,1221 AVE OF THE AMERICAS,NEW YORK,NY,10020,40.7595136,-73.9825069,True,ai,uncorroborated
ALLEN DEV,155 N LAKE AVE STE 800,PASADENA,CA,91101,34.1485334,-118.1334899,True,ai,grounded
ALLEN FELTMAN REAL ESTATE,5509 SAINT ANDREWS CT,PLANO,TX,75093,33.03463934373,-96.812254562097,True,ai,grounded
ALLEN FLAVORS INC,601 N BROAD ST,MIDDLETOWN,PA,17057,40.19435,-76.726246,True,ai,uncorroborated
ALLEN J. KLEIN PLLC,,,,,,,True,,
ALLEN LEWIS ORG,,,,,,,True,,
ALLEN MATKINS,1900 MAIN ST 5TH FLOOR,IRVINE,CA,92614,33.6847029,-117.8547763,True,ai,corroborated
ALLENCOMM,55 W 900 S,SALT LAKE CITY,UT,84101,40.7491534,-111.8930034,True,ai,grounded
ALLENTOWN WELLNESS,1525 HAUSMAN RD,ALLENTOWN,PA,18104,40.6086827,-75.566271,True,ai,grounded
ALLERGY & ASTHMA CARE,,,,,,,True,,
ALLERGY & ASTHMA CARE OF ROCKLAND PC,222 ROUTE 59 STE 205,SUFFERN,NY,10901,41.1126645,-74.1118164,True,ai,grounded
ALLERGY & ASTHMA MEDICAL GROUP,,,,,,,True,,
ALLERHAND & ODONER,205 E 92ND ST APT 35A,NEW YORK,NY,10128,40.7827497,-73.9503834,True,ai,grounded
ALLERMI,480 RUTHERFORD AVE STE 203,CHARLESTOWN,MA,02129,42.383229,-71.073468,True,ai,uncorroborated
ALLEVATO FOR OHIO,,,,,,,True,,
ALLIANCE,,,,,,,True,,
ALLIANCE BERNSTEIN,501 COMMERCE ST,NASHVILLE,TN,37203,36.1612676,-86.7795153,True,ai,grounded
ALLIANCE CANCER SPECIALISTS,11264 CLEVELAND AVE NW STE 200,NORTH CANTON,OH,44720,40.8986572,-81.4061793,True,ai,uncorroborated
ALLIANCE CAPITAL MANAGEMENT,1345 AVE OF THE AMERICAS 42ND FLOOR,NEW YORK,NY,10105,40.7629997,-73.9790535,True,ai,uncorroborated
ALLIANCE FOR A BETTER COMMUNITY,160 W FORT ST STE 2000,DETROIT,MI,48226,42.330625,-83.0483036,True,ai,uncorroborated
ALLIANCE FOR PHARMACY COMPOUNDING,100 S JEFFERSON RD STE 100,WHIPPANY,NJ,07981,40.8176442,-74.442751,True,ai,uncorroborated
ALLIANCE FRANCAISE,54 THOMPSON ST,NEW YORK,NY,10012,40.723831,-74.0033719,True,ai,corroborated
ALLIANCE MEDICAL PHYSICS,,,,,,,True,,
ALLIANCE STEEL,1700 S RIDGE RD,ASHTABULA,OH,44004,41.8916912,-80.6688769,True,ai,uncorroborated
ALLIANT CAPITAL,1201 MAIN ST STE 3400,DALLAS,TX,75202,32.7804465,-96.8018475,True,ai,uncorroborated
ALLIANT INSURANCE SERVICES,701 B ST STE 400,SAN DIEGO,CA,92101,32.717731,-117.158206,True,ai,grounded
ALLIANT STRATEGIC DEVELOPMENT,26050 MUREAU RD STE 101,CALABASAS,CA,91302,34.1520318,-118.6953443,True,ai,grounded
ALLIANT STRATEGIC INVESTMENTS,500 W MADISON ST,CHICAGO,IL,60661,41.883827,-87.6405304,True,ai,uncorroborated
ALLIED DIGESTIVE HEALTH,187 HWY 36 STE 230,WEST LONG BRANCH,NJ,07764,40.287904,-74.020019,True,ai,grounded
ALLIED METAL COMPANY,2059 S CANAL ST,CHICAGO,IL,60616,41.8543942,-87.6380435,True,ai,grounded
ALLIED UNIVERSAL CORP,3901 NW 115TH AVE,MIAMI,FL,33178,25.8101482,-80.38363,True,manual,verified
ALLON HILL,,,,,,,True,,
ALLOTROPE PARTNERS,200 CLARENDON ST STE 650,BOSTON,MA,02116,42.3491677,-71.075124,True,ai,uncorroborated
ALLSTATE,2775 SANDERS RD,NORTHBROOK,IL,60062,42.1510416,-87.8835614,True,ai,uncorroborated
ALLURA IMPORTS,1407 BROADWAY STE 401,NEW YORK,NY,10018,40.753531,-73.9876248,True,ai,grounded
ALMAR SALES CO,320 5TH AVE 3RD FLOOR,NEW YORK,NY,10001,40.747367,-73.9856317,True,ai,grounded
ALMEL INCORPORATED,368 N HAMETOWN RD,AKRON,OH,44333,41.146461523495,-81.669117703262,True,ai,grounded
ALNYLAM,,,,,,,True,,
ALPA,7950 JONES BRANCH DR STE 400S,MCLEAN,VA,22102,38.950951,-77.229553,True,ai,grounded
ALPAC,5752 CEDAR RIDGE DR,ANN ARBOR,MI,48103,42.26135,-83.846458,True,ai,grounded
ALPERT AND ALPERT,922 S SANTA FE AVE,LOS ANGELES,CA,90021,34.0322792,-118.2298968,True,ai,corroborated
ALPHA,,,,,,,True,,
ALPHA BETA PLANNING,75 JEFFERSON CT,YORKTOWN HEIGHTS,NY,10598,41.3303622,-73.7811497,True,ai,grounded
ALPHA COMMODITIES INC,PO BOX 3009,GARY,IN,46403,41.6045061,-87.3373495,True,ai,grounded
ALPHA EMPIRE DESIGNS,,,,,,,True,,
ALPHA EPSILON PI FOUNDATION,2750 RIVA RD STE 230,ANNAPOLIS,MD,21401,38.987941,-76.552716,True,ai,corroborated
ALPHA EPSILON PI FRATERNITY FOUNDATION,8815 W PICO BLVD,LOS ANGELES,CA,90035,34.0549169,-118.3840513,True,manual,verified
ALPHA EPSILON PI FRATERNTIY INC,1180 AVE OF THE AMERICAS,NEW YORK,NY,10036,40.7574015,-73.9819995,True,ai,uncorroborated
ALPHASIGHTS,60 MADISON AVE 34TH FLOOR,NEW YORK,NY,10010,40.7432572,-73.9864215,True,ai,corroborated
ALPINE BANK,100 S BROADWAY,GUNNISON,CO,81230,38.56765,-106.610894,True,ai,corroborated
ALPINE GUEST CARE CENTGER,2401 N SERVICE RD E,RUSTON,LA,71270,32.5417607,-92.6084842,True,ai,grounded
ALPINE INVESTORS,ONE POST OFFICE SQ 6TH FLOOR,BOSTON,MA,02109,42.356809,-71.0551195,True,ai,uncorroborated
ALPINE QUANTITATIVE INVESTMENT FUND,,,,,,,True,,
ALPINE RESOURCES LLC,,,,,,,True,,
ALPINEBIO VENTURES,,,,,,,True,,
ALSTON & BIRD,ONE ATLANTIC CENTER 1201 W PEACHTREE ST NW STE 4900,ATLANTA,GA,30309,33.7870655,-84.3873685,True,ai,corroborated
ALTAIR RESOURCES,,,,,,,True,,
ALTAIR SIGN & LIGHT,,,,,,,True,,
ALTAMED,EASTLAKE AVE E & 20TH AVE 3600 EASTLAKE AVE E BLDG A,LOS ANGELES,CA,90011,34.00709,-118.258681,True,ai,corroborated
ALTBANQ,477 MADISON AVE FL 24,NEW YORK,NY,10022,40.7585227,-73.9746317,True,ai,grounded
ALTER,,,,,,,True,,
ALTER TRADING,700 OFFICE PKWY,CREVE COEUR,MO,63141,38.6679198,-90.4331869,True,ai,grounded
ALTERIORS,,,,,,,True,,
ALTERNATIVE STRATEGIES INC,,,,,,,True,,
ALTICE USA,1 CT SQ WEST 45TH FLOOR,LONG ISLAND CITY,NY,11101,40.7456276,-73.9434301,True,ai,corroborated
ALTIUS FINANCIAL,,,,,,,True,,
ALTMAN COMPANIES,201 E LAS OLAS BLVD STE 1900,FORT LAUDERDALE,FL,33301,26.1193402,-80.1410034,True,manual,verified
ALTOPASS INC,405 EL CAMINO REAL STE 629,MENLO PARK,CA,94025,37.4474279,-122.1723927,True,manual,verified
ALTRIA,6601 W BROAD ST,RICHMOND,VA,23230,37.5818157,-77.4936077,True,ai,grounded
ALTULA,,,,,,,True,,
ALTUS CAPITAL PARTNERS INC,10 WESTPORT RD STE C204,WILTON,CT,06897,41.1840959,-73.4115149,True,manual,verified
ALTUS WEALTH,400 CONTINENTAL BLVD 6TH FLOOR,EL SEGUNDO,CA,90245,33.9210073,-118.3902342,True,ai,uncorroborated
ALUMNI CAPITAL NETWORK,,,,,,,True,,
ALUMNI VENTURES,670 N COMMERCIAL ST STE 403,MANCHESTER,NH,03101,42.9978085,-71.4686675,True,ai,grounded
ALVAREZ & MARSAL,600 MADISON AVE 8TH FLOOR,NEW YORK,NY,10022,40.75857,-73.96793,True,ai,corroborated
ALYDAR CAPITAL LLC,222 BERKELEY ST 17TH FLOOR,BOSTON,MA,02116,42.3514077,-71.0730278,True,manual,verified
ALZHEIMER'S ASSOCIATION,225 N MICHIGAN AVE FL 17,CHICAGO,IL,60601,41.8864391,-87.6237899,True,ai,grounded
AM SHALOM TEMPLE,1600 YELLOWSTONE DR,TUCSON,AZ,85716,32.242195,-110.923528,True,ai,uncorroborated
AM. PHYSICIANS SERVICES GROUP,,,,,,,True,,
AMALFI ESTATES,,,,,,,True,,
AMALFI STONE,8456 SAN FERNANDO RD,SUN VALLEY,CA,91352,34.2235917,-118.3746619,True,ai,grounded
AMANCAY PARTNERS,,,,,,,True,,
AMARIN CORPORATION,5 MOORE DR,BEDFORD,MA,01730,42.499332,-71.281901,True,ai,uncorroborated
AMAS,,,,,,,True,,
AMATUS MANAGEMENT,10461 MILL RUN CIR STE 620,OWINGS MILLS,MD,21117,39.4067755,-76.7939459,True,ai,uncorroborated
AMAZON,410 TERRY AVE N,SEATTLE,WA,98109,47.622298,-122.3365001,True,ai,corroborated
AMBASSADOR BOOKS,,,,,,,True,,
AMBER MOUNTAIN,30 S WACKER DR STE 1706,CHICAGO,IL,60606,41.8808631,-87.6375286,True,manual,verified
AMD,2485 AUGUSTINE DR,SANTA CLARA,CA,95054,37.3829605,-121.9703774,True,ai,uncorroborated
AMDEN INC,999 N SEPULVEDA BLVD STE 100,EL SEGUNDO,CA,90245,33.9303798,-118.3968271,True,ai,corroborated
AME EQUITIES,2011 BRADFORD HALL PL,CHARLOTTE,NC,28270,35.1169744,-80.7584844,True,ai,grounded
AMEDISYS,12800 N MERIDIAN ST STE 400,CARMEL,IN,46032,39.9725293,-86.1588461,True,ai,corroborated
AMERICA AERO GROUP,,,,,,,True,,
AMERICA ONLINE,7501 N DOBSON RD,SCOTTSDALE,AZ,85256,33.545974182483,-111.873934270466,True,ai,uncorroborated
AMERICA RESURGENT,,,,,,,True,,
AMERICAL MANAGEMENT CO INC,10940 WILSHIRE BLVD STE 1960,LOS ANGELES,CA,90024,34.058307542294,-118.445404026924,True,manual,verified
AMERICAN ADVERTISING FEDERATION,1625 K ST NW STE 1100,WASHINGTON,DC,20006,38.9030339,-77.03739,True,ai,corroborated
AMERICAN AIRLINES INC,1 SKYVIEW DR,FORT WORTH,TX,76155,32.8254795,-97.0654423,True,ai,uncorroborated
AMERICAN BADGE DBA SMITH AND WARRE,16 E PROGRESS LN,GREENWICH,CT,06831,41.088724,-73.658838,True,ai,uncorroborated
AMERICAN BANKERS ASSOCIATION,1120 CONNECTICUT AVE NW,WASHINGTON,DC,20036,38.9041098,-77.0415314,True,ai,grounded
AMERICAN CENTURY,4500 MAIN ST,KANSAS CITY,MO,64111,39.0459505,-94.5868142,True,ai,corroborated
AMERICAN COLLEGE OF PREVENTIVE MEDICIN,,,,,,,True,,
AMERICAN COMB CORP,22 KENTUCKY AVE,PATERSON,NJ,07503,40.8998542,-74.155233,True,ai,grounded
AMERICAN COMMUNITY DEVELOPERS,3001 CONNECTICUT AVE NW STE 200,WASHINGTON,DC,20008,38.928751,-77.0476266,True,ai,uncorroborated
AMERICAN CONFERENCE OF CANTORS,1657 THIRD AVE 2ND FLOOR,NEW YORK,NY,10128,40.783049496759,-73.950806761657,True,ai,corroborated
AMERICAN CYANAMID COMPANY,5 GIRALDA FARMS,MADISON,NJ,07940,40.760535,-74.41948,True,ai,corroborated
AMERICAN DRAPERY SYSTEMS,,,,,,,True,,
AMERICAN EDUCATIONAL INSTITUTE,111 E MERRILL ST STE 300,BIRMINGHAM,MI,48009,42.5453351,-83.2146869,True,manual,verified
AMERICAN EXPRESS,200 VESEY ST,NEW YORK,NY,10285,40.713897,-74.014007,True,ai,corroborated
AMERICAN FINDINGS CORP,10441 N SCOTTSDALE RD,SCOTTSDALE,AZ,85253,33.5818276,-111.9257253,True,ai,grounded
AMERICAN FIRE RESTORATION LLC,71-02 80TH ST,GLENDALE,NY,11385,40.700647,-73.889423,True,ai,grounded
AMERICAN FLUX & METAL LLC,,,,,,,True,,
AMERICAN FOOD & VENDING,124 METROPOLITAN PARK DR,LIVERPOOL,NY,13088,43.113705,-76.1780539,True,ai,corroborated
AMERICAN FREE ENTERPRISE CHAMBER OF COMMERCE,,,,,,,True,,
AMERICAN FRIENDS OF MAGEN DAVID ADOM,275 MADISON AVE STE 1701,NEW YORK,NY,10016,40.7502038,-73.9813548,True,ai,uncorroborated
AMERICAN GREETINGS,ONE AMERICAN RD,CLEVELAND,OH,44144,41.437286,-81.739814,True,ai,corroborated
AMERICAN HEALTHCARE REIT,18191 VON KARMAN AVE THIRD FLOOR,IRVINE,CA,92612,33.660018,-117.824428,True,ai,grounded
AMERICAN HOSPICE SYSTEMS,,,,,,,True,,
AMERICAN HOSPITAL ASSOCIATION,155 N WACKER DR STE 400,CHICAGO,IL,60606,41.8848667,-87.6363214,True,ai,grounded
AMERICAN HOUSING VENTURES LLC,,,,,,,True,,
AMERICAN INDUSTRIAL PARTNERS,712 FIFTH AVE,NEW YORK,NY,10019,40.762075387211,-73.974704945081,True,ai,grounded
AMERICAN INTERNATIONAL GROUP,70 PINE ST,NEW YORK,NY,10270,43.0690799,-76.1723723,True,ai,uncorroborated
AMERICAN JEWELRY DESIGNS INC,440 S FLOWER ST #3500,LOS ANGELES,CA,90071,34.0522944,-118.2552746,True,ai,uncorroborated
AMERICAN JEWISH COMMITTEE,165 E 56TH ST,NEW YORK,NY,10022,40.7597963,-73.9682778,True,ai,uncorroborated
AMERICAN JEWISH MEDICAL ASSOCIATION,2108 N ST STE N,SACRAMENTO,CA,95816,38.5717556,-121.4802839,True,ai,grounded
AMERICAN JEWISH UNIVERSITY,15600 MULHOLLAND DR,BEL AIR,CA,90077,34.108023,-118.456964,True,ai,corroborated
AMERICAN KENNEL CLUB,260 MADISON AVE,NEW YORK,NY,10016,40.750754,-73.9812427,True,ai,corroborated
AMERICAN LANDMARK,4890 W KENNEDY BLVD STE 900,TAMPA,FL,33609,27.944775534731,-82.526069738259,True,ai,grounded
AMERICAN LANDMARK,1331 S KILLIAN DR STE A,LAKE PARK,FL,33403,26.804379151778,-80.079339949639,False,ai,grounded
AMERICAN LEADERSHIP INITIATIVE,1330 NEW HAMPSHIRE AVE NW,WASHINGTON,DC,20036,38.9081907,-77.0446694,True,ai,corroborated
AMERICAN MEDICAL ASSOCIATION,330 N WABASH AVE,CHICAGO,IL,60611,41.8886592,-87.627596,True,ai,uncorroborated
AMERICAN NITRILE,3500 SW BLVD,GROVE CITY,OH,43123,39.892488,-83.094934,True,ai,grounded
AMERICAN PHARMACEUTICAL SERVICES,,,,,,,True,,
AMERICAN PSYCHOLOGICAL ASSOCIATION,750 FIRST ST NE,WASHINGTON,DC,20002,38.9042275,-77.0058862,True,ai,uncorroborated
AMERICAN RADIOLOGY,,,,,,,True,,
AMERICAN REALTY ADVISORS,515 S FLOWER ST 49TH FLOOR,LOS ANGELES,CA,90071,34.0513654139,-118.256357659164,True,ai,grounded
AMERICAN REALTY ADVISORS,150 N WACKER DR STE 1800,CHICAGO,IL,60606,41.885075882296,-87.637107896676,False,ai,grounded
AMERICAN SECURITIES,1345 AVE OF THE AMERICAS 34TH FLOOR,NEW YORK,NY,10105,40.7629997,-73.9790535,True,ai,corroborated
AMERICAN TECHNION SOCIETY,600 THIRD AVE 7TH FLOOR,NEW YORK,NY,10016,40.748937627569,-73.975865528557,True,ai,grounded
AMERICAN TECHNOLOGY SERVICES,2750 PROSPERITY AVE STE 240,FAIRFAX,VA,22031,38.8788893,-77.2363595,True,ai,grounded
AMERICAN UNIVERSITY,4400 MASSACHUSETTS AVE NW,WASHINGTON,DC,20016,38.9394738,-77.0846933,True,ai,grounded
AMERICAN UNIVERSITY,4300 NEBRASKA AVE NW,WASHINGTON,DC,20016,38.944862201464,-77.080057383098,False,ai,grounded
AMERICAN UNIVERSITY,4801 MASSACHUSETTS AVE NW,WASHINGTON,DC,20016,38.944486199349,-77.094801821393,False,ai,grounded
AMERINTHIUM LLC,,,,,,,True,,
AMERIPRISE,707 2ND AVE S,MINNEAPOLIS,MN,55402,44.9755282,-93.2695436,True,ai,uncorroborated
AMG,777 S FLAGLER DR,WEST PALM BEACH,FL,33401,26.7063121,-80.0486874,True,ai,grounded
AMG PROPERTIES INC,614 W FRIENDLY AVE,GREENSBORO,NC,27401,36.0735477,-79.7920641,True,manual,verified
AMG PSYD PC,,,,,,,True,,
AMGEN,ONE AMGEN CENTER DR,THOUSAND OAKS,CA,91320,34.1910399,-118.9206609,True,ai,grounded
AMHERST,401 CONGRESS AVE 33RD FLOOR,AUSTIN,TX,78701,30.2667073,-97.7430582,True,ai,grounded
AMHERST CAR CARE,,,,,,,True,,
AMHERST COLLEGE,1 S PLEASANT ST,AMHERST,MA,01002,42.375509,-72.519938,True,ai,corroborated
AMI,,,,,,,True,,
AMIEL TOURS OF ISRAEL,,,,,,,True,,
AMIR DEVELOPMENT,8730 WILSHIRE BLVD #300,BEVERLY HILLS,CA,90211,34.0664247,-118.3823875,True,manual,verified
AMITAY CONSULTING,444 N CAPITOL ST NW STE 345,WASHINGTON,DC,20001,38.8955745,-77.009164,True,ai,grounded
AMLON RESOURCES GROUP,10 E 40TH ST STE 3802,NEW YORK,NY,10016,40.7517726,-73.9810488,True,ai,grounded
AMNESTY INTERNATIONAL,311 W 43RD ST 7TH FLOOR,NEW YORK,NY,10036,40.7584222,-73.990005,True,ai,corroborated
AMOCO,200 E RANDOLPH DR,CHICAGO,IL,60601,41.884596,-87.620392,True,ai,corroborated
AMOREPACIFIC US INC,4285 HACIENDA DR STE 250,PLEASANTON,CA,94588,37.6899687,-121.8947121,True,ai,uncorroborated
AMPERON,2000 CRAWFORD ST STE 1300,HOUSTON,TX,77002,29.746373,-95.365783,True,ai,grounded
AMPERSAND INC,N16 W23217 STONE RIDGE DR STE 150,WAUKESHA,WI,53188,43.053992,-88.2093152,True,ai,grounded
AMPLIFY,800 MENLO AVE STE 220,MENLO PARK,CA,94025,37.450195340162,-122.184136723509,True,ai,grounded
AMPLIFY,457 BRYANT ST,SAN FRANCISCO,CA,94107,37.782051389853,-122.394818337092,False,ai,grounded
AMPLIUS WEALTH ADVISORS,,,,,,,True,,
AMROCK HOLDINGS,1090 WOODWARD AVE,DETROIT,MI,48226,42.332753178164,-83.047588462917,True,ai,grounded
AMROCK HOLDINGS,662 WOODWARD AVE,DETROIT,MI,48226,42.330780607929,-83.04592526915,False,ai,grounded
AMSTAR GROUP,200 CRESCENT CT STE 1630,DALLAS,TX,75201,32.7936093,-96.8039036,True,ai,uncorroborated
AMSTORE,3951 TRADE DR SE,GRAND RAPIDS,MI,49508,42.872994,-85.628015,True,ai,grounded
AMTEL CORPORATION,1800 W OLIVE AVE STE 100,BURBANK,CA,91506,34.1662868,-118.323867,True,ai,uncorroborated
AMTRUST FINANCIAL SERVICES,59 MAIDEN LN STE 301,NEW YORK,NY,10038,40.7087463,-74.0081095,True,ai,corroborated
AMTRUST NORTH AMERICA,59 MAIDEN LN 43RD FLOOR,NEW YORK,NY,10038,40.7087463,-74.0081095,True,ai,corroborated
AMY BUSH COMMERCIAL,,,,,,,True,,
AMY N DEAN PA,,,,,,,True,,
AMYLEV STRATEGIES,,,,,,,True,,
ANALYSIS GROUP,111 HUNTINGTON AVE 17TH FLOOR,BOSTON,MA,02199,42.3464784,-71.0814676,True,ai,uncorroborated
ANANDA HOLDINGS INC,,,,,,,True,,
ANCESTRAL HOLDINGS,,,,,,,True,,
ANCHIN BLOCK AND ACHIN,1611 TELEGRAPH AVE STE 1210,OAKLAND,CA,94612,37.8063501,-122.2707063,True,ai,uncorroborated
ANCHORAGE CAPITAL ADVISORS,601 LEXINGTON AVE 44TH FLOOR,NEW YORK,NY,10022,40.7587794,-73.9704834,True,ai,grounded
AND ASSET MANAGEMENT,2720 S LA CIENEGA BLVD STE A,LOS ANGELES,CA,90034,34.0334164,-118.3756745,True,ai,grounded
AND WEALTH PARTNERS,,,,,,,True,,
ANDALUSIAN PRIVATE CAPITAL,1 N FRANKLIN ST STE 3600,TAMPA,FL,33602,27.9588687,-82.4601895,True,ai,uncorroborated
ANDERSON KILL PC,1251 AVE OF THE AMERICAS 42ND FLOOR,NEW YORK,NY,10020,40.7600411,-73.9818903,True,ai,uncorroborated
ANDIGO CAPITAL,,NEW YORK,NY,10001,,,True,manual,verified
ANDMARK MANAGEMENT,,,,,,,True,,
ANDREESSEN HOROWITZ,2865 SAND HILL RD STE 101,MENLO PARK,CA,94025,37.420311620147,-122.212604760795,True,ai,grounded
ANDREESSEN HOROWITZ,180 TOWNSEND ST,SAN FRANCISCO,CA,94107,37.779277416103,-122.392313305841,False,ai,grounded
ANDREESSEN HOROWITZ,200 LAFAYETTE ST 3RD FLOOR,NEW YORK,NY,10012,40.721651191475,-73.997781054283,False,ai,grounded
ANDREESSEN HOROWITZ,800 17TH ST NW STE 610,WASHINGTON,DC,20006,38.900263509847,-77.03952232621,False,ai,grounded
ANDREESSEN HOROWITZ,1305 2ND ST,SANTA MONICA,CA,90401,34.016163047735,-118.498461314592,False,ai,grounded
ANDREW M. ZACK PLLC,,,,,,,True,,
ANDURIL INDUSTRIES,1560 SHERMAN AVE,SANTA MONICA,CA,90404,34.026649,-118.473835,True,ai,grounded
ANESTHESIA ASSOCIATES OF MORRISTOWN,21 CLOVER ST,MORRISTOWN,NJ,07960,40.779235,-74.502462,True,ai,corroborated
ANESTHESIA PAIN TREATMENT,,,,,,,True,,
ANESTHESIA SERVICES OF BIRMINGHAM,2151 OLD ROCKY RIDGE RD STE 106,VESTAVIA HILLS,AL,35216,33.4133883,-86.7737075,True,ai,grounded
ANESTHESISA CARE,,,,,,,True,,
ANEVIS,,,,,,,True,,
ANGELO GORDON,245 PARK AVE,NEW YORK,NY,10167,40.7546124,-73.9746719,True,ai,corroborated
ANGELS MUSIC PRODUCTIONS,,,,,,,True,,
ANGIOLOGY CORPORATION OF AMERICA,6986 CLARKSVILLE PIKE,JOELTON,TN,37080,36.316824,-86.8785602,True,ai,grounded
ANHALT REALTY LLC,240 GRAND AVE,ENGLEWOOD,NJ,07631,40.8855599,-73.9776765,True,ai,grounded
ANK,,,,,,,True,,
ANN MARGOLIN CONSULTING,,DALLAS,TX,,,,True,manual,verified
ANNEX REAL ESTATE,110 5TH AVE STE 700,NEW YORK,NY,10011,40.7375819,-73.9927012,True,ai,corroborated
ANNEX VENTURES,4984 EL CAMINO REAL STE 200,LOS ALTOS,CA,94022,37.3973166,-122.1061244,True,ai,grounded
ANODYNE,310 W WELLS ST STE 1250,MILWAUKEE,WI,53203,43.0400778,-87.9147955,True,ai,uncorroborated
ANSAM METALS,,,,,,,True,,
ANSBACHER LAW,821 W 7TH ST STE 1000,LOS ANGELES,CA,90017,34.0490865,-118.2595437,True,ai,uncorroborated
ANSHAI TORAH,,,,,,,True,,
ANTARES CAPITAL CORP,320 S CANAL ST,CHICAGO,IL,60606,41.8775772,-87.6405063,True,ai,grounded
ANTELOPE VALLEY HIGH SCHOOL,44911 N 20TH ST W,LANCASTER,CA,93536,34.73767,-118.387424,True,ai,corroborated
ANTERIX,420 LEXINGTON AVE STE 490,NEW YORK,NY,10170,40.7524677,-73.9757799,True,ai,uncorroborated
ANTEX,2548 A PLANTATION CENTER DR,MATTHEWS,NC,28105,35.08480073558,-80.733629354368,True,ai,grounded
ANTHEM BLUE SHIELD,220 VIRGINIA AVE,INDIANAPOLIS,IN,46204,39.7631664,-86.1508708,True,ai,uncorroborated
ANTI-DEFAMATION LEAGUE,605 THIRD AVE 10TH FLOOR,NEW YORK,NY,10158,40.749012256559,-73.975637953653,True,ai,uncorroborated
ANTON LEGAL GROUP,5001 SPRING VALLEY RD STE 200W,DALLAS,TX,75244,32.9396041,-96.8265129,True,ai,uncorroborated
ANYA KISHINEVSKY MD,,,,,,,True,,
AON,200 E RANDOLPH ST,CHICAGO,IL,60601,41.8852857,-87.6215489,True,ai,corroborated
AONE,,,,,,,True,,
AOPA,421 AVIATION WAY,FREDERICK,MD,21701,39.4168288,-77.3803563,True,ai,grounded
AOSPA,,,,,,,True,,
APCO,1301 K ST NW STE 1000E,WASHINGTON,DC,20005,38.9030498,-77.0308071,True,ai,uncorroborated
APEX,731 LEXINGTON AVE,NEW YORK,NY,10022,40.7618743,-73.9682563,True,ai,uncorroborated
APEX BASEBALL,,,,,,,True,,
APEX CARDIOLOGY,101 E VINE ST STE 400,LEXINGTON,KY,40507,38.0453947,-84.4976112,True,ai,uncorroborated
APEX COMPANIES,999 SOUTHBAY DR STE 100,LEAGUE CITY,TX,77573,29.503785,-95.0873,True,ai,corroborated
APEX CONCIERGE HEALTH,,,,,,,True,,
APF PROPERTIES,28 W 44TH ST CLUB ROW BUILDING 7TH FLOOR,NEW YORK,NY,10036,40.759792,-73.990685,True,ai,grounded
APG ASSET MANAGEMENT US INC,666 THIRD AVE 2ND FLOOR,NEW YORK,NY,10017,40.75128957864,-73.97415718788,True,ai,grounded
APOLLO GLOBAL MANAGEMENT,9 W 57TH ST,NEW YORK,NY,10019,40.7638353,-73.9749533,True,manual,verified
APOLLO INVESTMENT CONSULTING,9 W 57TH ST,NEW YORK,NY,10019,40.7638353,-73.9749533,True,ai,corroborated
APOLLO ISG,2121 ROSECRANS AVE STE 5300,EL SEGUNDO,CA,90245,33.9026899,-118.3879546,True,manual,verified
APOTEX CORP,2400 N COMMERCE PKWY,WESTON,FL,33326,26.0896264,-80.3670179,True,manual,verified
APPA REAL ESTATE,,,,,,,True,,
APPALACIAN MOUNTAIN CLUB,10 CITY SQ,BOSTON,MA,02129,42.3722722,-71.0617366,True,ai,corroborated
APPLAUSE,180 VARICK ST 10TH FLOOR,NEW YORK,NY,10014,40.7274501,-74.0051394,True,ai,corroborated
APPLE INC,ONE APPLE PARK WAY,CUPERTINO,CA,95014,37.3349372,-122.0126936,True,ai,corroborated
APPLEBAUM VENTURES,,,,,,,True,,
APPLESEED BUSINESS INC,,,,,,,True,,
APPLIED INTUITION,315 MONTGOMERY ST 3RD FLOOR,SAN FRANCISCO,CA,94104,37.7921032,-122.4028501,True,ai,corroborated
APPLIED MATERIALS,3050 BOWERS AVE,SANTA CLARA,CA,95054,37.376829,-121.97789,True,ai,grounded
APPLIED MICROSTRUCTURES,3985 FREEDOM CIR,SANTA CLARA,CA,95054,37.3904529,-121.9726577,True,ai,corroborated
APPLYCHECK,57 W TIMONIUM RD STE 105A,LUTHERVILLE TIMONIUM,MD,21093,39.4391951,-76.6308268,True,ai,grounded
APPREHENSIVE PATIENT,629 CLIFTON AVE,CLIFTON,NJ,07011,40.872148,-74.152383,True,ai,grounded
APPROVED FINANCIAL,1226 JASMINE CIR,WESTON,FL,33326,26.106315564097,-80.375588489801,True,ai,grounded
APRIO LLP,1555 N TECHNOLOGY WAY STE 300,OREM,UT,84097,40.304692,-111.673174,True,ai,uncorroborated
APS & ASSOCIATES,105 W MADISON ST,CHICAGO,IL,60602,41.8818088,-87.6311557,True,ai,grounded
APS-WMC,,,,,,,True,,
APTALIS,101 COLLEGE RD E,PRINCETON,NJ,08540,40.364728,-74.656314,True,ai,uncorroborated
AQR,131 DARTMOUTH ST,GREENWICH,CT,06830,41.037603,-73.624339,True,ai,corroborated
AQUATIC AV,,,,,,,True,,
AQUILINE,ONE MANHATTANVILLE RD STE 201,PURCHASE,NY,10577,41.0255838,-73.712334,True,ai,uncorroborated
AR PLASTICS,19522 EMBASSY CT,MIAMI,FL,33179,25.9545339,-80.167986,True,manual,verified
ARANGO CIGAR CO,,,,,,,True,,
ARANGOLD CORP,,,,,,,True,,
ARASH LAW,2960 WILSHIRE BLVD,LOS ANGELES,CA,90010,34.0617434,-118.2858952,True,ai,corroborated
ARBEITMAN SHEIN,,,,,,,True,,
ARBEL GROUP,1401 BROADWAY 29TH FLOOR,NEW YORK,NY,10018,40.753032,-73.987378,True,ai,corroborated
ARBELLA INSURANCE FOUNDATION,60 STATE ST,BOSTON,MA,02109,42.3596782,-71.056579,True,ai,corroborated
ARBITER PARTNERS CAPITAL MANAGEMENT,530 FIFTH AVE 20TH FLOOR,NEW YORK,NY,10036,40.75485962571,-73.979965033393,True,ai,grounded
ARC,5504 ESTATE OAK CIR,FORT LAUDERDALE,FL,33312,26.08817,-80.181783,True,ai,grounded
ARCADIA DEVELOPMENT CO,5185 CHERRY AVE STE 10,SAN JOSE,CA,95118,37.2588616,-121.8710315,True,ai,grounded
ARCADIA IBI GROUP,421 FAYETTEVILLE ST,RALEIGH,NC,27601,35.7743454,-78.6387711,True,ai,grounded
ARCH INSURANCE,210 HUDSON ST,JERSEY CITY,NJ,07311,40.718824105359,-74.033905701852,True,manual,verified
ARCHBISHOP STEPINAC HIGH SCHOOL,950 MAMARONECK AVE,WHITE PLAINS,NY,10605,41.0077743,-73.753229,True,ai,corroborated
ARCHES SENIOR LIVING,100 CRESCENT CT #300,MESA,AZ,85210,33.389733,-111.843505,True,ai,uncorroborated
ARCHIVE RESALE,,,,,,,True,,
ARCHPOINT GROUP INC,,,,,,,True,,
ARCOS COMMUNICATIONS,341 W 38TH ST FL 12,NEW YORK,NY,10018,40.7557023,-73.993384,True,ai,grounded
ARCXIS,19450 STATE HWY 249 STE 300,HOUSTON,TX,77070,29.979455,-95.573317,True,ai,grounded
ARDEA PARTNERS,10 HUDSON YARDS 48TH FLOOR,NEW YORK,NY,10001,40.7526862,-74.0015457,True,ai,grounded
ARDELYX,400 FIFTH AVE STE 210,WALTHAM,MA,02451,42.390138753012,-71.258631348681,True,ai,grounded
ARDEN INSURANCE SERVICES LLC,300 S GRAND AVE 36TH FLOOR,LOS ANGELES,CA,90071,34.052874,-118.251217,True,ai,corroborated
ARDMORE RESIDENTIAL,420 LEXINGTON AVE,NEW YORK,NY,10170,40.7524677,-73.9757799,True,ai,uncorroborated
ARDMORE TOYOTA,219 E LANCASTER AVE,ARDMORE,PA,19003,40.0040982,-75.283208,True,ai,grounded
ARDR REALTY LLC,318 AMETHYST AVE,NEWPORT BEACH,CA,92662,33.6078323,-117.8910532,True,ai,grounded
AREAS,5301 BLUE LAGOON DR STE 690,MIAMI,FL,33126,25.7825213,-80.2821271,True,ai,grounded
ARENA STAGE,1101 SIXTH ST SW,WASHINGTON,DC,20024,38.8772991,-77.0204611,True,ai,uncorroborated
ARENTFOX SCHIFF,1301 K ST NW,WASHINGTON,DC,20005,38.9030498,-77.0308071,True,ai,grounded
ARES MANAGEMENT,2000 AVE OF THE STARS 12TH FLOOR,LOS ANGELES,CA,90067,34.0583138,-118.4146758,True,ai,corroborated
ARETE WEALTH INC,1115 W FULTON MARKET 3RD FLOOR,CHICAGO,IL,60607,41.8865352,-87.6554272,True,manual,verified
AREX CAPITAL MANAGEMENT,299 PARK AVE,NEW YORK,NY,10171,40.7560254,-73.9741826,True,ai,corroborated
AREYVUT,,,,,,,True,,
ARGENT CAPITAL MANAGEMENT,1745 N BROWN RD STE 100,LAWRENCEVILLE,GA,30043,34.010038,-84.005043,True,ai,uncorroborated
ARGENT MANAGEMENT LLC,980 AMERICAN PACIFIC DR STE 111,HENDERSON,NV,89014,36.0424256,-115.0273529,True,ai,grounded
ARGENT VENTURES,3600 MANSELL RD STE 312,ALPHARETTA,GA,30022,34.037533,-84.294554,True,ai,uncorroborated
ARGO PARTNERS,12 W 37TH ST STE 900,NEW YORK,NY,10018,40.7505511,-73.9842484,True,ai,grounded
ARGO REAL ESTATE LLC,,,,,,,True,,
ARGUS CAPITAL GROUP,555 MADISON AVE 22ND FLOOR,NEW YORK,NY,10022,40.7611485,-73.9727174,True,ai,uncorroborated
ARI-EL ENTERPRISES INC,,,,,,,True,,
ARIE VROWN,,,,,,,True,,
ARIEL PROPERTY ADVISORS,360 LEXINGTON AVE 5TH FLOOR,NEW YORK,NY,10017,40.7504859,-73.9771542,True,ai,corroborated
ARIEL ZISMAN MD PA,2920 NE 207TH ST STE 802,AVENTURA,FL,33180,25.966507,-80.1430983,True,ai,grounded
ARILEUS CAPITAL,,,,,,,True,,
ARION FUND,,,,,,,True,,
ARIS VISION INSTITUTE MEXICO,,,,,,,True,,
ARISE CAPITAL PARTNERS,555 SKOKIE BLVD STE 445,NORTHBROOK,IL,60062,42.141383584953,-87.793813718461,True,ai,grounded
ARISING EDUCATIONAL CONSULTING,,,,,,,True,,
ARISTA NETWORKS,5453 GREAT AMERICA PKWY,SANTA CLARA,CA,95054,37.4120263,-121.9759495,True,ai,corroborated
ARIZONA ATTORNEY GENERALS OFFICE,1275 W WASHINGTON ST,PHOENIX,AZ,85007,33.4480937,-112.0888889,True,ai,corroborated
ARIZONA NUTRITIONAL SUPPLEMENTS,210 S BECK AVE,CHANDLER,AZ,85226,33.3000917,-111.9565517,True,manual,verified
ARIZONA STATE LEGISLATURE,1700 W WASHINGTON ST,PHOENIX,AZ,85007,33.4481203,-112.0978012,True,ai,corroborated
ARK,3 CANAL PLAZA STE 100,PORTLAND,ME,04101,43.6571522,-70.2551752,True,ai,uncorroborated
ARK HOMES FOR RENT,1331 S KILLIAN DR UNIT A,LAKE PARK,FL,33403,26.804379151778,-80.079339949639,True,ai,grounded
ARKENSTONE CAPITAL,505 MONTGOMERY ST STE 700,SAN FRANCISCO,CA,94111,37.793845,-122.403525,True,ai,corroborated
ARKHOUSE,,,,,,,True,,
ARKHOUSE FUND,,,,,,,True,,
ARLEMARK INC,1010 WASHINGTON BLVD 3RD FLOOR,STAMFORD,CT,06901,41.0536475,-73.5426933,True,ai,uncorroborated
ARLENE AND ROBERTA,,,,,,,True,,
ARLINGTON PUBLIC SCHOOLS,1426 N QUINCY ST,ARLINGTON,VA,22207,38.8886318,-77.1089587,True,ai,corroborated
ARMSTRONG,2500 COLUMBIA AVE,LANCASTER,PA,17603,40.039897,-76.372425,True,ai,uncorroborated
ARMSTRONG ATLANTIC,11935 ABERCORN ST,SAVANNAH,GA,31419,31.9782187,-81.1627303,True,ai,corroborated
ARMSTRONG TEASDALE LLP,7700 FORSYTH BLVD STE 1800,SAINT LOUIS,MO,63105,38.6461998,-90.3034052,True,ai,corroborated
ARMY CORPS OF ENGINEERS,441 G ST NW,WASHINGTON,DC,20314,38.8950982,-77.0363849,True,ai,uncorroborated
ARNALL GOLDEN GREGORY,171 17TH ST NW STE 2100,ATLANTA,GA,30363,33.7915373,-84.3937739,True,ai,corroborated
ARNOLD & PORTER,601 MASSACHUSETTS AVE NW,WASHINGTON,DC,20001,38.9021529,-77.0206199,True,ai,grounded
ARNOLD JACOBSON MD,,,,,,,True,,
ARONBERG GOLDGEHN,330 N WABASH AVE STE 1700,CHICAGO,IL,60611,41.8886592,-87.627596,True,ai,corroborated
ARONOV REALTY MANAGEMENT INC,3500 EASTERN BLVD,MONTGOMERY,AL,36116,32.332905322672,-86.230335605147,True,ai,grounded
ARONSON INSURANCE,,,,,,,True,,
ARREDONDO & CO,,,,,,,True,,
ARROW PARKING CORP,204 E LOMBARD ST,BALTIMORE,MD,21202,39.2879075,-76.6113495,True,ai,grounded
ARROWHEAD STAIRS AND TRIM,13780 BENCHMARK DR,FARMERS BRANCH,TX,75234,32.9290964,-96.9183881,True,ai,grounded
ART FLAG,890 RIVER RD,EDGEWATER,NJ,07020,40.825483,-73.9744485,True,ai,grounded
ART OF LIVING FOUNDATION,2401 15TH ST NW,WASHINGTON,DC,20009,38.9217321,-77.0350115,True,ai,grounded
ARTHRITIS & OSTEOPOROSIS CENTER,,,,,,,True,,
ARTHUR AGATSTON MD,4700 N FEDERAL HWY #300,BOCA RATON,FL,33431,26.3757125,-80.0764532,True,ai,corroborated
ARTIMUS,316 W 118TH ST,NEW YORK,NY,10026,40.805964,-73.9555658,True,ai,grounded
ARTISAN PARTNERS,875 E WISCONSIN AVE STE 800,MILWAUKEE,WI,53202,43.038806,-87.9004887,True,ai,grounded
ARTISTIC TILE INC,520 SECAUCUS RD,SECAUCUS,NJ,07094,40.7749171,-74.0605277,True,manual,verified
ARTOCCA,,,,,,,True,,
ARWAY CONFECTIONS,3425 N KIMBALL AVE,CHICAGO,IL,60618,41.9432929,-87.712507,True,ai,grounded
ASA BUILDERS SUPPLY,2040 EASY ST,WALLED LAKE,MI,48390,42.550711,-83.474218,True,ai,grounded
ASAI,,,,,,,True,,
ASBURY,2900 SEMINARY AVE,OCEAN CITY,NJ,08226,39.263784,-74.607753,True,ai,uncorroborated
ASCAP,,,,,,,True,,
ASCEND ADVISORS,27001 AGOURA RD STE 280,CALABASAS,CA,91301,34.138174,-118.713623,True,ai,grounded
ASCEND CAPITAL GROUP INTERNATIONAL LLC,20 N WACKER DR STE 1800,CHICAGO,IL,60606,41.8827112,-87.6374724,True,ai,uncorroborated
ASCEND TAX ADVISORS,,,,,,,True,,
ASCENDA CAPITAL,345 N MAPLE DR STE 127,BEVERLY HILLS,CA,90210,34.0746128,-118.3939683,True,ai,grounded
ASCENT PARTNERS,19505 BISCAYNE BLVD STE 2350,AVENTURA,FL,33180,25.9554773,-80.143019,True,ai,grounded
ASCOT GROUP,1251 AVE OF THE AMERICAS,NEW YORK,NY,10020,40.7600411,-73.9818903,True,ai,grounded
ASE GROUP,,OVERLAND PARK,KS,,,,True,manual,verified
"ASE GROUP, POLITICAL BRANDING ASSO",6600 COLLEGE BLVD STE 310,OVERLAND PARK,KS,66211,38.9275785,-94.6615162,True,manual,verified
ASF WINES LLC,68 CLOVER DR,GREAT NECK,NY,11021,40.7937139,-73.7376246,True,ai,grounded
ASG EQUITIES,26 CORTLANDT ST 5TH FLOOR,NEW YORK,NY,10007,40.7100487,-74.0103132,True,manual,verified
ASH FINE ART,860 PARK AVE,NEW YORK,NY,10075,40.7746047,-73.961579,True,ai,grounded
ASH RENOVATIONS,6 OFFICE PARK CIR STE 107,BIRMINGHAM,AL,35223,33.488141,-86.734834,True,ai,grounded
ASHAR GROUP,2400 N FEDERAL HWY,BOCA RATON,FL,33431,26.370754,-80.076786,True,ai,corroborated
ASHE LAW,,,,,,,True,,
ASHENOFF AND ASSOCIATES,1200 BRICKELL AVE STE 1950,MIAMI,FL,33131,25.7621104,-80.1923056,True,ai,corroborated
ASHKAN PIROUZ,301 W BASTANCHURY RD STE 285,FULLERTON,CA,92835,33.8945705,-117.932116,True,ai,grounded
ASHLEY FURNITURE,1 ASHLEY WAY,ARCADIA,WI,54612,44.2523561,-91.5080499,True,ai,uncorroborated
ASIAQUEST JOURNEYS,3046 N ST NW,WASHINGTON,DC,20007,38.906675,-77.0609325,True,ai,grounded
ASIRINT,,,,,,,True,,
ASK,2 HUNTINGTON QUADRANGLE STE 4N05,MELVILLE,NY,11747,40.7716874,-73.4165378,True,ai,corroborated
ASKNEO MEDIA,,,,,,,True,,
ASMG,,,,,,,True,,
ASN,,,,,,,True,,
ASPECT HOLDINGS LLC,,,,,,,True,,
ASPEN,ONE N ASPEN ST,ASPEN,CO,81611,39.1919622,-106.8213148,True,ai,uncorroborated
ASPEN CAPITAL,13190 SW 68TH PKWY STE 130,TIGARD,OR,97223,45.4247478,-122.7448701,True,ai,grounded
ASPEN IMAGING CONSULTANTS,10101 N 92ND ST STE 150,SCOTTSDALE,AZ,85258,33.5787148,-111.8801689,True,ai,uncorroborated
ASPEN SQUARE MANAGEMENT,67 HUNT ST STE 206,AGAWAM,MA,01001,42.0830876,-72.5937373,True,ai,grounded
ASPEN SQUARE MANAGEMENT,380 UNION ST STE 300,WEST SPRINGFIELD,MA,01089,42.101038717646,-72.614382044449,False,ai,grounded
ASPEN STRATEGICS. LLC,,,,,,,True,,
ASPEN TLV,,,,,,,True,,
ASPHALT ANCHORS CORP,10 RIDGE RD,WEST ORANGE,NJ,07052,40.7757718,-74.2602972,True,ai,grounded
ASPIRIANT,1999 HARRISON ST STE 1500,OAKLAND,CA,94612,37.8077827,-122.2651196,True,ai,corroborated
ASRC FEDERAL,11091 SUNSET HILLS RD STE 800,RESTON,VA,20190,38.9460117,-77.3277513,True,ai,grounded
ASSA ABLOY FENESTRATION,16530 N 90TH ST STE 200,SCOTTSDALE,AZ,85260,33.6357952,-111.8869897,True,ai,uncorroborated
ASSESSMENT SOLUTIONS GROUP,215 LOCH LOMOND WAY,DANVILLE,CA,94526,37.8114037,-122.0044724,True,ai,grounded
ASSET INVESTMENTS CORP,,,,,,,True,,
ASSOCIATED AGENCIES INC,1701 GOLF RD STE 3-700,ROLLING MEADOWS,IL,60008,42.0514454,-88.0023983,True,ai,grounded
ASSOCIATED ASSET MANAGEMENT,655 THIRD AVE 19TH FLOOR,NEW YORK,NY,10017,40.750425871938,-73.974613107948,True,ai,uncorroborated
ASSOCIATED DERMATOLOGISTS,,,,,,,True,,
ASSOCIATED PENSION CONSULTANTS,1120 ROUTE 73 STE 200,MOUNT LAUREL,NJ,08054,39.948992,-74.900247,True,ai,corroborated
ASSOCIATED RETINAL CONSULTANTS,6200 ARROWHEAD DR NE,CEDAR RAPIDS,IA,52402,42.023172,-91.659613,True,ai,uncorroborated
ASSOCIATED UROLOGIC SPECIALISTS,2000 E 22ND ST STE 208,EUGENE,OR,97403,44.035412,-123.052413,True,ai,uncorroborated
ASSOCIATES IN DENTISTRY PC,,,,,,,True,,
ASSOCIATES IN GASTROENTEROLOGY OF UNION COUNTY PA,210 N AVE E,CRANFORD,NJ,07016,40.6569431,-74.2975891,True,manual,verified
ASSOCIATION FOR THE BLIND AND VISUALLY IMPAIRED,500 E PRATT ST STE 900,BALTIMORE,MD,21202,39.2872209,-76.6082108,True,ai,uncorroborated
ASSOCIATION FOR WOMENS HEALTH CARE,30 N MICHIGAN AVE STE 300,CHICAGO,IL,60602,41.8829938,-87.6249913,True,ai,grounded
ASSOCIATION MANAGEMENT GROUP INC,614 W FRIENDLY AVE,GREENSBORO,NC,27401,36.0735477,-79.7920641,True,ai,grounded
ASSURED INVESTMENT MANAGEMENT,3000 MARCUS AVE STE 3W2,LAKE SUCCESS,NY,11042,40.7588434,-73.6956206,True,ai,grounded
ASSURED PARTNERS,510 S 8TH ST STE 300,RICHMOND,VA,23219,37.5383338,-77.4376196,True,ai,uncorroborated
ASSURES,,,,,,,True,,
ASTELLAS,1 ASTELLAS WAY,NORTHBROOK,IL,60062,42.126279,-87.845088,True,ai,uncorroborated
ASTON CAPITAL,355 ALHAMBRA CIR STE 1350,CORAL GABLES,FL,33134,25.7524633,-80.2617625,True,manual,verified
ASTRA,1 ROCKET RD,HAWTHORNE,NY,10532,41.100261,-73.80073,True,ai,uncorroborated
ASTRO APPAREL,,,,,,,True,,
ASU,1151 S FOREST AVE,TEMPE,AZ,85281,33.42597,-111.9298974,True,ai,uncorroborated
ASURION,1101 CHURCH ST,NASHVILLE,TN,37203,36.1594934,-86.7885986,True,ai,grounded
ASYV,,,,,,,True,,
AT HOME,3750 QUORUM DR STE 700,DALLAS,TX,75251,32.9486998,-96.824378,True,ai,grounded
AT&T,208 S AKARD ST,DALLAS,TX,75202,32.7796042,-96.798763,True,ai,uncorroborated
AT&T SERVICES,,,,,,,True,,
ATALAN CAPITAL,140 E 45TH ST 17TH FLOOR,NEW YORK,NY,10017,40.7528121,-73.9739556,True,manual,verified
ATC ALERT,,,,,,,True,,
ATCO,480 WILDWOOD FOREST DR STE 225,SPRING,TX,77380,30.136972,-95.46836,True,ai,grounded
ATCO INTERNATIONAL,2399 ROUTE 35,HOLMDEL,NJ,07733,40.374964,-74.173849,True,ai,uncorroborated
ATHENE,7700 MILLS CIVIC PKWY,WEST DES MOINES,IA,50266,41.5578766,-93.8120446,True,ai,grounded
ATHENS INSURANCE SERVICES INC,2552 STANWELL DR,CONCORD,CA,94520,37.9856212,-122.0482739,True,ai,grounded
ATHOS PR,,WASHINGTON,DC,,,,True,manual,verified
ATLANTA CURBAPPEAL,,,,,,,True,,
ATLANTA ENT,5555 PEACHTREE DUNWOODY RD STE 125,SANDY SPRINGS,GA,30342,33.9057565,-84.3519324,True,ai,grounded
ATLANTA FINE HOMES SOTHEBY'S INTERNATIONAL REALTY,3353 PEACHTREE RD NE STE 100,ATLANTA,GA,30326,33.8484064,-84.3663985,True,ai,corroborated
ATLANTA HAWKS,1 STATE FARM ARENA 1 STATE FARM DR SE,ATLANTA,GA,30303,33.752845,-84.390226,True,ai,corroborated
ATLANTA P,,,,,,,True,,
ATLANTA PROPERTY GROUP,3850 LENOX RD NE STE 200,ATLANTA,GA,30326,33.8501218,-84.3726095,True,ai,corroborated
ATLANTA PSYCHOLOGICAL SERVICES,2308 PERIMETER PARK DR STE 100,ATLANTA,GA,30341,33.888505,-84.289532,True,ai,grounded
ATLANTIC AUTOMOTIVE CORP,1 OLYMPIC PL STE 1100,TOWSON,MD,21204,39.4029305,-76.6029347,True,manual,verified
ATLANTIC COAST ENTERPRISES,1001 W CYPRESS CREEK RD STE 401,FORT LAUDERDALE,FL,33309,26.2028047,-80.16761,True,manual,verified
ATLANTIC ENT,530 LAKEHURST RD STE 201,TOMS RIVER,NJ,08755,39.9656655,-74.2248735,True,ai,grounded
ATLANTIC HEALTH SYSTEM,475 S ST,MORRISTOWN,NJ,07960,40.7874897,-74.470616,True,ai,corroborated
ATLANTIC MEDICAL IMAGING,121 EXECUTIVE BLVD,ELMSFORD,NY,10523,41.059498,-73.819254,True,ai,uncorroborated
ATLANTIC REALTY ASSOCIATES INC,8150 LEESBURG PIKE STE 1100,VIENNA,VA,22182,38.916462,-77.227182,True,ai,grounded
ATLANTIC TRANSPORTATION,,,,,,,True,,
ATLANTIS CASINO RESORT & SPA,3800 S VIRGINIA ST,RENO,NV,89502,39.488942059685,-119.794911651355,True,ai,grounded
ATLAS BILLIARD SUPPLIES LLC,118 W 6TH ST,GARRETTSVILLE,OH,44231,41.302963,-81.070474,True,ai,uncorroborated
ATLAS BRANDS,1155 BATTERY AVE SE,ATLANTA,GA,30339,33.8907506,-84.4691663,True,ai,uncorroborated
ATLAS FINANCIAL,2 SEAGATE STE 600,TAMPA,FL,33602,27.9389055,-82.4492677,True,ai,uncorroborated
ATLAS HOLDINGS,40 W 57TH ST 8TH FLOOR,NEW YORK,NY,10019,40.7635878,-73.9759916,True,ai,uncorroborated
ATLAS PUMP REPAIR CORP,743 W MERRICK RD,VALLEY STREAM,NY,11580,40.6689734,-73.713891,True,ai,grounded
ATLAS STRATEGY GROUP,15 LADUE LN,SAINT LOUIS,MO,63124,38.6526497,-90.3858939,True,ai,grounded
ATLAS VENTURE,125 HIGH ST STE 201,BOSTON,MA,02110,42.3550474,-71.053416,True,ai,corroborated
ATLAS WEST GROUP,550 W B ST FOURTH FLOOR STE 181,SAN DIEGO,CA,92101,32.717807,-117.172086,True,ai,grounded
ATLASSIAN,350 BUSH ST STE 200,SAN FRANCISCO,CA,94104,37.7913454,-122.4032976,True,ai,corroborated
ATNY DESIGN,,,,,,,True,,
ATOMICMIND,,,,,,,True,,
ATRIA,8515 GEORGIA AVE STE 700,SILVER SPRING,MD,20910,38.9948407,-77.0272906,True,ai,uncorroborated
ATRIUM HEALTH,1000 BLYTHE BLVD,CHARLOTTE,NC,28203,35.2037517,-80.8403084,True,manual,verified
ATTAIN PARTNERS,1280 N LAKE SHORE DR,CHICAGO,IL,60611,41.905539,-87.625326,True,ai,uncorroborated
ATTENTIVE,217 W 18TH ST 6TH FLOOR,NEW YORK,NY,10011,40.7415685,-73.9987902,True,ai,corroborated
ATTORNEY GENERAL,U.S DEPARTMENT OF JUSTICE 950 PENNSYLVANIA AVE NW,WASHINGTON,DC,20530,38.893124,-77.025023,True,ai,uncorroborated
AUBURN UNIVERSITY,THE PRESIDENT'S OFFICE 1 BIGGIN HALL,AUBURN,AL,36849,32.59914,-85.48927,True,ai,corroborated
AUDACIOUS,5523 RESEARCH PARK DR STE 370,BALTIMORE,MD,21228,39.2489786,-76.7134414,True,ai,grounded
AUDIBLE,1 WASHINGTON BLVD,NEWARK,NJ,07102,40.735659,-74.173605,True,ai,corroborated
AUDIBLE ARTISTS,,,,,,,True,,
AUERBACH FUNDS LLC,6000 FAIRVIEW RD 12TH FLOOR,CHARLOTTE,NC,28210,35.151082,-80.839882,True,ai,grounded
AUERBACH REALTY HOLDINGS LLC,2416 WILSHIRE BLVD,SANTA MONICA,CA,90403,34.0299763,-118.4849302,True,manual,verified
AUGEO,5080 SPECTRUM DR NW STE 100,BAINBRIDGE ISLAND,WA,98110,47.646967,-122.534561,True,ai,uncorroborated
AUGLAIZE MERCER UROLOGY,950 S MAIN ST STE 10,CELINA,OH,45822,40.5403865,-84.5740815,True,ai,grounded
AUGUSTA ENTERPRISES,3514 WASHINGTON RD,AUGUSTA,GA,30907,33.5142821,-82.0586361,True,manual,verified
AUGUSTA PRECIOUS METALS,5830 E 2ND ST,CASPER,WY,82609,42.8448562,-106.237772,True,ai,grounded
AUGUSTA PRECIOUS METALS,8484 WILSHIRE BLVD #515,BEVERLY HILLS,CA,90211,34.065049191499,-118.375875354659,False,ai,grounded
AUKE BAY COMPANY,,,,,,,True,,
AURION BIOTECH,117 E LOUISA ST #561,SEATTLE,WA,98102,47.6419680852,-122.326297725774,True,ai,grounded
AURION BIOTECH,101 CAMBRIDGEPARK DR 3RD FLOOR,CAMBRIDGE,MA,02140,42.394781631218,-71.145160461279,False,ai,grounded
AURORA CITY ATTORNEY,,,,,,,True,,
AUSGAR,10721 TREENA ST STE 100,SAN DIEGO,CA,92131,32.91296,-117.113429,True,ai,grounded
AUSTIN GASTROENTEROLOGY,1006 W 32ND ST STE 200,AUSTIN,TX,78705,30.301513,-97.746254,True,ai,corroborated
AUSTIN HEART,401 W 15TH ST STE 1410,AUSTIN,TX,78701,30.277802,-97.743624,True,ai,corroborated
AUSTIN ISD,4000 S IH-35 FRONTAGE RD,AUSTIN,TX,78704,30.243032,-97.765081,True,ai,grounded
AUSTIN RADIOLOGICAL ASSOCIATION,6836 AUSTIN CENTER BLVD,AUSTIN,TX,78731,30.351306,-97.7522318,True,ai,corroborated
AUSTIN RADIOLOGY,12221 RENFERT ST,AUSTIN,TX,78758,30.387697,-97.706655,True,ai,corroborated
AUTHZED INC,155 2ND ST STE 200,SAN FRANCISCO,CA,94105,37.7873909,-122.398877,True,ai,uncorroborated
AUTISM SPEAKS,1 E 33RD ST 10TH FLOOR,NEW YORK,NY,10016,40.7476501,-73.9845022,True,ai,corroborated
AUTO CLUB GROUP,1 AUTO CLUB PLZ,DEARBORN,MI,48126,42.330326,-83.187133,True,ai,corroborated
AUTOMATED DOCUMENT SYSTEMS,1500 EISENHOWER PL,ANN ARBOR,MI,48108,42.2427841,-83.7301092,True,ai,uncorroborated
AUTOMATTIC,,,,,,,True,,
AUTOPARTS INTERNATIONAL,8520 NW 27TH TER,DORAL,FL,33122,25.7995368,-80.3531535,True,ai,uncorroborated
AUTUMN COMMUNICATIONS INC,335 N MAPLE DR STE 150,BEVERLY HILLS,CA,90210,34.0737246,-118.3936008,True,ai,grounded
AVALON PROPERTIES,,,,,,,True,,
AVANT,222 W MERCHANDISE MART PLAZA STE 900,CHICAGO,IL,60654,41.8888053,-87.6344719,True,ai,grounded
AVANTI PROPERTIES GROUP,923 N PENNSYLVANIA AVE,WINTER PARK,FL,32789,28.6055311,-81.3572785,True,ai,corroborated
AVANTUS,655 W BROADWAY STE 1550,SAN DIEGO,CA,92101,32.71542,-117.168556,True,ai,grounded
AVATAR SECURITIES LLC,100 PARK AVE 16TH FLOOR,NEW YORK,NY,10017,40.750917532343,-73.978637962187,True,ai,corroborated
AVD MANAGEMENT,,,,,,,True,,
AVENTURA ENTERTAINMENT INC,,,,,,,True,,
AVENUE SIX STUDIOS,7900 HASKELL AVE,VAN NUYS,CA,91406,34.197454,-118.488978,True,ai,grounded
AVEVA,920 MEMORIAL CITY WAY STE 1200,HOUSTON,TX,77024,29.7817107,-95.5355633,True,ai,grounded
AVG PARTNERS,9595 WILSHIRE BLVD STE 700,BEVERLY HILLS,CA,90212,34.0674722,-118.402611,True,ai,grounded
AVIATOR CAPITAL,405 LEXINGTON AVE STE 1900,NEW YORK,NY,10174,40.7519148,-73.97553,True,ai,uncorroborated
AVIS MANAGEMENT,,,,,,,True,,
AVIV GROWTH PARTNERS,1209 ORANGE ST,WILMINGTON,DE,19801,39.7485065,-75.5476836,True,ai,uncorroborated
AVNER GAT,,,,,,,True,,
AVOQ,1201 NEW YORK AVE NW STE 900,WASHINGTON,DC,20005,38.9009286,-77.0282816,True,ai,grounded
AWARD,5711 RIDGE AVE,PHILADELPHIA,PA,19128,40.0274334,-75.2094292,True,ai,grounded
AWARE BUILDINGS,8 THE GREEN STE 425,IRVINGTON,NY,10533,41.036927,-73.854864,True,ai,corroborated
AWEARABLES,,,,,,,True,,
AWESOMELY,,,,,,,True,,
AWM,,,,,,,True,,
AWS,410 TERRY AVE N,SEATTLE,WA,98109,47.622298,-122.3365001,True,ai,grounded
AXA XL,SEAVIEW HOUSE 70 SEAVIEW AVE,STAMFORD,CT,06902,41.059347,-73.544384,True,ai,grounded
AXCEL PARTNERS,10955 NACIREMA LN,STEVENSON,MD,21153,39.4274301,-76.7048186,True,ai,grounded
AXEL PLASTICFS,,,,,,,True,,
AXELA DEVELOPMENT GROUP,,,,,,,True,,
AXELROD CONSULTING,,,,,,,True,,
AXIA HOME LOANS,3009 112TH AVE NE STE 200,BELLEVUE,WA,98004,47.6380654,-122.1951681,True,ai,grounded
AXIOM INVEST,,,,,,,True,,
AXIOM REAL ESTATE INVESTMENTS,280 S BEVERLY DR STE 312,BEVERLY HILLS,CA,90212,34.0628011,-118.3989728,True,ai,grounded
AXLE HOMES,595 MARKET ST STE 200,SAN FRANCISCO,CA,94105,37.7892292,-122.4007916,True,ai,corroborated
AXOGEN,13631 PROGRESS BLVD,ALACHUA,FL,32615,29.7803818,-82.4745372,True,ai,grounded
AXONIC,12411 HIGH BLUFF DR,SAN DIEGO,CA,92130,32.9441258,-117.239687,True,ai,uncorroborated
AXS,1216 BROADWAY,NEW YORK,NY,10001,40.7465808,-73.9883005,True,ai,uncorroborated
AY STRAUSS,,,,,,,True,,
AYC VENTURES,,,,,,,True,,
AYS TUTORING AND CONSULTING,,,,,,,True,,
AZTEC GROUP,2665 S BAYSHORE DR PH-2A,MIAMI,FL,33133,25.730621945419,-80.235788020293,True,ai,grounded
AZURE PRISM,,,,,,,True,,
AZW LAW PC,,,,,,,True,,
B & B PREMIER INSURANCE SOLUTIONS,,,,,,,True,,
B RESI,575 LEXINGTON AVE,NEW YORK,NY,10022,40.7571656,-73.9713791,True,ai,uncorroborated
B STERN CRE,,,,,,,True,,
B WITH A TWIST LLC,,,,,,,True,,
B WOLF AND SONS,,,,,,,True,,
B&A CONSTRUCTION,,,,,,,True,,
B'NAI SHALOM DAY SCHOOL,804 WINVIEW DR A,GREENSBORO,NC,27410,36.0935562,-79.8565574,True,ai,grounded
B'YACHAD OF SPRINGFIELD,979 DICKINSON ST,SPRINGFIELD,MA,01108,42.0718629,-72.5501481,True,ai,grounded
B2M2 ADVISORS,,,,,,,True,,
BAB RADIOLOGY,200 SWITZER AVE,BLOOMINGTON,IL,61701,40.475855,-88.99267,True,ai,uncorroborated
BABACO,497 WASHINGTON AVE,CARLSTADT,NJ,07072,40.8318037,-74.0534682,True,ai,grounded
BABSON COLLEGE,231 FOREST ST,BABSON PARK,MA,02457,42.292794,-71.2522287,True,ai,uncorroborated
BAC,100 N TRYON ST,CHARLOTTE,NC,28255,35.226844,-80.841883,True,ai,uncorroborated
BACC,,,,,,,True,,
BACHOW & ASSOCIATES,,,,,,,True,,
BACKENGINE,1924 BAGLEY AVE,LOS ANGELES,CA,90035,34.0462524,-118.3912498,True,ai,grounded
BACON WILSON PC,33 E MAIN ST,AUBURN,ME,04210,44.0955832,-70.2253824,True,ai,uncorroborated
BAE SYSTEMS,BAILEY'S CROSSROADS OFFICE PARK 1301 S JOYCE ST,ARLINGTON,VA,22202,38.856854,-77.051495,True,ai,corroborated
BAE SYSTEMS AIRCRAFT CONTROLS,66 BOSTON ST,WEYMOUTH,MA,02188,42.204662,-70.957633,True,ai,uncorroborated
BAERS FURNITURE,,,,,,,True,,
BAFFIN ADVISORS,500 MAMARONECK AVE STE 320,HARRISON,NY,10528,40.9770766,-73.7420223,True,ai,grounded
BAG INVESTMENTS,10100 CULVER BLVD STE D,CULVER CITY,CA,90232,34.0191942,-118.397564,True,manual,verified
BAGNOLS FAMILY OFFICE INVESTMENT PARTNERS,152 W 57TH ST 47TH FLOOR,NEW YORK,NY,10019,40.7648665,-73.9796202,True,ai,grounded
BAILEY & PETERSON,,,,,,,True,,
BAIN & COMPANY,131 DARTMOUTH ST,BOSTON,MA,02116,42.346988,-71.0751345,True,ai,grounded
BAIN CAPITAL,200 CLARENDON ST,BOSTON,MA,02116,42.3491677,-71.075124,True,ai,grounded
BAIN CAPITAL,222 W ADAMS ST STE 2200,CHICAGO,IL,60606,41.879441840994,-87.634131651654,False,ai,grounded
BAIN CAPITAL,535 MADISON AVE 29TH FLOOR,NEW YORK,NY,10022,40.760450422949,-73.973615044933,False,ai,grounded
BAIN CAPITAL,799 BROADWAY 10TH FLOOR,NEW YORK,NY,10003,40.732398109349,-73.991368418309,False,ai,grounded
BAIN CAPITAL,524 HAMILTON AVE,PALO ALTO,CA,94301,37.447940858046,-122.157433727968,False,ai,grounded
BAIN CAPITAL,450 PACIFIC AVE,SAN FRANCISCO,CA,94133,37.797438448527,-122.402993683405,False,ai,grounded
BAINBRIDGE COMPANIES,12765 W FOREST HILL BLVD STE 1307,WELLINGTON,FL,33414,26.646721,-80.250311,True,ai,grounded
BAINBRIDGE COMPANIES,3017 BOLLING WAY NE,ATLANTA,GA,30305,33.837353525819,-84.380177866921,False,ai,grounded
BAINBRIDGE COMPANIES,427 E BLVD STE 300A,CHARLOTTE,NC,28203,35.20981526988,-80.855029015212,False,ai,grounded
BAINBRIDGE COMPANIES,4350 N FAIRFAX DR STE 800,ARLINGTON,VA,22203,38.882013924882,-77.113237312157,False,ai,grounded
BAINBRIDGE COMPANIES,1033 DEMONBREUN ST STE 300,NASHVILLE,TN,37203,36.155220453919,-86.784589989134,False,ai,grounded
BAINBRIDGE COMPANIES,950 S WINTER PARK DR STE 320,CASSELBERRY,FL,32707,28.648273973493,-81.322407031666,False,ai,grounded
BAIRD,777 E WISCONSIN AVE STE 3000,MILWAUKEE,WI,53202,43.0381861,-87.902074,True,ai,grounded
BAIRDLAW PLLC,,,,,,,True,,
BAIS YAAKOV,,,,,,,True,,
BAIS YAAKOV HIGH SCHOOL FOR GIRLS,,,,,,,True,,
BAIS YAKOV OF MIAMI,,,,,,,True,,
BAKED T'SHUVAH,,,,,,,True,,
BAKER & ASSOCIATES,,,,,,,True,,
BAKER & MCKENZIE,452 FIFTH AVE,NEW YORK,NY,10018,40.9176673,-73.8062778,True,ai,uncorroborated
BAKER DONELSON,165 MADISON AVE STE 2000,MEMPHIS,TN,38103,35.1442715,-90.0507827,True,ai,corroborated
BAKER KATZ,3700 BUFFALO SPEEDWAY STE 1020,HOUSTON,TX,77098,29.732863329859,-95.428985427076,True,manual,verified
BAKER LAW GROUP,,,,,,,True,,
BAKER TILLY,205 N MICHIGAN AVE 28TH FLOOR,CHICAGO,IL,60601,41.886053,-87.6237653,True,manual,verified
BAKER-TITAN ADHESIVES,8650 57TH AVE N,PINELLAS PARK,FL,33782,27.859631,-82.708145,True,ai,uncorroborated
BALABAN LAW,,,,,,,True,,
BALBOA NEPHROLOGY,4275 EXECUTIVE SQ STE 800,LA JOLLA,CA,92037,32.873426,-117.21476,True,ai,grounded
BALCAN PLASTICS,,,,,,,True,,
BALDINGER BAKERY,,,,,,,True,,
BALFOUR,7211 CIR S RD,AUSTIN,TX,78745,30.1848134,-97.7790688,True,ai,grounded
BALLARD PARTNERS,201 E PARK AVE 5TH FLOOR,TALLAHASSEE,FL,32301,30.4415585,-84.2803065,True,ai,grounded
BALLARD SPAHR,1735 MARKET ST 51ST FLOOR,PHILADELPHIA,PA,19103,39.953644,-75.1695204,True,ai,corroborated
BALLS FOODS,400 S 4TH ST,ARKANSAS CITY,KS,67005,37.0592627,-97.0439194,True,ai,corroborated
BALLYHOO MEDIA,3500 NW 53RD ST,GAINESVILLE,FL,32606,29.7293548,-82.3997197,True,ai,corroborated
BALTIMORE COUNTY DSS,400 WASHINGTON AVE,TOWSON,MD,21204,39.4003367,-76.6065598,True,ai,corroborated
BALTIMORE JEWISH COUNCIL,5801 SMITH AVE STE 400,BALTIMORE,MD,21209,39.3724889,-76.6589983,True,ai,uncorroborated
BAMBOO SUPPLY,,,,,,,True,,
BAMKO,11620 WILSHIRE BLVD STE 610,LOS ANGELES,CA,90025,34.0504481,-118.4594947,True,manual,verified
BAML,200 PARK AVE,NEW YORK,NY,10166,40.7536135,-73.97658,True,ai,corroborated
BANAFSHE LAW FIRM PC,1875 CENTURY PARK EAST STE 1500,LOS ANGELES,CA,90067,34.0609539,-118.4147945,True,ai,grounded
BANC,,,,,,,True,,
BANDES CONSTRUCTION,1368 SPALDING RD STE C,DUNEDIN,FL,34698,28.021873,-82.783973,True,ai,grounded
BANFIELD,1321 GARDEN HWY,SACRAMENTO,CA,95833,38.6073852,-121.5033578,True,ai,uncorroborated
BANK CENTRAL ASIA-NY,45 ROCKEFELLER PLAZA 22ND FLOOR,NEW YORK,NY,10111,40.7592576,-73.9799569,True,ai,corroborated
BANK OF AMERICA,100 N TRYON ST,CHARLOTTE,NC,28202,35.226844,-80.841883,True,ai,corroborated
BANK OF MONTREAL,320 S CANAL ST,CHICAGO,IL,60606,41.8775772,-87.6405063,True,manual,verified
"BANK OF NEW YORK MELLON, NA",240 GREENWICH ST,NEW YORK,NY,10286,40.714195,-74.011673,True,ai,grounded
BANK STREET,,,,,,,True,,
BANKERS TRUST,,,,,,,True,,
BANNER PUBLIC AFFAIRS LLC,1331 L ST NW STE 1000,WASHINGTON,DC,20005,38.904135,-77.031033,True,ai,uncorroborated
BANTAGE,,,,,,,True,,
BANTRY BAY VENTURES,,,,,,,True,,
BANYAN HOLDINGS,2600 NW 87TH AVE STE 33,DORAL,FL,33172,25.798513884747,-80.33713481103,True,ai,grounded
BANYAN RESIDENTIAL,228 MAIN ST STE 10,VENICE,CA,90291,33.9892682,-118.4720117,True,ai,grounded
BAPTIST MEMORIAL HEALTHCARE,PARIS RD AT HUMPHREYS BLVD,MEMPHIS,TN,38103,35.156214,-90.055462,True,ai,corroborated
BAR ILAN UNIVERSITY,,,,,,,True,,
BARANES DENTISTRY PLLC,,,,,,,True,,
BARATZ FINANCIAL,,,,,,,True,,
"BARBARA BLOOM,PH.D",,,,,,,True,,
BARBARY COAST HOTEL,2 NEW MONTGOMERY ST,SAN FRANCISCO,CA,94105,37.7879475,-122.4019176,True,ai,uncorroborated
BARCELONA CHOCOLATE COMPANY,,,,,,,True,,
BARCLAY DAMON LLP,125 E JEFFERSON ST,SYRACUSE,NY,13202,43.0471904,-76.1512713,True,ai,corroborated
BARCLAYS,745 SEVENTH AVE,NEW YORK,NY,10019,40.760747636929,-73.98342913178,True,ai,corroborated
BARETZ BRUNELLE,44 WALL ST,NEW YORK,NY,10005,40.706794,-74.0093855,True,ai,grounded
BARG SINGER HOESLY PC,,,,,,,True,,
"BARGAIN CAR, TRUCK & VAN RENTALS INC",18 S SPROUL RD,BROOMALL,PA,19008,39.9812071,-75.361308,True,manual,verified
BARKAI YESHIVAH,,,,,,,True,,
BARKER LAW FIRM,,,,,,,True,,
BARNABAS HEALTH,520 BROAD ST,BLOOMFIELD,NJ,07003,40.8113845,-74.1938707,True,ai,corroborated
BARNABAS HEALTH MEDICAL GROUP,1 JOHNSON DR,WEST ORANGE,NJ,07052,40.785755,-74.265058,True,ai,corroborated
BARNARD COLLEGE,3009 BROADWAY,NEW YORK,NY,10027,40.808341,-73.9637813,True,ai,corroborated
BARNES & THORNBURG,202 N MERIDIAN ST,INDIANAPOLIS,IN,46204,39.7700683,-86.15809,True,ai,grounded
BARON PROPERTY GROUP,152 W 57TH ST 37TH FLOOR,NEW YORK,NY,10019,40.7648665,-73.9796202,True,ai,grounded
BARON'S WHOLESALE CLOTHIER'S INC,,,,,,,True,,
BARONS,,,,,,,True,,
"BARRACK, RODOS & BACINE",2001 MARKET ST,PHILADELPHIA,PA,19103,39.953671,-75.173318,True,ai,corroborated
BARRINGTON JEWELS INC,,,,,,,True,,
BARRY J RICHTER MD,5 DURHAM RD STE B2,GUILFORD,CT,06437,41.2983885,-72.6870407,True,manual,verified
"BARRY S. KAYNE, DDS",,,,,,,True,,
BARTLIT BECK,COURTHOUSE PL 54 W HUBBARD ST,CHICAGO,IL,60654,41.890090183566,-87.629928409983,True,ai,grounded
BARTLIT BECK,1801 WEWATTA ST STE 1200,DENVER,CO,80202,39.753272592063,-105.002577982857,False,ai,grounded
"BARUCH COLLEGE, CITY UNIVERSITY OF NEW YORK",ONE BERNARD BARUCH WAY,NEW YORK,NY,10010,40.7127281,-74.0060152,True,manual,verified
BARVIN GROUP,8 GREENWAY PLAZA STE 905,HOUSTON,TX,77046,29.7325314,-95.4315772,True,ai,grounded
BAS HOLDINGS INVESTMENTS,,,,,,,True,,
BASCH KEEGAN &SPADA,40 RECTOR ST 7TH FLOOR,NEW YORK,NY,10006,40.7086278,-74.0147454,True,ai,corroborated
BASCO INC,40 AERO RD,BOHEMIA,NY,11716,40.779794090453,-73.093826356132,True,ai,grounded
BASIC ADHESIVES,2225 INDUSTRIAL BLVD,PLYMOUTH,MN,55447,45.0023699,-93.4546164,True,ai,uncorroborated
BASIC EDUCATION TUTORS,,,,,,,True,,
BASIC PROMOTIONS,,,,,,,True,,
BASIC RESOURCES,1411 BROADWAY 2ND FLOOR,NEW YORK,NY,10018,40.7542112,-73.9875646,True,manual,verified
BASS MEDICAL GROUP,,,,,,,True,,
BASS TOOL,6200 W HOUSTON HARTE EXPY,SAN ANGELO,TX,76901,31.4523599,-100.4854577,True,ai,corroborated
BASSUK ORGANIZATION,THE TOWERS 111 GREAT NECK RD,GREAT NECK,NY,11021,40.784751683953,-73.729794378685,True,manual,verified
BATH AND BODY WORKS,1950 W CENTER CT,COLUMBUS,OH,43228,39.964019,-83.127747,True,ai,corroborated
BATON ROUGE,,,,,,,True,,
BATON ROUGE GENERAL,8585 PICARDY AVE,BATON ROUGE,LA,70809,30.3942923,-91.0949938,True,ai,corroborated
BATON ROUGE MACHINE WORKS,,,,,,,True,,
BATON ROUGE PHYSICAL THERAPY LAKE,,,,,,,True,,
BATON ROUGE UROLOGY GROUP,8585 PICARDY AVE,BATON ROUGE,LA,70809,30.3942923,-91.0949938,True,ai,corroborated
BATORY FOODS,,,,,,,True,,
BATTLE CREEK PUBLIC SCHOOLS,100 E VAN BUREN ST,BATTLE CREEK,MI,49017,42.3193505,-85.1761377,True,ai,corroborated
BATTLE FOWLER ET AL,,,,,,,True,,
BAUGHMAN KROUP BOSSE,ONE LIBERTY PLAZA FL 46,NEW YORK,NY,10006,40.7097367,-74.010857,True,manual,verified
BAUM IMAGE GROUP INC,,,,,,,True,,
BAUM REVISION,,,,,,,True,,
BAUPOST,10 SAINT JAMES AVE STE 1700,BOSTON,MA,02116,42.350939108446,-71.070518832399,True,ai,grounded
BAWCAP,,,,,,,True,,
BAY CHILDREN'S MEDICAL GROUP (BCMG),6425 CHRISTIE AVE STE 220,EMERYVILLE,CA,94608,37.8443468,-122.2958826,True,manual,verified
BAY PARTNERS,2055 LIMESTONE RD STE 200,WILMINGTON,DE,19808,39.737615,-75.667057,True,ai,uncorroborated
BAYBERRY CARE CENTER,40 KEOGH LN,NEW ROCHELLE,NY,10805,40.8916882,-73.7843252,True,ai,grounded
BAYBRIDGE REAL ESTATE CAPITAL,3200 PARK CENTER DR STE 260,COSTA MESA,CA,92626,33.688849,-117.8828239,True,ai,uncorroborated
BAYER,100 BAYER BLVD,WHIPPANY,NJ,07981,40.8177463,-74.4133961,True,ai,grounded
BAYER VENTURES LLC,2130 HIGHLAND AVE S,BIRMINGHAM,AL,35205,33.5001436,-86.7920096,True,ai,grounded
BAYLOR COLLEGE OF MEDICINE,ONE BAYLOR PLAZA,HOUSTON,TX,77030,29.7107903,-95.3966902,True,ai,corroborated
BAYLOR SCOTT & WHITE,2401 S 31ST ST,TEMPLE,TX,76508,31.0769848,-97.3625747,True,ai,corroborated
BAYMARK,,,,,,,True,,
BAYNET,,,,,,,True,,
BAYSHORE 77 CORPORATION,,,,,,,True,,
BAYSTONE DEVELOPMENT,1 HARBOR DR STE 200,SAUSALITO,CA,94965,37.8675117,-122.5007247,True,ai,uncorroborated
BAYVIEW ASSET MANAGEMENT,4425 PONCE DE LEON BLVD FIFTH FLOOR,CORAL GABLES,FL,33146,25.731399649968,-80.25832683518,True,ai,grounded
BAYVIEW ASSET MANAGEMENT,1899 WYNKOOP ST STE 315,DENVER,CO,80202,39.754696084857,-104.997380266914,False,ai,grounded
BBC,,,,,,,True,,
BBG,,,,,,,True,,
BBJ SYNAGOGUE,,,,,,,True,,
BBO,,,,,,,True,,
BBR PARTNERS,55 E 52ND ST 18TH FLOOR,NEW YORK,NY,10055,40.759058792455,-73.974399321181,True,manual,verified
BBS&G,,,,,,,True,,
BBX CAPITAL,201 E LAS OLAS BLVD STE 1900,FORT LAUDERDALE,FL,33301,26.1193402,-80.1410034,True,manual,verified
BCBSM,,,,,,,True,,
BCCP,,,,,,,True,,
BCE,,,,,,,True,,
BCG,200 PIER 4 BLVD,BOSTON,MA,02210,42.348036,-71.039283,True,ai,uncorroborated
BCLL,,,,,,,True,,
BCMI,,,,,,,True,,
BCMONE,1000 WOODBURY RD STE 360,WOODBURY,NY,11797,40.8025337,-73.4799213,True,ai,uncorroborated
BCR CORPORATION,,,,,,,True,,
BCR PROPERTIES LLC,1100 CORPORATE DR STE 200,LADERA RANCH,CA,92694,33.5537598,-117.629737,True,ai,uncorroborated
BD HOTELS,,,,,,,True,,
BDG LAW GROUP,101 W BROADWAY #1300,SAN DIEGO,CA,92101,32.7150419,-117.164268,True,ai,corroborated
BDJ,11175 SANTA MONICA BLVD,LOS ANGELES,CA,90025,34.0475435,-118.4459152,True,manual,verified
BDMG INC,,,,,,,True,,
BDO,1000 N WEST ST STE 1200,WILMINGTON,DE,19801,39.723588,-75.541208,True,ai,uncorroborated
BDO USA PC,100 PARK AVE,NEW YORK,NY,10017,40.7513385,-73.9790005,True,ai,uncorroborated
BDT,,,,,,,True,,
BDT&MSD,401 N MICHIGAN AVE STE 3100,CHICAGO,IL,60611,41.8894215,-87.6235164,True,ai,grounded
BDTX,111 GREAT NECK RD STE 102,GREAT NECK,NY,11021,40.785346,-73.7295403,True,ai,uncorroborated
BE-CAUSE,,,,,,,True,,
BEABLE EDUCATION,2201 BROADWAY,SANTA MONICA,CA,90404,34.0289332,-118.4765845,True,ai,uncorroborated
BEACHPOINT CAPITAL,1620 26TH ST STE 6000N,SANTA MONICA,CA,90404,34.030388470677,-118.470988836958,True,ai,grounded
BEACHPOINT CAPITAL,1114 AVE OF THE AMERICAS 21ST FLOOR,NEW YORK,NY,10036,40.755441911177,-73.983595768664,False,ai,grounded
BEACHWOOD VENTURES,,,,,,,True,,
BEACON DAY SCHOOL,,,,,,,True,,
BEACON POINTE,28402 TOWN CENTER DR STE 360,AGOURA HILLS,CA,91301,34.123286,-118.758541,True,ai,uncorroborated
BEACON RESIDENTIAL MANAGEMENT,3700 LATHAM ST STE 210,RALEIGH,NC,27609,35.843765,-78.633643,True,ai,uncorroborated
BEACONSTAC,200 STATE ST,NORTHAMPTON,MA,01060,42.3246345,-72.6354312,True,ai,uncorroborated
BEAL,6000 LEGACY DR,PLANO,TX,75024,33.0778134,-96.8267118,True,manual,verified
BEAR DEVELOPMENT HOLDINGS,,,,,,,True,,
BEAR STEARNS & CO,BY HISTORICAL NOTE 383 MADISON AVE,NEW YORK,NY,10179,43.0690799,-76.1723723,True,ai,uncorroborated
BEAUMONT HEALTH SYSTEM,3601 W 13 MILE RD,ROYAL OAK,MI,48073,42.5158223,-83.1904061,True,ai,corroborated
BEAUTIFUL INTERIRORS DESIGN GROUP,,,,,,,True,,
BEAUTIFUL SMILE,,,,,,,True,,
BEB CAPITAL,7 SEAVIEW BLVD,PORT WASHINGTON,NY,11050,40.8147796,-73.6564095,True,ai,corroborated
BECKER,,,,,,,True,,
BECKER ARCHITECTS LTD,1249 N 5TH ST,PHILADELPHIA,PA,19122,39.9708597,-75.1447521,True,ai,uncorroborated
BECKER CHARITABLE TRUST,,,,,,,True,,
BECKER GURIAN,513 CENTRAL AVE STE 400,HIGHLAND PARK,IL,60035,42.1862524,-87.7985293,True,ai,grounded
BECKER LAW GROUP,388 CORDOVA ST STE 100C,PASADENA,CA,91101,34.141864,-118.1418778,True,manual,verified
BECKER MANAGEMENT GROUP,,,,,,,True,,
BECKER MEDIA,,,,,,,True,,
BECKERS HEALTHCARE AND MCGUIREWOODS,800 E CANAL ST,RICHMOND,VA,23219,37.537195,-77.438049,True,ai,grounded
BECKERS HEALTHCARE AND MCGUIREWOODS,77 W WACKER DR STE 4100,CHICAGO,IL,60601,41.886817266832,-87.630383231155,False,ai,grounded
BED BATH & BEYOND,650 LIBERTY AVE,UNION,NJ,07083,40.6973679,-74.3044599,True,manual,verified
BEDFORD CAPITAL GROUP,114 W 47TH ST,NEW YORK,NY,10036,40.7581783,-73.9829836,True,ai,uncorroborated
BEDROCK MANAGEMENT SERVICES LLC,,,,,,,True,,
BEECHWOOD HOMES,200 ROBBINS LN,JERICHO,NY,11753,40.7948674,-73.5178355,True,ai,corroborated
BEELINE MOBILITY,8110 7TH AVE S,SEATTLE,WA,98108,47.5299921,-122.3246819,True,ai,grounded
BEHAR COMPANY,,,,,,,True,,
BEHAVIORAL MEDICINE ASSOCIATES,310 E SHORE RD STE 100,GREAT NECK,NY,11023,40.8003181,-73.7137501,True,manual,verified
BEILINSON ADVISORY GROUP,,,,,,,True,,
BEIT SHEMESH MUNICIPALITY,,,,,,,True,,
BEL AIR INVESTMENT ADVISORS,,,,,,,True,,
BEL AIR LAW FIRM PC,,,,,,,True,,
BELCARO GROUP,3301 E 1ST AVE STE 220,DENVER,CO,80206,39.7182181,-104.9482494,True,ai,corroborated
BELDON ROOFING COMPANY,5039 W AVE,SAN ANTONIO,TX,78213,29.5125241,-98.5260301,True,ai,grounded
BELGRAVIA GROUP,1 LITTLE W 12TH ST,NEW YORK,NY,10014,40.7395934,-74.0057809,True,ai,uncorroborated
BELKIN BURDEN GOLDMAN,476 5TH AVE,NEW YORK,NY,10018,40.7533445,-73.9821524,True,ai,grounded
BELL TEXTRON,4501 N EWING ST,FORT WORTH,TX,76117,32.803436,-97.267376,True,ai,corroborated
BELLAGIO,3600 S LAS VEGAS BLVD,LAS VEGAS,NV,89109,36.1464498,-115.1554725,True,ai,corroborated
BELLOCK CONSTRUCTION INC,2500 ARAPAHOE AVE STE 220,BOULDER,CO,80302,40.0141575,-105.261549,True,manual,verified
BELLWETHER,99 HIGH ST,BOSTON,MA,02110,42.35417,-71.0547164,True,ai,uncorroborated
BELO CORPORATION,400 S RECORD ST,DALLAS,TX,75202,32.776455,-96.80572,True,manual,verified
BELOVED COMMUNITY SERVICES CORPORATION,1528 S ROBERTSON BLVD,LOS ANGELES,CA,90035,34.0519234,-118.3840241,True,ai,uncorroborated
BELVOIR PROPERTIES,17 VIRGINIA AVE STE 100,PROVIDENCE,RI,02905,41.7930779,-71.4007361,True,ai,grounded
BELZ ENTERPRISES,100 PEABODY PL STE 1400,MEMPHIS,TN,38103,35.1412789,-90.0540168,True,manual,verified
BELZ INVESTCO,100 PEABODY PL STE 1400,MEMPHIS,TN,38103,35.1412789,-90.0540168,True,ai,grounded
BEN & ESTHER ROSENBLOOM FDN,8 RESERVOIR CIR STE 202,BALTIMORE,MD,21208,39.388339240225,-76.73277593583,True,ai,grounded
BENCH FINANCIAL,,,,,,,True,,
BENCH WALK ADVISORS,485 LEXINGTON AVE 29TH FLOOR,NEW YORK,NY,10017,40.7542495,-73.9738298,True,manual,verified
BENEDICT PROPERTIES LLC,711 STEWART AVE STE 100,GARDEN CITY,NY,11530,40.7332965,-73.6090531,True,ai,grounded
BENEFIT STREET PARTNERS,11 TIMES SQ 20TH FLOOR,NEW YORK,NY,10036,40.7566036,-73.989657,True,ai,corroborated
BENESCH,41 S HIGH ST STE 2600,COLUMBUS,OH,43215,39.9611747,-83.0010939,True,ai,corroborated
"BENESCH, FRIEDLANDER, COPLAN & ARONOFF LLP",200 PUBLIC SQ STE 2300,CLEVELAND,OH,44114,41.4999675,-81.691827,True,manual,verified
BENIKO INC,,BEVERLY HILLS,CA,90210,,,True,manual,verified
"BENJAMIN ARBESFELD, MD PC",,,,,,,True,,
BENJAMIN END CO,,,,,,,True,,
BENJAMIN M. TRIPP MD PA,,,,,,,True,,
BENJI,,,,,,,True,,
BENTEX,34 W 33RD ST,NEW YORK,NY,10001,40.7484047,-73.9868343,True,ai,corroborated
BENTLEY BUILDERS,124 E WASHINGTON ST 2ND FLOOR,BRENTWOOD,TN,37027,35.999288,-86.785062,True,ai,uncorroborated
BENTLEY INVESTMENTS,1 MARINA PARK DR,QUINCY,MA,02171,42.29147,-71.025822,True,ai,uncorroborated
BENTOFF AND DUBER,,,,,,,True,,
BENTON LLOYD & CHUNG LLC,600 MONTGOMERY ST,SAN FRANCISCO,CA,94111,37.7951883,-122.4027902,True,ai,uncorroborated
BENVENT PROPERTIES LLC,,,,,,,True,,
BEONE MEDICINES,16 MADISON SQ WEST 5TH FLOOR,NEW YORK,NY,10010,40.739045,-73.982616,True,ai,uncorroborated
BERAJA MEDICAL INSTITUTE,,,,,,,True,,
BERDON,80 BROAD ST 10TH FLOOR,NEW YORK,NY,10004,40.7043518,-74.0118701,True,ai,corroborated
BERENSON PARTNERS LLC,250 PARK AVE S 7TH FLOOR,NEW YORK,NY,10003,40.7381944,-73.9880991,True,ai,uncorroborated
BERGENFIELD WOMENS' HEALTH,520 COUNTY RD,BERGENFIELD,NJ,07621,40.922334,-73.998001,True,ai,corroborated
BERGER & EPSTEIN P A,3508 FAIRFAX DR STE 410,ARLINGTON,VA,22201,38.8841334,-77.1018435,True,ai,uncorroborated
BERGER & MONTAGUE,1818 MARKET ST STE 3600,PHILADELPHIA,PA,19103,39.9530099,-75.171004,True,ai,corroborated
BERGER COMMUNITIES,1300 SE STARK ST STE 210,PORTLAND,OR,97214,45.5191349,-122.6521123,True,ai,uncorroborated
BERGER CONSULTING GROUP,,,,,,,True,,
BERGER FIRM PA,10800 BISCAYNE BLVD STE 201,MIAMI,FL,33161,25.8752091,-80.1707645,True,ai,grounded
BERGER KAHN,350 CAMBRIDGE AVE,PALO ALTO,CA,94306,37.4282175,-122.145052,True,ai,corroborated
BERGER ORG,,,,,,,True,,
BERGER ORGANIZATION,1 LIBERTY PLAZA,NEW YORK,NY,10006,40.709029052617,-74.009291397873,True,ai,uncorroborated
BERGERSCHATZ,,,,,,,True,,
BERK MERCHANT & SIMS,510 MADISON AVE,NEW YORK,NY,10022,40.759672,-73.974396,True,ai,uncorroborated
BERKADIA,300 KIMBALL DR STE 300,PARSIPPANY,NJ,07054,40.8608742,-74.4070377,True,ai,corroborated
BERKHEMER CLAYTON,600 W GERMANTOWN PIKE STE 300,PLYMOUTH MEETING,PA,19462,40.115345,-75.28199,True,ai,uncorroborated
BERKSHIRE BROADCASTING,,,,,,,True,,
BERKSHIRE HATHAWAY HOMESERVICES LAFFEY INTERNATIONAL REALTY,1160 N TOWN CENTER DR STE 200,LAS VEGAS,NV,89144,36.1829298,-115.3109366,True,ai,uncorroborated
BERKSHIRE PARTNERS LLC,200 CLARENDON ST 35TH FLOOR,BOSTON,MA,02116,42.349892887433,-71.074890803629,True,ai,grounded
BERKSHIRE PARTNERS LLC,767 FIFTH AVE 34TH FLOOR,NEW YORK,NY,10153,40.764198937052,-73.972984640586,False,ai,grounded
BERLIN HS,,,,,,,True,,
BERLINER FROZEN STORAGE,,,,,,,True,,
BERLINER MOBILE VENDING,,,,,,,True,,
BERMAN ENT,5410 EDSON LN STE 220,ROCKVILLE,MD,20852,39.051511,-77.123973,True,ai,grounded
BERMAN FINANCIAL SERVICES,1872 GREENTREE RD #1,CHERRY HILL,NJ,08003,39.9053341,-74.9696125,True,ai,grounded
BERMAN SKIN INSTITUTE,900 WELCH RD STE 300,PALO ALTO,CA,94304,37.4368741,-122.177138,True,ai,grounded
"BERMAN, BERMAN, BERMAN, SCHNEIDER & LOWARY LLP",11900 W OLYMPIC BLVD 6TH FLOOR,LOS ANGELES,CA,90064,34.032782,-118.450977,True,manual,verified
"BERMAN, SOBIN, GROSS, FELDMAN & DARBY",,,,,,,True,,
BERNARD A SHUSTER MD PA,,,,,,,True,,
BERNARD FINANCIAL GROUP,,,,,,,True,,
BERNATH ROSENBERG,,,,,,,True,,
BERNSTEIN,3299 K ST NW STE 700,WASHINGTON,DC,20007,38.9033722,-77.0647236,True,manual,verified
BERNSTEIN LAW FIRM,875 THIRD AVE,NEW YORK,NY,10022,40.7571861,-73.9691855,True,ai,uncorroborated
BERNSTEIN LIEBHARD LLP,10 E 40TH ST 22ND FLOOR,NEW YORK,NY,10016,40.745182,-73.978053,True,ai,corroborated
BERNSTEIN LITOWITZ BERGER & GROSSMANN,1251 AVE OF THE AMERICAS 44TH FLOOR,NEW YORK,NY,10020,40.759174,-73.980715,True,ai,corroborated
BERRY GLOBAL,10100 KINCEY AVE,EVANSVILLE,IN,47725,38.103258,-87.527001,True,ai,grounded
BERTA MANAGEMENT,,,,,,,True,,
BERYL TECHNICAL SERVICES,,,,,,,True,,
BESANCON VENTURES,,,,,,,True,,
BESPOKE FASHION,,,,,,,True,,
BESSEMER VENTURE PARTNERS,1 LETTERMAN DR BUILDING D STE D2-400,SAN FRANCISCO,CA,94129,37.79734,-122.464466,True,ai,corroborated
BEST BRANDS CONSUMER PRODUCTS,,,,,,,True,,
BEST CARE HOME HEALTH INC,7100 N RIDGEWAY AVE,LINCOLNWOOD,IL,60712,41.9972716,-87.7228065,True,manual,verified
BEST CARE NURSES REGISTRY INC,208 S 28TH AVE,HOLLYWOOD,FL,33020,26.0102217,-80.1633519,True,manual,verified
BEST DEVELOPMENT,,,,,,,True,,
BEST ENERGY POWER,,,,,,,True,,
BEST MANAGEMENT CONSTRUCTION INC,,,,,,,True,,
BEST WESTSIDE PROPERTIES,,,,,,,True,,
BESTART,,,,,,,True,,
BET RESEARCH,,,,,,,True,,
BETA,,,,,,,True,,
BETH EMET SCHOOL,1224 DEMPSTER ST,EVANSTON,IL,60202,42.0409549,-87.6887444,True,ai,uncorroborated
BETH ISRAEL DEACONESS MEDICAL CENTER,330 BROOKLINE AVE,BOSTON,MA,02215,42.3397971,-71.1048718,True,ai,corroborated
BETH ISRAEL HOSPITAL,ONE CENTRAL ST,BOSTON,MA,02114,42.3587267,-71.0540865,True,ai,uncorroborated
BETH ISRAEL LAHEY HEALTH,1 ESSEX DR STE 300,BURLINGTON,MA,01803,42.503227,-71.201713,True,ai,corroborated
BETH JACOB CONGREGATION,,,,,,,True,,
"BETH JACOB CONGREGATION, OAKLAND",,,,,,,True,,
BETH TFILOH,3300 OLD CT RD,PIKESVILLE,MD,21208,39.3862758,-76.7071919,True,ai,corroborated
BETH TFILOH CONGREGATION,3935 ALBEMARLE ST,BALTIMORE,MD,21215,39.28996,-76.6047429,True,ai,corroborated
BETH WOLFF & ASSOCIATES,,,,,,,True,,
BETHESDA SOFTWORKS,1370 PICCARD DR STE 120,ROCKVILLE,MD,20850,39.1052599,-77.1806421,True,ai,grounded
BETHESDA VISION CARE,4711 MONTGOMERY LN STE 400,BETHESDA,MD,20814,38.9836698,-77.0948197,True,ai,corroborated
BETTER LIFE PLANS,,,,,,,True,,
BETTERUP,600 CALIFORNIA ST 11TH FLOOR,SAN FRANCISCO,CA,94108,37.7929829,-122.4047906,True,ai,uncorroborated
BEVERAGE DISTRIBUTORS COMPANY LLC,4500 S STUART ST,ARLINGTON,VA,22206,38.844026,-77.087233,True,ai,uncorroborated
BEVERAGE MARKETING USA,,,,,,,True,,
BEVERLY HILLS LITTLE LEAGUE,,,,,,,True,,
BEVERLY HILLS PLASTIC SURGERY GROUP,464 N ROXBURY DR #200,BEVERLY HILLS,CA,90210,34.0680398,-118.4067694,True,ai,corroborated
BEXAR COUNTY,100 DOLOROSA ST,SAN ANTONIO,TX,78205,29.423256,-98.49364,True,ai,corroborated
BGR GROUP,300 NEW JERSEY AVE NW STE 900,WASHINGTON,DC,20001,38.894044,-77.010805,True,ai,corroborated
BH CHAMELEON,,,,,,,True,,
BH3,819 NE 2ND AVE STE 500,FORT LAUDERDALE,FL,33304,26.1338568,-80.1423116,True,ai,grounded
BH3 MANAGEMENT,225 WASHINGTON ST,DOVER,NH,03820,43.1941424,-70.8812808,True,ai,uncorroborated
BHB HOLDINGS,,,,,,,True,,
BHI ENERGY,2251 LAKESIDE BLVD STE 100,RICHARDSON,TX,75082,32.9802697,-96.7102233,True,ai,uncorroborated
BIANCO PROPERTIES,,,,,,,True,,
BID MILTON,,,,,,,True,,
BIDMC,330 BROOKLINE AVE,BOSTON,MA,02215,42.3397971,-71.1048718,True,ai,corroborated
"BIENENFELD , LASEK AND STARR LLC",,,,,,,True,,
BIERER RESEARCH GROUP,,,,,,,True,,
BIG 4 PROPERTIES,,,,,,,True,,
BIG BOBS FLOORING,,,,,,,True,,
BIG GEYSER INC,,,,,,,True,,
BIGHAWK,,,,,,,True,,
BIJAN & CO,,,,,,,True,,
BILH,200 CAMBRIDGE ST,BOSTON,MA,02114,42.3608577,-71.0656934,True,ai,corroborated
BILTMORE FAMILY OFFICE,500 E BLVD,CHARLOTTE,NC,28203,35.208763,-80.8543595,True,ai,grounded
BILWIN DEVELOPMENT AFFILIATES LLC,360 LEXINGTON AVE 12TH FLOOR,NEW YORK,NY,10017,40.7504859,-73.9771542,True,ai,corroborated
BILZIN SUMBERG BAENA PRICE & AXELROD LLP,1450 BRICKELL AVE 23RD FLOOR,MIAMI,FL,33131,25.7586738,-80.1931402,True,manual,verified
BIMBO BAKERIES USA,255 BUSINESS CENTER DR,HURST,TX,76054,32.857279,-97.178552,True,ai,uncorroborated
BINDLER INVESTMENT GROUP,,,,,,,True,,
BIOCCELERATION INC,,,,,,,True,,
BIONIC COLABS,,,,,,,True,,
BIOPLAND RD,,,,,,,True,,
BIOTECH ADVISOR,,,,,,,True,,
BIRCH RISK ADVISORS,55 E 3RD AVE STE 200,SAN MATEO,CA,94401,37.5639315,-122.3251813,True,ai,corroborated
"BIRCH, HORTON, BITTNER AND CHEROT",1050 CONNECTICUT AVE NW STE 500,WASHINGTON,DC,20036,38.9034565,-77.0401538,True,ai,corroborated
BIRCHWOOD PROPERTIES LLC,,,,,,,True,,
BIRD MARELLA,1875 CENTURY PARK EAST 23RD FLOOR,LOS ANGELES,CA,90067,34.0618409,-118.415054,True,ai,corroborated
BIRDI,,,,,,,True,,
BIRDIES,,,,,,,True,,
BIRMINGHAM VA HOSPITAL,700 S 19TH ST,BIRMINGHAM,AL,35233,33.505115700236,-86.801304402734,True,ai,corroborated
BIRTHRIGHT ISRAEL,711 3RD AVE 10TH FLOOR,NEW YORK,NY,10017,40.7521472,-73.9729112,True,ai,grounded
BISCAYNE ATLANTIC,1401 BRICKELL AVE #100,MIAMI,FL,33131,25.7597271,-80.1919203,True,ai,corroborated
BISHOP GOLD GROUP,,,,,,,True,,
BITDEFENDER INC,6301 NW 5TH WAY STE 4300,FORT LAUDERDALE,FL,33309,26.2054213,-80.1511268,True,ai,grounded
BITREK CORPORATION,,,,,,,True,,
BIZMAVEN LLC,,,,,,,True,,
BKM TOTAL OFFICE,8101 SANDY SPRING RD,LAUREL,MD,20707,39.1022529,-76.8665898,True,ai,uncorroborated
BLACK BEAR VALUE PARTNERS,100 S 5TH ST #1900,MINNEAPOLIS,MN,55402,44.9784227,-93.2686953,True,ai,uncorroborated
BLACK DIAMOND GOURMET,1581 MCDONALD AVE,BROOKLYN,NY,11230,40.614475,-73.973735,True,ai,grounded
BLACKBIRD VENTURES,,,,,,,True,,
BLACKHAWK SEALS,2320 INDUSTRIAL DR,BELVIDERE,IL,61008,42.2502452,-88.8975833,True,ai,uncorroborated
BLACKROCK,55 E 52ND ST,NEW YORK,NY,10055,40.7590841,-73.9736001,True,ai,corroborated
BLACKSTONE GROUP,345 PARK AVE,NEW YORK,NY,10154,40.7577559,-73.9722731,True,manual,verified
BLACKSTREET,,,,,,,True,,
BLADYKAS ENGINEERING PC,50 JACKSON AVE STE 300,SYOSSET,NY,11791,40.8245175,-73.5027295,True,manual,verified
BLAKE PARTNERS LLC,270 W 39TH ST SECOND FLOOR,NEW YORK,NY,10018,40.755327,-73.992696,True,ai,grounded
BLANK ROME LLP,130 N 18TH ST,PHILADELPHIA,PA,19103,39.956259,-75.169447,True,ai,corroborated
BLASS PROPERTIES,,,,,,,True,,
BLATT REALTY,241 S LINDEN DR,BEVERLY HILLS,CA,90212,34.0633237,-118.4080991,True,ai,grounded
BLATTNER FIDUCIARY SERVICES,1000 NICOLLET MALL #900,MINNEAPOLIS,MN,55403,44.9737893,-93.2758321,True,ai,uncorroborated
BLB&G LLP,1251 AVE OF THE AMERICAS,NEW YORK,NY,10020,40.7600411,-73.9818903,True,manual,verified
BLD THERAPY,,,,,,,True,,
BLDG MANAGEMENT CO INC,417 FIFTH AVE STE 400,NEW YORK,NY,10016,40.750732544776,-73.982803828656,True,manual,verified
BLEAKLEY FINANCIAL GROUP,9 CAMPUS DR STE 201,PARSIPPANY,NJ,07054,40.8436,-74.45249,True,ai,grounded
BLEEMA MANUFACTURING CO LLC,,,,,,,True,,
BLESS THIS MESS CLEANING,,,,,,,True,,
BLEY INVESTMENT GROUP,,,,,,,True,,
BLEZNAK ASSOCIATES,255 E BROWN ST STE 200,BIRMINGHAM,MI,48009,42.543962,-83.2146326,True,manual,verified
BLG,,,,,,,True,,
BLIMI & BENJY BERGER,,,,,,,True,,
BLOCK & LEVITON LLP,260 FRANKLIN ST STE 1860,BOSTON,MA,02110,42.3567772,-71.053804,True,ai,corroborated
BLOCK SEARCH LLC,,,,,,,True,,
BLOCKER LAW LLC,1717 S BELLAIRE ST #302,DENVER,CO,80222,39.6854115,-104.9372173,True,ai,uncorroborated
BLOOM ADVISORS,31275 NORTHWESTERN HWY STE 145,FARMINGTON HILLS,MI,48334,42.504694,-83.349204,True,ai,grounded
BLOOM ENERGY,4353 N FIRST ST,SAN JOSE,CA,95134,37.420945330479,-121.962621801562,True,ai,uncorroborated
BLOOM FAMILY EYE SURGEONS,1020 WOODMAN DR STE 105,DAYTON,OH,45432,39.751458021159,-84.119784457648,True,manual,verified
BLOOM KLYMAN,,,,,,,True,,
BLOOMBERG,731 LEXINGTON AVE,NEW YORK,NY,10022,40.7618743,-73.9682563,True,ai,grounded
BLOOMBERG,120 PARK AVE,NEW YORK,NY,10017,40.751538639601,-73.97818747139,False,ai,grounded
BLOOMBERG,919 THIRD AVE,NEW YORK,NY,10022,40.759089190755,-73.968291031908,False,ai,grounded
BLOOMERS INTIMATES,6 ORSINI DR,LARCHMONT,NY,10538,40.9390687,-73.7609143,True,manual,verified
BLOOMFIELD CAPITAL,700 FOREST AVE,BIRMINGHAM,MI,48009,42.5453658,-83.2095409,True,ai,grounded
BLS CONSULTING,,,,,,,True,,
BLT RESTAURANT GROUP,145 E 57TH ST FL 11,NEW YORK,NY,10022,40.760888939259,-73.968881611121,True,ai,grounded
BLT RESTAURANT GROUP,950 THIRD AVE 23RD FLOOR,NEW YORK,NY,10022,40.760231166369,-73.96763630302,False,ai,grounded
BLUE ARCH CAPITAL,2875 NE 191ST ST PH 2A,AVENTURA,FL,33180,25.962149,-80.140904,True,ai,grounded
BLUE ARCH INVESTMENTS INC,6300 WILSHIRE BLVD STE 1420,LOS ANGELES,CA,90048,34.0631573,-118.3663294,True,manual,verified
BLUE CHIP CAPITAL,,,,,,,True,,
BLUE CROSS,225 N MICHIGAN AVE,CHICAGO,IL,60601,41.8864391,-87.6237899,True,ai,uncorroborated
BLUE FOG CAPITAL LLC,111 SUTTER ST STE 700,SAN FRANCISCO,CA,94104,37.7901267,-122.4026973,True,ai,corroborated
BLUE FOG MARINE LLC,,,,,,,True,,
BLUE GALLERY,,,,,,,True,,
BLUE HAVEN INITIATIVE,100 HIGH ST FL 8,BOSTON,MA,02110,42.3544401,-71.0556228,True,ai,uncorroborated
BLUE HERON CONSULTING,,,,,,,True,,
BLUE LAUREL ADVISORS,,,,,,,True,,
BLUE MOUNTAIN CAPITAL,277 PARK AVE 50TH FLOOR,NEW YORK,NY,10172,40.755263,-73.9742085,True,ai,corroborated
BLUE OCEAN,,,,,,,True,,
BLUE OCEAN STRATEGIES LLC,,,,,,,True,,
BLUE OWL CAPITAL,55 HUDSON YARDS 17TH FLOOR,NEW YORK,NY,10001,40.7552063,-74.0017804,True,ai,corroborated
BLUE RIBBON PET PRODUCTS INC,1015 US-70,HENDERSON,NC,27536,36.325908,-78.406772,True,ai,uncorroborated
BLUE STAR BENEFITS,,,,,,,True,,
BLUE STAR DEVELOPMENT,,,,,,,True,,
BLUELIGHT STRATEGIES,,,,,,,True,,
BLUELINX,1000 ABERNATHY RD NE STE 1700,ATLANTA,GA,30328,33.9348521,-84.3546257,True,ai,corroborated
BLUESPOT,,,,,,,True,,
BLUESTAR ALLIANCE,1370 BROADWAY STE 1107,NEW YORK,NY,10018,40.752097332113,-73.987427912842,True,manual,verified
BLUESTAR PROPERTIES,,,,,,,True,,
BLUETENT,1801 18TH ST NW STE 400,WASHINGTON,DC,20009,38.914215,-77.041553,True,ai,uncorroborated
BLUMAX PARTNERS LLC,,,,,,,True,,
BLUMBERG CAPITAL,580 CALIFORNIA ST,SAN FRANCISCO,CA,94104,37.7929844,-122.404152,True,ai,grounded
BLUT LAW GROUP,300 S 4TH ST STE 701,LAS VEGAS,NV,89101,36.1672173,-115.1438848,True,manual,verified
BLVD INN AND BISTRO,,,,,,,True,,
BM TONKIN INC,,,,,,,True,,
BMC INVESTMENTS,,,,,,,True,,
BMO,425 LEXINGTON AVE,NEW YORK,NY,10017,40.7522694,-73.9749665,True,ai,corroborated
BMO CAPITAL MARKETS,1585 BROADWAY,NEW YORK,NY,10036,40.7599838,-73.9855237,True,ai,grounded
BMR TECHNOLOGIES,,,,,,,True,,
BMW MANAGEMENT,,,,,,,True,,
BMWL & PARTNERS,,,,,,,True,,
BNA ANEST,,,,,,,True,,
BNB REALTY,3665 WOODHEAD DR,NORTHBROOK,IL,60062,42.1481984,-87.8700173,True,ai,grounded
BNE,,,,,,,True,,
BNE REAL ESTATE GROUP,16 MICROLAB RD STE A,LIVINGSTON,NJ,07039,40.799523347474,-74.350112001053,True,manual,verified
BNK SALES,,,,,,,True,,
BNP PARIBAS,787 SEVENTH AVE,NEW YORK,NY,10019,40.76174306511,-73.982703721223,True,ai,corroborated
BNY MELLON,240 GREENWICH ST,NEW YORK,NY,10286,40.7152837,-74.0113289,True,ai,corroborated
BNY MELLON FINANCIAL,240 GREENWICH ST,NEW YORK,NY,10286,40.714195,-74.011673,True,ai,uncorroborated
BOARD OF ED,,,,,,,True,,
BOARD OF EDUCATION,,,,,,,True,,
BOBER MARKEY FEDOROVICH,,,,,,,True,,
BOCA EXPRESS TRAVEL,4990 TOWN CENTER RD,BOCA RATON,FL,33486,26.3615586,-80.1339918,True,ai,corroborated
BOCAVOX LLC,,,,,,,True,,
BODEGA FARMS,,,,,,,True,,
BODMAN,6TH & WASHINGTON SQ,DETROIT,MI,48226,42.331815,-83.050354,True,ai,corroborated
BOEHRINGER,900 RIDGEBURY RD,RIDGEFIELD,CT,06877,41.374866,-73.5262604,True,ai,uncorroborated
BOGEY FREE LP,,,,,,,True,,
BOK MUSIC,,,,,,,True,,
BOLD HEALTH,56 ROLAND ST,BOSTON,MA,02129,42.3822788,-71.0780906,True,ai,uncorroborated
BOLD LLC,,,,,,,True,,
BOLOUR & ASSOCIATES,8383 WILSHIRE BLVD,BEVERLY HILLS,CA,90211,34.0651811,-118.3734211,True,ai,corroborated
BOLT VENTURES,,NEW YORK,NY,,,,True,manual,verified
BOLT VENTURES AND HBSE,34 E 51ST ST,NEW YORK,NY,10022,40.7582861453,-73.974809254176,True,ai,grounded
BOLT VENTURES AND HBSE,3 BANNER WAY,CAMDEN,NJ,08103,39.935202,-75.112703,False,ai,grounded
BON APPETIT CATERING,1 FERRY BUILDING #231,SAN FRANCISCO,CA,94111,37.7955487,-122.3934746,True,ai,corroborated
BOND COMPANIES,200 S WACKER DR STE 3100,CHICAGO,IL,60606,41.881259,-87.637452,True,ai,corroborated
BOND SPORTS,,,,,,,True,,
BONE & JOINT SPECIALISTS,,,,,,,True,,
BONJOUR CAPITAL,,,,,,,True,,
BOOK CAPITAL ENTERPRISES,350 E LAS OLAS BLVD STE 960,FORT LAUDERDALE,FL,33301,26.1190784,-80.1398402,True,manual,verified
BOOST OREGON,1600 NW BETHANY BLVD STE 120,PORTLAND,OR,97229,45.549242,-122.809952,True,ai,corroborated
BOOTHBAY FUND MANAGEMENT,810 7TH AVE FL 27,NEW YORK,NY,10019,40.7628326,-73.9822756,True,ai,corroborated
BOOZ ALLEN HAMILTON,8283 GREENSBORO DR,MCLEAN,VA,22102,38.950951,-77.229553,True,ai,uncorroborated
"BOREN, OSHER & LUFTMAN LLP",3010 EL CAMINO REAL,SANTA CLARA,CA,95051,37.3525239,-121.9811659,True,ai,corroborated
BORENSTEIN FUNDING,,,,,,,True,,
BORGER FINANCIAL,,,,,,,True,,
BORO VENTURES,,,,,,,True,,
BORSTEIN ENTERPRISES,,,,,,,True,,
BOS CAPITAL,,,,,,,True,,
BOSHIC ADVANCED MATERIALS,,,,,,,True,,
BOSPAR,260 CALIFORNIA ST STE 450,SAN FRANCISCO,CA,94111,37.7934252,-122.399804,True,ai,grounded
BOSSHARDT REALTY,5542 NW 43RD ST,GAINESVILLE,FL,32653,29.705354,-82.3892924,True,ai,corroborated
BOSSWORKS,,,,,,,True,,
BOSTON BEER COMPANY,ONE DESIGN CENTER PL,BOSTON,MA,02210,42.3442859,-71.0343297,True,ai,grounded
BOSTON COLLEGE,140 COMMONWEALTH AVE,CHESTNUT HILL,MA,02467,42.3354481,-71.1682665,True,ai,corroborated
BOSTON LAND COMPANY,255 BEAR HILL RD STE 101,WALTHAM,MA,02451,42.3845707,-71.2635262,True,manual,verified
BOSTON LAW COLLABORATIVE,17 CT ST,BOSTON,MA,02108,42.3592919,-71.0583504,True,ai,corroborated
BOSTON PUBLIC SCHOOLS,2300 WASHINGTON ST,BOSTON,MA,02119,42.3302095,-71.0836433,True,ai,corroborated
BOSTON SOCIETY OF ARCHITECTS,290 CONGRESS ST STE 200,BOSTON,MA,02210,42.3529918,-71.0526392,True,ai,corroborated
BOSTON UNIVERSITY,ONE SILBER WAY,BOSTON,MA,02215,42.349402962468,-71.100463234393,True,ai,grounded
BOSTON UNIVERSITY,233 BAY STATE RD,BOSTON,MA,02215,42.3508609,-71.1038666,False,ai,grounded
BOSTON UNIVERSITY,25 BUICK ST,BOSTON,MA,02215,42.35156108233,-71.115600235444,False,ai,grounded
BOSTON UNIVERSITY,72 E CONCORD ST,BOSTON,MA,02118,42.336446539018,-71.073105910369,False,ai,grounded
BOTTOMLINE,,,,,,,True,,
BOULEVARD HEALTHCARE MANAGEMENT LLC,555 W 5TH ST,LOS ANGELES,CA,90013,34.0500816,-118.2534063,True,ai,uncorroborated
BOULEVARD HOMECARE,,,,,,,True,,
BOUSQUET HOLSTEIN,110 W FAYETTE ST STE 1000,SYRACUSE,NY,13202,43.0489235,-76.1533166,True,ai,corroborated
BOW RIVER CAPITAL,1075 PEACHTREE ST NE STE 2000,ATLANTA,GA,30309,33.7838879,-84.3828621,True,ai,uncorroborated
BOWDOIN COLLEGE,E BRIDGHAM 255 COLLEGE ST,BRUNSWICK,ME,04011,43.896431,-69.973487,True,ai,uncorroborated
BOWHEAD SPECIALTY UNDERWRITERS,100 MIDDLE ST STE 400,PORTLAND,ME,04101,43.6586654,-70.2517985,True,ai,uncorroborated
BOX EQUITIES LLC,,,,,,,True,,
BOXCAR PARTNERS,28 LIBERTY ST,NEW YORK,NY,10005,40.7078495,-74.0089818,True,ai,corroborated
BOXER PROPERTY CORPORATION,199 FREMONT ST STE 700,SAN FRANCISCO,CA,94105,37.789893,-122.3950491,True,ai,uncorroborated
BOYD GAMING,6465 S RAINBOW BLVD,LAS VEGAS,NV,89118,36.0718178,-115.2448234,True,ai,corroborated
BOYLSTON DEVELOPMENT CORPORATION,100 FEDERAL ST 28TH FLOOR,BOSTON,MA,02110,42.3550533,-71.055957,True,ai,uncorroborated
BOYNE CAPITAL,3350 VIRGINIA ST STE 400,MIAMI,FL,33133,25.7294898,-80.2416208,True,ai,grounded
BOYNTON BEACH SKIN,,,,,,,True,,
BOYS & GIRLS CLUBS OF BELLEVUE,1701 134TH AVE NE,BELLEVUE,WA,98005,47.6391147,-122.1621163,True,ai,corroborated
BOYS AND GIRLS OF BILLERICA,40 CUMMINGS ST,BILLERICA,MA,01821,42.5575616,-71.2690307,True,ai,corroborated
BOYS TOWN OF JERUSALEM,1326 OCEAN PKWY,BROOKLYN,NY,11230,40.6162371,-73.9695801,True,ai,uncorroborated
BP DIVERSIFIED,,,,,,,True,,
BPA,,,,,,,True,,
BPI,,,,,,,True,,
BRACEBRIDGE CAPITAL LLC,201 CALIFORNIA ST,SAN FRANCISCO,CA,94111,37.7930248,-122.3990346,True,ai,uncorroborated
BRACH EICHLER,99 GARNSEY RD,ROSELAND,NJ,07068,40.821737,-74.310147,True,ai,corroborated
BRACIA,,,,,,,True,,
BRADDOCK FINANCIAL,,,,,,,True,,
BRADLEY ARANT,1819 5TH AVE N,BIRMINGHAM,AL,35203,33.5168429,-86.810613,True,ai,corroborated
BRADLEY WOODS & CO LTD,,,,,,,True,,
BRAHA BROTHERS,,,,,,,True,,
BRAHMAN CAPITAL,555 W 5TH ST,LOS ANGELES,CA,90013,34.0500816,-118.2534063,True,ai,uncorroborated
BRAINFUSE,271 MADISON AVE,NEW YORK,NY,10016,40.7511803,-73.9802959,True,ai,grounded
BRAMAN AUTOMOTIVE GROUP,16670 S DIXIE HWY,MIAMI,FL,33157,25.6156767,-80.3466618,True,ai,corroborated
BRAMAN MANAGEMENT ASSOCIATES,2060 BISCAYNE BLVD 2ND FLOOR,MIAMI,FL,33137,25.7965733,-80.1902591,True,ai,grounded
BRANCH ENGINEERING,,,,,,,True,,
BRANCH METRICS,65 3RD ST STE 381,SAN FRANCISCO,CA,94103,37.786601,-122.4023285,True,ai,uncorroborated
"BRAND,GLICK & BRAND",3000 MARCUS AVE,LAKE SUCCESS,NY,11042,40.7588434,-73.6956206,True,ai,corroborated
BRANDEIS UNIVERSITY,415 S ST,WALTHAM,MA,02453,42.3660813,-71.2551629,True,ai,corroborated
BRANDT GROUP,,,,,,,True,,
"BRANDT, STEINBERG, LEWIS & BLOUD",,,,,,,True,,
"BRANDT,STEINBERG,LEWIS & BLOND LLP",,,,,,,True,,
BRANDYWINE CONSTRUCTION AND MANAGEMENT,23 N 3RD ST,PHILADELPHIA,PA,19106,39.9509518,-75.1452677,True,manual,verified
BRATTLE GROUP,2 WILLOW ST,CAMBRIDGE,MA,02138,42.370148,-71.093386,True,ai,uncorroborated
BRAVEN AGENCY,101 FEDERAL ST,BOSTON,MA,02110,42.354929,-71.0567125,True,ai,uncorroborated
BRAVO,30 HUDSON YARDS 38TH FLOOR,NEW YORK,NY,10001,40.753983,-74.0006028,True,ai,grounded
BRAZE,32 OLD SLIP 8TH FLOOR,NEW YORK,NY,10005,40.7037955,-74.0081614,True,ai,corroborated
BRC ADVISORS,420 LEXINGTON AVE,NEW YORK,NY,10170,40.7524677,-73.9757799,True,ai,uncorroborated
BREAKSTONE WHITE & GLUCK,155 SEAPORT BLVD,BOSTON,MA,02210,42.3500423,-71.0426929,True,ai,corroborated
BREAKTHROUGH PUBLIC SCHOOLS,140 BROADWAY 46TH FLOOR,NEW YORK,NY,10005,40.708637,-74.0100343,True,ai,uncorroborated
BREAN CAPITAL,330 MADISON AVE 14TH FLOOR,NEW YORK,NY,10017,40.7530304,-73.9792984,True,ai,corroborated
BREEZEMONT DAY CAMP,51 MERRICK RD,ROCKVILLE CENTRE,NY,11570,40.6581867,-73.6544302,True,ai,corroborated
BREIT BINIAZAN,,,,,,,True,,
BREMER FINANCIAL SERVICES,700 WELLS FARGO PL 30 E 7TH ST,SAINT PAUL,MN,55101,44.950764,-93.087571,True,ai,corroborated
BRENNAN & ROLAND,,,,,,,True,,
BRENNER KAPROSY,ONE NORTH BROADWAY,WHITE PLAINS,NY,10601,41.0347951,-73.7638739,True,ai,uncorroborated
BRENT GROVER & CO,,,,,,,True,,
BRESSLER ADVERTISING,,,,,,,True,,
BREX,251 LITTLE FALLS DR STE 400,WILMINGTON,DE,19808,39.737615,-75.667057,True,ai,uncorroborated
BRG,2200 POWELL ST STE 1200,EMERYVILLE,CA,94608,37.8379755,-122.3017537,True,ai,grounded
BRG,810 SEVENTH AVE STE 4100,NEW YORK,NY,10019,40.762640276404,-73.982220945042,False,ai,grounded
BRG,250 PEHLE AVE STE 209,SADDLE BROOK,NJ,07663,40.9053668,-74.1019524,False,ai,grounded
BRI,,,,,,,True,,
BRIA HEALTH SERVICES,5100 WESTHEIMER RD STE 200,HOUSTON,TX,77056,29.7410205,-95.4647779,True,ai,uncorroborated
BRIAN,,,,,,,True,,
BRIAN ALLEN DMD,,,,,,,True,,
BRIAN DROR CPA INC,5862 W 3RD ST,LOS ANGELES,CA,90036,34.069265818108,-118.34804685463,True,ai,grounded
BRIAR HALL,,,,,,,True,,
BRIARA TRADING CO,,,,,,,True,,
BRIDGE 360,10801 MOPAC EXPY BLDG #1 STE 320,AUSTIN,TX,78759,30.402705,-97.760938,True,ai,grounded
BRIDGE HOUSING,100 PINE ST STE 1200,SAN FRANCISCO,CA,94111,37.792607,-122.3990001,True,ai,corroborated
BRIDGE INVESTMENT GROUP,111 E SEGO LILY DR STE 400,SALT LAKE CITY,UT,84070,40.5732654,-111.8721775,True,ai,grounded
BRIDGE PARTNERS,237 PARK AVE S,NEW YORK,NY,10003,40.7378519,-73.9879459,True,ai,uncorroborated
BRIDGEBIO,3055 OLIN AVE STE 200,SAN JOSE,CA,95128,37.3208992,-121.9497022,True,ai,corroborated
BRIDGEBIO PHARMA,421 KIPLING ST,PALO ALTO,CA,94301,37.4484193,-122.1605317,True,ai,corroborated
BRIDGEINVEST,2601 S BAYSHORE DR STE 1400,MIAMI,FL,33133,25.7325955,-80.2342742,True,manual,verified
BRIDGES FOR CHILDREN CENTER,,,,,,,True,,
BRIDGESTONE,200 4TH AVE S,NASHVILLE,TN,37201,36.158923,-86.775731,True,ai,uncorroborated
BRIDGEWATERRARITAN SCHOOL DISTRICT,1 CREST WAY,BRIDGEWATER,NJ,08807,40.592434,-74.61884,True,ai,corroborated
BRIDGEWAVE COMMUNICATIONS,,,,,,,True,,
BRIEF CARMEN & KLEIMAN LLP,225 BROADWAY,NEW YORK,NY,10007,40.7119924,-74.0086526,True,ai,corroborated
BRIGADE CAPITAL MANAGEMENT,437 MADISON AVE 19TH FLOOR,NEW YORK,NY,10022,40.7574405,-73.9750463,True,ai,grounded
BRIGHAM AND WOMEN'S HOSPITAL,75 FRANCIS ST,BOSTON,MA,02115,42.3356457,-71.1060376,True,ai,uncorroborated
BRIGHT HOUSE NETWORKS,13131 NW 107TH AVE,MIAMI,FL,33178,25.8925918,-80.3721103,True,ai,corroborated
BRIGHTON SECURITIES,ONE FINANCIAL PLAZA,HARTFORD,CT,06103,41.7654706,-72.6739404,True,ai,uncorroborated
BRIGHTVIEW SENIOR LIVING LLC,2 E 4TH ST,WILMINGTON,DE,19801,39.740293,-75.551217,True,ai,uncorroborated
BRIGHTWING,150 S WACKER DR STE 1000,CHICAGO,IL,60606,41.8796544,-87.637474,True,ai,uncorroborated
BRING YOUR HUMANN LLC,,,,,,,True,,
BRINKER INTERNATIONAL,1200 N FEDERAL HWY STE 500,DALLAS,TX,75225,32.864887,-96.790359,True,ai,uncorroborated
BRINKHAVEN MANAGEMENT,,,,,,,True,,
BRINKLEY MORGAN,,,,,,,True,,
BRINSHORE,,,,,,,True,,
BRISTOL ASSOCIATES,20 MORRIS LN,SCARSDALE,NY,10583,40.9913258,-73.7818008,True,ai,grounded
BROAD STREET DEVELOPMENT,80 BROAD ST SECOND FLOOR,NEW YORK,NY,10004,40.689805,-74.017389,True,manual,verified
BROADER VIEW: ISRAEL RESOURCE CENTER,,,,,,,True,,
BROADMOOR,809 N 96TH ST STE 1,OMAHA,NE,68114,41.2676563,-96.0620091,True,ai,grounded
BROADRIDGE,55 CHALLENGER RD,RIDGEFIELD PARK,NJ,07660,40.8467659,-74.0128485,True,ai,corroborated
BROADRIDGE FINANCIAL,2 OCEAN WINDS DR,MARLBOROUGH,MA,01752,42.349617,-71.547214,True,ai,uncorroborated
BROADWALL MANAGEMENT CORP,,,,,,,True,,
BROADWAY EXPORT,,,,,,,True,,
BROCKTON,,,,,,,True,,
BRODIE GENERATIONAL CAPITAL PARTNERS,150 N RADNOR CHESTER RD STE F100,RADNOR,PA,19087,40.062099,-75.400394,True,manual,verified
BRONNER GROUP,120 N LASALLE ST STE 1300,CHICAGO,IL,60602,41.8837271,-87.6329635,True,ai,grounded
BRONSTEIN PROP,,,,,,,True,,
BROOKFIELD PROPERTIES RETAIL,250 VESEY ST 2ND FLOOR,NEW YORK,NY,10281,40.71406,-74.01584,True,ai,corroborated
BROOKHAVEN CARE CENTER,,,,,,,True,,
BROOKLYN COLLEGE,2900 BEDFORD AVE,BROOKLYN,NY,11210,40.6310352,-73.9520082,True,ai,corroborated
BROOKLYN COLLEGE CITY UNIVERSITY OF N,,,,,,,True,,
BROOKLYN HOLDINGS,,,,,,,True,,
BROOKLYN INVESTMENT GROUP,,,,,,,True,,
BROOKS,401 PARKCENTER BLVD,BOISE,ID,83706,43.5981732,-116.1860447,True,ai,uncorroborated
BROOKS KUSHMAN,1000 TOWN CENTER 22ND FLOOR,SOUTHFIELD,MI,48075,42.4751823,-83.2434378,True,ai,corroborated
BROOKS RECRUITING,,,,,,,True,,
BROOKSTEIN ASSOCIATES,,,,,,,True,,
BROOKVIEW ANIMAL HOSPITAL,11415 BROOKVIEW DR,OVERLAND PARK,KS,66210,38.926531,-94.704907,True,ai,uncorroborated
BROOKWOOD MEDICAL CENTER,601 N MURPHEY AVE,BIRMINGHAM,AL,35211,33.456481,-86.868488,True,ai,corroborated
BROWARD PAPER & PACKAGING INC,1201 NE 45TH ST,OAKLAND PARK,FL,33334,26.1833182,-80.1312314,True,manual,verified
BROWN & BLAIER PC,,,,,,,True,,
BROWN & BROWN INSURANCE,300 N BEACH ST,DAYTONA BEACH,FL,32114,29.2170771,-81.0220331,True,ai,grounded
BROWN & BROWN INSURANCE,21845 POWERLINE RD STE 205,BOCA RATON,FL,33433,26.3592836,-80.1533137,False,ai,grounded
BROWN & BROWN INSURANCE,8825 NW 21ST TER,DORAL,FL,33172,25.793893985046,-80.338591351695,False,ai,grounded
BROWN & BROWN INSURANCE,5 REGENT ST STE 523,LIVINGSTON,NJ,07039,40.798419784153,-74.354077218527,False,ai,grounded
BROWN & BROWN METRO INC,220 S RIDGEWOOD AVE,DAYTONA BEACH,FL,32114,29.2078936,-81.021686,True,ai,uncorroborated
BROWN BROWN & PREMSRIRUT,,,,,,,True,,
BROWN DISTRIBUTING CO. OF WEST PALM BEACH,1300 ALLENDALE RD,WEST PALM BEACH,FL,33405,26.686957,-80.069945,True,manual,verified
BROWN HARRIS STEVENS,770 LEXINGTON AVE,NEW YORK,NY,10065,40.7631713,-73.9678678,True,ai,corroborated
BROWN HAY & STEPHENS LLP,700 N ADAMS ST,SPRINGFIELD,IL,62701,39.8006164,-89.6500415,True,ai,corroborated
BROWN RUDNICK LLP,7 TIMES SQ,NEW YORK,NY,10036,40.7555015,-73.9869028,True,ai,corroborated
BROWN UNIVERSITY,PO BOX 1876 345 GEORGE ST,PROVIDENCE,RI,02912,41.825524,-71.403275,True,ai,corroborated
BROWNSTEIN HYATT FARBER & MADDEN,410 17TH ST STE 2200,DENVER,CO,80202,39.744188,-104.988615,True,ai,corroborated
BROWNSTEIN HYATT FARBER SCHRECK,675 15TH ST STE 2900,DENVER,CO,80202,39.744103011735,-104.993116157959,True,ai,grounded
BROZONE,,,,,,,True,,
BRT APARTMENTS CORP,60 CUTTER MILL RD STE 303,GREAT NECK,NY,11021,40.781289,-73.734026,True,ai,corroborated
BRT REALTY,60 CUTTER MILL RD STE 303,GREAT NECK,NY,11021,40.781289,-73.734026,True,ai,grounded
BRUCE DOWNS CPA,,,,,,,True,,
BRUIN BIOMETRICS LLC,10900 WILSHIRE BLVD,LOS ANGELES,CA,90024,34.0583372,-118.4440653,True,ai,corroborated
BRYAN CAVE LEIGHTON & PAISNER LLP,ONE METROPOLITAN SQ 211 N BROADWAY STE 3600,SAINT LOUIS,MO,63102,38.634489,-90.186258,True,ai,uncorroborated
BRYN MAWR MEDICAL SPECIALTY ASSOCIATES,130 S BRYN MAWR AVE,BRYN MAWR,PA,19010,40.0193369,-75.3210956,True,ai,corroborated
BRYN PHARMA,7101 MILLSTONE RIDGE CT,RALEIGH,NC,27614,35.94593,-78.619494,True,manual,verified
BS AND L,,,,,,,True,,
BSC MANAGEMENT,11300 W OLYMPIC BLVD STE 600,LOS ANGELES,CA,90064,34.038104175988,-118.441276952309,True,manual,verified
BSW,,,,,,,True,,
BTG,900 THIRD AVE,NEW YORK,NY,10022,40.8088444,-73.9303577,True,ai,uncorroborated
BTI PARTNERS,401 E LAS OLAS BLVD STE 1870,FORT LAUDERDALE,FL,33301,26.119241700802,-80.139251355871,True,ai,grounded
BTI PARTNERS,4798 NEW BROAD ST STE 220,ORLANDO,FL,32814,28.566516735009,-81.327956514457,False,ai,grounded
BTIG,350 BUSH ST 9TH FLOOR,SAN FRANCISCO,CA,94104,37.790907154641,-122.403322404091,True,ai,grounded
BTIG,PARK AVE TOWER 65 E 55TH ST,NEW YORK,NY,10022,40.76064610493,-73.972338313327,False,ai,grounded
BTIG,34 BROAD ST 2ND FLOOR,RED BANK,NJ,07701,40.350998882899,-74.065499021887,False,ai,grounded
BTS,280 SUMMER ST STE 1100,BOSTON,MA,02210,42.350264,-71.0499116,True,ai,uncorroborated
BUBBLE KING,,,,,,,True,,
BUCCINI POLLIN GROUP,8500 LEESBURG PIKE STE 730,TYSONS,VA,22182,38.9262095,-77.2379383,True,ai,uncorroborated
BUCHANAN INGERSOLL ROONEY,1700 K ST NW,WASHINGTON,DC,20006,38.9022658,-77.039723,True,ai,corroborated
BUCK & BUCK,,,,,,,True,,
BUCKEYE RELIEF,,,,,,,True,,
BUCKINGHAM CAPITAL MANAGEMENT,485 LEXINGTON AVE 3RD FLOOR,NEW YORK,NY,10017,40.7542495,-73.9738298,True,ai,grounded
BUCKINGHAM PROPERTY MANAGEMENT LLC,150 N RADNOR CHESTER RD,RADNOR,PA,19087,40.0430023,-75.3656459,True,ai,uncorroborated
BUCKLEY LAW PC,1001 PENNSYLVANIA AVE NW STE 325,WASHINGTON,DC,20004,38.8954637,-77.0264855,True,ai,uncorroborated
BUENA VISTA CAR WASH,,,,,,,True,,
BUILD-A-BEAR,1954 INNERBELT BUSINESS CENTER DR,SAINT LOUIS,MO,63114,38.6865216,-90.3567887,True,ai,corroborated
BUILDING INDUSTRY PARTNERS,,,,,,,True,,
BUILDING OWNERS AND MANAGERS ASSOCIATION,1901 L ST NW,WASHINGTON,DC,20036,38.903944,-77.043883,True,manual,verified
BUILDING THE NEW TOWER,,,,,,,True,,
BUILDINGLINK,21 W 52ND ST 7TH FLOOR,NEW YORK,NY,10019,40.7604905,-73.9774165,True,ai,corroborated
"BULLSHARK, DBA JASON'S DELI OF COL",,,,,,,True,,
BULOW & ASSOCIATES LLC,,,,,,,True,,
BUNK1,,,,,,,True,,
BURBERRY,375 HUDSON ST,NEW YORK,NY,10014,40.7284863,-74.0079039,True,ai,corroborated
BURDEENS LTD,,,,,,,True,,
BURFORD CAPITAL,250 W 55TH ST,NEW YORK,NY,10019,40.7649395,-73.9829195,True,ai,uncorroborated
BURKE & HERBERT BANK,215 S HIGH ST,SOMERSET,PA,15501,40.0128372,-79.0858759,True,ai,uncorroborated
BURKE LEIGHTON,1 N FRANKLIN ST,CHICAGO,IL,60606,41.8824432,-87.6349588,True,ai,uncorroborated
BURKE WILLIAMS & SORENSEN,1901 AVE OF THE STARS STE 1900,LOS ANGELES,CA,90067,34.0595286,-118.4176184,True,ai,corroborated
"BURKE, BOGART & BROWNELL",,,,,,,True,,
"BURKE, WARREN, MACKAY & SERRITELLA PC",311 S WACKER DR STE 3000,CHICAGO,IL,60606,41.8774661,-87.6359049,True,manual,verified
BURKETT BURKETT & BURKETT CPA PA,,,,,,,True,,
BURKETT CPAS,,,,,,,True,,
BURKLAND ASSOCIATES,2 OLIVER ST,BOSTON,MA,02109,42.3572063,-71.0545494,True,ai,corroborated
BURLINGTON,1830 ROUTE 130 N,BURLINGTON,NJ,08016,40.068064,-74.832904,True,ai,uncorroborated
BURLINGTON STORES,3300 BURLINGTON WAY,BURLINGTON,NJ,08016,40.068064,-74.832904,True,ai,uncorroborated
BURNES LIBMAN LAW GROUP,11401 CONCORD VILLAGE AVE,SAN DIEGO,CA,92128,32.996967,-117.072979,True,ai,uncorroborated
BURNS & WILCOX,ONE TOWER SQ,HARTFORD,CT,06183,41.7639833,-72.6731375,True,ai,uncorroborated
BURR FORMAN LLP,420 N 20TH ST,BIRMINGHAM,AL,35203,33.5176823,-86.8083178,True,ai,uncorroborated
BURRITO BEACH,,,,,,,True,,
BURTON- OMNI EYE SERVIES,,,,,,,True,,
BUSHWICK POTATO,130 CROSSWAYS PARK DR STE 107,WOODBURY,NY,11797,40.8092554,-73.4851431,True,manual,verified
BUSINESS CONCEPTS 2.0,,,,,,,True,,
BUSINESS MACHINES CONSULTANTS INC,2400 W CHESTER PIKE,BROOMALL,PA,19008,39.980446,-75.352908,True,ai,uncorroborated
BUSINESS ROUNDTABLE,,,,,,,True,,
BUTLER FITZGERALD & FIVESON PC,1309 ORANGE ST,WILMINGTON,DE,19801,39.7492811,-75.5470409,True,ai,uncorroborated
BUTNICK & LEVENSON LLP,445 HAMILTON AVE,WHITE PLAINS,NY,10601,41.0348698,-73.7647624,True,ai,corroborated
BUTTONEDUP,22 W 19TH ST 3RD FLOOR,NEW YORK,NY,10011,40.7395583,-73.9927449,True,ai,corroborated
BUTZEL LONG,1450 W LONG LAKE RD STE 200,TROY,MI,48098,42.5906664,-83.1773067,True,ai,corroborated
BUXNER LAW FIRM,,,,,,,True,,
BUY BUY BABY,433 W ASCENSION WAY STE 300,MURRAY,UT,84123,40.6559955,-111.9032552,True,ai,grounded
BUYERS REALTY INC,4350 WESTOWN PKWY STE 100,WEST DES MOINES,IA,50266,41.5937761,-93.764345,True,manual,verified
BUYMEBEAUTY,,,,,,,True,,
BVISION SPORTSMEDIA,111 VALLEY DR,GREENWICH,CT,06831,41.0268231,-73.6408713,True,manual,verified
BW ANGEL INVESTMENTS,,,,,,,True,,
BWE,,,,,,,True,,
BY LILLA,,,,,,,True,,
"BYERS, MINTON & ASSOCIATES",,,,,,,True,,
BYM,,,,,,,True,,
BYNANCY,5020 GLORIA AVE,ENCINO,CA,91436,34.1604172,-118.4791582,True,ai,grounded
C & G REAL ESTATE GROUP,,,,,,,True,,
C BOCHNER MD INC,9500 EUCLID AVE,CLEVELAND,OH,44195,41.5025528,-81.6209195,True,ai,uncorroborated
C STREET ADVISORY GROUP,,,,,,,True,,
C. SHOR MANAGEMENT,,,,,,,True,,
C.T. BAUER COLLEGE OF BUSINESS AT THE UNIVERSITY OF HOUSTON,4750 CALHOUN RD,HOUSTON,TX,77204,29.7209942,-95.3394947,True,manual,verified
C3 RISK & INSURANCE SERVICES,1201 WALNUT RIDGE DR,SOUTHLAKE,TX,76092,32.9412363,-97.1341783,True,manual,verified
C3.AI,1300 SEAPORT BLVD,REDWOOD CITY,CA,94063,37.5135181,-122.2020535,True,manual,verified
C4I,,,,,,,True,,
CA COLLEGE,,,,,,,True,,
CA LEGISLATIVE ASSEMBLY,STATE CAPITOL STE 3019,SACRAMENTO,CA,95814,38.5766749,-121.4937139,True,ai,corroborated
CAA,2000 AVE OF THE STARS 19TH FLOOR,LOS ANGELES,CA,90067,34.0583138,-118.4146758,True,ai,corroborated
CABALETTA BIO,2929 ARCH ST STE 600,PHILADELPHIA,PA,19104,39.9572797,-75.1824563,True,ai,grounded
CABINET BY DESIGN,,,,,,,True,,
CACHET ACCOUNTANCY,,,,,,,True,,
CACHET ADVISORY,,,,,,,True,,
CACTUS WELLHEAD,920 MEMORIAL CITY WAY STE 300,HOUSTON,TX,77024,29.7817107,-95.5355633,True,ai,grounded
CADENCE,2655 SEELY AVE,FREMONT,CA,94538,37.501368,-121.956753,True,ai,uncorroborated
CADRE BIOSCIENCES,800 W EL CAMINO REAL STE 180,MOUNTAIN VIEW,CA,94040,37.384935,-122.081857,True,ai,uncorroborated
CAHILL GORDON & REINDEL,32 OLD SLIP,NEW YORK,NY,10005,40.7037955,-74.0081614,True,ai,corroborated
CAKETECH,,,,,,,True,,
CAL COLOR GROWERS,,,,,,,True,,
CAL STATE,,,,,,,True,,
CALBAG METALS COMPANY,2495 NW NICOLAI ST,PORTLAND,OR,97210,45.540482,-122.703461,True,ai,grounded
CALDWELL,,,,,,,True,,
CALDWELL MANUFACTURING,401 W 13TH ST,CALDWELL,ID,83605,43.664057,-116.651729,True,ai,uncorroborated
"CALFEE, HALTER & GRISWOLD LLP",1401 WESTERVILLE RD STE 400,COLUMBUS,OH,43207,39.895414,-82.963853,True,ai,corroborated
CALI RESOURCES INC,,,,,,,True,,
CALIFORNIA CABLE & TELECOMMUNICATIONS ASSOCIATION,360 22ND ST STE 750,OAKLAND,CA,94612,37.8109873,-122.2660022,True,ai,uncorroborated
CALIFORNIA CABLE ASS'N,1001 K ST STE 200,SACRAMENTO,CA,95814,38.579243,-121.49376,True,ai,corroborated
CALIFORNIA CHECK CASHING STORES,,,,,,,True,,
CALIFORNIA CULTURED,,,,,,,True,,
CALIFORNIA DEPARTMENT OF EDUCATION,1430 N ST,SACRAMENTO,CA,95814,38.573494,-121.489445,True,ai,corroborated
CALIFORNIA DEPARTMENT OF JUSTICE,1300 I ST,SACRAMENTO,CA,95814,38.580195010504,-121.488691606608,True,ai,corroborated
CALIFORNIA FARM BUREAU,2300 RIVER PLAZA DR,SACRAMENTO,CA,95833,38.607375,-121.519751,True,ai,corroborated
CALIFORNIA LANDMARK,2200 W OLYMPIC BLVD STE 200,LOS ANGELES,CA,90006,34.052073,-118.281162,True,ai,corroborated
CALIFORNIA NETWORK MANAGEMENT,,,,,,,True,,
CALIFORNIA ORTHOPAEDIC INSTITUTE,625 SHAWNEE MISSION PKWY STE 300,SACRAMENTO,CA,95825,38.591897,-121.408467,True,ai,corroborated
CALIFORNIA PACIFIC MEDICAL CENTER,2330 POST ST,SAN FRANCISCO,CA,94115,37.7845198,-122.4404107,True,ai,corroborated
CALIFORNIA POLYTECHNIC STATE UNIVERSIT,1 GRAND AVE,SAN LUIS OBISPO,CA,93407,35.3074623,-120.6646483,True,ai,corroborated
CALIFORNIA PRIMARY CARE ASSOCIATION,1601 HEALTHCARE DR STE 100,SACRAMENTO,CA,95815,38.605628,-121.445453,True,ai,corroborated
CALIFORNIA REAL PROPERTY INC,,,,,,,True,,
CALIFORNIA STATE UNIVERSITY NORTHRIDGE,,,,,,,True,,
"CALIFORNIA STATE UNIVERSITY, FULLERTON",800 N STATE COLLEGE BLVD,FULLERTON,CA,92831,33.8830939,-117.8852152,True,ai,grounded
"CALIFORNIA STATE UNIVERSITY, LONG BEACH",1250 BELLFLOWER BLVD,LONG BEACH,CA,90840,33.7872569,-118.1143857,True,manual,verified
CALIFORNIA SUPPLY,,,,,,,True,,
CALITEX,,,,,,,True,,
CALLIDITAS,101 MAIDEN LN,NEW YORK,NY,10038,40.7069708,-74.0068783,True,ai,uncorroborated
CALLING STATE LLC,,,,,,,True,,
CALPORT RESOURCES,,,,,,,True,,
CALTECH,1200 E CALIFORNIA BLVD,PASADENA,CA,91125,34.135905,-118.1294595,True,ai,corroborated
CALTRANS,1120 N ST MS-54,SACRAMENTO,CA,95814,38.580568,-121.49559,True,ai,corroborated
CALVERA PARTNERS,,,,,,,True,,
CAM,,,,,,,True,,
CAMBRIA,1425 CHAMPLIN DR,SANTA ANA,CA,92705,33.766007,-117.786763,True,ai,uncorroborated
CAMBRIDGE CAPITAL,525 S FLAGLER DR STE 200,WEST PALM BEACH,FL,33401,26.7080381,-80.0515194,True,manual,verified
CAMBRIDGE INFORMATION GROUP,888 7TH AVE 17TH FLOOR,NEW YORK,NY,10019,40.7653708,-73.9809976,True,ai,grounded
CAMBRIDGE SECURITY SEALS,2 LANCASTER CT,ENFIELD,CT,06082,41.983993,-72.555553,True,ai,uncorroborated
CAMBRIDGE WILKINSON,,,,,,,True,,
CAMELOT BIOCAPITAL,1100 HOLLAND DR,BOCA RATON,FL,33487,26.405837,-80.1103044,True,ai,grounded
CAMERA,,,,,,,True,,
CAMERICAN INTERNATIONAL,300 CONNELL DR,BERKELEY HEIGHTS,NJ,07922,40.6629599,-74.414414,True,ai,uncorroborated
CAMMEBY'S MANAGEMENT CO,55 W 39TH ST 14TH FLOOR,NEW YORK,NY,10018,40.7523912,-73.9839779,True,ai,corroborated
CAMP ROSMARIN INC,12 SCHOOL RD,MONROE,NY,10950,41.2998583,-74.2195155,True,ai,grounded
CAMPBELL & LEVINE LLC,310 GRANT ST STE 1700,PITTSBURGH,PA,15219,40.4376491,-79.9975425,True,manual,verified
CAMPBELL PROPERTY MANAGEMENT,1215 E HILLSBORO BLVD,DEERFIELD BEACH,FL,33441,26.3157402,-80.0874999,True,ai,corroborated
CAMPBELL SOUP COMPANY,1 CAMPBELL PL,CAMDEN,NJ,08103,39.9411627,-75.1079987,True,ai,corroborated
CAMPDEN GROUP,,,,,,,True,,
CAMPS EQUINUNK AND BLUE RIDGE,,,,,,,True,,
CAMPUS APARTMENTS,4043 WALNUT ST,PHILADELPHIA,PA,19104,39.95467,-75.2047009,True,ai,grounded
CAMPUS INNOVATION,,,,,,,True,,
CAMSF,,,,,,,True,,
CANAL CARTAGE COMPANY,11643 WALLISVILLE RD UNIT A,HOUSTON,TX,77013,29.7984647,-95.2311272,True,ai,grounded
CANAM ENTERPRISES,48 WALL ST 24TH FLOOR,NEW YORK,NY,10005,40.706472,-74.0091188,True,ai,grounded
CANDELA,530 BOSTON POST RD,SUDBURY,MA,01776,42.3614959,-71.4298177,True,ai,corroborated
CANFIELD DEVELOPMENT INC,10474 SANTA MONICA BLVD STE 403,LOS ANGELES,CA,90025,34.055896434052,-118.425830305983,True,manual,verified
CANNON COUNTY KNITTING MILLS,,,,,,,True,,
CANNON HEYMAN & WEISS LLP,535 E PINE ST,ORLANDO,FL,32801,28.5414207,-81.3708274,True,ai,uncorroborated
CANO HEALTH,1000 N ASHLEY DR STE 1800,TAMPA,FL,33602,27.952089,-82.4623403,True,ai,corroborated
CANOE BROOK MANAGEMENT,300 KIMBALL DR STE 200,PARSIPPANY,NJ,07054,40.8608742,-74.4070377,True,ai,corroborated
CANON EQUITY PARTNERS,439 N CANON DR,BEVERLY HILLS,CA,90210,34.0710875,-118.4021873,True,manual,verified
CANTON TIRE,,,,,,,True,,
CANTOR INJURY LAW,12283 OLIVE BLVD,SAINT LOUIS,MO,63141,38.6731837,-90.4543284,True,ai,grounded
CANUM CAPITAL PARTNERS,,,,,,,True,,
CANUS,,,,,,,True,,
CANVASBACK MANAGEMENT,505 20TH ST NORTH STE 1150,BIRMINGHAM,AL,35203,33.5182867,-86.80811,True,ai,grounded
CANVASSER DEVELOPMENT INC,,,,,,,True,,
CANYON COUNTY REFRIGERATION LLC,,,,,,,True,,
CANYON PARTNERS,2000 AVE OF THE STARS 11TH FLOOR,LOS ANGELES,CA,90067,34.056437,-118.41369,True,manual,verified
CANYONMD,347 5TH AVE,NEW YORK,NY,10016,40.7480687,-73.984589,True,ai,grounded
CAO-SUMMIT ORTHOPEDICS,,,,,,,True,,
CAP GROUP,,,,,,,True,,
CAPALINO,100 CHURCH ST 8TH FLOOR,NEW YORK,NY,10007,40.713868,-74.007866,True,ai,grounded
CAPE FEAR VALLEY MEDICAL,1638 OWEN DR,FAYETTEVILLE,NC,28304,35.0313519,-78.9335603,True,ai,uncorroborated
CAPGEMINI,7930 JONES BRANCH DR STE 700,MCLEAN,VA,22102,38.9287768,-77.2156427,True,ai,uncorroborated
CAPITAL ADVISORS LTD,,,,,,,True,,
CAPITAL CONSULTANTS GROUP,,,,,,,True,,
CAPITAL DIGESTIVE CARE,12510 PROSPERITY DR STE 200,SILVER SPRING,MD,20904,39.070379,-76.977379,True,ai,grounded
CAPITAL GROUP,333 S HOPE ST,LOS ANGELES,CA,90071,34.0536175,-118.2532727,True,manual,verified
CAPITAL MARKETS ADVISORS LLC,,,,,,,True,,
CAPITAL ONE,1680 CAPITAL ONE DR,MCLEAN,VA,22102,38.9242279,-77.2134433,True,ai,grounded
CAPITAL ONE,114 5TH AVE,NEW YORK,NY,10011,40.737731784588,-73.992445917155,False,ai,grounded
CAPITAL ONE FINANCIAL,1680 CAPITAL ONE DR,MCLEAN,VA,22102,38.9242279,-77.2134433,True,ai,grounded
CAPITAL REALTY SERVICES,,,,,,,True,,
CAPITAL RECOVERY GROUP,,,,,,,True,,
CAPITAL TRUST ESCROW,,,,,,,True,,
CAPITAL VISION SERVICES,,,,,,,True,,
CAPITAL WOMEN'S CARE,,,,,,,True,,
CAPITALZ,,,,,,,True,,
CAPITOL CONSULTING,,,,,,,True,,
CAPITOL ENTERTAINMENT,,,,,,,True,,
CAPITOL VENTURE LLC,,,,,,,True,,
CAPLIN,,,,,,,True,,
CAPS PAYROLL,220 MONTGOMERY ST STE 650,SAN FRANCISCO,CA,94104,37.7912938,-122.4021563,True,ai,corroborated
CAPSTONE,500 BOYLSTON ST STE 1700,BOSTON,MA,02116,42.3504303,-71.0739556,True,ai,uncorroborated
CAPSTONE CONSULTING SERVICES INC,,,,,,,True,,
CAPSULE GROUP,142 W 57TH ST,NEW YORK,NY,10019,40.7648071,-73.9792438,True,ai,uncorroborated
CAPTIVONE,,,,,,,True,,
CARAVUS,,,,,,,True,,
CARBIZ AUTOS,1500 CORPORATE DR,VIENNA,VA,22182,38.938421,-77.27552,True,ai,uncorroborated
CARBONQUEST,,,,,,,True,,
CARD COMPLIANT,11610 ASH ST STE 200,LEAWOOD,KS,66211,38.9175855,-94.6478032,True,ai,grounded
CARDINAL CAPITAL COMPANY,8665 WILSHIRE BLVD STE 410,BEVERLY HILLS,CA,90211,34.0662604,-118.3801647,True,ai,grounded
CARDINAL EQUITIES LLC,8665 WILSHIRE BLVD STE 410,BEVERLY HILLS,CA,90211,34.0662604,-118.3801647,True,ai,grounded
CARDIOLOGY CLINIC OF SAN ANTONIO,4334 NW LOOP 410 STE 220,SAN ANTONIO,TX,78229,29.4889062,-98.5681652,True,ai,corroborated
CARDIOLOGY CONSULTANTS,,,,,,,True,,
CARDIOLOGY PC OF HARTFORD HEALTHCARE MEDICAL GROUP,1 STATE ST,HARTFORD,CT,06103,41.7663891,-72.6688848,True,ai,corroborated
CARDIOVASCULAR ASSOCIATES OF NORTH JERSEY,25 ROCKWOOD PL STE 440,ENGLEWOOD,NJ,07631,40.8793524,-73.9831384,True,manual,verified
CARDIOVASCULAR ASSOCIATES OF THE PENINSULA MEDICAL GROUP INC,,,,,,,True,,
CARDIOVASCULAR CONSULTANTS OF LONG ISLAND PC,3003 NEW HYDE PARK RD STE 411,NEW HYDE PARK,NY,11042,40.7631237,-73.6904497,True,manual,verified
CARDIOVASCULAR LOGISTICS,,,,,,,True,,
CARDOZO LAW SCHOOL,55 FIFTH AVE,NEW YORK,NY,10003,40.734832996994,-73.994382703765,True,ai,corroborated
CARE DENTISTRY GROUP,1301 2ND ST STE 210,SANTA MONICA,CA,90401,34.016187,-118.498445,True,ai,corroborated
CARE NEW ENGLAND,TRI-COUNTY MEDICAL CENTER 1005 RESERVOIR AVE,CRANSTON,RI,02920,41.767344,-71.465508,True,ai,corroborated
CARE NEW ENGLAND/BROWN UNIVERSITY,101 DUDLEY ST,PROVIDENCE,RI,02905,41.8109023,-71.4133702,True,ai,corroborated
CAREMARK,1100 PARK PL BLVD,VERO BEACH,FL,32960,27.640722,-80.403592,True,ai,uncorroborated
CAREPOINT,1515 RIVER AVE,UNION CITY,NJ,07087,40.767224,-74.032429,True,ai,corroborated
CARILION CLINIC,1 JAMES MADISON PL,ROANOKE,VA,24011,37.270198,-79.941523,True,ai,corroborated
CARING PLACE HEALTHCARE GROUP,,,,,,,True,,
CARLOW UNIVERSITY,3333 FIFTH AVE,PITTSBURGH,PA,15213,40.43869179229,-79.962769577903,True,ai,grounded
CARLTON FIELDS,4000 N FEDERAL HWY STE 420,BOCA RATON,FL,33431,26.38618,-80.076422,True,ai,corroborated
CARLTON626 MANAGEMENT,,,,,,,True,,
CARMEL PARTNERS MANAGEMENT LLC,1000 SANSOME ST 1ST FLOOR,SAN FRANCISCO,CA,94111,37.7996876,-122.4021534,True,manual,verified
CARNEGIE HILL PROPERTIES,,,,,,,True,,
CARNEGIE MELLON UNIVERSITY,5000 FORBES AVE,PITTSBURGH,PA,15213,40.4444415,-79.9424875,True,ai,corroborated
CARNIVAL CRUISE LINES,3655 N LAKE SHORE DR,CHICAGO,IL,60613,41.9501831,-87.6440682,True,ai,uncorroborated
CAROLINA FACIAL PLASTICS,1220 E MOREHEAD ST,CHARLOTTE,NC,28204,35.2094181,-80.8407119,True,ai,corroborated
CAROLINAS MEDICAL CENTER,1000 BLYTHE BLVD,CHARLOTTE,NC,28203,35.2038003,-80.8386847,True,ai,corroborated
CAROLWOOD ESTATES,,,,,,,True,,
"CARON, COLVEN, ROBISON, & SHAFTON",,,,,,,True,,
CARPET AND TILE MART - MECHANICSBURG,7616 ALLENTOWN BLVD,HARRISBURG,PA,17112,40.373989,-76.770206,True,ai,corroborated
CARR & FAMILY PROPERTIES LLC,,,,,,,True,,
CARR CHEVROLET,1000 W PARK AVE,TALLAHASSEE,FL,32304,30.4408116,-84.2959312,True,ai,uncorroborated
CARRILLO STRATEGIES,,,,,,,True,,
CARROLL COUNTY EMERGENCY MANAGEMENT AND COMMUNICATIONS,225 N CENTER ST,WESTMINSTER,MD,21157,39.5729049,-76.9873035,True,ai,corroborated
CARTA,2550 CUNNINGHAM BLVD,SAN DIEGO,CA,92105,32.740404,-117.089868,True,ai,corroborated
CARTER MORSE & GOODRICH,99 HARBOR RD,SOUTHPORT,CT,06890,41.137442,-73.274221,True,ai,grounded
CARUSO VENTURES,8880 W SUNSET BLVD STE 1500,WEST HOLLYWOOD,CA,90069,34.0905555,-118.3850707,True,ai,uncorroborated
CARYN GROEDEL & ASSOCIATES CO LPA,31300 SOLON RD STE 27,SOLON,OH,44139,41.3870441,-81.4559605,True,ai,grounded
CASATOOLS,,,,,,,True,,
CASCADE PEDIATRICS,600 NE 8TH ST,GRESHAM,OR,97030,45.5026677,-122.4252824,True,ai,uncorroborated
CASE CLOSURE,,,,,,,True,,
CASE WESTERN RESERVE UNIVERSITY,10900 EUCLID AVE,CLEVELAND,OH,44106,41.5141943,-81.6025385,True,ai,corroborated
CASEY GERRY,110 LAUREL ST,SAN DIEGO,CA,92101,32.73163,-117.16365,True,ai,corroborated
CASEY GERRY REED AND SCHENK,110 LAUREL ST,SAN DIEGO,CA,92101,32.73163,-117.16365,True,ai,corroborated
CASEYS,1 SE CONVENIENCE BLVD,ANKENY,IA,50021,41.702745,-93.571601,True,ai,uncorroborated
CASO LAW FIRM,,,,,,,True,,
CASPER AND CASPER,,,,,,,True,,
CASPER SLEEP,175 GREENWICH ST,NEW YORK,NY,10007,40.711006,-74.0116426,True,ai,grounded
"CASSANDRA M KLYMAN, M.D. PC",,,,,,,True,,
CASSIDY TURLEY,2101 L ST NW STE 700,WASHINGTON,DC,20037,38.903824,-77.046802,True,ai,grounded
CASSIN & CASSIN LLP,711 3RD AVE,NEW YORK,NY,10017,40.7521472,-73.9729112,True,ai,corroborated
CASTING NETWORKS,3250 WILSHIRE BLVD STE 1800,LOS ANGELES,CA,90010,34.0609839,-118.2932673,True,ai,grounded
CASTLEKNIGHT,810 SEVENTH AVE STE 803,NEW YORK,NY,10019,40.762640276404,-73.982220945042,True,manual,verified
CASTLEWOOD CAPITAL PARTNERS LLC,5307 E MOCKINGBIRD LN STE 550,DALLAS,TX,75206,32.8380838,-96.7750404,True,manual,verified
CATALANO GALLARDO,,,,,,,True,,
CATALIS,3025 WINDWARD PLAZA STE 200,ALPHARETTA,GA,30005,34.0931507,-84.239628,True,ai,grounded
CATALYST CAPITAL ADVISORS,36 N NEW YORK AVE FL 3,HUNTINGTON,NY,11743,40.8590946,-73.4177832,True,ai,grounded
CATALYST PHYSICIANS GROUP,2900 BEE CAVES RD STE 401,AUSTIN,TX,78746,30.2663749,-97.7831084,True,ai,corroborated
CATEGORY FIVE,,,,,,,True,,
CATHOLIC CHARITIES OF BOSTON,275 W BROADWAY,BOSTON,MA,02127,42.3388188,-71.0513548,True,ai,corroborated
CATS TRANSPORTATION,1020 N 128TH ST,OMAHA,NE,68154,41.2689827,-96.1128938,True,ai,uncorroborated
CAULIPOWER,3851 RICKEY ST,SAN DIEGO,CA,92110,32.765244,-117.200391,True,ai,grounded
CAVES VALLEY PARTNERS,1 OLYMPIC PL STE 1210,TOWSON,MD,21204,39.4029305,-76.6029347,True,manual,verified
CB COMMERCIAL,533 S FREMONT AVE,LOS ANGELES,CA,90071,34.052338108592,-118.258475783087,True,ai,grounded
CBG REAL ESTATE,4629 MACRO DR,SAN ANTONIO,TX,78218,29.466589345668,-98.400842874977,True,ai,grounded
CBIZ,6055 ROCKSIDE WOODS BLVD STE 200,CLEVELAND,OH,44131,41.383276,-81.65469,True,ai,grounded
CBRE,2100 MCKINNEY AVE,DALLAS,TX,75201,32.7915127,-96.8021075,True,manual,verified
CBS,51 W 52ND ST,NEW YORK,NY,10019,40.7612541,-73.9787812,True,ai,uncorroborated
CBS FOOD PROGRAM,,,,,,,True,,
CBS STUDIOS,,,,,,,True,,
CCA,,,,,,,True,,
CCAC,,,,,,,True,,
CCB LAW,,,,,,,True,,
CCD,,,,,,,True,,
CCEC,,,,,,,True,,
CCF,,,,,,,True,,
CCG / ALTERITY CAPITAL,1880 LAKELAND DR STE C,JACKSON,MS,39216,32.3339692,-90.1387351,True,ai,grounded
CCH HEALTHCARE,,,,,,,True,,
CCHS,,,,,,,True,,
CCI,,,,,,,True,,
CCT,,,,,,,True,,
CCU FLORIDA,,,,,,,True,,
CD WEALTH MANAGEMENT,,,,,,,True,,
CDC,1600 CLIFTON RD NE MS E-10,ATLANTA,GA,30329,33.827245,-84.322148,True,ai,corroborated
CDK ENTERPRISES,,,,,,,True,,
CDPA,,,,,,,True,,
CDPH,1615 CAPITOL AVE STE 73.400,SACRAMENTO,CA,95814,38.5747837,-121.4863223,True,ai,corroborated
CDR,,,,,,,True,,
CDS MECHANICAL SERVICES,909 WILLIAM MEADE CT,DAVIDSONVILLE,MD,21035,38.964819023271,-76.625281320907,True,ai,grounded
CDSD,,,,,,,True,,
CDT,,,,,,,True,,
CE AIR CHARTER,,,,,,,True,,
CEA,1400 K ST NW STE 300,WASHINGTON,DC,20005,38.902158,-77.032284,True,ai,uncorroborated
CEA GROUP INC,699 TOWN CENTER DR STE 1500,COSTA MESA,CA,92626,33.6925476,-117.8840536,True,ai,uncorroborated
CED COMPANIES,5080 VIRGINIA WAY,BRENTWOOD,TN,37027,36.0343068,-86.8162655,True,ai,uncorroborated
CEDAR,32 6TH AVE 18TH FLOOR,NEW YORK,NY,10013,40.7200838,-74.0049886,True,ai,grounded
CEDAR ASSET MANAGEMENT,280 PARK AVE,NEW YORK,NY,10017,40.7564853,-73.975049,True,ai,uncorroborated
CEDAR CAPITAL GROUP,333 W WACKER DR,CHICAGO,IL,60606,41.886173,-87.6358607,True,ai,uncorroborated
CEDAR CREST PEDS,,,,,,,True,,
CEDAR PRODUCTIONS,,,,,,,True,,
CEDAR REALTY,2529 VIRGINIA BEACH BLVD,VIRGINIA BEACH,VA,23452,36.8403779,-76.057849,True,ai,grounded
CEDARCREST,,,,,,,True,,
CEDARFIELD GROUP,,,,,,,True,,
CEDARS,,,,,,,True,,
CEDARS SINAI MEDICAL GROUP,,,,,,,True,,
CEDARS TOWERS SURGICAL MEDICAL GROUP INC,,,,,,,True,,
CEDARS-SINAI MEDICAL CENTER,8700 BEVERLY BLVD,LOS ANGELES,CA,90048,34.0751604,-118.3810936,True,ai,corroborated
CEISLER MEDIA & ISSUE ADVOCACY,1525 LOCUST ST 6TH FLOOR,PHILADELPHIA,PA,19102,39.9487706,-75.1673943,True,ai,grounded
CENCORA,1 W FIRST AVE,CONSHOHOCKEN,PA,19428,40.069374229413,-75.312637892522,True,ai,grounded
CENCORA,1300 MORRIS DR STE 100,CHESTERBROOK,PA,19087,40.068582609712,-75.466830253619,False,ai,grounded
CENTAURI HEALTH SOLUTIONS INC,51 W 3RD ST STE 301,TEMPE,AZ,85281,33.4255117,-111.940016,True,ai,grounded
CENTENE,7700 FORSYTH BLVD,SAINT LOUIS,MO,63105,38.6461998,-90.3034052,True,ai,grounded
CENTENNIAL RETAIL SERVICES,2505 21ST AVE SOUTH STE 201,NASHVILLE,TN,37212,36.1258215,-86.805244,True,ai,grounded
CENTER CREEK CAPITAL GROUP,,,,,,,True,,
CENTER FOR DERMATOLOGY,,,,,,,True,,
CENTER FOR EMOTIONAL WELLNESS,,,,,,,True,,
CENTER FOR EYECARE,,,,,,,True,,
CENTER FOR FAMILY RESOURCES,703 E MAIN ST,NORWALK,OH,44857,41.2462957,-82.6072782,True,ai,uncorroborated
CENTER FOR FORENSIC PSYCHIATRY,4000 ST ANTOINE ST,DEARBORN,MI,48124,42.298036,-83.24761,True,ai,corroborated
CENTER FOR INNOVATION,,,,,,,True,,
CENTER FOR JEWISH PHILANTHROPY OF GREATER PHOENIX,12701 N SCOTTSDALE RD STE 201,SCOTTSDALE,AZ,85254,33.6057854,-111.9258653,True,manual,verified
CENTER FOR PRACTICE INNOVATIONS,105 DAVIS ST 2ND FLOOR,ALBANY,NY,12210,42.669277778435,-73.806952659169,True,ai,corroborated
CENTER ISRAEL,,,,,,,True,,
CENTER OF THE AMERICAN EXPERIMENT,8421 WAYZATA BLVD STE 110,GOLDEN VALLEY,MN,55426,44.9724978,-93.3872549,True,ai,corroborated
CENTERBASE LLC,8350 N CENTRAL EXPY STE 1950,DALLAS,TX,75206,32.8623071,-96.7697284,True,ai,grounded
CENTERBRIDGE PARTNERS,375 PARK AVE,NEW YORK,NY,10152,40.7587705311,-73.972737039159,True,ai,grounded
CENTERVIEW PARTNERS,31 W 52ND ST 22ND FLOOR,NEW YORK,NY,10019,40.760262620679,-73.97726570928,True,ai,grounded
CENTERVIEW PARTNERS,1302 EL CAMINO REAL STE 350,MENLO PARK,CA,94025,37.4549084,-122.1852507,False,ai,grounded
CENTERVIEW PARTNERS,555 CALIFORNIA ST STE 4300,SAN FRANCISCO,CA,94104,37.792618649436,-122.404136225181,False,ai,grounded
CENTRA HEALTH,1401 WICKER DR,LYNCHBURG,VA,24502,37.355154,-79.21854,True,ai,grounded
CENTRAL ALLERGY,1034 S BRENTWOOD BLVD STE 460,SAINT LOUIS,MO,63117,38.6362727,-90.3442767,True,ai,grounded
CENTRAL ATLANTA PROGRESS,191 PEACHTREE ST NE STE 700,ATLANTA,GA,30303,33.7590071,-84.386854,True,ai,corroborated
CENTRAL COAST HEAD AND NECK SURGEONS,120 OAK PARK BLVD,PISMO BEACH,CA,93449,35.13048,-120.6065241,True,ai,corroborated
CENTRAL ILLINOIS RETINA INSTITUTE,1315 N NEIL ST,CHAMPAIGN,IL,61820,40.128705,-88.2437041,True,ai,corroborated
CENTRAL MAINE EYE CARE,500 MAIN ST,LEWISTON,ME,04240,44.109119,-70.2097622,True,ai,corroborated
CENTRAL TEXAS PEDITRIC ORTHOPEDICS,6811 AUSTIN CENTER BLVD STE 300,AUSTIN,TX,78731,30.350713,-97.750423,True,ai,corroborated
CENTRAL WA UNIV,400 E UNIVERSITY WAY,ELLENSBURG,WA,98926,47.006469,-120.5367304,True,ai,corroborated
CENTRE PARTNERS MANAGEMENT,780 3RD AVE 41ST FLOOR,NEW YORK,NY,10017,40.754739886749,-73.97163756877,True,ai,grounded
CENTRE PARTNERS MANAGEMENT,401 WILSHIRE BLVD 12TH FLOOR,SANTA MONICA,CA,90401,34.0198933,-118.4986529,False,ai,grounded
CENTRE STREET PARTNERS,1 FEDERAL ST,BOSTON,MA,02110,42.3565717,-71.0571515,True,ai,uncorroborated
CENTRIC BRANDS,400 BROADHOLLOW RD STE 300,MELVILLE,NY,11747,40.7788343,-73.42123,True,ai,corroborated
CENTURION REALTY,500 5TH AVE 39TH FLOOR,NEW YORK,NY,10110,40.7539205,-73.9811817,True,manual,verified
CENTURY 21 AWARD,1180 ROUTE 70 E,CHERRY HILL,NJ,08034,39.9061,-75.000375,True,ai,uncorroborated
CENTURY 21 STORES,22 CORTLANDT ST,NEW YORK,NY,10007,40.7104816,-74.0104876,True,manual,verified
CENTURY 26 CONSTRUCTION,,,,,,,True,,
CENTURY DEVELOPMENT CO,,,,,,,True,,
CENTURY PARK CAPITAL PARTNERS,1999 AVE OF THE STARS,LOS ANGELES,CA,90067,34.058647,-118.4166661,True,ai,corroborated
CENTURY PARK LAW GROUP,16133 VENTURA BLVD STE 600,ENCINO,CA,91436,34.1567642,-118.4850325,True,ai,corroborated
CENTURY VETERINARY GROUP,,,,,,,True,,
CENTURY21 KING REALTY,,,,,,,True,,
CENVILL RECREATION INC,1601 FORUM PL STE 500,WEST PALM BEACH,FL,33401,26.7271225,-80.079898,True,manual,verified
CEO PRESERVING YOUR BLOOM INC,,,,,,,True,,
CERBERUS CAPITAL MANAGEMENT,875 THIRD AVE,NEW YORK,NY,10022,40.7571861,-73.9691855,True,ai,corroborated
CERENADE,,,,,,,True,,
CERES PIPE & METAL,2261 MCHENRY AVE,MODESTO,CA,95350,37.6756407,-120.994197,True,ai,corroborated
CERINFUSE TECHNOLOGIES AND SELD,,,,,,,True,,
CERITY PARTNERS LLC,99 PARK AVE,NEW YORK,NY,10016,40.750694,-73.978591,True,manual,verified
CERRITOS COLLEGE,11110 ALONDRA BLVD,NORWALK,CA,90650,33.8831622,-118.0973395,True,ai,corroborated
CERSONSKY& MCANELLY PC,1770 ST JAMES PL STE 150,HOUSTON,TX,77056,29.7481252,-95.473443,True,manual,verified
CERTAIN INC,1040 PARK AVE 2ND FLOOR,SAN JOSE,CA,95126,37.3258325,-121.909356,True,ai,corroborated
CERTARES MANAGEMENT LLC,660 MADISON AVE 12TH FLOOR,NEW YORK,NY,10065,40.7647391,-73.9711425,True,ai,corroborated
CERTIFIED FINANCIAL GROUP INC,750 PARK OF COMMERCE DR STE 102,BOCA RATON,FL,33487,26.4005139,-80.1014674,True,ai,corroborated
CERULEAN ADVISORY,,,,,,,True,,
CES,40 LINDEMAN DR,TRUMBULL,CT,06611,41.2326566,-73.1996521,True,ai,grounded
CESI,,,,,,,True,,
CESJDS,1901 E JEFFERSON ST,ROCKVILLE,MD,20852,39.063106,-77.129726,True,ai,grounded
CESSNA AIRCRAFT,1 CESSNA BLVD,WICHITA,KS,67215,37.6380542,-97.4162223,True,ai,uncorroborated
CF PROPERTIES,,,,,,,True,,
CFC,,,,,,,True,,
CFC CAPITAL,2 BETHESDA METRO CENTER STE 600,BETHESDA,MD,20814,38.9847744,-77.0957275,True,ai,uncorroborated
CFCPAPC,,,,,,,True,,
CFI MANAGEMENT,50 SCHILLING RD STE 100,HUNT VALLEY,MD,21031,39.4931586,-76.653983,True,ai,grounded
CFI PARTNERS,1345 AVE OF THE AMERICAS 44TH FLOOR,NEW YORK,NY,10105,40.7629997,-73.9790535,True,ai,corroborated
CFL APPRAISAL,,,,,,,True,,
CFVHS,,,,,,,True,,
CGI,1350 BROADWAY 7TH FLOOR,NEW YORK,NY,10018,40.7509424,-73.9873466,True,ai,uncorroborated
CH EMPLOYMENT SERVICES,,,,,,,True,,
CH MANAGEMENT CORP,,,,,,,True,,
CHA,,,,,,,True,,
CHABAD,770 EASTERN PKWY,BROOKLYN,NY,11213,40.6689619,-73.9427981,True,ai,grounded
CHABAD NP,,,,,,,True,,
CHABAD OF STAMFORD,1038 NEWFIELD AVE,STAMFORD,CT,06905,41.0951831,-73.5318598,True,ai,corroborated
CHADBOURNE & PARKE,30 ROCKEFELLER PLAZA STE 3300,NEW YORK,NY,10112,40.7591232,-73.979556,True,ai,uncorroborated
CHADWAY,,,,,,,True,,
CHAIFETZ GROUP,455 N CITYFRONT PLAZA DR 13TH FLOOR,CHICAGO,IL,60611,41.8897043,-87.6210358,True,ai,grounded
CHAIR KING BACKYARD STORE,5405 W SAM HOUSTON PKWY N,HOUSTON,TX,77041,29.8460321,-95.5632905,True,ai,grounded
CHALKER FLORES LLP,580 CALIFORNIA ST STE 1750,SAN FRANCISCO,CA,94104,37.7929844,-122.404152,True,ai,uncorroborated
CHAMPION FOREST BAPTIST CHURCH,15555 STUEBNER AIRLINE RD,HOUSTON,TX,77069,30.005339305899,-95.511067785585,True,ai,corroborated
CHANEN CONSTRUCTION COMPAMY INC,,,,,,,True,,
CHANNEL FACTORY,17700 CASTLETON ST STE 406,CITY OF INDUSTRY,CA,91748,33.992933,-117.917207,True,ai,grounded
CHAPMAN AND CUTLER LLP,111 W MONROE ST,CHICAGO,IL,60603,41.8804044,-87.6311351,True,ai,uncorroborated
CHAPMAN CONSULTING LLC,,,,,,,True,,
CHARDON CAPITAL,333 W WACKER DR STE 1800,CHICAGO,IL,60606,41.886173,-87.6358607,True,ai,uncorroborated
CHARGER WATER,,,,,,,True,,
CHARIOT,16 W 22ND ST 4TH FLOOR,NEW YORK,NY,10010,40.7410462,-73.9914203,True,ai,corroborated
CHARLES & LYNN SCHUSTERMAN FAMILY PHILANTHROPIES,100 N BROADWAY STE 1100,OKLAHOMA CITY,OK,73102,35.4684781,-97.5133718,True,manual,verified
CHARLES BANK,1 INTERNATIONAL PL 35TH FLOOR,BOSTON,MA,02110,42.358254,-71.051927,True,ai,uncorroborated
"CHARLES GANNON, MD",,,,,,,True,,
CHARLES H NUSBAUM CPA,,,,,,,True,,
CHARLES RIVER ASSOCIATES,200 CLARENDON ST 54TH FLOOR,BOSTON,MA,02116,42.3491677,-71.075124,True,ai,grounded
CHARLES SCHWAB,211 MAIN ST,SAN FRANCISCO,CA,94105,37.7905909,-122.3928495,True,ai,uncorroborated
CHARLIE HEALTH,641 MINNESOTA AVE SE STE 300,MINNEAPOLIS,MN,55414,44.978381,-93.222449,True,ai,uncorroborated
CHARLOTTE RADIOLOGY,920 E MOREHEAD ST,CHARLOTTE,NC,28204,35.2132764,-80.8442363,True,ai,corroborated
CHARMOY & CHARMOY LLC,,,,,,,True,,
CHARTER COMMUNICATIONS,400 WASHINGTON AVE S,SAINT LOUIS,MO,63102,38.629702,-90.187177,True,ai,uncorroborated
CHARTER OAK STATE COLLEGE,55 PAUL MANAFORT DR,NEW BRITAIN,CT,06053,41.6882278,-72.7679692,True,ai,corroborated
CHARTER REALTY,600 LEXINGTON AVE 51ST FLOOR,NEW YORK,NY,10022,40.7580277,-73.9714246,True,ai,uncorroborated
CHASAN LAMPARELLO MALLON & CAPPUZZO,300 LIGHTING WAY,SECAUCUS,NJ,07094,40.791204,-74.050486,True,ai,corroborated
CHASBRO INVESTMENTS,,,,,,,True,,
CHASE,383 MADISON AVE,NEW YORK,NY,10179,40.7554453,-73.9767459,True,ai,grounded
CHASSEN ENDO,,,,,,,True,,
CHATEAU,,,,,,,True,,
CHATHAM FINANCIAL,2000 MARKET ST STE 4200,PHILADELPHIA,PA,19103,39.953509,-75.173351,True,ai,grounded
CHATSWORTH PRODUCTS,4014 LONG BEACH BLVD,LONG BEACH,CA,90807,33.8310724,-118.1892437,True,ai,corroborated
CHC GROUP,1001 LOUISIANA ST STE 2900,HOUSTON,TX,77002,29.7578893,-95.3673868,True,ai,uncorroborated
CHE BEHAVIORAL HEALTH SERVICES,,,,,,,True,,
CHECKER SPECIALTY PHARMACY,701 S COLLEGE AVE,FORT COLLINS,CO,80524,40.5779358,-105.0768586,True,ai,uncorroborated
CHEDER MENACHEM,,,,,,,True,,
CHEF IP,,,,,,,True,,
CHELAN ADVISORS LLC,,,,,,,True,,
CHELSEA FOOT AND ANKLE PC,,,,,,,True,,
CHELSEA SENIOR LIVING,3250 N WASHINGTON AVE,BLOOMINGTON,MN,55431,44.824534,-93.312602,True,ai,uncorroborated
CHELSEA VIDEOS INC,,,,,,,True,,
CHELTEN HOUSE,607 HERON DR,SWEDESBORO,NJ,08085,39.753766,-75.33104,True,ai,corroborated
CHEMICAL SERVICES GROUP,8679 S FREEWAY DR,MACEDONIA,OH,44056,41.314919,-81.501633,True,ai,grounded
CHENEYBROTHERS.COM,1350 N 17TH AVE,BOISE,ID,83702,43.665484,-116.14435,True,ai,uncorroborated
CHEQ TECHNOLOGIES INC,4 WORLD TRADE CENTER 150 GREENWICH ST 34TH FLOOR,NEW YORK,NY,10007,40.7102861,-74.011985,True,ai,corroborated
CHEQ.AI,22 W 19TH ST 9TH FL,NEW YORK,NY,10011,40.74184,-74.000528,True,ai,grounded
CHERKAS ACCOUNTANCY,,,,,,,True,,
CHERNER DEVELOPMENT GROUP,,,,,,,True,,
CHERNOMOR,,,,,,,True,,
CHERRE,250 PARK AVE SOUTH 3RD FLOOR,NEW YORK,NY,10003,40.7382829,-73.9880343,True,ai,corroborated
CHERRY CRREK SCHOOLS,4700 S YOSEMITE ST,DENVER,CO,80237,39.639473,-104.8850285,True,ai,corroborated
CHERRY HILL MEDICAL INC,2300 CHAPEL AVE W STE 200,CHERRY HILL,NJ,08002,39.9280678,-75.0121444,True,ai,uncorroborated
CHERYL COVICI CONSULTING,,,,,,,True,,
CHESAPEAKE PROPERTIES,1750 K ST NW STE 400,WASHINGTON,DC,20006,38.9022031,-77.040776,True,ai,uncorroborated
CHESAPEAKE REALTY PARTNERS,4750 OWINGS MILLS BLVD,OWINGS MILLS,MD,21117,39.4016436,-76.7975399,True,ai,grounded
CHESAPEAKE SPICE COMPANY,4613 MERCEDES DR,BELCAMP,MD,21017,39.474831,-76.234575,True,manual,verified
CHESTNUT HOLDINGS,5676 RIVERDALE AVE STE 307,BRONX,NY,10471,40.906292328737,-73.904177170431,True,manual,verified
CHEVRON CORPORATION,6001 BOLLINGER CANYON RD,SAN RAMON,CA,94583,37.7583351,-121.9594581,True,ai,corroborated
CHG,,,,,,,True,,
CHI HEALTH CLINIC,1000 N 90TH ST,OMAHA,NE,68114,41.268437,-96.052665,True,ai,corroborated
CHICAGO ASSET FUNDING,200 W MADISON ST STE 2500,CHICAGO,IL,60606,41.8822821,-87.634359,True,ai,corroborated
CHICAGO BOARD OF EDUCATION,42 W MADISON ST,CHICAGO,IL,60602,41.8821707,-87.6286808,True,ai,corroborated
CHICAGO BOTANIC GARDEN,1000 LAKE COOK RD,GLENCOE,IL,60022,42.1490285,-87.7896856,True,ai,corroborated
CHICAGO JEWISH DAY SCHOOL,4331 DEMPSTER ST,SKOKIE,IL,60076,42.0406762,-87.7365267,True,ai,corroborated
CHICAGO LOOP SYNAGOGUE,20 N WACKER DR,CHICAGO,IL,60606,41.8827112,-87.6374724,True,ai,corroborated
CHICAGO POLICE DEPARTMENT,3510 S MICHIGAN AVE,CHICAGO,IL,60653,41.8301901,-87.6238593,True,ai,corroborated
CHICAGO TITLE INSURANCE COMPANY,332 S MICHIGAN AVE,CHICAGO,IL,60604,41.8772854,-87.6245973,True,ai,uncorroborated
CHICAGO TRADING COMPANY,141 W JACKSON BLVD STE 800,CHICAGO,IL,60604,41.8778674,-87.6320417,True,manual,verified
CHICAGO TRAINING COMPANY,,,,,,,True,,
CHICANOS POR LA CAUSA,1801 W 18TH ST,PHOENIX,AZ,85007,33.446529,-112.090319,True,ai,corroborated
CHICOS FAS,11215 METRO PKWY,FORT MYERS,FL,33966,26.5941722,-81.8504335,True,ai,grounded
CHIEF EXECUTIVE AIR,,,,,,,True,,
CHIEF EXECUTIVE GROUP,100 WESTWOOD PL STE 445,BRENTWOOD,TN,37027,36.036978,-86.805399,True,ai,grounded
CHIEFTAIN CAPITAL MANAGEMENT,C/O JOHN M SHAPIRO 285 CENTRAL PARK W,NEW YORK,NY,10024,40.786987308853,-73.968182085893,True,ai,grounded
CHIEFTAIN CAPITAL MANAGEMENT,767 FIFTH AVE 15TH FLOOR,NEW YORK,NY,10153,40.764198937052,-73.972984640586,False,ai,grounded
CHIEFTAIN CAPITAL MANAGEMENT,510 MADISON AVE,NEW YORK,NY,10022,40.759672,-73.974396,False,ai,grounded
CHIFLIKYAN,,,,,,,True,,
CHILD SPECIALTY GROUP,1600 12TH ST NORTH STE 300,ARLINGTON,VA,22209,38.887465,-77.076433,True,ai,corroborated
CHILDREN''S EYE SPECIALISTS PA,1101 E BROWARD BLVD STE 301,FORT LAUDERDALE,FL,33301,26.122656,-80.132144,True,ai,uncorroborated
CHILDREN'S HEALTHCARE OF ATLANTA,1405 CLIFTON RD NE,ATLANTA,GA,30322,33.7935655,-84.3198589,True,ai,corroborated
CHILDREN'S HOSPITAL LOS ANGELES,4650 SUNSET BLVD,LOS ANGELES,CA,90027,34.0976912,-118.2900801,True,ai,corroborated
CHILDREN'S HOSPITAL OF MN,345 N SMITH AVE,SAINT PAUL,MN,55102,44.9422351,-93.1079867,True,ai,corroborated
CHILDREN'S LAW CENTER,616 H ST NE STE LL06,WASHINGTON,DC,20002,38.9002869,-76.9979612,True,ai,grounded
CHILDRENS MEDICAL CENTER,1935 MEDICAL DISTRICT DR,DALLAS,TX,75235,32.8094783,-96.8375466,True,ai,grounded
CHILIVIS GRUBMAN WARNER & BERRY LLP,1834 INDEPENDENCE SQ,ATLANTA,GA,30338,33.946218,-84.318119,True,ai,corroborated
CHILO MFG. & PLATING CO,,,,,,,True,,
CHIME,101 CALIFORNIA ST STE 500,SAN FRANCISCO,CA,94111,37.7929054,-122.3981127,True,ai,grounded
CHINITZ ORTHODONTICS,77 MARKET ST STE 1,HAVERHILL,MA,01830,42.796313,-71.053436,True,ai,uncorroborated
CHLOES FRUIT,,,,,,,True,,
CHOATE HALL & STEWART,TWO INTERNATIONAL PL,BOSTON,MA,02110,42.3563268,-71.0518873,True,ai,grounded
CHOATE HALL & STEWART,1330 AVE OF THE AMERICAS 23RD FLOOR,NEW YORK,NY,10019,40.76231774982,-73.978570004467,False,ai,grounded
CHOF,,,,,,,True,,
CHOICE NEW YORK MANAGEMENT,254 W 31ST ST 4TH FLOOR,NEW YORK,NY,10001,40.7498584,-73.9944422,True,ai,corroborated
CHOICE NY MANAGEMENT,11 PENN PLAZA STE 1100,NEW YORK,NY,10001,40.749166983108,-73.991871104294,True,ai,corroborated
CHOP,3400 SPRUCE ST,PHILADELPHIA,PA,19104,39.9499481,-75.1941014,True,ai,corroborated
CHORDIO INC,111 SUTTER ST 5TH FLOOR,SAN FRANCISCO,CA,94104,37.7901267,-122.4026973,True,ai,uncorroborated
CHOSEN RESUMES LLC,1330 CORNELL DR SE,GRAND RAPIDS,MI,49506,42.9394371,-85.6192288,True,manual,verified
CHRISTENSEN GROUP,10900 WAYZATA BLVD,MINNETONKA,MN,55305,44.9713212,-93.4245478,True,ai,corroborated
"CHRISTIAN DIOR COUTURE, AMERICAS",57 W 57TH ST,NEW YORK,NY,10019,40.764332,-73.9764332,True,ai,uncorroborated
CHRISTIANACARE,1605 PHILADELPHIA PIKE,WILMINGTON,DE,19809,39.756674,-75.501035,True,ai,corroborated
CHRISTIANS ENGAGED,,,,,,,True,,
CHRISTIES REAL ESTATE,20 W CLINTON AVE,TENAFLY,NJ,07670,40.924088,-73.966205,True,ai,grounded
CHROMADEX,3993 HOWARD HUGHES PKWY STE 500,LAS VEGAS,NV,89169,36.1173401,-115.1572611,True,ai,uncorroborated
CHSLI,45 WILLOW ST,HICKSVILLE,NY,11801,40.762304,-73.524452,True,ai,corroborated
CHUBB,202 HALL'S MILL RD,WHITEHOUSE STATION,NJ,08889,40.609021,-74.754216,True,ai,corroborated
CHUBB INSURANCE,202 HALLS MILL RD,WHITEHOUSE STATION,NJ,08889,40.609021,-74.754216,True,ai,uncorroborated
CHUH SCHOOL DISTRICT,3260 FAIRMOUNT BLVD,CLEVELAND HEIGHTS,OH,44118,41.4867043,-81.562703,True,ai,corroborated
CHURCH MISSION,,,,,,,True,,
CHURCHILL ASSET MANAGEMENT,375 PARK AVE,NEW YORK,NY,10152,40.7584073,-73.9719841,True,ai,corroborated
CHURCHILL EXCHANGE,,,,,,,True,,
CHURCHILLFORGE PROPERTIES,2626 THOUSAND OAKS DR STE A,SAN ANTONIO,TX,78232,29.582378898192,-98.447278876361,True,manual,verified
CIBC,120 S LASALLE ST,CHICAGO,IL,60603,41.8803154,-87.6328136,True,manual,verified
CIBC BANK USA,120 S LASALLE ST,CHICAGO,IL,60603,41.8803154,-87.6328136,True,ai,corroborated
CIC PLUS,7321 RIDGEWAY AVE,SKOKIE,IL,60076,42.013990841063,-87.722389456473,True,ai,grounded
CICCIO AND DEMAREST,1 PONDFIELD RD STE 304,BRONXVILLE,NY,10708,40.9421501,-73.8345554,True,ai,grounded
CIENA,7035 RIDGE RD,HANOVER,MD,21076,39.1923083,-76.7001299,True,ai,grounded
CIM GROUP,10880 WILSHIRE BLVD STE 1800,LOS ANGELES,CA,90024,34.058617,-118.4432767,True,ai,corroborated
CINCINNATI KOLLEL,1819 SUTTON AVE,CINCINNATI,OH,45237,39.087407605591,-84.390223225853,True,ai,corroborated
CINMARK,,,,,,,True,,
CIR,,,,,,,True,,
CIRCLE K,1130 W WARNER RD,TEMPE,AZ,85284,33.3346361,-111.9577753,True,manual,verified
CISA,1888 COLUMBIA PIKE,ARLINGTON,VA,22204,38.8652323,-77.0769883,True,ai,uncorroborated
CISCO,170 W TASMAN DR,SAN JOSE,CA,95134,37.4083584,-121.9540909,True,ai,corroborated
CISCO SYSTEMS,170 W TASMAN DR,SAN JOSE,CA,95134,37.4083584,-121.9540909,True,ai,grounded
CITADEL,830 BRICKELL PLAZA,MIAMI,FL,33131,25.7660038,-80.1924327,True,ai,grounded
CITI,388 GREENWICH ST,NEW YORK,NY,10013,40.7206458,-74.0111721,True,ai,grounded
CITIBANK,388 GREENWICH ST,NEW YORK,NY,10013,40.7206458,-74.0111721,True,ai,grounded
CITIGROUP SMITH BARNEY,388 GREENWICH ST,NEW YORK,NY,10013,40.7206458,-74.0111721,True,ai,uncorroborated
CITIWORKS,2701 E GRAUWYLER RD,IRVING,TX,75061,32.8307903,-96.9055257,True,ai,uncorroborated
CITIZENS,1 CITIZENS PLAZA,PROVIDENCE,RI,02903,41.8274821,-71.4107573,True,ai,uncorroborated
CITIZENS DISABILITY LLC,,,,,,,True,,
CITRIN COOPERMAN,529 FIFTH AVE,NEW YORK,NY,10017,40.754703886175,-73.979905884369,True,ai,corroborated
CITRIN FINANCIAL AND INSURANCE,,,,,,,True,,
CITRINFINANCIAL,3005 NE QUAYSIDE LN,MIAMI,FL,33138,25.8729936,-80.1677842,True,ai,grounded
CITROMAX GROUP,444 WASHINGTON AVE,CARLSTADT,NJ,07072,40.8216728,-74.0618305,True,ai,grounded
CITY AND COUNTY OF DENVER,1437 BANNOCK ST ROOM 350,DENVER,CO,80202,39.7390471,-104.9903453,True,ai,corroborated
CITY AND COUNTY OF SAN FRANCISCO,CITY HALL 1 DR CARLTON B GOODLETT PL,SAN FRANCISCO,CA,94102,37.7792929,-122.4192601,True,ai,corroborated
CITY CLUB APTS,,,,,,,True,,
CITY FIRST MORTGAGE,6100 HOLLYWOOD BLVD #305,HOLLYWOOD,FL,33024,26.0092938,-80.2101326,True,ai,grounded
CITY FIRST MTG,1401 I ST NW,WASHINGTON,DC,20005,38.9014997,-77.0322614,True,ai,uncorroborated
CITY MERCHANDISE,,,,,,,True,,
CITY OF HOPE,1500 E DUARTE RD,DUARTE,CA,91010,34.1279634,-117.9730617,True,ai,corroborated
CITY OF HOPE MEDICAL GROUP,1500 E DUARTE RD,DUARTE,CA,91010,34.1303944,-117.972022,True,ai,corroborated
CITY OF LOS ANGELES,200 N SPRING ST,LOS ANGELES,CA,90012,34.0536961,-118.2429212,True,ai,corroborated
CITY OF MILPITAS,,,,,,,True,,
CITY OF PALM BEACH GARDENS,10500 N MILITARY TRL,PALM BEACH GARDENS,FL,33410,26.833183,-80.1045675,True,ai,corroborated
CITY OF PHARR,118 S CAGE BLVD,PHARR,TX,78577,26.1940186,-98.1842587,True,ai,corroborated
CITY OF PHILADELPHIA,CITY HALL 1400 JOHN F KENNEDY BLVD,PHILADELPHIA,PA,19107,39.951764,-75.158667,True,ai,corroborated
CITY OF PROVIDENCE,25 DORRANCE ST,PROVIDENCE,RI,02903,41.8240345,-71.4129047,True,ai,corroborated
CITY OF SAN DIEGO,202 C ST,SAN DIEGO,CA,92101,32.7174385,-117.1633851,True,ai,corroborated
CITY OF SEATTLE,,,,,,,True,,
CITY OF TAMARAC,7525 NW 88TH AVE,TAMARAC,FL,33321,26.2137877,-80.2728141,True,ai,corroborated
CITY OF TRUSSVILLE,ONE TRUSSVILLE TOWN CENTER 5211 TRUSSVILLE XING PKWY STE 101,TRUSSVILLE,AL,35173,33.655233,-86.563239,True,ai,corroborated
CITY OF WEST UNIVERSITY,3800 UNIVERSITY BLVD,WEST UNIVERSITY PLACE,TX,77005,29.7149471,-95.4377124,True,ai,corroborated
CITY OFNY,CITY HALL 1 CENTRE ST,NEW YORK,NY,10007,40.713868,-74.007866,True,ai,corroborated
CITY PAPER CO,,,,,,,True,,
CITYPAC,,,,,,,True,,
CIVIC ENTERTAINMENT GROUP,,,,,,,True,,
CJ PARK AND ASSOCIATES,,,,,,,True,,
CJDS,5007 PROVIDENCE RD BLDG E,CHARLOTTE,NC,28226,35.102697,-80.822129,True,ai,grounded
CJFS,1817 CLEVELAND AVE SW,MASSILLON,OH,44646,40.814381,-81.497182,True,ai,uncorroborated
CJSSF,,,,,,,True,,
CKP INSURANCE LLC,21845 POWERLINE RD STE 205,BOCA RATON,FL,33433,26.3592836,-80.1533137,True,manual,verified
CLAIMS QUESTION,,,,,,,True,,
CLAREMONT MCKENNA COLLEGE,850 COLUMBIA AVE,CLAREMONT,CA,91711,34.10211,-117.7113612,True,ai,corroborated
CLARION CAPITAL PARTNERS,,,,,,,True,,
CLARITIZE,,,,,,,True,,
CLARITY CAPITAL,,,,,,,True,,
CLARITY MANAGEMENT,,,,,,,True,,
CLARIVATE,225 FRANKLIN ST,BOSTON,MA,02110,42.356128,-71.0539472,True,ai,corroborated
CLARK & KARSH,13900 PANAY WAY UNIT M317,MARINA DEL REY,CA,90292,33.979210459511,-118.452107878037,True,ai,grounded
CLARK & WEINSTOCK,225 FRANKLIN ST,BOSTON,MA,02110,42.356128,-71.0539472,True,ai,uncorroborated
CLARKSONS,75 E 55TH ST,NEW YORK,NY,10022,40.7607354,-73.9720751,True,ai,uncorroborated
CLAROTY,259 W 30TH ST 10TH FLOOR,NEW YORK,NY,10001,40.7496553,-73.9944346,True,ai,corroborated
CLASS CHOREOGRAPHY,,,,,,,True,,
CLASSIQ,,,,,,,True,,
CLASY APP,,,,,,,True,,
CLAYGATE ADVISORS,,,,,,,True,,
CLEAN CURRENTS INC,8403 COLESVILLE RD STE 310,SILVER SPRING,MD,20910,38.9948954,-77.0317251,True,ai,grounded
CLEAN MY STEEL,,,,,,,True,,
CLEAN PRODUCTS,,,,,,,True,,
"CLEAN SKIES, USA",1000 CONNECTICUT AVE NW STE 700,WASHINGTON,DC,20036,38.9029008,-77.0398552,True,ai,uncorroborated
CLEAR ALLERGY,,,,,,,True,,
CLEAR CONENCTION INC,,,,,,,True,,
CLEARCOVER INC,33 W MONROE ST STE 1350,CHICAGO,IL,60603,41.8802657,-87.6288269,True,ai,grounded
CLEARLIGHT PARTNERS,100 BAYVIEW CIR STE 5000,NEWPORT BEACH,CA,92660,33.6559469,-117.8678305,True,ai,grounded
CLEARLYDERM,33 E 33RD ST 12TH FLOOR,NEW YORK,NY,10016,40.7469854,-73.9826206,True,ai,grounded
CLEARWATER CARDIOVASC CONSULTANTS,455 PINELLAS ST,CLEARWATER,FL,33756,27.9519007,-82.8021925,True,ai,corroborated
CLEARY GOTTLIEB STEEN & HAMILTON,ONE LIBERTY PLAZA 25TH FLOOR,NEW YORK,NY,10006,40.7097367,-74.010857,True,ai,corroborated
CLEERLY,1099 18TH ST STE 2860,DENVER,CO,80202,39.749667,-104.9924601,True,ai,grounded
CLEMENTS BLANCHARD HOLMES,,,,,,,True,,
CLERESTORY PROPERTIES,1101 WOOTTON PKWY STE 700,ROCKVILLE,MD,20852,39.0681175,-77.1562483,True,ai,uncorroborated
CLEVELAND CLINIC,9500 EUCLID AVE,CLEVELAND,OH,44195,41.5035186,-81.6156815,True,ai,corroborated
CLEVELAND REAL ESTATE SERVICES INC,,,,,,,True,,
CLEVELAND VA MEDICAL CENTER,10701 E BLVD,CLEVELAND,OH,44106,41.513757,-81.6140627,True,ai,corroborated
CLICKIT INC,,,,,,,True,,
CLIFFORD CHANCE,31 W 52ND ST,NEW YORK,NY,10019,40.7608799,-73.9780399,True,ai,corroborated
CLIFFSIDE REHAB,119-19 GRAHAM CT,FLUSHING,NY,11354,40.768213,-73.827392,True,ai,grounded
CLIMATE SOLUTIONS,2121 4TH AVE STE 2400,SEATTLE,WA,98121,47.6141075,-122.3425001,True,ai,corroborated
CLINICAL RESEARCH INSTITUTE OF MI,3001 W BIG BEAVER RD STE 100,TROY,MI,48084,42.5601962,-83.1887458,True,ai,corroborated
CLIVE CHRISTIAN,,,,,,,True,,
CLK PROPERTIES,,,,,,,True,,
CLOROX,,,,,,,True,,
CLOUDBASE SERVICES,,,,,,,True,,
CLOUDERA,5470 GREAT AMERICA PKWY STE 200,SANTA CLARA,CA,95054,37.4125777,-121.978494,True,ai,grounded
CLOUDFLARE,101 TOWNSEND ST,SAN FRANCISCO,CA,94107,37.7803446,-122.390613,True,ai,uncorroborated
CLOVER CAPITAL & ACTIVE INVESTMENT,,,,,,,True,,
CLTC,,,,,,,True,,
CM CAPITAL,,,,,,,True,,
CMA MANAGEMENT,,,,,,,True,,
CMC PROPERTIES,10925 REED HARTMAN HWY STE 200,CINCINNATI,OH,45242,39.2508015,-84.3799824,True,manual,verified
CME GROUP,CME CENTER 20 S WACKER DR,CHICAGO,IL,60606,41.8755616,-87.6244212,True,manual,verified
CMI,215 E 50TH ST,NEW YORK,NY,10022,40.7557187,-73.9702856,True,ai,grounded
CMR RECRUITING,,,,,,,True,,
CMS,7500 SECURITY BLVD,BALTIMORE,MD,21244,39.3179559,-76.7639866,True,ai,uncorroborated
CNEI,,,,,,,True,,
CNI,1003 N GLEBE RD STE 900,ARLINGTON,VA,22201,38.8822464,-77.1157707,True,ai,uncorroborated
CO FOUNDATION,,,,,,,True,,
CO VIEW CAPITAL,,,,,,,True,,
COALITION FOR COMPASSIONATE CARE,1 CHELSEA ST,BOSTON,MA,02128,42.370048,-71.038467,True,ai,uncorroborated
COALITION FOR RESPONSIBLE COMMUNITY DEVELOPMENT,4121 WHITTIER BLVD STE 205,LOS ANGELES,CA,90023,34.0240229,-118.1820028,True,ai,corroborated
COALITION INVESTMENT PARTNERS,750 LEXINGTON AVE,NEW YORK,NY,10022,40.7625148,-73.9685564,True,ai,corroborated
COALRIDGE MENNONITE CHURCH,,,,,,,True,,
COAST,,,,,,,True,,
COASTAL MAINE REALTY,15 MAIN ST,CAMDEN,ME,04843,44.2101033,-69.0646196,True,ai,corroborated
COASTAL RADIATION ONCOLOGY,,,,,,,True,,
COASTER MOBILITY,,,,,,,True,,
COAXISLEADERSHIP,,,,,,,True,,
COBBS CAPITAL,,,,,,,True,,
COCKROACH LABS,6 CANAL PARK,CAMBRIDGE,MA,02141,42.3693105,-71.0745959,True,ai,uncorroborated
COEURELUS CLINICAL SCIENCES,1515 RIVERBEND RD STE 200,DURHAM,NC,27713,35.883522,-78.935541,True,ai,uncorroborated
COFESTCO,,,,,,,True,,
COGNEX,,,,,,,True,,
COGNIZANT,300 FRANK W BURR BLVD,TEANECK,NJ,07666,40.8734797,-74.0067601,True,ai,uncorroborated
COHEN & FITCH LLP,470 ATLANTIC AVE 4TH FLOOR,BROOKLYN,NY,11217,40.6859089,-73.9824423,True,ai,corroborated
COHEN & MALAD LLP,111 MONUMENT CIR STE 2600,INDIANAPOLIS,IN,46204,39.7691068,-86.1570348,True,ai,corroborated
COHEN & STEERS,1166 AVE OF THE AMERICAS 30TH FLOOR,NEW YORK,NY,10036,40.7568778,-73.9820036,True,manual,verified
COHEN FAMILY TRUST,,,,,,,True,,
COHEN FOUNDATION,475 PARK AVE SOUTH 5TH FLOOR,NEW YORK,NY,10016,40.7453824,-73.9819834,True,ai,corroborated
COHEN HILL BOND AGENCY,,,,,,,True,,
COHEN INVESTMENTS,,,,,,,True,,
COHEN LERNER & RABINOVITZ PC,420 LEXINGTON AVE STE 2400,NEW YORK,NY,10170,40.7524677,-73.9757799,True,ai,uncorroborated
COHEN RECYCLING,3500 DEL AMO BLVD,TORRANCE,CA,90503,33.848493,-118.347296,True,ai,uncorroborated
COHEN SCHATZ ASSOCIATES INC,,,,,,,True,,
COHN COHN & SINGER,200 PARK AVE STE 1700,NEW YORK,NY,10166,40.7536135,-73.97658,True,ai,uncorroborated
COHNE RAPPORT & SEGAL,605 THIRD AVE 33RD FLOOR,NEW YORK,NY,10158,40.749012256559,-73.975637953653,True,ai,uncorroborated
COIN-O-MATIC,1250 BAYSHORE HWY,BURLINGAME,CA,94010,37.5927026,-122.362132,True,ai,uncorroborated
COINBASE,300 PARK AVE,SAN JOSE,CA,95110,37.3292077,-121.894672,True,ai,corroborated
COL U MED CTR,630 W 168TH ST,NEW YORK,NY,10032,40.8405084,-73.9402259,True,ai,uncorroborated
COLBURN SCHOOL OF THE PERFORMING AR,200 S GRAND AVE,LOS ANGELES,CA,90012,34.0538399,-118.2496712,True,ai,corroborated
COLBY COLLEGE + BETH ISRAEL CONGREGATION,,,,,,,True,,
COLD CHAIN TECHNOLOGIES,135 CONSTITUTION BLVD,FRANKLIN,MA,02038,42.0541784,-71.3952159,True,ai,grounded
COLDWELL BANKER REALTY,175 PARK AVE,MADISON,NJ,07940,40.770568,-74.423504,True,ai,grounded
COLE RAYLOR BANK,,,,,,,True,,
COLE SCHOTZ PC,25 MAIN ST,HACKENSACK,NJ,07601,40.8791642,-74.044443,True,ai,corroborated
COLFAX LAW OFFICE,301 N GARFIELD AVE,PIERRE,SD,57501,44.365718,-100.316833,True,ai,uncorroborated
COLGATE UNIVERSITY,13 OAK DR,HAMILTON,NY,13346,42.8165618,-75.5325514,True,ai,corroborated
COLL CAPITAL,,,,,,,True,,
COLLEEN HANABUSA AAL LLLC,120 PAUOA RD STE 200,HONOLULU,HI,96821,21.3215412,-157.8385456,True,ai,corroborated
COLLEGE BOUND CONSULTANTS LLC,,,,,,,True,,
COLLEGE HUNKS ATLANTA,1225 W PEACHTREE ST NW STE 2030,ATLANTA,GA,30309,33.7875044,-84.3877022,True,ai,corroborated
COLLEGE OF MARIN,835 COLLEGE AVE,KENTFIELD,CA,94904,37.955798,-122.5506398,True,ai,corroborated
COLLEGE OF NOTRE DAME,1500 RALSTON AVE,BELMONT,CA,94002,37.515251,-122.283712,True,ai,uncorroborated
COLLIERS,601 UNION ST STE 4800,SEATTLE,WA,98101,47.6099437,-122.3325277,True,ai,grounded
COLLINS&LACY,1330 LADY ST STE 100,COLUMBIA,SC,29201,34.0033272,-81.0311955,True,ai,corroborated
COLOGNE LIFE REINSURANCE,,,,,,,True,,
COLORADO KIDNEY CARE,2695 S COLORADO BLVD STE 450,DENVER,CO,80222,39.6677749,-104.9410775,True,ai,corroborated
COLORADO REHAB AND OC MED PLLC,,,,,,,True,,
COLRICH,444 W BEECH ST STE 300,SAN DIEGO,CA,92101,32.721237,-117.167108,True,ai,grounded
COLTER LEWIS INVESTMENT PARTNERS,22 W PUTNAM AVE SECOND FLOOR,GREENWICH,CT,06830,41.037603,-73.624339,True,manual,verified
COLUMBIA,1166 AVE OF THE AMERICAS,NEW YORK,NY,10036,40.7568778,-73.9820036,True,ai,corroborated
COLUMBIA COMPANIES,1 GREENWAY PLAZA STE 850,HOUSTON,TX,77046,29.7322584,-95.4324621,True,ai,grounded
COLUMBIA DOCTORS,177 FORT WASHINGTON AVE,NEW YORK,NY,10032,40.8414043,-73.9428366,True,ai,corroborated
COLUMBIA PEDIATRIC DENTISTRY,,,,,,,True,,
COLUMBIA PRESBYTERIAN MEDICAL CENTER,630 W 168TH ST,NEW YORK,NY,10032,40.8419836,-73.9436897,True,ai,corroborated
COLUMBIA UNIVERSITY,116TH ST & BROADWAY LOW MEMORIAL LIBRARY,NEW YORK,NY,10027,40.812657,-73.954983,True,ai,corroborated
COLUMBINE HEALTH PLAN,7601 E ORCHARD RD STE 101,GREENWOOD VILLAGE,CO,80111,39.6096405,-104.9006993,True,ai,corroborated
COLUMBUS,,,,,,,True,,
COLUMBUS CONSULTING GROUP,16 MADISON SQ WEST STE 1211,NEW YORK,NY,10010,40.739045,-73.982616,True,ai,grounded
COLUMBUS JEWISH FEDERATION,1175 COLLEGE AVE,COLUMBUS,OH,43209,39.945107,-82.935234,True,ai,corroborated
COLUMBUS PACIFIC DEVELOPMENT,1313 FOOTHILL BLVD STE 2,LA CANADA FLINTRIDGE,CA,91011,34.207505451,-118.20673979231,True,ai,grounded
COLUMBUS PACIFIC DEVELOPMENT,1389 CENTER DR STE 230,PARK CITY,UT,84098,40.723436603797,-111.537883605727,False,ai,grounded
COLUMBUS RADIOLOGY,2055 E BROAD ST STE 169,COLUMBUS,OH,43209,39.9686179,-82.9452716,True,ai,corroborated
COLUMBUS SQUARE MANAGEMENT,111 HUNTINGTON AVE 14TH FLOOR,BOSTON,MA,02199,42.3464784,-71.0814676,True,ai,uncorroborated
COMBINED ARMS,,,,,,,True,,
COMCAST,ONE COMCAST CENTER 1701 JOHN F KENNEDY BLVD,PHILADELPHIA,PA,19103,39.953372,-75.174187,True,ai,grounded
"COMITER, SINGER, BASEMAN & BRAUN",100 JERICHO QUADRANGLE STE 120,JERICHO,NY,11753,40.7891193,-73.5539158,True,ai,uncorroborated
COMM-CLUB WIRELESS PHONES,,,,,,,True,,
COMMAND MARKETING INNOVATIONS,70 OUTWATER LN,GARFIELD,NJ,07026,40.8809027,-74.115576,True,manual,verified
COMMAND PERFORMANCE,,,,,,,True,,
COMMERCE BANK,100 CHESTNUT ST,SAINT LOUIS,MO,63102,38.630272,-90.207442,True,ai,uncorroborated
COMMERCIAL METALS COMPANY,6565 N MACARTHUR BLVD STE 800,IRVING,TX,75039,32.8982186,-96.9599508,True,manual,verified
COMMON STRATEGIC CAPITAL,335 MADISON AVE STE 6A,NEW YORK,NY,10017,40.7536221,-73.9780733,True,ai,grounded
COMMONSPIRIT HEALTH,,,,,,,True,,
COMMONWEAL VENTURES MANAGEMENT LLC,1 MARKET ST STE 400,SAN FRANCISCO,CA,94105,37.79382,-122.3948144,True,ai,uncorroborated
COMMONWEALTH BENEFITS,100 CAMBRIDGE ST STE 1600,BOSTON,MA,02114,42.360981,-71.0626238,True,ai,uncorroborated
COMMONWEALTH CAPITAL VENTURES,,,,,,,True,,
COMMUNICARE,10123 ALLIANCE RD,BLUE ASH,OH,45242,39.245318,-84.3804624,True,manual,verified
COMMUNICARE FAMILY OF COMPANIES,900 NORTHSHORE DR STE 300,MORGANTOWN,WV,26508,39.601132,-79.902507,True,ai,uncorroborated
COMMUNITY CARE ADHC,,,,,,,True,,
COMMUNITY COLLEGE OF AURORA,16000 E CENTRETECH PKWY,AURORA,CO,80011,39.7198806,-104.8033578,True,ai,corroborated
COMMUNITY DEVELOPMENT GROUP,2500 ARAPAHOE AVE STE 220,BOULDER,CO,80302,40.0141575,-105.261549,True,manual,verified
COMMUNITY FOUNDATION OF BROWARD,100 W CYPRESS CREEK RD STE 700,FORT LAUDERDALE,FL,33309,26.203181,-80.149347,True,ai,corroborated
COMMUNITY HOLDINGS CORP,1000 ELM ST,MANCHESTER,NH,03101,42.9927397,-71.4643389,True,ai,uncorroborated
COMMUNITY SECURITY INITIATIVE,,,,,,,True,,
COMMVAULT SYSTEMS INC,3 W HILLSIDE AVE,TINTON FALLS,NJ,07724,40.298625,-74.074178,True,ai,corroborated
COMPASS,90 5TH AVE 2ND FLOOR,NEW YORK,NY,10011,40.7362844,-73.9936689,True,ai,corroborated
COMPASS BUSINESS SOLUTIONS INC,,,,,,,True,,
COMPASS HEALTH CENTER,,,,,,,True,,
COMPASS LEXECON,555 12TH ST NW STE 501,WASHINGTON,DC,20004,38.8967216,-77.0275548,True,ai,grounded
COMPASS TRANSPORTATION AND TECHNOLOGY,,,,,,,True,,
COMPASSION VENTURES,,,,,,,True,,
COMPATICO,,,,,,,True,,
COMPLETE CARE,,,,,,,True,,
COMPLETE SUPPLY,,,,,,,True,,
COMPONENT RESEARCH CO,260-A SAN ANTONIO CIR,MOUNTAIN VIEW,CA,94040,37.4075646,-122.1086308,True,ai,corroborated
COMPREHENSIVE COMMERCIAL MANAGEMENT,,,,,,,True,,
COMPREHENSIVE PAIN MANAGEMENT,,,,,,,True,,
COMVEST PARTNERS,2925 RICHMOND AVE STE 1500,HOUSTON,TX,77098,29.733355,-95.4226478,True,ai,uncorroborated
CONCORD ADVICE,,,,,,,True,,
CONCORD COMPANIES,449 S BEVERLY DR 1ST FLOOR,BEVERLY HILLS,CA,90212,34.0624658,-118.3987727,True,ai,grounded
CONCORDIA PROPERTIES,11601 WILSHIRE BLVD,LOS ANGELES,CA,90025,34.0510414,-118.4599151,True,ai,uncorroborated
CONFETT,,,,,,,True,,
CONG B'NAI ISRAEL,,,,,,,True,,
CONG. NER TAMID,,,,,,,True,,
CONG. YETEV LEV,152 RODNEY ST,BROOKLYN,NY,11211,40.7046917,-73.9602564,True,manual,verified
CONGREGATION ADAT ARI EL,12020 BURBANK BLVD,VALLEY VILLAGE,CA,91607,34.1720913,-118.3897988,True,ai,grounded
CONGREGATION B'NAI AMOONA,324 S MASON RD,CREVE COEUR,MO,63141,38.6510778,-90.4773865,True,ai,corroborated
CONGREGATION B'NAI ISRAEL,,,,,,,True,,
CONGREGATION BETH EL,,,,,,,True,,
CONGREGATION BETH EL ECC,,,,,,,True,,
CONGREGATION BETH SHOLOM,,,,,,,True,,
CONGREGATION BNAI YESHURUN,1876 BROAD ST,BLOOMFIELD,NJ,07003,40.837233,-74.1845983,True,ai,corroborated
CONGREGATION BROTHERS OF ISRAEL,,,,,,,True,,
CONGREGATION EMANU-EL,2 LAKE ST,SAN FRANCISCO,CA,94118,37.7870258,-122.4600787,True,ai,grounded
CONGREGATION ETZ CHAIM,,,,,,,True,,
CONGREGATION KEHILATH JESHURUN,125 E 85TH ST,NEW YORK,NY,10028,40.7791708,-73.956706,True,ai,corroborated
CONGREGATION KEHILLAH,,,,,,,True,,
CONGREGATION OHEV SHALOM,,,,,,,True,,
CONGREGATION SHAAREI TEFILLAH,46 DUNHAM RD,NEWTON CENTER,MA,02459,42.314779,-71.192017,True,ai,corroborated
CONGREGATION SHAAREY TIKVAH,26811 FAIRMOUNT BLVD,BEACHWOOD,OH,44122,41.4863955,-81.4878976,True,manual,verified
CONGREGATION SHAAREY ZEDEK,,,,,,,True,,
CONGREGATION TIKVAT JACOB,1829 N SEPULVEDA BLVD,MANHATTAN BEACH,CA,90266,33.8917369,-118.3960781,True,ai,corroborated
CONGREGATION TORAH OHR,,,,,,,True,,
CONGRESS AUTO INS,82 UNION AVE,FRAMINGHAM,MA,01702,42.280062267554,-71.417754574674,True,ai,grounded
CONGRESS AUTO INS,21 CENTRAL SQ,CAMBRIDGE,MA,02139,42.365458790562,-71.103969502441,False,ai,grounded
CONGRESS AUTO INS,131 BROAD ST,LYNN,MA,01902,42.463409494048,-70.940002219185,False,ai,grounded
CONGRESS AUTO INS,1441 HANCOCK ST,QUINCY,MA,02169,42.248962438421,-71.002306921679,False,ai,grounded
CONKRETA GROUP,701 BRAZOS ST,AUSTIN,TX,78701,30.268971,-97.7406286,True,ai,uncorroborated
CONNECT NOW INC,34 WASHINGTON ST,WELLESLEY,MA,02481,42.3246723,-71.261077,True,ai,corroborated
CONNECTICUT COLLEGE,270 MOHEGAN AVE,NEW LONDON,CT,06320,41.3791334,-72.1065306,True,ai,uncorroborated
CONNECTICUT GI,,,,,,,True,,
CONRAD N. HILTON FOUNDATION,1 DOLE DR,WESTLAKE VILLAGE,CA,91362,34.151961,-118.804963,True,ai,grounded
CONROY COMMERCIAL,5877 W 3RD ST,LOS ANGELES,CA,90036,34.0694312,-118.3481554,True,manual,verified
CONSOLIDATED AGENCY PARTNERS,,,,,,,True,,
CONSOLIDATED CCS,,,,,,,True,,
CONSOLIDATED INVESTMENT GROUP,18 INVERNESS PL E,ENGLEWOOD,CO,80112,39.570519945782,-104.860054047327,True,ai,grounded
CONSOLIDATED TRADING,71 S WACKER DR STE 2300,CHICAGO,IL,60606,41.880884872517,-87.63666439294,True,ai,grounded
CONSORTIUM BRAND PARTNERS,200 PARK AVE,NEW YORK,NY,10166,40.7536135,-73.97658,True,ai,corroborated
CONSTELLATION,300 EXELON WAY,BALTIMORE,MD,21202,39.297425,-76.607722,True,ai,corroborated
CONSTRUCTION MANAGEMENT ASSOCIATES,,,,,,,True,,
CONSULTANTS IN DIAGNOSTIC IMAGING,,,,,,,True,,
CONSULTING SOLUTIONS,,,,,,,True,,
CONSUMER CELLULAR INC,9TH FLOOR 200 SW MARKET ST,PORTLAND,OR,97201,45.508551,-122.688283,True,ai,uncorroborated
CONSUMERLAB.COM LLC,420 LEXINGTON AVE STE 332,NEW YORK,NY,10170,40.7524677,-73.9757799,True,ai,corroborated
CONTEMPO FLOOR COVERING,,,,,,,True,,
CONTEMPORARY INSURANCE SERVICES INC,ONE WICKER PARK 1435 N MILWAUKEE AVE STE 320,CHICAGO,IL,60622,41.902172,-87.683337,True,ai,uncorroborated
CONTESSA HEALTH,600 W CUMMINGS PARK STE 2200,WOBURN,MA,01801,42.4964493,-71.1267844,True,ai,uncorroborated
CONTINENTAL CABLEVISION,1 STATE ST,NEW YORK,NY,10004,40.7025642,-74.0131538,True,ai,uncorroborated
CONTINENTAL COMPUTERS,,LOS ANGELES,CA,90001,,,True,manual,verified
CONTINENTAL DIAMOND,10 E 40TH ST,NEW YORK,NY,10016,40.7517726,-73.9810488,True,ai,uncorroborated
CONTINENTAL ENVELOPE,100 NEWARK POMPTON TPKE,POMPTON PLAINS,NJ,07444,40.9729104,-74.2967962,True,ai,uncorroborated
CONTINENTAL REALTY CORPORATION,1427 CLARKVIEW RD STE 500,BALTIMORE,MD,21209,39.3781959,-76.6550934,True,ai,corroborated
CONTINENTAL SERVICES,3600 N ST AUGUSTINE RD,JACKSONVILLE,FL,32207,30.289637,-81.640966,True,ai,uncorroborated
CONTINENTAL VENTURES,,,,,,,True,,
CONTRARIAN CAPITAL,250 W 57TH ST STE 2400,NEW YORK,NY,10107,40.7663399,-73.9826892,True,ai,corroborated
CONVERMAT,,,,,,,True,,
COOK CHILDREN'S HOSPITAL,801 7TH AVE,FORT WORTH,TX,76104,32.7365621,-97.3411127,True,ai,corroborated
COOKIES,,,,,,,True,,
COOLEY LLP,3175 HANOVER ST,PALO ALTO,CA,94304,37.4144823,-122.1415005,True,ai,corroborated
COOMUNITY DEVELOPMENT VENTURE CAPITAL,,,,,,,True,,
COOPER & DUNHAM,30 ROCKEFELLER PLAZA 9TH FLOOR,NEW YORK,NY,10112,40.7591232,-73.979556,True,ai,corroborated
COOPER COMMUNICATIONS,245 W 29TH ST,NEW YORK,NY,10001,40.7487928,-73.9945426,True,ai,grounded
COOPER FUNERAL HOME,5000 DEMPSTER ST,SKOKIE,IL,60077,42.040882,-87.7521951,True,ai,uncorroborated
COOPER HOSPITAL,1 COOPER PLAZA,CAMDEN,NJ,08103,39.941225,-75.1163865,True,ai,corroborated
COOPER HOTELS,,,,,,,True,,
COOPER MANAGEMENT,600 CENTRAL AVE STE 138,HIGHLAND PARK,IL,60035,42.185480863287,-87.799630202419,True,manual,verified
COOPER REALTY,,,,,,,True,,
COOPER SPONG & DAVIS,555 W 5TH ST,LOS ANGELES,CA,90013,34.0500816,-118.2534063,True,ai,uncorroborated
COOPER UNIVERSITY HOSPITAL,1 COOPER PLAZA,CAMDEN,NJ,08103,39.941225,-75.1163865,True,ai,grounded
COOPERATIVE PURCHASES,,,,,,,True,,
COOPERMAN HOLDING CORP,2000 WESTCHESTER AVE,PURCHASE,NY,10577,41.0167233,-73.7101432,True,ai,corroborated
COORDINATES OPERATIONS LLC,,,,,,,True,,
COPADO INC,330 N WABASH AVE FL 23,CHICAGO,IL,60611,41.8886592,-87.627596,True,ai,grounded
COPPERSMITH PT,,,,,,,True,,
COPPOLA HOCKENBERG PC,,,,,,,True,,
COPS MONITORING,1041 GLASSBORO RD STE F2,WILLIAMSTOWN,NJ,08094,39.6885131,-75.010533,True,ai,grounded
CORAD INVESTMENTS LLC,,WEST PALM BEACH,FL,,,,True,manual,verified
CORBEL CAPITAL PARTNERS,1001 BRICKELL BAY DR STE 2500,MIAMI,FL,33131,25.76161,-80.1897961,True,ai,uncorroborated
CORCORAN,17 STATE ST,NEW YORK,NY,10004,40.7029112,-74.0139782,True,ai,corroborated
CORDARY INC,,,,,,,True,,
CORDISH COMPANIES,601 E PRATT ST 6TH FLOOR,BALTIMORE,MD,21202,39.2860594,-76.6071214,True,ai,grounded
CORE HOME,42 W 39TH ST,NEW YORK,NY,10018,40.7523783,-73.9844068,True,ai,grounded
CORE INNOVATION CAPITAL,1899 PENNSYLVANIA AVE NW STE 320,WASHINGTON,DC,20006,38.9005054,-77.0430103,True,ai,uncorroborated
CORE PEDIATRIC CARDIOLOGY PC,,,,,,,True,,
CORE SCAFFOLD SYSTEMS INC,,,,,,,True,,
COREVEST,4 PARK PLAZA STE 900,IRVINE,CA,92614,33.6782537,-117.8378306,True,ai,grounded
COREWELL HEALTH,,,,,,,True,,
CORGRO,,,,,,,True,,
"CORLETO, ACKERMAN & NUSSBAUM LLP",,,,,,,True,,
CORNERSTONE,,,,,,,True,,
CORNERSTONE BUILDING BRANDS INC,15475 INNOVATION DR STE 100,CHESTERFIELD,MO,63017,38.656285,-90.541867,True,ai,uncorroborated
CORNERSTONE GOVERNMENT AFFAIRS,1627 I ST NW STE 1100,WASHINGTON,DC,20006,38.901655,-77.0381078,True,ai,grounded
CORNERSTONE ONDEMAND,1601 CLOVERFIELD BLVD STE 600,SANTA MONICA,CA,90404,34.028449,-118.473667,True,ai,corroborated
CORNERSTONE OPS,,,,,,,True,,
CORNERSTONE PSYCHIATRY ASSOCIATES PA,14340 TORREY CHASE BLVD STE 160,HOUSTON,TX,77014,29.985844,-95.465176,True,manual,verified
CORO GROUP,250 PARK AVE S,NEW YORK,NY,10003,40.7381944,-73.9880991,True,ai,uncorroborated
CORONA,,,,,,,True,,
CORONA BRUSHES INC,63-18 188TH ST,FRESH MEADOWS,NY,11365,40.7354796,-73.7838479,True,ai,uncorroborated
CORPAC GROUP,20803 BISCAYNE BLVD STE 502,AVENTURA,FL,33180,25.9684602,-80.1430903,True,manual,verified
CORPORATE FINANCE ASSOCIATES,1300 W SAM HOUSTON PKWY S STE 200,HOUSTON,TX,77042,29.7493541,-95.5584442,True,ai,uncorroborated
CORPORATE GOVERNANCE PARTNERS INC,521 FIFTH AVE STE 1600,NEW YORK,NY,10175,40.754439049272,-73.980098836966,True,ai,uncorroborated
CORR CRONIN,1001 4TH AVE STE 3900,SEATTLE,WA,98154,47.606211,-122.333792,True,ai,corroborated
CORTEC GROUP,140 E 45TH ST 43RD FLOOR,NEW YORK,NY,10017,40.7528121,-73.9739556,True,ai,grounded
CORTEC GROUP,200 PARK AVE 20TH FLOOR,NEW YORK,NY,10166,40.754130899013,-73.976305245405,False,ai,grounded
CORUM DEVELOPMENT,50 MILK ST STE 910,BOSTON,MA,02109,42.357074,-71.0575972,True,ai,uncorroborated
CORUS ORTHODONTISTS,,,,,,,True,,
COTRONICS CORP,60 WILLOW RD,BROOKLYN,NY,11237,40.70416,-73.921139,True,ai,corroborated
COUNCIL OF STATE GOVERNMENTS - NHCSL,277 S WASHINGTON ST STE 200,ALEXANDRIA,VA,22314,38.803331,-77.047544,True,ai,uncorroborated
COUNCIL ON FOREIGN RELATIONS,58 E 68TH ST,NEW YORK,NY,10065,40.7684347,-73.9662495,True,ai,uncorroborated
COUNTERPOINT GOVERNMENT RELATIONS,600 PENNSYLVANIA AVE SE STE 400,WASHINGTON,DC,20003,38.8856649,-76.9976468,True,ai,uncorroborated
COUNTERPOINTE SUSTAINABLE ADVISORS,1207 ORANGE ST,WILMINGTON,DE,19801,39.748034,-75.5478586,True,ai,uncorroborated
COUNTRY CLUB MALL THEATERS,,,,,,,True,,
COUNTRYWIDE FINANCIAL,450 N BRAND BLVD,GLENDALE,CA,91203,34.1526952,-118.2545802,True,ai,corroborated
COUNTY OF LOS ANGELES,500 W TEMPLE ST,LOS ANGELES,CA,90012,34.0568474,-118.2462025,True,ai,corroborated
COUNTY OF SAN DIEGO,1600 PACIFIC HWY,SAN DIEGO,CA,92101,32.7213951,-117.1720706,True,ai,corroborated
COURAGEOUS PATHS COUNSELING,,,,,,,True,,
COURT LIQUORS,,,,,,,True,,
COURT SUPPORT INC,,,,,,,True,,
COURTALERT,141 W 36TH ST 20N,NEW YORK,NY,10018,40.755327,-73.992696,True,ai,grounded
COURTSIDE VENTURES,,,,,,,True,,
COVE HILL PARTNERS,888 BOYLSTON ST STE 1410,BOSTON,MA,02199,42.3480424,-71.082783,True,ai,grounded
COVEE,,,,,,,True,,
COVER 4,,,,,,,True,,
COVER FOUR,,,,,,,True,,
COVETRUS,12 MOUNTFORT ST,PORTLAND,ME,04101,43.6620174,-70.2478896,True,ai,grounded
COVINGTON & BURLING LLP,ONE CITYCENTER 850 TENTH ST NW,WASHINGTON,DC,20001,38.900350889594,-77.026065038701,True,ai,grounded
COVINGTON & BURLING LLP,1999 AVE OF THE STARS,LOS ANGELES,CA,90067,34.058647,-118.4166661,False,ai,grounded
"COWAN, LIEBOWITZ & LATMAN PC",114 W 47TH ST,NEW YORK,NY,10036,40.7581783,-73.9829836,True,ai,corroborated
COWEN INC,599 LEXINGTON AVE,NEW YORK,NY,10022,40.7578542,-73.9707227,True,ai,corroborated
COX AUTOMOTIVE,6205 PEACHTREE DUNWOODY RD NE,ATLANTA,GA,30328,33.933259,-84.386656,True,ai,corroborated
COX COMMUNICATIONS,6205-B PEACHTREE DUNWOODY RD NE,ATLANTA,GA,30328,33.933259,-84.386656,True,ai,grounded
COX ENTERPRISES,6205 PEACHTREE DUNWOODY RD NE,ATLANTA,GA,30328,33.933259,-84.386656,True,ai,corroborated
COZEN OCONNOR,1650 MARKET ST,PHILADELPHIA,PA,19103,39.9525789,-75.1681341,True,ai,corroborated
CPC,,,,,,,True,,
CPF,,,,,,,True,,
CRACKER BARREL,305 HARTMANN DR,LEBANON,TN,37087,36.2351775,-86.2774013,True,manual,verified
CRAFTWORK INC,2401 W STADIUM BLVD STE 2,ANN ARBOR,MI,48103,42.2778965,-83.7793473,True,ai,uncorroborated
CRAFTY,,,,,,,True,,
"CRAIG H SHERMAN, MD PC",,,,,,,True,,
CRAIG RISK SERVICES LTD,1600 W END AVE STE 7A,NASHVILLE,TN,37203,36.1544933,-86.7935648,True,ai,uncorroborated
CRAIG/IS,7077 BONNEVAL RD STE 435,JACKSONVILLE,FL,32216,30.2469901,-81.597292,True,manual,verified
CRANE FOUNDATION AND MSDE,,,,,,,True,,
CRANE GROUP COMPANY,6000 WESTOWN PKWY,WEST DES MOINES,IA,50266,41.5943616,-93.7914283,True,ai,uncorroborated
CRATE & BARREL,1250 N KINGSBURY ST,CHICAGO,IL,60642,41.9052928,-87.6495775,True,ai,uncorroborated
"CRAVATH, SWAINE & MOORE LLP",WORLDWIDE PLAZA 825 EIGHTH AVE,NEW YORK,NY,10019,40.762029620826,-73.986377465957,True,ai,corroborated
CRAWFORD SUPPLY,3715 NW 11TH ST,GAINESVILLE,FL,32605,29.681105,-82.3358501,True,ai,corroborated
CRAYHILL CAPITAL MANAGEMENT,280 PARK AVE FL 27E,NEW YORK,NY,10017,40.7564853,-73.975049,True,ai,grounded
CRC,,,,,,,True,,
CREATIVE ARTISTS AGENCY,2000 AVE OF THE STARS,LOS ANGELES,CA,90067,34.0583138,-118.4146758,True,ai,corroborated
CREATIVE CIRCLE,40 E RIO SALADO PKWY STE 505,TEMPE,AZ,85281,33.430295121877,-111.937908161757,True,ai,grounded
CREATIVE CIRCLE,300 PARK AVE SOUTH 7TH FLOOR,NEW YORK,NY,10010,40.739595514483,-73.986877547325,False,ai,grounded
CREATIVE CONSUMER CONCEPTS,4518 W 107TH ST,OVERLAND PARK,KS,66207,38.934912,-94.6385696,True,manual,verified
CREATIVE CONTRACTORS,,,,,,,True,,
CREATIVE EFFECTS INC,403B CENTRAL AVE,CEDARHURST,NY,11516,40.619522320067,-73.72665348581,True,manual,verified
CREATIVE PLANNING,5454 W 110TH ST,OVERLAND PARK,KS,66211,38.9294324,-94.648236,True,ai,grounded
CREDIT AGRICOLE CIB,1301 AVE OF THE AMERICAS,NEW YORK,NY,10019,40.7618616,-73.9801825,True,ai,corroborated
CREDIT SUISSE,11 MADISON AVE,NEW YORK,NY,10010,40.7415982,-73.9871904,True,ai,grounded
CREDIT SUISSE,600 WASHINGTON BLVD,STAMFORD,CT,06901,41.048142366243,-73.543111152719,False,ai,grounded
CREDIT SUISSE,228 W MONROE ST,CHICAGO,IL,60606,41.880710786511,-87.634256652039,False,ai,grounded
CREEKSTONE COMPANIES,200 SW MARKET ST,KANSAS CITY,MO,64108,39.084895,-94.58647,True,ai,uncorroborated
CREEKSTONE FARMS,3185 CREEKSTONE DR,KANSAS CITY,MO,64120,39.135007,-94.514957,True,ai,uncorroborated
CREIGHTON UNIVERSITY MEDICAL CENTER,601 N 30TH ST,OMAHA,NE,68131,41.2649292,-95.9567058,True,ai,corroborated
CRESA,167 N GREEN ST STE 1301,CHICAGO,IL,60607,41.8841385,-87.6484851,True,ai,grounded
CRESCENT GARDEN COMPANY,6807 BISCAYNE BLVD,MIAMI,FL,33138,25.8381509,-80.1839541,True,manual,verified
CRESCENT HEIGHTS OF AMERICA,8433 WILSHIRE BLVD 7TH FLOOR,BEVERLY HILLS,CA,90211,34.0650606,-118.3753058,True,ai,corroborated
CRESCENT REALTY ADVISORS,4840 ANDASOL AVE,ENCINO,CA,91316,34.1581449,-118.5118848,True,ai,grounded
CRESCENT STREET MANAGEMENT,,,,,,,True,,
CRESCO LABS,2401 W BIG BEAVER RD STE 200,TROY,MI,48084,42.5615788,-83.1819251,True,ai,uncorroborated
CRESSET CAPITAL,444 W LAKE ST STE 4700,CHICAGO,IL,60606,41.8861713,-87.6394541,True,ai,grounded
CRESSET CAPITAL,3445 PEACHTREE RD STE 1400,ATLANTA,GA,30326,33.850991436235,-84.361334502541,False,ai,grounded
CRESSET CAPITAL,5355 TOWN CENTER RD,BOCA RATON,FL,33486,26.363671458824,-80.127079630883,False,ai,grounded
CRESSET CAPITAL,525 OKEECHOBEE BLVD STE 1600,WEST PALM BEACH,FL,33401,26.705649750901,-80.05609334922,False,ai,grounded
CRESSON MANAGEMENT VIRGIN ISLANDS LLC,,,,,,,True,,
CREST OPERATING COMPANY,1401 ENCLAVE PKWY STE 800,HOUSTON,TX,77077,29.758017,-95.618622,True,ai,corroborated
CRESTVIEW PARTNERS,712 FIFTH AVE 9TH FLOOR,NEW YORK,NY,10019,40.762075387211,-73.974704945081,True,ai,corroborated
CRF,,,,,,,True,,
CRICUT,10855 S RIVER FRONT PKWY,SOUTH JORDAN,UT,84095,40.558566,-111.941674,True,manual,verified
CRIMINAL JUSTICE,,,,,,,True,,
CRITERIA,1600 S HWY 101 STE 334,SOLANA BEACH,CA,92075,32.9813934,-117.2691442,True,ai,corroborated
CROKE FAIRCHILD DUARTE & BERES,,,,,,,True,,
CROMWELL LEATHER,,,,,,,True,,
CRONIN AUTO,10590 NEW HAVEN RD,HARRISON,OH,45030,39.2635642,-84.7951398,True,manual,verified
CROOKED MONKEY,8220 RIVER QUARRY PL,BETHESDA,MD,20817,38.9930061,-77.159958,True,ai,grounded
CROSS INSURANCE,,,,,,,True,,
CROSS KEYS CAPITAL MW,,,,,,,True,,
CROSS RIVER PICTURES,511 W 25TH ST STE 403,NEW YORK,NY,10001,40.7495167,-74.0038673,True,ai,uncorroborated
CROSS SHORE CAPITAL MANAGEMENT,111 GREAT NECK RD STE 210,GREAT NECK,NY,11021,40.784751683953,-73.729794378685,True,manual,verified
CROSSCOUNTRY MORTGAGE,1 INTERNATIONAL PL STE 600,BOSTON,MA,02110,42.3557866,-71.0521134,True,ai,uncorroborated
CROSSLAND LLC,,BALTIMORE,MD,,,,True,manual,verified
CROSSOVER HEALTH,2601 MISSION ST STE 300,SAN FRANCISCO,CA,94110,37.7552799,-122.4182951,True,ai,uncorroborated
CROW HOLDINGS,3819 MAPLE AVE,DALLAS,TX,75219,32.80436900483,-96.81451918495,True,ai,grounded
CROW HOLDINGS,469 BLOOMFIELD AVE 3RD FLOOR,MONTCLAIR,NJ,07042,40.8140783,-74.2175551,False,ai,grounded
CROWDSTRIKE,1344 TREAT AVE STE 400,SAN FRANCISCO,CA,94110,37.7509326,-122.4128578,True,ai,corroborated
CROWELL & MORING LLP,1001 PENNSYLVANIA AVE NW,WASHINGTON,DC,20004,38.8954637,-77.0264855,True,ai,corroborated
CROWN ACQUISITIONS INC,2 JERICHO PLAZA STE 309,JERICHO,NY,11753,40.7851038,-73.5495907,True,ai,corroborated
CROWN ASSOCIATES REALTY,,,,,,,True,,
CROWN COUNSELING,,,,,,,True,,
CROWNE PARTNERS INC,100 GRANDVIEW PL STE 420,BIRMINGHAM,AL,35243,33.440988,-86.741547,True,manual,verified
CRS,,,,,,,True,,
CRT MANAGEMENT,,,,,,,True,,
CRUCIAL HIRE,,,,,,,True,,
CRUISER CAPITAL ADVISORS,243 TRESSER BLVD 17TH FLOOR,STAMFORD,CT,06901,41.050736,-73.53792,True,ai,grounded
CRYE LEIKE,545 N BROADWAY STE 200,LEBANON,TN,37087,36.263852,-86.269244,True,ai,corroborated
CRYSTAL ASSOCIATES,777 S FIGUEROA ST STE 4050,LOS ANGELES,CA,90017,34.0483799,-118.2609106,True,ai,uncorroborated
CRYSTAL BEACH ADVENTURES,,,,,,,True,,
CRYSTAL PLAZA GROUP,305 W NORTHFIELD RD,LIVINGSTON,NJ,07039,40.790336,-74.3368164,True,ai,corroborated
CSC PROPERTIES,5795 ULMERTON RD STE 200,CLEARWATER,FL,33760,27.905787,-82.713989,True,ai,grounded
CSG LAW,105 EISENHOWER PKWY,ROSELAND,NJ,07068,40.8275321,-74.3196001,True,ai,grounded
CSI,,,,,,,True,,
CSL SERVICES,150 N MICHIGAN AVE STE 800,CHICAGO,IL,60601,41.8846348,-87.6249873,True,ai,uncorroborated
CSMC MORTGAGE CORPORATION,1860 S BASCOM AVE STE 215,CAMPBELL,CA,95008,37.2898351,-121.9312709,True,ai,corroborated
CSMG,,,,,,,True,,
CSMS LLC,,,,,,,True,,
CSR PRIVACY SOLUTIONS,830 NE POP TILTON PL,JENSEN BEACH,FL,34957,27.2238654,-80.2417011,True,manual,verified
CSSS LLC,,,,,,,True,,
CSX CORPORATION,500 WATER ST,JACKSONVILLE,FL,32202,30.3245086,-81.6641398,True,ai,uncorroborated
CT GREEN BANK,55 TRUMBULL ST 3RD FLOOR,HARTFORD,CT,06103,41.7654624,-72.676828,True,ai,uncorroborated
CT MANAGEMENT,,,,,,,True,,
CTB ADVISORY LLC,,,,,,,True,,
CTCA,,,,,,,True,,
CTR MANAGEMENT INC,601 E PRATT ST,BALTIMORE,MD,21202,39.2860594,-76.6071214,True,manual,verified
CUDDY & FEDER LLP,1340 AVE OF THE AMERICAS 28TH FLOOR,NEW YORK,NY,10105,40.762567,-73.9783512,True,ai,corroborated
CUDLIE ACCESSORIES LLC,,,,,,,True,,
CULTURAL STRATEGIES,,,,,,,True,,
CUMMING GROUP,151 W 42ND ST 12TH FLOOR,NEW YORK,NY,10036,40.7554036,-73.9852254,True,ai,grounded
CUNEO GILBERT & LADUCA LLP,7733 FORSYTH BLVD STE 1675,SAINT LOUIS,MO,63105,38.6503629,-90.3356508,True,ai,uncorroborated
CUNY,365 FIFTH AVE,NEW YORK,NY,10016,40.74881272912,-73.984200765381,True,ai,corroborated
CUPIXEL LTD,1234 CHESTNUT ST,NEWTON,MA,02464,42.309557,-71.220408,True,manual,verified
CURALEAF,15 FARM SPRINGS RD STE 200,FARMINGTON,CT,06032,41.7198216,-72.8320435,True,ai,uncorroborated
CURB GARDNER CREATIVE GROUP,,,,,,,True,,
CURIO WELLNESS,10 WIGHT AVE,COCKEYSVILLE,MD,21030,39.4897875,-76.6481231,True,ai,corroborated
CUSHMAN & WAKEFIELD,225 W WACKER DR STE 3000,CHICAGO,IL,60606,41.8862507,-87.6350904,True,ai,grounded
CUSM,,,,,,,True,,
CUSTOM DOOR SHOP,4600 W 160TH ST,CLEVELAND,OH,44135,41.4298059,-81.81222,True,ai,uncorroborated
CUSTOM HOLDING INC,,,,,,,True,,
CUSTOM OUTFITTERS / BSN SPORTS,7211 W 129TH ST,OVERLAND PARK,KS,66213,38.8954874,-94.6680978,True,ai,uncorroborated
CUSTOM PROGRAMMING RESOURCES,,,,,,,True,,
CUTLER CAPITAL MANAGEMENT,306 MAIN ST STE 400,WORCESTER,MA,01608,42.2661225,-71.8015241,True,ai,corroborated
CUTLER MANAGEMENT CORP,43 HARVARD ST,WORCESTER,MA,01609,42.2704181,-71.802331,True,ai,grounded
CVENTURES,,LOS ANGELES,CA,90001,,,True,manual,verified
CVP,,,,,,,True,,
CVS CAREMARK,ONE CVS DR,WOONSOCKET,RI,02895,41.9919663,-71.4770385,True,ai,uncorroborated
CVS HEALTH,ONE CVS DR,WOONSOCKET,RI,02895,41.9919663,-71.4770385,True,ai,grounded
CWC,,,,,,,True,,
CYBERARK,19 KING ST,NEWTON,MA,02458,42.350909,-71.245481,True,ai,corroborated
CYBERHAVEN,345 CALIFORNIA AVE,PALO ALTO,CA,94306,37.4268564,-122.1442638,True,ai,grounded
CYBERSTATE U COM,,,,,,,True,,
CYBREXA,6 LIBERTY SQ 2ND FLOOR,BOSTON,MA,02109,42.3580751,-71.0552551,True,ai,corroborated
CYDCOR,29899 AGOURA RD,AGOURA HILLS,CA,91301,34.1451739,-118.7790534,True,ai,corroborated
CYMBAL DLT,,,,,,,True,,
CYPRESS EQUITY INVESTMENTS,12121 WILSHIRE BLVD STE 801,LOS ANGELES,CA,90025,34.0440837,-118.467955,True,ai,grounded
CYRULI SHANKS,,,,,,,True,,
D L SCHWARTZFARB MD,,,,,,,True,,
D VASQUEZ LAW,,,,,,,True,,
D&H,350 HIGHLAND DR,CAMP HILL,PA,17011,40.23483,-76.928846,True,ai,grounded
D1 CAPITAL,,,,,,,True,,
DACHS EMPLOYER LLC,,,,,,,True,,
DAIMLER TRUCK NA,455 N CITYFRONT PLAZA DR STE 600,CHICAGO,IL,60611,41.8897262,-87.6212705,True,ai,uncorroborated
DAKOTA ENTERPRISES,,,,,,,True,,
DAKOTA POWER PARTNERS,,,,,,,True,,
DAKOTA PROPERTIES,,,,,,,True,,
DALET,88 PINE ST 8TH FLOOR,NEW YORK,NY,10005,40.7056848,-74.0060818,True,ai,grounded
DALLAS INTERNATIONAL UNIVERSITY,,,,,,,True,,
DALTON & FINEGOLD,,,,,,,True,,
DALTON INVESTMENTS LLC,,,,,,,True,,
DAMOL INNOVATION LLC,,,,,,,True,,
DAMSKY PAPER CO,,,,,,,True,,
DAN ALPERT MD,,,,,,,True,,
DAN KELLY PRODUCTIONS,,,,,,,True,,
DAN M. KAHEN DO APC,,,,,,,True,,
DANA-FARBER CANCER INSTITUTE,450 BROOKLINE AVE,BOSTON,MA,02215,42.3375681,-71.1078696,True,ai,corroborated
DANALEX INC,1200 G ST NW STE 800,WASHINGTON,DC,20005,38.89814,-77.0282319,True,ai,uncorroborated
DANBAR,1401 BROADWAY 27TH FLOOR,NEW YORK,NY,10018,40.753032,-73.987378,True,ai,corroborated
"DANIEL B HEYMAN, CPA APC",,,,,,,True,,
DANIEL JAY COSGROVE MD INC,16311 VENTURA BLVD STE 800,ENCINO,CA,91436,34.157060436368,-118.488248670798,True,manual,verified
DANIEL N HERTZBERG PA,,MIAMI BEACH,FL,33139,,,True,manual,verified
DANKMEYER,825 N HAMMONDS FERRY RD STE D,LINTHICUM HEIGHTS,MD,21090,39.2174324,-76.663564,True,ai,grounded
DANLY,500 PROGRESS RD,DAYTON,OH,45449,39.664147,-84.237985,True,ai,grounded
DANNING GILL ISRAEL AND KRASNOFF LLP,1901 AVE OF THE STARS STE 1900,LOS ANGELES,CA,90067,34.0595286,-118.4176184,True,ai,corroborated
DANTO INVESTMENT CO,1700 STUTZ DR STE 25,TROY,MI,48084,42.550337,-83.178068,True,manual,verified
DANZIGER DELLANO,440 LOUISIANA ST STE 1212,HOUSTON,TX,77002,29.7626162,-95.3645783,True,manual,verified
DARE TO DREAM AVIATION,,,,,,,True,,
DAROMA RESTAURANT EQUIPMENT CORP,150 W 28TH ST,NEW YORK,NY,10001,40.7467748,-73.9928099,True,ai,corroborated
DARSANA CAPITAL PARTNERS LP,40 W 57TH ST 15TH FLOOR,NEW YORK,NY,10019,40.763456397141,-73.975296252603,True,ai,grounded
DART,,,,,,,True,,
DARTMOUTH COLLEGE,6134 MCNUTT HALL 6208 MAIN ST,HANOVER,NH,03755,43.732434,-72.139155,True,ai,uncorroborated
DARVISH INTERIORS,,,,,,,True,,
DATA,,,,,,,True,,
DATA CONCEPTS,,,,,,,True,,
DATA SPARK SECURITY CONSULTING,,,,,,,True,,
DATA.WORLD,701 BRAZOS ST STE 519,AUSTIN,TX,78701,30.268971,-97.7406286,True,ai,grounded
DATAIKU,902 BROADWAY 8TH FLOOR,NEW YORK,NY,10010,40.7393401,-73.9893929,True,ai,grounded
DATEL SOLUTIONS,6001 BOLLINGER CANYON RD STE 100,SAN RAMON,CA,94583,37.7583351,-121.9594581,True,ai,uncorroborated
"DAUGHERTY, KUPERMAN, GOLDEN & MOREH",,,,,,,True,,
DAUM,312 W 4TH ST,LOVELAND,CO,80537,40.3954446,-105.0796309,True,ai,uncorroborated
DAVE ARONBERRG LAW PA,,,,,,,True,,
DAVE PERRY MILLER REAL ESTATE,12770 COIT RD STE 100,DALLAS,TX,75251,32.9216608,-96.7682931,True,ai,corroborated
"DAVID DANIEL, M.D. PC",1133 SAGE ST,FAR ROCKAWAY,NY,11691,40.6068076,-73.7453448,True,manual,verified
DAVID F. JAFFE MD PA,,,,,,,True,,
DAVID G HELLER MD,541 MAIN ST STE 104,SOUTH WEYMOUTH,MA,02190,42.1878768,-70.9558987,True,manual,verified
DAVID HIRSON & PARTNERS LLP,1122 BROADWAY STE 900,NEW YORK,NY,10010,40.7431141,-73.9889848,True,ai,uncorroborated
DAVID LERNER ASSOCIATES,,,,,,,True,,
"DAVID M SCHWARTZ, ESQ",,,,,,,True,,
DAVID MARK RUDNICK M.D,,,,,,,True,,
DAVID PLOTKIN,,,,,,,True,,
DAVID S. BROWN ENT. LTD,,,,,,,True,,
DAVID SCHWARTZWALD MDPA SFLSS,,,,,,,True,,
DAVID SCHWARZ ARCHITECTS,75 N BROADWAY STE 3,WHITE PLAINS,NY,10601,41.0391624,-73.766921,True,ai,uncorroborated
DAVID SHAPIRO LAW PLLC,1225 19TH ST NW STE 320,WASHINGTON,DC,20036,38.9066528,-77.0430677,True,ai,uncorroborated
"DAVID STEIN, ESQ",,,,,,,True,,
DAVID ZWIRNER GALLERY,525 W 19TH ST,NEW YORK,NY,10011,40.745807,-74.0070327,True,ai,corroborated
DAVIDON CORP,1600 S MAIN ST STE 150,WALNUT CREEK,CA,94596,37.8890508,-122.0558777,True,ai,grounded
DAVIDON HOMES,1600 S MAIN ST STE 150,WALNUT CREEK,CA,94596,37.8890508,-122.0558777,True,ai,grounded
DAVIDOVICH LAW,6442 COLDWATER CANYON AVE STE 209,NORTH HOLLYWOOD,CA,91606,34.1941767,-118.4138004,True,ai,grounded
DAVIDSON KEMPER CAPITAL MANAGEMENT,9 W 57TH ST 29TH FLOOR,NEW YORK,NY,10019,40.763147045629,-73.97425049967,True,ai,grounded
DAVIDSON KEMPER CAPITAL MANAGEMENT,1600 MARKET ST STE 1200,PHILADELPHIA,PA,19103,39.952735104635,-75.166940549883,False,ai,grounded
DAVIDSON KEMPNER,520 MADISON AVE 25TH FLOOR,NEW YORK,NY,10022,40.7602214,-73.9744253,True,ai,corroborated
DAVIES WARD,900 THIRD AVE,NEW YORK,NY,10022,40.758405716979,-73.968966609611,True,manual,verified
DAVIS GILBERT LLP,950 THIRD AVE,NEW YORK,NY,10022,40.760231166369,-73.96763630302,True,ai,corroborated
DAVIS POLK & WARDWELL LLP,450 LEXINGTON AVE,NEW YORK,NY,10017,40.7532602,-73.9754403,True,manual,verified
DAVIS REALTY,,,,,,,True,,
DAVIS WRIGHT TREMAINE,920 FIFTH AVE STE 3300,SEATTLE,WA,98104,47.606040468985,-122.331235968309,True,ai,grounded
"DAVIS, CEDILLO & MENDOZA INC",2500 BROADWAY STE 1000,SANTA MONICA,CA,90404,34.0307217,-118.4741142,True,ai,uncorroborated
"DAVIS, STURGES & TOMLINSON PLLC",,,,,,,True,,
DAVISPOSTERARO AND WASSERMD'S,,,,,,,True,,
DAWN HOMES,,,,,,,True,,
DAWS DENTAL,,,,,,,True,,
DAY & NITE,,,,,,,True,,
DAY GROUP,,,,,,,True,,
DAYAH CAPITAL,,,,,,,True,,
DAYAN INVESTMENTS LLC,,,,,,,True,,
DAYGLO VENTURES LLC,,,,,,,True,,
DAYTON CHILDRENS,ONE CHILDREN'S PLAZA,DAYTON,OH,45404,39.788496,-84.152717,True,ai,corroborated
DAYTON STREET PARTNERS,100 MONTGOMERY ST STE 2500,SAN FRANCISCO,CA,94104,37.7903433,-122.4018704,True,ai,uncorroborated
DAYTONA STREET CAPITAL,,,,,,,True,,
DBA: RACHEL GOLDHAMER,,,,,,,True,,
DC CRUISES LLC,,,,,,,True,,
DC DENTAL,,,,,,,True,,
DC OF GA,,,,,,,True,,
DCI,,,,,,,True,,
DCP MIDSTREAM,370 17TH ST STE 2500,DENVER,CO,80202,39.7434959,-104.9886472,True,ai,corroborated
DCPS,1200 FIRST ST NE,WASHINGTON,DC,20002,38.905699507499,-77.005956841967,True,ai,grounded
DCR FAMILY LIMITED PARTNERSHIP LLLP,,,,,,,True,,
DCS,,,,,,,True,,
DDG,325 HUDSON ST,NEW YORK,NY,10013,40.7268469,-74.0075795,True,ai,uncorroborated
DDR,3300 ENTERPRISE PKWY STE 500,BEACHWOOD,OH,44122,41.4694994,-81.4947758,True,ai,uncorroborated
DE RITO PARTNERS INC,101 MONTGOMERY ST,SAN FRANCISCO,CA,94104,37.7902982,-122.4024772,True,ai,uncorroborated
DE SHAW,375 NINTH AVE,NEW YORK,NY,10001,40.751180038428,-73.997983251648,True,ai,grounded
DE SHAW,555 THEODORE FREMD AVE STE C300,RYE,NY,10580,40.973127145489,-73.702740392947,False,ai,grounded
DEALERDIRECT LLC,,,,,,,True,,
DEAN ROAD REALTY TRUST,,,,,,,True,,
DEATH WITH DIGNITY,207 SE GRAND AVE STE 417,PORTLAND,OR,97214,45.5213495,-122.6608332,True,ai,uncorroborated
DEBEVOISE AND PLIMPTON LLP,66 HUDSON BLVD,NEW YORK,NY,10001,40.718403330373,-74.008784846222,True,manual,verified
"DEBORAH GATES, JD, LLM ATTORNEY AT LAW",,,,,,,True,,
DEBORAH L CORDOVA PC,,,,,,,True,,
DEBORAH SILVER ENTERTAINMENT,,,,,,,True,,
DECHERT LLP,CIRA CENTRE 2929 ARCH ST,PHILADELPHIA,PA,19104,39.9572797,-75.1824563,True,ai,corroborated
DECIPHER,,,,,,,True,,
DECISION TACTICAL LLC,,,,,,,True,,
DECKO DESIGNS INC,2 GOLD ST,NEW YORK,NY,10038,40.707342,-74.0069844,True,manual,verified
DECON WORLDWIDE,70 LINDEN OAKS STE 200,MALVERN,PA,19355,40.045497,-75.527903,True,ai,uncorroborated
DECOWRAPS,,,,,,,True,,
DECRON PROPERTIES,6222 WILSHIRE BLVD STE 400,LOS ANGELES,CA,90048,34.0630768,-118.3643384,True,ai,grounded
DEE BERKLEY JEWELRY,,,,,,,True,,
DEEL,300 BRANNAN ST STE 202,SAN FRANCISCO,CA,94107,37.78183,-122.3925687,True,ai,grounded
DEEP TRACK CAPITAL,200 GREENWICH AVE,GREENWICH,CT,06830,41.0273954,-73.6264304,True,manual,verified
DEERFIELD MANAGEMENT,780 THIRD AVE 37TH FLOOR,NEW YORK,NY,10017,40.754739886749,-73.97163756877,True,ai,uncorroborated
DEFINED ADVANTAGE,,,,,,,True,,
DEFY DESSERTS LLC,,,,,,,True,,
DEGEN PAPER PRODUCTS INC,,,,,,,True,,
DEKALB COUNTY,1300 COMMERCE DR,DECATUR,GA,30030,33.7742549,-84.2994041,True,manual,verified
DEKEL CAPITAL,,,,,,,True,,
DELANO MEDICAL CENTER,1401 11TH AVE,DELANO,CA,93215,35.771521,-119.239229,True,ai,corroborated
DELIGHT RESTAURANT GROUP,,,,,,,True,,
DELIRIO FILMS,,,,,,,True,,
DELL,ONE DELL WAY,ROUND ROCK,TX,78682,30.4868577,-97.6668546,True,ai,grounded
DELMAN & COMPANY CPAS,,,,,,,True,,
DELMAN ADVISORS,,,,,,,True,,
DELMAR GARDENS ENTERPRISES,14805 N OUTER 40 RD STE 300,CHESTERFIELD,MO,63017,38.656285,-90.541867,True,ai,grounded
DELOITTE,30 ROCKEFELLER PLAZA 41ST FLOOR,NEW YORK,NY,10112,40.7591232,-73.979556,True,ai,grounded
DELOITTE & TOUCHE,555 MISSION ST STE 1400,SAN FRANCISCO,CA,94105,37.7885889,-122.3985627,True,ai,uncorroborated
DELOITTE CONSULTING,1633 BROADWAY,NEW YORK,NY,10019,40.762093,-73.9846559,True,ai,uncorroborated
DELOITTE TAX LLP,30 ROCKEFELLER PLAZA,NEW YORK,NY,10112,40.7591232,-73.979556,True,ai,grounded
DELOS CAPITAL,120 FIFTH AVE THIRD FLOOR,NEW YORK,NY,10011,40.738114804963,-73.992166018237,True,manual,verified
DELPHI,5725 DELPHI DR,TROY,MI,48098,42.598433,-83.17845,True,ai,grounded
DELTA,1030 DELTA BLVD,ATLANTA,GA,30354,33.6581071,-84.422993,True,ai,uncorroborated
DELTA AIRLINES,1030 DELTA BLVD,ATLANTA,GA,30354,33.6581071,-84.422993,True,ai,uncorroborated
DELTA CHILDRENS,114 W 26TH ST,NEW YORK,NY,10001,40.7449805,-73.9923808,True,ai,corroborated
DELTA DENTAL OF CALIFORNIA,,,,,,,True,,
DELTA ENTERPRISE CORP,114 W 26TH ST,NEW YORK,NY,10001,40.7449805,-73.9923808,True,ai,corroborated
DELTA GALI,,,,,,,True,,
DELTA GALIL,1790 BROADWAY STE 2010,NEW YORK,NY,10019,40.767048049164,-73.98165140598,True,ai,corroborated
DELTA SALLE ACADEMY,,,,,,,True,,
DEM,,,,,,,True,,
DEMAND CHAIN,,,,,,,True,,
DEMOCRACY ENGINE LLC,2125 14TH ST NW #101W,WASHINGTON,DC,20009,38.918586,-77.0316234,True,ai,grounded
DEN,,,,,,,True,,
DENALI BRANDS INC,4 ANDOVER COUNTRY CLUB LN,ANDOVER,MA,01810,42.6680156,-71.1715662,True,ai,grounded
DENLEA & CARTON LLP,1001 19TH ST NW STE 600,WASHINGTON,DC,20036,38.902647,-77.043355,True,ai,uncorroborated
DENOVO DIGITAL,4070 GOLDFINCH ST STE C,SAN DIEGO,CA,92103,32.751341001908,-117.171465644447,True,ai,grounded
DENOVO SOLUTIONS,11 W 19TH ST 6TH FLOOR,NEW YORK,NY,10011,40.7396106,-73.9923652,True,ai,uncorroborated
DENTAL ARTS OF MINNEAPOLIS,4316 NICOLLET AVE S,MINNEAPOLIS,MN,55409,44.9246927,-93.278047,True,ai,corroborated
DENTAL CARE GROUP,,,,,,,True,,
DENTAL DREAMS LLC,,,,,,,True,,
DENTAL IMPLANTS AND PERIODONTAL HEALTH OF ROCHESTER,,,,,,,True,,
DENTAL LIFELINE NETWORK,,,,,,,True,,
DENTAL OFFICE,,,,,,,True,,
DENTONS,1221 AVE OF THE AMERICAS,NEW YORK,NY,10020,40.7595136,-73.9825069,True,ai,grounded
DENVER COUNSELING SERVICE,501 E 17TH AVE STE 255,DENVER,CO,80203,39.7434634,-104.9808091,True,ai,corroborated
DENVER DA'S OFFICE,201 W COLFAX AVE DEPT 801,DENVER,CO,80202,39.751526,-104.997673,True,ai,corroborated
DENVER FOLKLORE CENTER,1899 16TH ST MALL,DENVER,CO,80202,39.7495421,-104.997857,True,ai,corroborated
DEPARTMENT OF CONSUMER AFFAIRS,42 BROADWAY,NEW YORK,NY,10004,40.7052717,-74.0139203,True,ai,uncorroborated
DEPARTMENT OF HUMAN SERVICES,200 INDEPENDENCE AVE SW,WASHINGTON,DC,20201,38.8866298,-77.0143854,True,ai,uncorroborated
DEPARTMENT OF JUSTICE,950 PENNSYLVANIA AVE NW,WASHINGTON,DC,20530,38.893208,-77.025601,True,ai,corroborated
DEPARTMENT OF THE ARMY - WHITE SANDS MISSILE RANGE,WHITE SANDS MISSILE RANGE,WHITE SANDS MISSILE RANGE,NM,88002,32.3852029,-106.4917289,True,manual,verified
DEPT OF VETERANS AFFAIRS,810 VERMONT AVE NW,WASHINGTON,DC,20420,38.9007688,-77.03521,True,ai,grounded
DEREK SMITH LAW GROUP PLLC,1835 MARKET ST 6TH FLOOR,PHILADELPHIA,PA,19103,39.9537066,-75.1711096,True,ai,corroborated
DERM INSTITUTE OF CHICAGO,360 N GREEN ST,CHICAGO,IL,60607,41.8886972,-87.6493123,True,ai,corroborated
DERMATOLOGISTS OF CENTRAL STATES,9987 CARVER RD STE 250,BLUE ASH,OH,45242,39.2434996,-84.3859941,True,ai,grounded
DERMATOLOGY ASSOCIATES OF THE BAY AREA,4400 REDWOOD HWY STE 100,SAN RAFAEL,CA,94903,38.018631,-122.539168,True,ai,corroborated
DERMATOLOGY OF SEATTLE AND BELLEVUE,600 BROADWAY E STE 200,SEATTLE,WA,98102,47.6243993,-122.3203331,True,ai,corroborated
DERMCARE,4000 HOLLYWOOD BLVD STE 215-S,HOLLYWOOD,FL,33021,26.0105598,-80.1836114,True,ai,grounded
DERMIC,,,,,,,True,,
"DERN CAPITAL, PHOEB-X",,,,,,,True,,
DESERT CARDIOLOGY,12801 N 103RD AVE STE 102,SUN CITY,AZ,85351,33.6207867,-112.2718966,True,ai,uncorroborated
DESERT ORTHOPAEDIC CENTER,2800 E DESERT INN RD STE 100,LAS VEGAS,NV,89121,36.1298678,-115.1119341,True,ai,grounded
DESIGN CONCEPTS,273 CLOSTER DOCK RD STE 1,CLOSTER,NJ,07624,40.97289,-73.960315,True,ai,grounded
DESIGN PROJECTS,,,,,,,True,,
DESMARAIS LLP,,,,,,,True,,
DESRI,575 FIFTH AVE FL 24,NEW YORK,NY,10017,40.756575750132,-73.978534011127,True,ai,grounded
DESRI,5445 DTC PKWY STE 1250,GREENWOOD VILLAGE,CO,80111,39.619080394952,-104.896604539899,False,ai,grounded
DESRI,712 MAIN ST STE 2150,HOUSTON,TX,77002,29.75910227856,-95.363302360353,False,ai,grounded
DESTINATION COLLEGE,100 CALIFORNIA RD,MOUNT VERNON,NY,10552,40.9256383,-73.8151922,True,manual,verified
DETROIT COUNTRY DAY SCHOOL,22305 W 13 MILE RD,BEVERLY HILLS,MI,48025,42.5159948,-83.2652216,True,ai,corroborated
DETROIT MEDICAL CENTER,4815 JOHN R ST,DETROIT,MI,48202,42.3568467,-83.0616877,True,ai,corroborated
DETROIT PISTONS BASKETBALL CLUB,ONE AGRACEL PL,AUBURN HILLS,MI,48326,42.688246,-83.244075,True,ai,grounded
DETROIT VENTURE PARTNERS,444 W WILLIS STE 300,DETROIT,MI,48201,42.350528,-83.0647623,True,ai,corroborated
DEUTSCHE BANK,60 WALL ST,NEW YORK,NY,10005,40.7061731,-74.0085162,True,ai,uncorroborated
DEVELOPERS CONSOLIDATED REALTY,1250 H ST NW STE 300,WASHINGTON,DC,20005,38.899573,-77.029305,True,ai,uncorroborated
DEVINKI REAL ESTATE,,,,,,,True,,
DEVON MANAGEMENT,111 W 33RD ST 16TH FLOOR,NEW YORK,NY,10001,40.7493864,-73.9886217,True,ai,corroborated
DEXIAN,,,,,,,True,,
DEZENHALL RESOURCES,1205 N COURTHOUSE RD STE 520,ARLINGTON,VA,22201,38.8916246,-77.0839629,True,ai,uncorroborated
DEZER DEVELOPMENT,18001 COLLINS AVE STE 100,SUNNY ISLES BEACH,FL,33160,25.9432161,-80.1205584,True,ai,corroborated
DEZER PROPERTIES,18001 COLLINS AVE STE 100,SUNNY ISLES BEACH,FL,33160,25.9432161,-80.1205584,True,ai,corroborated
DF ADVISORS LLC,1040 AVE OF THE AMERICAS 7TH FLOOR,NEW YORK,NY,10018,40.7529924,-73.9850431,True,ai,uncorroborated
DFAC,,,,,,,True,,
DGR GLOBAL,15260 VENTURA BLVD STE 400,SHERMAN OAKS,CA,91403,34.1530124,-118.4658822,True,ai,corroborated
DH&G,,,,,,,True,,
DHC REAL ESTATE SERVICES,,,,,,,True,,
DHDH AUSTIN HOMES LLC,901 S MOPAC EXPY STE 600,AUSTIN,TX,78746,30.264114,-97.7814589,True,ai,corroborated
DHI MORTGAGE CO,10975 WESTMOOR DR STE 300,WESTMINSTER,CO,80021,39.9001385,-105.1272124,True,ai,uncorroborated
DHR,100 OCEANGATE STE 600,LONG BEACH,CA,90802,33.76659,-118.198251,True,ai,corroborated
DHS,2703 MARTIN LUTHER KING JR AVE SE,WASHINGTON,DC,20528,38.849392,-76.996064,True,ai,uncorroborated
DIABETES AND ENDOCRINE ASSOCIATES,300 S WINNETKA AVE STE 221,GLENDALE,CA,91205,34.13658,-118.245839,True,ai,corroborated
DIAMOND & DENIM RECRUITING,,,,,,,True,,
DIAMOND CHEMICAL,UNION AVE AND DUBOIS ST,EAST RUTHERFORD,NJ,07073,40.817097,-74.085024,True,manual,verified
DIAMOND FAMILY OFFICE,16690 COLLINS AVE,SUNNY ISLES BEACH,FL,33160,25.927032766558,-80.122326340102,True,ai,grounded
DIAMOND FAMILY OFFICE,9701 COLLINS AVE,BAL HARBOUR,FL,33154,25.888301572109,-80.123674439775,False,ai,grounded
DIAMOND MANUFACTURERS AND IMPORTERS AS,,,,,,,True,,
DIAMOND REALTY HOLDINGS,,,,,,,True,,
DIAMOND VENTURES,2200 E RIVER RD STE 115,TUCSON,AZ,85718,32.2867631,-110.9393903,True,ai,grounded
DIAMONDS MENS SHOP,,,,,,,True,,
DICKINSON WRIGHT,500 WOODWARD AVE STE 4000,DETROIT,MI,48226,42.3300644,-83.0449346,True,ai,grounded
DICKS SPORTING GOODS,345 CT ST,CORAOPOLIS,PA,15108,40.5071989,-80.2649352,True,ai,grounded
DICKSTEIN SHAPIRO,1825 EYE ST NW,WASHINGTON,DC,20006,38.9016485,-77.0421808,True,ai,uncorroborated
DIETZ GILMOR & CHAZEN APC,100 SPECTRUM CENTER DR STE 1200,IRVINE,CA,92618,33.6505695,-117.7476412,True,ai,corroborated
DIFFERENT TECHNOLOGIES,125 CAMBRIDGEPARK DR STE 301,CAMBRIDGE,MA,02140,42.3950101,-71.1461192,True,ai,uncorroborated
DIFGEN PHARMACEUTICALS,,,,,,,True,,
DIGESTIVE HEALTH ASSOCIATES,1530 CLAY ST STE 220,OAKLAND,CA,94612,37.8061604,-122.2729184,True,ai,uncorroborated
DIGITAL DECH,,,,,,,True,,
DIGITAL DRAFTING SYSTEMS,16969 NW 67TH AVE STE 100,HIALEAH,FL,33015,25.897922,-80.3081882,True,ai,grounded
DIGITAL FUSION,60 STATE ST 26TH FLOOR,BOSTON,MA,02109,42.3596782,-71.056579,True,ai,uncorroborated
DIGITAL GADGETS LLC,244 E 58TH ST,NEW YORK,NY,10022,40.7600031,-73.9654401,True,ai,grounded
DIGITAL HEALTH,,,,,,,True,,
DIGITALDOORS INC,,,,,,,True,,
DIGNITY GROWS INC,,,,,,,True,,
DII,,,,,,,True,,
DII ENTERPRISES,,,,,,,True,,
DIME COMMUNITY BANK,1627 MERRICK AVE,MERRICK,NY,11566,40.6780006,-73.5579243,True,ai,corroborated
DIMENSIONAL FUND ADVISORS,,,,,,,True,,
DIMENSIONS BOUTIQUE,,,,,,,True,,
DINERSTEIN COMPANIES,100 JERICHO QUADRANGLE STE 100,JERICHO,NY,11753,40.7891193,-73.5539158,True,ai,uncorroborated
DINESOL,,,,,,,True,,
DIPLOMACY MATTERS,641 LEXINGTON AVE,NEW YORK,NY,10022,40.758877,-73.9696441,True,ai,uncorroborated
DIRECT DEMO,,,,,,,True,,
DIRECT MARKETING NETWORK INC,,,,,,,True,,
DISCOVER VISION CENTERS,4741 S COCHISE DR,INDEPENDENCE,MO,64055,39.050847,-94.397998,True,ai,grounded
DISCOVERY SCHOOL,,,,,,,True,,
DISH NETWORK,9601 S MERIDIAN BLVD,ENGLEWOOD,CO,80112,39.5451301,-104.8559924,True,ai,uncorroborated
DISPUTE RESOLUTION SERVICES,,,,,,,True,,
DISTRICT 27,,,,,,,True,,
DIVERITAS GROUP,,,,,,,True,,
DIVERSIFIED AG,,,,,,,True,,
DIVERSIFIED CONSTRUCTION OF GEORGIA,,,,,,,True,,
DIVERSIFIED PORTFOLIOS INC,10 S RIVERSIDE PLAZA STE 1010,CHICAGO,IL,60606,41.8810905,-87.639091,True,ai,uncorroborated
DIVOTS,3525 NW 53RD ST,LINCOLN,NE,68504,40.8413793,-96.7919304,True,ai,uncorroborated
DIXIE MILL SUPPLY COMPANY,901 TCHOUPITOULAS ST,NEW ORLEANS,LA,70130,29.9432361,-90.0677303,True,ai,grounded
DJBR LLC,,,,,,,True,,
DKR CAPITAL,,,,,,,True,,
DLA PIPER,444 W LAKE ST STE 900,CHICAGO,IL,60606,41.885779441303,-87.639431130354,True,ai,grounded
DLA PIPER,2000 AVE OF THE STARS SUITE 400 N TOWER,LOS ANGELES,CA,90067,34.058696099086,-118.415747962658,False,ai,grounded
DLA PIPER,200 S BISCAYNE BLVD STE 2500,MIAMI,FL,33131,25.772688435683,-80.187541622952,False,ai,grounded
DLL INVESTMENT,3333 WARRENVILLE RD STE 130,LISLE,IL,60532,41.8087957,-88.1161056,True,ai,uncorroborated
DLLP,,,,,,,True,,
DLR GROUP,6457 FRANCES ST STE 200,OMAHA,NE,68106,41.239758,-96.0134712,True,ai,grounded
DM CLINICAL,,,,,,,True,,
DMB STRATEGIC,,,,,,,True,,
DMD MANAGEMENT,12380 PLAZA DR,PARMA,OH,44130,41.3998723,-81.7765024,True,manual,verified
DMG INSURANCE,1030 N BLVD OF THE ARTS,SARASOTA,FL,34236,27.325788,-82.559997,True,ai,corroborated
DMJ CASTING INC,,,,,,,True,,
DMW,,,,,,,True,,
DNA HOLDINGS,,,,,,,True,,
DNA STRATEGY GROUPINGS,,,,,,,True,,
DNI,,,,,,,True,,
DO TERRA,389 S 1300 W,PLEASANT GROVE,UT,84062,40.3589712,-111.7578939,True,ai,corroborated
DOCFLOW LABS,,,,,,,True,,
DOCMJ,,,,,,,True,,
DOD,1400 DEFENSE PENTAGON,WASHINGTON,DC,20301,38.8950368,-77.0365427,True,ai,uncorroborated
DOG,,,,,,,True,,
DOGPATCH LLC,44 DOGPATCH LN,SAN FRANCISCO,CA,94107,37.758547,-122.39954,True,ai,corroborated
DOLAN FAMILY OFFICE,,,,,,,True,,
DOLLARTREE,500 VOLVO PKWY,CHESAPEAKE,VA,23320,36.7683132,-76.2418329,True,ai,grounded
DOLLINGER PROPERTIES,555 TWIN DOLPHIN DR STE 600,REDWOOD CITY,CA,94065,37.518589856041,-122.251248258245,True,ai,grounded
DOLLINGER PROPERTIES,2109 O'TOOLE AVE,SAN JOSE,CA,95131,37.392030067835,-121.907109792862,False,ai,grounded
DOLPHIN PROPERTY SERVICES,,,,,,,True,,
DOMANI ADVISORS,10 W 33RD ST STE 802,NEW YORK,NY,10001,40.7480451,-73.9859788,True,ai,grounded
DOMINION ELECTRIC SUPPLY,5053 LANGSTON BLVD,ARLINGTON,VA,22207,38.8968578,-77.1300703,True,ai,grounded
DOMINION ELECTRIC SUPPLY,16608 OAKMONT AVE,GAITHERSBURG,MD,20877,39.129336760523,-77.174523420372,False,ai,grounded
DOMINION ELECTRIC SUPPLY,8610 CHERRY LN,LAUREL,MD,20707,39.090690908977,-76.855613657996,False,ai,grounded
DOMINION ELECTRIC SUPPLY,22 K ST NE,WASHINGTON,DC,20002,38.902576508218,-77.008359891097,False,ai,grounded
DON KLEIN MANAGEMENT GROUP INC,8840 WILSHIRE BLVD STE 207,BEVERLY HILLS,CA,90211,34.0666978,-118.384936,True,manual,verified
"DONALD C. LIPKIS, MD",,,,,,,True,,
DONALDSON LUFKIN & JENRETTE,499 PARK AVE,NEW YORK,NY,10022,40.7625806,-73.9697327,True,ai,corroborated
DONE,,,,,,,True,,
DONFELD & ROLLMAN,1901 AVE OF THE STARS STE 500,LOS ANGELES,CA,90067,34.0595286,-118.4176184,True,manual,verified
DONNA KARAN CO,201 W 37TH ST STE 1200,NEW YORK,NY,10018,40.753027,-73.989332,True,ai,corroborated
DONNA KLEIN JEWISH ACADEMY,9700 DONNA KLEIN BLVD,BOCA RATON,FL,33428,26.351283,-80.229122,True,ai,corroborated
DONNELLEY FINANCIAL SOLUTIONS,,,,,,,True,,
DONOVANS,,,,,,,True,,
DONYATI,1201 3RD AVE STE 2200,SEATTLE,WA,98101,47.6071707,-122.3360996,True,ai,uncorroborated
DOORDASH,303 2ND ST STE 800,SAN FRANCISCO,CA,94107,37.7847893,-122.395484,True,ai,grounded
DOORLOOP INC,70 W MADISON ST #4400,CHICAGO,IL,60602,41.8823349,-87.6300019,True,ai,uncorroborated
DOOWY DOES IT,,,,,,,True,,
DORA'S NATURALS,21 EMPIRE BLVD,SOUTH HACKENSACK,NJ,07606,40.8313976,-74.0424,True,ai,grounded
DORADO BEACH RESORT/CPG REAL ESTATE,440 COLUMBIA DR STE 103,WEST PALM BEACH,FL,33409,26.7103806,-80.1005777,True,ai,grounded
DORENFELD LAW,655 MONTGOMERY ST STE 1600,SAN FRANCISCO,CA,94111,37.7952291,-122.4036148,True,ai,corroborated
DORILTON CAPITAL,375 GREENWICH ST 3RD FLOOR,NEW YORK,NY,10013,40.7196109,-74.0100722,True,ai,corroborated
DORIS BOUDAIE OPTOMETRY,8500 BEVERLY BLVD,LOS ANGELES,CA,90048,34.075718,-118.3770471,True,ai,grounded
DORIS DAVIS INC,835 BLOSSOM HILL RD STE 215,SAN JOSE,CA,95123,37.250377355136,-121.855153820008,True,ai,grounded
DORMAE PRODUCTS,,,,,,,True,,
DORSHIRE,,,,,,,True,,
DOUBLE A DEVELOPMENT,,,,,,,True,,
DOUBLE RAINBOW,3059 MASONIC AVE,SAN FRANCISCO,CA,94118,37.7858258,-122.4472026,True,ai,grounded
DOUBLE U LLC,,,,,,,True,,
DOUGLAS ELLIMAN,101 PARK AVE,NEW YORK,NY,10178,40.7508308,-73.9776118,True,ai,corroborated
DOUGLAS EMMETT,808 WILSHIRE BLVD STE 900,SANTA MONICA,CA,90401,34.0221079,-118.4939683,True,ai,corroborated
DOUGLAS LEGUM DEVELOPMENT,6901 ROCKLEDGE DR STE 650,BETHESDA,MD,20817,39.0287499,-77.1389134,True,manual,verified
DOUGLAS M. LIEBMAN ESTATE JEWELER,15255 N 40TH ST STE 151,PHOENIX,AZ,85032,33.6253006,-111.9952829,True,ai,grounded
DOVER DEVELOPMENT,,,,,,,True,,
DOWD BENNETT LLP,7733 FORSYTH BLVD STE 1900,SAINT LOUIS,MO,63105,38.6503629,-90.3356508,True,ai,grounded
DOWN TO EARTH TECHNOLOGIES,,,,,,,True,,
DOWNEY BRAND LLP,621 CAPITOL MALL 18TH FLOOR,SACRAMENTO,CA,95814,38.580568,-121.49559,True,ai,corroborated
DOWNSTATE,,,,,,,True,,
DOWNTOWN CAPITAL PARTNERS,360 HAMILTON AVE STE 1110,WHITE PLAINS,NY,10601,41.0347482,-73.766963,True,manual,verified
DOWNTOWN INVESTMENT ADVISORY,,,,,,,True,,
DOWNTOWN PHARMAXY,,,,,,,True,,
DOWNTOWN REALTY,,,,,,,True,,
DOWNTOWNWORKS,550 W B ST 4TH FLOOR,SAN DIEGO,CA,92101,32.7178495,-117.1678376,True,ai,grounded
DP&F,,,,,,,True,,
DPIS BUILDER SERVICES,,,,,,,True,,
DPIS ENGINEERING LLC,19450 STATE HWY 249 STE 300,HOUSTON,TX,77070,29.979455,-95.573317,True,manual,verified
DR JACK L SCHAEFFER LLC,,,,,,,True,,
DR M GELBORT,,,,,,,True,,
DR MADRIGAL,,,,,,,True,,
DR MICHAEL GRIBETZ,,,,,,,True,,
DR PROSPER ABITBOL PA,,,,,,,True,,
DR SANDWICH,,,,,,,True,,
DR SARKISSIAN,,,,,,,True,,
DR. ADAM DORSAY,,,,,,,True,,
"DR. ANDREW LIPTON, MD",,,,,,,True,,
DR. APRIL MARTIN,,,,,,,True,,
DR. BRUCE LERNER MD ANESTHESIO,,,,,,,True,,
DR. DENTIST,,,,,,,True,,
DR. EMILIA STROGOV,,,,,,,True,,
DR. FAMININI OFFICE,,,,,,,True,,
DR. GARY KAPLAN,,,,,,,True,,
DR. LARRY HERRING,,,,,,,True,,
DR. LARRY SHEMEN,,,,,,,True,,
DR. LONNIE RESNICK LLC,,,,,,,True,,
DR. MORT ISRAEL,,,,,,,True,,
DR. SIMMONS,,,,,,,True,,
DR. STANLEY GOLDSTEIN,,,,,,,True,,
DR. STANLY MECKLER,,,,,,,True,,
DR. SYLVIE,,,,,,,True,,
DR. YAEL HALAAS,,,,,,,True,,
DR.MURRAY BARUCH,,,,,,,True,,
DRAFTKINGS,222 BERKELEY ST 5TH FLOOR,BOSTON,MA,02116,42.3514077,-71.0730278,True,ai,grounded
DRAGONFLY TECHNOLOGIES,1333 BROADWAY STE 1506,NEW YORK,NY,10018,40.7512127,-73.9879717,True,ai,corroborated
DREAM PROJECTS DBA RTA,,,,,,,True,,
DREAMHAVEN,,,,,,,True,,
DREAMWAVE LLC,34 W 33RD ST 11TH FLOOR,NEW YORK,NY,10001,40.7484047,-73.9868343,True,manual,verified
DREAMWEAR INC,183 MADISON AVE 10TH FLOOR,NEW YORK,NY,10016,40.747617,-73.982941,True,manual,verified
DREXEL BURNHAM LAMBERT,,,,,,,True,,
DREXEL UNIVERSITY,3141 CHESTNUT ST,PHILADELPHIA,PA,19104,39.9586721,-75.1888451,True,ai,corroborated
DREYER BABICH,ONE EMBARCADERO CENTER STE 500,SAN FRANCISCO,CA,94111,37.7944882,-122.3996223,True,ai,corroborated
DRG BEHAVIORAL HEALTH,3219 E CAMELBACK RD # 798,PHOENIX,AZ,85018,33.5094773,-112.0119953,True,ai,grounded
DRI DUCK,2100 GENG RD STE 150,PALO ALTO,CA,94303,37.4516426,-122.1196017,True,ai,uncorroborated
DRI MARK PRODUCTS INC,,,,,,,True,,
DRK BOARD,,,,,,,True,,
DRL,1211 CONNECTICUT AVE NW STE 300,WASHINGTON,DC,20036,38.9062357,-77.0410569,True,ai,grounded
DROPBOX,,,,,,,True,,
DRUCKER WEALTH,250 GREENWICH ST 46TH FLOOR,NEW YORK,NY,10007,40.7153421,-74.0113084,True,ai,corroborated
DRUG CHANNELS INSTITUTE,1515 MARKET ST STE 1660,PHILADELPHIA,PA,19102,39.9529802,-75.1661525,True,manual,verified
DRUSCO,,,,,,,True,,
DRW HOLDINGS,540 W MADISON ST STE 2500,CHICAGO,IL,60661,41.881909323569,-87.641360246628,True,ai,grounded
DRW HOLDINGS,1 GREENWICH PLAZA STE 122,GREENWICH,CT,06830,41.030967279207,-73.627082782931,False,ai,grounded
DRW HOLDINGS,225 LIBERTY ST STE 4201,NEW YORK,NY,10281,40.711283674773,-74.014895881432,False,ai,grounded
DRYVIT SYSTEMS,W R GRACE BUILDING 62 WHITTEMORE AVE,WEST WARWICK,RI,02893,41.679601,-71.521114,True,ai,uncorroborated
DS ADVACNED ENTERPRISES LTD,,,,,,,True,,
DSC ADVISORY LLC,550 S HOPE ST STE 2300,LOS ANGELES,CA,90071,34.0497343,-118.255629,True,ai,uncorroborated
DSE JEWELRY,,,,,,,True,,
DSR MOTOR GROUP,300 TRADE CENTER STE 770,WOBURN,MA,01801,42.488703,-71.154383,True,ai,grounded
DSR MOTOR GROUP,671 LYNNWAY,LYNN,MA,01905,42.452821119005,-70.962357646546,False,ai,grounded
DSRCG LLC,,,,,,,True,,
DTI INVESTMENTS,,,,,,,True,,
DTNA,4747 N CHANNEL AVE,PORTLAND,OR,97217,45.5564307,-122.705582,True,ai,uncorroborated
DUANE MORRIS,30 S 17TH ST,PHILADELPHIA,PA,19103,39.9522247,-75.1695274,True,ai,grounded
DUANE STREET DIGITAL,555 MONTGOMERY ST STE 1100,SAN FRANCISCO,CA,94111,37.7944542,-122.4034627,True,ai,uncorroborated
DUBINSKY CONSULTING,,,,,,,True,,
DUCERA PARTNERS LLC,280 PARK AVE,NEW YORK,NY,10017,40.7564853,-73.975049,True,ai,corroborated
DUKAS LINDEN PUBLIC RELATIONS,120 W 45TH ST 16TH FLOOR,NEW YORK,NY,10036,40.7570159,-73.9839641,True,ai,grounded
DUKE,550 S TRYON ST,CHARLOTTE,NC,28202,35.2241392,-80.8487018,True,ai,corroborated
DUKE UNIVERSITY,2138 CAMPUS DR,DURHAM,NC,27708,35.9997187,-78.9332881,True,manual,verified
DUN AND BRADSTREET,103 JFK PKWY,SHORT HILLS,NJ,07078,40.742264,-74.327574,True,ai,uncorroborated
DUNCAN-WILLIAMS,440 LOUISIANA ST STE 1700,HOUSTON,TX,77002,29.7626445,-95.3647372,True,ai,uncorroborated
DUNHILL CONSTRUCTION,,,,,,,True,,
DUNKIN' DONUTS,,,,,,,True,,
DUNLEER STRATEGIES,,,,,,,True,,
DUNN CARNEY LLP,,,,,,,True,,
DUPONT,974 CENTRE RD,WILMINGTON,DE,19805,39.74521,-75.593712,True,manual,verified
DUQUESNE FAMILY OFFICE,,,,,,,True,,
DUQUESNE UNIVERSITY,600 FORBES AVE,PITTSBURGH,PA,15282,40.4367125,-79.9908402,True,ai,corroborated
DURHAM NEPHROLOGY ASSOCIATES,616 W CORNWALLIS RD STE 105,DURHAM,NC,27705,35.9711889,-78.9290391,True,ai,corroborated
DURO HILEX POLY,101 E CAROLINA AVE,HARTSVILLE,SC,29550,34.37510772518,-80.070858733748,True,ai,grounded
DURO HILEX POLY,7600 EMPIRE DR,FLORENCE,KY,41042,38.974496659038,-84.632085527171,False,ai,grounded
DUVAL PARTNERS,,,,,,,True,,
DV COMPANY,,,,,,,True,,
DVORA LIFE,,,,,,,True,,
DVRA,,,,,,,True,,
DW ADVERTISING,682 BLOOMFIELD AVE,BLOOMFIELD,CT,06002,41.8256023,-72.737138,True,ai,grounded
DWD INTERNATIONAL,,,,,,,True,,
DWIGHT CAPITAL LLC,32 OLD SLIP 10TH FLOOR,NEW YORK,NY,10005,40.7037955,-74.0081614,True,ai,uncorroborated
DYNAMIC CAPITAL MANAGEMENT INC,ONE MARKET ST SPEAR TOWER STE 3600,SAN FRANCISCO,CA,94105,37.791575,-122.393733,True,ai,uncorroborated
DYNAMIC HOME CARE,,,,,,,True,,
DYNAMIC NURSING,400 PERIMETER CENTER TER NE STE 800,ATLANTA,GA,30346,33.924277,-84.338809,True,ai,uncorroborated
DYNAMIC SRG,,,,,,,True,,
DYSLEXIA INSTITUTE,,,,,,,True,,
DZ SERVICES LLC,,,,,,,True,,
E CARE.COM,,,,,,,True,,
E ST LOUIS BOARD OF ED,1 N 3RD ST,EAST SAINT LOUIS,IL,62201,38.626688,-90.163489,True,ai,uncorroborated
E&R,,,,,,,True,,
E-LEDGERS INSTITUTE,,,,,,,True,,
E78 PARTNERS,2211 YORK RD STE 200,OAK BROOK,IL,60523,41.8472183,-87.9291135,True,manual,verified
EA LLP,,,,,,,True,,
EA MARKETS,,,,,,,True,,
EAGLE ARC PARTNERS LLC,,,,,,,True,,
EAGLE CAPITAL HEALTH VENTURES,501 N BROADWAY 7TH FLOOR,JERICHO,NY,11753,40.790644,-73.5367012,True,ai,corroborated
EAGLE CONTRACTORS,,,,,,,True,,
EAGLE EQUITY INC,,,,,,,True,,
EAR NOSE AND THROAT SURGEONS OF WESTERN NEW ENGLAND,,,,,,,True,,
"EAR, NOSE, AND THROAT CENTER LLP",,,,,,,True,,
EARLY BIRD CAPITAL,1411 N WESTSHORE BLVD STE 400,TAMPA,FL,33607,27.9552925,-82.5240419,True,ai,uncorroborated
EARLY LEARNING COALITION OF MIAMI-DADE AND MONROE,5555 BISCAYNE BLVD,MIAMI,FL,33137,25.8271736,-80.1865387,True,manual,verified
EARTHBOUND TECHNOLOGIES LLC,,,,,,,True,,
EAS ADVISORS,,,,,,,True,,
EAST BAY DERMATOLOGY MEDICAL GRP,,,,,,,True,,
EAST COAST ABSTRACT,,,,,,,True,,
EAST COAST EDUCATIONAL CONSULTING,,,,,,,True,,
EAST COAST MANAGEMENT,,,,,,,True,,
EAST COAST MEDICAL ASSOCIATES,1500 NW 10TH AVE STE 205,BOCA RATON,FL,33486,26.3630379,-80.1056154,True,ai,grounded
EAST GATE ENTERPRISES INC,,,,,,,True,,
EAST ROAD ASSOCIATES LLC,,,,,,,True,,
EAST WIND ADVISORS LLC,,,,,,,True,,
EASTDIL SECURED,245 PARK AVE 11TH FLOOR,NEW YORK,NY,10167,40.7546124,-73.9746719,True,ai,corroborated
EASTERN CONCRETE FOUNDATION INC,7950 PENN RANDALL PL,UPPER MARLBORO,MD,20772,38.8337717,-76.8680607,True,manual,verified
EASTERN ILLINOIS UNIVERSITY,600 LINCOLN AVE,CHARLESTON,IL,61920,39.478692,-88.1790663,True,ai,corroborated
EASTERN WV COMMUNITY TECH. COL,316 EASTERN DR,MOOREFIELD,WV,26836,39.0754201,-78.9325241,True,ai,corroborated
EASTIL MANAGEMENT,,,,,,,True,,
EASYHEALTH,1180 S BEVERLY DR STE 700,LOS ANGELES,CA,90035,34.0556192,-118.3953001,True,ai,grounded
EAT KOMI INC,,,,,,,True,,
EATON STEEL BAR COMPANY,10221 CAPITAL ST,OAK PARK,MI,48237,42.4552846,-83.1651025,True,ai,corroborated
EATON VANCE MANAGEMENT,2 INTERNATIONAL PL,BOSTON,MA,02110,42.3563268,-71.0518873,True,ai,corroborated
EB4NA,,,,,,,True,,
EB5 CAPITAL,6106 MACARTHUR BLVD STE 104,BETHESDA,MD,20816,38.9429465,-77.1153899,True,ai,grounded
EBAY,2025 HAMILTON AVE,SAN JOSE,CA,95125,37.2951544,-121.9261317,True,ai,corroborated
EBM,,,,,,,True,,
EBNER PROPERTIES,1200 ROUTE 22 W STE 300,BRIDGEWATER,NJ,08807,40.592434,-74.61884,True,ai,uncorroborated
EBR SYSTEMS INC,480 OAKMEAD PKWY,SUNNYVALE,CA,94085,37.38374,-121.9878233,True,manual,verified
ECA,,,,,,,True,,
ECA FUND ADVISORS,3030 LBJ FREEWAY STE 1250,DALLAS,TX,75234,32.92545,-96.8167644,True,ai,uncorroborated
ECAPITAL CORP,,,,,,,True,,
ECCOGENE,,,,,,,True,,
ECEA INC,,,,,,,True,,
ECHO ECHO,3254 BEE CAVES RD STE 204,AUSTIN,TX,78746,30.2738724,-97.7994872,True,ai,uncorroborated
ECHO GLOBAL LOGISTICS,600 W CHICAGO AVE STE 725,CHICAGO,IL,60654,41.8982912,-87.6443417,True,ai,corroborated
ECHO RIVER CAPITAL,1550 TIBURON BLVD STE G #313,TIBURON,CA,94920,37.8754216,-122.4602236,True,ai,grounded
ECHOSTAR COMMUNICATIONS,100 INVERNESS TER E,ENGLEWOOD,CO,80112,39.573236,-104.86489,True,ai,corroborated
ECI,2000 TECHNOLOGY PKWY STE 100,DULUTH,GA,30097,34.026335,-84.145677,True,ai,uncorroborated
ECI CAPITAL,2120 POWERS FERRY RD SE STE 300,ATLANTA,GA,30339,33.9004147,-84.4494961,True,manual,verified
ECI GROUP,1201 BOULDERS PKWY STE 300,RICHMOND,VA,23225,37.519727,-77.510561,True,ai,uncorroborated
ECKLERT SEAMANS CHERIN & MELLOTT,600 GRANT ST 44TH FLOOR,PITTSBURGH,PA,15219,40.4412616,-79.994813,True,ai,uncorroborated
ECLECTICS GIFT GALLERY,,,,,,,True,,
ECO MARKETING,41 NACE AVE,PIEDMONT,CA,94611,37.8244062,-122.2453789,True,ai,grounded
ECPI OF TIDEWATER VA,ONE PARK PL STE 450,NORFOLK,VA,23510,36.8715366,-76.2879962,True,ai,corroborated
ECPI UNIVERSITY,1 COLLEGE CIR,VIRGINIA BEACH,VA,23462,36.836242,-76.145948,True,ai,corroborated
ECS BUSINESS SERVICES,900 S PINE ISLAND RD STE 400,PLANTATION,FL,33324,26.1100908,-80.2608147,True,ai,corroborated
ED TRISTRAM ASSOCIATES,,,,,,,True,,
EDCAHOOTS,,,,,,,True,,
EDDIE'S,,,,,,,True,,
EDDIES OF ROLAND PARK,5113 ROLAND AVE,BALTIMORE,MD,21210,39.3560663,-76.6342932,True,ai,corroborated
EDDY PUMP CORPORATION,1 EDDY PUMP RD,WESTFIELD,MA,01085,42.153503,-72.771602,True,ai,uncorroborated
EDELMAN FINANCIAL ENGINES,101 EISENHOWER PKWY STE 300,ROSELAND,NJ,07068,40.8278863,-74.3209348,True,ai,uncorroborated
EDELSON PC,350 N LASALLE ST STE 1300,CHICAGO,IL,60654,41.8879131,-87.6323942,True,ai,corroborated
EDELSTEIN GILBERT ROBSON & SMITH,,,,,,,True,,
EDELSTEIN PUBLIC AFFAIRS,6417 THORNHILL DR,OAKLAND,CA,94611,37.8422332,-122.2057974,True,ai,grounded
EDEN GLOBAL PARTNERS LLC,,,,,,,True,,
EDEN STREET PARTNERS,228 PARK AVE S #754590,NEW YORK,NY,10003,40.7377801,-73.9886747,True,ai,grounded
EDGEWOOD CONSULTING,1719 STATE ROUTE 10 STE 226,PARSIPPANY,NJ,07054,40.853767,-74.401574,True,ai,grounded
EDGILE,7000 N MOPAC EXPY STE 200,AUSTIN,TX,78757,30.3533885,-97.7493477,True,ai,grounded
EDGILE,425 NATIONAL AVE,MOUNTAIN VIEW,CA,94043,37.4009072,-122.0539247,False,ai,grounded
EDIDIN PARTNERS,101 MONTGOMERY ST STE 250,SAN FRANCISCO,CA,94104,37.7902982,-122.4024772,True,ai,uncorroborated
EDINGER PEDIATRICS,11160 WARNER AVE SUITE #211,FOUNTAIN VALLEY,CA,92708,33.716268868497,-117.933968773865,True,manual,verified
EDISON PROPERTIES,110 EDISON PL,NEWARK,NJ,07102,40.7330749,-74.1674159,True,manual,verified
EDIT NEW YORK,35 W 36TH ST 10TH FLOOR,NEW YORK,NY,10018,40.7506588,-73.9852874,True,ai,corroborated
EDJCO,6230 WILSHIRE BLVD STE 855,LOS ANGELES,CA,90048,34.0628567,-118.364658,True,ai,grounded
EDMUND GELLER MD PA,,,,,,,True,,
EDMUNDS WHITE PARTNERS,,,,,,,True,,
EDMUNDS.COM INC,2401 COLORADO AVE STE 400,SANTA MONICA,CA,90404,34.0292883,-118.4729844,True,manual,verified
EDT,,,,,,,True,,
EDUCATION EXECUTIVES,,,,,,,True,,
EDUCATION LEADERS OF COLOR,3680 WILSHIRE BLVD STE P04-1052,LOS ANGELES,CA,90010,34.0614545,-118.306404,True,ai,grounded
EDWARD C. LEVY CO,9300 DIX AVE,DEARBORN,MI,48120,42.2972597,-83.1503028,True,manual,verified
EDWARD JONES,12555 MANCHESTER RD,SAINT LOUIS,MO,63131,38.616725,-90.439561,True,ai,corroborated
EDWARD SIDER & COMPANY,650 THIRD AVE 20TH FLOOR,NEW YORK,NY,10017,40.751080628181,-73.974309025211,True,ai,uncorroborated
EDWARDS LIFESCIENCES,ONE EDWARDS WAY,IRVINE,CA,92614,33.6986329,-117.8501723,True,ai,corroborated
EDWIN ZAGHI,,,,,,,True,,
EFFRON ENTERPRISES,,,,,,,True,,
EGG ELECTRIC,35 W 45TH ST 4TH FLOOR,NEW YORK,NY,10036,40.7562788,-73.9809087,True,manual,verified
EHRENKRANZ PARTNERS,605 THIRD AVE 12TH FLOOR,NEW YORK,NY,10158,40.749012256559,-73.975637953653,True,ai,corroborated
EHRENSTEIN|SAGER,,,,,,,True,,
EIDELMAN FINGER & HARRIS,200 CRESCENT CT STE 700,DALLAS,TX,75201,32.7936093,-96.8039036,True,ai,uncorroborated
EIDELMAN VIRANT CAPITAL,,,,,,,True,,
EIGHTEEN ASSOCIATES,32 CT ST STE 607,BROOKLYN,NY,11201,40.6929734,-73.9911154,True,manual,verified
EIGHTEEN CAPITAL GROUP,11615 ROSEWOOD ST STE 100,LEAWOOD,KS,66211,38.9175391,-94.6459999,True,manual,verified
EIGHTFOLD REAL ESTATE CAPITAL LP,150 E 52ND ST 36TH FLOOR,NEW YORK,NY,10022,40.7572301,-73.9707427,True,ai,uncorroborated
EINSTEIN MEDICAL CENTER,5501 OLD YORK RD,PHILADELPHIA,PA,19141,40.0368481,-75.1415887,True,ai,corroborated
EIP,,,,,,,True,,
EISEMAN LEVINE LEHRHAUPT & KAKOYIANNIS PC,805 THIRD AVE,NEW YORK,NY,10022,40.75574801576,-73.970729798313,True,manual,verified
EISEN STUDIOS LLC,,,,,,,True,,
EISENBERG GROUP,,CORAL SPRINGS,FL,33065,,,True,manual,verified
EISENBERG INVESTMENT GROUP,4613 N UNIVERSITY DR - #411,CORAL SPRINGS,FL,33067,26.287225048313,-80.250203098174,True,ai,grounded
EISENBERG ROTHWEILER,1634 SPRUCE ST,PHILADELPHIA,PA,19103,39.9474671,-75.1694376,True,ai,grounded
EISENBERG WINKLER,,,,,,,True,,
EISNER LLP,2600 MICHELSON DR STE 1000,IRVINE,CA,92612,33.6738701,-117.8511457,True,ai,grounded
EISNERAMPER,750 THIRD AVE,NEW YORK,NY,10017,40.753762844225,-73.972352978967,True,ai,corroborated
EITAN D SCHWARZ MD SC,,,,,,,True,,
EJDC,,,,,,,True,,
EJL ENTERPRISES,,,,,,,True,,
EJME,,,,,,,True,,
EK CONSULTING LLC,,,,,,,True,,
EKO,2000 SIERRA POINT PKWY STE 207,BRISBANE,CA,94005,37.673872,-122.383666,True,ai,corroborated
EL FASHION,,,,,,,True,,
EL PASO INDEPENDENT SCHOOL DISTRICT,6531 BOEING DR,EL PASO,TX,79925,31.7918517,-106.4000894,True,ai,corroborated
ELAINE CONSTRUCTION,,,,,,,True,,
ELAN GLOBAL GROUP,712 FIFTH AVE 16TH FLOOR,NEW YORK,NY,10019,40.762075387211,-73.974704945081,True,ai,corroborated
ELBA SCHOOLS,,,,,,,True,,
ELDION,,BASKING RIDGE,NJ,,,,True,manual,verified
ELDRIDGE,1345 AVE OF THE AMERICAS,NEW YORK,NY,10105,40.7629997,-73.9790535,True,ai,grounded
ELDRIDGE ACRE PARTNERS,1900 AVE OF THE STARS STE 2400,LOS ANGELES,CA,90067,34.0599711,-118.4169732,True,ai,grounded
ELECTRO INDUSTRIES,1800 SHAMES DR,WESTBURY,NY,11590,40.7743179,-73.5557602,True,ai,grounded
ELECTROIMPACT,225 AIRPORT RD,MUKILTEO,WA,98275,47.910341,-122.309862,True,ai,corroborated
ELECTROLINE,6 COMMERCE DR,CRANBURY,NJ,08512,40.324357,-74.525526,True,ai,uncorroborated
ELEDON PHARMACEUTICALS,1400 BISCAYNE BLVD STE 760,MIAMI,FL,33132,25.7889967,-80.1895333,True,ai,uncorroborated
ELEMENT CAPITAL,,,,,,,True,,
ELEMENTIO GROUP INC,,,,,,,True,,
ELEMENTS PHARMACY,12602 VENTURA BLVD,STUDIO CITY,CA,91604,34.1434284,-118.4077982,True,ai,grounded
ELEVADO GROUP,16060 VENTURA BLVD STE 300,ENCINO,CA,91436,34.15619835932,-118.482764886645,True,manual,verified
ELEVANCE HEALTH INC,220 E 42ND ST,NEW YORK,NY,10017,40.750466,-73.9739588,True,ai,uncorroborated
ELEVATE ENT PARTNERS,,,,,,,True,,
ELEVEN ELEVEN STUDIOS,,,,,,,True,,
ELGANIAN LLC,16055 VENTURA BLVD STE 1100,ENCINO,CA,91436,34.1567372,-118.4833267,True,ai,uncorroborated
ELI CIRCLE HOLDINGS,,,,,,,True,,
ELI LILLY AND COMPANY,LILLY CORPORATE CENTER,INDIANAPOLIS,IN,46285,39.7546888,-86.1537802,True,ai,uncorroborated
ELIGO ENERGY,201 W LAKE ST STE 151,CHICAGO,IL,60606,41.885673849622,-87.634007209124,True,ai,grounded
ELIGO ENERGY,1221 BRICKELL AVE STE 900,MIAMI,FL,33131,25.7612025,-80.1912637,False,ai,grounded
ELINS ENTERPRISES,,,,,,,True,,
ELION PARTNERS,3323 NE 163RD ST STE 600,MIAMI,FL,33160,25.9285495,-80.1368421,True,ai,grounded
ELISSA GOODMAN NUTRITION,,,,,,,True,,
ELITE CHIROPRACTIC & SPORT,,,,,,,True,,
ELITE INTEGRATIVE MEDICAL,,,,,,,True,,
ELIZABETH SUTTON COLLECTION,97 LYNDON LN,NASHVILLE,TN,37205,36.113187,-86.870443,True,ai,uncorroborated
ELK HOMES,3500 PKWY LN,PALM BEACH GARDENS,FL,33410,26.845662,-80.08735,True,ai,uncorroborated
ELKAL INC,,,,,,,True,,
ELKINS KALT WEINTRAUB REUBEN GARTSIDE,2800 ZANKER RD STE 200,SAN JOSE,CA,95134,37.393666,-121.928147,True,ai,corroborated
ELLA FINANCIAL ADVISING,,,,,,,True,,
ELLE RYAN DESIGN,14011 VENTURA BLVD #302,SHERMAN OAKS,CA,91423,34.1492046,-118.437858,True,ai,grounded
ELLI TRAVEL,,,,,,,True,,
ELLIE MENTAL HEALTH,,,,,,,True,,
ELLIOTT AUTO SUPPLY CO INC,,,,,,,True,,
ELLIOTT GORBATY MD,,,,,,,True,,
ELLIOTT INVESTMENT MANAGEMENT LP,360 S ROSEMARY AVE 18TH FLOOR,WEST PALM BEACH,FL,33401,26.7110946,-80.056733,True,manual,verified
ELLIOTT INVESTMENT MANAGEMENT LP,40 W 57TH ST 4TH FLOOR,NEW YORK,NY,10019,40.7636059,-73.9758803,False,manual,verified
ELLIPSIS,,,,,,,True,,
ELLIS ENTERPRISES,,,,,,,True,,
ELLIS LAKE CAPITAL,245 FIFTH AVE,NEW YORK,NY,10016,40.7444471,-73.9872102,True,ai,corroborated
ELLISHBUILDERS,,,,,,,True,,
ELM GROVE STRATEGIES LLC,875 PROSPECT ST STE 304,LA JOLLA,CA,92037,32.845836,-117.275916,True,manual,verified
ELM PLACE PARTNERS,1001 THIRD AVE STE 300,SEATTLE,WA,98104,47.605639401414,-122.334136428574,True,ai,uncorroborated
ELM STREET PARTNERS,820 GESSNER RD STE 1200,HOUSTON,TX,77024,29.7775855,-95.5441694,True,ai,grounded
ELMAN FREIBERG PLLC,233 BROADWAY STE 2704,NEW YORK,NY,10279,40.7124499,-74.0079539,True,ai,corroborated
ELMAN RETINA GROUP,9114 PHILADELPHIA RD STE 310,ROSEDALE,MD,21237,39.3480318,-76.4728259,True,ai,grounded
ELMO ENTERPRISES LLC,,,,,,,True,,
ELNET-US,5215 OLD ORCHARD RD STE 880,SKOKIE,IL,60077,42.0603058,-87.757215,True,ai,grounded
ELUX CAPITAL,1101 BRICKELL AVE SOUTH TOWER 8TH FLOOR,MIAMI,FL,33131,25.765524,-80.184349,True,ai,grounded
ELUX REAL ESTATE SERVICES,101 CALIFORNIA ST STE 300,SAN FRANCISCO,CA,94111,37.7929054,-122.3981127,True,ai,uncorroborated
ELVENTS,,,,,,,True,,
ELWAY INDUSTRIES INC,101 S 200 W STE 350,SALT LAKE CITY,UT,84101,40.767047,-111.896705,True,ai,uncorroborated
"ELYSE SOLLANDER, INVESTOR",,,,,,,True,,
EMA IN,350 ENGLE ST,ENGLEWOOD,NJ,07631,40.9043721,-73.9685129,True,ai,grounded
EMA INVESTMENT MANAGEMENT,2200 FLETCHER AVE 3RD FLOOR,FORT LEE,NJ,07024,40.8467239,-73.9751506,True,manual,verified
EMA INVF,,,,,,,True,,
EMA OF NEW JERSEY,,,,,,,True,,
EMANUEL DOMINIK DDS,,,,,,,True,,
EMBE,300 W 11TH ST,SIOUX FALLS,SD,57104,43.5449174,-96.7302708,True,ai,grounded
EMBRACE LIFE,,,,,,,True,,
EMC,,,,,,,True,,
EMERALD / ARS,3636 N CENTRAL AVE STE 650,PHOENIX,AZ,85012,33.490061057736,-112.073853679353,True,ai,grounded
EMERALD / COHEN & COMPANY LLC,2929 ARCH ST STE 1703,PHILADELPHIA,PA,19104,39.956956106677,-75.181262320054,True,ai,grounded
EMERALD / COHEN & COMPANY LLC,1800 N MILITARY TRL STE 450,BOCA RATON,FL,33431,26.365233365779,-80.121984760557,False,ai,grounded
EMERALD / COHEN & COMPANY LLC,3 COLUMBUS CIR 24TH FLOOR,NEW YORK,NY,10019,40.767812114545,-73.982166509689,False,ai,grounded
EMERALD / COHEN & COMPANY LLC,2727 SAND HILL RD,MENLO PARK,CA,94025,37.420151246169,-122.209863991709,False,ai,grounded
EMERALD CAPITAL FUNDING LLC,,,,,,,True,,
EMERALD DEVELOPMENT MANAGERS LP,909 3RD AVE FL 15,NEW YORK,NY,10022,40.7582826,-73.967866,True,manual,verified
EMERALD FUND INC,,SAN FRANCISCO,CA,94102,,,True,manual,verified
EMERGENT MEDICAL ASSOCIATES,898 N PACIFIC COAST HWY STE 600,EL SEGUNDO,CA,90245,33.92892,-118.396178,True,ai,grounded
EMERIK PROPERTIES,,,,,,,True,,
EMERSON COLLEGE,120 BOYLSTON ST,BOSTON,MA,02116,42.3523418,-71.0657488,True,ai,corroborated
EMERSON GP FAMILY OFFICE,,,,,,,True,,
EMET REALTY INC,,,,,,,True,,
EMG MEDIA INC,,,,,,,True,,
EMINENCE CAPITAL,399 PARK AVE 25TH FLOOR,NEW YORK,NY,10022,40.7589833,-73.9714789,True,ai,grounded
EMMETT INVESTMENT MANAGEMENT,2 N LASALLE ST STE 700,CHICAGO,IL,60602,41.8823579,-87.632809,True,ai,uncorroborated
EMORY,201 DOWMAN DR,ATLANTA,GA,30322,33.7969409,-84.3237147,True,ai,corroborated
EMPATH HEALTH,15 MANNING DR,SWEDESBORO,NJ,08085,39.753766,-75.33104,True,ai,uncorroborated
EMPIRE BRANDS,1000 S WADSWORTH BLVD STE 400,LAKEWOOD,CO,80226,39.698457,-105.081402,True,ai,uncorroborated
EMPIRE BRUSHES,2400 N MEMORIAL DR,GREENVILLE,NC,27834,35.6531134,-77.362707,True,ai,grounded
EMPIRE DAWN LLC,813 LAKE MCGREGOR DR,FORT MYERS,FL,33919,26.541647011064,-81.91528762021,True,manual,verified
EMPIRE DAWN LLC,6929 N HAYDEN RD # C4-235,SCOTTSDALE,AZ,85250,33.5370996,-111.9065725,False,manual,verified
EMPIRE DERMATOLOGY,,,,,,,True,,
EMPIRE HOTEL GROUP,44 W 63RD ST,NEW YORK,NY,10023,40.7713368,-73.9826001,True,ai,corroborated
EMPIRE NATIONAL MANAGEMENT,,,,,,,True,,
EMPIRE OFFICE INC,105 MADISON AVE,NEW YORK,NY,10016,40.7449703,-73.9848254,True,ai,corroborated
EMPIRE PROMOS,,,,,,,True,,
EMPIRE SOUTHWEST,,,,,,,True,,
EMPIRE STATE DEVELOPMENT,633 THIRD AVE,NEW YORK,NY,10017,40.749908408376,-73.974988671569,True,ai,corroborated
EMPIRE VALUATION CONSULTANTS,,,,,,,True,,
EMPYREAN CAPITAL PARTNERS,600 MONTGOMERY ST,SAN FRANCISCO,CA,94111,37.7951883,-122.4027902,True,ai,corroborated
EMR,8000 W FLORISSANT AVE,SAINT LOUIS,MO,63136,38.7277805,-90.2814488,True,ai,uncorroborated
EMU HEALTH,83-40 WOODHAVEN BLVD,GLENDALE,NY,11385,40.700647,-73.889423,True,ai,grounded
EMU HEALTH,150 S PEARL ST,PEARL RIVER,NY,10965,41.052512446632,-74.025548914079,False,ai,grounded
ENCHANTING INVITATIONS,,,,,,,True,,
ENCO BUILDERS,,,,,,,True,,
ENCO DESIGN,,,,,,,True,,
ENCOMPASS CAPITAL,200 PARK AVE 11TH FLOOR,NEW YORK,NY,10166,40.7536135,-73.97658,True,ai,grounded
ENCOMPASS HEALTHCARE,1 FREEDOM WAY,BIRMINGHAM,AL,35209,33.465306,-86.811022,True,ai,grounded
ENCORE,,,,,,,True,,
ENDEAVOR GROUP HOLDINGS INC,9601 WILSHIRE BLVD 9TH FLOOR,BEVERLY HILLS,CA,90210,34.067138,-118.40357,True,ai,corroborated
ENDEAVOR HEALTH,1301 CENTRAL ST,EVANSTON,IL,60201,42.0647815,-87.6899555,True,ai,grounded
ENDELMAN & SKOCZYLAS P.C. C.P.A. 'S,,,,,,,True,,
ENDICOTT COLLEGE,376 HALE ST,BEVERLY,MA,01915,42.55504,-70.85058,True,ai,corroborated
ENDO INC,100 ENTERPRISE DR,MALVERN,PA,19355,40.045497,-75.527903,True,ai,uncorroborated
ENDODONTICS PA,,,,,,,True,,
ENERGY DYNAMICS,,,,,,,True,,
ENERGY NOW,,,,,,,True,,
ENERRA PARTNERS,555 MONTGOMERY ST STE 600,SAN FRANCISCO,CA,94111,37.7944542,-122.4034627,True,ai,uncorroborated
ENESA PROPERTIES,,,,,,,True,,
ENFIELD CAPITAL PARTNERS,3701 W LUNT AVE,LINCOLNWOOD,IL,60712,42.008104,-87.720957,True,ai,grounded
ENFINITY GLOBAL,501 BRICKELL KEY DR STE 302,MIAMI,FL,33131,25.7664325,-80.185764,True,ai,grounded
ENGINE,1100 15TH ST NW STE 900,WASHINGTON,DC,20005,38.9039919,-77.0349553,True,ai,grounded
ENHANCED CAPITAL,1417 N NORTHLAKE WAY STE 100,SEATTLE,WA,98103,47.6475959,-122.3403905,True,ai,uncorroborated
ENSIS PARTNERS,375 PARK AVE 15TH FLOOR,NEW YORK,NY,10152,40.7584073,-73.9719841,True,ai,uncorroborated
ENT & ALLERGY,,,,,,,True,,
ENT AND ALLERGY OF DELAWARE,,,,,,,True,,
ENT ASSOCIATES OF ALABAMA,1300 MONTGOMERY HWY STE 200,VESTAVIA HILLS,AL,35216,33.4285646,-86.7918601,True,ai,corroborated
ENT GROUP OF LOS ANGELES,9400 ROSECRANS AVE STE 500,BELLFLOWER,CA,90706,33.904032,-118.133906,True,ai,corroborated
ENT SPECIALISTS,,,,,,,True,,
ENTERA,1000 S MCCASLIN BLVD STE 200,LOUISVILLE,CO,80027,39.961238,-105.164553,True,ai,uncorroborated
ENTERTAINMENT PARTNERS,18920 NORDHOFF PL,NORTHRIDGE,CA,91324,34.2354027,-118.5565934,True,ai,corroborated
ENTERTAINMENT SOFTWARE ASSOCIATION,575 7TH ST NW,WASHINGTON,DC,20004,38.8968331,-77.0209683,True,ai,corroborated
ENTRADA PARTNERS,,LOS ANGELES,CA,90001,,,True,manual,verified
ENTREPRENEUR GROWTH CAPITAL,28 LIBERTY ST 37TH FLOOR,NEW YORK,NY,10005,40.7078495,-74.0089818,True,ai,corroborated
ENVIRMANTAL LAB,,,,,,,True,,
ENVIRONMENTAL ADVISORS INC,2000 RENAISSANCE BLVD STE 400,KING OF PRUSSIA,PA,19406,40.0827374,-75.3430233,True,ai,uncorroborated
ENVISION HEALTHCARE,20 BURTON HILLS BLVD STE 300,NASHVILLE,TN,37215,36.0945752,-86.8207015,True,ai,grounded
ENVISION PHYSICIAN SERVICES,,,,,,,True,,
ENVOY MERCHANT ADVOCATE LLC,224 W 35TH ST STE 700,NEW YORK,NY,10001,40.7519245,-73.9912868,True,ai,uncorroborated
ENZO EQUITIES INC,,,,,,,True,,
EP LLC,,,,,,,True,,
EP WEALTH ADVISORS,111 SUTTER ST STE 500,SAN FRANCISCO,CA,94104,37.7901267,-122.4026973,True,ai,grounded
EPCF,333 N OREGON ST 2ND FLOOR,EL PASO,TX,79901,31.7591618,-106.4887557,True,ai,grounded
EPHRAIM AND ASSOCIATES PC,,,,,,,True,,
EPIC BROKERS,1345 AVE OF THE AMERICAS 36TH FLOOR,NEW YORK,NY,10105,40.7629997,-73.9790535,True,ai,grounded
EPIC CLEANTEC,449 10TH ST,SAN FRANCISCO,CA,94103,37.7711293,-122.4103276,True,ai,grounded
EPIC GAMES INC,620 CROSSROADS BLVD,CARY,NC,27518,35.7560283,-78.7337788,True,ai,uncorroborated
EPIC MECHANICAL,76 MALL DR,COMMACK,NY,11725,40.840584,-73.280817,True,ai,grounded
EPIC STAFFING,200 PARK AVE STE 1700,FLORHAM PARK,NJ,07932,40.789176,-74.4315412,True,ai,uncorroborated
EPIPHANY DERMATOLOGY,6601 VAUGHT RANCH RD STE 200,AUSTIN,TX,78730,30.3731102,-97.8064502,True,ai,grounded
EPIQ,757 3RD AVE,NEW YORK,NY,10017,40.7541345,-73.9717499,True,ai,uncorroborated
EPPCO ENTERPRISES INC,,,,,,,True,,
EPSTEIN BECKER AND GREEN,875 THIRD AVE,NEW YORK,NY,10022,40.7571861,-73.9691855,True,ai,grounded
EPSWCVS,,,,,,,True,,
EQ OFFICE,233 S WACKER DR STE 4700,CHICAGO,IL,60606,41.878738,-87.6359612,True,ai,grounded
EQUAL JUSTICE WORKS,6624 COLUMBIA PIKE STE 300,FALLS CHURCH,VA,22041,38.849321,-77.141472,True,ai,uncorroborated
EQUINITI,225 W WASHINGTON ST 10TH FLOOR,CHICAGO,IL,60606,41.8831261,-87.6343074,True,ai,uncorroborated
EQUINOX,,,,,,,True,,
EQUIPMENTSHARE,620 TINKER DR,OKLAHOMA CITY,OK,73124,35.4411161,-97.396683,True,ai,uncorroborated
EQUITABLE,1290 AVE OF THE AMERICAS,NEW YORK,NY,10104,40.7604688,-73.9788735,True,ai,corroborated
EQUITABLE ADVISORS,1290 SIXTH AVE,NEW YORK,NY,10104,40.7604688,-73.9788735,True,ai,corroborated
EQUITEC,750 BATTERY ST STE 700,SAN FRANCISCO,CA,94111,37.7983667,-122.4006655,True,ai,uncorroborated
EQUITY COMMONWEALTH,1415 W DIEHL RD STE 100,NAPERVILLE,IL,60563,41.8030852,-88.1918474,True,ai,corroborated
EQUITY GROUP INVESTMENTS,TWO NORTH RIVERSIDE PLAZA STE 600,CHICAGO,IL,60606,41.881259,-87.637452,True,ai,grounded
EQUITY MARKETING,,,,,,,True,,
ERADANI INC,50 TICE BLVD STE 340,WOODCLIFF LAKE,NJ,07677,41.0430086,-74.0759221,True,ai,uncorroborated
EREALTY ADVISORS INC,,,,,,,True,,
ERETZ CAPITAL LLC,475 PARK AVE S 3RD FLOOR,NEW YORK,NY,10016,40.7453824,-73.9819834,True,ai,uncorroborated
ERETZ EQUITY PARTNERS,475 PARK AVE S 3RD FLOOR,NEW YORK,NY,10016,40.7453824,-73.9819834,True,ai,uncorroborated
EREZ ASSET MANAGEMENT,,,,,,,True,,
EREZ SEIFERAS LLC,,,,,,,True,,
ERGO IMPACT,40 WORTH ST STE 300,NEW YORK,NY,10013,40.717095,-74.0067095,True,ai,uncorroborated
ERI,2700 HORIZON DR,KING OF PRUSSIA,PA,19406,40.094879,-75.385685,True,ai,uncorroborated
ERIC FORMAN ENTERPRISES,,,,,,,True,,
"ERIC M. EPSTEIN, APC",,,,,,,True,,
ERIC SACKLER & ASSOCIATES,,,,,,,True,,
ERICKSON RETIREMENT COMMUNITIE,1200 5TH ST NE,CEDAR RAPIDS,IA,52402,41.983478,-91.6683026,True,ai,uncorroborated
ERICKSON SENIOR LIVING,10401 MUIRLANDS BLVD STE 200,IRVINE,CA,92618,33.6479948,-117.7251377,True,ai,uncorroborated
ERL FOOD SERVICES INC,2839 SMITH AVE,BALTIMORE,MD,21209,39.3745082,-76.6911007,True,ai,grounded
ERLANGER,15 E CENTRAL PKWY,CINCINNATI,OH,45246,39.1072556247,-84.513489228952,True,ai,uncorroborated
ERNEST,,,,,,,True,,
ERNO LASZLO,100 PARK AVE 18TH FLOOR,NEW YORK,NY,10017,40.7513385,-73.9790005,True,ai,uncorroborated
ERNST & YOUNG,ONE MANHATTAN WEST 395 9TH AVE,NEW YORK,NY,10001,40.750649,-73.997298,True,ai,grounded
ERNST & YOUNG,ONE JERICHO PLAZA STE 105,JERICHO,NY,11753,40.784993823561,-73.54641213238,False,ai,grounded
ERNST & YOUNG,560 MISSION ST STE 1600,SAN FRANCISCO,CA,94105,37.788770226574,-122.398934052711,False,ai,grounded
ERNST & YOUNG,370 17TH ST STE 4800,DENVER,CO,80202,39.743830058352,-104.988111431558,False,ai,grounded
ERNST & YOUNG U.S,1 MANHATTAN WEST 395 9TH AVE,NEW YORK,NY,10001,40.750649,-73.997298,True,ai,uncorroborated
ESAGOFF LAW GROUP PC,225 BROADWAY STE 715,NEW YORK,NY,10007,40.7119925,-74.0086526,True,ai,corroborated
ESAO,,,,,,,True,,
ESHAGHIAN INSURANCE AND FINANCIAL SERV,,,,,,,True,,
ESINTL.COM,,,,,,,True,,
ESJ CAPITAL PARTNERS,19950 W COUNTRY CLUB DR STE 800,AVENTURA,FL,33180,25.9605416,-80.1401777,True,ai,grounded
ESM & ASSOCIATES INC,,,,,,,True,,
ESO FUND,,,,,,,True,,
ESP,,,,,,,True,,
ESS,,,,,,,True,,
ESSEX TITLE LLC,29777 TELEGRAPH RD STE 1170,SOUTHFIELD,MI,48034,42.5015126,-83.2849881,True,ai,grounded
ESSILOR OF AMERICA,1475 BLUEGRASS LAKES PKWY,ALPHARETTA,GA,30004,34.115582829466,-84.230628257946,True,ai,uncorroborated
ESTATE GUARDIAN HUB,,,,,,,True,,
ESTEE LAUDER COMPANIES,767 FIFTH AVE,NEW YORK,NY,10153,40.764198937052,-73.972984640586,True,ai,corroborated
ETHICAL,,,,,,,True,,
ETHICAL CULTURE,445 W 26TH ST,NEW YORK,NY,10001,40.749303,-74.0018754,True,ai,corroborated
ETKIN JOHNSON REAL ESTATE PARTNERS,1512 LARIMER ST STE 100,DENVER,CO,80202,39.7483948,-104.9977171,True,ai,grounded
ETTA SERVICES,,,,,,,True,,
ETZ HAYIM AT HOLLIS HILLS BAYSIDE,188-10 HILLSIDE AVE,HOLLIS HILLS,NY,11365,40.739634,-73.79449,True,ai,corroborated
ETZION FOUNDATION,226 W 97TH ST 3RD FLOOR,NEW YORK,NY,10025,40.7950487,-73.9708457,True,ai,corroborated
EUROSTAR,10710 NALL AVE STE 200,OVERLAND PARK,KS,66211,38.9331258,-94.6510723,True,ai,uncorroborated
EV HEDGE,,,,,,,True,,
EVALUATIONS LLC,,,,,,,True,,
EVENSKY & KATZ / FOLDES WEALTH MANAGEMENT,3300 PGA BLVD STE 101,PALM BEACH GARDENS,FL,33410,26.8449542,-80.0871726,True,ai,corroborated
EVENTS BY KARIE,,,,,,,True,,
EVER.AG,,,,,,,True,,
EVERBRITE CAPITAL GROUP,,,,,,,True,,
EVERCORE,55 E 52ND ST 35TH FLOOR,NEW YORK,NY,10055,40.7590841,-73.9736001,True,ai,grounded
EVEREDE TOOL COMPANY,850 W HAWTHORNE LN,WEST CHICAGO,IL,60185,41.8998329,-88.2189039,True,ai,grounded
EVERGREEN,1999 K ST NW STE 1100,WASHINGTON,DC,20006,38.9027987,-77.0446063,True,ai,uncorroborated
EVERSHEDS-SUTHELRAND LLP,999 PEACHTREE ST NE STE 2300,ATLANTA,GA,30309,33.7809002,-84.3829982,True,ai,grounded
EVEWEAR,,,,,,,True,,
EVG CAPITAL,4406 S BAY DR,ORCHARD LAKE,MI,48323,42.5739714,-83.3811607,True,ai,grounded
EVMAX,1500 E LAKE COOK RD STE 204,BUFFALO GROVE,IL,60089,42.1542113,-87.9589265,True,ai,uncorroborated
EVOLVE,,,,,,,True,,
EVOLVE REALTY AND DEVELOPMENT,9401 WILSHIRE BLVD STE 520,BEVERLY HILLS,CA,90212,34.067106472952,-118.398033415861,True,ai,grounded
EVTS,,,,,,,True,,
EXADEL,220 MONTGOMERY ST STE 300,SAN FRANCISCO,CA,94104,37.7914791,-122.4023758,True,ai,corroborated
EXAMSOFT WORLDWIDE INC,101 E CAMINO REAL STE 150,SAN CLEMENTE,CA,92672,33.4129416,-117.6005524,True,ai,uncorroborated
EXCEL HANDBAGS,,,,,,,True,,
EXCELA HEALTH,50 TECHNOLOGY DR,CANONSBURG,PA,15317,40.276322,-80.171662,True,ai,corroborated
EXCELLUS,225 WHITE SPRUCE BLVD,ROCHESTER,NY,14623,43.087349,-77.641862,True,ai,corroborated
EXCELSIOR INVESTORS,32 OLD SLIP,NEW YORK,NY,10005,40.7037955,-74.0081614,True,ai,corroborated
EXCLUSIVE FLOORING COLLECTION,,,,,,,True,,
EXDO MANAGEMENT,2821 BLAKE ST STE 200,DENVER,CO,80205,39.7620691,-104.9844303,True,ai,corroborated
EXEC SOUNDING BOARD,,,,,,,True,,
EXECUTIVE REALTY TRANSFER INC,,,,,,,True,,
EXEC|COMM,,,,,,,True,,
EXELA TECHNOLOGIES,201 E JOHN CARPENTER FREEWAY STE 900,IRVING,TX,75062,32.8651212,-96.941317,True,ai,uncorroborated
EXELON,10 S DEARBORN ST,CHICAGO,IL,60603,41.8816239,-87.6301402,True,ai,uncorroborated
EXETER PROPERTIES SERVICES,251 LITTLE FALLS DR STE 300,WILMINGTON,DE,19808,39.737615,-75.667057,True,ai,uncorroborated
EXILARCH,,,,,,,True,,
EXIT 123C,,,,,,,True,,
EXOME ASSET,,,,,,,True,,
EXP REALTY,6 MARKET ST STE 400,CLEVELAND,OH,44113,41.483241,-81.697166,True,ai,uncorroborated
EXPANSE MEDICAL INC,1430 BROADWAY,NEW YORK,NY,10018,40.7541258,-73.9866979,True,ai,uncorroborated
EXPANSION GROUP,,,,,,,True,,
EXPEDITION AI,,,,,,,True,,
EXPEDITION LABS,,,,,,,True,,
EXPLORIUM CAPITAL LLC,,,,,,,True,,
EXQUISITE SURFACES,,,,,,,True,,
EXTELL DEVELOPMENT COMPANY,311 W 43RD ST,NEW YORK,NY,10036,40.7584222,-73.990005,True,ai,corroborated
EXTENDED CARE CONSULTING LLC,,,,,,,True,,
EXTRAORDINARY DOORS INC,,,,,,,True,,
EXUDE INC,180 N LASALLE ST STE 3700,CHICAGO,IL,60601,41.8853631,-87.6330151,True,ai,uncorroborated
EXXON MOBIL,5959 LAS COLINAS BLVD,IRVING,TX,75039,32.8834527,-96.9402018,True,ai,corroborated
EXXONMOBIL CORPN,5959 SAN FELIPE ST STE 500,HOUSTON,TX,77057,29.7500057,-95.4868222,True,ai,uncorroborated
EYE CARE OF BROWARD,,,,,,,True,,
EYE CUBED U LLC,,,,,,,True,,
EYE DOCTOR'S OPTICAL OUTLETS,1000 N WEST ST,WILMINGTON,DE,19801,39.7471805,-75.5500972,True,ai,uncorroborated
EYE PHYSICIANS AND SURGEONS,1207 N SCOTT ST,WILMINGTON,DE,19806,39.7554477,-75.5659092,True,ai,grounded
EYE PHYSICIANS OF ORANGE COUNTY PC,1 HATFIELD LN STE 3,GOSHEN,NY,10924,41.3924494,-74.3370923,True,manual,verified
EYE SURGERY ASSOCIATES,300 S PARK RD STE 300,HOLLYWOOD,FL,33021,26.0094806,-80.17572,True,manual,verified
EYECARE PARTNERS,100 BROOKWOOD PL NE STE 1800,BIRMINGHAM,AL,35209,33.465306,-86.811022,True,ai,uncorroborated
EYEKING,,,,,,,True,,
EYESOUTH,5775 GLENRIDGE DR BUILDING B STE 500,ATLANTA,GA,30328,33.933259,-84.386656,True,ai,grounded
EYESOUTH PARTNERS,,,,,,,True,,
EZ PREMIER REALTY LLC,,,,,,,True,,
EZ-STEPS USA INC,,,,,,,True,,
EZRA ACADEMY YESHIVA HIGH SCHOOL,5816 CORPORATE DR,TAMPA,FL,33634,28.009826,-82.547789,True,ai,uncorroborated
EZWRITER DOCUMENTATION SERVICES,,,,,,,True,,
F & CO,,,,,,,True,,
F&F CAPITAL GROUP,,,,,,,True,,
F-FACTOR,115 E 57TH ST STE 1007,NEW YORK,NY,10022,40.761576,-73.9698613,True,ai,grounded
F. K. STERNS ENTERPRISES,,,,,,,True,,
F.F.R. PLANNING GROUP,,,,,,,True,,
F.S. MAAS & COMPANY INC,9401 WILSHIRE BLVD STE 1250,BEVERLY HILLS,CA,90212,34.0674317,-118.3981156,True,manual,verified
F2 STRATEGY,605 3RD AVE 32ND FLOOR,NEW YORK,NY,10158,40.7490865,-73.975106,True,ai,uncorroborated
F3 EQUITY LLC,,,,,,,True,,
FABER & GITLITZ,200 S BISCAYNE BLVD STE 2790,MIAMI,FL,33131,25.7721711,-80.1877342,True,ai,corroborated
FABFITFUN INC,360 N LA CIENEGA BLVD,LOS ANGELES,CA,90048,34.0775006,-118.3764918,True,ai,grounded
FABRIC RESOURCES,1600 W 2200 S,SALT LAKE CITY,UT,84119,40.7230016,-111.8754012,True,ai,uncorroborated
FABRICANT,200 PARK AVE 19TH FLOOR,NEW YORK,NY,10166,40.7536135,-73.97658,True,ai,corroborated
FACTOR FINDERS LLC,25101 CHAGRIN BLVD STE 250,BEACHWOOD,OH,44122,41.4645311,-81.5009784,True,manual,verified
FACTORLAW,1 WORLD TRADE CENTER 85TH FLOOR,NEW YORK,NY,10007,40.713868,-74.007866,True,ai,uncorroborated
FACTORY MOTOR PARTS CO,1380 CORPORATE CENTER CURVE STE 200,EAGAN,MN,55121,44.8564327,-93.1632341,True,ai,grounded
FADER & ASSOCIATES,,,,,,,True,,
FAHN & CO,1219 17TH ST,SACRAMENTO,CA,95811,38.5746677,-121.4850051,True,manual,verified
FAIRFIELD PROPERTIES,538 BROADHOLLOW RD THIRD FL E,MELVILLE,NY,11747,40.783762,-73.409295,True,ai,grounded
FAIRLEAD,650 CHAUTAUQUA AVE,PORTSMOUTH,VA,23707,36.8431096,-76.3329959,True,ai,grounded
FALK & FALK,,,,,,,True,,
FAME HARDWOOD,,,,,,,True,,
FAMILY & CHILDREN'S EYE CENTER OF NM,4601 DRIPPING SPRINGS RD NE,ALBUQUERQUE,NM,87108,35.072343,-106.578318,True,ai,corroborated
FAMILY CENTER ASSOCIATES,,,,,,,True,,
FAMILY CORNER LLC,,,,,,,True,,
FAMILY EYE CARE,,,,,,,True,,
FAMILY MANAGEMENT CORP,,,,,,,True,,
FAMILY MANAGEMENT OF FLORIDA,,,,,,,True,,
FAMILY PARTNERS LTD,,,,,,,True,,
FAMILY TREE DNA GENE BY GENE,1445 N LOOP 1604 W STE 101,SAN ANTONIO,TX,78248,29.6028128,-98.5371505,True,ai,corroborated
FAMILY WEALTH SERVICES LLC,,,,,,,True,,
FANGIRL SPORTS NETWORKJ,,,,,,,True,,
FANNIE MAE,1100 15TH ST NW,WASHINGTON,DC,20005,38.9045346,-77.0355803,True,ai,grounded
FANNING ENTERPRISE INC,,,,,,,True,,
FANNY GRUNBERG & ASSOCIATES LLC,928 BROADWAY,NEW YORK,NY,10010,40.7401034,-73.9893444,True,manual,verified
FANTASEA YACHTS & YACHT CLUB,645 BAYVIEW DR,DANIA BEACH,FL,33004,26.061046,-80.135859,True,ai,uncorroborated
FANTASEYES,,,,,,,True,,
FANTASTIK REALTY,,,,,,,True,,
FANTIS FOODS,2200 N MAIN ST,HIGH POINT,NC,27260,35.984063,-80.0234855,True,ai,uncorroborated
FARAH LAW,1629 K ST NW,WASHINGTON,DC,20006,38.903045,-77.0377539,True,ai,uncorroborated
FARERI ASSOCIATES,,,,,,,True,,
FARKAS MANAGEMENT LLC,,,,,,,True,,
FARRELL FAMILY FARM,,,,,,,True,,
FARRELL FRITZ,1320 RXR PLAZA UNIONDALE,UNIONDALE,NY,11556,40.7189633,-73.5831416,True,ai,corroborated
FASHION INSTITUTE OF TECHNOLOGY,SEVENTH AVE AT 27TH ST,NEW YORK,NY,10001,40.74661873655,-73.993813553343,True,ai,grounded
FASHION OPTIONS,,,,,,,True,,
FAU,777 GLADES RD,BOCA RATON,FL,33431,26.3699057,-80.1064316,True,ai,corroborated
FAUVER ATTORNEYS & COUNSELORS AT LAW,214 W 7TH ST,LITTLE FALLS,MN,56345,45.9708818,-94.3787415,True,ai,uncorroborated
FAZIO CLEANERS,,,,,,,True,,
FBC BROOKHAVEN,,,,,,,True,,
FBE LIMITED LLC,,,,,,,True,,
FBE MANAGEMENT INC,,,,,,,True,,
FC SETTLEMENT,,,,,,,True,,
FCA,800 CHRYSLER DR,AUBURN HILLS,MI,48326,42.651597,-83.22465,True,ai,corroborated
FCB,ONE MANHATTAN WEST 395 9TH AVE,NEW YORK,NY,10001,40.750649,-73.997298,True,ai,corroborated
FDA,10903 NEW HAMPSHIRE AVE,SILVER SPRING,MD,20993,39.0098505,-76.9793143,True,ai,grounded
FEAREY,,,,,,,True,,
FEDERAL AVIATION,,,,,,,True,,
FEDERAL AVIATION ADMINISTRATION,800 INDEPENDENCE AVE SW,WASHINGTON,DC,20591,38.8868647,-77.0229493,True,ai,uncorroborated
FEDERAL EQUIPMENT CO,8200 BESSEMER AVE,CLEVELAND,OH,44127,41.467,-81.631358,True,ai,grounded
FEDERAL GOVERNMENT,1600 PENNSYLVANIA AVE NW,WASHINGTON,DC,20500,38.8976387,-77.0365528,True,ai,grounded
FEDERAL HEALTH COUNSEL,,,,,,,True,,
FEDERAL HOME LOAN BANK OF SAN FRANCISCO,600 CALIFORNIA ST,SAN FRANCISCO,CA,94108,37.7929829,-122.4047906,True,manual,verified
FEDERAL INDUSTRIES INC,645 HAWAII ST,EL SEGUNDO,CA,90245,33.9064181,-118.3816733,True,manual,verified
FEDERAL RESERVE BOARD OF GOVERNORS,20TH ST AND CONSTITUTION AVE NW,WASHINGTON,DC,20551,38.892802,-77.0458,True,ai,uncorroborated
FEDERAL STREET STRATEGIES,22 FEDERAL ST,BOSTON,MA,02110,42.3546882,-71.056517,True,ai,uncorroborated
FEDERAL TRADE COMMISSION,600 PENNSYLVANIA AVE NW,WASHINGTON,DC,20580,38.8926643,-77.0209136,True,ai,corroborated
FEDEX SERVICES,942 S SHADY GROVE RD,MEMPHIS,TN,38120,35.123633,-89.852645,True,ai,uncorroborated
FEDWAY ASSOCIATES,505 MARTINSVILLE RD,BASKING RIDGE,NJ,07920,40.682268,-74.554143,True,manual,verified
FEFFER GEOLOGICAL,,,,,,,True,,
FEI,5350 NE DAWSON CREEK DR,HILLSBORO,OR,97124,45.5427584,-122.9295565,True,ai,grounded
FEINBERG MINDEL BRANDT & KLEIN LLP,475 LEXINGTON AVE STE 402,NEW YORK,NY,10017,40.7538201,-73.9741432,True,ai,uncorroborated
FEINER FINANCIAL,,,,,,,True,,
FEINER GRANT STRATEGIES,600 PENNSYLVANIA AVE SE,WASHINGTON,DC,20003,38.8856649,-76.9976468,True,ai,uncorroborated
FEINSAND BUSINESS ADVISORY,,,,,,,True,,
FELD ENTERTAINMENT INC,PO BOX 1000,PALMETTO,FL,34220,27.5214269,-82.5723193,True,ai,grounded
FELDERSTEIN FITZGERALD WILLOUGHBY ETAL,400 CAPITOL MALL STE 1450,SACRAMENTO,CA,95814,38.5783896,-121.5024905,True,ai,corroborated
FELDESMAN LEIFER LLP,1129 20TH ST NW STE 900,WASHINGTON,DC,20036,38.9046242,-77.0446612,True,ai,grounded
FELDMAN INVESTMENT MANAGEMENT,10940 WILSHIRE BLVD STE 1360,LOS ANGELES,CA,90024,34.0580322,-118.4450834,True,ai,uncorroborated
"FELDMAN, SLEVIN, HURWITZ & CHOE, DDS",,,,,,,True,,
FELDSTONERIDGE PROPERTIES,1701 W MOCKINGBIRD LN,DALLAS,TX,75235,32.8222963,-96.8570823,True,ai,uncorroborated
FELKER TOCZEK SUDDLESON ABRAMSON LLP,1801 CENTURY PARK EAST STE 2000,LOS ANGELES,CA,90067,34.0621129,-118.4158133,True,manual,verified
FELLOWS LABRIOLA LLP,233 PEACHTREE ST NE SUITE 2400 HARRIS TOWER,ATLANTA,GA,30303,33.7633772,-84.3867741,True,ai,grounded
FELSON COMPANIES,1290 B ST #212,HAYWARD,CA,94541,37.676380750681,-122.077925982362,True,ai,grounded
FELT GOOD CO,,,,,,,True,,
FENCEWORKS,,,,,,,True,,
FENIGSTEIN & KAUFMAN,,,,,,,True,,
FENSTERSHEIB AND BERKOWITZ,,,,,,,True,,
FENWICK & WEST LLP,555 CALIFORNIA ST STE 2100,SAN FRANCISCO,CA,94104,37.7921219,-122.4037191,True,ai,corroborated
FERBER ESSNER & COLLER LLP,600 UNIVERSITY AVE #29,PALO ALTO,CA,94301,37.4495026,-122.1576836,True,ai,uncorroborated
FERMAT CAPITAL,,,,,,,True,,
FERMENT,,,,,,,True,,
FERNANDO SALVATO MDPA,,,,,,,True,,
"FERRARA, TURITZ, HARRAKA & GOLDBERG",,,,,,,True,,
FERRING,500 COLLEGE RD E,PRINCETON,NJ,08540,40.364728,-74.656314,True,ai,grounded
FERTILITY SPACE CONSULTANTS LLC,,,,,,,True,,
FERTILITY SPECIALIST OF TEXAS,103 W BROWN ST,CARROLLTON,TX,75006,32.962141,-96.898585,True,ai,corroborated
FETNER PROPERTIES,,,,,,,True,,
FETTERMANAGEMENT,,,,,,,True,,
FEUERSTEIN KULICK LLP,810 7TH AVE 6TH FLOOR,NEW YORK,NY,10019,40.7628326,-73.9822756,True,ai,corroborated
FEVO,12 LITTLE WEST 12TH ST,NEW YORK,NY,10014,40.7397171,-74.0069338,True,ai,grounded
FFC,1350 AVE OF THE AMERICAS,NEW YORK,NY,10019,40.7627635,-73.9779699,True,ai,uncorroborated
FFO,,,,,,,True,,
"FG RESIDENTIAL, LLX",,,,,,,True,,
FGMC,,,,,,,True,,
FGS GLOBAL,950 THIRD AVE,NEW YORK,NY,10022,40.760231166369,-73.96763630302,True,ai,uncorroborated
FH CANN,,,,,,,True,,
FHLBSF,ONE FRONT ST,SAN FRANCISCO,CA,94111,37.7918825,-122.3988519,True,ai,corroborated
FHPS,,,,,,,True,,
"FIBA SERVICES, AND TAMPA JCCS AND FEDERATION",,,,,,,True,,
FIBERTRON,800 WESTCHESTER AVE,RYE BROOK,NY,10573,41.0064196,-73.6903244,True,ai,uncorroborated
FIBRE TECH,,,,,,,True,,
FICS AMERICA,,,,,,,True,,
FIDELITY INVESTMENTS,245 SUMMER ST,BOSTON,MA,02210,42.351446,-71.053095,True,ai,grounded
FIDELITY INVESTMENTS,7501 WISCONSIN AVE STE 150W,BETHESDA,MD,20814,38.98481703767,-77.094155664151,False,ai,grounded
FIDELITY INVESTMENTS,220 BOYLSTON ST STE C115,CHESTNUT HILL,MA,02467,42.319585625981,-71.17753884019,False,ai,grounded
FIDELITY INVESTMENTS,109 UNIVERSITY AVE,WESTWOOD,MA,02090,42.205918344196,-71.152491320465,False,ai,grounded
FIDELITY MORTGAGE LENDERS,70 SEAVIEW AVE,SIMSBURY,CT,06070,41.874682,-72.813825,True,ai,uncorroborated
FIDF,,,,,,,True,,
FIDM,919 S GRAND AVE,LOS ANGELES,CA,90015,34.04422,-118.2599289,True,ai,corroborated
FIELD AND GOLDBERG LLC,100 W 33RD ST STE 1300,NEW YORK,NY,10001,40.7491552,-73.98929,True,ai,uncorroborated
FIELD MANAGEMENT SERVICES,,,,,,,True,,
FIELDS HAN CUNNIFF PLLC,,,,,,,True,,
FIESTA EVENTS INC,,,,,,,True,,
FIGHTCAMP,1633 18TH ST,DENVER,CO,80202,39.7534,-104.9978642,True,ai,uncorroborated
FILMRISE,PO BOX 1955,CULVER CITY,CA,90232,34.0211224,-118.396466,True,ai,uncorroborated
FILMS BY JOAN,,,,,,,True,,
FINANCIAL PARTNERS CAPITAL MANAGEMENT,150 E 52ND ST,NEW YORK,NY,10022,40.7572301,-73.9707427,True,ai,grounded
FINCH BRANDS,123 S BROAD ST STE 2150,PHILADELPHIA,PA,19109,39.9498551,-75.1635303,True,ai,grounded
FINE LINENS,,,,,,,True,,
FINE MAKEUP ART,,,,,,,True,,
FINEGOLD LAW FIRM,350 FRANKLIN ST STE 100,BOSTON,MA,02110,42.3579066,-71.0524513,True,ai,uncorroborated
FINESSE,,,,,,,True,,
FINISH RICH MEDIA,,,,,,,True,,
FINMARC,7200 WISCONSIN AVE STE 1100,BETHESDA,MD,20814,38.981212,-77.0936554,True,manual,verified
FINNEGAN,901 NEW YORK AVE NW,WASHINGTON,DC,20001,38.9021086,-77.0248064,True,ai,uncorroborated
FINOPTIMAL INC,5615 KIRBY DR STE 435,HOUSTON,TX,77005,29.721876,-95.4179994,True,manual,verified
FINRA,1735 K ST NW,WASHINGTON,DC,20006,38.9028961,-77.0409302,True,ai,uncorroborated
FINTZ CPA,3131 EXECUTIVE PARK DR STE 200,CINCINNATI,OH,45241,39.276293,-84.399719,True,ai,uncorroborated
FIR TREE PARTNERS,500 5TH AVE 9TH FLOOR,NEW YORK,NY,10110,40.753554644906,-73.98091894542,True,ai,grounded
FIREBIRD GROVE LLC,,,,,,,True,,
FIRECLAY TILE,3800 BUCK OWENS BLVD,BAKERSFIELD,CA,93308,35.3948196,-119.043082,True,ai,uncorroborated
FIRM REAL ESTATE,,,,,,,True,,
FIRST ALLIANCE MORTGAGE COMPANY,17305 VON KARMAN AVE,IRVINE,CA,92614,33.6902162,-117.8422096,True,manual,verified
FIRST ALLIED SECURITIES,1745 SHEA CENTER DR STE 200,HIGHLANDS RANCH,CO,80129,39.5533635,-105.0085596,True,ai,uncorroborated
FIRST AMERICAN STATE BANK,300 N MAIN ST,ALLEN,TX,75002,33.102429396549,-96.667168391302,True,ai,uncorroborated
FIRST AMERICAN TITLE,4 FIRST AMERICAN WAY,SANTA ANA,CA,92707,33.7025854,-117.8618302,True,ai,corroborated
FIRST AMERICAN TITLE INSURANCE,3 FIRST AMERICAN WAY,SANTA ANA,CA,92707,33.7016376,-117.8609062,True,ai,corroborated
FIRST AVIATION SERVICES INC,,,,,,,True,,
FIRST CAPITOL GROUP,,,,,,,True,,
FIRST CLASS VENDING,,,,,,,True,,
FIRST EAGLE INVESTMENTS,1345 AVE OF THE AMERICAS 46TH FLOOR,NEW YORK,NY,10105,40.7629997,-73.9790535,True,ai,uncorroborated
FIRST FINISH,6240 OLD DOBBIN LN STE 190,COLUMBIA,MD,21045,39.201065,-76.8151815,True,manual,verified
FIRST HOLDING MANAGEMENT CO,,,,,,,True,,
FIRST HORIZON,165 MADISON AVE,MEMPHIS,TN,38103,35.1442715,-90.0507827,True,ai,corroborated
FIRST HOSPITAL,,,,,,,True,,
FIRST INTERSTATE PROPERTIES,1 S CHURCH AVE STE 700,TUCSON,AZ,85701,32.2213984,-110.971945,True,ai,uncorroborated
FIRST LONG ISLAND INVESTORS,,,,,,,True,,
FIRST MANHATTAN,49 W 37TH ST 6TH FLOOR,NEW YORK,NY,10018,40.751493,-73.9856467,True,ai,corroborated
FIRST MILE INC,,,,,,,True,,
FIRST NATIONAL,,,,,,,True,,
FIRST RATE FINANCIAL GROUP,,,,,,,True,,
FIRST REPUBLIC BANK,111 PINE ST,SAN FRANCISCO,CA,94111,37.7922256,-122.3990864,True,ai,corroborated
FIRST STATE,,,,,,,True,,
FIRST STUDENT,1010 WASHINGTON BLVD,OGDEN,UT,84404,41.2466186,-111.9697841,True,ai,uncorroborated
FIRST TECHNOLOGY INC,2000 GALLERIA PKWY SE,ATLANTA,GA,30339,33.86757,-84.4646,True,ai,uncorroborated
FIRST WASHINGTON REALTY INC,,,,,,,True,,
FIRSTNAME,,,,,,,True,,
FIRSTSERVICE RESIDENTIAL,1855 GRIFFIN RD STE A-330,DANIA BEACH,FL,33004,26.0595347,-80.161608,True,ai,grounded
FIS,601 RIVERSIDE AVE,JACKSONVILLE,FL,32204,30.3192214,-81.674122,True,ai,uncorroborated
FISCH PROPERTIES,,,,,,,True,,
FISCHEL| KAHN,,,,,,,True,,
FISCHER FRIEDMAN &BENNETT,,,,,,,True,,
FISCHER ROOFING,276 S HOPE CHAPEL RD,JACKSON,NJ,08527,40.0672259,-74.272404,True,ai,grounded
FISCHLER & FRIEDMAN PA,515 N FLAGLER DR STE P300,WEST PALM BEACH,FL,33401,26.7171669,-80.0507138,True,ai,corroborated
FISERV,255 FISERV DR,BROOKFIELD,WI,53045,43.0341769,-88.1410682,True,ai,uncorroborated
FISHBEIN LAW FIRM,1 N LASALLE ST STE 300,CHICAGO,IL,60602,41.8823192,-87.6320286,True,ai,uncorroborated
FISHER FAMILY AND COSMETIC DENTISTRY,,,,,,,True,,
FISHER INVESTMENTS,200 SW MARKET ST STE 200,NEWPORT BEACH,CA,92663,33.625204,-117.928767,True,ai,uncorroborated
FISHMAN AND COMPANY,420 LEXINGTON AVE STE 300,NEW YORK,NY,10170,40.7524677,-73.9757799,True,ai,uncorroborated
FISHMAN BLOCK + DIAMOND BY CERITY PARTNERS,16830 VENTURA BLVD STE 400,ENCINO,CA,91436,34.158975,-118.500241,True,manual,verified
FISHMAN FINANCIAL,10 S LASALLE ST STE 3500,CHICAGO,IL,60603,41.881587,-87.6327454,True,ai,uncorroborated
FIT FOR LIFE,10 W 33RD ST STE 802,NEW YORK,NY,10001,40.7480451,-73.9859788,True,manual,verified
FITCHINGS,,,,,,,True,,
FIVE FORTY INVESTMENTS,,,,,,,True,,
FIVE RINGS CAPITAL,1550 BRYANT ST STE 200,SAN FRANCISCO,CA,94103,37.7675516,-122.4111749,True,ai,uncorroborated
FIVERR INC,8750 W SUNSET BLVD STE 200,WEST HOLLYWOOD,CA,90069,34.0914014,-118.3817438,True,ai,corroborated
FIVEW CAPITAL,,,,,,,True,,
FIZER BECK,,,,,,,True,,
FJECC,,,,,,,True,,
FLAGER & ASSOCIATES PC,101 E GLEN OAKS BLVD STE 300,GLENDALE,CA,91207,34.167939,-118.244241,True,ai,uncorroborated
FLAGER LAW PC,101 E GLEN OAKS BLVD STE 300,GLENDALE,CA,91207,34.167939,-118.244241,True,ai,uncorroborated
FLAGLER BANK,500 S RIDGEWOOD AVE,DAYTONA BEACH,FL,32114,29.2028956,-81.0190613,True,ai,corroborated
FLAGSTONE FOODS,323 N WASHINGTON AVE STE 400,MINNEAPOLIS,MN,55401,44.98487,-93.273179,True,ai,grounded
FLASTER GREENBERG,1810 CHAPEL AVE WEST STE 300,CHERRY HILL,NJ,08002,39.9344351,-75.0301837,True,ai,corroborated
FLAX & ASSOCIATES,3835 NW BOCA RATON BLVD STE 200,BOCA RATON,FL,33431,26.3789924,-80.0856914,True,ai,grounded
FLEMMING ZULALL & WILLIAMSON,,,,,,,True,,
FLEXPOINT FORD,55 E 52ND ST 26TH FLOOR,NEW YORK,NY,10055,40.7590841,-73.9736001,True,ai,corroborated
FLEXTG LLC,,,,,,,True,,
FLORIDA ATLANTIC UNIVERSITY,777 GLADES RD,BOCA RATON,FL,33431,26.3699059,-80.1063513,True,ai,corroborated
FLORIDA CANCER SPECIALISTS,3801 PGA BLVD STE 600,PALM BEACH GARDENS,FL,33410,26.8454311,-80.0930899,True,ai,corroborated
FLORIDA COALITION FOR CHILDREN,4000 HOLLYWOOD BLVD STE 265-S,HOLLYWOOD,FL,33021,26.0105598,-80.1836114,True,ai,corroborated
FLORIDA ENT ASSOCIATES,2001 S FLORIDA AVE STE 201,LAKELAND,FL,33803,28.019288,-81.961742,True,ai,corroborated
FLORIDA EYE,,,,,,,True,,
FLORIDA ORTHOPAEDIC ASSOCIATES,740 W PLYMOUTH AVE,DELAND,FL,32720,29.0423028,-81.317753,True,ai,grounded
FLORIDA PERINATAL ASSOCIATES,7300 N KENDALL DR STE 970,MIAMI,FL,33156,25.6873626,-80.3137953,True,ai,corroborated
FLORIDA-ISRAEL BUSINESS ACCELERATOR (FIBA),522 N HOWARD AVE,TAMPA,FL,33606,27.9490245,-82.4840318,True,manual,verified
FLOWERRE,,,,,,,True,,
FLOWERS PROPERTIES LLC,2255 E BROADWAY BLVD STE 120,TUCSON,AZ,85719,32.2215508,-110.9386189,True,ai,uncorroborated
FLOWMATION,,,,,,,True,,
FLP WEALTH ADVISORS OF RAYMO,,,,,,,True,,
FLUIDFORM BIO,100 FEDERAL ST,BOSTON,MA,02110,42.3550532,-71.055957,True,ai,corroborated
FLUXON,,,,,,,True,,
FLYERS WINGS AND GRILL,,,,,,,True,,
FLYWHEEL DYNAMIX INC,,,,,,,True,,
FLYWHEEL EVENTS LLC,7030 S YALE AVE STE E-100,TULSA,OK,74136,36.062013560704,-95.922134052316,True,manual,verified
FM COHEN PC,,,,,,,True,,
FMR,245 SUMMER ST,BOSTON,MA,02210,42.351446,-71.053095,True,ai,corroborated
FNF,601 RIVERSIDE AVE BLDG 5,JACKSONVILLE,FL,32204,30.318679285411,-81.675529893505,True,ai,grounded
FNF,7565 MISSION VALLEY RD STE 100,SAN DIEGO,CA,92108,32.779082540192,-117.1579334953,False,ai,grounded
FNF,4350 LA JOLLA VILLAGE DR STE 370,SAN DIEGO,CA,92122,32.873201003853,-117.211837735417,False,ai,grounded
FOCUS FINANCIAL,,,,,,,True,,
FOCUS MEDIA INC,2000 UNIVERSITY AVE W,SAINT PAUL,MN,55114,44.9583797,-93.1838963,True,ai,uncorroborated
FOCUS PARTNERS,1000 16TH ST NW STE 500,WASHINGTON,DC,20036,38.902649,-77.036647,True,ai,uncorroborated
FOCUS PARTNERS WEALTH,,,,,,,True,,
FOCUS PEDIATRICS,,,,,,,True,,
FOG CAPITAL,,,,,,,True,,
FOGELMAN,,,,,,,True,,
FOLEY & LARDNER LLP,777 E WISCONSIN AVE,MILWAUKEE,WI,53202,43.0381861,-87.902074,True,manual,verified
FOLLENDER LAW OFFICES,,RIDGEWOOD,NJ,07450,,,True,manual,verified
FOLLOW THE MOLECULE CNS LLC,,,,,,,True,,
FONA,8410 W BRYN MAWR AVE STE 400,CHICAGO,IL,60631,41.982003,-87.8377497,True,ai,uncorroborated
FONTHEIM INTERNATIONAL LLC,,,,,,,True,,
FOOD PARADE INC,,,,,,,True,,
FOODGRAPH,,,,,,,True,,
FOODIVERSITY,149 COMMONWEALTH DR,MENLO PARK,CA,94025,37.4811287,-122.1735243,True,ai,uncorroborated
FOOT HEALTHCARE,,,,,,,True,,
FOOT LOCKER,330 W 34TH ST,NEW YORK,NY,10001,40.7526738,-73.9950505,True,ai,grounded
FOOTHILLS LAND AND DEVELOPMENT,,,,,,,True,,
FORBES,499 WASHINGTON BLVD,JERSEY CITY,NJ,07310,40.726207,-74.0358573,True,ai,grounded
FORCE10 PARTNERS,,,,,,,True,,
FORD,WORLD HEADQUARTERS 1 AMERICAN RD,DEARBORN,MI,48126,42.330326,-83.187133,True,ai,grounded
FORD MOTOR COMPANY,1 AMERICAN RD,DEARBORN,MI,48126,42.3144573,-83.2100807,True,ai,grounded
FORDDIRECT,1 AMERICAN RD,DEARBORN,MI,48126,42.3144573,-83.2100807,True,ai,corroborated
FORDHARRISON,271 17TH ST NW STE 1900,ATLANTA,GA,30363,33.7914744,-84.3956881,True,ai,uncorroborated
FOREMAN FRIEDMAN,630 FIFTH AVE 26TH FLOOR,NEW YORK,NY,10111,40.758363609608,-73.977411287463,True,ai,uncorroborated
FOREST CITY ENTERPRISES,127 PUBLIC SQ STE 2000,CLEVELAND,OH,44114,41.5010209,-81.6938273,True,ai,corroborated
FOREST HILLS JEWISH CENTER,,,,,,,True,,
FOREST PARK FX LLC,,,,,,,True,,
FORM & FUNCTION,,,,,,,True,,
FORMAN CAPITAL,,,,,,,True,,
FORSIGHT INC,2355 N HARBOR DR STE 400,SAN DIEGO,CA,92101,32.727638,-117.1794428,True,ai,corroborated
FORSYTHE TECHNOLOGIES,1700 LAKE COOK RD STE 400,DEERFIELD,IL,60015,42.1528574,-87.870569,True,ai,corroborated
FORT LAUDERDALE PAIN MEDICINE,,,,,,,True,,
FORT MYER CONSTRUCTI,,,,,,,True,,
FORTESCUE,FORTESCUE METALS GROUP 500 W 2ND ST STE 900,AUSTIN,TX,78701,30.270569,-97.742589,True,ai,uncorroborated
FORTIFIED PROPERTIES,,,,,,,True,,
FORTITUDE RE,10 EXCHANGE PL STE 2210,JERSEY CITY,NJ,07302,40.7166739,-74.0333081,True,ai,grounded
FORTRESS INVESTMENT GROUP,1345 AVE OF THE AMERICAS,NEW YORK,NY,10105,40.7629997,-73.9790535,True,ai,grounded
FORTUNE CAPITAL PARTNERS INC,,,,,,,True,,
FORTUNE FINANCIAL LLC,,,,,,,True,,
FORTUNOFF FINE JEWLERY,,,,,,,True,,
FOSTER CREW,40 EXCHANGE PL STE 1404,NEWARK,NJ,07102,40.735659,-74.173605,True,ai,uncorroborated
FOSTER DALE ARCHITECTS INC,1201 N MARKET ST STE 1000,WILMINGTON,DE,19801,39.74748,-75.546641,True,ai,uncorroborated
FOSTER GARVEY PC,1111 THIRD AVE STE 3000,SEATTLE,WA,98101,47.606421567088,-122.334846542443,True,ai,grounded
FOSTER GRAHAM,100 PINE ST STE 1250,SAN FRANCISCO,CA,94111,37.792607,-122.3990001,True,ai,uncorroborated
FOUNDATION BLUE MEDIA,,,,,,,True,,
FOUNDATION FOR DEFENSE OF DEMOCRACIES,1800 M ST NW,WASHINGTON,DC,20036,38.905139,-77.041939,True,manual,verified
FOUNDERS FINANCIAL,201 N TRYON ST,CHARLOTTE,NC,28202,35.2284562,-80.8422815,True,ai,uncorroborated
FOUNDRY TECHNOLOGIES INC,855 W PEACHTREE ST NE STE 500,ATLANTA,GA,30308,33.7966848,-84.3877865,True,ai,uncorroborated
FOUR SEASONS,2000 AVE OF THE STARS 2ND FLOOR,LOS ANGELES,CA,90067,34.0583138,-118.4146758,True,ai,uncorroborated
FOUR SQUARED VENTURES LLC,,,,,,,True,,
FOURPOINT ENERGY,100 ST PAUL ST STE 400,DENVER,CO,80206,39.7183924,-104.9506902,True,ai,grounded
FOURSQUARE CORPORATION,50 W 23RD ST 8TH FLOOR,NEW YORK,NY,10010,40.7420624,-73.9918122,True,ai,grounded
FOURTEEN-K JEWELRY,,,,,,,True,,
FOX,1211 AVE OF THE AMERICAS,NEW YORK,NY,10036,40.7586695,-73.9823756,True,ai,corroborated
FOX CHIROPRACTIC SPORTS REHAB,,,,,,,True,,
FOX CREATIVE,,,,,,,True,,
FOX ENTERTAINMENT,10201 W PICO BLVD,LOS ANGELES,CA,90064,34.0508234,-118.4110001,True,ai,corroborated
FOX NEWS,1211 AVE OF THE AMERICAS,NEW YORK,NY,10036,40.7586695,-73.9823756,True,ai,grounded
FOX ROTHSCHILD,2001 MARKET ST STE 1700,PHILADELPHIA,PA,19103,39.953640276123,-75.173240235972,True,ai,grounded
FOX ROTHSCHILD,101 PARK AVE 17TH FLOOR,NEW YORK,NY,10178,40.750862389301,-73.978505362958,False,ai,grounded
FOX ROTHSCHILD,49 MARKET ST,MORRISTOWN,NJ,07960,40.795453339644,-74.483024848621,False,ai,grounded
FOX ROTHSCHILD,212 CARNEGIE CENTER STE 400,PRINCETON,NJ,08540,40.317979588303,-74.645908855041,False,ai,grounded
FOX/TUBI,1211 AVE OF THE AMERICAS,NEW YORK,NY,10036,40.7586695,-73.9823756,True,ai,corroborated
FOXY LADY BOUTIQUE,,,,,,,True,,
FPC,,,,,,,True,,
FPFX TECHNOLOGIES,,,,,,,True,,
FPL,700 UNIVERSE BLVD,JUNO BEACH,FL,33408,26.858251,-80.060074,True,ai,corroborated
FPMG,,,,,,,True,,
FRAGILEPAK,2270 CORPORATE CIR STE 220,HENDERSON,NV,89074,36.0266809,-115.0899676,True,ai,grounded
FRAGNER SEIFERT PACE & MINTZ LLP,200 S WACKER DR STE 3100,CHICAGO,IL,60606,41.881259,-87.637452,True,ai,uncorroborated
"FRAGOMEN, DEL REY, BERNSEN & LOEWY LLP",1 BATTERY PARK PLAZA,NEW YORK,NY,10004,40.689805,-74.017389,True,manual,verified
FRANCO PARTNERS,,,,,,,True,,
FRANK UHLHORN CONST,,,,,,,True,,
FRANKEL ASSOCIATES,800 WILSHIRE BLVD STE 600,SANTA MONICA,CA,90401,34.0192694,-118.4981403,True,ai,uncorroborated
"FRANKEL, REED, EVANS",,,,,,,True,,
FRANKFORD TORRESDALE HOSPITAL,1600 PASTORIUS ST,PHILADELPHIA,PA,19111,40.0632461,-75.1568482,True,ai,corroborated
FRANKLIN ADVISORS,32300 NORTHWESTERN HWY STE 215,FARMINGTON HILLS,MI,48334,42.5246524,-83.3488967,True,manual,verified
FRANKLIN COUNTY,373 S HIGH ST,COLUMBUS,OH,43215,39.9541515,-82.999624,True,ai,corroborated
FRANKLIN D. NIVER DMD PROF CORP,,,,,,,True,,
FRANKLIN RESOURCES,ONE FRANKLIN PKWY,SAN MATEO,CA,94403,37.5407466,-122.294915,True,ai,grounded
FRANKLIN RESOURCES,101 JOHN F KENNEDY PKWY 3RD FLOOR,SHORT HILLS,NJ,07078,40.742074813964,-74.363198477413,False,ai,grounded
FRANKLIN STREET REAL ESTATE,1311 N WESTSHORE BLVD STE 200,TAMPA,FL,33607,27.9544505,-82.5240464,True,ai,grounded
"FRANKLIN WEINRID, RUDELLE VASSALO",,,,,,,True,,
FRANKMAN LAW,,,,,,,True,,
FRASCONA JOINER,,,,,,,True,,
FRAZIER HEALTHCARE,601 UNION ST STE 3200,SEATTLE,WA,98101,47.6099437,-122.3325277,True,ai,grounded
FRAZIER HEALTHCARE,425 PARK AVE STE 3402,NEW YORK,NY,10022,40.760462897898,-73.971497919175,False,ai,grounded
FRED KATZ AGENCY,,,,,,,True,,
FRED M. RABINOWITZ DDS,,,,,,,True,,
FREDDIE MAC,8200 JONES BRANCH DR,MCLEAN,VA,22102,38.9342888,-77.1776327,True,ai,uncorroborated
FREDDY AVNI,,,,,,,True,,
FREDRIKSON & BYRON,200 S SIXTH ST STE 4000,MINNEAPOLIS,MN,55402,44.9769391,-93.2675981,True,ai,corroborated
FREE LIBRARY OF PHILADELPHIA,1901 VINE ST,PHILADELPHIA,PA,19103,39.9595913,-75.1710199,True,ai,corroborated
FREE MARKET,,,,,,,True,,
FREEDMAN & AREDDA,707 WILSHIRE BLVD #830,LOS ANGELES,CA,90017,34.0492822,-118.256963,True,ai,uncorroborated
FREEDMAN CONSULTING LLC,,,,,,,True,,
FREEDOM FOUNDATION,,,,,,,True,,
FREEDONIA GROUP,6116 EXECUTIVE BLVD #550,ROCKVILLE,MD,20852,39.051511,-77.123973,True,ai,grounded
FREEMAN PARTNERS,350 LEXINGTON AVE,NEW YORK,NY,10016,40.7500778,-73.9772272,True,ai,uncorroborated
FREEMANFIRM,,,,,,,True,,
FREEPOINT COMMODITIES,58 COMMERCE RD,STAMFORD,CT,06902,41.0468959,-73.5617519,True,manual,verified
FRENCH MANAGEMENT ENTERPRISES,,,,,,,True,,
FRENCH TRANSIT,,,,,,,True,,
FRESENIUS MEDICAL CARE,920 WINTER ST,WALTHAM,MA,02451,42.4104855,-71.2736072,True,ai,uncorroborated
FRESH BRANDING GROUP,225 LIBERTY ST,NEW YORK,NY,10281,40.712272,-74.0154361,True,ai,corroborated
FRESH MARKET,628 VINE ST,GREENSBORO,NC,27406,36.0931567,-79.7759502,True,ai,uncorroborated
FRESNO COUNTY,2220 TULARE ST,FRESNO,CA,93721,36.7356334,-119.7870708,True,ai,corroborated
FRICTION BRANDS,925 S BEDFORD ST UNIT 2,LOS ANGELES,CA,90035,34.0604937,-118.3803877,True,ai,grounded
FRICTION PARTNERS,45 MAIN ST STE 420,BROOKLYN,NY,11201,40.7044341,-73.9923845,True,ai,uncorroborated
FRIED FAMILY LLC,,,,,,,True,,
FRIEDKIN PROPERTY,44 MONTGOMERY ST STE 3700,SAN FRANCISCO,CA,94104,37.7896307,-122.4018876,True,ai,grounded
FRIEDLANDER GROUP,2500 WESTCHESTER AVE STE 400A,PURCHASE,NY,10577,41.038225,-73.710736,True,ai,grounded
FRIEDMAN ART DESIGN,,CARMICHAEL,CA,,,,True,manual,verified
FRIEDMAN BIONDI & JAMES,24010 VENTURA BLVD STE 200,CALABASAS,CA,91302,34.122556,-118.669821,True,ai,uncorroborated
FRIEDMAN CONSULTING,,,,,,,True,,
FRIEDMAN KAPLAN SEILER & ADELMAN LL,7 TIMES SQ 6TH FLOOR,NEW YORK,NY,10036,40.7555015,-73.9869028,True,ai,corroborated
FRIEDMAN LAW,,,,,,,True,,
FRIEDMAN LLP,1633 BROADWAY 46TH FLOOR,NEW YORK,NY,10019,40.762093,-73.9846559,True,ai,grounded
FRIEDMAN MEDICAL IMAGING ASSOCIATES,2301 W ROMNEYA DR STE 120,ANAHEIM,CA,92801,33.8508102,-117.924519,True,ai,corroborated
FRIEDMAN RE,,,,,,,True,,
FRIEDMAN REAL ESTATE,34975 W TWELVE MILE RD,FARMINGTON HILLS,MI,48331,42.502486,-83.408936,True,ai,grounded
FRIENDS OF ARMOND BUDISH,,,,,,,True,,
FRIENDS OF THE ISRAEL DEFENSE FORCE,1430 BROADWAY,NEW YORK,NY,10018,40.7541258,-73.9866979,True,ai,grounded
FRISCH,120 W CENTURY RD,PARAMUS,NJ,07652,40.9334824,-74.0788777,True,ai,corroborated
FRITZ ENTERPRISES INC,,,,,,,True,,
FRITZI REALTY,,,,,,,True,,
FROMM ELECTRIC,2311 TECHNOLOGY PKWY,WAUKESHA,WI,53186,43.022155,-88.204676,True,ai,uncorroborated
FRONT STREET COMMODITIES CORPORATION,1414 W 9TH ST STE 1300,LOS ANGELES,CA,90017,34.0438256,-118.2583778,True,ai,uncorroborated
FRONTLINE STRATEGIES,701 8TH ST SE STE 300,WASHINGTON,DC,20003,38.8811057,-76.9951644,True,ai,uncorroborated
FROSS ZELNICK,520 8TH AVE 20TH FLOOR,NEW YORK,NY,10018,40.7537655,-73.9920735,True,ai,corroborated
FROST BROWN TODD,400 W MARKET ST STE 3200,LOUISVILLE,KY,40202,38.2549259,-85.7571981,True,ai,grounded
FRY-WAGNER,1211 W PORT PLAZA DR STE 200,SAINT LOUIS,MO,63146,38.6996753,-90.4429084,True,ai,grounded
FRYDMAN LLC,,,,,,,True,,
FSC REALTY,,,,,,,True,,
FSG+J,,,,,,,True,,
FSNF LLC,,,,,,,True,,
FSPM LAW,,,,,,,True,,
FSW STATE COLLEGE,100 UNIVERSITY DR,STATE COLLEGE,PA,16801,40.792121,-77.839982,True,ai,uncorroborated
FTG ORTHO,,,,,,,True,,
FTI,1101 K ST NW STE 700,WASHINGTON,DC,20005,38.9028603,-77.0274147,True,ai,grounded
FTI CONSULTING,1990 K ST NW,WASHINGTON,DC,20006,38.9014817,-77.044723,True,ai,grounded
FTV,555 W 5TH ST STE 3100,LOS ANGELES,CA,90013,34.0500816,-118.2534063,True,ai,corroborated
FTV CAPITAL,4365 EXECUTIVE DR STE 1150,SAN DIEGO,CA,92121,32.874711,-117.211804,True,ai,uncorroborated
FUEL FREEDOM FOUNDATION,1001 G ST NW STE 800,WASHINGTON,DC,20001,38.8986676,-77.0263848,True,ai,uncorroborated
FULCRUM GROUP,11601 WILSHIRE BLVD STE 500,LOS ANGELES,CA,90025,34.0510414,-118.4599151,True,ai,uncorroborated
FULCRUM HOSPITALITY,1601 5TH AVE STE 1700,SEATTLE,WA,98101,47.6123814,-122.3375307,True,ai,uncorroborated
FULCRUM PROPERTY,1530 J ST STE 200,SACRAMENTO,CA,95814,38.5782655,-121.4861122,True,ai,grounded
FULLSTORY / GA TECH,701 5TH AVE SOUTH STE 201,SEATTLE,WA,98104,47.596546,-122.327807,True,ai,uncorroborated
FULTON CAPITAL,601 SKOKIE BLVD STE 204,NORTHBROOK,IL,60062,42.1407734,-87.79338,True,ai,grounded
FUNDAMENTAL ADVISORS LP,745 FIFTH AVE 25TH FLOOR,NEW YORK,NY,10151,40.763069934781,-73.973804229702,True,ai,grounded
FUNK FINANCIAL REVIEW SERVICES LLC,,,,,,,True,,
FURTHER DIGITAL,,,,,,,True,,
"FUTROVSKY, FORSTER & SCHERR",,,,,,,True,,
FUTURE BEAUTY BRANDS,3601 SW 29TH AVE STE 200,MIAMI,FL,33133,25.7400189,-80.2402942,True,ai,uncorroborated
FUTURE OF PRIVACY FORUM,5100 WISCONSIN AVE NW STE 305,WASHINGTON,DC,20016,38.956303,-77.0838978,True,ai,corroborated
FUZZBUSTER,,,,,,,True,,
FWL PROPERTIES LLC,,,,,,,True,,
G SQUARED ADVISORY,,,,,,,True,,
G&B REAL ESTATE ADVISORS,,,,,,,True,,
G&S TECHNOLOGIES,200 BALLARDVALE ST,WILMINGTON,MA,01887,42.587431,-71.1580281,True,ai,uncorroborated
G-BAR,,,,,,,True,,
G-S SURGICAL ASSOCIATES PC,1601 E HOEHNE AVE,GREELEY,CO,80631,40.444516,-104.679555,True,ai,uncorroborated
G-W PROCESS OPTIMIZATION INC,,,,,,,True,,
G.A. SYSTEMS INC,2395 E CAMELBACK RD STE 750,PHOENIX,AZ,85016,33.5092401,-112.0304628,True,ai,uncorroborated
G2 GAMING,1 E ERIE ST STE 525,CHICAGO,IL,60611,41.894016847861,-87.628057278137,True,ai,grounded
G2 REVERSE LOGISTICS,103 GAMMA DR #120,PITTSBURGH,PA,15238,40.495584060685,-79.872160291477,True,ai,grounded
G2T3V LLC,,,,,,,True,,
GA GROUP,,,,,,,True,,
GADI BEER DESIGNS,,,,,,,True,,
GAFCON INC,100 PINE ST STE 1550,SAN FRANCISCO,CA,94111,37.792607,-122.3990001,True,ai,corroborated
GAIL PERL 2020 IRREVOCABLE GS TRUST,,,,,,,True,,
GAINSIGHT,5 3RD ST 2ND FLOOR,SAN FRANCISCO,CA,94103,37.7875124,-122.4032534,True,ai,grounded
GAL VENTURES,,,,,,,True,,
GALANTI GROUP,,,,,,,True,,
GALAXY DESSERTS,,,,,,,True,,
GALE PARTNERS,200 CLARENDON ST,BOSTON,MA,02116,42.3491677,-71.075124,True,ai,uncorroborated
GALIUM CAPITAL LLC,3323 NE 163RD ST STE 508,NORTH MIAMI BEACH,FL,33160,25.9285495,-80.1368421,True,ai,grounded
GALLAGHER BASSETT SERVICES,2850 S PARKER RD STE 400,AURORA,CO,80014,39.6649621,-104.8595751,True,ai,uncorroborated
GALLARDO LEVIN,,,,,,,True,,
GALLATIN POINT CAPITAL,660 STEAMBOAT RD FIRST FLOOR,GREENWICH,CT,06830,41.014226887222,-73.622409842305,True,ai,grounded
GALLATIN PROPERTY HOLDINGS,,LOS ANGELES,CA,90001,,,True,manual,verified
GALLINAR PLANNING & DEVELOPMENT,,,,,,,True,,
GALLIUM REAL ESTATE,,,,,,,True,,
GALLO VITUCCI KLAR LLP,711 THIRD AVE STE 500,NEW YORK,NY,10017,40.752615886044,-73.973016388999,True,ai,grounded
GALPIN MOTORS,15501 ROSCOE BLVD,PACOIMA,CA,91331,34.255294,-118.419703,True,ai,corroborated
GAMEKEEPERS RESTAURANT,18785 SW BOONES FERRY RD,TUALATIN,OR,97062,45.384367,-122.7636851,True,ai,uncorroborated
GAMESTOP,625 WESTPORT PKWY,GRAPEVINE,TX,76051,32.904102,-97.0957291,True,ai,corroborated
GAMORAN LEGAL CONSULTING,,,,,,,True,,
GAMUT PSYCHOTHERAPEUTICS,2150 SHATTUCK AVE STE 900,BERKELEY,CA,94704,37.870027,-122.2684957,True,ai,uncorroborated
GANELES AND ASSOCIATES,,,,,,,True,,
GANOT CAPITAL LLC,,,,,,,True,,
GANSAVELT INC,599 LEXINGTON AVE 40TH FLOOR,NEW YORK,NY,10022,40.7578542,-73.9707227,True,ai,corroborated
GANTRY,154 GRAND ST,BROOKLYN,NY,11211,40.7145985,-73.9617562,True,ai,corroborated
GARD BUSINESS GROUP,,,,,,,True,,
GARDEN FRESH MARKET,400 TOWNLINE RD,MUNDELEIN,IL,60060,42.2414159,-87.9959075,True,ai,grounded
GARDEN HI=OMES,,,,,,,True,,
GARDEN HOMES/WILF LAW FIRM,,,,,,,True,,
GARDNER CARTON & DOUGLAS,191 N WACKER DR,CHICAGO,IL,60606,41.8853347,-87.6364826,True,ai,corroborated
GARDNER WALLACE,,,,,,,True,,
GARDNER WHITE,5625 EXECUTIVE DR,WARREN,MI,48092,42.512535,-83.059507,True,ai,corroborated
GARFIELD PUBLIC/PRIVATE LLC,,,,,,,True,,
GARFIELD REFINING CO,3280 S TREMONT AVE,BRONX,NY,10461,40.846741,-73.840788,True,ai,uncorroborated
GARLAND FLOOR,,,,,,,True,,
GARMENT CARE,,,,,,,True,,
GARMIN,1200 E 151ST ST,OLATHE,KS,66062,38.8561425,-94.7998263,True,ai,uncorroborated
GARNETT STATION PARTNERS,,,,,,,True,,
GARRISON SYSTEMS LLC,240 E 74TH ST,NEW YORK,NY,10021,40.7702924,-73.9582736,True,manual,verified
GARSHOFSKY & CO,,,,,,,True,,
GARSON & ASSOCIATES CO LPA,,,,,,,True,,
GARSON JOHNSON LLC,26285 BROADWAY AVE STE A3,OAKWOOD VILLAGE,OH,44146,41.353809787951,-81.493884785822,True,manual,verified
GART PROPERTIES,,,,,,,True,,
GARTENBERG ASSOCIATES,,,,,,,True,,
GARTNER,4500 WESTWAY PARK BLVD,JACKSONVILLE,FL,32224,30.269971,-81.460939,True,ai,uncorroborated
"GARY BAUMAN, DDS PA",,,,,,,True,,
GARY M KRASNA PA,,,,,,,True,,
"GARY OPPER, CPA",1226 JASMINE CIR,WESTON,FL,33326,26.106315564097,-80.375588489801,True,ai,grounded
GASTRO CENTER OF MD,16300 CRABBS BRANCH WAY,ROCKVILLE,MD,20855,39.136974,-77.131801,True,ai,corroborated
GASTRO FLORIDA,,,,,,,True,,
GASTRO ONE,,,,,,,True,,
GASTROENTEROLOGY ASSOCIATES OF WEST FL,2101 W SWANN AVE,TAMPA,FL,33606,27.937444,-82.481543,True,ai,corroborated
GASTROENTEROLOGY CONSULTANTS,,,,,,,True,,
GASTROHEALTH,9500 S DADELAND BLVD STE 200,MIAMI,FL,33156,25.6825199,-80.3168543,True,ai,grounded
GASTROINTESTINAL ALLIANCE,,,,,,,True,,
GATED RENTALS,,,,,,,True,,
GATEHOUSE MANAGEMENT,120 FORBES BLVD STE 180,MANSFIELD,MA,02048,42.0282787,-71.2386477,True,manual,verified
GATESTONE INSTITUTE,1818 N ST NW STE 450,WASHINGTON,DC,20036,38.9069509,-77.0429354,True,ai,uncorroborated
GATOR PARTNERS,,,,,,,True,,
GB ALLEN ASSOCIATES CPAS,,,,,,,True,,
GB DEVELOPMENT,,,,,,,True,,
GB OPER CO,,,,,,,True,,
GBD,100 MONTGOMERY ST STE 800,SAN FRANCISCO,CA,94104,37.7903433,-122.4018704,True,ai,uncorroborated
GBK/COMPASS,,,,,,,True,,
GBMC,6701 NORTHWAY,GLEN BURNIE,MD,21060,39.123355,-76.5996118,True,ai,corroborated
GBRS,,,,,,,True,,
GBX GROUP,2101 SUPERIOR AVE E,CLEVELAND,OH,44114,41.507451,-81.678547,True,ai,corroborated
GC HOUSING DEVELOPMENT,,,,,,,True,,
GCF,18909 NE 29TH AVE,AVENTURA,FL,33180,25.950403,-80.1425782,True,ai,grounded
GCM GROSVENOR,900 N MICHIGAN AVE STE 1100,CHICAGO,IL,60611,41.8996454,-87.6256155,True,ai,grounded
GCM GROSVENOR,767 FIFTH AVE 11TH FLOOR,NEW YORK,NY,10153,40.764198937052,-73.972984640586,False,ai,grounded
GEARSUPPLY DIRECT,302 W 3RD ST STE 200,CINCINNATI,OH,45202,39.0982595,-84.5176087,True,ai,grounded
GEBHARDT & KIEFER,,,,,,,True,,
GEBSCO REALTY CORP,,,,,,,True,,
GEDULD & ASSOCIATES,,,,,,,True,,
GEFFEN ENTERPRISES,5 BRECKENRIDGE LN,SAVANNAH,GA,31411,31.937542,-81.034252,True,ai,grounded
GELCH & ASSOCIATES PA,1155 N FLAGLER DR STE 400,WEST PALM BEACH,FL,33401,26.7228603,-80.0502181,True,ai,corroborated
GELCOR REALTY,20 JAY ST STE 1020,BROOKLYN,NY,11201,40.7040914,-73.9866937,True,ai,uncorroborated
GELLER AND COMPANY,909 THIRD AVE,NEW YORK,NY,10022,40.758870749653,-73.9684495117,True,manual,verified
GELLER LAW FIRM,,,,,,,True,,
GEM REALTY CAPITAL,900 N MICHIGAN AVE 14TH FLOOR,CHICAGO,IL,60611,41.8996454,-87.6256155,True,ai,grounded
GEMINI PROPERTIES,1313 WASHINGTON ST,BOSTON,MA,02118,42.3422441,-71.0685623,True,ai,grounded
GEMSPRING CAPITAL MANGEMENT,,,,,,,True,,
GEN CAP AMERICA,,,,,,,True,,
GENCARE INC,401 2ND AVE S STE 270,SEATTLE,WA,98104,47.5985501,-122.3319798,True,manual,verified
GENEBYGENE,1445 N LOOP WEST STE 760,HOUSTON,TX,77008,29.8075198,-95.4441568,True,manual,verified
GENENTECH,1 DNA WAY,SOUTH SAN FRANCISCO,CA,94080,37.6519057,-122.3901831,True,ai,corroborated
GENENTECH/ROCHE,,,,,,,True,,
GENERAL ATLANTIC,55 E 52ND ST 36TH FLOOR,NEW YORK,NY,10055,40.7127281,-74.0060152,True,ai,corroborated
GENERAL ATOMICS,3550 GENERAL ATOMICS CT,SAN DIEGO,CA,92121,32.894046,-117.234724,True,ai,corroborated
GENERAL INNOVATIONS AND GOODS,,,,,,,True,,
GENERAL MOTORS LLC,300 RENAISSANCE CENTER,DETROIT,MI,48243,42.3288286,-83.0389766,True,ai,corroborated
GENERAL PODIATRIC MEDICINE,,,,,,,True,,
GENERAL ROBOTICS,,,,,,,True,,
GENERATION CAPITAL LLC,520 SEVENTH AVE 12TH FLOOR,NEW YORK,NY,10018,40.753590531793,-73.988816961708,True,ai,grounded
GENERATION III CAPITAL PARTNERS,155 N WACKER DR STE 4250,CHICAGO,IL,60606,41.8848667,-87.6363214,True,ai,uncorroborated
GENERATION Z MARKETING,,,,,,,True,,
GENESES CAPITAL MANAGEMENT,,,,,,,True,,
GENESIS10,950 THIRD AVE 26TH FLOOR,NEW YORK,NY,10022,40.760231166369,-73.96763630302,True,manual,verified
GENESISCARE,1419 SE 8TH TER STE 200,CAPE CORAL,FL,33990,26.637131,-81.943781,True,ai,grounded
GENESYS,2001 JUNIPERO SERRA BLVD,DALY CITY,CA,94014,37.7012904,-122.4701122,True,ai,grounded
GENET PROPERTY GROUP,7071 W COMMERCIAL BLVD,TAMARAC,FL,33319,26.193949504182,-80.244985933401,True,ai,grounded
GENEVA STREET PARTNERS,,,,,,,True,,
GENEVIE HEALTH,131 S DEARBORN ST STE 1000,CHICAGO,IL,60603,41.8798035,-87.6285612,True,ai,uncorroborated
GENNARI ARONSON LLP,111 EIGHTH AVE 13TH FLOOR,NEW YORK,NY,10011,40.740907242657,-74.001767860726,True,ai,uncorroborated
GENOA,8575 GANDER CREEK DR STE 200,MASON,OH,45040,39.350783,-84.313198,True,ai,uncorroborated
GENOVESE JOBLOVE & BATTISTA,494 BROAD ST,NEWARK,NJ,07102,40.7448026,-74.1694098,True,ai,uncorroborated
GENSCRIPT USA INC,860 PENLLYN BLUE BELL PIKE STE 100,BLUE BELL,PA,19422,40.1536063,-75.2656811,True,ai,uncorroborated
GENZ & ASSOCIATES,,,,,,,True,,
GEORGE AND LEESA WEISZ,,,,,,,True,,
GEORGE KAGAN PA,,,,,,,True,,
GEORGE MASON UNIVERSITY,4400 UNIVERSITY DR,FAIRFAX,VA,22030,38.8345539,-77.3152142,True,ai,corroborated
GEORGE SMITH PARTNERS,1900 AVE OF THE STARS STE 250,LOS ANGELES,CA,90067,34.0599711,-118.4169732,True,ai,grounded
GEORGE WASHINGTON UNIVERSITY,2121 I ST NW,WASHINGTON,DC,20052,38.9006121,-77.0470953,True,ai,grounded
GEORGE WASHINGTON UNIVERSITY,2300 EYE ST NW,WASHINGTON,DC,20037,38.892459,-77.053811,False,ai,grounded
GEORGE WASHINGTON UNIVERSITY,2600 VIRGINIA AVE NW THIRD FLOOR,WASHINGTON,DC,20037,38.899652618057,-77.054995326016,False,ai,grounded
GEORGE WASHINGTON UNIVERSITY,400 N CAPITOL ST NW,WASHINGTON,DC,20001,38.895160509743,-77.009133830694,False,ai,grounded
GEORGETOWN INVESTING,,,,,,,True,,
GEORGETOWN UNIVERSITY,3700 O ST NW,WASHINGTON,DC,20057,38.9089393,-77.0745796,True,ai,corroborated
GEORGIA EVE DESIGNS,,,,,,,True,,
GEORGIA HEART INSTITUTE,200 S ENOTA DR NE,GAINESVILLE,GA,30501,34.3033944,-83.8164931,True,ai,corroborated
GEORGIA TECH,N AVE NW AND TECHWOOD DR NW,ATLANTA,GA,30332,33.777618,-84.404348,True,ai,corroborated
GERALD COHEN PA,,,,,,,True,,
GERBER & CO INC,1880 CENTURY PARK EAST STE 200,LOS ANGELES,CA,90067,34.0615539,-118.4145605,True,ai,grounded
GERBLICH MD,,,,,,,True,,
GERCHEN CAPITAL PARTNERS,150 N RIVERSIDE PLAZA STE 4170,CHICAGO,IL,60606,41.8825427,-87.638745,True,ai,grounded
GERMIN8 VENTURES,,,,,,,True,,
GERSON & SCHWARTZ PA,201 S BISCAYNE BLVD STE 1210,MIAMI,FL,33131,25.7722268,-80.1867876,True,ai,corroborated
GESHER DAY SCHOOL,4800 MATTIE MOORE CT,FAIRFAX,VA,22030,38.836401,-77.34482,True,ai,grounded
GEST HOLDING CORP,,,,,,,True,,
GET QIPT,,,,,,,True,,
GETTY IMAGES,,,,,,,True,,
GETZLER HENRICH & ASSOCIATES LLC,330 MADISON AVE STE 815,NEW YORK,NY,10017,40.7530304,-73.9792984,True,ai,corroborated
GEVURTZ MENASHE,ALASKA BUILDING 400 UNIVERSITY AVE STE 200,SEATTLE,WA,98105,47.659861,-122.284977,True,ai,uncorroborated
GFC CAPITAL ADVISORS,,,,,,,True,,
GFI,1359 BROADWAY,NEW YORK,NY,10018,40.7517217,-73.987791,True,ai,corroborated
GFP DEVELOPMENT,,,,,,,True,,
GFP REAL ESTATE,125 PARK AVE,NEW YORK,NY,10017,40.7517892,-73.9774878,True,ai,corroborated
GFX,,,,,,,True,,
GGP,110 N WACKER DR STE 2500,CHICAGO,IL,60606,41.8838459,-87.6374992,True,ai,uncorroborated
GHAM,,,,,,,True,,
GHB CAPITAL LLC,805 WILMOT RD,SCARSDALE,NY,10583,40.9777426,-73.786419,True,ai,grounded
GHC,,,,,,,True,,
GHCA,,,,,,,True,,
GHEYE,,,,,,,True,,
GHITIS COMPANY,2980 NE 207TH ST STE 706,AVENTURA,FL,33180,25.967280331791,-80.142038212832,True,ai,grounded
GHNG,,,,,,,True,,
GHP INVESTMENT ADVISORS INC,1290 BROADWAY STE 1100,DENVER,CO,80203,39.736669597068,-104.987318384861,True,manual,verified
GHR HEALTHCARE,3100 W END AVE STE 500,NASHVILLE,TN,37203,36.141913,-86.81641,True,ai,uncorroborated
GIA ADVISORY,605 THIRD AVE 12TH FLOOR,NEW YORK,NY,10158,40.749012256559,-73.975637953653,True,ai,corroborated
GIAR,,,,,,,True,,
"GIBBONS PC, 1 GATEWAY CTR",ONE GATEWAY CENTER,NEWARK,NJ,07102,40.7351297,-74.167597,True,ai,corroborated
GIBSON,,,,,,,True,,
"GIBSON, DUNN & CRUTCHER LLP",333 S GRAND AVE,LOS ANGELES,CA,90071,34.052746,-118.2519538,True,manual,verified
GIBSONS STEAKHOUSE,2301 N LINCOLN PARK W,CHICAGO,IL,60614,41.9156637,-87.6362977,True,ai,corroborated
GIDEON INFORMATICS INC,8721 SANTA MONICA BLVD STE 234,LOS ANGELES,CA,90069,34.087422368541,-118.380768869001,True,manual,verified
GIFT,,,,,,,True,,
GIFT OF LIFE DONOR PROGRAM,401 N 3RD ST,PHILADELPHIA,PA,19123,39.957568,-75.143979,True,ai,grounded
GILBERT FILMS,190 N CANON DR STE 204,BEVERLY HILLS,CA,90210,34.0677467,-118.3978896,True,manual,verified
GILDAGE,,,,,,,True,,
GILDER GAGNON HOWE,350 FIFTH AVE STE 7413,NEW YORK,NY,10118,40.747848600317,-73.985077152891,True,ai,corroborated
GILEAD SCIENCES,333 LAKESIDE DR,FOSTER CITY,CA,94404,37.568163,-122.283238,True,ai,uncorroborated
GILFIX & LA POLL ASSOCIATES,2300 GENG RD STE 200,PALO ALTO,CA,94303,37.4514125,-122.1216708,True,ai,corroborated
GILFIX ASSOCIATES,,,,,,,True,,
GINA,,,,,,,True,,
GINSBERG ADR GROUP,1925 CENTURY PARK EAST STE 2100,LOS ANGELES,CA,90067,34.056437,-118.41369,True,ai,uncorroborated
GIVE FORWARD FOUNDATION,311 S BEVERLY DR STE 208,BEVERLY HILLS,CA,90212,34.0619443,-118.3991751,True,ai,corroborated
GIVENS GROUP,,,,,,,True,,
GIVNER LAW GROUP,1000 WILSHIRE BLVD STE 700,LOS ANGELES,CA,90017,34.051474,-118.261657,True,ai,uncorroborated
GK MANAGEMENT,,,,,,,True,,
GL HOMES,1000 S PINE ISLAND RD STE 400,PLANTATION,FL,33324,26.1091732,-80.2613892,True,ai,corroborated
GLACIAL CAPITAL GROUP,,,,,,,True,,
GLACIER EQUITIES,801 SECOND AVE STE 2100,SEATTLE,WA,98104,47.603748957855,-122.333943081745,True,ai,uncorroborated
GLADSTONE PLACE PARTNERS,,,,,,,True,,
GLANCY PRONGAY & MURRAY LLP,1925 CENTURY PARK EAST STE 2100,LOS ANGELES,CA,90067,34.056437,-118.41369,True,ai,corroborated
GLASER WEIL ET AL,10250 CONSTELLATION BLVD 19TH FLOOR,LOS ANGELES,CA,90067,34.05705559232,-118.418131970681,True,ai,corroborated
GLASER WEIL LLP,10250 CONSTELLATION BLVD 19TH FLOOR,LOS ANGELES,CA,90067,34.056437,-118.41369,True,ai,grounded
GLASER WEIL LLP,520 NEWPORT CENTER DR STE 420,NEWPORT BEACH,CA,92660,33.615797698486,-117.872253881392,False,ai,grounded
GLASER WEIL LLP,600 W BROADWAY STE 2850,SAN DIEGO,CA,92101,32.715772535207,-117.168347196406,False,ai,grounded
GLASER WEIL LLP,220 MONTGOMERY ST STE 2100,SAN FRANCISCO,CA,94104,37.7912938,-122.4021563,False,ai,grounded
GLASS & GOLDBERG LAW,,,,,,,True,,
GLASS GARDENS INC,244 W PASSAIC ST,ROCHELLE PARK,NJ,07662,40.9148244,-74.0818197,True,ai,corroborated
GLASS GARDENS SHOPRITES,244 W PASSAIC ST,ROCHELLE PARK,NJ,07662,40.9148244,-74.0818197,True,manual,verified
GLASSER AND GLASSER,251 LITTLE FALLS DR,WILMINGTON,DE,19808,39.737615,-75.667057,True,ai,uncorroborated
GLAXOSMITHKLINE,5 MOORE DR,RESEARCH TRIANGLE PARK,NC,27709,35.9354244,-78.8657256,True,ai,corroborated
GLAZER CAPITAL LLC,650 FIFTH AVE 22ND FLOOR,NEW YORK,NY,10019,40.759531945565,-73.976562789215,True,ai,corroborated
GLAZERS BEER AND BEVERAGE,14911 QUORUM DR #200,DALLAS,TX,75254,32.948668470796,-96.8256326673,True,ai,grounded
GLAZERS BEER AND BEVERAGE,1002 S CALLAGHAN RD,SAN ANTONIO,TX,78227,29.425827205596,-98.599553280093,False,ai,grounded
GLAZERS BEER AND BEVERAGE,7801 TRADE CENTER AVE,EL PASO,TX,79912,31.897861144151,-106.578269208175,False,ai,grounded
GLAZERS BEER AND BEVERAGE,2525 TEXAS CENTRAL PKWY,WACO,TX,76712,31.48582493511,-97.181065286361,False,ai,grounded
GLAZERS BEER AND BEVERAGE,421 N PORTLAND AVE,OKLAHOMA CITY,OK,73107,35.469100638236,-97.583403944236,False,ai,grounded
GLAZERS BEER AND BEVERAGE,10367 S 134TH ST,OMAHA,NE,68138,41.156847200869,-96.123509746508,False,ai,grounded
GLE SCRAP METAL,,,,,,,True,,
GLEASON CORPORATION,100 PLEASANT ST,ROCHESTER,NY,14608,43.1595537,-77.6050717,True,ai,grounded
GLEN BURNIE TRANSMISSIONS,,,,,,,True,,
GLEN ROCK PUBLIC SCHOOLS,620 HARRISTOWN RD,GLEN ROCK,NJ,07452,40.956672,-74.12182,True,ai,corroborated
GLEN UNA INVESTMENTS,51 UNIVERSITY AVE STE G,LOS GATOS,CA,95030,37.2237419,-121.9821105,True,manual,verified
GLESBY MARKS,,,,,,,True,,
GLIDE CAPITAL,1314 BEACON ST STE 460,BOSTON,MA,02215,42.3478016,-71.1006995,True,ai,uncorroborated
GLOBAL CAP LTD INC,,,,,,,True,,
GLOBAL CREDIT ADVISORS,440 S LASALLE ST STE 2100,CHICAGO,IL,60605,41.8759345,-87.6322286,True,ai,uncorroborated
GLOBAL EXCESS PARTNERS,300 FRANK W BURR BLVD STE 21,TEANECK,NJ,07666,40.8734797,-74.0067601,True,ai,uncorroborated
GLOBAL EYE CARE,,,,,,,True,,
GLOBAL HOLDINGS,,,,,,,True,,
GLOBAL INDUSTRIAL,11 HARBOR PARK DR,PORT WASHINGTON,NY,11050,40.8089813,-73.6610149,True,ai,grounded
GLOBAL INFRASTRUCTURE PARTNERS,50 HUDSON YARDS,NEW YORK,NY,10001,40.7545193,-74.0001188,True,ai,grounded
GLOBAL PARTNERS,33 KENNEDY MEMORIAL DR,QUINCY,MA,02169,42.240016,-71.015205,True,ai,corroborated
GLOBAL PHOTONICS,7826 PHOTONICS DR,TRINITY,FL,34655,28.1928226,-82.6840998,True,ai,grounded
GLOBAL STEEL DUST,109 N POST OAK LN STE 415,HOUSTON,TX,77024,29.766950579395,-95.457558924757,True,ai,grounded
GLOBAL WEALTH MANAGEMENT,,,,,,,True,,
GLOBAL WEALTH SOLUTIONS,,,,,,,True,,
GLOBALIZATION PARTNERS,175 FEDERAL ST 17TH FLOOR,BOSTON,MA,02110,42.3533058,-71.0565734,True,ai,grounded
GLOBETAX,,,,,,,True,,
GLORY GLOBAL SOLUTIONS,1 CORPORATE DR,SHELTON,CT,06484,41.2761115,-73.1282683,True,ai,uncorroborated
GM SELBY INC,,,,,,,True,,
GN WELLNESS,,,,,,,True,,
GNAT JEWELRY ATELIER,,,,,,,True,,
GNEAM,,,,,,,True,,
GNET MEDIA INC,,,,,,,True,,
GNI,219 N BROAD ST 7TH FL,PHILADELPHIA,PA,19107,39.951764,-75.158667,True,ai,grounded
GNTC,,,,,,,True,,
GO RASCAL,,,,,,,True,,
GOCHARGE,2443 FILLMORE ST STE 380-183,SAN FRANCISCO,CA,94115,37.7922061,-122.4347573,True,ai,uncorroborated
GOCHMAN LAW,,,,,,,True,,
GOETZMAN GROUP,,,,,,,True,,
GOJO,ONE GOJO PLAZA,AKRON,OH,44311,41.064227,-81.520446,True,ai,corroborated
GOLBAR &ASSOCIATES,,,,,,,True,,
GOLD AND COMPANY,5601 NEWBURY ST,BALTIMORE,MD,21209,39.3667244,-76.6516873,True,manual,verified
GOLD AUTO PARTS RECYCLING,,,,,,,True,,
GOLD COAST DESIGN,,,,,,,True,,
GOLD COAST FAMILY DENTAL,160 S FEDERAL HWY,DEERFIELD BEACH,FL,33441,26.3255018,-80.0907198,True,ai,uncorroborated
GOLD COAST HOLDINGS,,,,,,,True,,
GOLD KEY HOLDINGS LLC,,,,,,,True,,
GOLD MEDAL RECYCLERS,4305 BOTHAM JEAN BLVD,DALLAS,TX,75215,32.7551021,-96.7775911,True,ai,grounded
GOLD METAL RECYCLERS,4305 S LAMAR ST,DALLAS,TX,75215,32.7490894,-96.7674372,True,ai,grounded
GOLD TIME INTERNATIONAL,,,,,,,True,,
GOLDBERG & YOUNG P A,,,,,,,True,,
GOLDBERG AND SOLOVY,,,,,,,True,,
GOLDBERG COMPANIES,101 RIVERSIDE AVE,RIDGEFIELD,CT,06877,41.317675,-73.499837,True,ai,uncorroborated
GOLDBERG KOHN LTD,55 E MONROE ST,CHICAGO,IL,60603,41.8801534,-87.6256458,True,ai,corroborated
GOLDBERG REALTY ASSOCIATES,33 CLINTON RD STE 202,WEST CALDWELL,NJ,07006,40.8559023,-74.3073855,True,manual,verified
GOLDBERG SEMET LICKSTEIN ET AL,,,,,,,True,,
GOLDBERG WEPRIN FINKEL GOLDSTEIN LLP,1501 BROADWAY 12TH FLOOR,NEW YORK,NY,10036,40.7572684,-73.9866623,True,ai,corroborated
"GOLDBERG, GOLDSTEIN ET AL",,,,,,,True,,
GOLDCREST PROPERTY MANAGEMENT,1410 BROADWAY,NEW YORK,NY,10018,40.7533736,-73.9869019,True,ai,uncorroborated
GOLDEN ASH PROPERTIES LLC,,,,,,,True,,
GOLDEN EAST INVESTORS,,,,,,,True,,
GOLDEN ENTERPRISES,19575 WASHINGTON BLVD,LOS ANGELES,CA,90210,34.100517,-118.41463,True,ai,corroborated
GOLDEN GATE CAPITAL,1717 EMBARCADERO RD STE 200,PALO ALTO,CA,94303,37.4503815,-122.1200867,True,ai,corroborated
GOLDEN HIPPO,1197 S MILWAUKEE AVE,LIBERTYVILLE,IL,60048,42.2638779,-87.949363,True,ai,uncorroborated
GOLDEN ISLES BROADCASTING,610 TERNER ST,BRUNSWICK,GA,31520,31.178078,-81.487563,True,ai,corroborated
GOLDEN LIONESS,32 CT ST PH,BROOKLYN,NY,11201,40.6937,-73.989859,True,manual,verified
GOLDEN MOUNTAIN,,,,,,,True,,
GOLDEN MOUNTAIN MANAGEMENT LLC,,,,,,,True,,
GOLDEN PET BRANDS,8725 JANELLE ST,CHARLOTTE,NC,28216,35.31019,-80.889636,True,ai,uncorroborated
GOLDEN PETS,,,,,,,True,,
GOLDEN SPRINGS DEVELOPMENT,13116 IMPERIAL HWY,SANTA FE SPRINGS,CA,90670,33.916811,-118.0528578,True,manual,verified
GOLDEN STATE WARRIORS,1 WARRIORS WAY,SAN FRANCISCO,CA,94158,37.7679001,-122.3874223,True,ai,grounded
GOLDEN STATE WARRIORS,1011 BROADWAY,OAKLAND,CA,94607,37.801735184602,-122.273001806818,False,ai,grounded
GOLDEN STEPS,,,,,,,True,,
GOLDENBERG HELLER & ANTOGNOLI PC,2227 S STATE ROUTE 157,EDWARDSVILLE,IL,62025,38.7764591,-89.9888822,True,manual,verified
GOLDENBERG HELLER & ANTOGNOLI PC,168 N MERAMEC AVE STE 101,SAINT LOUIS,MO,63105,38.6537104,-90.339082,False,manual,verified
GOLDENEYE INC,,,,,,,True,,
GOLDENSOUL INC,,,,,,,True,,
GOLDENTREE ASSET MANAGEMENT,300 PARK AVE 21ST FLOOR,NEW YORK,NY,10022,40.756806388818,-73.974341740454,True,ai,grounded
GOLDENTREE ASSET MANAGEMENT,ONE FLAGLER 180 LAKEVIEW AVE 19TH FLOOR,WEST PALM BEACH,FL,33401,26.70611450305,-80.050197606453,False,ai,grounded
GOLDENTREE ASSET MANAGEMENT,615 S COLLEGE ST,CHARLOTTE,NC,28202,35.222312185002,-80.847590710901,False,ai,grounded
GOLDENTREE ASSET MANAGEMENT,620 NEWPORT CENTER DR STE 1100,NEWPORT BEACH,CA,92660,33.634626,-117.874882,False,ai,grounded
GOLDENTREE ASSET MANAGEMENT,100 CRESCENT CT STE 700,DALLAS,TX,75201,32.7939116,-96.8033152,False,ai,grounded
GOLDER INVESTMENT,,,,,,,True,,
GOLDHABER POLICY SERVICES LLC,4112 GARDENLAKE DR,RALEIGH,NC,27612,35.8312585,-78.6902143,True,manual,verified
GOLDMAN DRAKE LLP,,,,,,,True,,
GOLDMAN SACHS,200 W ST,NEW YORK,NY,10282,40.7147237,-74.0144315,True,manual,verified
GOLDMONT REALTY CORP,,,,,,,True,,
GOLDSEKER FOUNDATION,165 W 46TH ST STE 1503,NEW YORK,NY,10036,40.75843,-73.9844645,True,ai,uncorroborated
GOLDSTEIN MANAGEMENT CORP,,,,,,,True,,
GOLF FOR CAUSE,,,,,,,True,,
GOLUB CAPITAL,200 PARK AVE 25TH FLOOR,NEW YORK,NY,10166,40.7536135,-73.97658,True,ai,grounded
GOOD DEEDS DEVELOPMENT,,,,,,,True,,
"GOOD DOMUS, ET AL",510 EVERGREEN LN N,PLYMOUTH,MN,55441,44.9846592,-93.4266905,True,manual,uncorroborated
GOOD HEALTH,410 CLOVERLEAF DR,BALDWIN PARK,CA,91706,34.0614678,-118.002484,True,manual,verified
GOOD SAMARITAN HOSPITAL,2425 SAMARITAN DR,SAN JOSE,CA,95124,37.2522952,-121.9457139,True,ai,uncorroborated
GOOD SAMARITAN SOCIETY,1010 W ST GERMAIN ST,SAINT CLOUD,MN,56301,45.5584924,-94.1640253,True,ai,uncorroborated
GOODMAN AND COMPANY BUSINESS BROKERS,,,,,,,True,,
GOODMAN AND LEVINE LLP,1970 BROADWAY STE 1200,OAKLAND,CA,94612,37.8086015,-122.2679981,True,manual,verified
GOODMAN REAL ESTATE,,,,,,,True,,
GOODMAN-GABLE-GOULD ADJUSTERS INTERNATIONAL,10110 MOLECULAR DR STE 300,ROCKVILLE,MD,20850,39.0920354,-77.2100635,True,ai,grounded
GOODMANS INTERIOR STRUCTURES,,,,,,,True,,
GOODWIN,100 NORTHERN AVE,BOSTON,MA,02210,42.3523486,-71.0434736,True,ai,grounded
GOODWIN PROCTER LLP,100 NORTHERN AVE,BOSTON,MA,02210,42.3523486,-71.0434736,True,ai,corroborated
GOODWIN UNIVERSITY,1 RIVERSIDE DR,EAST HARTFORD,CT,06118,41.7430141,-72.6404382,True,ai,corroborated
GOODY5 ASSET MANAGEMENT,,,,,,,True,,
GOOGLE,1600 AMPHITHEATRE PKWY,MOUNTAIN VIEW,CA,94043,37.4224857,-122.0855846,True,ai,corroborated
GOPHER RESOURCE,,,,,,,True,,
GORA GROUP,32 CT ST PH,BROOKLYN,NY,11201,40.6937,-73.989859,True,ai,grounded
GORDON & REES,275 BATTERY ST STE 2000,SAN FRANCISCO,CA,94111,37.7939753,-122.40029,True,ai,uncorroborated
GORDON BROTHERS,200 CLARENDON ST 48TH FLOOR,BOSTON,MA,02116,42.3491677,-71.075124,True,ai,corroborated
GORDON FEINBLATT LLC,233 E REDWOOD ST 26TH FLOOR,BALTIMORE,MD,21202,39.2888093,-76.6113158,True,ai,corroborated
GORDON FINANCIAL SERVICES,,,,,,,True,,
GORDON RECYCLERS,,,,,,,True,,
GORDON REES SCULLY MANSUKHANI,315 PACIFIC AVE,SAN FRANCISCO,CA,94111,37.7975373,-122.4011244,True,ai,grounded
"GORDON, CHODAK, CHAPIN & WOLCH, CPAS PC",100 CHESTNUT ST,HADDONFIELD,NJ,08033,39.8941803,-75.0333392,True,ai,uncorroborated
GORLICK FINANCIAL STRATEGIES,,,,,,,True,,
GOSHEN TRANSPORTATION,317 W MAIN ST,GOSHEN,IN,46526,41.5709982,-85.8296697,True,ai,uncorroborated
GOTHAM VENTURES,228 PARK AVE S,NEW YORK,NY,10003,40.7377801,-73.9886747,True,ai,corroborated
GOTTLIEB & SONS,,,,,,,True,,
GOTTMAN INC,,,,,,,True,,
GOTTMAN INSTITUTE,3701 W KENNEDY BLVD STE 200,TAMPA,FL,33609,27.944905,-82.503779,True,ai,uncorroborated
GOULSTON & STORRS,400 ATLANTIC AVE 10TH FLOOR,BOSTON,MA,02110,42.3556115,-71.0504489,True,ai,corroborated
GOURMET NUT,,,,,,,True,,
GOUT-ALMIN,,,,,,,True,,
GOVERNMENTAL ADVOCATES,1127 11TH ST STE 400,SACRAMENTO,CA,95814,38.5786061,-121.4925882,True,ai,grounded
GOVT AGENCY,,,,,,,True,,
GOWALKING LLC,,,,,,,True,,
GP-FH LLC,,,,,,,True,,
GPAI,,,,,,,True,,
GPKLEG,,,,,,,True,,
GPS INVESTMENT PARTNERS,660 MADISON AVE,NEW YORK,NY,10065,40.764687383326,-73.970696348884,True,ai,grounded
GRACE COMMUNICATIONS FOUNDATION,215 LEXINGTON AVE STE 1001,NEW YORK,NY,10016,40.7454587,-73.980239,True,manual,verified
GRACIE CAPITAL,590 MADISON AVE 28TH FLOOR,NEW YORK,NY,10022,40.762049686402,-73.972621385319,True,ai,grounded
GRAFANA LABS,548 MARKET ST PMB 25433,SAN FRANCISCO,CA,94104,37.791412,-122.402129,True,ai,uncorroborated
GRAIS & ELLSWORTH,1211 AVE OF THE AMERICAS 40TH FLOOR,NEW YORK,NY,10036,40.7586695,-73.9823756,True,ai,corroborated
GRAND AVE CLUB,,,,,,,True,,
GRAND SAKWA PROPERTIES,28470 W 13 MILE RD STE 220,FARMINGTON HILLS,MI,48334,42.5145616,-83.3308551,True,manual,verified
GRANDSTONE INVESTMENT SALES,1385 BROOKWOOD PL,COLUMBUS,OH,43209,39.9418362,-82.9362087,True,ai,grounded
GRANITE CREEK CAPITAL PARTNERS,,,,,,,True,,
GRANITE POINT MORTGAGE TRUST,3 BRYANT PARK 24TH FLOOR,NEW YORK,NY,10036,40.759792,-73.990685,True,ai,grounded
GRANT AND EISENHOFER,123 JUSTISON ST 7TH FLOOR,WILMINGTON,DE,19801,39.738823285449,-75.558369313515,True,ai,grounded
GRANT AND EISENHOFER,485 LEXINGTON AVE 29TH FLOOR,NEW YORK,NY,10017,40.754012535523,-73.974086416021,False,ai,grounded
GRANT THORNTON ADVISORS LLC,171 N CLARK ST STE 200,CHICAGO,IL,60601,41.8853293,-87.6308533,True,ai,grounded
GRAPHSANDLAUGHS LLC,,,,,,,True,,
GRATE,,,,,,,True,,
GRATZ COLLEGE,701 E CHELTEN AVE,ELKINS PARK,PA,19027,40.07345,-75.124545,True,ai,corroborated
GRAVIS GROUP,,,,,,,True,,
GRAY REED,1601 ELM ST STE 4600,DALLAS,TX,75201,32.7819617,-96.7977823,True,ai,corroborated
GRAYPARK RE ADVISORS LLC,445 PARK AVE 9TH FLOOR,NEW YORK,NY,10022,40.7611256,-73.9706269,True,ai,corroborated
GRAYROBINSON,301 E PINE ST STE 1400,ORLANDO,FL,32801,28.5414043,-81.3743002,True,manual,verified
GRAYTON DEVELOPMENT,,,,,,,True,,
GRE DEVELOPMENT INC,110 N WACKER DR STE 3800,CHICAGO,IL,60606,41.8838459,-87.6374992,True,ai,uncorroborated
GREAT AMERICA CO,4701 GREAT AMERICA PKWY,SANTA CLARA,CA,95054,37.394792,-121.9701707,True,ai,uncorroborated
GREAT AMERICAN CAPITAL,301 E FOURTH ST,CINCINNATI,OH,45202,39.100618497167,-84.50774407894,True,ai,uncorroborated
GREAT LAKES ANESTHESIOLOGY PC,1717 S MT PROSPECT RD STE 200,DES PLAINES,IL,60018,42.0210118,-87.9207078,True,ai,uncorroborated
GREAT LAKES RECYCLING,,,,,,,True,,
GREAT MEADOWS MANAGEMENT,,,,,,,True,,
GREAT PUBLIC SCHOOLS NOW,1150 S OLIVE ST STE 1325,LOS ANGELES,CA,90015,34.0393986,-118.2610968,True,manual,verified
GREAT RIVER,,,,,,,True,,
GREATER MISSION CHAMBER OF COMMERCE,3327 MISSION ST,SAN FRANCISCO,CA,94110,37.7435979,-122.4210621,True,ai,uncorroborated
GRECO NEYLAND PC,,,,,,,True,,
GREEN EARTH REALTY,6220 CAMPBELL RD STE 104,DALLAS,TX,75248,32.9797635,-96.7993476,True,manual,verified
GREEN MEADOW VENTURES,,,,,,,True,,
GREENACRES MANAGEMENT LLC,250 S AUSTRALIAN AVE STE 200,WEST PALM BEACH,FL,33401,26.7128557,-80.0646358,True,ai,uncorroborated
GREENBERG & STEIN PC,,,,,,,True,,
GREENBERG APARTMENT COMMUNITIES,29325 CHAGRIN BLVD,BEACHWOOD,OH,44122,41.464477,-81.5077774,True,ai,grounded
GREENBERG FRUIT COMPANY,,,,,,,True,,
GREENBERG GLUSKER,1900 AVE OF THE STARS 21ST FLOOR,LOS ANGELES,CA,90067,34.056437,-118.41369,True,ai,corroborated
GREENBERG REGENERATIVE,,,,,,,True,,
GREENBERG TRAURIG,333 SE 2ND AVE STE 4400,MIAMI,FL,33131,25.7712904,-80.1895021,True,manual,verified
GREENBERGDAUBER,1185 AVE OF THE AMERICAS 31ST FLOOR,NEW YORK,NY,10036,40.757580221718,-73.982200613496,True,ai,uncorroborated
GREENBERGDAUBEREPSTEIN&TUCKER,1 GATEWAY CENTER,NEWARK,NJ,07102,40.7351297,-74.167597,True,ai,corroborated
GREENBRIER ANIMAL HOSPITAL,,,,,,,True,,
GREENE KARLIN REAL ESTATE LLC,500 NORTHLAND RIDGE CT,ATLANTA,GA,30342,33.88435,-84.374964,True,ai,grounded
GREENHOUSE SOFTWARE,1 LAFAYETTE ST 4TH FLOOR,NEW YORK,NY,10013,40.7148423,-74.0037874,True,ai,grounded
GREENLEY CORP,,,,,,,True,,
GREENPOINT GLOBAL,350 FIFTH AVE 66TH FLOOR,NEW YORK,NY,10118,40.747848600317,-73.985077152891,True,ai,uncorroborated
GREENSKY,5565 GLENRIDGE CONNECTOR,ATLANTA,GA,30342,33.902716764522,-84.357580667377,True,manual,verified
GREENSPAN & GREENSPAN PC,100 JERICHO QUADRANGLE STE 309,JERICHO,NY,11753,40.7860057,-73.5511961,True,ai,corroborated
GREENSPOON MARDER LLP,200 E BROWARD BLVD STE 1800,FORT LAUDERDALE,FL,33301,26.1219128,-80.1409858,True,ai,corroborated
GREENSPRING REALTY PARTNERS,1212 YORK RD SUITE C 300,LUTHERVILLE,MD,21093,39.4168329,-76.6152681,True,ai,grounded
GREENSTEIN NEUROLOGY,,,,,,,True,,
GREENWICH HOSPITAL,5 PERRYRIDGE RD,GREENWICH,CT,06830,41.034299,-73.6306463,True,ai,grounded
GREENWOOD GAMING INC,2999 ST RD,BENSALEM,PA,19020,40.113403,-74.955836,True,ai,grounded
GREGLEVINE.COM INC,1139 WASHINGTON ST,HOLLYWOOD,FL,33019,26.0046439,-80.1286268,True,manual,verified
GREGORY FUNDING,13190 SW 68TH PKWY STE 200,TIGARD,OR,97223,45.4247538,-122.7448712,True,ai,grounded
GREYSTONE,152 W 57TH ST 60TH FLOOR,NEW YORK,NY,10019,40.7648665,-73.9796202,True,ai,grounded
GREYSTONE POWER CORPORATION,3400 HIRAM DOUGLASVILLE HWY,HIRAM,GA,30141,33.8708723,-84.7647154,True,ai,corroborated
GREYWOLF CAPITAL,60 E 42ND ST STE 1901,NEW YORK,NY,10165,40.7522678,-73.9786075,True,ai,corroborated
GRG,,,,,,,True,,
GRID DYNAMICS,6101 BOLLINGER CANYON RD STE 465,SAN RAMON,CA,94583,37.762582,-121.956948,True,ai,grounded
GRIFFIN,,,,,,,True,,
GRIFFIN CARE,,,,,,,True,,
GROCH ENTERPRISES LLC,,,,,,,True,,
GROMIS EQUITIES,1122 S ROBERTSON BLVD STE 1,LOS ANGELES,CA,90035,34.0567425,-118.3835751,True,ai,grounded
GRONER ASSOCIATES,152 W 57TH ST 18TH FLOOR,NEW YORK,NY,10019,40.7648665,-73.9796202,True,ai,uncorroborated
"GROSINGER, SPIGELMAN AND GREY",1750 S TELEGRAPH RD STE 205,BLOOMFIELD HILLS,MI,48302,42.6128327,-83.3110286,True,ai,grounded
GROSS BUILDERS,14300 RIDGE RD STE 100,NORTH ROYALTON,OH,44133,41.3118256,-81.7347288,True,ai,grounded
GROSSMAN COMPANY PROPERTIES,3101 N CENTRAL AVE STE 1390,PHOENIX,AZ,85012,33.4843459,-112.073466,True,manual,verified
GROSSMAN HEINZ,1960 E GRAND AVE STE 300,EL SEGUNDO,CA,90245,33.9188524,-118.3929961,True,ai,uncorroborated
GROSSMAN ROTH YAFFA COHEN,45 BROADWAY 6TH FLOOR,NEW YORK,NY,10006,40.7063924,-74.0130532,True,ai,uncorroborated
GROUNDSWELL INVESTMENTS,1999 HARRISON ST STE 1750,OAKLAND,CA,94612,37.8077827,-122.2651196,True,ai,corroborated
GROUP 1001,,,,,,,True,,
GROUP 1001 RESOURCES LLC,10555 GROUP 1001 WAY,ZIONSVILLE,IN,46077,39.9418037,-86.2524185,True,manual,verified
GROUP W MANAGEMENT,305 MADISON AVE 4TH FLOOR,NEW YORK,NY,10165,40.752375822224,-73.979513190611,True,ai,corroborated
GROVE POINT PARTNERS,382 NE 191ST ST PMB 50448,MIAMI,FL,33179,25.95762,-80.179998,True,ai,grounded
GROWTH MARKETING ADVISORS,500 W MADISON ST STE 300,CHICAGO,IL,60661,41.8825674,-87.6404921,True,ai,uncorroborated
GRT CORPORATION,263 TRESSER BLVD,STAMFORD,CT,06901,41.051598,-73.535362,True,manual,verified
GRUBMAN SHIRE MEISELAS & SACKS,600 THIRD AVE STE 2300,NEW YORK,NY,10016,40.748937627569,-73.975865528557,True,ai,corroborated
GRUNBAUM LLC,,,,,,,True,,
GRUNBERG REALTY,225 FIFTH AVE STE 610,NEW YORK,NY,10010,40.743882563788,-73.987792347961,True,ai,corroborated
GRUND & LEAVITT,812 N DEARBORN ST,CHICAGO,IL,60610,41.8971707,-87.6301273,True,ai,grounded
GRUNDY INDUSTRIAL COMPLEX INC,,,,,,,True,,
GRUNER & CO INC,,,,,,,True,,
GRYPHON,345 PARK AVE,NEW YORK,NY,10154,40.7577559,-73.9722731,True,ai,uncorroborated
GS ASSOCIATES,,,,,,,True,,
GSA,1800 F ST NW,WASHINGTON,DC,20405,38.8969785,-77.0425671,True,ai,grounded
GSC,,,,,,,True,,
GSD,,,,,,,True,,
GSI INVESTMENTS,100 CRESCENT CT #700,DALLAS,TX,75201,32.7939116,-96.8033152,True,ai,corroborated
GSK,2929 WALNUT ST STE 1700,PHILADELPHIA,PA,19104,39.9519605,-75.1837962,True,ai,grounded
GSP,,,,,,,True,,
GSS,,,,,,,True,,
GSU,,,,,,,True,,
GTA,,,,,,,True,,
GTCR,300 N LASALLE ST STE 4200,CHICAGO,IL,60654,41.8868828,-87.6324633,True,ai,uncorroborated
GTJ REIT INC,1399 FRANKLIN AVE STE 100,GARDEN CITY,NY,11530,40.735672,-73.637874,True,manual,verified
GTM FLOW,,,,,,,True,,
GTREASURY,2100 E LAKE COOK RD STE 1100,BUFFALO GROVE,IL,60089,42.1542113,-87.9589265,True,ai,grounded
GTS,625 SIXTH AVE,NEW YORK,NY,10011,40.740206922156,-73.994852279465,True,ai,grounded
GTS,40 WALL ST 38TH FLOOR,NEW YORK,NY,10005,40.706610124847,-74.009750987115,False,ai,grounded
GTS,110 FRONT ST STE 300,JUPITER,FL,33477,26.918903,-80.07606,False,ai,grounded
GTS,100 SE 2ND ST STE 4010,MIAMI,FL,33131,25.772493467299,-80.191789587251,False,ai,grounded
GTS,5150 N TAMIAMI TRL STE 206,NAPLES,FL,34103,26.2036601,-81.8003744,False,ai,grounded
GTS SECURITIES LLC,ONE PENN PLAZA 36TH FLOOR,NEW YORK,NY,10119,40.7510985,-73.9919723,True,ai,uncorroborated
GUAC-LOCK,,SCARSDALE,NY,10583,,,True,manual,verified
GUARANTEE RESTORATION SERVICES,1712 S BOULDER AVE,TULSA,OK,74119,36.1375814,-95.9886042,True,ai,uncorroborated
GUARD,,,,,,,True,,
GUARDIAN DENTISTRY PARTNERS,5803 NW 151ST ST STE 201,MIAMI LAKES,FL,33014,25.9112028,-80.2958599,True,ai,grounded
GUARDIAN FINANCIAL CONSULTANTS,,,,,,,True,,
GUARDIAN LIFE,7 HANOVER SQ,NEW YORK,NY,10004,40.7047503,-74.0095672,True,ai,uncorroborated
GUARDIAN PHARMACY,300 GALLERIA PKWY SE STE 800,ATLANTA,GA,30339,33.8862488,-84.4623353,True,ai,grounded
GUAVA,1375 E 6TH ST UNIT 2,LOS ANGELES,CA,90021,34.0389808,-118.234402,True,manual,verified
GUERRERO STRATEGIES,,,,,,,True,,
GUESS INC,1444 S ALAMEDA ST,LOS ANGELES,CA,90021,34.024164,-118.2393675,True,ai,grounded
GUGGENHEIM PARTNERS,330 MADISON AVE 13TH FLOOR,NEW YORK,NY,10017,40.7530304,-73.9792984,True,ai,corroborated
GUHSD,403 MAIN ST,EL CAJON,CA,92020,32.794846,-116.9663373,True,ai,corroborated
GUIDEPOINT,375 HUDSON ST 12TH FLOOR,NEW YORK,NY,10014,40.7284863,-74.0079039,True,ai,corroborated
GUIDEPOST,ONE PENN PLAZA STE 5300,NEW YORK,NY,10119,40.7510985,-73.9919723,True,ai,corroborated
GUIDEPOST STRATEGIES,1401 H ST NW 5TH FLOOR,WASHINGTON,DC,20005,38.9005175,-77.0322149,True,ai,grounded
GUILD PARTNERS,4832 N 26TH RD,ARLINGTON,VA,22207,38.9026243,-77.1296686,True,ai,grounded
GULF COAST BAG,4422 W 12TH ST,HOUSTON,TX,77055,29.791242,-95.4546357,True,manual,verified
GUMENICK PROPERTIES,4901 LIBBIE MILL EAST BLVD STE 200,RICHMOND,VA,23230,37.5907348,-77.493889,True,ai,grounded
GUMGUM,274 BRANNAN ST STE 600,SAN FRANCISCO,CA,94107,37.7825848,-122.3917665,True,ai,uncorroborated
GUNSTER,600 BRICKELL AVE STE 3500,MIAMI,FL,33131,25.7675114,-80.1910059,True,ai,corroborated
"GUNSTER, YOAKLEY & STEWART PA",600 BRICKELL AVE STE 3500,MIAMI,FL,33131,25.767923428115,-80.190320455524,True,ai,corroborated
GURSEY SCHNEIDER,TWO WOODBRIDGE CENTER DR STE 300,WOODBRIDGE,NJ,07095,40.552857,-74.286939,True,ai,uncorroborated
GURSTEL LAW FIRM PC,6681 COUNTRY CLUB DR,GOLDEN VALLEY,MN,55427,44.9852483,-93.3653423,True,ai,grounded
GUS MAYER,600 HIGHLAND COLONY PKWY,RIDGELAND,MS,39157,32.418335,-90.158295,True,ai,uncorroborated
GUTERMAN & ROSENBERG,,,,,,,True,,
GUY CARPENTER & CO,1166 AVE OF THE AMERICAS,NEW YORK,NY,10036,40.7568778,-73.9820036,True,ai,corroborated
GVW GROUP,,,,,,,True,,
GW&K INVESTMENT MANAGEMENT,,,,,,,True,,
GWC,,,,,,,True,,
GWE,,,,,,,True,,
GWS,,,,,,,True,,
GWYNEDD SQUARE NURSING CENTER,1019 SUMNEYTOWN PIKE,NORTH WALES,PA,19454,40.212544,-75.2849356,True,ai,corroborated
GXO,TWO AMERICAN LN,GREENWICH,CT,06831,41.088724,-73.658838,True,ai,grounded
GYL FINANCIAL SYNERGIES LLC,75 ISHAM RD,WEST HARTFORD,CT,06107,41.7613268,-72.7401104,True,manual,verified
GYNECOLOGY ASSOCIATES OF SOUTH FLORIDA,8150 W MCNAB RD STE 401,NORTH LAUDERDALE,FL,33068,26.206734,-80.1993306,True,ai,corroborated
"H DENISE WOOTEN, PSYD",,,,,,,True,,
H&E DO IT YOURSELF CENTER,1901 NE 2ND ST,FORT LAUDERDALE,FL,33304,26.1245108,-80.127923,True,ai,uncorroborated
H&M DEVELOPMENT,,,,,,,True,,
H.C.WAINWRIGHT,430 PARK AVE 6TH FLOOR,NEW YORK,NY,10022,40.7611695,-73.9722581,True,ai,corroborated
H.I.G. CAPITAL,390 PARK AVE 6TH FLOOR,NEW YORK,NY,10022,40.7595773,-73.972688,True,ai,corroborated
H.N. GORIN,,,,,,,True,,
H.O.M.E,,,,,,,True,,
H.R. LABS,,,,,,,True,,
H.W. KAUFMAN,30833 NORTHWESTERN HWY #220,FARMINGTON HILLS,MI,48334,42.504694,-83.349204,True,ai,grounded
H2A CAPITAL,2601 S BAYSHORE DR,MIAMI,FL,33133,25.7325955,-80.2342742,True,ai,grounded
HABIF PROPERTIES,3717 ROSWELL RD NE STE 100,ATLANTA,GA,30342,33.8767701,-84.3799824,True,ai,grounded
HACKBERRY LANE,,,,,,,True,,
HACKENSACK MERIDIAN HEALTH,,,,,,,True,,
HACKENSACK UNIVERSITY MEDICAL CENTER,30 PROSPECT AVE,HACKENSACK,NJ,07601,40.8837051,-74.0559409,True,ai,corroborated
HACKMAN CAPITAL PARTNERS,11111 SANTA MONICA BLVD STE 850,LOS ANGELES,CA,90025,34.0479583,-118.4450127,True,manual,verified
HADASSAH,50 W 58TH ST STE 60,NEW YORK,NY,10019,40.7643906,-73.9754217,True,ai,uncorroborated
HADDAD REALTY TRUST,,,,,,,True,,
HADLEY MAK,,,,,,,True,,
HAELOHIM,,,,,,,True,,
HAGER PACIFIC PROPERTIES,4100 NEWPORT PL DR STE 700,NEWPORT BEACH,CA,92660,33.66231941057,-117.865599677391,True,ai,grounded
HAGER PACIFIC PROPERTIES,15910 VENTURA BLVD STE 700,ENCINO,CA,91436,34.155751516313,-118.479542929914,False,ai,grounded
HAGESHER GROUP,,,,,,,True,,
HAHN AUTOMOTIVE,,,,,,,True,,
HAHNEMANN MEDICAL,,,,,,,True,,
HAITH & CO,11415 W 87TH TER,OVERLAND PARK,KS,66214,38.9691255,-94.7179359,True,ai,grounded
HAIVISION,,,,,,,True,,
HAKIM HOLDINGS,,,,,,,True,,
HALLMARK CARDS,2501 MCGEE ST,KANSAS CITY,MO,64108,39.0815539,-94.5807203,True,ai,uncorroborated
HALO,1500 HALO WAY,STERLING,IL,61081,41.850006,-89.739377,True,ai,uncorroborated
HALO BRANDED SOLUTIONS,1001 WARRENVILLE RD STE 100,LISLE,IL,60532,41.8079788,-88.0720004,True,ai,grounded
HALPERN ENTERPRISES,5200 ROSWELL RD,ATLANTA,GA,30342,33.8734582,-84.381017,True,manual,verified
HAMEROFF LAW GROUP PC,11622 EL CAMINO REAL STE 100,SAN DIEGO,CA,92130,32.933327,-117.2362906,True,ai,uncorroborated
HAMMERMAN CAPITAL MANAGEMENT,1232 ROSE LN,LAFAYETTE,CA,94549,37.9023445,-122.1308149,True,ai,grounded
HAMMERSPACE,1212 BROADWAY 3RD FLOOR,OAKLAND,CA,94612,37.8030878,-122.2714688,True,ai,corroborated
HAMMOND COLDWELL BSNKER,,,,,,,True,,
HAMMOND RESIDENTIAL REAL ESTATE,,,,,,,True,,
HAMPDEN CORP,,,,,,,True,,
HANACO VENTURES,601 LEXINGTON AVE 45TH FLOOR,NEW YORK,NY,10022,40.7587794,-73.9704834,True,ai,corroborated
HAND SURGERY,,,,,,,True,,
HAND2MIND,,,,,,,True,,
HANDELMAN INSURANCE ADVISORS,,,,,,,True,,
HANDI-FOIL,1216 W LAKE ST,BENSENVILLE,IL,60106,41.964374,-87.944129,True,ai,corroborated
HANDLEMAN COMPANY,,,,,,,True,,
HANDY-HANDS LLC,,,,,,,True,,
HANGLEY ARONCHICK SEGAL PUDLIN & SCHILLER PC,ONE LOGAN SQ 27TH FLOOR 130 N 18TH ST,PHILADELPHIA,PA,19103,39.9576957,-75.1712576,True,ai,uncorroborated
"HANKIN PATENT LAW, APC",10250 CONSTELLATION BLVD STE 1830,LOS ANGELES,CA,90067,34.05705559232,-118.418131970681,True,ai,corroborated
HANSON BRIDGETT LLP,425 MARKET ST 26TH FLOOR,SAN FRANCISCO,CA,94105,37.7912036,-122.398153,True,ai,corroborated
HANSONROBOKIND,,,,,,,True,,
HAPPYNEST ENTERTAINMENT,,,,,,,True,,
HARBERG HUVARD JACOBS WADLER LLP,,,,,,,True,,
HARBERG HUVARD LLP,,,,,,,True,,
HARBERT MANAGEMENT CORPORATION,2100 3RD AVE NORTH STE 600,BIRMINGHAM,AL,35203,33.517084,-86.805443,True,manual,verified
HARBOR CAPITAL MANAGEMENT LLC,,,,,,,True,,
HARBOR GROUP INTERNATIONAL,999 WATERSIDE DR STE 2300,NORFOLK,VA,23510,36.843993,-76.288034,True,ai,grounded
HARBOR GROUP INTERNATIONAL,1829 REISTERSTOWN RD STE 350,BALTIMORE,MD,21208,39.387962365254,-76.737815636617,False,ai,grounded
HARDWOOD PARTNERS,968 HARBOR RD,SOUTHPORT,CT,06890,41.1301145,-73.2860255,True,ai,grounded
HARLAN CAPITAL PARTNERS,440 ROYAL PALM WAY STE 300,PALM BEACH,FL,33480,26.7053475,-80.0427685,True,ai,grounded
HARLEY-DAVIDSON MOTOR COMPANY,3700 W JUNEAU AVE,MILWAUKEE,WI,53208,43.0462149,-87.9602999,True,ai,corroborated
HARMONIC FINANCIAL TECHNOLOGY,,,,,,,True,,
HARMONY BIOSCIENCES,630 W GERMANTOWN PIKE STE 215,PLYMOUTH MEETING,PA,19462,40.1202972,-75.2838582,True,manual,verified
HARMONY GROUP,,,,,,,True,,
HARMONY MFI,,,,,,,True,,
HARODITE INDUSTRIES,,,,,,,True,,
HAROLD GRINSPOON FOUNDATION,67 HUNT ST STE 100,AGAWAM,MA,01001,42.0830876,-72.5937373,True,manual,verified
HAROLD J LEHMAN INDUSTRIES,,,,,,,True,,
HARPER CAPITAL PARTNERS LLC,600 LEXINGTON AVE 5TH FLOOR,NEW YORK,NY,10022,40.7580277,-73.9714246,True,ai,uncorroborated
HARPERCOLLINS,195 BROADWAY,NEW YORK,NY,10007,40.7107351,-74.009683,True,ai,corroborated
HARRIDGE DEVELOPMENT GROUP,801 S FIGUEROA ST STE 700,LOS ANGELES,CA,90017,34.0478476,-118.2618325,True,ai,corroborated
HARRINGTON PHYSICIAN SERVICES,,,,,,,True,,
HARRIS COUNTY,1001 PRESTON ST,HOUSTON,TX,77002,29.7615165,-95.3606647,True,ai,corroborated
HARRIS HEALTH,2525 HOLLY HALL ST,HOUSTON,TX,77054,29.6860778,-95.3873562,True,ai,corroborated
HARRIS MEDICAL CENTER,1301 E MAIN ST,MELBOURNE,AR,72556,36.0589374,-91.9026171,True,ai,uncorroborated
HARRIS NEW YORK LLC,,,,,,,True,,
HARRIS WATER ENGINEERING,,,,,,,True,,
HARRIS WILLIAMS,1001 FLEET ST STE 700,RICHMOND,VA,23219,37.5374392,-77.4353923,True,ai,grounded
HARRISON ASSN OF TCH,,,,,,,True,,
HARRY ROSS INDUSTRIES,,,,,,,True,,
HARRY WILS & CO,,,,,,,True,,
HARTER SECREST & EMERY LLP,1600 BAUSCH & LOMB PL,ROCHESTER,NY,14604,43.1544721,-77.6061233,True,ai,corroborated
HARTFORD HEALTHCARE,181 JEFFERSON ST,HARTFORD,CT,06106,41.7552797,-72.6844449,True,ai,corroborated
HARTFORD HEALTHCARE MEDICAL GROUP,100 RETREAT AVE,HARTFORD,CT,06106,41.7530731,-72.6786578,True,ai,corroborated
HARTFORD HOSPITAL,80 SEYMOUR ST,HARTFORD,CT,06102,41.7540689,-72.6793902,True,ai,corroborated
HARTLEY LAW,,,,,,,True,,
HARTREE PARTNERS,1 STATE ST 33RD FLOOR,NEW YORK,NY,10004,40.7025642,-74.0131538,True,ai,grounded
HARVARD BUSINESS SCHOOL,SOLDIERS FIELD RD,BOSTON,MA,02163,42.3558318,-71.1182559,True,ai,corroborated
HARVARD LAW SCHOOL,1545 MASSACHUSETTS AVE,CAMBRIDGE,MA,02138,42.3779559,-71.1185838,True,ai,corroborated
HARVARD UNIVERSITY,11 HARVARD YARD,CAMBRIDGE,MA,02138,42.3744495,-71.1182875,True,ai,grounded
HARVEST SOLUTIONS,,,,,,,True,,
HARVEY CAPITAL CORP,,,,,,,True,,
HARVEY SISKIND,4 EMBARCADERO CENTER STE 1400,SAN FRANCISCO,CA,94111,37.798359,-122.399201,True,ai,corroborated
HASBARA FELLOWSHIPS,PO BOX 470079,BROOKLINE,MA,02447,42.332918,-71.1187829,True,ai,uncorroborated
HASBRO,1027 NEWPORT AVE,PAWTUCKET,RI,02861,41.882975,-71.3543015,True,ai,uncorroborated
HASTEN CONSULTING LLC,,,,,,,True,,
HATCH,5 MILL & MAIN PL STE 300,BURLINGTON,MA,01803,42.503227,-71.201713,True,ai,uncorroborated
HATS TO HOSE,,,,,,,True,,
HAVAS,200 HUDSON ST,NEW YORK,NY,10013,40.7230116,-74.0078661,True,ai,corroborated
HAVENLY VENTURES,99 UNIVERSITY PL STE 204,NEW YORK,NY,10003,40.7337519,-73.9927786,True,ai,grounded
HAWK GROUP,,,,,,,True,,
HAWK HILL MANAGEMENT COMPANY LLC,1 MARITIME PLZ STE 1400,SAN FRANCISCO,CA,94111,37.7956203,-122.3992545,True,ai,grounded
HAWKE MEDIA,5401 WILSHIRE BLVD STE 240,LOS ANGELES,CA,90036,34.0625343,-118.346381,True,ai,corroborated
HAWKEYE AGENCY,,,,,,,True,,
HAWKEYE360,,,,,,,True,,
HAWKINS WAY CAPITAL,,,,,,,True,,
HAWKTOWER LLC,,,,,,,True,,
HAWTHORNE RADIOLOGY,1918 W BEVERLY BLVD,MONTEBELLO,CA,90640,34.0198926,-118.1194769,True,ai,grounded
HAYNESBOONE,2323 VICTORY AVE STE 700,DALLAS,TX,75219,32.7856958,-96.8103404,True,ai,corroborated
HB ASSOCIATES,,,,,,,True,,
HBC HOME SOLUTIONS TA KITHEN SAVER,,,,,,,True,,
HBK CAPITAL MANAGEMENT,2300 N FIELD ST STE 2200,DALLAS,TX,75201,32.788471,-96.806271,True,ai,grounded
HBO,30 HUDSON YARDS,NEW YORK,NY,10001,40.7539277,-74.0005544,True,ai,grounded
HC COMPANIES/UNITED CAPITAL MANAGEMENT,,,,,,,True,,
HCA,ONE PARK PLAZA 1 PARK PLAZA,NASHVILLE,TN,37203,36.149775,-86.789146,True,ai,grounded
HCA AVENTURA HOSPITAL,20900 BISCAYNE BLVD,AVENTURA,FL,33180,25.9699925,-80.1450406,True,ai,corroborated
HCA FLORIDA JFK NORTH MEDICAL CENTER,4700 N CONGRESS AVE,ATLANTIS,FL,33462,26.576183,-80.072313,True,ai,corroborated
HCC SERVICE COMPANY,1401 E 9TH ST,CLEVELAND,OH,44114,41.5032873,-81.6895796,True,ai,uncorroborated
HCHC,450 CAPITOL AVE,HARTFORD,CT,06106,41.7638661,-72.6904735,True,ai,uncorroborated
HCLA,,,,,,,True,,
HCMG,,,,,,,True,,
HCT HEALTHCARE TRANSFORMATION,875 N MICHIGAN AVE STE 3100,CHICAGO,IL,60611,41.898768343588,-87.624038249653,True,manual,verified
HD SUPPLY,3400 CUMBERLAND BLVD SE,ATLANTA,GA,30339,33.86757,-84.4646,True,ai,grounded
HDB,,,,,,,True,,
HDT GLOBAL,30500 AURORA RD STE 100,SOLON,OH,44139,41.3685318,-81.4097476,True,ai,grounded
HEADWAY,71 STEVENSON ST STE 1100,SAN FRANCISCO,CA,94105,37.7893587,-122.399697,True,ai,uncorroborated
HEALTH ADVOCATE,200 RIVER RIDGE DR,GRAPEVINE,TX,76051,32.942026,-97.07993,True,ai,uncorroborated
HEALTH ADVOCATES,21540 PLUMMER ST STE B,CHATSWORTH,CA,91311,34.2426252,-118.5986097,True,ai,grounded
HEALTH MANAGEMENT ASSOCIATES,901 E CARY ST STE 1000,RICHMOND,VA,23219,37.5366161,-77.4372639,True,ai,uncorroborated
HEALTH QUALITY MANAGEMENT,15760 VENTURA BLVD STE 920,ENCINO,CA,91436,34.1552716,-118.4762079,True,ai,grounded
HEALTH RESEARCH INC,100 COLLEGE ST,SYRACUSE,NY,13210,43.03142,-76.125816,True,ai,corroborated
HEALTH SOURCE DISTRIBUTORS,7200 RUTHERFORD RD STE 150,BALTIMORE,MD,21244,39.331020802598,-76.747339636775,True,ai,grounded
HEALTH SOURCE DISTRIBUTORS,781 FAR HILLS DR STE 700,NEW FREEDOM,PA,17349,39.77358464883,-76.664977006758,False,ai,grounded
HEALTHCARE REALTY DEVELOPMENT COMPANY,,,,,,,True,,
HEALTHCOR MANAGEMENT,152 W 57TH ST 43RD FLOOR,NEW YORK,NY,10019,40.7648665,-73.9796202,True,manual,verified
HEALTHFIRST,520 8TH AVE 10TH FLOOR,NEW YORK,NY,10018,40.7537655,-73.9920735,True,ai,grounded
HEALTHMARKETS,1 HEALTHMARKETS PLAZA STE 100,NASHVILLE,TN,37203,36.149775,-86.789146,True,ai,uncorroborated
HEALTHPEAK,4600 S SYRACUSE ST STE 500,DENVER,CO,80237,39.6292327,-104.8988136,True,ai,grounded
HEALTHSOUTH CORPORATION,4000 MERIDIAN BLVD,FRANKLIN,TN,37067,35.9516115,-86.8098977,True,ai,uncorroborated
HEALTHWORKS,,,,,,,True,,
HEART & VASCULAR CENTER OF ARIZONA,,,,,,,True,,
HEART GALLERY AL,,,,,,,True,,
HEARTLAND TURF,1399 N STATE RD 19,FRANKLIN,IN,46131,39.473489,-86.043592,True,ai,uncorroborated
HEARTLAND VENTURES,1819 PEACHTREE RD NE STE 300,ATLANTA,GA,30309,33.8048895,-84.3937967,True,ai,uncorroborated
HEATH CARE SERVICE,,,,,,,True,,
HEBERT SMITH FREEHILLS KRAMER,,,,,,,True,,
HEBREW ACADEMY OF NASSAU COUNTY,1651 WANTAGH AVE,WANTAGH,NY,11793,40.6814345,-73.5095205,True,ai,corroborated
HEBREW COLLEGE,160 HERRICK RD,NEWTON CENTER,MA,02459,42.325304,-71.1888012,True,ai,corroborated
HEBREW HOME,612 ALLERTON AVE,BRONX,NY,10467,40.8652892,-73.8700772,True,ai,uncorroborated
HEBREW INSTITUTE OF WHITE PLAINS,311 N ST,WHITE PLAINS,NY,10605,41.0262358,-73.7471953,True,ai,corroborated
HEDGEACT,,,,,,,True,,
HEDY TRAVEL,,,,,,,True,,
HEI HOTELS,1499 POST RD 2ND FLOOR,FAIRFIELD,CT,06824,41.141007457937,-73.258604756913,True,ai,grounded
HEICO CORPORATION,3000 CLEARWATER DR,HOLIDAY,FL,34691,28.192577,-82.770421,True,ai,corroborated
HEIDEMAN NUDELMAN & KALIK PC,1140 19TH ST NW STE 500,WASHINGTON,DC,20036,38.9049627,-77.0438808,True,ai,grounded
HEIDENBERG PROPERTIES,,,,,,,True,,
HEIGHTS ADVISORS,140 REMSEN ST 2ND FL,BROOKLYN,NY,11201,40.6937,-73.989859,True,ai,grounded
HEIGHTS TITLE LLC,,,,,,,True,,
HEIRLOOM SERVICES,,,,,,,True,,
HEKMAT LAW GROUP PC,225 E 1ST ST,TUSTIN,CA,92780,33.745578,-117.8218903,True,ai,corroborated
HELD PROPERTIES,,,,,,,True,,
HELIUM INVESTMENTS,100 PARK AVE,NEW YORK,NY,10017,40.7513385,-73.9790005,True,ai,uncorroborated
HELIX ELECTRIC,18301 VON KARMAN AVE STE 350,IRVINE,CA,92612,33.660018,-117.824428,True,ai,corroborated
HELLAS CONSTRUCTION INC,200 S ORANGE AVE STE 1220,ORLANDO,FL,32801,28.5400099,-81.3794971,True,ai,uncorroborated
HELLE,,,,,,,True,,
HELLER INDUSTRIES,4 VREELAND RD,FLORHAM PARK,NJ,07932,40.792503,-74.373917,True,ai,grounded
HELLMAN MANAGEMENT LLC,255 CALIFORNIA ST STE 400,SAN FRANCISCO,CA,94111,37.7929589,-122.3995978,True,ai,uncorroborated
HELLMUTH OBATA KASSABAUM,100 WASHINGTON AVE S STE 200,MINNEAPOLIS,MN,55401,44.9812202,-93.2657361,True,ai,uncorroborated
HELMOND CORP,,,,,,,True,,
HELP WITH AGING,,,,,,,True,,
HELZBERG FOUNDATION,PO BOX 219,KANSAS CITY,MO,64141,39.100105,-94.5781416,True,ai,corroborated
HEMWELL MF,,,,,,,True,,
"HENDRICK, PHILLIPS, SALZMAN & SIEGEL",1350 BROADWAY 17TH FLOOR,NEW YORK,NY,10018,40.7509424,-73.9873466,True,ai,uncorroborated
HENKEL,1875 S GRANT ST,SPRINGFIELD,MA,01118,42.094587,-72.525219,True,ai,uncorroborated
HENNEPIN FACULTY ASSOCIATES,701 PARK AVE,MINNEAPOLIS,MN,55415,44.971203,-93.2603581,True,ai,corroborated
HENRICO CARDIOLOGY ASSOCIATES,7601 SHRADER RD STE 300,HENRICO,VA,23228,37.623111,-77.5221904,True,ai,corroborated
HENRY ELLIOTT & CO,,,,,,,True,,
HENRY FORD HEALTH SYSTEM,1 FORD PL,DETROIT,MI,48202,42.3635796,-83.0749603,True,ai,corroborated
"HENRY I. SCHANZER, ESQ",,,,,,,True,,
HENRY SCHEIN INC,135 DURYEA RD,MELVILLE,NY,11747,40.767775,-73.417486,True,ai,corroborated
HENSCHEL-STEINAU INC,1400 S WHITE RIVER PKWY E DR,INDIANAPOLIS,IN,46225,39.7486643,-86.1718953,True,ai,uncorroborated
HERB SIMON ASSOCIATES,,,,,,,True,,
HERBALIFE,800 W OLYMPIC BLVD,LOS ANGELES,CA,90015,34.0446975,-118.2646054,True,ai,corroborated
HERBERT SMITH FREEHILLS KRAMER (US) LL,,,,,,,True,,
HERCULES,400 HAMILTON AVE STE 310,PALO ALTO,CA,94301,37.4465277,-122.1584661,True,manual,verified
HERCULES FENCE,8580 MISSION RD,JESSUP,MD,20794,39.1639077,-76.8092596,True,ai,grounded
HERCULES REAL ESTATE SERVICES INC,168 BUSINESS PARK DR STE 200,VIRGINIA BEACH,VA,23462,36.8445486,-76.1755069,True,manual,verified
HERITAGE PROPERTY MANAGEMENT,,,,,,,True,,
HERMAN CAPITAL CORPORATION,3539 DOUGLAS DR N,CRYSTAL,MN,55422,45.0209113,-93.3601722,True,ai,grounded
HERMAN CO,6 E 45TH ST 22ND FLOOR,NEW YORK,NY,10017,40.7549116,-73.9789109,True,ai,uncorroborated
HERO NORTH AMERICA,3000 OCEAN DR,DALLAS,TX,75226,32.783102,-96.776627,True,ai,uncorroborated
HERON CAPITAL,9245 N MERIDIAN ST STE 101,INDIANAPOLIS,IN,46260,39.9223389,-86.1573118,True,ai,grounded
HERON REAL ESTATE CORP,,,,,,,True,,
HERRICK FEINSTEIN LLP,2 PARK AVE,NEW YORK,NY,10016,40.7463564,-73.9825765,True,ai,corroborated
HERROD CONSTRUCTION,1095 CRANBURY SOUTH RIVER RD,JAMESBURG,NJ,08831,40.3851338,-74.4436967,True,ai,grounded
HERRUP SCHUMAN CPA,,,,,,,True,,
HERRUPCPA,,,,,,,True,,
HERST VENTURES INC,,,,,,,True,,
HERTOG FOUNDATION,399 PARK AVE 25TH FLOOR STE 2502,NEW YORK,NY,10022,40.7589833,-73.9714789,True,manual,verified
HERZL-NER TAMID CONSERVATIVE CONGREGATION,3700 W TOUHY AVE,SKOKIE,IL,60076,42.0122639,-87.721413,True,manual,verified
HERZOG LEADERSHIP CONSULTING,,,,,,,True,,
HESCHEL SCHOOL,57 E 94TH ST,NEW YORK,NY,10128,40.7861551,-73.9554368,True,ai,corroborated
HESHA ABRAMS MEDIATION LLC,,,,,,,True,,
HEWLETT,3000 HANOVER ST,PALO ALTO,CA,94304,37.4157358,-122.1464494,True,ai,corroborated
HEWLETT-PACKARD,3000 HANOVER ST,PALO ALTO,CA,94304,37.4157358,-122.1464494,True,ai,uncorroborated
HEXAGON HOSPITALITY,1301 DOVE ST STE 210,NEWPORT BEACH,CA,92660,33.6621366,-117.8666546,True,ai,uncorroborated
HEXAGON SECURITIES LLC,1201 N MARKET ST,WILMINGTON,DE,19801,39.747482,-75.546639,True,ai,uncorroborated
HEXPOL,,,,,,,True,,
HEYMAN,,,,,,,True,,
HEYMAN WEALTH MANAGEMENT LLC,16133 VENTURA BLVD #640,ENCINO,CA,91436,34.1567642,-118.4850325,True,ai,grounded
HFA,1900 DUKE ST,ALEXANDRIA,VA,22314,38.8048356,-77.0624946,True,ai,uncorroborated
HHCMG,1100 WALNUT ST,KANSAS CITY,MO,64106,39.1004423,-94.5824242,True,ai,uncorroborated
HI-TECH COMMUNICATIONS,1151-A GATEWAY BLVD,CONCORD,CA,94520,37.9714527,-122.0420598,True,ai,uncorroborated
HIDDEN HILLS FARM AND VINEYARD,,,,,,,True,,
HIDROCK PROPERTIES,667 MADISON AVE 5TH FLOOR,NEW YORK,NY,10065,40.7644866,-73.9703323,True,ai,corroborated
HIGH LIFE LLC,,,,,,,True,,
HIGH OPPORTUNITY NEIGHBORHOOD PARTNERS,400 W 15TH ST,AUSTIN,TX,78701,30.278329,-97.743273,True,ai,corroborated
HIGH PACIFIC CORP,1010 WILSHIRE BLVD,LOS ANGELES,CA,90017,34.0515084,-118.2617323,True,ai,corroborated
HIGH POINT GROCERY,110 E ENGLISH RD,HIGH POINT,NC,27260,35.9593183,-80.0067621,True,ai,uncorroborated
HIGH RISE FINANCIAL,,,,,,,True,,
HIGH STREET HOLDINGS,250 VESEY ST,NEW YORK,NY,10281,40.7144361,-74.0158043,True,ai,uncorroborated
HIGHCAPE CAPITAL,36 CHURCH LN,WESTPORT,CT,06880,41.142094,-73.3598505,True,ai,grounded
HIGHFIELDS CAPITAL,200 CLARENDON ST 59TH FLOOR,BOSTON,MA,02116,42.3491677,-71.075124,True,manual,verified
HIGHFLYER PAYROLL,8550 UNITED PLAZA BLVD STE 702,BATON ROUGE,LA,70809,30.4116587,-91.0969758,True,ai,corroborated
HIGHLAND BAKING COMPANY,2301 SHERMER RD,NORTHBROOK,IL,60062,42.1117464,-87.8294931,True,ai,grounded
HIGHLAND CAPITAL,100 CRESCENT CT,DALLAS,TX,75201,32.7939116,-96.8033152,True,ai,uncorroborated
HIGHLAND CAPITAL MANAGEMENT LLC,100 CRESCENT CT STE 700,DALLAS,TX,75201,32.7939116,-96.8033152,True,ai,uncorroborated
HIGHLANDER,,,,,,,True,,
HIGHMARK,120 FIFTH AVE PL 120 FIFTH AVE,PITTSBURGH,PA,15222,40.449644,-79.990714,True,ai,corroborated
HIGHSAGE VENTURES,200 CLARENDON ST,BOSTON,MA,02116,42.3491677,-71.075124,True,manual,verified
HIGHTECHLENDING,2030 MAIN ST,IRVINE,CA,92614,33.6831583,-117.8531863,True,ai,grounded
HIGHTOWER,200 W MADISON ST STE 2500,CHICAGO,IL,60606,41.8822821,-87.634359,True,ai,grounded
HIGHTOWER ADVISORS,333 W WACKER DR STE 1700,CHICAGO,IL,60606,41.886173,-87.6358607,True,ai,grounded
HIGHVIEW CAPITAL CORP,ONE BOSTON PL,BOSTON,MA,02108,42.3585284,-71.0583757,True,ai,uncorroborated
HIGHVISTA STRATEGIES,200 CLARENDON ST 50TH FLOOR,BOSTON,MA,02116,42.3491677,-71.075124,True,manual,verified
HIGHWAY TRANSPORT,,,,,,,True,,
HILB GROUP,4350 N FAIRFAX DR STE 100,ARLINGTON,VA,22203,38.873777,-77.116418,True,ai,uncorroborated
HILCO GLOBAL,5 REVERE DR STE 206,NORTHBROOK,IL,60062,42.151517666692,-87.805958995688,True,ai,grounded
HILCO GLOBAL,150 S WACKER DR STE 2400,CHICAGO,IL,60606,41.879971807862,-87.637046647092,False,ai,grounded
HILCO GLOBAL,330 N WABASH AVE FL 23,CHICAGO,IL,60611,41.888444993053,-87.627289918295,False,ai,grounded
HILCO GLOBAL,401 N MICHIGAN AVE,CHICAGO,IL,60611,41.889779200797,-87.623978543375,False,ai,grounded
HILCO REAL ESTATE,3100 W DR MARTIN LUTHER KING JR BLVD STE 200,CHICAGO,IL,60647,41.921042,-87.701971,True,ai,corroborated
HILL & MARKES LLC,100 SE 2ND ST STE 2900,MIAMI,FL,33131,25.7722518,-80.1914324,True,ai,uncorroborated
HILLCREST GARDEN,,,,,,,True,,
HILLCREST ROYALE,,,,,,,True,,
HILLDUN,85 BROAD ST 28TH FLOOR,NEW YORK,NY,10004,40.7039838,-74.0111188,True,ai,corroborated
HILLEL,800 EIGHTH ST NW,WASHINGTON,DC,20001,38.899867509311,-77.023020830962,True,ai,grounded
HILLEL ACADEMY,5068 N FLORIDA AVE,TAMPA,FL,33603,27.9919998,-82.459505,True,ai,uncorroborated
HILLEL ACADEMY OF DAYTON,55 EMERSON AVE,DAYTON,OH,45405,39.7797387,-84.2228947,True,ai,corroborated
HILLEL ACADEMY OF PITTSBURGH,5601 BARTLETT ST,PITTSBURGH,PA,15217,40.435881,-79.92689,True,ai,corroborated
HILLEL DAY SCHOOL,6180 EXECUTIVE BLVD,ROCKVILLE,MD,20852,39.051511,-77.123973,True,ai,uncorroborated
HILLEL INTERNATIONAL,800 EIGHTH ST NW,WASHINGTON,DC,20001,38.899867509311,-77.023020830962,True,ai,grounded
HILLEL TORAH,,,,,,,True,,
HILLMAN GROUP,500 E DIEHL RD STE 550,NAPERVILLE,IL,60563,41.8023918,-88.1382862,True,ai,uncorroborated
HILLS DEVELOPERS,4901 HUNT RD STE 300,BLUE ASH,OH,45242,39.22867714752,-84.376174890584,True,manual,verified
HILLS PROPERTIES,,,,,,,True,,
HILLSBOROUGH COUNTY,601 E KENNEDY BLVD 28TH FLOOR,TAMPA,FL,33602,27.9483131,-82.4548198,True,ai,corroborated
HILLSIDE HOSPITOL,,,,,,,True,,
HILLSON FINANCIAL MANAGEMENT INC,,,,,,,True,,
HILLSON GLOBAL STRATEGIES,1209 ORANGE ST,WILMINGTON,DE,19801,39.7485065,-75.5476836,True,ai,uncorroborated
HILLSPIRE,1010 ALMA ST,MENLO PARK,CA,94025,37.4545501,-122.1811108,True,ai,grounded
HILLWOOD,3000 TURTLE CREEK BLVD,DALLAS,TX,75219,32.804316194448,-96.804381163201,True,ai,grounded
HILLWOOD,3090 OLIVE ST STE 300,DALLAS,TX,75219,32.788944190916,-96.810850243226,False,ai,grounded
HILLWOOD,5430 LYNDON B JOHNSON FREEWAY,DALLAS,TX,75240,32.925409719419,-96.816937234373,False,ai,grounded
HILTON HOTELS CORPORATION,7930 JONES BRANCH DR,MCLEAN,VA,22102,38.9287768,-77.2156427,True,ai,uncorroborated
HILTY ELECTRICAL CONTRACTING,,,,,,,True,,
HILTYS ELECTRIC,,,,,,,True,,
HINCKLEY ALLEN,28 STATE ST,BOSTON,MA,02109,42.3593391,-71.0574507,True,ai,corroborated
HINSHAW & CULBERTSON LLP,151 N FRANKLIN ST STE 2500,CHICAGO,IL,60606,41.8847995,-87.6348936,True,ai,corroborated
HIP CONSULT,,,,,,,True,,
HIPPOGRAPHICS,,,,,,,True,,
HIRSCH INC,,,,,,,True,,
HIRSCH ROBERTS WEINSTEIN,ONE LIBERTY SQ 12TH FLOOR,BOSTON,MA,02109,42.3576477,-71.054885,True,ai,grounded
HIRSEKORN COACHING,,,,,,,True,,
HIRVEST,,,,,,,True,,
HIS JUVENILES,,,,,,,True,,
HISA,,,,,,,True,,
HISPANIC AMERICAN MARKETING INC,6125 E WHITTIER BLVD,LOS ANGELES,CA,90022,34.023728,-118.156275,True,ai,grounded
HITTER FAMILY LIMITED PARTNERSHIP,,,,,,,True,,
HK ENTERPRESES,,,,,,,True,,
HK ENTERPRISES INC,,,,,,,True,,
HK MANAGEMENT GROUP,,,,,,,True,,
HK ORGANIZATION,,,,,,,True,,
HLM CAPITAL MANAGEMENT GROUP,1849 GREEN BAY RD STE 200,HIGHLAND PARK,IL,60035,42.1856938,-87.8018909,True,ai,grounded
HLM CAPITAL MANAGEMENT GROUP,500 LAKE COOK RD STE 100,DEERFIELD,IL,60015,42.152818406941,-87.839094945642,False,ai,grounded
HMFP,,,,,,,True,,
HMH,222 BERKELEY ST,BOSTON,MA,02116,42.3514077,-71.0730278,True,ai,grounded
HMP GLOBAL,70 E SWEDESFORD RD STE 100,MALVERN,PA,19355,40.045497,-75.527903,True,manual,verified
HMS PARTNERS,7370 ANDORRA PL,BOCA RATON,FL,33433,26.347076,-80.159189,True,ai,grounded
HNB CAPITAL LLC,,,,,,,True,,
HOAG HOSPITAL,ONE HOAG DR,NEWPORT BEACH,CA,92663,33.6220799,-117.933265,True,ai,corroborated
HOCHBERG & HAMAR,,,,,,,True,,
HOCS,,,,,,,True,,
HODGES WARD ELLIOTT,3384 PEACHTREE RD NE 6TH FLOOR,ATLANTA,GA,30326,33.8497564,-84.3657077,True,ai,grounded
HOFKIN CAPITAL MANAGEMENT,,,,,,,True,,
HOFSTRA UNIVERSITY,1 HOFSTRA UNIVERSITY,HEMPSTEAD,NY,11549,40.7730672,-73.6110909,True,ai,corroborated
HOGAN INSURANCE,,,,,,,True,,
HOGAN LOVELLS,555 THIRTEENTH ST NW,WASHINGTON,DC,20004,38.89678714962,-77.029553412041,True,manual,verified
HOGAN LOVELLS CADWALADER,,,,,,,True,,
HOLD BROTHERS,,,,,,,True,,
HOLIDAY MEDICAL ASSOCIATES,,,,,,,True,,
HOLLAND & HART LLP,555 SEVENTEENTH ST STE 3200,DENVER,CO,80202,39.745186090629,-104.989637335801,True,ai,corroborated
HOLLAND & KNIGHT,100 N TAMPA ST STE 4100,TAMPA,FL,33602,27.9454769,-82.4582642,True,ai,grounded
HOLLINGSWORTH RICHARDS AUTOMOTIVE GROUP,,,,,,,True,,
HOLLISWOOD DEVELOPMENT / EDIFICE MANAGEMENT,2101 14TH ST NW,WASHINGTON,DC,20009,38.918235,-77.031846,True,ai,uncorroborated
HOLLOWAY BENEFIT CONCEPTS,,,,,,,True,,
HOLLYWOOD CHAMBER OF COMMERCE,7018 HOLLYWOOD BLVD,HOLLYWOOD,CA,90028,34.1013059,-118.3421855,True,ai,corroborated
HOLLYWOOD DISCOUNT PHARMACY,,,,,,,True,,
HOLOCAUST & HUMANITY CENTER,,,,,,,True,,
HOLOGIC INC,10210 GENETIC CENTER DR,MARLBOROUGH,MA,01752,42.349617,-71.547214,True,ai,corroborated
"HOLTZ, SLAVETT &N DRABKIN",,,,,,,True,,
HOLY CROSS HEALTH,4725 N FEDERAL HWY,FORT LAUDERDALE,FL,33308,26.1857317,-80.1170585,True,ai,grounded
HOME AUTOMATION,,,,,,,True,,
HOME EXPRESSIONS INC,195 RARITAN CENTER PKWY,EDISON,NJ,08837,40.514297,-74.339921,True,ai,grounded
HOME LOANS SPECIALISTS,,,,,,,True,,
HOME WARRANTY OF AMERICA,,,,,,,True,,
HOMEBASE,,,,,,,True,,
HOMESMART REAL ESTATE,1919 S BASCOM AVE STE 1150,CAMPBELL,CA,95008,37.2882584,-121.9356933,True,ai,uncorroborated
HOMESOLO.AI,548 MARKET ST,SAN FRANCISCO,CA,94104,37.7899932,-122.4008494,True,ai,uncorroborated
HOMEWOOD REALTY,1121 E PHILADELPHIA ST,ONTARIO,CA,91761,34.0340241,-117.6323026,True,ai,grounded
HOMEWORKS!,,,,,,,True,,
HOMEX,,,,,,,True,,
HONDA OF WESTPORT,1173 KINGS HWY N,WESTPORT,CT,06880,41.1405674,-73.3692642,True,ai,corroborated
HONEY CAN DO INTERNATIONAL,,,,,,,True,,
HONEYWELL INTERNATIONAL INC,855 S MINT ST,CHARLOTTE,NC,28202,35.2241736,-80.8524978,True,manual,verified
HONEYWELL TECHNOLOGIES,,,,,,,True,,
HONIGMAN,660 WOODWARD AVE STE 2290,DETROIT,MI,48226,42.3308998,-83.0448095,True,manual,verified
HONIGMAN MILLER SCHWARTZ AND COHN,600 E LAFAYETTE BLVD STE 200,DETROIT,MI,48226,42.331815,-83.050354,True,ai,corroborated
HONOR HEALTH NETWORK,14201 W BELL RD,SURPRISE,AZ,85374,33.638493,-112.368239,True,ai,uncorroborated
HOPALONG ANIMAL RESCUE,,OAKLAND,CA,94612,,,True,manual,verified
HOPEWELL VALLEY SCHOOL SYSTEM,425 ROUTE 31 N,PENNINGTON,NJ,08534,40.329422,-74.792789,True,ai,corroborated
HOPKINS & CARLEY,480 S ELLSWORTH AVE STE 120,SAN MATEO,CA,94401,37.5635961,-122.321929,True,ai,corroborated
HORIZON BCBSNJ,,,,,,,True,,
HORIZON FAMILY MEDICAL GROUP,2060 N VERDUGO RD,GLENDALE,CA,91208,34.1781669,-118.2254666,True,ai,uncorroborated
HORIZON REALTY GROUP,,,,,,,True,,
HORN EICHENWALD INVEST CORP,,,,,,,True,,
HORNROCK PROPERTIES,,,,,,,True,,
HORNSTEIN LAW OFFICES,100 WILSHIRE BLVD STE 700,SANTA MONICA,CA,90401,34.0167162,-118.500626,True,ai,corroborated
HOROWITZ & RUBENSTEIN LLC,100 GARDEN CITY PLAZA STE 505,GARDEN CITY,NY,11530,40.757349,-73.6552569,True,ai,corroborated
HOSPITAL FOR SPECIAL SURGERY,535 E 70TH ST,NEW YORK,NY,10021,40.765164,-73.9526899,True,ai,grounded
HOTEL CO,,,,,,,True,,
HOTEL TECH REPORT,6001 SHELLMOUND ST STE 300,EMERYVILLE,CA,94608,37.8421064,-122.2939383,True,ai,corroborated
HOTELS UNLIMITED INC,2100 E ATLANTIC BLVD STE 201,POMPANO BEACH,FL,33062,26.231616,-80.102603,True,ai,uncorroborated
HOTWIRE COMMUNICATIONS,8000 S CHESTER ST STE 300,ENGLEWOOD,CO,80112,39.573236,-104.86489,True,ai,uncorroborated
HOULIHAN LOKEY,10250 CONSTELLATION BLVD 5TH FL,LOS ANGELES,CA,90067,34.05705559232,-118.418131970681,True,ai,grounded
HOULIHAN LOKEY,245 PARK AVE 20TH FL,NEW YORK,NY,10167,40.754795526169,-73.975633933094,False,ai,grounded
HOUSE JUDICIARY COMMITTEE,2138 RAYBURN HOUSE OFFICE BUILDING,WASHINGTON,DC,20515,38.886816,-77.009012,True,ai,corroborated
HOUSE OF WINSTON FUNERAL SERVICES,1219 W 54TH ST,LOS ANGELES,CA,90037,33.9933035,-118.2963652,True,ai,corroborated
HOUSE-WIFE,,,,,,,True,,
HOUSTON METHODIST HOSPITAL,6565 FANNIN ST,HOUSTON,TX,77030,29.711315698992,-95.399531953811,True,ai,grounded
HOUSTON METHODIST HOSPITAL,4191 BELLAIRE BLVD STE 250,HOUSTON,TX,77025,29.705877969826,-95.443839957807,False,ai,grounded
HOUSTON METHODIST HOSPITAL,6445 MAIN ST,HOUSTON,TX,77030,29.712964983162,-95.399643162401,False,ai,grounded
HOUWZER,10559 METROPOLITAN AVE,FOREST HILLS,NY,11375,40.7092721,-73.8434259,True,ai,uncorroborated
HOWARD AND HOWARD ATTORNEYS PLLC,450 W FOURTH ST,ROYAL OAK,MI,48067,42.487230732494,-83.148437897299,True,ai,corroborated
HOWARD COMMUNITY COLLEGE,10901 LITTLE PATUXENT PKWY,COLUMBIA,MD,21044,39.2137888,-76.8805587,True,ai,corroborated
HOWARD HANNA,200 PARK AVE STE 100,GLENWILLOW,OH,44139,41.383262,-81.444249,True,ai,corroborated
HOWARD M. ROSENBLATT PA,2400 E COMMERCIAL BLVD STE 300,FORT LAUDERDALE,FL,33308,26.188942,-80.1146812,True,ai,corroborated
HOWARD O. BERNSTEIN PC,1111 PEARL ST STE 203,BOULDER,CO,80302,40.0178178,-105.2809766,True,manual,verified
HOWARD PROPERTIES,355 HAYES ST,SAN FRANCISCO,CA,94102,37.7766999,-122.4222178,True,manual,verified
HOWARD REAL ESTATE,,,,,,,True,,
HOWARD TANNEY ASSOCIATES,,,,,,,True,,
HOWBARB GRAPHICS INC,,,,,,,True,,
HOWREY SIMON ARNOLD WHITE,1299 PENNSYLVANIA AVE NW,WASHINGTON,DC,20004,38.896492,-77.028214,True,ai,uncorroborated
HP MANAGEMENT INC,,,,,,,True,,
HP SCHOOL DISTRICT,,,,,,,True,,
HPE,1701 E MOSSY OAKS RD,SPRING,TX,77389,30.0927438,-95.4546079,True,ai,grounded
HPR,,,,,,,True,,
HPS,,,,,,,True,,
HPS INVESTMENT PARTNERS,111 S WACKER DR STE 4600,CHICAGO,IL,60606,41.8801946,-87.6363161,True,ai,uncorroborated
HR SIGNAL,,,,,,,True,,
HRA-DSS,,,,,,,True,,
HRC-FERTILITY,55 S LAKE AVE 9TH FLOOR,PASADENA,CA,91101,34.145142,-118.13258,True,ai,grounded
HRHMG,,,,,,,True,,
HRM RESOURCES IV LLC,,,,,,,True,,
HSD HOLDINGS,,,,,,,True,,
HSE,,,,,,,True,,
HSK CONSULTING LLC,6525 KENHILL RD,BETHESDA,MD,20817,38.976135,-77.121332,True,manual,uncorroborated
HSP GROUP,,,,,,,True,,
HSS,177 HUNTINGTON AVE,BOSTON,MA,02115,42.3446751,-71.0823482,True,ai,uncorroborated
HTG,,,,,,,True,,
HTL,,,,,,,True,,
HUB INTERNATIONAL,200 LIBERTY ST 18TH FLOOR,NEW YORK,NY,10281,40.7106407,-74.0155561,True,ai,corroborated
HUB PHARMACEUTICALS,75 BROAD ST,BOSTON,MA,02110,42.3576267,-71.0536677,True,ai,uncorroborated
HUB REALTY,,,,,,,True,,
HUDSON ADVISORS,WELLS FARGO TOWER 301 COMMERCE ST STE 3300,DALLAS,TX,75202,32.778463,-96.803734,True,ai,grounded
HUDSON BAY CAPITAL,277 PARK AVE 17TH FLOOR,NEW YORK,NY,10172,40.755263,-73.9742085,True,ai,corroborated
HUDSON BAY CAPITAL MANAGEMENT,,,,,,,True,,
HUDSON DELIVERY INC,,,,,,,True,,
HUDSON PARTNERS,1000 HOLT AVE STE 200,TUSTIN,CA,92780,33.7484936,-117.8143003,True,ai,uncorroborated
HUDSON VALLEY LIGHTING,,,,,,,True,,
HUDSON VENTURES,,,,,,,True,,
HUESTON HENNIGAN,620 NEWPORT CENTER DR STE 1300,NEWPORT BEACH,CA,92660,33.634626,-117.874882,True,ai,corroborated
HUEY AND WEPRIN OBGYN,20 W WENGER RD STE 2,ENGLEWOOD,OH,45322,39.8621308,-84.2855006,True,ai,grounded
HUGHES & SCALISE PC,600 LUCKIE DR STE 405,BIRMINGHAM,AL,35223,33.488141,-86.734834,True,ai,grounded
HUMAN VENTURES,46 W 20TH ST 11TH FLOOR,NEW YORK,NY,10011,40.7402284,-73.9924857,True,ai,corroborated
HUMANA,500 W MAIN ST,LOUISVILLE,KY,40202,38.2566397,-85.7583684,True,ai,uncorroborated
HUMANITY UNITED,39 W 19TH ST,NEW YORK,NY,10011,40.7401528,-73.9933727,True,ai,uncorroborated
HUMBLE CREW,,,,,,,True,,
HUMC,ONE BAYONNE MEDICAL CENTER PLAZA,BAYONNE,NJ,07002,40.662495,-74.110201,True,ai,corroborated
HUMMINGBIRD HEALTHCARE,,,,,,,True,,
HUNTER HOTELS,363 LEXINGTON AVE,NEW YORK,NY,10016,40.7504037,-73.9766823,True,ai,corroborated
HUNTER POINT CAPITAL,1280 6TH AVE 7TH FLOOR,NEW YORK,NY,10019,40.760593,-73.979798,True,ai,corroborated
HUNTERPOINT LLC,,,,,,,True,,
HUPPINS,229 N ELLA RD,SPOKANE VALLEY,WA,99212,47.659564114343,-117.299087037054,True,ai,grounded
HUPPINS,12410 E MIRABEAU PKWY STE 100,SPOKANE VALLEY,WA,99216,47.6855235,-117.2380738,False,ai,grounded
HUPPINS,8016 N DIVISION ST,SPOKANE,WA,99208,47.731160691679,-117.411138374232,False,ai,grounded
HUSCH & EPPENBERGER,190 CARONDELET PLAZA STE 600,SAINT LOUIS,MO,63105,38.6484031,-90.3324557,True,ai,corroborated
HUSCH BLACKWELL,190 CARONDELET PLAZA STE 600,SAINT LOUIS,MO,63105,38.6484031,-90.3324557,True,ai,corroborated
HUTT LAW PC,305 BROADWAY 7TH FLOOR,NEW YORK,NY,10007,40.7154521,-74.005425,True,ai,grounded
HUYABIO INTERNATIONAL,,,,,,,True,,
HVDDSO,,,,,,,True,,
HY-VEE INC,5820 WESTOWN PKWY,WEST DES MOINES,IA,50266,41.5936976,-93.7882495,True,ai,uncorroborated
HYATT AND WEBER,200 WESTGATE CIR STE 500,ANNAPOLIS,MD,21401,38.9759679,-76.5057964,True,ai,corroborated
HYDE PARK,,,,,,,True,,
HYLVER,,,,,,,True,,
HYMANHEALTH,7125 MAIN ST,ROCKFORD,IL,61107,42.2450301,-89.1083964,True,ai,uncorroborated
HYPERION GROUP,,,,,,,True,,
HYUNDAI US NATIONAL HEADQUARTERS,10550 TALBERT AVE,FOUNTAIN VALLEY,CA,92708,33.7004633,-117.9418418,True,ai,corroborated
I & A HOLDINGS,,,,,,,True,,
I & MJ GROSS CO,14300 RIDGE RD STE 100,NORTH ROYALTON,OH,44133,41.3118256,-81.7347288,True,manual,verified
I HEART EBITDA,,,,,,,True,,
I SCHOTTENSTEIN COMPANY,,,,,,,True,,
I.M.S. REAL ESTATE,,,,,,,True,,
IAT INCORPORATED,31 COLUMBIA ALISO VIEJO STE 200,ALISO VIEJO,CA,92656,33.5873702,-117.726897,True,ai,uncorroborated
IAT INTERNATIONAL INC,5901 N CENTRAL EXPY STE 1000,DALLAS,TX,75206,32.8381592,-96.7770346,True,ai,uncorroborated
IBALLROOM DANCER INC,,,,,,,True,,
IBB,,,,,,,True,,
IBEX MEDICAL ANALYTICS (ISRAEL),5 WALNUT ST,NEWTON,MA,02460,42.3588327,-71.2120967,True,ai,grounded
IBG HOLDINGS,ONE PICKWICK PLAZA,GREENWICH,CT,06830,41.037603,-73.624339,True,ai,grounded
IBIS DEVELOPMENT GROUP,,,,,,,True,,
IBJ,535 W NEW YORK ST,INDIANAPOLIS,IN,46202,39.7714445,-86.1675792,True,ai,corroborated
IBM CORP,1 NEW ORCHARD RD,ARMONK,NY,10504,41.1134016,-73.720356,True,ai,corroborated
IBT GROUP,,,,,,,True,,
IBYND,,,,,,,True,,
IC CONSTRUCTION,488 CUMBERLAND ST,ENGLEWOOD,NJ,07631,40.8720689,-73.9706729,True,ai,grounded
ICAHN SCHOOL OF MEDICINE,445 E 69TH ST BOX 119,NEW YORK,NY,10021,40.76964,-73.959018,True,ai,corroborated
ICAREFORWARD,,,,,,,True,,
ICC,,,,,,,True,,
ICDYNAMICS,,,,,,,True,,
ICE-QUBE PREPAREDNESS SOLUTIONS,,OLD WESTBURY,NY,,,,True,manual,verified
ICECAP GROUP,,,,,,,True,,
ICERTIS,1515 5TH ST STE 700,BURLINGAME,CA,94010,37.571918,-122.375028,True,ai,corroborated
ICG ADVISORS,11111 SANTA MONICA BLVD STE 2100,LOS ANGELES,CA,90025,34.0479583,-118.4450127,True,ai,grounded
ICIC,727 ATLANTIC AVE STE 600,BOSTON,MA,02111,42.3506754,-71.056699,True,ai,grounded
ICM PROPERTIES INC,,,,,,,True,,
ICON DERMATOLOGY AND AESTHETICS,1301 RIVERPLACE BLVD STE 800,JACKSONVILLE,FL,32207,30.31862,-81.657085,True,ai,uncorroborated
ICONIC EVENTS GROUP,,,,,,,True,,
ICONIX,400 PLAZA DR,SECAUCUS,NJ,07094,40.7871557,-74.0430535,True,ai,uncorroborated
ICOS INC,10425 SCIENCE CENTER DR,SAN DIEGO,CA,92121,32.8924649,-117.2308283,True,ai,uncorroborated
ICP ANALYTICS,,,,,,,True,,
ICSD,,,,,,,True,,
ID CARE,2105 S BASCOM AVE STE 200,CAMPBELL,CA,95008,37.28502,-121.931844,True,ai,uncorroborated
ID.ME,2001 PENNSYLVANIA AVE NW STE 800,WASHINGTON,DC,20006,38.9014766,-77.0451537,True,ai,uncorroborated
IDA CROWN JEWISH ACADEMY,10615 LITTLE PATUXENT PKWY,COLUMBIA,MD,21044,39.2136056,-76.8706274,True,ai,uncorroborated
IDA VENTURES,,,,,,,True,,
IDAHO FREEZ PAK CORP,1 ETHEL BLVD,WOOD RIDGE,NJ,07075,40.841203,-74.080421,True,manual,verified
IDB BANK,100 WILLIAM ST 17TH FLOOR,NEW YORK,NY,10038,40.7083413,-74.007174,True,ai,uncorroborated
IDC WEST,,,,,,,True,,
IDEA COMPANY,,,,,,,True,,
IDEAL FASTENER,10800 BISCAYNE BLVD STE 810,MIAMI,FL,33161,25.8752091,-80.1707645,True,manual,verified
IDEAL PRECISION INSTRUMENT SERVICE INC,,,,,,,True,,
IDEKO LLC,,,,,,,True,,
IDHANDSHAKE,,,,,,,True,,
IDT,550 BROAD HOLLOW RD,MELVILLE,NY,11747,40.783762,-73.409295,True,ai,corroborated
IDT CORPORATION/FOUNDATION,520 BROAD ST,NEWARK,NJ,07102,40.743817824488,-74.169563392724,True,ai,grounded
IDT TELECOM,520 BROAD ST,NEWARK,NJ,07102,40.743817824488,-74.169563392724,True,ai,grounded
IDT TELECOM,125 BELMONT AVE,SOMERSET,NJ,08873,40.540835531441,-74.538133535005,False,ai,grounded
IDT TELECOM,165 HALSEY ST 5TH FLOOR,NEWARK,NJ,07102,40.736834246626,-74.173357610718,False,ai,grounded
IDW,2765 TRUXTUN RD,SAN DIEGO,CA,92106,32.740278,-117.2130687,True,ai,grounded
IEF,,,,,,,True,,
IF MANAGEMENT,,,,,,,True,,
IFC CO,2121 K ST NW,WASHINGTON,DC,20037,38.9028277,-77.0472075,True,ai,grounded
IFG,,,,,,,True,,
IFRAH PLLC,1717 K ST NW STE 900,WASHINGTON,DC,20006,38.9029,-77.0405585,True,ai,uncorroborated
IFTACH GROUP,,,,,,,True,,
IGN,2231 S BARRINGTON AVE,LOS ANGELES,CA,90064,34.0338036,-118.447604,True,ai,grounded
IGO,,,,,,,True,,
IHEARTMEDIA,32 AVE OF THE AMERICAS,NEW YORK,NY,10013,40.719928,-74.0044583,True,ai,uncorroborated
IHI EANDC,,,,,,,True,,
IHSS,,,,,,,True,,
IHT WEALTH MANAGEMENT,,,,,,,True,,
IIS,1201 N MARKET ST,WILMINGTON,DE,19801,39.74748,-75.546641,True,ai,uncorroborated
IKC,,,,,,,True,,
IKO INDUSTRIES,6 DENNY RD STE 200,WILMINGTON,DE,19809,39.756674,-75.501035,True,ai,grounded
ILLI,,,,,,,True,,
ILLINOIS BONE AND JOINT INSTITUTE,1 OAKBROOK TER PLAZA STE 510,OAKBROOK TERRACE,IL,60181,41.8479427,-87.9584352,True,ai,corroborated
ILLINOIS GASTRO GROUP,1525 LAKE COOK RD STE 120,DEERFIELD,IL,60015,42.1516637,-87.8662243,True,ai,corroborated
IMA,314 W SUPERIOR ST,CHICAGO,IL,60654,41.8958395,-87.6365913,True,ai,uncorroborated
IMA ADVISORY SERVICES,200 S MICHIGAN AVE STE 2030,CHICAGO,IL,60604,41.8793153,-87.6249281,True,ai,uncorroborated
IMA FINANCIAL GROUP,8200 E 32ND ST N,WICHITA,KS,67226,37.7424229,-97.2432245,True,ai,grounded
IMADI,,,,,,,True,,
IMAGE INSIGHT INC,,,,,,,True,,
IMAGE TRUCK PARTNERS,,,,,,,True,,
IMAGINE CAPITAL,ONE CALIFORNIA ST 28TH FLOOR,SAN FRANCISCO,CA,94111,37.7931799,-122.3971689,True,ai,grounded
IMAGINERX INC,1000 SW BROADWAY STE 1900,PORTLAND,OR,97205,45.5169332,-122.6805734,True,ai,uncorroborated
IMAX DIRECT,,,,,,,True,,
IMBIBE,7350 N CRONAME RD,NILES,IL,60714,42.0155498,-87.7857868,True,ai,grounded
IMC TRADING,,,,,,,True,,
IMCD,3000 MARCUS AVE STE 3W3,LAKE SUCCESS,NY,11042,40.7588434,-73.6956206,True,ai,uncorroborated
IMD,,,,,,,True,,
IMEX,,,,,,,True,,
IMK FAMILY INVESTMENTS,,,,,,,True,,
IMMIGRATION LAW,,,,,,,True,,
IMMPACT BIO,1 KENDALL SQ BLDG 1405,CAMBRIDGE,MA,02139,42.362391,-71.102336,True,ai,uncorroborated
IMMUNAI,245 5TH AVE 6TH FLOOR,NEW YORK,NY,10016,40.7444471,-73.9872102,True,ai,uncorroborated
IMMUNIS.AI,582 NW VAN BUREN AVE,CORVALLIS,OR,97330,44.5667318,-123.2629266,True,manual,verified
IMOWITZ KOENIG,,,,,,,True,,
IMPACT ADVISORS,1750 LAKE COOK RD STE 190,BUFFALO GROVE,IL,60089,42.1528782,-87.9628741,True,ai,uncorroborated
IMPACT RESOURCES,219 N MAIN ST,KELLER,TX,76248,32.9363258,-97.253648,True,ai,uncorroborated
IMPACT SERVICES LLC,,,,,,,True,,
IMPACT STRATEGIES INC,,,,,,,True,,
IMPALA ASSET MANAGEMENT,400 ATLANTIC AVE 5TH FLOOR,BOSTON,MA,02110,42.3556115,-71.0504489,True,ai,uncorroborated
IMPAQ INTERNATIONAL,1901 PENNSYLVANIA AVE NW STE 600,WASHINGTON,DC,20006,38.9005705,-77.0438659,True,ai,uncorroborated
IMPCO,5757 FARINON DR,SAN ANTONIO,TX,78249,29.5603923,-98.5953094,True,ai,grounded
IMPERIAL DADE,120 FIELDCREST AVE,EDISON,NJ,08837,40.5172875,-74.3434276,True,ai,grounded
IMPERIAL GROUP,1700 W FULTON ST,CHICAGO,IL,60612,41.886948000269,-87.669545589965,True,ai,grounded
IMPERIAL RECYCLING,,,,,,,True,,
IMPERIUM CAPITAL LLC,280 PARK AVE,NEW YORK,NY,10017,40.7564853,-73.975049,True,ai,corroborated
IMPOSSIBLE METALS,,,,,,,True,,
IMPRINT CONSULTING INC,500 W MADISON ST STE 3500,CHICAGO,IL,60661,41.8825674,-87.6404921,True,ai,uncorroborated
IMPROBABLE MEDIA,,,,,,,True,,
IN-DEPTH ENGINEERING,,,,,,,True,,
IN-REL PROPERTIES,,,,,,,True,,
INCEPTIV,3975 LANDMARK ST STE 1400,CULVER CITY,CA,90232,34.0266389,-118.3860624,True,ai,grounded
INCLUSION STRATEGIES,,,,,,,True,,
INCOMNET,,,,,,,True,,
INCYTE,1801 AUGUSTINE CUT OFF,WILMINGTON,DE,19803,39.799872,-75.542232,True,ai,grounded
INDEED,6433 CHAMPION GRANDVIEW WAY,AUSTIN,TX,78750,30.3629006,-97.7938235,True,ai,corroborated
INDEPENDENCE HEALTH,532 W PITTSBURGH ST,GREENSBURG,PA,15601,40.3008873,-79.554916,True,ai,grounded
INDEPENDENT CHEMICAL CORP,79-51 COOPER AVE,GLENDALE,NY,11385,40.6984641,-73.889727,True,ai,grounded
INDEPENDENT MAGAZINE,80 BROAD ST,NEW YORK,NY,10004,40.7043518,-74.0118701,True,ai,uncorroborated
INDEX EXCHANGE,501 CONGRESS AVE,AUSTIN,TX,78701,30.2672856,-97.742629,True,ai,uncorroborated
INDIAN SPRINGS SCHOOL,190 WOODWARD DR,INDIAN SPRINGS VILLAGE,AL,35124,33.3390551,-86.7708365,True,ai,corroborated
INDIANA HEART PHYSICIANS,5030 E 65TH ST,INDIANAPOLIS,IN,46220,39.8760015,-86.0869224,True,ai,corroborated
INDIGO CAPITAL LLC,950 THIRD AVE 28TH FLOOR,NEW YORK,NY,10022,40.760231166369,-73.96763630302,True,ai,grounded
INDIVIDUAL FOOD SERVICE,,,,,,,True,,
INDOOR SWAP,,HIDDEN HILLS,CA,91302,,,True,manual,verified
INDUS GROWTH PARTNERS,601 LEXINGTON AVE 37TH FLOOR,NEW YORK,NY,10022,40.7587794,-73.9704834,True,ai,uncorroborated
INDUSTRIAL METALS RECYCLING CORPORATION,955 BRANDT DR,ELGIN,IL,60120,42.0688648,-88.2575468,True,manual,verified
INDUSTRIES OF THE BLIND,1900 N 25TH AVE,BALTIMORE,MD,21213,39.315031,-76.577429,True,ai,uncorroborated
INDUSTRY,,,,,,,True,,
INDY HOME,,,,,,,True,,
INDY PASS HOLDINGS,100 N E ST STE 203,SALT LAKE CITY,UT,84111,40.771824,-111.877454,True,ai,uncorroborated
INFINITE CHOICE,,,,,,,True,,
INFINITE GAMES,1380 S AMBASSADOR WAY,SALT LAKE CITY,UT,84108,40.7404866,-111.8136084,True,ai,grounded
INFINITY INVESTMENTS,,,,,,,True,,
INFINITY REAL ESTATE,,,,,,,True,,
INFINITY TRANSPORTATION,,,,,,,True,,
INFLATION SYSTEMS INC,,,,,,,True,,
INFOR,6400 LEGACY DR STE 700,PLANO,TX,75024,33.078289,-96.833841,True,ai,uncorroborated
INFORMA,225 LIBERTY ST,NEW YORK,NY,10281,40.712272,-74.0154361,True,ai,grounded
INFOSEC LABS,525 WASHINGTON BLVD,JERSEY CITY,NJ,07310,40.7271856,-74.0351633,True,ai,uncorroborated
INFOSYS,6100 TENNYSON PKWY STE 200,PLANO,TX,75024,33.071914,-96.828667,True,ai,uncorroborated
INGALLS,,,,,,,True,,
INGENUS PHARMACEUTICALS,4901 VINELAND RD STE 260,ORLANDO,FL,32811,28.488324,-81.440648,True,ai,grounded
INGRAM MICRO,1600 E ST ANDREW PL,SANTA ANA,CA,92705,33.7219965,-117.8480514,True,ai,corroborated
INITIATIVE FOR A COMPETITIVE INNER CITY,1 BEACON ST,BOSTON,MA,02108,42.3579152,-71.0620806,True,manual,verified
INIZIO,,SUMMIT,NJ,07901,,,True,manual,verified
INLAND PRINTING COMPANY,1500 E 2ND ST,POMONA,CA,91766,34.0579464,-117.7452112,True,ai,uncorroborated
INNA TOPILER MOONEY,,,,,,,True,,
INNER CIRCLE SPORTS,441 LEXINGTON AVE 17TH FLOOR,NEW YORK,NY,10017,40.7527697,-73.9749098,True,ai,grounded
INNISFREE M&A INC,245 PARK AVE,NEW YORK,NY,10167,40.7546124,-73.9746719,True,ai,corroborated
INNOVATION DEFENSE STRATEGIES,1500 K ST NW,WASHINGTON,DC,20005,38.9021272,-77.035037,True,ai,uncorroborated
INNOVATION LINE,11869 TEALE ST #69,CULVER CITY,CA,90230,33.984728082541,-118.402176880682,True,manual,verified
INNOVATION PHARMACEUTICALS,,,,,,,True,,
INNOVATIONS IN EDUCATION LLC,10400 HARDWOOD CT,WOODSTOCK,MD,21163,39.3090752,-76.8724677,True,manual,verified
INNOVATIVE HEALTH,ONE ELMCROFT BLVD,MANSFIELD,MA,02048,42.017302,-71.21642,True,ai,uncorroborated
INNOVATIVE RADIOLOGY,106 S WASHINGTON ST,FALLS CHURCH,VA,22046,38.8821546,-77.1714079,True,ai,uncorroborated
INOAPPS,5177 RICHMOND AVE STE 200,HOUSTON,TX,77056,29.7311792,-95.4660149,True,ai,grounded
INOVA,8110 GATEHOUSE RD,FALLS CHURCH,VA,22042,38.865143,-77.193913,True,ai,grounded
INSCRIBE,1325 N HIGHLAND AVE STE 200,LOS ANGELES,CA,90028,34.0948769,-118.3387247,True,ai,uncorroborated
INSERRA SUPERMARKETS INC,5 COMMERCE DR,CRANFORD,NJ,07016,40.648539,-74.284677,True,ai,corroborated
INSIDEBOARD USA,,,,,,,True,,
INSIGHT GLOBAL,1224 HAMMOND DR STE 1500,ATLANTA,GA,30346,33.924277,-84.338809,True,ai,grounded
INSIGHT SPORTS ADVISORS,,,,,,,True,,
INSIGHT VENTURE PARTNERS,1114 AVE OF THE AMERICAS 36TH FLOOR,NEW YORK,NY,10036,40.7546914,-73.9826746,True,manual,verified
INSPEECH,2000 SIERRA POINT PKWY STE 100,BRISBANE,CA,94005,37.673872,-122.383666,True,ai,corroborated
INSPERITY,19001 CRESCENT SPRINGS DR,KINGWOOD,TX,77339,30.046777,-95.221022,True,ai,corroborated
INST FOR FAMILY INTER,,,,,,,True,,
INSTITUTE FOR DEFENSE ANALYSES,4850 MARK CENTER DR STE 600,ALEXANDRIA,VA,22311,38.8299343,-77.1191301,True,ai,uncorroborated
INSTITUTE FOR SCIENTIFIC ANALYSIS,,,,,,,True,,
INSTYMEDS,110 E 59TH ST 28TH FLOOR,NEW YORK,NY,10022,40.7622471,-73.9694737,True,ai,uncorroborated
INSUR,,,,,,,True,,
INTANDEM CAPITAL PARTNERS,ONE VANDERBILT AVE STE 2400,NEW YORK,NY,10017,40.754662,-73.9767507,True,manual,verified
INTEGRA BEAUTY,7711 CENTER AVE STE 500,HUNTINGTON BEACH,CA,92647,33.7338064,-117.999928,True,ai,corroborated
INTEGRA LIFESCIENCES HOLDINGS CORPORAT,311 ENTERPRISE DR,PLAINSBORO,NJ,08536,40.3282654,-74.583342,True,ai,uncorroborated
INTEGRATED MANAGEMENT SOLUTIONS,,,,,,,True,,
INTEGRATED NEUROLOGY SERVICES,,,,,,,True,,
INTEGRATED PHYSICAL THERAPY,,,,,,,True,,
INTEGRATED SPECIALTY COVERAGES,1811 ASTON AVE STE 200,CARLSBAD,CA,92008,33.1321332,-117.2905622,True,manual,verified
INTEGRATED TREATMENT SERVICES,,,,,,,True,,
INTEL CORPORATION,2200 MISSION COLLEGE BLVD,SANTA CLARA,CA,95054,37.387829,-121.9633667,True,ai,corroborated
INTELISENT LLC,597 N MOUNTAIN RD,NEWINGTON,CT,06111,41.7188619,-72.7173108,True,manual,verified
INTELLISENSE SYSTEMS,,,,,,,True,,
INTENTRIO,,,,,,,True,,
INTERCLAIM,,,,,,,True,,
INTERCONNECTED JUSTICE,,,,,,,True,,
INTERDESIGN,30725 SOLON INDUSTRIAL PKWY,SOLON,OH,44139,41.3730998,-81.4655158,True,ai,grounded
INTERET CORPORATION,,,,,,,True,,
INTERFAITH MINISTRIES FOR GREATER HOUSTON,3303 MAIN ST,HOUSTON,TX,77002,29.7407746,-95.3776237,True,manual,verified
INTERIM SERVICES,30 N LASALLE ST STE 3000,CHICAGO,IL,60602,41.8828458,-87.632914,True,ai,uncorroborated
INTERLIGHT,7939 NEW JERSEY AVE,HAMMOND,IN,46323,41.5724415,-87.438671,True,manual,verified
INTERLUDE HOME INC,,,,,,,True,,
INTERMOUNTAIN CHILDREN'S HOME,3240 DREDGE DR,HELENA,MT,59602,46.6195998,-112.0234764,True,ai,grounded
INTERNAL REVENUE SERVICE,1111 CONSTITUTION AVE NW,WASHINGTON,DC,20224,38.8934017,-77.0270216,True,ai,grounded
INTERNATIONAL EQUITY PARTNERS,,,,,,,True,,
INTERNATIONAL INTIMATES,31 W 34TH ST 9TH FLOOR,NEW YORK,NY,10001,40.7495557,-73.9867641,True,ai,grounded
INTERNATIONAL MANUFACTURING CO,,,,,,,True,,
INTERNATIONAL MEDICAL ELECT,,,,,,,True,,
INTERNATIONAL SEAWAYS INC,40 W 57TH ST,NEW YORK,NY,10019,40.7636059,-73.9758803,True,ai,corroborated
INTERNATIONAL WINE,,,,,,,True,,
INTERNATIONAL WINE VAULT LLC,40 TECHNOLOGY PKWY SOUTH STE 300,NORCROSS,GA,30092,33.9602193,-84.2168567,True,ai,uncorroborated
INTERRA CAPITAL GROUP,,,,,,,True,,
INTERSECT ENERGY,140 NEW MONTGOMERY ST 11TH FLOOR,SAN FRANCISCO,CA,94105,37.786927026646,-122.399973912074,True,ai,grounded
INTERSECTION STRATEGIES,1110 VERMONT AVE NW STE 600,WASHINGTON,DC,20005,38.904438,-77.031597,True,ai,uncorroborated
INTERSTATE 15 SPORTS & ENTERTAINMENT,,,,,,,True,,
INTERSTATE OUTDOOR ADVERTISING LP,201 17TH ST NW STE 1400,ATLANTA,GA,30363,33.7916063,-84.3946898,True,ai,uncorroborated
INTERSTEEL CORPORATION,1100 NW LOOP 410 STE 601,SAN ANTONIO,TX,78213,29.5164148,-98.5287126,True,ai,grounded
INTERTECH RAIL LLC,,,,,,,True,,
INTERVISION,3050 PEACHTREE RD STE 450,ATLANTA,GA,30305,33.8387611,-84.3810494,True,ai,grounded
INTRA-CELLULAR THERAPIES INC,,,,,,,True,,
INTRALINKS,10 CITYPOINT 500 TOTTEN POND RD 2ND FLOOR,WALTHAM,MA,02451,42.40153,-71.252997,True,ai,grounded
INTREPID,11 W 42ND ST,NEW YORK,NY,10036,40.7542801,-73.9818564,True,ai,uncorroborated
INTREPID INVESTMENT BANKERS,11755 WILSHIRE BLVD STE 2200,LOS ANGELES,CA,90025,34.0486682,-118.4622165,True,ai,corroborated
INTREPID POTASH INC,3801 E PLANO PKWY STE 150,PLANO,TX,75074,33.009196,-96.659779,True,ai,uncorroborated
INVEL CAPITAL,47 MAPLE ST,SUMMIT,NJ,07901,40.716807,-74.359249,True,ai,grounded
INVEMED ASSOCIATES LLC,375 PARK AVE STE 2205,NEW YORK,NY,10152,40.7584073,-73.9719841,True,ai,grounded
INVENTEL,,,,,,,True,,
INVER GROVE FORD,,,,,,,True,,
INVEST AMERICA,,,,,,,True,,
INVEST DIVA,,,,,,,True,,
INVESTMENT PROPERTIES LTD,,,,,,,True,,
INVESTORS CAPITAL GROUP,,,,,,,True,,
INVISION,33 HAYDEN AVE,LEXINGTON,MA,02421,42.4232147,-71.236238,True,ai,uncorroborated
INVISIONEYECARE,5550 PEACHTREE PKWY STE 300,NORCROSS,GA,30092,33.9679501,-84.2202676,True,ai,uncorroborated
INVOICES INTELLIGENCE,2121 AVE OF THE STARS,LOS ANGELES,CA,90067,34.0551881,-118.4132764,True,ai,uncorroborated
INVUS FINANCIAL ADVISORS,280 PARK AVE,NEW YORK,NY,10017,40.7564853,-73.975049,True,ai,corroborated
INZONE,2701 OCEAN PARK BLVD,SANTA MONICA,CA,90405,34.0185463,-118.4569412,True,ai,uncorroborated
IOHK,2015 IONOSPHERE ST STE 201,LONGMONT,CO,80504,40.1351299,-105.103794,True,ai,grounded
ION TECHNOLOGY SOLUTIONS,,,,,,,True,,
IONQ,630 HERNDON PKWY STE 450,HERNDON,VA,20170,38.9577917,-77.3884942,True,ai,uncorroborated
IP GROUP,,,,,,,True,,
IP.COM,1715 N LAUREL ST,WILMINGTON,DE,19806,39.762542,-75.563298,True,ai,uncorroborated
IPASS,55 CHALLENGER RD,RIDGEFIELD PARK,NJ,07660,40.8467659,-74.0128485,True,ai,uncorroborated
IPD ANALYTICS,,,,,,,True,,
IPEX INC,,CHICAGO,IL,60601,,,True,manual,verified
IPFS,1055 BROADWAY BLVD 11TH FLOOR,KANSAS CITY,MO,64105,39.1014352,-94.588002,True,ai,grounded
IPI,,,,,,,True,,
IPM,,,,,,,True,,
IPONWEB,555 MONTGOMERY ST,SAN FRANCISCO,CA,94111,37.7944542,-122.4034627,True,ai,uncorroborated
IPRG,,,,,,,True,,
IPRO,300 JERICHO QUADRANGLE STE 300,JERICHO,NY,11753,40.7891193,-73.5539158,True,ai,grounded
IPSOS,15 W 18TH ST 7TH FLOOR,NEW YORK,NY,10011,40.7390309,-73.9928278,True,ai,corroborated
IQHQ,674 VIA DE LA VALLE STE 206,SOLANA BEACH,CA,92075,32.9795466,-117.2576463,True,ai,grounded
IQVIA,4820 EMPEROR BLVD,DURHAM,NC,27703,35.8807796,-78.8405967,True,ai,grounded
IRA CLUB,,,,,,,True,,
IRA FINANCIAL,5109 S BROADBAND LN,SIOUX FALLS,SD,57108,43.4971654,-96.7880803,True,ai,grounded
IRA KATZ CONSULTING INC,,,,,,,True,,
IRELL,1800 AVE OF THE STARS,LOS ANGELES,CA,90067,34.061114,-118.418106,True,ai,corroborated
IRELL & MANELLA LLP,1800 AVE OF THE STARS 12TH FLOOR,LOS ANGELES,CA,90067,34.061114,-118.418106,True,ai,corroborated
IRGANG GROUP,,,,,,,True,,
IRI,150 N MICHIGAN AVE STE 200,CHICAGO,IL,60601,41.8846348,-87.6249873,True,ai,uncorroborated
IRIDIAN ASSET MANAGEMENT,55 POST RD WEST 2ND FLOOR,WESTPORT,CT,06880,41.13938593138,-73.36530001572,True,ai,grounded
IROBOT CORP,8 CROSBY DR,BEDFORD,MA,01730,42.504941,-71.2429587,True,ai,corroborated
IRON DOME VENTURES,,,,,,,True,,
IRON FINANCIAL,630 DUNDEE RD STE 300,NORTHBROOK,IL,60062,42.13803,-87.796388,True,ai,grounded
IRON MOUNTAIN,2000 IRON MOUNTAIN DR,BOSTON,MA,02109,42.366919,-71.050416,True,ai,uncorroborated
IRONGATE,10877 WILSHIRE BLVD STE 2300,LOS ANGELES,CA,90024,34.0593157,-118.4421772,True,ai,grounded
IRREGARDLESS CAFE,623 36TH ST,GULFPORT,MS,39507,30.3937499,-89.0508587,True,ai,uncorroborated
IRVING INVESTORS,205 DETROIT ST STE 400,DENVER,CO,80206,39.7195773,-104.954731,True,ai,grounded
IRWIN M. BARG PC,375 NORTHLAKE BLVD,NORTH PALM BEACH,FL,33408,26.8075521,-80.0583182,True,ai,uncorroborated
ISAACSON SHERIDAN,,,,,,,True,,
ISDS,,,,,,,True,,
ISHOFSKY FAMILY,,,,,,,True,,
ISI,1210 E MAIN ST,FRANKLIN,TN,37064,35.925685,-86.8679028,True,ai,uncorroborated
ISL,,,,,,,True,,
ISLAND CAPITAL GROUP,717 FIFTH AVE,NEW YORK,NY,10022,40.76221897971,-73.974428950434,True,ai,grounded
ISLAND GROUP ENTERPRISES,,,,,,,True,,
ISLAND HOUSE CONDOMINIUMS,1 S FOREST BEACH DR,HILTON HEAD ISLAND,SC,29928,32.1413014,-80.7518569,True,ai,uncorroborated
ISLAND PEER REVIEW,,,,,,,True,,
ISRAEL ECONOMIC FORUM,,,,,,,True,,
ISRAEL INVESTMENT ADVISORS,120 BROADWAY 24TH FLOOR,NEW YORK,NY,10271,40.7082035,-74.0105065,True,ai,uncorroborated
ISRAEL ON CAMPUS COALITION,1100 CONNECTICUT AVE NW STE 450,WASHINGTON,DC,20036,38.9040127,-77.0407249,True,ai,corroborated
ISRAEL ON CAMPUS COALITION OF GREATER,,,,,,,True,,
ISRAELI AMERICAN COUNCIL,3030 WILSHIRE BLVD STE 2080,LOS ANGELES,CA,90010,34.0618978,-118.2875483,True,ai,uncorroborated
ITAFIN,3000 OCEAN PARK BLVD STE 102,SANTA MONICA,CA,90405,34.0197878,-118.4539183,True,ai,uncorroborated
ITC TRADING COMPANY LTD,109 N POST OAK LN STE 410,HOUSTON,TX,77024,29.7686927,-95.4576124,True,ai,grounded
ITERA USA,1800 CENTURY PARK WEST STE 600,LOS ANGELES,CA,90067,34.0543464,-118.4171936,True,ai,uncorroborated
ITREK,,,,,,,True,,
ITV,,,,,,,True,,
IU SCHOOL OF MEDICINE,975 W WALNUT ST,INDIANAPOLIS,IN,46202,39.7774265,-86.1770928,True,ai,corroborated
IUHEALTH,101 W 10TH ST,INDIANAPOLIS,IN,46202,39.781007,-86.159501,True,ai,corroborated
IVD CONSULTING,,,,,,,True,,
IVY ASSET MANAGEMENT,1221 BRICKELL AVE STE 900,MIAMI,FL,33131,25.7612025,-80.1912637,True,ai,uncorroborated
IVY TECH COMMUNITY COLLEGE,3101 E 10TH ST,BLOOMINGTON,IN,47408,39.1715916,-86.4974328,True,ai,corroborated
IWHC,1300 19TH ST NW STE 200,WASHINGTON,DC,20036,38.9074464,-77.0439763,True,ai,uncorroborated
IYG EVENTS,,,,,,,True,,
J B G COMPANIES,30-00 47TH AVE,QUEENS,NY,11101,40.743081,-73.9374115,True,ai,uncorroborated
J TASHOF BERNTON MD PC,,,,,,,True,,
J WAYNE MILLER CO,,,,,,,True,,
J&J,ONE JOHNSON & JOHNSON PLAZA,NEW BRUNSWICK,NJ,08933,40.4986542,-74.4416908,True,ai,uncorroborated
"J. SHAFAI, MD",,,,,,,True,,
J. STEIN LAW FIRM,,,,,,,True,,
J.C. NEWMAN CIGAR CO,2701 N 16TH ST,TAMPA,FL,33605,27.966934,-82.441596,True,ai,corroborated
J.F. LEHMAN & COMPANY,600 LEXINGTON AVE STE 2540,NEW YORK,NY,10022,40.7580277,-73.9714246,True,ai,corroborated
J.M. EDBERG INVESTMENT MANAGEMENT,6206 LANDON LN,BETHESDA,MD,20817,38.9853015,-77.1261532,True,ai,grounded
J.R. DAVIDSON AND CO INC,,,,,,,True,,
J.W. SALES & MARKETING,,,,,,,True,,
J2 HOLDINGS NY LLC,230 PARK AVE STE 4525,NEW YORK,NY,10169,40.7543448,-73.975626,True,ai,corroborated
J2R,,,,,,,True,,
JA-VA INC,,,,,,,True,,
JABBERS MEAT PACKING,,,,,,,True,,
JACK F. BERKOWITZ & CO,,,,,,,True,,
"JACK ZOLDAN, MD",,,,,,,True,,
JACKIER GOULD PC,,,,,,,True,,
JACKMONT HOSPITALITY,,,,,,,True,,
JACKOWAY AUSTEN,1925 CENTURY PARK EAST 22ND FLOOR,LOS ANGELES,CA,90067,34.0612599,-118.4145504,True,ai,grounded
JACKSON AND COKER,1424 3RD AVE NORTH STE 201,BIRMINGHAM,AL,35203,33.5125753,-86.8149227,True,ai,uncorroborated
JACKSON GROUP,3161 MICHELSON DR #1500,IRVINE,CA,92612,33.6752102,-117.8433734,True,ai,uncorroborated
JACKSON LEWIS,666 3RD AVE 28TH FLOOR,NEW YORK,NY,10017,40.7513402,-73.9743939,True,ai,grounded
JACKSON WALKER,2323 ROSS AVE STE 600,DALLAS,TX,75201,32.7889493,-96.7969759,True,ai,corroborated
JACOB HOLZ COMPANY,1500 E WOODFIELD RD STE 400,SCHAUMBURG,IL,60173,42.0433217,-88.0415215,True,ai,uncorroborated
JACOBI,,,,,,,True,,
JACOBS & GOODMAN,999 18TH ST STE 1400,DENVER,CO,80202,39.7492028,-104.9913592,True,ai,uncorroborated
JACOBS ENGINEERING,1999 BRYAN ST,DALLAS,TX,75201,32.7848118,-96.7971807,True,ai,corroborated
JACOBS&WALLACE,1087 BROAD ST STE 400,BRIDGEPORT,CT,06604,41.17798833221,-73.191074699453,True,manual,verified
JACOBSON EQUITIES,12121 WILSHIRE BLVD STE 700,LOS ANGELES,CA,90025,34.0440837,-118.467955,True,ai,grounded
JACOBSON FAMILY INVESTMENTS,410 PARK AVE STE 620,NEW YORK,NY,10022,40.7602791,-73.9722515,True,manual,verified
JACOBY AND MEYERS,2000 AVE OF THE STARS STE 1150S,LOS ANGELES,CA,90067,34.0583138,-118.4146758,True,manual,verified
JAD TRANSPORTATION,,,,,,,True,,
JAFFA,,,,,,,True,,
JAFFA GATE RESEARCH AND ADVISORY,,,,,,,True,,
JAFFA GROUP DESIGN BUILD,,,,,,,True,,
JAFFE EYE INSTITUTE,900 WELCH RD,PALO ALTO,CA,94304,37.4369056,-122.1770957,True,ai,uncorroborated
JAFFE FAMILY LAW GROUP,1901 AVE OF THE STARS STE 680,LOS ANGELES,CA,90067,34.0595286,-118.4176184,True,manual,verified
JAFFE RAITT,27777 FRANKLIN RD STE 2500,SOUTHFIELD,MI,48034,42.4930604,-83.2993089,True,ai,corroborated
JAFFE TILCHIN WEALTH MANAGEMENT,15350 N FLORIDA AVE,TAMPA,FL,33613,28.0159433,-82.4595212,True,ai,grounded
JAFI,,,,,,,True,,
JAFINA,,,,,,,True,,
JAGREEN DEVELOPMENT,,,,,,,True,,
JAKE'S TAKE WITH JACOB ELYACHAR,,,,,,,True,,
JAM,,,,,,,True,,
JAM CONSULTING,,,,,,,True,,
JAMAICA HOSPITAL MEDICAL CENTER,89-01 PARSONS BLVD,JAMAICA,NY,11432,40.714934,-73.792955,True,ai,grounded
JAMES GROSFELD TRUST,,,,,,,True,,
JAMESON,250 PARK AVE,NEW YORK,NY,10177,40.7551097,-73.9759422,True,manual,verified
JAMESTOWN,675 PONCE DE LEON AVE NE 7TH FLOOR,ATLANTA,GA,30308,33.7723214,-84.3653476,True,manual,verified
JAMS,18881 VON KARMAN AVE STE 350,IRVINE,CA,92612,33.660018,-117.824428,True,ai,grounded
JAN MANAGEMENT SERVICES LLC,,,,,,,True,,
JANA PARTNERS,299 PARK AVE 22ND FLOOR,NEW YORK,NY,10171,40.7560254,-73.9741826,True,ai,corroborated
JANE BEST CONSULTING,,,,,,,True,,
JANE STREET,250 VESEY ST,NEW YORK,NY,10281,40.7144361,-74.0158043,True,ai,grounded
JANE STREET CAPITAL,,,,,,,True,,
JANET & JANET SUGGS. LLC,,,,,,,True,,
JANNEY MONTGOMERY SCOTT LLC,1717 ARCH ST,PHILADELPHIA,PA,19103,39.9555389,-75.169259,True,ai,corroborated
JANNOL LAW GROUP,,,,,,,True,,
JANOUSEK UK,,,,,,,True,,
JARC,6735 TELEGRAPH RD STE 100,BLOOMFIELD HILLS,MI,48301,42.5424,-83.282168,True,ai,grounded
JARC,5425 POND BLUFF DR,WEST BLOOMFIELD,MI,48323,42.557602450696,-83.385061234267,False,ai,grounded
JARC,6078 LEDGEWAY,WEST BLOOMFIELD,MI,48322,42.547015180974,-83.344230498557,False,ai,grounded
JARC,28773 VILLAGE LN,FARMINGTON HILLS,MI,48334,42.510721928493,-83.329615163059,False,ai,grounded
JARDEN CORPORATION,231 S LASALLE ST STE 2200,CHICAGO,IL,60604,41.878578,-87.6318352,True,ai,uncorroborated
"JARED AMENT, MD, MPH PC",,,,,,,True,,
JARU,12901 FLAGLER CENTER BLVD,JACKSONVILLE,FL,32258,30.1365442,-81.5150846,True,ai,grounded
JASON JAMES MD INC,,,,,,,True,,
JASPER LAKE LLC,,,,,,,True,,
JASS REALTY CO LLC,,,,,,,True,,
JAT,,,,,,,True,,
JAVELIN VENTURE PARTNERS,1000 SANSOME ST STE 300,SAN FRANCISCO,CA,94111,37.7996876,-122.4021534,True,ai,corroborated
JAWMAN DENTAL,,,,,,,True,,
JAXXSNAX,,,,,,,True,,
JAY FISHMAN INVESTMENT,,,,,,,True,,
JAY FRANCO AND SONS,3 PARK AVE 24TH FLOOR,NEW YORK,NY,10016,40.746446533231,-73.981733169076,True,ai,grounded
JAY L. FALK MD PA,,,,,,,True,,
JAY M. FISHER PA,,,,,,,True,,
JAZZ AT LINCOLN CENTER,10 LINCOLN CENTER PLAZA DAVID RUBENSTEIN ATRIUM,NEW YORK,NY,10023,40.774567,-73.979016,True,ai,corroborated
JB CONSULTING STRATEGIES,,,,,,,True,,
JB INC,,,,,,,True,,
JB INVESTMENTS,,,,,,,True,,
JBA EQUITIES LLC,,,,,,,True,,
JBG SMITH,4445 WILLARD AVE STE 700,CHEVY CHASE,MD,20815,38.983386,-77.079337,True,ai,grounded
JBI,,,,,,,True,,
JBRODSKY & ASSOCIATES,,,,,,,True,,
JBS,1770 PROMONTORY CIR,GREELEY,CO,80634,40.4120341,-104.8550543,True,ai,uncorroborated
JBS HOLDING,1770 PROMONTORY CIR,GREELEY,CO,80634,40.4120341,-104.8550543,True,ai,grounded
JCC,,,,,,,True,,
JCC ASSOCIATION OF NORTH AMERICA,520 EIGHTH AVE 4TH FLOOR,NEW YORK,NY,10018,40.753535787785,-73.992397193659,True,ai,grounded
JCC CHARLOTTE,5600 EXECUTIVE CENTER DR STE 210,CHARLOTTE,NC,28212,35.2017637,-80.7447217,True,ai,corroborated
JCC CHICAGO,3003 W TOUHY AVE,CHICAGO,IL,60645,42.0109786,-87.7053813,True,ai,corroborated
JCC OF STAMFORD,1035 NEWFIELD AVE,STAMFORD,CT,06905,41.0945703,-73.529849,True,ai,corroborated
JCC ON THE PALISADES,,,,,,,True,,
JCCP/CBT,,,,,,,True,,
JCF,,,,,,,True,,
JCG,,,,,,,True,,
JCI WW INC,ONE CAMPUS MARTIUS,DETROIT,MI,48226,42.332628,-83.0467201,True,ai,uncorroborated
JCRC OF GREATER BOSTON,1 ARTS CIR STE 200,BOSTON,MA,02115,42.339422,-71.094531,True,ai,corroborated
JCRC OF GREATER WASHINGTON,6101 EXECUTIVE BLVD STE 300,NORTH BETHESDA,MD,20852,39.0487522,-77.1239581,True,ai,grounded
JCRC OF MINNESOTA & THE DAKOTAS,,,,,,,True,,
JD CHAPMAN,,,,,,,True,,
JD PARTNERS,,,,,,,True,,
JDI REALTY,853 N ELSTON AVE,CHICAGO,IL,60642,41.897512,-87.656454,True,manual,verified
JDJ CAPITAL MANAGEMENT COMPANY,,,,,,,True,,
JDM FINANCIAL GROUP,,,,,,,True,,
JDRC MANAGED SERVICES LLC,,,,,,,True,,
JDW VENTURES,,,,,,,True,,
JE RICHARDS,4600 HARGROVE DR STE 100,LANHAM,MD,20706,38.9515516,-76.844543,True,ai,grounded
JECKIL PROMOTIONS,,,,,,,True,,
JED KAMINETSKY MD PC,,,,,,,True,,
JEDOR CAPITAL,200 PARK AVE 46TH FLOOR,NEW YORK,NY,10166,40.7534645,-73.9766148,True,ai,corroborated
JEEP SOUTH EAST,1515 PONCE DE LEON AVE NE,ATLANTA,GA,30309,33.7744338,-84.3398465,True,ai,uncorroborated
JEFF ANDERSON & ASSOCIATES,123 N THIRD ST STE 365,MINNEAPOLIS,MN,55401,44.982186849669,-93.271634996636,True,ai,uncorroborated
JEFF'S GOURMET,,,,,,,True,,
JEFFER MANGELS BUTLER & MITCHELL LLP,1900 AVE OF THE STARS 7TH FLOOR,LOS ANGELES,CA,90067,34.0599711,-118.4169732,True,ai,corroborated
JEFFERSON HEALTH,833 CHESTNUT ST,PHILADELPHIA,PA,19107,39.9500971,-75.1549287,True,ai,corroborated
JEFFREY D. STERNKLAR LLC,,,,,,,True,,
JEFFREY DONFELD PC,,,,,,,True,,
JEFFREY FELZER DMD PC,,,,,,,True,,
JEFFREY PECK PARTY,,,,,,,True,,
JEFFREY REMBAUM PA,,,,,,,True,,
JEFFREY SCHILLER MD,,,,,,,True,,
JEFFRIES & COMPANY,520 MADISON AVE,NEW YORK,NY,10022,40.7602214,-73.9744253,True,ai,corroborated
JEG INVESTMENTS LLC,,,,,,,True,,
JEI,25 CORPORATE DR,TRUMBULL,CT,06611,41.296096,-73.2275565,True,ai,uncorroborated
JELIKALITE CORP,,,,,,,True,,
JELMARLLC.COB,5550 W TOUHY AVE STE 200,SKOKIE,IL,60077,42.012017,-87.766145,True,ai,grounded
JEM SPORTSWEAR,1 GLENWOOD AVE,RUTHERFORD,NJ,07070,40.820314,-74.106041,True,ai,uncorroborated
JEMB REALTY,150 BROADWAY STE 800,NEW YORK,NY,10038,40.7092067,-74.0100477,True,manual,verified
JENEL MANAGEMENT CORP,,,,,,,True,,
JENEL REAL ESTATE,,,,,,,True,,
JENKINS PEER ARCHITECTS,110 W A ST STE 400,SAN DIEGO,CA,92101,32.719411,-117.164296,True,ai,uncorroborated
JENNER & BLOCK LLP,353 N CLARK ST,CHICAGO,IL,60654,41.8889735,-87.6301482,True,ai,corroborated
JENNIFER NEWMAN INTERIORS,,,,,,,True,,
JENNY CRAIG,3033 FIFTH AVE STE 500,SAN DIEGO,CA,92103,32.736983362776,-117.160269598338,True,ai,uncorroborated
JERA,1000 MAIN ST,HOUSTON,TX,77002,29.757002,-95.3655633,True,manual,verified
JERICA CAPITAL,,,,,,,True,,
JERICHO CAPITAL,510 MADISON AVE,NEW YORK,NY,10022,40.759672,-73.974396,True,manual,verified
"JEROME BLUT, CHTD",,,,,,,True,,
JEROME ENVIRONMENTAL SERVICES LLC,,,,,,,True,,
JERROLD M BIGELMAN PLLC,,,,,,,True,,
JERSEY CITY GIRL LLC,,,,,,,True,,
JERSEY SHORE RETINA CONSULTANTS,800 DELILAH RD STE 100,TOMS RIVER,NJ,08753,39.979668,-74.150739,True,ai,corroborated
JERUSALEM U,,,,,,,True,,
JES PROPERTIES,,,,,,,True,,
JESCO FOOTWEAR,209 W 38TH ST STE 1110,NEW YORK,NY,10018,40.7539435,-73.9892849,True,ai,grounded
JESSE REISING FOR CONGRESS,,,,,,,True,,
JET DENTAL,10101 FONDREN RD STE 200,HOUSTON,TX,77096,29.6702673,-95.5078619,True,ai,uncorroborated
JET SUPPORT SERVICES INC,167 N GREEN ST STE 1300,CHICAGO,IL,60607,41.883877961089,-87.64851231332,True,ai,grounded
JET SUPPORT SERVICES INC,180 N STETSON AVE 29TH FLOOR,CHICAGO,IL,60601,41.885318166121,-87.622377044363,False,ai,grounded
JETOBRA INC,,,,,,,True,,
JETRO,,,,,,,True,,
JETTY,55 S MARKET ST STE 450,SAN JOSE,CA,95113,37.3341365,-121.8916481,True,ai,uncorroborated
JEWBELONG,37 W 20TH ST STE 307,NEW YORK,NY,10011,40.740815,-73.9930983,True,manual,verified
JEWEL SALES AND MARKETING,,,,,,,True,,
JEWISH CENTER OF ATLANTIC BEACH,661 ATLANTIC AVE,ATLANTIC BEACH,NY,11509,40.587963,-73.728528,True,ai,corroborated
JEWISH COMMUNITY ACTION NETWORK,,,,,,,True,,
JEWISH COMMUNITY CENTER,,,,,,,True,,
JEWISH COMMUNITY CENTER OF SANTA CRUZ,,,,,,,True,,
JEWISH COMMUNITY FOUNDATION OF GREATER METROWEST NJ,901 ROUTE 10,WHIPPANY,NJ,07981,40.824413,-74.426241,True,manual,verified
JEWISH COMMUNITY HOSPICE,,,,,,,True,,
JEWISH COMMUNITY OF LOUISVILLE,3600 DUTCHMANS LN,LOUISVILLE,KY,40205,38.225443,-85.651526,True,ai,corroborated
JEWISH COMMUNITY RELATIONS COUNCIL OF GREATER PHOENIX,12701 N SCOTTSDALE RD STE 203,SCOTTSDALE,AZ,85254,33.6068153,-111.9258576,True,manual,verified
JEWISH COMMUNITY SERVICES OF S,,,,,,,True,,
JEWISH EDUCATION IN MEDIA INC,3190 S BASCOM AVE STE 600,SAN JOSE,CA,95124,37.2652325,-121.9413072,True,ai,uncorroborated
JEWISH FAMILY & CHILDRENS SERVICES,,,,,,,True,,
JEWISH FAMILY AND CHILDREN'S SERVICES OF SAN FRANCISCO,2150 POST ST,SAN FRANCISCO,CA,94115,37.7847128,-122.4372237,True,manual,verified
JEWISH FAMILY SERVICES,,,,,,,True,,
JEWISH FED OF GR. ROCHESTER,255 E AVE,ROCHESTER,NY,14604,43.1555451,-77.5978566,True,ai,corroborated
JEWISH FED. OF GREATER PITTSBURGH,5738 FORBES AVE,PITTSBURGH,PA,15217,40.437987,-79.9250974,True,ai,corroborated
JEWISH FEDERATION,,,,,,,True,,
JEWISH FEDERATION OF CLEVELAND,27375 SHAKER BLVD,BEACHWOOD,OH,44122,41.4778222,-81.4928776,True,ai,corroborated
JEWISH FEDERATION OF GREATER CHARLOTTE,5007 PROVIDENCE RD STE 101,CHARLOTTE,NC,28226,35.1476597,-80.7863524,True,manual,verified
JEWISH FEDERATION OF GREATER FAIRFIELD COUNTY,1086 BROAD ST,BRIDGEPORT,CT,06604,41.1779712,-73.1908638,True,ai,corroborated
JEWISH FEDERATION OF GREATER HOUSTON,5603 S BRAESWOOD BLVD,HOUSTON,TX,77096,29.6745056,-95.4833195,True,ai,corroborated
JEWISH FEDERATION OF GREATER INDIANAPOLIS,6705 HOOVER RD,INDIANAPOLIS,IN,46260,39.8776692,-86.1743788,True,manual,verified
JEWISH FEDERATION OF GREATER NEW ORLEANS,3747 W ESPLANADE AVE,METAIRIE,LA,70002,30.0154372,-90.1669191,True,manual,verified
JEWISH FEDERATION OF GREATER NH,207 N MAIN ST,CONCORD,NH,03301,43.2141177,-71.5410808,True,ai,uncorroborated
JEWISH FEDERATION OF GREATER PHILADELPHIA,2100 ARCH ST,PHILADELPHIA,PA,19103,39.9556195,-75.1750315,True,manual,verified
JEWISH FEDERATION OF GREATER PITTSBURGH,2000 TOWER OAKS BLVD,PITTSBURGH,PA,15241,40.332932,-80.082908,True,manual,verified
JEWISH FEDERATION OF METROPOLITAN DETR,6735 TELEGRAPH RD,BLOOMFIELD TOWNSHIP,MI,48301,42.5412934,-83.2845963,True,ai,corroborated
JEWISH FEDERATION OF NORTH NEW JERSEY,50 EISENHOWER DR,PARAMUS,NJ,07652,40.930279,-74.078283,True,ai,corroborated
JEWISH FEDERATION OF NORTHERN NEW JERSEY,111 KINDERKAMACK RD,RIVER EDGE,NJ,07661,40.9117794,-74.0360659,True,manual,verified
JEWISH FEDERATION OF OCEAN COUNTY,3805 ROUTE 9 S,TOMS RIVER,NJ,08755,40.008534,-74.221768,True,ai,corroborated
JEWISH FEDERATION OF ST. LOUIS,12 MILLSTONE CAMPUS DR STE 200,CREVE COEUR,MO,63146,38.700996,-90.480257,True,ai,corroborated
JEWISH FEDERATION OF TULSA,2021 E 71ST ST,TULSA,OK,74136,36.0620807,-95.9638828,True,ai,corroborated
JEWISH FEDERATION OF WEST-CENTRAL NJ,,,,,,,True,,
JEWISH FOUNDATION OF CINCINNATI,8499 RIDGE POINT DR STE 200,LOVELAND,OH,45140,39.254473,-84.24693,True,ai,corroborated
JEWISH GENETIC DISEASES CENTER OF GREA,,,,,,,True,,
JEWISH GRANDPARENTS NETWORK,,,,,,,True,,
JEWISH LINK,,,,,,,True,,
JEWISH NATIONAL FUND,42 E 69TH ST,NEW YORK,NY,10021,40.7693113,-73.9661392,True,ai,corroborated
JEWISH PHILANTHROPIES OF SOUTHERN ARIZONA,3800 E RIVER RD,TUCSON,AZ,85718,32.275755,-110.912791,True,ai,corroborated
JEWISH THEOLOGICAL SEMINARY,3080 BROADWAY,NEW YORK,NY,10027,40.8120963,-73.9605604,True,ai,corroborated
JEWISHCOLORADO,LORETTO HEIGHTS CAMPUS 560 S DOWNING ST STE 100,DENVER,CO,80209,39.706581,-104.96575,True,ai,corroborated
JEWISHCOLUMBUS,1175 COLLEGE AVE,COLUMBUS,OH,43209,39.945107,-82.935234,True,ai,corroborated
JF CAPITAL,,,,,,,True,,
JF GLOBAL CPA,,,,,,,True,,
JFC,,,,,,,True,,
JFCSNNJ,1465 SPRINGFIELD AVE,SUMMIT,NJ,07901,40.7160406,-74.3361877,True,ai,corroborated
JFF ENTERPRISES INC,,,,,,,True,,
JFK MEDICAL CENTER,65 JAMES ST,EDISON,NJ,08820,40.5563574,-74.3501777,True,ai,corroborated
JFNA,50 BROADWAY STE 2010,NEW YORK,NY,10004,40.7063443,-74.0126752,True,ai,uncorroborated
JFOGR,,,,,,,True,,
JFS,6735 TELEGRAPH RD #30,BLOOMFIELD HILLS,MI,48301,42.5424,-83.282168,True,manual,verified
JG REALTY INC,,,,,,,True,,
JGB,,,,,,,True,,
JGB FINANCIAL HOLDCO,,,,,,,True,,
JGS VENTURES,,,,,,,True,,
JH ENTERPRISE,,,,,,,True,,
JHCN,,,,,,,True,,
JHEB LLC,,,,,,,True,,
JHR CAPITAL,,,,,,,True,,
JHU,JOHNS HOPKINS UNIVERSITY 3400 N CHARLES ST,BALTIMORE,MD,21218,39.3302023,-76.6218536,True,ai,uncorroborated
JHU APL,JOHNS HOPKINS UNIVERSITY APPLIED PHYSICS LABORATORY 11100 JOHNS HOPKINS RD,LAUREL,MD,20723,39.1667462,-76.8974081,True,ai,corroborated
JHW,,,,,,,True,,
JI MEDICAL,10850 GUILFORD RD STE 200,ANNAPOLIS JUNCTION,MD,20701,39.132522,-76.788264,True,ai,uncorroborated
JILL AND DAVID KRISCHER FAMILY FOUNDAT,,,,,,,True,,
JILL HABER DESIGN GROUP,145 E 57TH ST 11TH FLOOR,NEW YORK,NY,10022,40.760888939259,-73.968881611121,True,ai,grounded
JIME SECURITY,,,,,,,True,,
JINSA,JEWISH INSTITUTE FOR NATIONAL SECURITY OF AMERICA 1101 14TH ST NW STE 1400,WASHINGTON,DC,20005,38.904438,-77.031597,True,ai,grounded
JITTERBIT,JITTERBIT INC 333 BUSH ST STE 1700,SAN FRANCISCO,CA,94104,37.791412,-122.402129,True,ai,corroborated
JJ PRO,,,,,,,True,,
JJB,,,,,,,True,,
JJF,,,,,,,True,,
JK CONSULTING GROUP,,,,,,,True,,
JLEC,,,,,,,True,,
JLL,200 E RANDOLPH DR,CHICAGO,IL,60601,41.884596,-87.620392,True,manual,verified
JLL PARTNERS,300 PARK AVE 18TH FLOOR,NEW YORK,NY,10022,40.7570541,-73.9747565,True,manual,verified
JLRE CONSULTING,,,,,,,True,,
JM BURKMAN & ASSOCIATES LLC,1283 WASHINGTON AVE NE STE 300,WASHINGTON,DC,20002,38.905026,-76.983607,True,ai,uncorroborated
JMB REALTY,900 N MICHIGAN AVE,CHICAGO,IL,60611,41.8996454,-87.6256155,True,ai,grounded
JMBM,JEFFER MANGELS BUTLER & MITCHELL LLP 1900 AVE OF THE STARS 7TH FLOOR,LOS ANGELES,CA,90067,34.056437,-118.41369,True,ai,corroborated
JMJ DEVELOPMENT,,,,,,,True,,
JMRESOURCES,,,,,,,True,,
JNS,,,,,,,True,,
JNS SMITHCHEM,,,,,,,True,,
JOAN DACHS BAIS YAAKOV,,,,,,,True,,
JOCO,,,,,,,True,,
JODYS INC,,,,,,,True,,
JOEL BROOKS & ASSOCIATES,265 POST AVE STE 320,WESTBURY,NY,11590,40.7587123,-73.5883346,True,manual,verified
JOEL NEGRIN PC,,,,,,,True,,
JOEL REINSTEIN PLLC,925 S FEDERAL HWY STE 325,BOCA RATON,FL,33432,26.341620656995,-80.086308032181,True,manual,verified
"JOEL RENBAUM, M.D. INC",1 DANIEL BURNHAM CT STE 365C,SAN FRANCISCO,CA,94109,37.7867651,-122.4222341,True,ai,grounded
JOEL WEINGATEN,,,,,,,True,,
"JOEL YOUNG, MD PC",,,,,,,True,,
"JOELE FRANK, WILKINSON BRIMMER KATCHER",1425 BROADWAY 4TH FLOOR,NEW YORK,NY,10018,40.7541123,-73.9870409,True,manual,verified
JOHN A. GOLDEN ASSOCIATES,12 E 49TH ST FL 41,NEW YORK,NY,10017,40.7573677,-73.9768687,True,manual,verified
JOHN ADAMS MORTGAGE,1015 15TH ST NW STE 600,WASHINGTON,DC,20005,38.9030556,-77.0343319,True,ai,uncorroborated
JOHN C. LINCOLN HEALTH SYSTEM,250 E DUNLAP AVE,PHOENIX,AZ,85020,33.5713261,-112.069038,True,ai,corroborated
"JOHN H. MEREY, M.D. PA",,,,,,,True,,
JOHN HANCOCK,200 CLARENDON ST,BOSTON,MA,02116,42.3491677,-71.075124,True,ai,corroborated
JOHN HENRY HOMES,11025 REED HARTMAN HWY,BLUE ASH,OH,45242,39.2666614,-84.3790694,True,ai,grounded
"JOHN M WATKINS, PHD INC",,,,,,,True,,
JOHN MUIR,1600 YGNACIO VALLEY RD,WALNUT CREEK,CA,94598,37.915082,-122.041585,True,ai,corroborated
JOHNS HOPKINS,733 N BROADWAY,BALTIMORE,MD,21205,39.2990371,-76.5939987,True,ai,uncorroborated
JOHNS HOPKINS UNIVERSITY,3400 N CHARLES ST,BALTIMORE,MD,21218,39.3290586,-76.619409,True,ai,corroborated
JOHNS HOPKINS UNIVERSITY APPLIED PHYSICS LABORATORY,11100 JOHNS HOPKINS RD,LAUREL,MD,20723,39.1667462,-76.8974081,True,manual,verified
JOHNSON & JOHNSON,ONE JOHNSON & JOHNSON PLAZA,NEW BRUNSWICK,NJ,08933,40.4986542,-74.4416908,True,ai,uncorroborated
JOHNSON BROTHERS,1999 SHEPARD RD,SAINT PAUL,MN,55116,44.907267,-93.1518929,True,ai,corroborated
JOHNSON CONTROLS INC,5757 N GREEN BAY AVE,MILWAUKEE,WI,53209,43.1247099,-87.9366187,True,ai,uncorroborated
JOHNSON REAL ESTATE,,WEST HARTFORD,CT,06117,,,True,manual,verified
JOHNSON STORAGE & MOVING,5800 EUREKA DR,EDINA,MN,55436,44.907173,-93.374963,True,ai,uncorroborated
JOLTON INDUSTRIES,,,,,,,True,,
JON EFFRON AND COMPANY,,,,,,,True,,
JON F WEBER & CO LLC,,,,,,,True,,
JONAATHAN H PARKER,,,,,,,True,,
"JONATHAN H. KROTINGER, ATTORNEY AT LAW",,,,,,,True,,
JONATHAN STRAUSS CASTING,1650 VINE ST,LOS ANGELES,CA,90028,34.1010833,-118.3265769,True,ai,uncorroborated
JONCOCO,17701 BISCAYNE BLVD STE 200,AVENTURA,FL,33160,25.940295,-80.1487976,True,ai,grounded
JONES DAY,901 LAKESIDE AVE,CLEVELAND,OH,44114,41.505658,-81.691444,True,ai,grounded
JONES WALKER,201 ST CHARLES AVE 51ST FLOOR,NEW ORLEANS,LA,70170,29.9520161,-90.070364,True,ai,corroborated
JONOVA,,,,,,,True,,
JORDACHE ENTERPRISES,350 5TH AVE STE 5309,NEW YORK,NY,10118,40.7484421,-73.9856589,True,ai,corroborated
JORDAN RAMIS PC,1211 SW 5TH AVE STE 2700,PORTLAND,OR,97204,45.5152677,-122.6800549,True,ai,grounded
JORDAN RIVER MOVING,12515 WILLOWS RD NE STE 220,KIRKLAND,WA,98034,47.71293,-122.1552199,True,ai,grounded
JORDON PERLMUTTER & CO,1601 BLAKE ST STE 600,DENVER,CO,80202,39.7510231,-104.9992194,True,manual,verified
"JOSEPH AHRAM, MD",,,,,,,True,,
JOSEPH GOETZ MD,,,,,,,True,,
JOSEPH M. MARVIZI DDS INC,,,,,,,True,,
"JOSEPH RAFALOWICZ, ATTORNEY AT LAW",,,,,,,True,,
JOSH SILVERMAN INSURANCE,33 S SERVICE RD STE 101,MELVILLE,NY,11747,40.7804005,-73.4283778,True,ai,uncorroborated
JOSH STEEL CO,,,,,,,True,,
JOSHUA A. ROSENBAUM PC,,,,,,,True,,
JOSHUA P. FRIEDMAN AND ASSOCIATES,,,,,,,True,,
JOSSELSON POTTER & ROBERTS,55 WASHINGTON ST,NORWALK,CT,06854,41.0990856,-73.419083,True,ai,uncorroborated
JOULE VENTURES,535 W 110TH ST #5F,NEW YORK,NY,10025,40.8039526,-73.9656848,True,ai,grounded
JOYCE FOOD PRODUCTS,320 MADISON AVE 3RD FLOOR,NEW YORK,NY,10017,40.7530819,-73.9792034,True,ai,corroborated
JP MORGAN SECURITIES,383 MADISON AVE,NEW YORK,NY,10179,40.7554453,-73.9767459,True,ai,corroborated
JP WEALTH MANAGEMENT,,,,,,,True,,
JPAUL BUILDERS,,,,,,,True,,
JPM,,,,,,,True,,
JPMORGAN CHASE,270 PARK AVE,NEW YORK,NY,10017,40.7559787,-73.9759701,True,ai,corroborated
JPORLEANS,,,,,,,True,,
JRCO,,,,,,,True,,
JRJS SALES INC,,,,,,,True,,
JRK ASSET MANAGEMENT,100 SPECTRUM CENTER DR STE 1500,IRVINE,CA,92618,33.6505695,-117.7476412,True,ai,corroborated
JRK PROPERTY HOLDINGS,11766 WILSHIRE BLVD STE 1500,LOS ANGELES,CA,90025,34.048509923187,-118.461930702262,True,ai,grounded
JS DIAMOND ENTERPRISES,16690 COLLINS AVE STE 1103,SUNNY ISLES BEACH,FL,33160,25.9295036,-80.1227145,True,manual,verified
JS HELD,1285 AVE OF THE AMERICAS 25TH FLOOR,NEW YORK,NY,10019,40.7609264,-73.9799604,True,ai,corroborated
JSL,,,,,,,True,,
JSR HEALTH SERVICES,100 CRESCENT CT STE 700,DALLAS,TX,75201,32.7939116,-96.8033152,True,ai,uncorroborated
JSV,,,,,,,True,,
JTRADE GLOBAL LLC,,,,,,,True,,
JTS,5310 S COCKRELL HILL RD,DALLAS,TX,75236,32.6812487,-96.8916219,True,ai,grounded
"JUDGE M ROSENBLSTT MEDIATION, APC",,,,,,,True,,
JUDICIAL ARBITRATION AND MEDIATION SER,,,,,,,True,,
JUF,,,,,,,True,,
JUICE MERCHANDISING,370 W PRATT ST,BALTIMORE,MD,21201,39.2863618,-76.6202833,True,ai,uncorroborated
JULIAN WOLF,,,,,,,True,,
JULIUAS VITA PHOTOGRAPER AND VIDEOGRAP,,,,,,,True,,
JULIUS DOOCHIN FABRICATIONS,,,,,,,True,,
JUMP MANAGEMENT,,,,,,,True,,
JUMP OPERATIONS LLC,600 W CHICAGO AVE STE 600,CHICAGO,IL,60654,41.8982912,-87.6443417,True,ai,grounded
JUNE COLLECTIVE,,,,,,,True,,
JUNO INVESTMENTS,950 THIRD AVE STE 2300,NEW YORK,NY,10022,40.760231166369,-73.96763630302,True,manual,verified
JURIS CAPITAL LLC,100 FEDERAL ST,BOSTON,MA,02110,42.3550533,-71.055957,True,ai,uncorroborated
JURISLAW LLP,,,,,,,True,,
JURISTEMPS INC,7733 FORSYTH STE 1100,CLAYTON,MO,63105,38.6503629,-90.3356508,True,manual,verified
JUST WIRELESS,,,,,,,True,,
JUVO AUTISM & BEHAVIORAL HEALTH SERVICES,,,,,,,True,,
JVDEALS,,,,,,,True,,
JVM REALTY CORPORATION,1840 W MARKET ST,AKRON,OH,44313,41.1118339,-81.5746188,True,ai,uncorroborated
JVS - DEVELOPER,,,,,,,True,,
JW LOPES LLC,128 CARTER ST,CHELSEA,MA,02150,42.3980637,-71.0428345,True,manual,verified
JW PROPERTIES INC,,,,,,,True,,
JW TREE SERVICE,,,,,,,True,,
K & F INDUSTRIES,,,,,,,True,,
K GROUP HOLDINGS,,,,,,,True,,
K&R,,,,,,,True,,
K&R PRESERVATION,,,,,,,True,,
KA CAPITAL MANAGEMENT,C/O KA CAPITAL MANAGEMENT 650 CALIFORNIA ST STE 1900,SAN FRANCISCO,CA,94108,37.791886,-122.408517,True,ai,corroborated
KABR GROUP,34 S DEAN ST STE 200,ENGLEWOOD,NJ,07631,40.8925407,-73.9751708,True,ai,grounded
KADIMA NEUROPSYCHIATRY INSTITUTE,7315 W SUNSET BLVD STE 250,LOS ANGELES,CA,90046,34.0979831,-118.3660401,True,ai,corroborated
KAFTAN ENTERPRISES,29100 NORTHWESTERN HWY STE 260,SOUTHFIELD,MI,48034,42.49689,-83.291019,True,ai,grounded
KAGAN LUBIC LEPPER FINKELSTEIN & GOLD,217 BROADWAY STE 707,NEW YORK,NY,10007,40.7117757,-74.0085572,True,ai,corroborated
KAGAN MANAGEMENT,,,,,,,True,,
KAISER,1 KAISER PLAZA,OAKLAND,CA,94612,37.807709,-122.266857,True,ai,corroborated
KAITAR RESOURCES,1517 PERIMETER RD STE 506,WEST PALM BEACH,FL,33406,26.6896899,-80.0788914,True,manual,verified
KAIZEN AUTOMATION GROUP,,,,,,,True,,
KAJEET,1791 PREUSS RD STE 650,RESTON,VA,20194,38.981041,-77.340785,True,ai,grounded
KALED MANAGEMENT,,,,,,,True,,
KALIMIAN GROUP,,,,,,,True,,
KALIS INC,,SANTA MONICA,CA,90401,,,True,manual,verified
KALITTA CHARTERS,1850 PROGRESS DR,YPSILANTI,MI,48198,42.275075,-83.58634,True,ai,corroborated
"KALMON DOLGIN AFFILIATES, KND MGMN",60 CUTTER MILL RD STE 303,GREAT NECK,NY,11021,40.781289,-73.734026,True,ai,corroborated
KALSEC,,,,,,,True,,
KAM ADVERTISING,,,,,,,True,,
KAMAN,1332 BLUE HILLS AVE,BLOOMFIELD,CT,06002,41.859096,-72.710161,True,ai,grounded
"KAMPLER ADVISORY GROUP, LL",,,,,,,True,,
KAMRAS AND POLANSKY MEDICAL CORP,,,,,,,True,,
"KANE AND KOLTUN, ATTORNEYS AT LAW",150 SPARTAN DR STE 100,MAITLAND,FL,32751,28.6304,-81.365046,True,ai,grounded
KANSAS CITY JEWISH CHRONICLE,5801 W 115TH ST STE 201,OVERLAND PARK,KS,66211,38.9206441,-94.6519367,True,manual,verified
KANSAS CITY SOUTHERN,427 W 12TH ST,KANSAS CITY,MO,64105,39.0997558,-94.5896998,True,ai,uncorroborated
KAP'S WHOLESALE FOODS,1300 MAPLE ST,DETROIT,MI,48207,42.3412438,-83.0385051,True,ai,grounded
KAPILOFF INSURANCE AGENCY,,,,,,,True,,
KAPITAL ENTERTAINMENT,11444 W OLYMPIC BLVD 11TH FLOOR,LOS ANGELES,CA,90064,34.036729,-118.4435263,True,manual,verified
KAPLAN,1515 W CYPRESS CREEK RD,FORT LAUDERDALE,FL,33309,26.2040735,-80.1643544,True,ai,grounded
KAPLAN & ASSOCIATES LLC,,,,,,,True,,
KARBANK REAL ESTATE COMPANY,1200 MAIN ST STE 3910,KANSAS CITY,MO,64105,39.099861876123,-94.583274070709,True,ai,grounded
KARBANK REAL ESTATE COMPANY,2000 SHAWNEE MISSION PKWY STE 400,MISSION WOODS,KS,66205,39.034145543899,-94.608780583422,False,ai,grounded
KARDON INDUSTRIES,31 VALLEY RD,MONTVALE,NJ,07645,41.0525222,-74.0516065,True,ai,uncorroborated
KARIUS,,,,,,,True,,
KARLIN,,,,,,,True,,
KARMILY,,,,,,,True,,
KARNEY PROPERTIES CO,1447 CLOVERFIELD BLVD STE 200,SANTA MONICA,CA,90404,34.030476977217,-118.476074578225,True,manual,verified
KARNO LAW,,,,,,,True,,
"KARP & IANCU, S.C",,,,,,,True,,
KARPAY DIEM LAND LLC,,,,,,,True,,
KARPEL INSURANCE,200 E RANDOLPH DR STE 5100,CHICAGO,IL,60601,41.884596,-87.620392,True,ai,uncorroborated
KASHABLE,,,,,,,True,,
KASOWITZ BENSON TORRES,1633 BROADWAY,NEW YORK,NY,10019,40.762093,-73.9846559,True,ai,corroborated
"KASOWITZ, BENSON, TORRES & FRIEDMAN LL",,,,,,,True,,
KASS SHULER PA,,,,,,,True,,
KATHY ROSENBERG-WOHL LLC,,,,,,,True,,
KATIN ENGINEERING,1407 TOMLYNN ST,ANNAPOLIS,MD,21401,38.987941,-76.552716,True,ai,uncorroborated
KATTAN,,,,,,,True,,
KATTEN,2029 CENTURY PARK EAST STE 2600,LOS ANGELES,CA,90067,34.0596151,-118.4138446,True,ai,uncorroborated
KATTEN LAW FIRM,2900 K ST NW,WASHINGTON,DC,20007,38.9014816,-77.0588124,True,ai,uncorroborated
KATTEN MUCHIN ROSENMAN LLP,525 W MONROE ST,CHICAGO,IL,60661,41.8802268,-87.6403869,True,ai,grounded
KATZ & STEFANI,,,,,,,True,,
KATZ BASKIES & WOLF PLLC,1201 S SHEPHERD DR STE 600,HOUSTON,TX,77019,29.7552056,-95.4097527,True,ai,uncorroborated
KATZ FRAM & CO,3300 ENTERPRISE PKWY STE 200,BEACHWOOD,OH,44122,41.4694994,-81.4947758,True,ai,uncorroborated
KATZ REALTY INTERESTS,,,,,,,True,,
KATZ TELLER,36307 DETROIT RD STE 200,WESTLAKE,OH,44145,41.4674216,-81.9209017,True,ai,corroborated
KATZDESIGNGROUP,,,,,,,True,,
KATZIN,,,,,,,True,,
KATZSON BROTHERS INC,,,,,,,True,,
KAUFMAN & CANOLES,4801 COURTHOUSE ST STE 300,NEWPORT NEWS,VA,23607,36.970515,-76.424339,True,ai,corroborated
KAUFMAN PLLC,400 N LASALLE ST STE 1700,CHICAGO,IL,60654,41.8868494,-87.6325515,True,ai,uncorroborated
KAUFMAN PRODUCTS INC,,,,,,,True,,
KAVANAH LIFE,,,,,,,True,,
KAWA CAPITAL MANAGEMENT,1010 S FEDERAL HWY STE 2900,HALLANDALE BEACH,FL,33009,25.9964303,-80.1427416,True,ai,grounded
KAWESCH LAW GROUP,6 GARNER ST,NEWTON CENTER,MA,02459,42.3373941,-71.1882968,True,ai,grounded
KAY GHAD LLP,,,,,,,True,,
KAYE HOMES,,,,,,,True,,
KAYE SCHOLER,250 W 55TH ST,NEW YORK,NY,10019,40.7649395,-73.9829195,True,ai,uncorroborated
KAYNE ANDERSON RUDNICK,1800 AVE OF THE STARS 2ND FLOOR,LOS ANGELES,CA,90067,34.061114,-118.418106,True,ai,corroborated
KAYNE LAW,9255 SUNSET BLVD STE 615,WEST HOLLYWOOD,CA,90069,34.0901713,-118.39393,True,ai,uncorroborated
KBHOME,10990 WILSHIRE BLVD STE 1500,LOS ANGELES,CA,90024,34.0575996,-118.4473337,True,ai,corroborated
KBR,601 JEFFERSON ST STE 3400,HOUSTON,TX,77002,29.7532501,-95.372337,True,ai,corroborated
KCAV,,,,,,,True,,
KCC,222 N PACIFIC COAST HWY STE 300,EL SEGUNDO,CA,90245,33.9262257,-118.3963518,True,ai,grounded
KCCC,,,,,,,True,,
KCI TECHNOLIGIES,1712 S HARBOR CITY BLVD,MELBOURNE,FL,32901,28.0816429,-80.6047251,True,ai,uncorroborated
KCU,900 S MCLEAN BLVD,KINSTON,NC,28504,35.227366,-77.635888,True,ai,uncorroborated
KEAN UNIVERSITY,1000 MORRIS AVE,UNION,NJ,07083,40.6780173,-74.2339287,True,ai,uncorroborated
KEARNS BRAY,,,,,,,True,,
KEAT PROPERTIES,,,,,,,True,,
KECHES LAW GROUP,2 LAKESHORE CENTER STE 3,BRIDGEWATER,MA,02324,41.9604191,-71.035117,True,ai,grounded
KEE BOOKKEEPING,,,,,,,True,,
KEEGAN HOMES,,,,,,,True,,
KEELER REAL ESTATE LLC,350 W HUBBARD STE 620,CHICAGO,IL,60654,41.8902178,-87.6375782,True,manual,verified
KEEPBOX,1299 PENNSYLVANIA AVE NW STE 700,WASHINGTON,DC,20004,38.896492,-77.028214,True,ai,uncorroborated
KEHILLAH OF ARIZONA,3643 E PUEBLO AVE,PHOENIX,AZ,85040,33.40763,-112.0526318,True,ai,corroborated
KEHILLAT LEV RA'ANANA,,,,,,,True,,
KEITER APPELLATE LAW,,,,,,,True,,
KELLER POSTMAN,150 N RIVERSIDE PLAZA STE 4100,CHICAGO,IL,60606,41.8825427,-87.638745,True,ai,grounded
KELLER WILLIAMS,1221 S MOPAC EXPY STE 400,AUSTIN,TX,78746,30.2633565,-97.78646,True,ai,grounded
KELLEY DRYE AND WARREN LLP,3050 K ST NW STE 400,WASHINGTON,DC,20007,38.9016729,-77.060962,True,ai,uncorroborated
KELLI'S GIFT SHOP SUPPLIERS,3311 BOYINGTON DR STE 400,CARROLLTON,TX,75006,32.9651608,-96.8442264,True,ai,grounded
KELLI'S GIFT SHOP SUPPLIERS,488 S ROYAL LN,COPPELL,TX,75099,32.9656344,-97.0267901,False,ai,grounded
KELLNER LAW GROUP,10940 WILSHIRE BLVD STE 1000,LOS ANGELES,CA,90024,34.0580322,-118.4450834,True,ai,corroborated
KELLOGG SCHOOL OF BUSINESS,2001 SHERIDAN RD,EVANSTON,IL,60208,42.0540944,-87.6760509,True,ai,corroborated
KELLY PRICE & COMPANY,,,,,,,True,,
KELLY SCIENCE & CLINICAL,1515 N COURTHOUSE RD,ARLINGTON,VA,22201,38.8912045,-77.0834555,True,manual,verified
KELLY SCOTT & MADISON,3600 NW 43RD ST STE 250,GAINESVILLE,FL,32606,29.6874593,-82.3890275,True,ai,uncorroborated
KELSEY-SEYBOLD,6750 MAIN ST STE 100,HOUSTON,TX,77030,29.7076971,-95.4045115,True,ai,corroborated
KEM KREST,3221 MAGNUM DR,ELKHART,IN,46516,41.6775997,-85.9150797,True,ai,grounded
KEMPNER FAMILY FOUNDATION,C/O COMBINED JEWISH PHILANTHROPIES KRAFT FAMILY BUILDING 126 HIGH ST,BOSTON,MA,02110,42.358254,-71.051927,True,ai,grounded
KEMPSTAR,,,,,,,True,,
KEN KWARTLER LAW OFFICE,,,,,,,True,,
KEN RUBY CONSTRUCTION COMPANY,,,,,,,True,,
KENDALL EYE INSTITUTE,701 S AIR DEPOT BLVD,WICHITA,KS,67209,37.651448,-97.42819,True,ai,uncorroborated
KENISCO CAPITAL,55 RAILROAD AVE 2ND FLOOR,GREENWICH,CT,06830,41.0221295,-73.6259355,True,ai,grounded
KENMAR,400 XING BLVD STE 301,BEVERLY,MA,01915,42.570442,-70.867693,True,ai,uncorroborated
KENNEDY TECHNOLOGIES,8520 16TH ST N,SAINT PETERSBURG,FL,33702,27.8365433,-82.6549732,True,ai,uncorroborated
KENNEDY WILSON,151 S EL CAMINO DR,BEVERLY HILLS,CA,90212,34.0583555,-118.4002164,True,ai,grounded
KENNEDY WILSON MULTIFAMILY,12012 SAN VICENTE BLVD STE 600,LOS ANGELES,CA,90049,34.0444042,-118.4981905,True,ai,corroborated
KENNETH COLE PRODUCTIONS,,,,,,,True,,
"KENNETH ROSE ,ESQ",,,,,,,True,,
KENSINGTON,,,,,,,True,,
KENSINGTON VANGUARD,,,,,,,True,,
KENSTON PUBLIC SCHOOLS,7900 SHERMAN RD,CHESTERLAND,OH,44026,41.5341089,-81.3586694,True,ai,corroborated
KENT ADVERTISING,,,,,,,True,,
KENT SERVICES INC,1705 S THIRD ST,COLUMBUS,OH,43207,39.927575886233,-82.994350883629,True,ai,uncorroborated
KENTWOOD,4900 BRETON RD SE,KENTWOOD,MI,49508,42.872994,-85.628015,True,ai,grounded
KENWALL STEEL,,,,,,,True,,
KEPLR VISION,,,,,,,True,,
KESSLER & KESSLER,3530 COLORADO AVE STE 200,SANTA MONICA,CA,90404,34.0326692,-118.4686884,True,ai,corroborated
KESSLER INSTITUTE FOR REHABILITATION,1199 PLEASANT VALLEY WAY,WEST ORANGE,NJ,07052,40.7849632,-74.2777835,True,ai,corroborated
KESSLER MARKETING GROUP INC,,,,,,,True,,
KESSLER SOLOMIANY LLC,,,,,,,True,,
KESSNER & RABINOWITZ,,,,,,,True,,
KESTEN FINANCIAL GROUP,,,,,,,True,,
KEW GRDNS HILLS DVLP,,,,,,,True,,
KEY CLINICS,,,,,,,True,,
KEY LIME STRATEGIES,1612 K ST NW STE 800,WASHINGTON,DC,20006,38.9022659,-77.0374983,True,ai,uncorroborated
KEY MEDIA,,,,,,,True,,
KEY MOTORS,,,,,,,True,,
KEY PROPERTIES,153 FORT LEE RD STE 2,TEANECK,NJ,07666,40.872517871899,-74.019935260362,True,manual,verified
KEYES AUTOMOTIVE GROUP,5855 VAN NUYS BLVD,VAN NUYS,CA,91401,34.1771392,-118.448807,True,manual,verified
KEYSOURCE,,,,,,,True,,
KEYSTONE BUSINESS TRANSITIONS LLC,1250 7TH ST NW,WASHINGTON,DC,20001,38.9064548,-77.0220182,True,ai,uncorroborated
KEYSTONE DEVELOPMENT AND INVESTMENT,200 BARR HARBOR DR STE 400,WEST CONSHOHOCKEN,PA,19428,40.0693588,-75.3094212,True,ai,corroborated
KEYSTONE PROPERTY GROUP,1001 CONSHOHOCKEN ST RD STE 2-100,WEST CONSHOHOCKEN,PA,19428,40.080216,-75.302504,True,manual,verified
KFC US,1441 GARDINER LN,LOUISVILLE,KY,40213,38.1999626,-85.6950601,True,ai,corroborated
KFS PROPERTIES INC,,,,,,,True,,
KGPM,,,,,,,True,,
KH DESIGNS,,,,,,,True,,
KHAN ACADEMY,10000 N TANTAU AVE STE 230,CUPERTINO,CA,95014,37.3230362,-122.006514,True,ai,uncorroborated
KHC,ONE PPG PL,PITTSBURGH,PA,15222,40.4400104,-80.0037606,True,ai,grounded
KICORP,,,,,,,True,,
KIDDESIGNS,1299 MAIN ST,RAHWAY,NJ,07065,40.60326,-74.275399,True,ai,grounded
KIDNEY MEDICAL ASSOCIATES,,,,,,,True,,
KIDS CAPITAL,,,,,,,True,,
KIDZ CONCEPTS LLC,,,,,,,True,,
KIFO,"York Gate, 100 Marylebone Road",London,,NW1 5DX,51.52338,-0.15302,True,manual,verified
KIFO,3 COLUMBUS CIR STE 1420,NEW YORK,NY,10019,40.7668741,-73.9822587,False,manual,verified
KIG,,,,,,,True,,
KIG CAPITAL REAL ESTATE,,,,,,,True,,
KILOWATT CAPITAL,1958 BROADWAY 15TH FLOOR,OAKLAND,CA,94612,37.8084243,-122.26849,True,ai,corroborated
KILPATRICK TOWNSEND & STOCKTON LLP,1100 PEACHTREE ST NE STE 2800,ATLANTA,GA,30309,33.7849076,-84.3836971,True,ai,grounded
KIMBALL SMALL PROPERTIES,110 E 59TH ST,NEW YORK,NY,10022,40.7622471,-73.9694737,True,ai,uncorroborated
KIMBER MANUFACTURING,,,,,,,True,,
KIMCO REALTY,500 N BROADWAY STE 201,JERICHO,NY,11753,40.7906553,-73.5346576,True,manual,verified
KIND LLC,120 VARICK ST 4TH FLOOR,NEW YORK,NY,10013,40.72489,-74.005816,True,ai,grounded
KINDRED HOSPICE,680 S FOURTH ST STE 300,LOUISVILLE,KY,40202,38.246648826409,-85.758352862276,True,ai,uncorroborated
KINETIC,,,,,,,True,,
KINETIC CONTENT,151 W 26TH ST 11TH FLOOR,NEW YORK,NY,10001,40.7458282,-73.9932914,True,ai,uncorroborated
KING & SPALDING,1180 PEACHTREE ST NE,ATLANTA,GA,30309,33.7869256,-84.3842034,True,ai,grounded
KING TIDE LLC,,,,,,,True,,
KINGFISHER INVESTMENT ADVISORS,,,,,,,True,,
KINGS CAPITAL,,,,,,,True,,
KINGSTONE,ONE COMMERCE PLAZA 99 WASHINGTON AVE,ALBANY,NY,12210,42.655709,-73.754868,True,ai,corroborated
KINGSWOOD US,600 LEXINGTON AVE 10TH FLOOR,NEW YORK,NY,10022,40.7580277,-73.9714246,True,ai,corroborated
KINNERET GROUP,,,,,,,True,,
KINNEY FOR DC,,,,,,,True,,
KINROSS REAL ESTATE,19575 VICTOR PKWY STE 400,LIVONIA,MI,48152,42.4313193,-83.4223397,True,ai,uncorroborated
KINSOR MANAGEMENT,1169 OCEAN AVE,BROOKLYN,NY,11230,40.6338116,-73.9575957,True,ai,grounded
KINTEGRAL ASSET MANAGEMENT LLC,,,,,,,True,,
KINZIE HOUSE DESIGNS,,,,,,,True,,
KIRKLAND & ELLIS LLP,333 W WOLF POINT PLAZA,CHICAGO,IL,60654,41.8874881,-87.6376605,True,ai,grounded
KIRSHBAUM BUSINESS ADVISORY,,,,,,,True,,
KISS ABA,,,,,,,True,,
KITE REALTY GROUP,30 S MERIDIAN ST STE 1100,INDIANAPOLIS,IN,46204,39.766104,-86.1585158,True,ai,corroborated
KITEWORKS INC,701 LEE RD STE 300,WAYNE,PA,19087,40.0694872,-75.4585158,True,ai,uncorroborated
KITSAP COUNTY SHERIFF'S OFFICE,614 DIVISION ST,PORT ORCHARD,WA,98366,47.5372072,-122.6379062,True,ai,corroborated
KITU SYSTEMS INC,3760 CONVOY ST STE 221,SAN DIEGO,CA,92111,32.812323,-117.1530199,True,manual,verified
KITZMAN FOR TEXAS (POLITICAL CAMPAIGN),,,,,,,True,,
KIXIE,110 E 1ST AVE STE 300,SAN MATEO,CA,94401,37.5691881,-122.3210165,True,ai,corroborated
KJBINC,,,,,,,True,,
KKR,9 W 57TH ST,NEW YORK,NY,10019,40.7638353,-73.9749533,True,ai,corroborated
KL CAPITAL INC,,,,,,,True,,
KLAIMAN UROLOGY,,,,,,,True,,
KLEBAN & SAMOR,,,,,,,True,,
KLEHR HARRISON,1835 MARKET ST 14TH FLOOR,PHILADELPHIA,PA,19103,39.9537066,-75.1711096,True,ai,corroborated
KLEIN CHAPLAINCY SERVICE,,,,,,,True,,
KLEIN ENTERPRISES,1777 REISTERSTOWN RD STE 165,BALTIMORE,MD,21208,39.383959,-76.724261,True,manual,verified
KLEIN HERSH,220 GIBRALTAR RD STE 150,HORSHAM,PA,19044,40.17279072048,-75.134399817656,True,manual,verified
KLEIN HONDA,2401 S MASON RD,KATY,TX,77450,29.748169,-95.736154,True,ai,uncorroborated
KLEIN'S SUPERMARKET,60 GREEN ST,EAST ORANGE,NJ,07018,40.755733,-74.217917,True,ai,uncorroborated
"KLEIN, CHAMPMAN, GREEN",,,,,,,True,,
"KLEIN, O''NEILL & SINGH LLP",100 CHURCH ST,NEW YORK,NY,10007,40.7130609,-74.0096199,True,ai,uncorroborated
KLEINBARD,1835 MARKET ST 14TH FLOOR,PHILADELPHIA,PA,19103,39.9537066,-75.1711096,True,ai,corroborated
KLEINBERG KAPLAN WOLFF & COHEN,,,,,,,True,,
KLEINPARTNERS,400 CONTINENTAL BLVD STE 600,EL SEGUNDO,CA,90245,33.9210073,-118.3902342,True,ai,grounded
KLEINS SHOPRITE OF MD,2101 ROCK SPRING RD,FOREST HILL,MD,21050,39.5751065,-76.3850329,True,ai,corroborated
KLEPAK FOUNDATION,,,,,,,True,,
KLEYNER CONSULTING LLC,,,,,,,True,,
KLINE PROPERTIES,1910 E WASHINGTON ST STE B,INDIANAPOLIS,IN,46201,39.7678362,-86.127869,True,manual,verified
KLMR PROPERTIES,,,,,,,True,,
KLNB LLC,100 W RD STE 505,TOWSON,MD,21204,39.4123432,-76.6152314,True,manual,verified
KLNF,,,,,,,True,,
KLS FINANCIAL,15233 VENTURA BLVD STE 704,SHERMAN OAKS,CA,91403,34.1540942,-118.465252,True,manual,verified
KLUGER KAPLAN,201 S BISCAYNE BLVD STE 1800,MIAMI,FL,33131,25.7722268,-80.1867876,True,ai,grounded
KMB INNOVATIONS,,SAINT LOUIS,MO,63101,,,True,manual,verified
KMG CONSULTING,,,,,,,True,,
KMM MANAGEMENT,,,,,,,True,,
KMP,,,,,,,True,,
KMS,,,,,,,True,,
KNISH SHOP,508 REISTERSTOWN RD,PIKESVILLE,MD,21208,39.3676419,-76.7171158,True,ai,grounded
KNOLL INTERNATIONAL,1230 AVE OF THE AMERICAS,NEW YORK,NY,10020,40.7589337,-73.9808983,True,ai,uncorroborated
KNOTTS DIRECT,2829 TOWNSGATE RD,WESTLAKE VILLAGE,CA,91361,34.1523964,-118.8227874,True,ai,uncorroborated
KNOW YOGA KNOW BLISS,,,,,,,True,,
KNOWLEDGE SCIENCE LLC,,,,,,,True,,
KO LAWYERS,1 W LAS OLAS BLVD 5TH FLOOR,FORT LAUDERDALE,FL,33301,26.1195989,-80.1436583,True,manual,verified
KOACH,,,,,,,True,,
KOALA,,,,,,,True,,
KOCH FERTILIZER,4111 E 37TH ST N,WICHITA,KS,67220,37.7558927,-97.289736,True,ai,corroborated
KOCHIN GROUP,,,,,,,True,,
KOHELET YESHIVA HIGH SCHOOL,15515 N 28TH DR,PHOENIX,AZ,85053,33.6285333,-112.1198752,True,ai,uncorroborated
KOHLER & HART,,,,,,,True,,
KOHRMAN JACKSON & KRANTZ,1375 E 9TH ST STE 300,CLEVELAND,OH,44114,41.5036765,-81.6891678,True,ai,corroborated
KOL AMYN,,,,,,,True,,
KOL EMETH,,,,,,,True,,
KOLSBY GORDON ROBIN & SHORE,,,,,,,True,,
KOMAR ALLIANCE,6900 WASHINGTON BLVD,MONTEBELLO,CA,90640,33.9935876,-118.1156944,True,ai,grounded
KONA ADVISORS LLC,55 W 46TH ST,NEW YORK,NY,10036,40.7570421,-73.9811254,True,ai,uncorroborated
KONA MEDIA,,,,,,,True,,
KONARD RAYNES DAVDA & VICTOR,,,,,,,True,,
"KONIGSBERG WOLF & CO, CPA",2049 CENTURY PARK EAST STE 1000,LOS ANGELES,CA,90067,34.0587104,-118.4127848,True,ai,uncorroborated
KONIKOFF DENTISTRY,,,,,,,True,,
KOOLANU LIVING,,,,,,,True,,
KOOLAU LIVING,47-200 WAIHEE RD,KANEOHE,HI,96744,21.447639,-157.82885,True,ai,uncorroborated
KOPECKY SCHUMACHER ROSENBURG LLC,,,,,,,True,,
KOPELOWITZ OSTROW PA,200 S ANDREWS AVE #100,FORT LAUDERDALE,FL,33301,26.120231,-80.1431086,True,ai,corroborated
KORENVAES MANAGEMENT LLC,3953 MAPLE AVE STE 150,DALLAS,TX,75219,32.8053184,-96.8154356,True,manual,verified
KORET FOUNDATION,ONE EMBARCADERO CENTER STE 520,SAN FRANCISCO,CA,94111,37.7944882,-122.3996223,True,ai,corroborated
KORNFELD & ASSOCIATES,,,,,,,True,,
KORNHABER DENTAL GROUP,30 S BAYLES AVE,PORT WASHINGTON,NY,11050,40.8285053,-73.686444,True,ai,grounded
KORNMEHL LASER EYE ASSOCIATES,54 WASHINGTON ST,WELLESLEY,MA,02481,42.3234054,-71.2624095,True,ai,grounded
KORNWASSER REALTY ADVISORS,8222 MELROSE AVE STE 300,LOS ANGELES,CA,90046,34.083619,-118.368912,True,ai,grounded
KORR ACQUISITIONS,,,,,,,True,,
KOS SERVICES LLC,,,,,,,True,,
KOSHER LIKE ME,,WESTPORT,CT,,,,True,manual,verified
KOSS CORPORATION,4129 N PORT WASHINGTON RD,MILWAUKEE,WI,53212,43.0948293,-87.9169619,True,manual,verified
KOSSOW MANAGEMENT CORP,1701 K ST NW,WASHINGTON,DC,20006,38.9029793,-77.0387054,True,ai,uncorroborated
KOTEL PARTNERS,4849 RUGBY AVE 1ST FLOOR,BETHESDA,MD,20814,38.9912295,-77.0989404,True,ai,grounded
KOVITZ INVESTMENT GROUP,500 N MICHIGAN AVE STE 2100,CHICAGO,IL,60611,41.8911749,-87.6247097,True,ai,corroborated
KOZYAK TROPIN AND THROCKMORTON,2525 PONCE DE LEON BLVD STE 900,CORAL GABLES,FL,33134,25.7482134,-80.2581653,True,ai,corroborated
KPMG,345 PARK AVE,NEW YORK,NY,10154,40.7577559,-73.9722731,True,ai,corroborated
KPMG NORTHEAST,345 PARK AVE,NEW YORK,NY,10154,40.7577559,-73.9722731,True,ai,uncorroborated
KPR CENTERS,1739 K ST NW,WASHINGTON,DC,20006,38.9026056,-77.0401546,True,ai,uncorroborated
KRAFF EYE,130 W MT PLEASANT AVE,LIVINGSTON,NJ,07039,40.7952355,-74.3218398,True,ai,uncorroborated
KRAFT FAMILY PHILANTHROPIES,ONE PATRIOT PL,FOXBORO,MA,02035,42.0894304,-71.2603702,True,ai,grounded
KRAMER ASSOCIATES,,,,,,,True,,
KRAMER BEVERAGE,161 S 2ND RD,HAMMONTON,NJ,08037,39.6173397,-74.8174435,True,ai,grounded
KRAMER DIRECT,100 N CENTRAL EXPY STE 300,RICHARDSON,TX,75080,32.9515485,-96.7328542,True,manual,verified
KRAMER ENTERPRISES,,,,,,,True,,
KRAMER LEVIN NAFTALIS & FRANKEL,1177 AVE OF THE AMERICAS,NEW YORK,NY,10036,40.7573123,-73.9827582,True,ai,corroborated
KRANE FUNDS ADVISORS,277 PARK AVE 31ST FLOOR,NEW YORK,NY,10172,40.755263,-73.9742085,True,ai,corroborated
KRAUSS DERMATOLOGY,,,,,,,True,,
KREINDLER & KREINDLER LLP,750 THIRD AVE,NEW YORK,NY,10017,40.753762844225,-73.972352978967,True,ai,corroborated
KREMER EYE,,,,,,,True,,
KRG CAPITAL PARTNERS,1800 LARIMER ST STE 2200,DENVER,CO,80202,39.7514135,-104.9940867,True,ai,grounded
KRIEGER WATCH CORPORATION,1140 N ALMA SCHOOL RD STE 210,CHANDLER,AZ,85224,33.3211152,-111.8592296,True,ai,uncorroborated
KRIPKE ENTERPRISES,,,,,,,True,,
KRISS & FEUERSTEIN LLP,360 LEXINGTON AVE 16TH FLOOR,NEW YORK,NY,10017,40.7504859,-73.9771542,True,ai,corroborated
KRISS CAPITAL LLC,111 W 19TH ST,NEW YORK,NY,10011,40.7408894,-73.9954138,True,ai,corroborated
KRM WEALTH MANAGEMENT,,,,,,,True,,
KROGER,1014 VINE ST,CINCINNATI,OH,45202,39.1067499,-84.5139042,True,ai,corroborated
KROLL,ONE WORLD TRADE CENTER 285 FULTON ST 31ST FLOOR,NEW YORK,NY,10007,40.7129992,-74.0131894,True,ai,grounded
KROLL,2 EMERSON LN STE 200,SECAUCUS,NJ,07094,40.785118378213,-74.064117775281,False,ai,grounded
KROLL,300 HEADQUARTERS PLAZA EAST TOWER 11TH FLOOR,MORRISTOWN,NJ,07960,40.779235,-74.502462,False,ai,grounded
KROST,2875 MICHELLE DR STE 150,IRVINE,CA,92606,33.7186016,-117.7973527,True,ai,uncorroborated
KRUPP PUBLIC RELATIONS,55 WATER ST,NEW YORK,NY,10041,40.7032255,-74.0090671,True,ai,corroborated
KRYSTAL CLEAR COMMUNICATIONS,,,,,,,True,,
KSDS,,,,,,,True,,
KSL GLOBAL MARKET RESEARCH,6614 CLAYTON RD STE 182,SAINT LOUIS,MO,63117,38.6334451,-90.3048378,True,ai,grounded
KSOSN,,,,,,,True,,
KTBS LAW LLP,1801 CENTURY PARK EAST 26TH FLOOR,LOS ANGELES,CA,90067,34.062764076536,-118.415828733729,True,ai,grounded
KTND,,,,,,,True,,
KUKLER RESTAURANT ADVISORY,,,,,,,True,,
KULBERSH HEALTH SCREENING SERVICES,,,,,,,True,,
KULLY HALL LLC,,,,,,,True,,
KURSH LLC,1180 AVE OF THE AMERICAS 3RD FLOOR,NEW YORK,NY,10036,40.7574015,-73.9819995,True,ai,uncorroborated
KURZWEIL TECHNOLOGIES,2 DEARBORN RD STE 100,WALTHAM,MA,02453,42.368685,-71.241103,True,ai,uncorroborated
KUSHNER ADVISORS,,,,,,,True,,
KUSTOFF AND SANDERS LLP,,,,,,,True,,
KUTAK ROCK,1650 FARNAM ST,OMAHA,NE,68102,41.257524,-95.9383216,True,ai,uncorroborated
KUTNICK FAMILY,,,,,,,True,,
KVS TITLE,7700 OLD GEORGETOWN RD,BETHESDA,MD,20814,38.986448,-77.0978205,True,ai,corroborated
KW DOMAIN,,,,,,,True,,
KWALU LLC,6160 PEACHTREE DUNWOODY RD BLDG C,ATLANTA,GA,30328,33.933259,-84.386656,True,ai,grounded
"KWASNY, REILLY, HAFT & SACCO",55 W 39TH ST,NEW YORK,NY,10018,40.7523912,-73.9839779,True,ai,uncorroborated
KYHS,,,,,,,True,,
KYNDRYL,350 PARK AVE,NEW YORK,NY,10022,40.75822,-73.9735329,True,ai,grounded
L M SANDLER AND SONS INC,448 VIKING DR STE 220,VIRGINIA BEACH,VA,23452,36.8269512,-76.0725771,True,ai,grounded
L&L INFINITE REAL ESTATE PARTNERS,,,,,,,True,,
L&M FOOTWEAR INC,10 W 33RD ST FL 6,NEW YORK,NY,10001,40.7479614,-73.9857859,True,ai,uncorroborated
L&S ADVISORS,1999 AVE OF THE STARS,LOS ANGELES,CA,90067,34.058647,-118.4166661,True,ai,corroborated
L'ALLIANCE NY,,,,,,,True,,
L. & J. ASSOCIATES,,,,,,,True,,
L.M. COHEN & CO LLP,ONE LINCOLN PLAZA 21 W 65TH ST,NEW YORK,NY,10023,40.774567,-73.979016,True,ai,corroborated
L/O ANDREW WRIGHT,,,,,,,True,,
L3 HOSPITALITY GROUP,100 W KINZIE ST STE 275,CHICAGO,IL,60654,41.8893505,-87.63136,True,ai,grounded
L3HARRIS,1025 W NASA BLVD,MELBOURNE,FL,32919,28.0927294,-80.6374213,True,ai,grounded
LA CORPORATION,,,,,,,True,,
LA COUNTY,500 W TEMPLE ST,LOS ANGELES,CA,90012,34.0568474,-118.2462025,True,ai,corroborated
LA DENTIST,,,,,,,True,,
LA FAMILY FORUM,632 W 6TH ST STE 200,LOS ANGELES,CA,90071,34.048931,-118.25572,True,ai,uncorroborated
LA MAMBA,,,,,,,True,,
LA MOM MAGAZINE,13101 WASHINGTON BLVD STE 200,LOS ANGELES,CA,90066,33.994067,-118.440713,True,ai,corroborated
LA UNIFIED,333 S BEAUDRY AVE,LOS ANGELES,CA,90017,34.0562396,-118.2572592,True,ai,corroborated
LAB LAKE CAPITAL,,,,,,,True,,
LABBIDZ LLC,,,,,,,True,,
LABEL & CO. DEVELOPMENTS INC,,,,,,,True,,
LABOVICK LAW GROUP,5220 HOOD RD,PALM BEACH GARDENS,FL,33418,26.8647071,-80.1151153,True,ai,corroborated
LAFFA LLC,111 N MAIN ST,TULSA,OK,74103,36.157882,-95.993171,True,manual,verified
LAGEMANN CONSULTING LLC,,,,,,,True,,
LAHEY HOSPITAL,41 MALL RD,BURLINGTON,MA,01805,42.4846439,-71.2042249,True,ai,uncorroborated
LAJH,,,,,,,True,,
LAKE COOK NEUROLOGICAL CONSULTANTS,1360 N MILWAUKEE AVE STE 300,LIBERTYVILLE,IL,60048,42.2973425,-87.956444,True,ai,corroborated
LAKESHORE,,,,,,,True,,
LAKESIDE SOFTWARE,2 OLIVER ST STE 700,BOSTON,MA,02109,42.3572063,-71.0545494,True,manual,verified
LAKEVIEW LOAN SERVICING LLC,4425 PONCE DE LEON BLVD NE STE 300,CORAL GABLES,FL,33146,25.72085,-80.272571,True,ai,corroborated
LALLIANCE NEW YORK,,,,,,,True,,
LALLO'S 441,,,,,,,True,,
LAMAR ADVERTISING COMPANY,100 BRADY AVE,BATON ROUGE,LA,70808,30.404146,-91.139137,True,ai,corroborated
LAMB LLC,,,,,,,True,,
LAMB PARTNERS,,,,,,,True,,
LAMBDA FUND MANAGEMENT,101 FEDERAL ST,BOSTON,MA,02110,42.354929,-71.0567125,True,ai,uncorroborated
LAMBERT MEDIA GROUP,11400 W OLYMPIC BLVD STE 590,LOS ANGELES,CA,90064,34.0361538,-118.4428548,True,ai,grounded
LAMDEINU,893 COLUMBUS AVE STE 3B,NEW YORK,NY,10025,40.797688,-73.9638866,True,ai,uncorroborated
LAMPERT COMPANIES,2600 GRAND BLVD STE 700,KANSAS CITY,MO,64108,39.0794801,-94.5837413,True,ai,uncorroborated
LAND 'N SEA,,,,,,,True,,
LANDAU ADVISORY,250 W 57TH ST,NEW YORK,NY,10107,40.7663468,-73.9824049,True,ai,corroborated
LANDAU CARRIAGE,,,,,,,True,,
LANDAU LAW PLLC,1101 CONNECTICUT AVE NW STE 450,WASHINGTON,DC,20036,38.9039314,-77.0397511,True,ai,uncorroborated
LANDER & LANDER,1901 S ALAMO ST,SAN ANTONIO,TX,78204,29.4118835,-98.5010396,True,ai,uncorroborated
LANDING POINT,2 GRAND CENTRAL TOWER 140 E 45TH ST 20TH FLOOR,NEW YORK,NY,10017,40.752387,-73.972678,True,ai,grounded
LANDMAN CORSI,,,,,,,True,,
LANDMARK,,,,,,,True,,
LANDMARK CAPITAL II LLC,,,,,,,True,,
LANDMARK COMPANIES LLC,909 LOCUST ST STE 502,PHILADELPHIA,PA,19107,39.947278,-75.156445,True,ai,uncorroborated
LANDSBERG JEWELERS INC,26 MAIN ST,WHITE PLAINS,NY,10601,41.0317227,-73.7734972,True,ai,corroborated
LANDSTAR DEVELOPMENT GROUP,13410 SUTTON PARK DR S STE 300,JACKSONVILLE,FL,32224,30.2548139,-81.4625552,True,ai,corroborated
LANE & NACH PC,120 BROADWAY STE 1980,NEW YORK,NY,10271,40.7082035,-74.0105065,True,ai,uncorroborated
LANE ENTERPRISES,275 GRANDVIEW AVE STE 300,CAMP HILL,PA,17011,40.23483,-76.928846,True,ai,grounded
LANE POWELL,1420 5TH AVE STE 4100,SEATTLE,WA,98101,47.610486,-122.3346274,True,ai,corroborated
LANE4 PROPERTY GROUP,,,,,,,True,,
LANG PHARMA NUTRITION,5000 CENTREGREEN WAY STE 200,CARY,NC,27513,35.8270307,-78.7993754,True,ai,uncorroborated
LANGDON STREET CAPITAL,1007 N MARKET ST STE 1100,WILMINGTON,DE,19801,39.7457443,-75.5477859,True,ai,uncorroborated
LANGSAM PROPERTY SERVICES,1601 BRONXDALE AVE,BRONX,NY,10462,40.8429036,-73.8584303,True,manual,verified
LANSDALE,,,,,,,True,,
LANX PARTNERS,104 W 40TH ST FL 19,NEW YORK,NY,10018,40.7535612,-73.9858179,True,ai,grounded
LANY WI LLC,222 BROADWAY 19TH FLOOR,NEW YORK,NY,10038,40.710852,-74.0083931,True,ai,uncorroborated
LAPIN LANDA NOLAN LLP,,,,,,,True,,
LAPIS MANAGEMENT,420 LEXINGTON AVE STE 300,NEW YORK,NY,10170,40.7524677,-73.9757799,True,ai,uncorroborated
LAPL,630 W 5TH ST 11TH FLOOR,LOS ANGELES,CA,90071,34.0508201,-118.2554523,True,ai,corroborated
LARKSPUR-CORTE MADERA SCHOOL DISTRICT,230 DOHERTY DR,LARKSPUR,CA,94939,37.9380867,-122.5311298,True,ai,corroborated
LARRY A. CHAMBERS LTD,,,,,,,True,,
"LARRY D EISENBERG, MD",,,,,,,True,,
"LARRY E. GOLDSTEIN, MD",,,,,,,True,,
LARRY PITT & ASSOCIATES,,,,,,,True,,
LARRYTHECOMPUTERGUY.BIZ,,,,,,,True,,
LARSON GARRICK AND LIGHTFOOT,,,,,,,True,,
LARSTRAND CORP,,,,,,,True,,
LAS VEGAS SUN,800 S 6TH ST,LAS VEGAS,NV,89101,36.160531,-115.145015,True,ai,corroborated
LASC,,,,,,,True,,
LASER ME,,,,,,,True,,
LASHGOLDBERG,660 MADISON AVE 6TH FLOOR,NEW YORK,NY,10065,40.7647391,-73.9711425,True,ai,uncorroborated
LASS,,,,,,,True,,
LASZLO STRATEGIES,1201 CONNECTICUT AVE NW STE 500,WASHINGTON,DC,20036,38.9061861,-77.0406775,True,ai,uncorroborated
LATHAM & WATKINS,10250 CONSTELLATION BLVD STE 1100,LOS ANGELES,CA,90067,34.0570451,-118.417508,True,manual,verified
LATHROP GAGE,2345 GRAND BLVD STE 2200,KANSAS CITY,MO,64108,39.0846722,-94.5812608,True,ai,grounded
LATHROPGPM,2345 GRAND BLVD STE 2200,KANSAS CITY,MO,64108,39.0846722,-94.5812608,True,ai,grounded
LATICRETE,,,,,,,True,,
LATIMER LEVAY FYOCK,1001 PENNSYLVANIA AVE SE,WASHINGTON,DC,20003,38.8830267,-76.9916225,True,ai,uncorroborated
LATIN LIQUORS LIMITED,,,,,,,True,,
LATITUD,,,,,,,True,,
LATTICE CONSULTING LLC,700 S FLOWER ST 37TH FLOOR,LOS ANGELES,CA,90017,34.0481796,-118.258832,True,ai,uncorroborated
LAUDER PARTNERS,767 FIFTH AVE 40TH FLOOR,NEW YORK,NY,10153,40.764198937052,-73.972984640586,True,ai,grounded
LAUDER PARTNERS,88 MERCEDES LN,ATHERTON,CA,94027,37.459012264858,-122.200951193264,False,ai,grounded
LAUNCH PAD LLC,,,,,,,True,,
"LAURA HUGGLER, PH.D",,,,,,,True,,
LAURAND ASSOCIATES INC,20900 NE 30TH AVE STE 102,MIAMI,FL,33180,25.9694879,-80.142689,True,manual,verified
LAUREATE MEDICAL GROUP,3400 OLD MILTON PKWY BUILDING C STE 500,ALPHARETTA,GA,30005,34.08905,-84.217019,True,ai,grounded
LAUREN GELLER,,,,,,,True,,
LAUREN GOLD DESIGN,,,,,,,True,,
LAUTREC LTD,,,,,,,True,,
LAVIN & GEDVILLE PC,1849 GREEN BAY RD STE 440,HIGHLAND PARK,IL,60035,42.1856938,-87.8018909,True,ai,grounded
LAVISTA,,,,,,,True,,
LAVITSKY COMPUTER LABORATORIES INC,865 SHERWOOD RD,BRIDGEWATER,NJ,08807,40.6169631,-74.6121584,True,manual,verified
LAW COUNSEL,,,,,,,True,,
LAW IFFICE OF LESLIE R JANIS,,,,,,,True,,
LAW OFC OF MARC SALZBERG,,,,,,,True,,
LAW OFFICE DAVID GRAYCK,,,,,,,True,,
LAW OFFICE MICHELE LICHT,,,,,,,True,,
LAW OFFICE O FSHERI GOLDBERG,,,,,,,True,,
LAW OFFICE OF ALAN E. LUBEL,,,,,,,True,,
LAW OFFICE OF DANIEL MILLER,,,,,,,True,,
LAW OFFICE OF DAVID I KARP,,,,,,,True,,
LAW OFFICE OF DAVINA MASSEY,,,,,,,True,,
LAW OFFICE OF DOUGLAS E. JAFFE,,,,,,,True,,
LAW OFFICE OF ELI BURMAN LLC,1372 BROADWAY STE 511,NEW YORK,NY,10018,40.7523476,-73.9872394,True,ai,uncorroborated
LAW OFFICE OF HARVEY STERN,,,,,,,True,,
LAW OFFICE OF INNES SMOLANSKY,,,,,,,True,,
LAW OFFICE OF JOHN S WALLACH,,,,,,,True,,
LAW OFFICE OF JOSEPH LICHTER,,,,,,,True,,
LAW OFFICE OF KARL S. THURMOND,,,,,,,True,,
LAW OFFICE OF KEVIN R. FISHER LLC,,,,,,,True,,
LAW OFFICE OF LESLIE B. YOFFIE,,,,,,,True,,
LAW OFFICE OF MIGUEL LEFF,,,,,,,True,,
LAW OFFICE OF PAMELA WEISBERG,,,,,,,True,,
LAW OFFICE OF RANDY POLLACK,,,,,,,True,,
LAW OFFICE OF RICHARD S. CORNFELD,1010 MARKET ST STE 1645,SAINT LOUIS,MO,63101,38.626954425054,-90.19654091995,True,ai,grounded
LAW OFFICE OF SCOTT E KAUFF,,,,,,,True,,
LAW OFFICE OF SHIRA KAUFMAN PLLC,,,,,,,True,,
LAW OFFICE OF THOMAS SEATON,,,,,,,True,,
LAW OFFICES AND BERSHIRE HATHAWAY,3555 FARNAM ST,OMAHA,NE,68131,41.2574068,-95.9653894,True,ai,grounded
LAW OFFICES JOEL H GREENBURG LTD,,,,,,,True,,
LAW OFFICES OF ALAN M. COHEN & ASSOCIATES,,,,,,,True,,
LAW OFFICES OF ALICE B. NEWMAN PLLC,,,,,,,True,,
LAW OFFICES OF BORIS E. EFRON,,,,,,,True,,
LAW OFFICES OF BRADLEY W. HERTZ,,,,,,,True,,
LAW OFFICES OF DANIEL B. SPITZER,,,,,,,True,,
LAW OFFICES OF DAVID N. SCHULTZ,,,,,,,True,,
LAW OFFICES OF ELLIOT WEINREB,,,,,,,True,,
LAW OFFICES OF ELLYN BANK DUGOW PC,2 PARK AVE,NEW YORK,NY,10016,40.7463564,-73.9825765,True,ai,grounded
LAW OFFICES OF FRANK B. CAHN PA,701 S OLIVE AVE STE 300,WEST PALM BEACH,FL,33401,26.7063799,-80.0523329,True,ai,uncorroborated
LAW OFFICES OF GENE GOLDSMAN,,,,,,,True,,
LAW OFFICES OF GOLDBERG & ORIEL,,,,,,,True,,
"LAW OFFICES OF IRA BENJAMIN KATZ, APC",,,,,,,True,,
LAW OFFICES OF IRINA ROLLER PLLC,350 5TH AVE STE 7710,NEW YORK,NY,10118,40.7484421,-73.9856589,True,ai,corroborated
LAW OFFICES OF JEFFREY E. GOLDMAN,,,,,,,True,,
LAW OFFICES OF JONATHAN A. SORKOWITZ,,,,,,,True,,
LAW OFFICES OF JONATHAN J. DELSHAD,,,,,,,True,,
LAW OFFICES OF JONATHAN STEIN,,,,,,,True,,
"LAW OFFICES OF KEITH J. COHEN, ESQUIRE PC",585 SKIPPACK PIKE STE 200,BLUE BELL,PA,19422,40.1518025,-75.264933,True,manual,verified
LAW OFFICES OF LAWRENCE B. GILL PC,1100 GLENDON AVE 14TH FLOOR,LOS ANGELES,CA,90024,34.060771589761,-118.444354019872,True,ai,grounded
"LAW OFFICES OF LAWRENCE ELKUS, PROFESSIONAL CORPORATION",,,,,,,True,,
LAW OFFICES OF LORI A. GARBER,,,,,,,True,,
LAW OFFICES OF NUSSIN S FOGEL PLLC,305 BROADWAY STE 601,NEW YORK,NY,10007,40.7154521,-74.0054297,True,ai,corroborated
LAW OFFICES OF REGINA SKYER,,,,,,,True,,
LAW OFFICES OF SANDRA S. KASS,,,,,,,True,,
LAW OFFICES OF SARA A. GOLDBERG PA,,,,,,,True,,
"LAW OFFICES OF SCOTT SPITZER, LCC",,,,,,,True,,
LAW OFFICES OF STEPHEN KUPERBERG LLC,,,,,,,True,,
LAW OFFICES OF STUART A. COHN,,,,,,,True,,
LAW OFFICES OF STUART D ZIMRING,,,,,,,True,,
LAW OFFICES OF THOMAS N JACOBSON,,,,,,,True,,
LAWFARE PROJECT,1620 I ST NW STE 810,WASHINGTON,DC,20006,38.9010436,-77.0374925,True,ai,uncorroborated
LAWLAND CORP,770 LEXINGTON AVE 11TH FLOOR,NEW YORK,NY,10065,40.7631713,-73.9678678,True,manual,verified
LAWRENCE BERKELEY NATIONAL LAB,1 CYCLOTRON RD,BERKELEY,CA,94720,37.8743429,-122.2523379,True,ai,grounded
LAWRENCE BERKELEY NATIONAL LAB,2800 MITCHELL DR,WALNUT CREEK,CA,94598,37.930739250943,-122.021873671187,False,ai,grounded
LAWRENCE FINANCIAL,501 OFFICE CENTER DR STE 200,FORT WASHINGTON,PA,19034,40.1423219,-75.1727157,True,ai,uncorroborated
LAWRENCE GORDON MD PLLC,,,,,,,True,,
"LAWRENCE GRUNFELD, MD",,,,,,,True,,
LAWRENCE J. BERGER PC,1200 BRICKELL AVE STE 1208,MIAMI,FL,33131,25.7621104,-80.1923056,True,ai,uncorroborated
LAWRENCE LAKE INTERIORS,,,,,,,True,,
LAWRENCE LIVERMORE NATIONAL LABORATORY,7000 E AVE,LIVERMORE,CA,94550,37.6820273,-121.7062915,True,manual,verified
LAWRENCE W GENET PA,,,,,,,True,,
LAWSON ATTORNEYS PLLC,,DALLAS,TX,75201,,,True,manual,verified
LAZ PARKING,755 MAIN ST 14TH FLOOR,HARTFORD,CT,06103,41.7654706,-72.6739404,True,ai,grounded
LAZAR PC,,,,,,,True,,
LAZARD FRERES & CO,30 ROCKEFELLER PLAZA,NEW YORK,NY,10112,40.7591232,-73.979556,True,manual,verified
LAZARUS & HARRIS LLP,561 SEVENTH AVE,NEW YORK,NY,10018,40.75476918629,-73.987789166127,True,ai,grounded
LAZEGA & JOHANSON LLC,1000 POTOMAC ST NW STE 300,WASHINGTON,DC,20007,38.9033684,-77.0651015,True,ai,uncorroborated
LB GLOBAL,,,,,,,True,,
LBH SALES INC,,,,,,,True,,
LCA BANK CORP,310 S MAIN ST STE 900,SALT LAKE CITY,UT,84101,40.7555187,-111.8909896,True,ai,grounded
LDA,,,,,,,True,,
LDI,,,,,,,True,,
LDJ ASSOCIATES,725 FIFTH AVE STE 500,NEW YORK,NY,10022,40.762473200913,-73.97424247311,True,ai,uncorroborated
LDJ MARKETING CONSULTING,,,,,,,True,,
LDR,,,,,,,True,,
LDR EQUITIES,,,,,,,True,,
LDR INDUSTRIES,,,,,,,True,,
LDUB LLC,,LITTLE ELM,TX,,,,True,manual,verified
LEA,,,,,,,True,,
LEAD BANK,115 SW ASH ST,ALBANY,OR,97321,44.65345,-123.139526,True,ai,uncorroborated
LEAD COACH LLC,,,,,,,True,,
LEADBURY COMPANY,,,,,,,True,,
LEADING EDGE ENDODONTICS,,,,,,,True,,
LEAN FORWARD PUBLISHING,,,,,,,True,,
LEAPTIDECAPITAL,,,,,,,True,,
LEARNING RESOURCES INC,1000 CHURCH LN,VERNON HILLS,IL,60061,42.232851,-87.95893,True,ai,corroborated
LEARSI,,,,,,,True,,
LEBEN HOME FOR ADULTS,,,,,,,True,,
LEBO'S,,,,,,,True,,
LEBOWITZ & MZHEN LLC,,,,,,,True,,
LEC,,,,,,,True,,
LECG,1270 AVE OF THE AMERICAS 7TH FLOOR,NEW YORK,NY,10020,40.760098,-73.9798033,True,ai,uncorroborated
LEDER REALTY & MANAGEMENT,4755 TECHNOLOGY WAY STE 202,BOCA RATON,FL,33431,26.389174274636,-80.104037552386,True,manual,verified
LEE,,,,,,,True,,
LEE ALPERT AND COMPANY,3033 E 1ST AVE STE 725,DENVER,CO,80206,39.7192037,-104.9517183,True,ai,grounded
LEE M SMITH & ASSOCIATES CO LPA,,,,,,,True,,
LEE MICHAELS FINE JEWELRY,200 PARK AVE S,NEW YORK,NY,10003,40.7368886,-73.9892348,True,ai,uncorroborated
LEEBER COHEN MD,,,,,,,True,,
LEEDS HOLDINGS S,,,,,,,True,,
LEEDS HOLDINGS S/E INC,,,,,,,True,,
LEFFELL FOUNDATION,305 E 46TH ST,NEW YORK,NY,10017,40.7522373,-73.969755,True,ai,corroborated
LEFFELL SCHOOL,155 E WILLOW ST,SCHENECTADY,NY,12305,42.7828038,-73.9688352,True,ai,corroborated
LEFTIN INVESTMENT COMPANY,333 WESTCHESTER AVE,RYE BROOK,NY,10573,41.0077214,-73.688365,True,ai,uncorroborated
LEGACY CAPITAL,,,,,,,True,,
LEGACY HEART CENTER,8201 PRESTON RD STE 900,DALLAS,TX,75225,32.8626643,-96.8048991,True,ai,corroborated
LEGACY HERITAGE FOUNDATION,,,,,,,True,,
LEGACY REAL ESTATE VENTURES,4701 CREEK RD STE 137,MINNEAPOLIS,MN,55450,44.872084,-93.228993,True,ai,uncorroborated
LEGACY SERVICE PARTNERS,2001 ROSS AVE STE 1500,DALLAS,TX,75201,32.7876162,-96.7992456,True,ai,uncorroborated
LEGAL AID SOCIETY,199 WATER ST,NEW YORK,NY,10038,40.7068659,-74.0043534,True,ai,corroborated
LEGAL SEARCH SOLUTIONS INC,200 PARK AVE S,WINTER PARK,FL,32789,28.596661,-81.350942,True,ai,corroborated
LEGAL TIMES,3050 K ST NW,WASHINGTON,DC,20007,38.9016729,-77.060962,True,ai,uncorroborated
LEGEND MERCHANT,,,,,,,True,,
LEGENDS OF LEARNING,2710 SCIENCE PARK RD STE 102,WILMINGTON,DE,19810,39.818682,-75.506183,True,ai,uncorroborated
LEGION,,,,,,,True,,
LEHIGH VALLEY DAIRIES,1706 N 16TH ST,ALLENTOWN,PA,18104,40.6114356,-75.4968993,True,ai,corroborated
LEHMAN FIRM,,,,,,,True,,
LEIBSOHN AND COMPANY,230 FIFTH AVE STE 1900,NEW YORK,NY,10001,40.744040235877,-73.987850297677,True,ai,uncorroborated
LEIFER CAPITAL ADVISERS LLC,86 CLEMENTS RD,NEWTON,MA,02458,42.3413372,-71.1868822,True,ai,grounded
LEIGHTON PANOFF LAW,,,,,,,True,,
LEIN MANAGEMENT,,,,,,,True,,
LENDBUZZ,3100 CLARENDON BLVD STE 600,ARLINGTON,VA,22201,38.8864256,-77.0952568,True,ai,uncorroborated
LENDINGONE,1308 W 4TH ST STE 100,TAMPA,FL,33607,27.965234,-82.519051,True,ai,corroborated
LENDMARK FINANCIAL SERVICES,4285 COMMERCE DR,BOWLING GREEN,KY,42104,36.876864,-86.45119,True,ai,uncorroborated
LENORE ENTERTAINMENT GROUP,,,,,,,True,,
LEON KOROL CO,2050 E DEVON AVE,ELK GROVE VILLAGE,IL,60007,41.9925701,-88.029283,True,manual,verified
LEON LEVINE FOUNDATION,310 S TRYON ST STE 1400,CHARLOTTE,NC,28202,35.2255769,-80.8455698,True,ai,corroborated
LEON ZOLAND AND SON INC,146-14 184TH ST,JAMAICA,NY,11434,40.677857,-73.777073,True,ai,corroborated
LEONARD GREEN & PARTNERS,11111 SANTA MONICA BLVD STE 2000,LOS ANGELES,CA,90025,34.047389087424,-118.4453543253,True,ai,grounded
LEONARD LEVINE METALS CORP,130 HECLA ST,HOLLIS,NY,12401,,,True,ai,uncorroborated
LERCH EARLY & BREWER,7600 WISCONSIN AVE STE 700,BETHESDA,MD,20814,38.986033,-77.094801,True,ai,grounded
LERMAN CORP,2000 K ST NW STE 600,WASHINGTON,DC,20006,38.902443,-77.045055,True,ai,uncorroborated
LERNER AND CO,600 13TH ST NW STE 900,WASHINGTON,DC,20005,38.8978896,-77.0299767,True,ai,uncorroborated
LERNER FOUNDATION,,,,,,,True,,
LERNER RESIDENTIAL,5009 MONROE RD STE 200,CHARLOTTE,NC,28205,35.1918216,-80.777387,True,ai,grounded
LES GROSINGER,,,,,,,True,,
LESLIE 2 HOLDING LLC,,,,,,,True,,
LESRO INDUSTRIES,,,,,,,True,,
LET THERE BE WATER LLC,,,,,,,True,,
LETTUCE ENTERTAIN YOU ENTERPRISES,5419 N SHERIDAN RD STE 116,CHICAGO,IL,60640,41.980359,-87.6549857,True,manual,verified
LEVA HAWES MASON MARTIN E,,,,,,,True,,
LEVATA,200 W MONROE ST 23RD FLOOR,CHICAGO,IL,60606,41.8809684,-87.6342955,True,ai,grounded
LEVCO MANAGEMENT,,,,,,,True,,
LEVENFELD PEARLSTEIN LLC,2 N LASALLE ST STE 1300,CHICAGO,IL,60602,41.8823579,-87.632809,True,ai,corroborated
LEVIN AND ROSENSTEIN,14120 CHINKAPIN DR,ROCKVILLE,MD,20850,39.0877822,-77.2149034,True,ai,grounded
LEVIN CONSULTING,,,,,,,True,,
LEVINE & BLIT LLP,100 S BROAD ST STE 1620,PHILADELPHIA,PA,19110,39.950768,-75.164143,True,ai,uncorroborated
LEVINE BUILDERS,,,,,,,True,,
LEVINE HOMES CONSTRUCTION,,,,,,,True,,
LEVINE JCC,5007 PROVIDENCE RD,CHARLOTTE,NC,28226,35.1465359,-80.7894007,True,ai,corroborated
LEVINE LEICHTMAN CAPITAL PARTNERS,233 WILSHIRE BLVD STE 700,SANTA MONICA,CA,90401,34.0192694,-118.4981403,True,ai,corroborated
LEVINE MUSEUM OF THE NEW SOUTH,200 E 7TH ST,CHARLOTTE,NC,28202,35.2282099,-80.8387318,True,ai,corroborated
LEVINE ORGANIZATION,445 BROADHOLLOW RD STE 430,MELVILLE,NY,11747,40.775222,-73.4198166,True,ai,grounded
LEVINE PROPERTIES,,,,,,,True,,
LEVINE PROPERTY INVESTMENTS,,,,,,,True,,
LEVITCH STANLEY MENDELL LLP,10940 WILSHIRE BLVD STE 1220,LOS ANGELES,CA,90024,34.0580322,-118.4450834,True,ai,grounded
LEVITICUS PARTNERS,1000 SANSOME ST STE 300,SAN FRANCISCO,CA,94111,37.7996876,-122.4021534,True,ai,uncorroborated
LEVITTOWN SCHOOL DISTRICT,150 ELLISON AVE,LEVITTOWN,NY,11756,40.724512,-73.516326,True,ai,corroborated
LEVORITZ LAW,200 VESEY ST 24TH FLOOR,NEW YORK,NY,10281,40.7135678,-74.0148836,True,ai,grounded
LEVY & DRONEY,,,,,,,True,,
LEVY AFFILIATED HOLDINGS LLC,201 WILSHIRE BLVD SECOND FLOOR,SANTA MONICA,CA,90401,34.016099,-118.492454,True,ai,grounded
LEVY AND ASSOCIATES,,,,,,,True,,
LEVY CONSULTING,,,,,,,True,,
LEVY RESTAURANTS,6250 N RIVER RD STE 600,ROSEMONT,IL,60018,41.9936599,-87.8616208,True,ai,uncorroborated
LEWIS THOMASON,424 CHURCH ST STE 2000,NASHVILLE,TN,37219,36.1637447,-86.7801461,True,ai,corroborated
LEWIS/KLEIN PROPERTIES,,,,,,,True,,
LEWISRICE,1251 AVE OF THE AMERICAS,NEW YORK,NY,10020,40.7600411,-73.9818903,True,ai,uncorroborated
LEX DIAMOND CO,550 S HILL ST STE 510,LOS ANGELES,CA,90013,34.048012977914,-118.252399284421,True,manual,verified
LEXICON STRATEGIES,3017 BOLLING WAY NE STE 226,ATLANTA,GA,30305,33.8373811,-84.3801307,True,ai,grounded
LEXMORE CORPORATION,,,,,,,True,,
LEXUS,19001 S WESTERN AVE,TORRANCE,CA,90501,33.858237,-118.309477,True,ai,uncorroborated
LEXUS OF LEHIGH VALLEY,3001 S 12TH ST,ALLENTOWN,PA,18103,40.5746696,-75.4758398,True,ai,corroborated
LG CAPITAL PARTNERS,601 LEXINGTON AVE 54TH FLOOR,NEW YORK,NY,10022,40.7587794,-73.9704834,True,ai,uncorroborated
LGBTQ VICTORY FUND,575 7TH ST NE STE 300,WASHINGTON,DC,20002,38.8971002,-76.9960626,True,ai,uncorroborated
LGN,,,,,,,True,,
LH MERCANTILE,,,,,,,True,,
LHOIST,200 ASHFORD CENTER NORTH STE 300,ATLANTA,GA,30338,33.946218,-84.318119,True,ai,corroborated
LIBENU,,,,,,,True,,
LIBERTY DIST,,,,,,,True,,
LIBERTY MEDIA,12300 LIBERTY BLVD STE 300,ENGLEWOOD,CO,80112,39.5531875,-104.8457162,True,ai,corroborated
LIBERTY MUTUAL,175 BERKELEY ST,BOSTON,MA,02116,42.3500614,-71.071675,True,ai,corroborated
LIBERTY OFFICE SUITES,431 E LAS OLAS BLVD STE 140,FORT LAUDERDALE,FL,33301,26.1191233,-80.138366,True,ai,uncorroborated
LIBERTY VEGETABLE OIL,,,,,,,True,,
LIBERTY WEST INC,16027 VENTURA BLVD # 550,ENCINO,CA,91436,34.1562404,-118.4820666,True,manual,verified
LIBRA SOLUTIONS GROUP,,,,,,,True,,
LICHTER LAW FIRM,1200 BRICKELL AVE STE 1950,MIAMI,FL,33131,25.7621104,-80.1923056,True,ai,corroborated
LIEBERMAN AND KLESTZICK LLP,,,,,,,True,,
LIEBERMAN BLECHER & SINKEVICH,10 JEFFERSON PLAZA STE 400,PRINCETON,NJ,08540,40.364728,-74.656314,True,ai,grounded
LIEBERMAN COMPANIES,150 N RADNOR CHESTER RD STE F-200,RADNOR,PA,19087,40.062099,-75.400394,True,ai,uncorroborated
LIEBERT CASSIDY WHITMORE,2001 JUNIPERO SERRA BLVD STE 300,DALY CITY,CA,94014,37.7012904,-122.4701122,True,ai,corroborated
LIFE COACHING MIAMI,,,,,,,True,,
LIFE SCIENCE LOGISTICS,,,,,,,True,,
LIFE STRATEGIES ADVISORS,,,,,,,True,,
LIFEBRIDGE HEALTH,2401 W BELVEDERE AVE,BALTIMORE,MD,21215,39.3528965,-76.6622872,True,ai,corroborated
LIFELINES,,,,,,,True,,
LIFETOWN,,,,,,,True,,
LIGHITLITY,9200 CORPORATE BLVD STE 150,ROCKVILLE,MD,20850,39.089231,-77.180445,True,ai,grounded
LIGHT ON ANXIETY,,,,,,,True,,
LIGHT VERDE LLC,,,,,,,True,,
LIGHTBANK,420 N MAY ST STE 200,CHICAGO,IL,60642,41.88994,-87.655873,True,ai,corroborated
LIGHTBOX,450 W 15TH ST,NEW YORK,NY,10011,40.742503,-74.0071772,True,ai,corroborated
LIGHTHOUSE DENTAL CARE,88 RYDERS LN,STRATFORD,CT,06614,41.2429386,-73.1016567,True,ai,grounded
LIGHTHOUSE FINANCIAL PLANNING LLC,,,,,,,True,,
LIGHTHOUSE LAB SERVICES,,,,,,,True,,
LIGHTSPARK,8605 SANTA MONICA BLVD PMB 64461,WEST HOLLYWOOD,CA,90069,34.093953,-118.381531,True,manual,verified
LIGHTSTONE GROUP,299 PARK AVE,NEW YORK,NY,10171,40.7560254,-73.9741826,True,ai,grounded
LIGHTSTONE GROUP,1985 CEDAR BRIDGE AVE STE 1,LAKEWOOD,NJ,08701,40.0761735,-74.1852844,False,ai,grounded
LIGHTSTONE GROUP,460 PARK AVE 13TH FLOOR,NEW YORK,NY,10022,40.761834347897,-73.970675072646,False,ai,grounded
LILLIAN VERNON,340 MADISON AVE STE 1404,NEW YORK,NY,10173,40.7539442,-73.9789783,True,ai,corroborated
LIMINAL RESEARCH,60 STATE ST,BOSTON,MA,02109,42.3596782,-71.056579,True,ai,uncorroborated
LINC HOUSING,600 HARRISON ST 3RD FLOOR,SAN FRANCISCO,CA,94107,37.7844493,-122.3957467,True,ai,uncorroborated
LINCARE,2001 BRYAN ST STE 1900,DALLAS,TX,75201,32.7853065,-96.7964529,True,ai,uncorroborated
LINCOLN FINANCAIL,150 N RADNOR CHESTER RD,RADNOR,PA,19087,40.0430023,-75.3656459,True,ai,corroborated
LINCOLN PROPERTY COMPANY LLC,2100 ROSS AVE STE 1800,DALLAS,TX,75201,32.7874484,-96.7975336,True,ai,uncorroborated
LINDA DRESNER INC,299 W MAPLE RD,BIRMINGHAM,MI,48009,42.54654,-83.217044,True,manual,verified
LINDA FORMAN CPA PC,,,,,,,True,,
LINDA SAKER LICSW,,,,,,,True,,
LINDEN CAPITAL PARTNERS,110 N WACKER DR 55TH FLOOR,CHICAGO,IL,60606,41.8838459,-87.6374992,True,manual,verified
LINDEN LAW,,,,,,,True,,
LINDSAY GOLDBERG,630 FIFTH AVE 30TH FLOOR,NEW YORK,NY,10111,40.758363609608,-73.977411287463,True,ai,grounded
LINE G,,,,,,,True,,
LINEAGE,1401 ROCKVILLE PIKE STE 600,ROCKVILLE,MD,20852,39.0677721,-77.1287754,True,ai,uncorroborated
LINKEDIN,1000 W MAUDE AVE,SUNNYVALE,CA,94085,37.3926737,-122.0420227,True,ai,grounded
LINKER EQUIPMENT,5 EVANS TERMINAL RD,HILLSIDE,NJ,07205,40.695889,-74.2288,True,ai,grounded
LINKSYS,121 THEORY DR,IRVINE,CA,92617,33.641973,-117.841046,True,ai,corroborated
LINQUEST,4320 FAIR LAKES CT,FAIRFAX,VA,22033,38.8622841,-77.3778203,True,ai,uncorroborated
LINWOOD REALTY INC,60 E 42ND ST STE 4200,NEW YORK,NY,10165,40.7521078,-73.9787462,True,ai,uncorroborated
LION BRAND YARN COMPANY,10 W 31ST ST 2ND FLOOR,NEW YORK,NY,10001,40.7466838,-73.9865207,True,ai,corroborated
LION EQUITY INVESTMENT ADVISORS,,,,,,,True,,
LION REAL ESTATE GROUP,11726 SAN VICENTE BLVD STE 650,LOS ANGELES,CA,90049,34.0444042,-118.4981905,True,ai,corroborated
LIONSGATE,2700 COLORADO AVE,SANTA MONICA,CA,90404,34.031371,-118.470093,True,ai,corroborated
LIONVILLE FAMILY DENTISTRY,,,,,,,True,,
LIP TRADING CO,,,,,,,True,,
LIPPES MATHIAS LLP,50 FOUNTAIN PLAZA STE 1700,BUFFALO,NY,14202,42.8883646,-78.8741722,True,ai,corroborated
LIPPMAN JUNGERS,1801 7TH AVE,SEATTLE,WA,98101,47.613657,-122.3354861,True,ai,uncorroborated
LIPPY,,,,,,,True,,
LIPSEY'S,7277 EXCHEQUER DR,BATON ROUGE,LA,70809,30.3744213,-91.0508073,True,ai,grounded
LIPSIUS BENHAIM LAW LLP,,,,,,,True,,
LIPSON NEILSON PC,18400 VON KARMAN AVE STE 350,IRVINE,CA,92612,33.6769513,-117.8518657,True,ai,uncorroborated
LIQUID ENVIRONMENTAL SOLUTIONS,7651 ESTERS BLVD STE 200,IRVING,TX,75063,32.911516208676,-97.008091378854,True,ai,grounded
LIQUID ENVIRONMENTAL SOLUTIONS,12740 VIGILANTE RD,SAN DIEGO,CA,92040,32.905154741585,-116.939159608203,False,ai,grounded
LISA KAMPNER ACADEMY,,,,,,,True,,
"LISA SHAPIRO STRAUSS, ATTORNEY AT LAW",,,,,,,True,,
LISCR,766 DUKE ST,ALEXANDRIA,VA,22314,38.8027924,-77.0481883,True,ai,grounded
LISI NIGRIN INTERIORS,13 PALADIA WAY,PIKESVILLE,MD,21208,39.3879111,-76.6927775,True,ai,grounded
"LISS, SHAPERO & MITNICK",900 7TH ST NW STE 1000,WASHINGTON,DC,20001,38.9013696,-77.0220736,True,ai,uncorroborated
LITERAL NORTH LLC,,,,,,,True,,
LITTLE HANDS PEDIATRIC OCCUPATIONAL THERAPY,,,,,,,True,,
LITTLER MENDELSON,333 BUSH ST 34TH FLOOR,SAN FRANCISCO,CA,94104,37.7905749,-122.4030716,True,ai,corroborated
LITWIN KACH,401 N MICHIGAN AVE STE 1200,CHICAGO,IL,60611,41.8894215,-87.6235164,True,ai,grounded
LIV AND PRECIOUS JEWELRY,,,,,,,True,,
LIV GOLF,50 HUDSON YARDS STE 65B,NEW YORK,NY,10001,40.7545193,-74.0001188,True,ai,grounded
LIV HUDSON HEIGHTS LLC,,,,,,,True,,
LIVEGAGE,101 CRAWFORDS CORNER RD STE 4116,HOLMDEL,NJ,07733,40.3644228,-74.1669544,True,ai,grounded
LIVERPOOL ENTERPRISES,,,,,,,True,,
LIVESTOCK NUTRITION CENTER LLC,,,,,,,True,,
LIVEWELL CAPITAL,126 E 56TH ST STE 1704,NEW YORK,NY,10022,40.760355,-73.9704492,True,ai,uncorroborated
LIVING HOPE CHURCH,,,,,,,True,,
LIVINGSTON BOARD OF EDUCATION,11 FOXCROFT DR,LIVINGSTON,NJ,07039,40.7890413,-74.3404723,True,ai,corroborated
LJ CARE SERVICES,,,,,,,True,,
LJR DEVELOPMENT,,,,,,,True,,
LK CONSULTING,,,,,,,True,,
LK DAYTON INVESTMENTS,,,,,,,True,,
LKV MANAGEMENT,112 S TRYON ST STE 200,CHARLOTTE,NC,28284,35.2270969,-80.8438743,True,manual,verified
LLCP,,,,,,,True,,
LLG,,,,,,,True,,
LLR PARTNERS,2929 ARCH ST,PHILADELPHIA,PA,19104,39.956956106677,-75.181262320054,True,ai,grounded
LLR PARTNERS,3025 JFK BLVD OFC STE 250,PHILADELPHIA,PA,19104,39.956184111908,-75.185618474911,False,ai,grounded
LMG,,,,,,,True,,
LMG STRATEGIES LLC,3500 S DUPONT HWY STE 205,DOVER,DE,19901,39.1508665,-75.5146207,True,ai,uncorroborated
LMPP,,,,,,,True,,
LMR ADVISORS,1841 W MERCER WAY,MERCER ISLAND,WA,98040,47.593798,-122.2466619,True,ai,grounded
LNK PARTNERS,445 HAMILTON AVE 11TH FLOOR,WHITE PLAINS,NY,10601,41.0348698,-73.7647624,True,ai,grounded
LOBEL FINANCIAL,17 BATTERY PL STE 1708,NEW YORK,NY,10004,40.7051424,-74.0160109,True,ai,uncorroborated
LOBODA PROPERTIES,,,,,,,True,,
LOCAL 1-S,,,,,,,True,,
LOCAL GOVT,,,,,,,True,,
LOCALISM INC,2411 BROADWAY 5TH FLOOR,OAKLAND,CA,94612,37.8135952,-122.2655906,True,ai,uncorroborated
LOCKE LORD,2200 ROSS AVE STE 2200,DALLAS,TX,75201,32.7879729,-96.7966332,True,ai,corroborated
LOCKHEED MARTIN,6801 ROCKLEDGE DR,BETHESDA,MD,20817,39.0303212,-77.1371162,True,ai,corroborated
LOCKRIDGE GRINDAL NAUEN PLLP,100 WASHINGTON AVE SOUTH STE 2200,MINNEAPOLIS,MN,55401,44.9812202,-93.2657361,True,ai,corroborated
LOCKTON,444 W 47TH ST STE 900,KANSAS CITY,MO,64112,39.042211,-94.5921152,True,ai,grounded
LOCKWOOD GREENE,200 BERKELEY ST,BOSTON,MA,02116,42.3496969,-71.0735237,True,ai,uncorroborated
LOCUM WEATHERBY,850 MAIN ST STE 201,WALTHAM,MA,02451,42.3761768,-71.2454781,True,ai,uncorroborated
LODGE BREAD COMPANY,2110 S BASCOM AVE,CAMPBELL,CA,95008,37.2838509,-121.931447,True,ai,corroborated
LOEB & LOEB LLP,10100 SANTA MONICA BLVD 22ND FLOOR,LOS ANGELES,CA,90067,34.062702,-118.415864,True,ai,grounded
LOEB JEWELS,,,,,,,True,,
"LOEB, BLOCK & PARTNERS LLP",,,,,,,True,,
LOEWENTHAL & ASSOCIATES,,,,,,,True,,
LOEWS CORP,9 W 57TH ST,NEW YORK,NY,10019,40.7638353,-73.9749533,True,ai,grounded
LOEWS HOTELS,9 W 57TH ST 20TH FLOOR,NEW YORK,NY,10019,40.763147045629,-73.97425049967,True,ai,grounded
LOEWS HOTELS,540 PARK AVE,NEW YORK,NY,10065,40.764296431352,-73.968874866132,False,ai,grounded
LOEWY LAW FIRM,7000 N MOPAC EXPY STE 200,AUSTIN,TX,78731,30.3535389,-97.7495759,True,ai,grounded
LOGICGATE,320 W OHIO ST STE 600W,CHICAGO,IL,60654,41.892420912085,-87.635939745567,True,ai,grounded
LOGS GROUP,2424 N FEDERAL HWY STE 360,BOCA RATON,FL,33431,26.3717498,-80.0751992,True,manual,verified
LOHO REALTY,605 3RD AVE STE 2700,NEW YORK,NY,10158,40.7490865,-73.975106,True,ai,corroborated
LOMARHR,,,,,,,True,,
LOMAX CARPET AND TILE MART,230 N DUPONT HWY,NEW CASTLE,DE,19720,39.6803048,-75.5896129,True,ai,grounded
LOMBARDI PROPERTIES,,,,,,,True,,
LONDON FAMILY COMPANIES LLC,,,,,,,True,,
LONDON JEWELERS,,,,,,,True,,
LONE PINE ADVISORS,501 MADISON AVE 13TH FLOOR,NEW YORK,NY,10022,40.759206,-73.9743003,True,ai,uncorroborated
LONESTAR DATA HOLDINGS INC,2500 DALLAS PKWY STE 100,PLANO,TX,75093,33.0321865,-96.8286856,True,ai,uncorroborated
LONG & FOSTER REALTORS,14520 GEORGE CARTER WAY,CHANTILLY,VA,20151,38.8888051,-77.4477801,True,ai,uncorroborated
LONG AND FOSTER,14501 GEORGE CARTER WAY STE 100,CHANTILLY,VA,20151,38.8881052,-77.4474828,True,ai,grounded
LONG BEACH HEALTH DEPARTMENT,2525 GRAND AVE,LONG BEACH,CA,90815,33.8026538,-118.1490869,True,ai,corroborated
LONG ISLAND CARE CENTER,1020 PARK BLVD,MASSAPEQUA,NY,11758,40.6792598,-73.455995,True,ai,corroborated
LONG MILLER & ASSOCIATES LLC,,,,,,,True,,
LONG REALTY CO,3454 E SUNRISE DR,TUCSON,AZ,85718,32.320805991825,-110.919621429693,True,ai,corroborated
LONG TERM CAPITAL LLC,,,,,,,True,,
LONG WALK FUND,,,,,,,True,,
LONGEVITY HEALTH PLAN,11780 U.S HWY ONE STE N107,NORTH PALM BEACH,FL,33408,26.840895,-80.052098,True,ai,grounded
LONGHORN INVESTMENTS,,,,,,,True,,
LONGVIEW ASSET MANAGEMENT,222 N LASALLE ST,CHICAGO,IL,60601,41.8865192,-87.6332555,True,ai,grounded
LONGWOOD ASSOCIATES,,,,,,,True,,
LOOKOUT,2101 WEBSTER ST STE 1650,OAKLAND,CA,94612,37.807709,-122.266857,True,ai,uncorroborated
LORD ABBETT,90 HUDSON ST,JERSEY CITY,NJ,07302,40.7151012,-74.0343077,True,ai,grounded
LOREAL,10 HUDSON YARDS,NEW YORK,NY,10001,40.7527324,-74.0015279,True,ai,corroborated
LORENZ BUS SERVICE,274 N MAPLE AVE,MIDDLETOWN,OH,45042,39.556885,-84.420158,True,ai,uncorroborated
LORILLARD TOBACCO COMPANY,675 THIRD AVE,NEW YORK,NY,10017,40.751539459041,-73.973802288423,True,ai,uncorroborated
LORIN FEFE,,,,,,,True,,
LORNE NEEDLE ADVISORS LLC,,,,,,,True,,
LOS ANGELES CITY ATTORNEYS OFFICE,200 N MAIN ST 8TH FLOOR,LOS ANGELES,CA,90012,34.0523908,-118.2427229,True,ai,corroborated
LOS ANGELES COLD STORAGE,2600 E ANAHEIM ST,LOS ANGELES,CA,90011,34.00709,-118.258681,True,ai,corroborated
LOS FLAMBOYANES INC,,,,,,,True,,
LOU DUNST TRUST,,,,,,,True,,
LOUIS H TREIGER PLLC,,,,,,,True,,
LOUISIANA,,,,,,,True,,
LOUISIANA ENDOWMENT FOR THE HUMANITIE,100 RIVER RD NORTH STE 111,BATON ROUGE,LA,70802,30.447218,-91.190082,True,ai,corroborated
LOURDES GABRIELA INTERIORS,,,,,,,True,,
LOVELL SAFETY,22 CORTLANDT ST 33RD FL,NEW YORK,NY,10007,40.709991324991,-74.010245767839,True,ai,grounded
LOVELL SAFETY MANAGEMENT CO LLC,,,,,,,True,,
LOW VISION SPECIALISTS OF MARYLAND AND VIRGINIA,,,,,,,True,,
LOWELL 17,,,,,,,True,,
LOWENSTEIN & WEATHERWAX LLP,1016 PICO BLVD,SANTA MONICA,CA,90405,34.013479,-118.4804672,True,ai,grounded
LOWENSTEIN SANDLER LLP,65 LIVINGSTON AVE,ROSELAND,NJ,07068,40.8149985,-74.3034235,True,ai,corroborated
LOWES,1000 LOWE'S BLVD,MOORESVILLE,NC,28117,35.574965,-80.894155,True,ai,grounded
LOWNDES,200 S ORANGE AVE,ORLANDO,FL,32801,28.5400099,-81.3794971,True,ai,corroborated
LOYOLA UNIVERSITY MARYLAND,4501 N CHARLES ST,BALTIMORE,MD,21210,39.3483538,-76.6159318,True,ai,corroborated
LP BROWN COMPANY INC,,,,,,,True,,
LPC REAL ESTATE CORP,2000 MCKINNEY AVE STE 1000,DALLAS,TX,75201,32.790459,-96.8024301,True,manual,verified
LPZ MANAGEMENT,,,,,,,True,,
LR CONSTRUCTION,,,,,,,True,,
LR PROGRAMMING,,,,,,,True,,
LRBFAMILYLAW,,,,,,,True,,
LRGRW,,,,,,,True,,
LS PROPERTY GROUP,,WESTPORT,CT,06880,,,True,manual,verified
LSG,,,,,,,True,,
LSN LAW,,,,,,,True,,
LSN PARTNERS,801 ARTHUR GODFREY RD STE 401,MIAMI BEACH,FL,33140,25.813887902985,-80.133529475969,True,manual,verified
LSR WELLNESS,,,,,,,True,,
LSV,155 N WACKER DR STE 4600,CHICAGO,IL,60606,41.8848667,-87.6363214,True,manual,verified
LSV ASSET MANAGEMENT,333 S WABASH AVE STE 2300,CHICAGO,IL,60604,41.877809331031,-87.62599882096,True,ai,corroborated
LT APPAREL GROUP,2 PARK AVE,NEW YORK,NY,10016,40.7463564,-73.9825765,True,ai,grounded
LT CAPITAL PARTNERS,400 HAMILTON AVE,PALO ALTO,CA,94301,37.4465277,-122.1584661,True,ai,uncorroborated
LTC SPECIALTY SERVICES LLC,,,,,,,True,,
LUBERT ADLER,CIRA CENTRE,PHILADELPHIA,PA,19102,39.9572797,-75.1824563,True,ai,uncorroborated
LUCAS EILERS,,,,,,,True,,
LUCID,7373 GATEWAY BLVD,NEWARK,CA,94560,37.5417739,-122.062181,True,ai,corroborated
LUCKY STARS PARTNERS,,,,,,,True,,
LUGANO DIAMONDS AND JEWELRY,501 FIFTH AVE STE 200,NEW YORK,NY,10017,40.75339895988,-73.980859551105,True,ai,uncorroborated
LUKE'S LOBSTER,84 INDUSTRIAL PARK RD,SACO,ME,04072,43.5331243,-70.444275,True,ai,grounded
LUMENT,490 MASSACHUSETTS AVE NW,WASHINGTON,DC,20001,38.9007092,-77.0179849,True,ai,uncorroborated
LUMERIC CONSULTING,1000 N WEST ST STE 1200,WILMINGTON,DE,19801,39.7471805,-75.5500972,True,ai,uncorroborated
LUMIERE GROUP,,,,,,,True,,
LUMINA INVESTMENT ADVISORS,20900 NE 30TH AVE STE 310,AVENTURA,FL,33180,25.9694879,-80.142689,True,ai,grounded
LUNAN CORPORATION,,,,,,,True,,
LUNDBECK,6 PKWY N,DEERFIELD,IL,60015,42.167194,-87.8794944,True,ai,grounded
LUP,,,,,,,True,,
LURIE,,,,,,,True,,
LURIE CHILDRENS HOSPITAL,225 E CHICAGO AVE,CHICAGO,IL,60611,41.8962676,-87.6218705,True,ai,corroborated
LUSD,1305 E CENTRAL AVE,BREA,CA,92821,33.931943,-117.854942,True,ai,corroborated
LUX HOLDINGS LLC,,,,,,,True,,
LUXE BRANDS,,,,,,,True,,
LUXOTTICA RETAIL,,,,,,,True,,
LUXSURANCE,,,,,,,True,,
LUZATO,,,,,,,True,,
LVHN,PATIENT PAVILION 1260 S CEDAR CREST BLVD,ALLENTOWN,PA,18103,40.570308,-75.488926,True,ai,corroborated
LVJUSD,1400 E JANSS RD,THOUSAND OAKS,CA,91362,34.1995404,-118.8538892,True,ai,corroborated
LVMH,,,,,,,True,,
LVMH (TIFFANY & CO.),727 FIFTH AVE,NEW YORK,NY,10022,40.762524648709,-73.974204582503,True,ai,grounded
LVMH (TIFFANY & CO.),200 FIFTH AVE,NEW YORK,NY,10010,40.741629373221,-73.989605176632,False,ai,grounded
LVPG,1200 S CEDAR CREST BLVD STE 300,ALLENTOWN,PA,18103,40.5651728,-75.5220282,True,ai,corroborated
LW HOSPITALITY ADVISORS,200 W 41ST ST STE 602,NEW YORK,NY,10036,40.755372,-73.9877527,True,ai,grounded
LWHA,1601 4TH AVE STE 500,SEATTLE,WA,98101,47.6114581,-122.3384548,True,ai,uncorroborated
LYDIA SECURITIES,,,,,,,True,,
LYFT,185 BERRY ST STE 5000,SAN FRANCISCO,CA,94107,37.7762432,-122.3917021,True,ai,uncorroborated
LYNKER TECHNOLOGIES,225 E 45TH ST 20TH FLOOR,NEW YORK,NY,10017,40.7525022,-73.972371,True,ai,uncorroborated
LYNN PINKER,2100 MCKINNEY AVE STE 1900,DALLAS,TX,75201,32.7915127,-96.8021075,True,ai,corroborated
LYNN PINKER HURST SCHWEGMANN,2100 ROSS AVE STE 2700,DALLAS,TX,75201,32.7874484,-96.7975336,True,ai,corroborated
LYNNE MELCHER PRODUCTIONS,,,,,,,True,,
LYTX INC,800 APOLLO ST,IRVINE,CA,92618,33.667307,-117.73358,True,ai,corroborated
M & P SHOPPING CENTERS,,,,,,,True,,
M & R SALES,,,,,,,True,,
M AND M HEALTH LLC,,,,,,,True,,
M B KAHN CONSTRUCTION COMPANY,101 FLINTLAKE RD,COLUMBIA,SC,29223,34.092634,-80.919271,True,ai,grounded
M GELLER LTD,,,,,,,True,,
M&J TRIMMING,1008 6TH AVE,NEW YORK,NY,10018,40.7518685,-73.9859099,True,ai,corroborated
M&R MANAGEMENT,,,,,,,True,,
M&S SKILLMAN REALTY,,,,,,,True,,
M&T BANK,ONE M&T PLAZA,BUFFALO,NY,14203,42.8837697,-78.874268,True,ai,corroborated
M-5 TEXAS ENTERPRISES LLC,,,,,,,True,,
M-RETS,18 N PARK ST,MEDINA,OH,44256,41.0216361,-81.7269275,True,ai,uncorroborated
M. BRASHEM INC,,,,,,,True,,
M. JACOB & SONS,,,,,,,True,,
M. RAPAPORT CO INC,183 MADISON AVE,NEW YORK,NY,10016,40.747617,-73.982941,True,ai,corroborated
M.F.S. INVESTMENT MANAGEMENT,125 HIGH ST STE 2300,BOSTON,MA,02110,42.3550474,-71.053416,True,ai,corroborated
M.J. NEIDITZ & CO,120 BROADWAY 28TH FLOOR,NEW YORK,NY,10271,40.7082035,-74.0105065,True,ai,uncorroborated
M/I HOMES INC,5075 W PARK BLVD,PLOVER,WI,54467,44.413919,-89.538901,True,ai,uncorroborated
M/I HOMES OF CENTRAL OHIO,9300 AMARONE CT,FISHERS,IN,46038,39.966704,-86.017173,True,ai,uncorroborated
M1 BANK,85 BROAD ST 26TH FLOOR,NEW YORK,NY,10004,40.7039838,-74.0111188,True,ai,uncorroborated
M13,246 5TH AVE FL 5,NEW YORK,NY,10001,40.7446518,-73.9875526,True,ai,uncorroborated
M2 MANAGEMENT,,,,,,,True,,
M2G CONSULTING,,,,,,,True,,
MA DENTAL,,,,,,,True,,
MA'AYANOT YESHIVA HIGH SCHOOL FOR GIRLS,1500 PALISADE AVE,TEANECK,NJ,07666,40.905273,-74.003985,True,manual,verified
MAB,,,,,,,True,,
MAC WHOLESALE,,,,,,,True,,
MACANDREWS&FORBES HOLDINGS,5 HANOVER SQ 27TH FLOOR,NEW YORK,NY,10004,40.704919,-74.0093135,True,ai,corroborated
MACARTHUR HOLDINGS,,,,,,,True,,
MACK REAL ESTATE,,,,,,,True,,
MACKE WATER SYSTEMS,6110 PIONEER PKWY,PLANO,TX,75093,33.034224,-96.811608,True,ai,uncorroborated
MACKENZIE HUGHES LLP,440 S WARREN ST STE 400,SYRACUSE,NY,13202,43.0459326,-76.1511227,True,ai,grounded
MACKS FAMILY OFFICE,,,,,,,True,,
MACKSEN CO,,,,,,,True,,
MACTAS & ALPER,135 W 29TH ST STE 606,NEW YORK,NY,10001,40.7473706,-73.991504,True,ai,corroborated
MACYS,7 W 7TH ST,CINCINNATI,OH,45202,39.1032395,-84.514141,True,ai,uncorroborated
MADALUXE GROUP,1760 APOLLO CT,SEAL BEACH,CA,90740,33.7582505,-118.088359,True,manual,verified
MADDAHI WEALTH,,,,,,,True,,
MADDIN HAUSER,28411 NORTHWESTERN HWY STE 500,SOUTHFIELD,MI,48034,42.49689,-83.291019,True,ai,corroborated
MADISON DEARBORN PARTNERS,70 W MADISON ST STE 4600,CHICAGO,IL,60602,41.88204491887,-87.630121034318,True,ai,grounded
MADISON ELECTRIC CO,31855 VAN DYKE AVE,WARREN,MI,48093,42.5271262,-83.0302448,True,ai,grounded
MADISON REALTY CAPITAL,520 MADISON AVE STE 3501,NEW YORK,NY,10022,40.760050277579,-73.974082955683,True,ai,grounded
MADISON REALTY CAPITAL,1901 AVE OF THE STARS STE 1010,LOS ANGELES,CA,90067,34.059794338793,-118.417230138074,False,ai,grounded
MADISON TITLE,1771 MADISON AVE,LAKEWOOD,NJ,08701,40.108982,-74.2193782,True,ai,corroborated
MADISON WEALTH MANAGEMENT,7755 MONTGOMERY RD STE 510,CINCINNATI,OH,45236,39.1894491,-84.4116975,True,ai,grounded
MAGELLAN DEVELOPMENT,225 N COLUMBUS DR STE 100,CHICAGO,IL,60601,41.8863356,-87.6199063,True,ai,grounded
MAGELLAN MIDSTREAM PARTNERS,ONE WILLIAMS CENTER 101 E 2ND ST,TULSA,OK,74172,36.1563122,-95.9927516,True,ai,grounded
MAGEN DAVID HIGH SCHOOL,222 KINDERKAMACK RD,RIVER EDGE,NJ,07661,40.9128249,-74.0362539,True,ai,corroborated
MAGIC,,,,,,,True,,
MAGIC CITY CASINO,450 NW 37TH AVE,MIAMI,FL,33125,25.7764606,-80.2568386,True,ai,corroborated
MAGIC COTTAGE PRESCHOOL,1427 11TH AVE,SAN FRANCISCO,CA,94122,37.7615344,-122.4685559,True,ai,grounded
MAGIC LANTERN VENTURES,10822 PINE LODGE TR,DAVIE,FL,33328,26.070471,-80.272864,True,manual,verified
MAGIC PLANT FARMS,,,,,,,True,,
MAGNET,45 ROCKEFELLER PLAZA,NEW YORK,NY,10111,40.7592576,-73.9799569,True,ai,uncorroborated
MAGNETIC,,,,,,,True,,
MAGNETIC ME,,,,,,,True,,
MAGNITE,1250 BROADWAY 9TH FLOOR,NEW YORK,NY,10001,40.747666,-73.9878545,True,ai,grounded
MAGNOLIA MARKETING LLC,524 METAIRIE RD,METAIRIE,LA,70005,29.9860305,-90.1297917,True,ai,grounded
MAH ASSOCIATES LLC,,,,,,,True,,
MAH COACH,,,,,,,True,,
MAHAAI PROPERTIES LLC,1883 WALTHAM CIR,MARIETTA,GA,30062,34.006497,-84.472974,True,manual,verified
MAI CAPITAL MANAGEMENT LLC,6050 OAK TREE BLVD STE 500,CLEVELAND,OH,44131,41.383276,-81.65469,True,ai,grounded
MAIDENBAUM & STERNBERG,1500 BROADWAY 38TH FLOOR,NEW YORK,NY,10036,40.7568024,-73.985668,True,ai,corroborated
MAIMONIDES,4802 TILDEN AVE,BROOKLYN,NY,11203,40.6479907,-73.9317556,True,ai,uncorroborated
MAIMONIDES HOSPITAL,4802 10TH AVE,BROOKLYN,NY,11219,40.6394203,-73.9981068,True,ai,corroborated
MAIMONIDES SCHOOL,34 OCEAN AVE,BROOKLYN,NY,11218,40.6624867,-73.9630968,True,ai,uncorroborated
MAIN STREAM ENTERPRISES,,,,,,,True,,
MAIN STREET CONNECT,,,,,,,True,,
MAJESTIC MANAGEMENT LLC,,,,,,,True,,
MAJESTIC PROPERTY,60 CUTTERMILL RD STE 303,GREAT NECK,NY,11021,40.7857264,-73.7307835,True,manual,verified
MAJESTIC PROPERTY MANAGEMENT CORP,,,,,,,True,,
MAJOR BRANDS INC,3200 SW FREEWAY STE 2000,HOUSTON,TX,77027,29.7308957,-95.4289492,True,ai,uncorroborated
MAJORIE JACOBSON,55 W 39TH ST,NEW YORK,NY,10018,40.7523912,-73.9839779,True,ai,corroborated
MAKE TECHNOLOGY LLC,,,,,,,True,,
MAKOM NY,112 W 88TH ST,NEW YORK,NY,10024,40.7878644,-73.9718822,True,ai,corroborated
MAKOM REAL EESTATE,,,,,,,True,,
MALACHITE GROUP,,,,,,,True,,
MALCO INDUSTRIES INC,1700 MALCO DR,SEARCY,AR,72143,35.226714,-91.736844,True,ai,uncorroborated
MALL OF AMERICA,60 E BROADWAY,BLOOMINGTON,MN,55425,44.8550204,-93.2421195,True,ai,corroborated
MALLARD INVESTMENTS INC,20 BASSWOOD LN,CHAGRIN FALLS,OH,44022,41.443601340984,-81.437611605816,True,ai,grounded
MALLERY & STERN,11 HANOVER SQ,NEW YORK,NY,10005,40.7051494,-74.0088485,True,ai,uncorroborated
"MALLERY & STERN, LAW CORP",ONE EMBARCADERO CENTER STE 500,SAN FRANCISCO,CA,94111,37.7944882,-122.3996223,True,ai,corroborated
MALLOY MANAGEMENT,,,,,,,True,,
MALRITE COMMUNICATIONS,,,,,,,True,,
MALTZ MUSEUM,2929 RICHMOND RD,BEACHWOOD,OH,44122,41.479176,-81.497654,True,ai,corroborated
MALWABYRETES,,,,,,,True,,
MAMA LION PRODUCTIONS,,,,,,,True,,
MAMERONECK HIGH SCHOOL,1000 WEAVER ST,MAMARONECK,NY,10543,40.9651165,-73.7734487,True,ai,corroborated
MAMIYE BROS INC,1385 BROADWAY 18TH FLOOR,NEW YORK,NY,10018,40.7527004,-73.9875655,True,ai,grounded
MANAGEMENT SYSTEMS CONSULTING,1200 E GLEN AVE,PEORIA HEIGHTS,IL,61616,40.74624,-89.57585,True,ai,uncorroborated
MANASSEH GILL,,,,,,,True,,
MANATT PHELPS,2049 CENTURY PARK EAST 14TH FLOOR,LOS ANGELES,CA,90067,34.0587104,-118.4127848,True,ai,corroborated
"MANATT, PHELPS & PHILLIPS",2049 CENTURY PARK EAST 19TH FLOOR,LOS ANGELES,CA,90067,34.0587104,-118.4127848,True,ai,corroborated
MANAUS,,,,,,,True,,
MANCHESTER PODIATRY CENTER,3415 S MANCHESTER AVE,LOS ANGELES,CA,90019,34.049841,-118.33846,True,ai,uncorroborated
MANDELBAUM,,,,,,,True,,
MANEKIN LLC,,,,,,,True,,
"MANESH & MIZRAHI, APLC",1801 CENTURY PARK EAST STE 2400,LOS ANGELES,CA,90067,34.0621057,-118.4159357,True,ai,corroborated
MANET,,,,,,,True,,
MANHATTAN AVE SOUTH,,,,,,,True,,
MANHATTAN SPECIALTY CARE,630 FIFTH AVE STE 2,NEW YORK,NY,10111,40.758363609608,-73.977411287463,True,ai,corroborated
MANI BROTHERS,9200 SUNSET BLVD STE 555,WEST HOLLYWOOD,CA,90069,34.0899924,-118.3924988,True,ai,grounded
MANIV,10880 WILSHIRE BLVD STE 900,LOS ANGELES,CA,90024,34.058617,-118.4432767,True,ai,uncorroborated
MANJ,,,,,,,True,,
MANN MARSHALL,,,,,,,True,,
MANN TRAVELS,,,,,,,True,,
"MANSFIELD, BRONSTEIN & STONE LLP",,,,,,,True,,
MANUFACTURING EFFICIENCY INC,,,,,,,True,,
MAPLE HILL REAL ESTATE INVESTORS,,,,,,,True,,
MAPLE TREE CAPITAL SERVICES LLC,20 N WACKER DR STE 3300,CHICAGO,IL,60606,41.8827112,-87.6374724,True,ai,uncorroborated
MAPLETON INVESTMENTS,,,,,,,True,,
MARA FINE ARTS,,,,,,,True,,
MARATHON ASSETS,,,,,,,True,,
MARBLE BRIDGE FUNDING GROUP,1440 MARIA LN STE 210,WALNUT CREEK,CA,94596,37.8926953,-122.0562094,True,ai,grounded
MARBLEGATE ASSET MANAGEMENT,5 GREENWICH OFFICE PARK STE 400,GREENWICH,CT,06831,41.088724,-73.658838,True,ai,grounded
MARBLEGATE ASSET MANAGEMENT,150 E 52ND ST 10TH FLOOR,NEW YORK,NY,10022,40.757357809505,-73.970671457619,False,ai,grounded
MARC ADAM & COMPANY,116 E 27TH ST 8TH FLOOR,NEW YORK,NY,10016,40.7422938,-73.983837,True,ai,uncorroborated
MARC BELSKY LTD,420 LEXINGTON AVE,NEW YORK,NY,10170,40.7524677,-73.9757799,True,manual,verified
MARC HAMMER FINANCIAL SERVICES,,,,,,,True,,
MARC J. BERN & PARTNERS LLP,245 PARK AVE 39TH FLOOR,NEW YORK,NY,10167,40.7546124,-73.9746719,True,ai,grounded
MARC M KERNER MD APC,,,,,,,True,,
MARC M RADIN PC,,,,,,,True,,
MARC PLATT PRODUCTIONS,4208 OVERLAND AVE,CULVER CITY,CA,90230,34.0124477,-118.4010366,True,ai,grounded
MARC PLATT PRODUCTIONS,100 UNIVERSAL CITY PLAZA BUNGALOW 5163,UNIVERSAL CITY,CA,91608,34.138300129523,-118.359125858293,False,ai,grounded
MARC SHOLES LCSW,,,,,,,True,,
MARCADIS LAW FIRM,,,,,,,True,,
MARCADIS PLASTIC SURGERY,1225 S CLAIREMONT AVE,DECATUR,GA,30030,33.772712,-84.291005,True,ai,uncorroborated
MARCADIS SINGER PA,5104 S WESTSHORE BLVD,TAMPA,FL,33611,27.891345,-82.505665,True,ai,grounded
MARCH,,,,,,,True,,
MARCHI SMITH & LEVIN,,,,,,,True,,
MARCMAN SOLUTIONS LLC,,,,,,,True,,
MARCUM & KLIEGMAN,750 THIRD AVE 14TH FLOOR,NEW YORK,NY,10017,40.753762844225,-73.972352978967,True,ai,corroborated
MARCUM LLP,750 THIRD AVE 20TH FLOOR,NEW YORK,NY,10017,40.753762844225,-73.972352978967,True,ai,corroborated
MARCUS & MILLICHAP,23975 PARK SORRENTO STE 400,CALABASAS,CA,91302,34.122556,-118.669821,True,ai,uncorroborated
MARCUS & POLLACK,,,,,,,True,,
MARGARET MORSE TOURS,,,,,,,True,,
MARGOLIS EDELSTEIN,3000 MARCUS AVE STE 3W3,LAKE SUCCESS,NY,11042,40.7588434,-73.6956206,True,ai,uncorroborated
MARGULES PROPERTIES INC,2000 EXECUTIVE DR STE 340,SAN RAMON,CA,94583,37.771693,-121.989829,True,ai,uncorroborated
MARIADB,1995 BROADWAY 19TH FLOOR,NEW YORK,NY,10023,40.7754478,-73.9826483,True,ai,corroborated
MARIC INC,197 FIRST AVE STE 300,NEEDHAM HEIGHTS,MA,02494,42.3006104,-71.2222168,True,manual,verified
MARIMED ADVISORS INC,420 LEXINGTON AVE STE 300,NEW YORK,NY,10170,40.7524677,-73.9757799,True,ai,uncorroborated
MARINA PACIFIC HOTEL & SUITES,1128 QUEENS BLVD,LONG BEACH,CA,90802,33.751279,-118.20682,True,ai,corroborated
MARINE POLYMER TECHNOLOGY,461 BOSTON ST STE B5,TOPSFIELD,MA,01983,42.6622727,-70.9295182,True,ai,grounded
MARINE TIGER TECHNOLOGIES,,,,,,,True,,
MARINER FINANCE,4800 FALLS OF NEUSE RD STE 100,RALEIGH,NC,27609,35.8471195,-78.6140453,True,ai,uncorroborated
MARINER WEALTH ADVISORS,5700 W 112TH ST STE 200,OVERLAND PARK,KS,66211,38.9253867,-94.6513406,True,ai,grounded
MARIO E DIAZ & ASSOCIATES,,,,,,,True,,
"MARION COUNTY, FL",601 SE 25TH AVE,OCALA,FL,34471,29.1816892,-82.1025336,True,ai,corroborated
MARITIME CAPITAL,,,,,,,True,,
MARJORIE CAPITAL,,,,,,,True,,
MARK ASSISTANT MANAGEMENT,,,,,,,True,,
MARK BROUMAND INC,,,,,,,True,,
MARK BRUCE INTERNATIONAL,1327 W CLAY ST,SAN ANTONIO,TX,78207,29.4074409,-98.4985138,True,ai,uncorroborated
"MARK E HYMAN, DDS",63 S MAIN ST,MILFORD,CT,06460,41.226407404704,-73.057263023235,True,ai,uncorroborated
MARK E. SEITELMAN LAW OFFICES PC,,,,,,,True,,
MARK FERRER & HAYDEN,,,,,,,True,,
MARK HOLDINGS LLC,PO BOX 141,OLD WESTBURY,NY,11568,40.7887113,-73.5995717,True,ai,grounded
MARK I NOTIS DMD PC,40 WALL ST STE 1100,NEW YORK,NY,10005,40.7070219,-74.0096669,True,ai,uncorroborated
MARK IT REALTY GROUP,,,,,,,True,,
MARK J GERSTEIN CONSULTING LLC,,,,,,,True,,
MARK R. VOGEL PA,,,,,,,True,,
MARK S. TULIS PC,,,,,,,True,,
MARK SANDERS MD,,,,,,,True,,
MARK SHERMAN CONSULTING,,,,,,,True,,
MARKAY MANAGEMENT INC,4798 NEW BROAD ST STE 210,ORLANDO,FL,32814,28.566455,-81.327982,True,manual,verified
MARKET JD,222 W MERCHANDISE MART PLAZA STE 1212,CHICAGO,IL,60654,41.8888053,-87.6344719,True,ai,corroborated
MARKETING ANALYSIS APPLICATIONS,100 ENTERPRISE DR,ROCKVILLE,MD,20850,39.089231,-77.180445,True,ai,uncorroborated
MARKETING COMPANY,,,,,,,True,,
MARKETING MATTERS,,,,,,,True,,
MARKETRESEARCH.COM,6116 EXECUTIVE BLVD STE 550,ROCKVILLE,MD,20852,39.051511,-77.123973,True,ai,grounded
MARKS AND FLEISCHER PA,,,,,,,True,,
"MARLA GLANZER CURTIS,AIA",,,,,,,True,,
"MARLENE R BLOOM, PHD",,,,,,,True,,
MARLENE Z. STANGER IMMIGRATION LAW,,,,,,,True,,
MARON AND SANDLER,1250 4TH ST STE 550,SANTA MONICA,CA,90401,34.018380495859,-118.497545039335,True,manual,verified
MARQ MEDICAL,2075 SAN JOAQUIN HILLS RD,NEWPORT BEACH,CA,92660,33.617199,-117.8698141,True,ai,grounded
MARRIOTT INTERNATIONAL,10400 FERNWOOD RD,BETHESDA,MD,20817,39.025389,-77.137079,True,ai,corroborated
MARS INCORPORATED,6885 ELM ST,MCLEAN,VA,22101,38.9373288,-77.1822318,True,manual,verified
MARS SCIENCE & DIAGNOSTICS,6885 ELM ST,MCLEAN,VA,22101,38.9373288,-77.1822318,True,ai,grounded
MARSH MANAGEMENT,,,,,,,True,,
MARSH MCLENNAN AGENCY,360 HAMILTON AVE STE 930,WHITE PLAINS,NY,10601,41.0347482,-73.766963,True,ai,grounded
MARSHALL DENNEHEY,1845 WALNUT ST 21ST FLOOR,PHILADELPHIA,PA,19103,39.9504697,-75.1717913,True,ai,uncorroborated
MARSHALLS,1 STAR ST,FRAMINGHAM,MA,01702,42.282379,-71.436623,True,ai,uncorroborated
MARTIN FEIN INTERESTS LTD,1400 POST OAK BLVD STE 500,HOUSTON,TX,77056,29.7521954,-95.4624791,True,manual,verified
MARTIN MARIETTA,2710 W 10TH ST,CHARLOTTE,NC,28203,35.2323308,-80.8369949,True,ai,corroborated
MARTIN TATE MORROW & MARSTON PC,2100 ROSS AVE STE 1600,DALLAS,TX,75201,32.7874484,-96.7975336,True,ai,uncorroborated
MARTINI CPAS,15760 VENTURA BLVD 16TH FLOOR,ENCINO,CA,91436,34.1552716,-118.4762079,True,ai,corroborated
MARVELLE CO,,,,,,,True,,
MARVIN ENGINEERING,3001 W CANAL ST,WARROAD,MN,56763,48.807304,-95.341393,True,ai,uncorroborated
MARVIN PROPERTIES,,,,,,,True,,
MARVISTA ENT,9700 WILSHIRE BLVD 2ND FLOOR,BEVERLY HILLS,CA,90212,34.0671413,-118.4114332,True,ai,corroborated
MARX BROTHERS INC,,,,,,,True,,
MARYLAND HEALTHCARE COMPANY,,,,,,,True,,
MARYLAND ONCOLOGY HEMATOLOGY,2013 GREENSPRING DR STE 400,TIMONIUM,MD,21093,39.4364859,-76.6301488,True,ai,corroborated
MARYLAND SPINE SPECIALISTS,11111 MCCORMICK RD STE 1700,HUNT VALLEY,MD,21031,39.487392,-76.657938,True,ai,corroborated
MARYLAND TREATMENT CENTERS INC,901 N GARFIELD AVE STE 8,CAMP HILL,PA,17011,40.23483,-76.928846,True,ai,uncorroborated
MARYLAND VOTES FOR ANIMALS,1211 CATHEDRAL ST,BALTIMORE,MD,21201,39.3040192,-76.6182424,True,ai,corroborated
MARYS MERCY CENTER,641 ROBERDS AVE N,SAN BERNARDINO,CA,92411,34.1105968,-117.3173781,True,ai,grounded
MARYVILLE UNIVERSITY,650 MARYVILLE UNIVERSITY DR,SAINT LOUIS,MO,63141,38.6458826,-90.5043057,True,ai,corroborated
MARZET,,,,,,,True,,
MAS,,,,,,,True,,
MAS DEVELOPMENT,2875 NE 191ST ST STE 305,AVENTURA,FL,33180,25.9528231,-80.1433747,True,ai,grounded
MASA ISRAEL JOURNEY,633 THIRD AVE 24TH FLOOR,NEW YORK,NY,10017,40.749908408376,-73.974988671569,True,ai,uncorroborated
MASCOT LABEL GROUP NA,7000 RICHFIELD PKWY,COLUMBUS,OH,43209,39.953588,-82.929524,True,ai,uncorroborated
MASCOT RECORDS,118 E 28TH ST STE 701,NEW YORK,NY,10016,40.7428621,-73.9832431,True,ai,grounded
MASLON LLP,90 S 7TH ST STE 3300,MINNEAPOLIS,MN,55402,44.9768732,-93.2709098,True,ai,corroborated
"MASON, WENK & BERMAN",1901 N MOORE ST STE 100,ARLINGTON,VA,22209,38.897259,-77.071398,True,ai,uncorroborated
MASS,,,,,,,True,,
MASS ENT ASSOCIATES,55 FRUIT ST STE 3A,BOSTON,MA,02114,42.3628605,-71.068753,True,ai,corroborated
MASSACHUSETTS INSTITUTE OF TECHNOLOGY,77 MASSACHUSETTS AVE,CAMBRIDGE,MA,02139,42.3592593,-71.0933625,True,ai,corroborated
MASSACHUSETTS MATERIALS TECHNOLOGIES,40 SYLVAN RD,WALTHAM,MA,02451,42.3962687,-71.2730055,True,ai,corroborated
MASSBAY COMMUNITY COLLEGE,50 OAKLAND ST,WELLESLEY HILLS,MA,02481,42.3124286,-71.2637772,True,ai,corroborated
MASSGENERAL BRIGHAM,399 REVOLUTIONARY DR,BOSTON,MA,02129,42.379657,-71.061487,True,ai,corroborated
MASSMUTUAL,1 FINANCIAL PLAZA,SPRINGFIELD,MA,01111,42.1018764,-72.5886727,True,ai,grounded
MASTER & DYNAMIC,60 MADISON AVE 2ND FLOOR,NEW YORK,NY,10010,40.7432572,-73.9864215,True,ai,corroborated
MASTERCARD,2000 PURCHASE ST,PURCHASE,NY,10577,41.0253802,-73.7131634,True,ai,corroborated
MASTERCLASS,1 LETTERMAN DR BUILDING D STE 75,SAN FRANCISCO,CA,94129,37.79734,-122.464466,True,ai,corroborated
MATCHMASTER,3750 S BROADWAY PL,LOS ANGELES,CA,90007,34.01395979882,-118.275524196717,True,manual,verified
MATEL REALTY LLC,,,,,,,True,,
MATHEMATICA,600 ALEXANDER PARK STE 100,PRINCETON,NJ,08540,40.3215402,-74.633843,True,ai,uncorroborated
MATHES VIDEO PRODUCTION,,,,,,,True,,
MATRIX EQUITIES,30000 CHAGRIN RD STE 200,CLEVELAND,OH,44124,41.49888,-81.470711,True,ai,grounded
MATRIX INVESTMENTS LLC,30000 CHAGRIN RD STE 200,CLEVELAND,OH,44124,41.49888,-81.470711,True,ai,grounded
MATRIX PARTNERS,101 MAIN ST 17TH FLOOR,CAMBRIDGE,MA,02142,42.36207273505,-71.080915537021,True,ai,grounded
MATRIX PARTNERS,535 MISSION ST STE 2600,SAN FRANCISCO,CA,94105,37.7888591,-122.3981311,False,ai,grounded
MATRIX PETROLEUM,4200 WESTHEIMER RD STE 700,HOUSTON,TX,77027,29.7420378,-95.4498199,True,ai,corroborated
MATSUSHITA AVIONICS SYSTEMS,1 PANASONIC WAY,SECAUCUS,NJ,07094,40.781958,-74.067649,True,ai,uncorroborated
MATTEL,333 CONTINENTAL BLVD,EL SEGUNDO,CA,90245,33.9203624,-118.3914024,True,ai,corroborated
MATTHEW A BERGER MD PC,,,,,,,True,,
MATTHEW BALDWIN ASSOCIATES,,,,,,,True,,
MATTHEWS & CO,270 MADISON AVE 16TH FLOOR,NEW YORK,NY,10016,40.7512394,-73.9808787,True,ai,grounded
MAUTS DISCOUNT TIRE,,,,,,,True,,
MAVEN MANAGEMENT,200 PARK AVE S 9TH FLOOR,NEW YORK,NY,10003,40.7368886,-73.9892348,True,ai,uncorroborated
MAVEN VENTURES,3340 HILLVIEW AVE,PALO ALTO,CA,94304,37.4052194,-122.1462805,True,manual,verified
MAVERICK VALUE,600 LEXINGTON AVE 26TH FLOOR,NEW YORK,NY,10022,40.7580277,-73.9714246,True,ai,uncorroborated
MAX HOSPITALITY,2000 TOWN CENTER STE 320,SOUTHFIELD,MI,48075,42.4768345,-83.245751,True,ai,uncorroborated
MAX KING REALTY,,,,,,,True,,
MAX PAWN LUXURY,,,,,,,True,,
MAXAR TECHNOLOGIES,1300 N 17TH ST STE 1200,ARLINGTON,VA,22209,38.8937444,-77.0724957,True,ai,uncorroborated
MAXICARE,85 EXECUTIVE DR STE 300,BILLERICA,MA,01821,42.5854563,-71.3079396,True,ai,uncorroborated
MAXIM LIGHTING,253 N VINELAND AVE,CITY OF INDUSTRY,CA,91746,34.0525838,-117.9879858,True,ai,grounded
MAXIMUMHOMECARE,,,,,,,True,,
MAXIMUS,18901 PENNSYLVANIA PKWY STE 300,HUNTINGTON BEACH,CA,92648,33.679045,-118.013011,True,ai,uncorroborated
MAXX PROPERTIES,600 MAMARONECK AVE,HARRISON,NY,10528,40.9811348,-73.7430204,True,ai,corroborated
MAXXAM LLC,909 FANNIN ST STE 2130,HOUSTON,TX,77010,29.7562118,-95.3632783,True,ai,uncorroborated
MAYAN PROPERTIES INC,2665 S BAYSHORE DR PH-2A,MIAMI,FL,33133,25.7312259,-80.2367652,True,manual,verified
MAYBERG FOUNDATION,,,,,,,True,,
MAYER & SCHWEITZER,555 W 5TH ST STE 3100,LOS ANGELES,CA,90013,34.0500816,-118.2534063,True,ai,uncorroborated
MAYER BROWN,71 S WACKER DR,CHICAGO,IL,60606,41.8809989,-87.6360442,True,ai,grounded
MAYERS ELECTRIC CO INC,,,,,,,True,,
MAYERSON JCC,3301 N 60TH ST,MILWAUKEE,WI,53216,43.079795,-87.9873203,True,ai,uncorroborated
MAYO,200 1ST ST SW,ROCHESTER,MN,55905,44.0228985,-92.4668375,True,ai,grounded
MAYO CLINIC,200 FIRST ST SW,ROCHESTER,MN,55905,44.0229918,-92.466573,True,ai,corroborated
MAZEL COMPANY,,,,,,,True,,
MAZIE SLATER KATZ & FREEMAN,103 EISENHOWER PKWY 2ND FLOOR,ROSELAND,NJ,07068,40.82747,-74.3196581,True,manual,verified
MB DAVIS GROUP,3920 N HILLS DR,AUSTIN,TX,78731,30.3564565,-97.7637788,True,manual,verified
MB FOOD,,,,,,,True,,
MB REAL ESTATE,600 LEXINGTON AVE 7TH FLOOR,NEW YORK,NY,10022,40.7580277,-73.9714246,True,ai,uncorroborated
MBF CLEARING CORP,ONE EXCHANGE PLAZA 55 BROADWAY 3RD FLOOR,NEW YORK,NY,10006,40.7068408,-74.013042,True,ai,uncorroborated
MBHB,114 SANSOME ST STE 400,SAN FRANCISCO,CA,94104,37.7914708,-122.4006714,True,ai,uncorroborated
MBIA,1 MANHATTANVILLE RD STE 202,PURCHASE,NY,10577,41.024890058994,-73.71646632972,True,ai,grounded
MBL CONSULTING,,,,,,,True,,
MC CREDIT PARTNERS,200 PARK AVE 41ST FLOOR,NEW YORK,NY,10166,40.7536135,-73.97658,True,ai,corroborated
MC FLOORING,,,,,,,True,,
MCA FINANCIAL,4909 N 44TH ST,PHOENIX,AZ,85018,33.508406,-111.986369,True,ai,grounded
MCA SOLUTIONS,1100 N MARKET ST STE 1300,WILMINGTON,DE,19801,39.746521,-75.547019,True,ai,uncorroborated
MCC,245 PARK AVE,NEW YORK,NY,10167,40.7546124,-73.9746719,True,ai,corroborated
MCCABE RABIN,3250 NE 1ST AVE STE 500,MIAMI,FL,33137,25.8070937,-80.1934192,True,ai,corroborated
MCCARTER & ENGLISH,,,,,,,True,,
MCCARTHY LEONARD & KAEMMERER LC,,,,,,,True,,
MCCC,,,,,,,True,,
MCCOURT GLOBAL,1299 OCEAN AVE STE 900,SANTA MONICA,CA,90401,34.0162043,-118.4993888,True,ai,uncorroborated
MCCP INVESTMENTS,,,,,,,True,,
MCCSC,,,,,,,True,,
MCDERMOTT WILL & EMERY LLP,444 W LAKE ST,CHICAGO,IL,60606,41.8861713,-87.6394541,True,manual,verified
MCDONALD HOPKINS LLC,600 SUPERIOR AVE EAST STE 2100,CLEVELAND,OH,44114,41.5013046,-81.6896268,True,ai,uncorroborated
MCDONALDS,110 N CARPENTER ST,CHICAGO,IL,60607,41.8836145,-87.6537799,True,ai,corroborated
MCG ENERGY SOLUTIONS LLC,,,,,,,True,,
MCGUIREWOODS,GATEWAY PLAZA 800 E CANAL ST,RICHMOND,VA,23219,37.537195,-77.438049,True,ai,grounded
MCH,,,,,,,True,,
MCJ2 JEWELS,,,,,,,True,,
MCJ2 VINTAGE,,,,,,,True,,
MCK,250 GREENWICH ST,NEW YORK,NY,10007,40.713324,-74.012095,True,ai,corroborated
MCKINLEY ASSOCIATES INC,320 N MAIN ST STE 200,ANN ARBOR,MI,48104,42.2839101,-83.7480047,True,manual,verified
MCKINNEY PROPERTIES,1717 PENN AVE STE 5015,PITTSBURGH,PA,15221,40.4441751,-79.8658607,True,ai,grounded
MCKINSEY,711 THIRD AVE,NEW YORK,NY,10017,40.752615886044,-73.973016388999,True,ai,corroborated
MCKNIGHT DEVELOPMENT,,,,,,,True,,
MCM EQUITIES,,,,,,,True,,
MCM HOLDINGS LLC,1185 AVE OF THE AMERICAS,NEW YORK,NY,10036,40.7578147,-73.982208,True,ai,uncorroborated
MCMASTER-CARR,600 COUNTY LINE RD,ELMHURST,IL,60126,41.9156701,-87.9252678,True,ai,corroborated
MCMG MANAGEMENT,,,,,,,True,,
"MCMURRAY, RUSS, ET AL",,,,,,,True,,
MCNAUL EBEL,600 UNIVERSITY ST STE 2700,SEATTLE,WA,98101,47.610902,-122.336422,True,ai,corroborated
MCO,3400 S WEST 145TH AVE,DAVIE,FL,33330,26.060566,-80.330284,True,ai,uncorroborated
MCOL,,,,,,,True,,
MCPS,451 HUNGERFORD DR STE 100,ROCKVILLE,MD,20850,39.0890879,-77.1516765,True,ai,corroborated
MCPS-MD,A I DUPONT BUILDING 4800 HAMPDEN LN,BETHESDA,MD,20814,39.004839,-77.103004,True,ai,corroborated
MCR LLC,600 ANTON BLVD STE 2000,COSTA MESA,CA,92626,33.6907796,-117.8814284,True,ai,corroborated
MCS,,,,,,,True,,
MCSO,,,,,,,True,,
MCVAN INC,,,,,,,True,,
MD ANDERSON CANCER CENTER,1515 HOLCOMBE BLVD,HOUSTON,TX,77030,29.7076703,-95.3978436,True,ai,corroborated
MD CENTER OS AND DENTAL IMPLANTS,,,,,,,True,,
MD NOW,3750 NW 97TH AVE STE 200,DORAL,FL,33178,25.8190258,-80.3535055,True,ai,corroborated
MD PROPERTIES,,,,,,,True,,
MD SQUARED PROPERTY GROUP,7 PENN PLAZA STE 601,NEW YORK,NY,10001,40.749146034576,-73.991886424863,True,manual,verified
MD STRUCTURAL,,,,,,,True,,
MDA,4550 AGATE CT,BOULDER,CO,80301,40.04569,-105.20089,True,ai,uncorroborated
MDA SYSTEMS INC,,,,,,,True,,
MDC HOLDINGS,4350 S MONACO ST STE 500,DENVER,CO,80237,39.6358283,-104.9107604,True,ai,grounded
MDC HOLDINGS,5171 CALIFORNIA AVE STE 120,IRVINE,CA,92617,33.640519139361,-117.853566700794,False,ai,grounded
MDC HOLDINGS,391 N MAIN ST STE 205,CORONA,CA,92879,33.885398291042,-117.564735449543,False,ai,grounded
MDD,,,,,,,True,,
MDEMDPC,,,,,,,True,,
MDESIGN,,,,,,,True,,
MDG GLOBAL,,,,,,,True,,
MDK & ASSC,,,,,,,True,,
MDVIP INC,4950 COMMUNICATION AVE STE 100,BOCA RATON,FL,33431,26.3909066,-80.1112454,True,manual,verified
MDZ PROPERTIES,6220 CAMPBELL RD STE 104,DALLAS,TX,75248,32.9797635,-96.7993476,True,manual,verified
MEADOW VETERINARIAN,,,,,,,True,,
MEADOWS COLLIER,,,,,,,True,,
MEATEATER,131 DISCOVERY DR,BOZEMAN,MT,59718,45.639468,-111.171171,True,ai,grounded
MECHANICAL SERVICES OF CENTRAL FLORIDA,1460 EISENHOWER BLVD,TALLAHASSEE,FL,32304,30.451991,-84.352792,True,ai,corroborated
MECKLENBURG RADIOLOGY ASSOCIATES,,,,,,,True,,
MEDALLIA,9 W 57TH ST 30TH FLOOR,NEW YORK,NY,10019,40.7638353,-73.9749533,True,ai,uncorroborated
MEDCAN HEALTH MANAGEMENT,,,,,,,True,,
MEDIA RIGHTS CAPITAL,9665 WILSHIRE BLVD 2ND FLOOR,BEVERLY HILLS,CA,90212,34.067121809138,-118.404331857217,True,ai,grounded
MEDIA RIGHTS CAPITAL,750 N SAN VICENTE BLVD STE RE1100,WEST HOLLYWOOD,CA,90069,34.0829678,-118.3821876,False,ai,grounded
MEDIATORS MEDIATION,,,,,,,True,,
MEDICA,401 CARLSON PKWY STE 900,MINNEAPOLIS,MN,55447,45.001096,-93.489561,True,ai,corroborated
MEDICAL CENTER,,,,,,,True,,
MEDICAL FACILITIES OF AMERICA,2917 PENN FOREST BLVD SW,ROANOKE,VA,24018,37.2276369,-80.0133186,True,ai,grounded
MEDICAL SCREENING SPONSORSHIPS,,,,,,,True,,
MEDICALLY HOME GROUP INC,50 MASON ST STE 210,BOSTON,MA,02108,42.3536266,-71.0635215,True,ai,uncorroborated
MEDICOLEGAL GROUP,120 BROADWAY,NEW YORK,NY,10271,40.7082035,-74.0105065,True,ai,uncorroborated
MEDIFLIX,,,,,,,True,,
MEDIMPROVE,,,,,,,True,,
MEDNAX,1301 CONCORD TER STE 600,SUNRISE,FL,33323,26.1403522,-80.3424918,True,ai,uncorroborated
MEDNAX MEDICAL GROUP,1301 CONCORD TER,SUNRISE,FL,33323,26.1403522,-80.3424918,True,ai,uncorroborated
MEDPAC,425 3RD ST SW STE 701,WASHINGTON,DC,20024,38.8836011,-77.0154799,True,ai,uncorroborated
MEDPACE,3000 KENTON ST,CINCINNATI,OH,45249,39.275264,-84.326879,True,ai,grounded
MEDREVIEW,,,,,,,True,,
MEDRITE URGENT CARE,10511 RIDGETOP CIR,RESTON,VA,20190,38.959187,-77.34107,True,ai,uncorroborated
MEDSTAR HEALTH,10980 GRANTCHESTER WAY,COLUMBIA,MD,21044,39.2110234,-76.8664104,True,ai,grounded
MEDSTAR WASHINGTON HOSPITAL CENTER,110 IRVING ST NW,WASHINGTON,DC,20010,38.9287492,-77.0147693,True,ai,uncorroborated
MEDTAX CPAS,,,,,,,True,,
MEDTRONIC,710 MEDTRONIC PKWY,MINNEAPOLIS,MN,55432,45.096702,-93.253726,True,ai,corroborated
MEDVAMC,10 N GREENE ST,GREENSBORO,NC,27401,36.0785019,-79.7910379,True,ai,uncorroborated
MEDVET,2200 RENAISSANCE BLVD,KING OF PRUSSIA,PA,19406,40.0827374,-75.3430233,True,ai,uncorroborated
"MEEKS, BUTERA & ISRAEL",,,,,,,True,,
MEG STAFFING,,,,,,,True,,
MEHLMAN CASTAGNETTI ROSEN & THOMAS,733 15TH ST NW STE 925,WASHINGTON,DC,20005,38.8998045,-77.0334539,True,ai,corroborated
MEHRAN HAKIMIAN INC,,,,,,,True,,
MEI AND MARK LLP,,,,,,,True,,
MEIRAT,,,,,,,True,,
MEISTER & STEINER PLLC,360 MADISON AVE 6TH FLOOR,NEW YORK,NY,10017,40.7550404,-73.9781023,True,ai,corroborated
MEK MANAGEMENT SERVICES INC,,,,,,,True,,
MELAND BUDWICK PA,200 S BISCAYNE BLVD STE 3200,MIAMI,FL,33131,25.7721283,-80.1877667,True,ai,corroborated
MELDINE INDUTRIES,,,,,,,True,,
MELITA INTERNATIONAL,5051 PEACHTREE CORNERS CIR,NORCROSS,GA,30092,33.972386,-84.231986,True,manual,verified
MELTZER & ASSOCIATES,,,,,,,True,,
MELTZER LIPPE GOLDSTEIN & BREITSTONE,190 WILLIS AVE,MINEOLA,NY,11501,40.7459358,-73.6389032,True,ai,corroborated
MELVIN CUTLER,,,,,,,True,,
MELVIN J. BERMAN HEBREW ACADEMY,7600 OLD GEORGETOWN RD,BETHESDA,MD,20814,38.985618,-77.095854,True,ai,corroborated
MEM GLOBAL,,,,,,,True,,
MEMORIAL HOSPITAL WEST,3100 SW 62ND AVE,PEMBROKE PINES,FL,33023,25.988484,-80.212462,True,ai,corroborated
MEMORIAL SLOAN KETTERING CANCER CENTER,1275 YORK AVE,NEW YORK,NY,10065,40.7644418,-73.9569549,True,manual,verified
MEMORIALCARE LONG BEACH,2801 ATLANTIC AVE,LONG BEACH,CA,90806,33.8090108,-118.1872272,True,ai,corroborated
MEMPHIS CAPITAL,5060 POPLAR AVE STE 300,MEMPHIS,TN,38157,35.1120235,-89.8936518,True,ai,corroborated
MENA YUDKOFF REHAB CONSULTANTS,,,,,,,True,,
MENAKER RODNEY DENTISTRY,,,,,,,True,,
MENDEL & ASSOCIATES,7000 N MO-PAC EXPY STE 350,AUSTIN,TX,78731,30.3536429,-97.7494739,True,ai,uncorroborated
MENDELSOHN OSERAN SPENCER,2000 TOWN CENTER STE 1800,SOUTHFIELD,MI,48075,42.4768345,-83.245751,True,ai,uncorroborated
MENDELSON LAW FIRM,799 ESTATE PL,MEMPHIS,TN,38120,35.108010969042,-89.884294729682,True,ai,grounded
MENLO COLLEGE,1000 EL CAMINO REAL,MENLO PARK,CA,94025,37.4530102,-122.1807709,True,ai,corroborated
MENORA FINANCILA GROUP,25 N MAIN ST,ROSELLE PARK,NJ,07204,40.665312,-74.266555,True,ai,uncorroborated
MENTO,300 PARK AVE,NEW YORK,NY,10022,40.7570541,-73.9747565,True,ai,uncorroborated
MEOPTA USA,7826 PHOTONICS DR,TRINITY,FL,34655,28.1928226,-82.6840998,True,ai,grounded
MEQS,,,,,,,True,,
MERAGE JCC OF ORANGE COUNTY,1 FEDERATION WAY,IRVINE,CA,92603,33.6330121,-117.8258168,True,ai,corroborated
MERCEDES BENZ OF ALEXANDRIA,300 N HENRY ST,ALEXANDRIA,VA,22314,38.8141481,-77.049538,True,ai,corroborated
MERCEDES BENZ OF ARLINGTON,4600 COLUMBIA PIKE,ARLINGTON,VA,22204,38.857165,-77.106594,True,ai,corroborated
MERCER,1166 AVE OF THE AMERICAS,NEW YORK,NY,10036,40.7568778,-73.9820036,True,ai,corroborated
MERCER HEALTH,1201 COLUMBUS AVE,SANDUSKY,OH,44870,41.445604,-82.7056235,True,ai,corroborated
MERCHANT ASSOCIATES,9988 HIBERT ST STE 302,SAN DIEGO,CA,92131,32.9139132,-117.1105358,True,ai,grounded
MERCHSOURCE,7755 IRVINE CENTER DR STE 100,IRVINE,CA,92618,33.6587741,-117.7491214,True,ai,grounded
MERCK,2000 GALLOPING HILL RD,KENILWORTH,NJ,07033,40.6790286,-74.2717034,True,ai,grounded
MERCOR,,,,,,,True,,
MERCURY,325 N ST PAUL ST STE 4400,DALLAS,TX,75201,32.7832684,-96.7978124,True,ai,uncorroborated
MERCURY AVIATION COMPANIES LLC,2780 SKYPARK DR STE 300,TORRANCE,CA,90505,33.8043702,-118.3353561,True,ai,grounded
MERCURY PUBLIC AFFAIRS LLC,200 VARICK ST STE 600,NEW YORK,NY,10014,40.7284401,-74.005096,True,ai,grounded
MERCY CULTURE CHURCH,,,,,,,True,,
MERCY MEDICAL GROUP,1200 SUTTER ST,SACRAMENTO,CA,95816,38.575407,-121.464803,True,ai,corroborated
MERESTONE CONSULTING,,,,,,,True,,
MERIDIAN CAPITAL GROUP,1 BATTERY PARK PLAZA 26TH FLOOR,NEW YORK,NY,10004,40.689805,-74.017389,True,ai,grounded
MERIDIAN CAPITAL GROUP,950 THIRD AVE 22ND FLOOR,NEW YORK,NY,10022,40.760231166369,-73.96763630302,False,ai,grounded
MERIDIAN CAPITAL GROUP,1897 LAKEWOOD RD STE 249,TOMS RIVER,NJ,08755,40.019615343179,-74.219875748214,False,ai,grounded
MERIDIAN CAPITAL GROUP,171 SAXONY RD STE 109,ENCINITAS,CA,92024,33.050263002052,-117.285583698797,False,ai,grounded
MERIDIAN CAPITAL GROUP,10250 CONSTELLATION BLVD STE 2550,LOS ANGELES,CA,90067,34.05705559232,-118.418131970681,False,ai,grounded
MERIDIAN CAPITAL GROUP,21301 POWERLINE RD STE 102,BOCA RATON,FL,33433,26.360829721465,-80.15265802347,False,ai,grounded
MERIDIAN CAPITAL GROUP,8170 MCCORMICK BLVD STE 110,SKOKIE,IL,60076,42.029473971437,-87.711106568663,False,ai,grounded
MERIN HUNTER CODMAN,99 CHAUNCY ST STE 500,BOSTON,MA,02111,42.353143,-71.0611071,True,ai,uncorroborated
MERINO YEBRI LLP,,,,,,,True,,
MERIT STREET MEDIA,13600 HERITAGE PKWY,FORT WORTH,TX,76177,32.9774719,-97.3098754,True,ai,grounded
MERITAGE HOMES,18655 N CLARET DR STE 400,SCOTTSDALE,AZ,85255,33.6590561,-111.911645,True,ai,grounded
MERLIN VENTURES,,,,,,,True,,
MERLONE GEIER MANAGEMENT,333 CITY BLVD W STE 1400,ORANGE,CA,92868,33.7871349,-117.893685,True,ai,corroborated
MERRIMACK VALLEY DISTRIBUTING COMPANY,33 BROADWAY,LAWRENCE,MA,01840,42.7039469,-71.1674557,True,ai,corroborated
MERRIN INVESTORS,2547 MAPLE AVE,CORTLANDT MANOR,NY,10567,41.264004,-73.8573019,True,manual,verified
MERRITT GALLERY,88 VILLAGE SQ,BALTIMORE,MD,21210,39.3543864,-76.6464107,True,ai,grounded
MERUS GLOBAL INVESTMENTS LLC,,,,,,,True,,
MESA CONSULTING,100 CRESCENT CT STE 700,DALLAS,TX,75201,32.7939116,-96.8033152,True,ai,uncorroborated
MESA WEST CAPITAL,19800 MACARTHUR BLVD STE 400,IRVINE,CA,92612,33.6549289,-117.861074,True,ai,corroborated
MESH LOGISITCS INC,,,,,,,True,,
MESH PAYMENTS,2 EMBARCADERO CENTER STE 3130,SAN FRANCISCO,CA,94111,37.7947915,-122.3984407,True,ai,corroborated
MESHEKOW INSURANCE AGENCY,,,,,,,True,,
MESIROW FINANCIAL,353 N CLARK ST,CHICAGO,IL,60654,41.8889735,-87.6301482,True,manual,verified
MESSER CONSTRUCTION CO,643 W CT ST,CINCINNATI,OH,45203,39.1054958,-84.52641,True,ai,grounded
MESSER REAL ESTATE VENTURES INC,,,,,,,True,,
MET COUNCIL ON JEWISH POVERTY,232 E 1ST ST,NEW YORK,NY,10009,40.731285858893,-73.982534041834,True,ai,grounded
META,1 HACKER WAY,MENLO PARK,CA,94025,37.4844279,-122.1485581,True,ai,corroborated
METADOLCE TECHNOLOGIES INC,4500 PARK GRANADA STE 202,CALABASAS,CA,91302,34.149394182896,-118.647181163683,True,manual,verified
METAMETRICS,,,,,,,True,,
METHODIST HOME FOR CHILDREN,612 E 10TH ST,LITTLE ROCK,AR,72202,34.7389294,-92.2696765,True,ai,uncorroborated
METLIFE,200 PARK AVE,NEW YORK,NY,10166,40.7536135,-73.97658,True,ai,uncorroborated
METRIX TECHNOLOGY ENGINEERING,,,,,,,True,,
METRO,,,,,,,True,,
METRO IMAGING,,,,,,,True,,
METRO LOFT MANAGEMENT,79 WALKER ST,NEW YORK,NY,10013,40.7181889,-74.0017974,True,ai,corroborated
METRO ND,,,,,,,True,,
METRO TITLE SERVICES,,,,,,,True,,
METROHEALTH MEDICAL CENTER,2500 METROHEALTH DR,CLEVELAND,OH,44109,41.4623879,-81.696703,True,ai,corroborated
METROLINA NEUROLOGICAL ASSOCIATES,4801 PLEASANT PLAINS RD STE 300,CHARLOTTE,NC,28210,35.130509,-80.856685,True,ai,uncorroborated
METROLINA PAIN CLINIC,2000 RANDOLPH RD STE 200,CHARLOTTE,NC,28207,35.208816,-80.822815,True,ai,corroborated
METROLOFT NYC,40 WALL ST,NEW YORK,NY,10005,40.7070219,-74.0096669,True,manual,verified
METRON INC,1150 18TH ST NW STE 1000,WASHINGTON,DC,20036,38.9052778,-77.0417891,True,ai,uncorroborated
METROPOLIS,,,,,,,True,,
METROPOLITAN MANAGEMENT,,,,,,,True,,
METROPOLITAN MANAGEMENT/KLEIN ENT,,,,,,,True,,
METROPOLITAN MARKETING INC,,CALABASAS,CA,91302,34.122556,-118.669821,True,manual,verified
METROPOLITAN MORTGAGE AND REALTY INC,80 MAIN ST STE 560,WEST ORANGE,NJ,07052,40.780867900916,-74.237529497219,True,manual,verified
METROPOLITAN NEUROSURGERY,,,,,,,True,,
METROPOLITAN REALTY GROUP LLC,60 CUTTER MILL RD STE 200,GREAT NECK,NY,11021,40.785922143065,-73.730878469888,True,ai,grounded
METROVAC,1601 ELM ST,MANCHESTER,NH,03101,43.001431,-71.464406,True,ai,uncorroborated
METTEL,1 WASHINGTON MALL STE 401,WOBURN,MA,01801,42.488703,-71.154383,True,ai,uncorroborated
METZ LEWIS BRODMAN MUST O'KEEFE LLC,444 LIBERTY AVE STE 2100,PITTSBURGH,PA,15222,40.4408728,-80.0046345,True,ai,grounded
MEUNDIES,9534 JEFFERSON BLVD,CULVER CITY,CA,90232,34.0169206,-118.3877872,True,manual,verified
MEVKO PROPERTIES,,,,,,,True,,
MFA BOSTON,465 HUNTINGTON AVE,BOSTON,MA,02115,42.3394573,-71.093897,True,ai,corroborated
MFAL CONSULTING LLC,2401 NE 47TH ST,LIGHTHOUSE POINT,FL,33064,26.288980476829,-80.09076533319,True,manual,verified
MFB TECHNOLOGIES INC,,,,,,,True,,
MFLP,,,,,,,True,,
MFM,,,,,,,True,,
MFM-NY,,,,,,,True,,
MFP,,,,,,,True,,
MG GROUP,,,,,,,True,,
MG PROPERTIES,10505 SORRENTO VALLEY RD STE 300,SAN DIEGO,CA,92121,32.8959192,-117.2170194,True,manual,verified
MGA STUDIOS,9220 WINNETKA AVE,CHATSWORTH,CA,91311,34.2380312,-118.5709524,True,ai,grounded
MGB,,,,,,,True,,
MGS CONTRACTING,,,,,,,True,,
MGS GROUP REAL ESTATE,,,,,,,True,,
MGS PARTNERS,411 HACKENSACK AVE 5TH FLOOR,HACKENSACK,NJ,07601,40.9083215,-74.0328553,True,manual,verified
MHE ENTERPRISES,,,,,,,True,,
MHE REAL ESTATE,,,,,,,True,,
MHG,ONE LIBERTY PLAZA,NEW YORK,NY,10006,40.7097367,-74.010857,True,ai,corroborated
MHP,,,,,,,True,,
MHPP,,,,,,,True,,
MHQ,,,,,,,True,,
MHS,930 15TH ST NW,WASHINGTON,DC,20005,38.9017438,-77.0337449,True,ai,uncorroborated
MI CATHOLIC CONFERENCE,510 S CAPITOL AVE,LANSING,MI,48933,42.7284725,-84.5540259,True,ai,corroborated
MIAMI ASSOCIATION OF RELATORS,1200 CORAL WAY,MIAMI,FL,33145,25.7507184,-80.2142325,True,ai,corroborated
MIAMI DADE COUNTY SCHOOLS,1450 NE 2ND AVE,MIAMI,FL,33132,25.7890489,-80.1910248,True,ai,corroborated
MIAMI MARLINS,501 MARLINS WAY,MIAMI,FL,33125,25.783834,-80.236333,True,ai,grounded
MIAMI-DADE COUNTY PUBLIC SCHOOLS,1450 NE 2ND AVE,MIAMI,FL,33132,25.7890489,-80.1910248,True,ai,corroborated
"MIAMI-DADE COUNTY, FL",111 NW 1ST ST,MIAMI,FL,33128,25.7760632,-80.1961058,True,ai,corroborated
MIASNIK VENTURES,,,,,,,True,,
MICHAEL FRANK MD PC,,,,,,,True,,
MICHAEL HOWARD FURNITURE,1144 BROADWAY,NEW YORK,NY,10001,40.744279,-73.988808,True,ai,uncorroborated
MICHAEL JACOBSON CONSULTING,,,,,,,True,,
MICHAEL K. NUNLEY AND ASSOCIATES INC,1411 BROADWAY,SAVANNAH,GA,31401,32.068296,-81.092835,True,ai,uncorroborated
MICHAEL L SCHNEIDER CPA,,,,,,,True,,
MICHAEL LAMOUREUX PA,,,,,,,True,,
MICHAEL LEONNARDS,,,,,,,True,,
MICHAEL NORMAN COHEN & ASSOCIATES,,,,,,,True,,
MICHAEL ROSENBERG CONSULTING,,,,,,,True,,
MICHAEL S SMITH INC,,,,,,,True,,
MICHAEL SAMSON CO,,,,,,,True,,
MICHAEL SAUNDERS & COMPANY,2200 MAIN ST,NAPLES,FL,34102,26.1420166,-81.7965509,True,ai,corroborated
MICHAEL SIMMONS,,,,,,,True,,
MICHAEL STOLARSKI PC,,,,,,,True,,
MICHELLE E. LENTZNER LAW OFFICE,,,,,,,True,,
MICHELMAN,900 ROUTE 202/206 S,ANNANDALE,NJ,08801,40.629609,-74.89049,True,ai,uncorroborated
MICHIGAN HEALTHCARE PROFESSIONALS,,,,,,,True,,
MICHIGAN INSTITUTE FOR NEUROLOGICAL DISORDERS,28595 ORCHARD LAKE RD STE 200,FARMINGTON HILLS,MI,48334,42.507918,-83.3598792,True,manual,verified
MICHIGAN PNEUMATIC TOOL,6850 MIDDLEBELT RD,ROMULUS,MI,48174,42.2568086,-83.3292468,True,manual,verified
MICHIGAN SINUS AND SKULL BASE INSTITUTE,3300 E JEFFERSON AVE STE 400,DETROIT,MI,48207,42.3415659,-83.0136491,True,ai,corroborated
MICHIGAN STATE UNIVERSITY,426 AUDITORIUM RD ROOM 200,EAST LANSING,MI,48824,42.7309147,-84.4766005,True,ai,corroborated
MICHIGNA PNEUMATIC,1716 INDUSTRIAL PKWY,HOLLAND,MI,49424,42.832778,-86.130421,True,ai,corroborated
MICRO CENTER,7301 COLSHIRE DR,RICHMOND,VA,23235,37.51457,-77.564758,True,ai,corroborated
MICRO STAMPING,,,,,,,True,,
MICROAIRE,2170 N BROADWAY,BLUFFTON,IN,46714,40.722652,-85.176526,True,ai,uncorroborated
MICROCHIP,2355 W CHANDLER BLVD,CHANDLER,AZ,85224,33.3040695,-111.8835606,True,ai,uncorroborated
MICROSOFT,ONE MICROSOFT WAY,REDMOND,WA,98052,47.6419845,-122.1269364,True,ai,corroborated
MICROSOFT ALUMNI NETWORK,ONE MICROSOFT WAY,REDMOND,WA,98052,47.6419845,-122.1269364,True,ai,corroborated
MID A.M. FABRICS,,,,,,,True,,
MID ATLANTIC EYECARE,,,,,,,True,,
MID FL EYE CENTER,,,,,,,True,,
MID HUDSON RETINA,40 O'NEIL ST,POUGHKEEPSIE,NY,12601,41.707792,-73.910601,True,ai,corroborated
MID-AMERICA REAL ESTATE,600 E 96TH ST STE 200,INDIANAPOLIS,IN,46240,39.9290036,-86.146969,True,ai,uncorroborated
MID-CONTINENT PACKAGING INC,2200 PLANT AVE,FORT SMITH,AR,72908,35.309004,-94.407401,True,ai,uncorroborated
MIDDLEGATE SECURITIES INC,,,,,,,True,,
MIDFIRST BANK,123 N ROBINSON AVE,OKLAHOMA CITY,OK,73102,35.4680508,-97.516542,True,ai,uncorroborated
MIDLAND ROAD PARTNERS,,,,,,,True,,
MIDLANTIC BANK N A,METRO PARK PLAZA,EDISON,NJ,08818,40.5005351,-74.3983939,True,manual,verified
MIDSTATE RADIOLOGY ASSOCIATES,101 N PLAINS INDUSTRIAL RD,WALLINGFORD,CT,06492,41.4779925,-72.8209894,True,ai,grounded
MIDTOWN EQUITIES,141 FIFTH AVE 2ND FLOOR,NEW YORK,NY,10010,40.740015127957,-73.990613339993,True,ai,grounded
MIDTOWN PRACTICE FOR PSYCHIATRY,,,,,,,True,,
MIDWEST CARDIOLOGY ASSOCIATES,,,,,,,True,,
MIDWEST NEUROSURGERY ASSOCIATES,,,,,,,True,,
MIDWEST REPRESENTATIVES INC,,,,,,,True,,
MIDWEST TRUCK & AUTO PARTS,,,,,,,True,,
MIKE & ALLY,,,,,,,True,,
MIKEY BUYS HOMES,,,,,,,True,,
MIL,,,,,,,True,,
MILAM INTERNATIONAL CORPORATION,5209 W LOOP S #600,HOUSTON,TX,77081,29.6898831,-95.4588793,True,ai,uncorroborated
MILANI COSMETICS,12157 SATICOY ST,NORTH HOLLYWOOD,CA,91605,34.2085546,-118.3987434,True,ai,corroborated
MILBANK,55 HUDSON YARDS,NEW YORK,NY,10001,40.7552063,-74.0017804,True,ai,corroborated
MILEONE AUTOGROUP,1 OLYMPIC PL STE 1120,TOWSON,MD,21204,39.4029305,-76.6029347,True,ai,grounded
MILEONE AUTOGROUP,801 YORK RD,TOWSON,MD,21204,39.406201258359,-76.606098161406,False,ai,grounded
MILEONE AUTOGROUP,725 YORK RD,TOWSON,MD,21204,39.405347013238,-76.605413522696,False,ai,grounded
MILES W. RICH PC,,,,,,,True,,
MILESTONE BANK,310 S MAIN ST STE 900,SALT LAKE CITY,UT,84101,40.7555187,-111.8909896,True,ai,grounded
MILFORD PODIATRY ASSOCIATES,,,,,,,True,,
MILK BOUTIQUE,,,,,,,True,,
MILKEN COMMUNITY SCHOOL,15800 MULHOLLAND DR,LOS ANGELES,CA,90049,34.126245,-118.475881,True,ai,corroborated
MILL CREEK RESIDENTIAL TRUST,4855 TECHNOLOGY WAY STE 400,BOCA RATON,FL,33431,26.3909948,-80.1024332,True,ai,grounded
MILL POND CAPITAL,2 RAILROAD PL,WESTPORT,CT,06880,41.119364,-73.369266,True,manual,verified
MILL STEEL COMPANY,16502 S BROADWAY,GARDENA,CA,90248,33.87834,-118.2841,True,ai,uncorroborated
MILLENNIUM ABSTRACT CORP,,,,,,,True,,
MILLENNIUM HEALTHCARE,445 BROAD HOLLOW RD STE 25,MELVILLE,NY,11747,40.783762,-73.409295,True,ai,grounded
MILLENNIUM MANAGEMENT,399 PARK AVE,NEW YORK,NY,10022,40.7589833,-73.9714789,True,manual,verified
MILLENNIUM PROPERTIES,,,,,,,True,,
MILLENNIUM TRUST COMPANY (ACCRUIT),200 S WACKER DR STE 1000,CHICAGO,IL,60606,41.8789393,-87.6373533,True,ai,uncorroborated
MILLER AND WASHINGTON,,,,,,,True,,
MILLER BARONDESS,2121 AVE OF THE STARS 26TH FLOOR,LOS ANGELES,CA,90067,34.0551881,-118.4132764,True,ai,grounded
MILLER CANFIELD ET AL,150 W JEFFERSON STE 2500,DETROIT,MI,48226,42.3284697,-83.0466134,True,ai,corroborated
MILLER ENTERPRISES,,,,,,,True,,
MILLER GLOBAL INVESTMENTS,,,,,,,True,,
MILLER GLOBAL PROPERTIES,4643 S ULSTER ST STE 400,DENVER,CO,80237,39.639871,-104.901711,True,ai,corroborated
MILLER INK,,,,,,,True,,
MILLER LEGAL,,,,,,,True,,
MILLER NASH LLP,111 SW FIFTH AVE STE 3400,PORTLAND,OR,97204,45.518371,-122.673946,True,ai,uncorroborated
MILLER PROPERTIES,,,,,,,True,,
MILLER REALTY ASSOCIATES,,,,,,,True,,
MILLER ROSNICK D'AMICO AUGUST & BUTLER,150 N AVE,BRIDGEPORT,CT,06604,41.2013593,-73.1915435,True,manual,verified
MILLER STRATEGIES LLC,1500 WALNUT ST STE 900,KANSAS CITY,MO,64108,39.09558,-94.582404,True,ai,uncorroborated
MILLER TRADING,,,,,,,True,,
MILLER UNITED REAL ESTATE LLC,,,,,,,True,,
MILLICAN CONSTRUCTION CO,,,,,,,True,,
MILLIMAN,2000 POWELL ST STE 1400,EMERYVILLE,CA,94608,37.8381093,-122.3008475,True,ai,uncorroborated
MILLSTEIN & ASSOCIATES,1185 AVE OF THE AMERICAS 7TH FLOOR,NEW YORK,NY,10036,40.7579319,-73.9821357,True,ai,uncorroborated
MILTON L. EHRLICH INC,,,,,,,True,,
MILV,,,,,,,True,,
MINAS REALTY,,,,,,,True,,
MIND OVER MACHINES INC,,,,,,,True,,
MINDSPRING ASSOCIATES,49 GRANITE ST,SARATOGA SPRINGS,NY,12866,43.08923,-73.7867268,True,ai,grounded
MINDYBAER VO,,,,,,,True,,
MINEOLA PUBLIC SCHOOLS,1 COLUMBUS AVE,MINEOLA,NY,11501,40.74633,-73.639178,True,ai,corroborated
MINI CIRCUITS,35 GILPIN AVE,BROOKLYN,NY,11237,40.70416,-73.921139,True,ai,corroborated
MINIO INC,201 MISSION ST STE 2600,SAN FRANCISCO,CA,94105,37.7911641,-122.3950412,True,ai,corroborated
MINITAB LLC,1829 PINE HALL RD,STATE COLLEGE,PA,16803,40.7777227,-77.8901129,True,ai,uncorroborated
MINKOFF DEVELOPMENT CORPORATION,5 E 57TH ST,NEW YORK,NY,10022,40.7629172,-73.9731485,True,ai,uncorroborated
MINNEAPOLIS JEWISH FEDERATION,THE JEWISH FEDERATION OF GREATER MINNEAPOLIS 2325 GRAND WAY,SAINT LOUIS PARK,MN,55416,44.949373,-93.340994,True,ai,corroborated
MINNESOTA BUSINESS,,,,,,,True,,
MINNESOTA LITERACY,1970 OAKCREST AVE S,MAPLEWOOD,MN,55109,45.016634,-93.026716,True,ai,corroborated
MINOA MARKETING,,,,,,,True,,
MINTZ,1 FINANCIAL CENTER,BOSTON,MA,02111,42.3524096,-71.0563898,True,ai,uncorroborated
MINTZ LEVIN,ONE FINANCIAL CENTER,BOSTON,MA,02111,42.3524096,-71.0563898,True,ai,grounded
MINUTE MEN INC,3740 CARNEGIE AVE,CLEVELAND,OH,44115,41.5005941,-81.6602777,True,manual,verified
MIO PARTNERS,,,,,,,True,,
MIR DEVELOPMENTS,,,,,,,True,,
MIRACLE PROPERTY MANAGERS INC,,,,,,,True,,
MIRMAN BUBMAN & NAHMIAS,1875 CENTURY PARK EAST STE 1900,LOS ANGELES,CA,90067,34.0618409,-118.415054,True,ai,corroborated
MISSION HERITAGE,,,,,,,True,,
MISSION HOSPITAL,300 W DR MARTIN LUTHER KING JR BLVD,ORANGE,CA,92868,33.787967,-117.876343,True,ai,corroborated
MISSION PEAK CAPITAL,1908 MAIN ST,KANSAS CITY,MO,64108,39.0899578,-94.5840491,True,ai,grounded
MISSOURI STATE LEGISLATURE,201 W CAPITOL AVE,JEFFERSON CITY,MO,65101,38.5792198,-92.17298,True,ai,corroborated
MISTDODA CAPITAL LLC,,,,,,,True,,
MIT,77 MASSACHUSETTS AVE,CAMBRIDGE,MA,02139,42.3592593,-71.0933625,True,ai,corroborated
MITCHELL INVESTMENTS,,,,,,,True,,
MITTELMAN PLASTIC SURGERY,810 ALTOS OAKS DR,LOS ALTOS,CA,94024,37.3591162,-122.0923503,True,ai,grounded
MIZMAA VENTURES,225 BUSH ST,SAN FRANCISCO,CA,94104,37.79102765337,-122.401460227429,True,ai,grounded
"MIZRAHI LAW, APC",11150 SANTA MONICA BLVD STE 200,LOS ANGELES,CA,90025,34.045421,-118.445873,True,ai,corroborated
MJ HOLDING,7852 S SAYRE AVE,BRIDGEVIEW,IL,60455,41.7491168,-87.7949764,True,manual,verified
MJJ,,,,,,,True,,
MJW,,,,,,,True,,
MJW INVESTMENTS,12100 WILSHIRE BLVD STE 1900,LOS ANGELES,CA,90025,34.0434918,-118.4676737,True,manual,verified
MK CAPITAL,560 SKOKIE BLVD STE 280,NORTHBROOK,IL,60062,42.1423765,-87.7946617,True,ai,corroborated
MK REAL ESTATE GROUP,11150 SANTA MONICA BLVD STE 500,LOS ANGELES,CA,90025,34.0469114,-118.4451093,True,ai,uncorroborated
MKDA ARCHITECTURE,902 BROADWAY 17TH FLOOR,NEW YORK,NY,10010,40.7393401,-73.9893929,True,ai,grounded
MKG TRAIN CORP,,,,,,,True,,
MKL ENTERPRISES LTD,,,,,,,True,,
MKL PROPERTIES,,,,,,,True,,
ML FINANCIAL INC,1201 PACIFIC AVE STE 1800,TACOMA,WA,98402,47.2521325,-122.4374794,True,manual,verified
MLCO,,,,,,,True,,
MLEDLINE,,,,,,,True,,
MLF CONSULTING,,,,,,,True,,
MLP,,,,,,,True,,
MLR PARTNERS,,,,,,,True,,
MLRDELLC,,,,,,,True,,
MMC,600 LEXINGTON AVE,NEW YORK,NY,10022,40.7580277,-73.9714246,True,ai,corroborated
MMJ HEALTH,,,,,,,True,,
MN8 ENERGY LLC,,,,,,,True,,
MNG,,,,,,,True,,
MO'S BAGELS & DELI,2780 NE 187TH ST,AVENTURA,FL,33180,25.9484359,-80.1438275,True,ai,corroborated
MOBILE ANESTHESIOLOGISTS,3600 7TH AVE S STE 410,BIRMINGHAM,AL,35222,33.5221362,-86.7679814,True,ai,uncorroborated
MOBILE DENTISTS,33533 W 12 MILE RD STE 150,FARMINGTON HILLS,MI,48331,42.4985304,-83.3800134,True,manual,verified
MOCAP,1900 W 100TH ST STE 300,BLOOMINGTON,MN,55431,44.8231353,-93.317421,True,ai,uncorroborated
MODA,709 NE MULTNOMAH ST STE 220,PORTLAND,OR,97232,45.5315808,-122.6583799,True,ai,uncorroborated
MODELCODE.AI INC,,,,,,,True,,
MODERN HR,,,,,,,True,,
MODERN LUXURY MEDIA,1000 S FIGUEROA ST STE 1000,LOS ANGELES,CA,90015,34.044596,-118.264181,True,ai,corroborated
MODERNIZING MEDICINE,5070 TAMIAMI TRL N,NAPLES,FL,34103,26.2035739,-81.8003703,True,ai,corroborated
MOELIS & COMPANY,399 PARK AVE 4TH FLOOR,NEW YORK,NY,10022,40.7589833,-73.9714789,True,manual,verified
MOFFITT CANCER CENTER,12902 MAGNOLIA DR,TAMPA,FL,33612,28.0640672,-82.4217261,True,ai,corroborated
MOHEGAN GAMING,1 MOHEGAN SUN BLVD,UNCASVILLE,CT,06382,41.4923606,-72.0897132,True,ai,uncorroborated
MOISHE HOUSE,441 SAXONY RD BARN 2,ENCINITAS,CA,92024,33.056868,-117.257577,True,ai,grounded
MOMENTUM UNLIMITED,6101 EXECUTIVE BLVD STE 385,ROCKVILLE,MD,20852,39.051511,-77.123973,True,ai,grounded
MON VALLEY HOSPITAL,1163 COUNTRY CLUB RD,MONONGAHELA,PA,15063,40.1813883,-79.91138,True,ai,corroborated
MONARCH ALTERNATIVE CAPITAL,535 MADISON AVE,NEW YORK,NY,10022,40.760450422949,-73.973615044933,True,ai,grounded
MONARCH ALTERNATIVE CAPITAL,222 LAKEVIEW AVE STE 1010,WEST PALM BEACH,FL,33401,26.706134968099,-80.050936217669,False,ai,grounded
MONARCH CASINO AND RESORT,3800 S VIRGINIA ST,RENO,NV,89502,39.488942059685,-119.794911651355,True,ai,grounded
MONARCH CASINO AND RESORT,488 MAIN ST,BLACK HAWK,CO,80422,39.798616,-105.483407,False,ai,grounded
MONDAY PRO,,,,,,,True,,
MONDAY PROPERTIES,595 MADISON AVE STE 1903,NEW YORK,NY,10022,40.762442,-73.9720675,True,ai,grounded
MONDAY.COM,100 BROADWAY 5TH FLOOR,NEW YORK,NY,10005,40.7079778,-74.0110935,True,ai,corroborated
MONDEVICES,,,,,,,True,,
MONEM,,,,,,,True,,
MONOCACY EMERGENCY PHYSICIANS,325 MONTEVUE LN STE 210,FREDERICK,MD,21702,39.4324188,-77.4391374,True,ai,corroborated
MONOMOY CAPITAL PARTNERS,,,,,,,True,,
MONROE GROUP,6875 E EVANS AVE,DENVER,CO,80224,39.6787135,-104.9086355,True,ai,grounded
MONTCLAIR STATE UNIVERSITY,1 NORMAL AVE,MONTCLAIR,NJ,07043,40.8646878,-74.1969213,True,ai,corroborated
MONTE CAPITAL INC,,,,,,,True,,
MONTEFIORE,111 E 210TH ST,BRONX,NY,10467,40.8800853,-73.8798439,True,ai,corroborated
MONTEREY BAY LABS,,,,,,,True,,
MONTGOMERY CORPORATION,,,,,,,True,,
MONTGOMERY COUNTY PUBLIC SCHOOLS,850 HUNGERFORD DR,ROCKVILLE,MD,20850,39.094784,-77.1582238,True,ai,corroborated
MONTLICK INJURY ATTORNEYS,,,,,,,True,,
MONTY & RAMIREZ LLP,,,,,,,True,,
MONUMENT ADVOCACY,975 F ST NW STE 400,WASHINGTON,DC,20004,38.8976674,-77.0254192,True,ai,grounded
MONUMENT SOTHEBY'S INTERNATIONAL REALTY,1068 MADISON AVE,NEW YORK,NY,10028,40.7773968,-73.9612165,True,ai,uncorroborated
MOODYS,7 WORLD TRADE CENTER 250 GREENWICH ST,NEW YORK,NY,10007,40.713324,-74.012095,True,ai,corroborated
MOORE & VAN ALLEN PLLC,100 N TRYON ST STE 4700,CHARLOTTE,NC,28202,35.226844,-80.841883,True,ai,corroborated
MOORE HOLDINGS,40 W 57TH ST STE 2010,NEW YORK,NY,10019,40.7636059,-73.9758803,True,manual,verified
MOR LAW GROUP,,,,,,,True,,
MORAGA LLC,,,,,,,True,,
MORALES PUBLIC RELATIONS,110 WALL ST 16TH FLOOR,NEW YORK,NY,10005,40.7049397,-74.0063279,True,ai,uncorroborated
MORELAND MANAGEMENT COMPANY,100 PARK AVE STE 215,ORANGE VILLAGE,OH,44122,41.4546658,-81.4858331,True,manual,verified
MORENERGY EXPLORATION COMPANY,,,,,,,True,,
MORGAN & MORGAN,191 PEACHTREE ST NE STE 4200,ATLANTA,GA,30303,33.7590071,-84.386854,True,ai,uncorroborated
MORGAN ENTERPRISES,,,,,,,True,,
MORGAN LANGUAGE SERVICES CORP,275 MADISON AVE,NEW YORK,NY,10016,40.7502038,-73.9813548,True,ai,uncorroborated
MORGAN LEWIS & BOCKIUS LLP,1701 MARKET ST,PHILADELPHIA,PA,19103,39.9535917,-75.1687786,True,ai,uncorroborated
MORGAN STANLEY,1585 BROADWAY,NEW YORK,NY,10036,40.7599838,-73.9855237,True,manual,verified
MORGENSTERN INSURANCE SERVICES INC,1500 DISTRICT AVE STE 100,BURLINGTON,MA,01803,42.4850744,-71.208779,True,ai,uncorroborated
MORIAH EARLY CHILDHOOD CENTER,,,,,,,True,,
MORIAH PARTNERS,,,,,,,True,,
MORLEES,,,,,,,True,,
MORPHEUS VENTURES,1395 BRICKELL AVE STE 800,MIAMI,FL,33131,25.7605546,-80.1916886,True,ai,uncorroborated
MORPHOTRUST USA,9000 W 67TH ST,MERRIAM,KS,66202,39.00773,-94.690712,True,ai,uncorroborated
MORRIS & MORRIS PC,400 PIONEER PKWY STE 300,ROCKWALL,TX,75087,32.948579,-96.442091,True,ai,uncorroborated
MORRIS BART & ASSOCIATES LLC,PAN AMERICAN LIFE CENTER 601 POYDRAS ST 24TH FLOOR,NEW ORLEANS,LA,70130,29.949472435472,-90.069427288193,True,ai,grounded
MORRIS BART & ASSOCIATES LLC,3838 N CAUSEWAY BLVD STE 2400,METAIRIE,LA,70002,30.018661975003,-90.154850362185,False,ai,grounded
MORRIS BART & ASSOCIATES LLC,401 WHITNEY AVE STE 100,GRETNA,LA,70056,29.920213653308,-90.042217267946,False,ai,grounded
MORRIS LAW,,,,,,,True,,
MORRIS MANNING & MARTIN LLP,1600 ATLANTA FINANCIAL CENTER 3343 PEACHTREE RD NE,ATLANTA,GA,30326,33.849615,-84.363508,True,ai,uncorroborated
"MORRIS TUCHMAN, ESQ",134 LEXINGTON AVE,NEW YORK,NY,10016,40.743135,-73.9823619,True,manual,verified
"MORRIS, NICHOLS, ARSHT & TUNNELL",1201 N MARKET ST,WILMINGTON,DE,19801,39.747482,-75.546639,True,ai,corroborated
MORRISEY ASSOCIATES,,,,,,,True,,
MORRISON,,,,,,,True,,
MORRISON & FOERSTER LLP,425 MARKET ST,SAN FRANCISCO,CA,94105,37.7912036,-122.398153,True,ai,corroborated
MORRISON COHEN LLP,909 THIRD AVE 27TH FLOOR,NEW YORK,NY,10022,40.758870749653,-73.9684495117,True,ai,grounded
MORRISON COHEN LLP,ONE BISCAYNE TOWER 2 S BISCAYNE BLVD,MIAMI,FL,33131,25.773819,-80.1879811,False,ai,grounded
MORRISTOWN CARDIOLOGY ASSOCIATES PA,,,,,,,True,,
MORRISTOWN MEDICAL CENTER,100 MADISON AVE,MORRISTOWN,NJ,07960,40.789571,-74.4656846,True,ai,corroborated
MORSE ENERGY,,,,,,,True,,
MORTON FRIDMAN MD,826 WINTHROP RD,TEANECK,NJ,07666,40.9134296,-74.023317,True,ai,grounded
MORTON WILLIAMS,511 RIVER DR,BRONXVILLE,NY,10708,40.938267,-73.829922,True,ai,corroborated
MOSAIC CONSTRUCTION,4201 LAKE COOK RD STE 102,NORTHBROOK,IL,60062,42.1523905,-87.882918,True,ai,grounded
MOSAIC DENTAL COLLECTIVE,16703 SE MCGILLIVRAY BLVD STE 200,VANCOUVER,WA,98683,45.6042494,-122.4995287,True,ai,grounded
MOSKOWITZ LAW GROUP PLLC,1400 BROADWAY 46TH FLOOR,NEW YORK,NY,10018,40.7529581,-73.9867553,True,ai,corroborated
MOSS,,,,,,,True,,
MOSS AND BARNETT,4300 WELLS FARGO CENTER 90 S 7TH ST,MINNEAPOLIS,MN,55402,44.976069,-93.271161,True,ai,corroborated
MOTEK INDUSTRIES LLC,,,,,,,True,,
MOTHERSHIP,,,,,,,True,,
MOTION PICTURE ASSOCIATION,1600 K ST NW,WASHINGTON,DC,20006,38.902173,-77.0368831,True,ai,uncorroborated
MOTISTA,40 WORTH ST,NEW YORK,NY,10013,40.717095,-74.0067095,True,ai,uncorroborated
MOTIVE PARTNERS,417 MONTGOMERY ST STE 700,SAN FRANCISCO,CA,94104,37.7933839,-122.4032165,True,ai,uncorroborated
MOTOROLA SOLUTIONS,500 W MONROE ST,CHICAGO,IL,60661,41.8807756,-87.6406322,True,ai,grounded
MOTWANI FOUNDATION,,,,,,,True,,
MOUNT SAINT MARYS UNIVERSITY,16300 OLD EMMITSBURG RD,EMMITSBURG,MD,21727,39.6805605,-77.3465509,True,ai,uncorroborated
MOUNT SINAI CHILDREN'S CENTER FOUNDATI,,,,,,,True,,
MOUNT SINAI HOSPITAL,1 GUSTAVE L LEVY PL,NEW YORK,NY,10029,40.792249,-73.947333,True,ai,corroborated
MOUNT SINAI MEDICAL CENTER,4300 ALTON RD,MIAMI BEACH,FL,33140,25.8133808,-80.1408734,True,ai,grounded
MOUNT SINAI MEDICAL CENTER (MIAMI BEACH),4300 ALTON RD,MIAMI BEACH,FL,33140,25.8133808,-80.1408734,True,manual,verified
MOUNT SINAI WEST,1000 10TH AVE,NEW YORK,NY,10019,40.7697129,-73.9869074,True,ai,grounded
MOUNTAIN CAPITAL PARTNERS,,,,,,,True,,
MOUNTAIN PACIFIC,11726 SAN VICENTE BLVD STE 414,LOS ANGELES,CA,90049,34.0444042,-118.4981905,True,manual,verified
MOUNTAIN PACIFIC OPPORTUNITY PARTNERS,111 SW 5TH AVE STE 3150,PORTLAND,OR,97204,45.5226107,-122.6759928,True,ai,uncorroborated
MOUNTAIN VIEW ADVISORY,,,,,,,True,,
MOUNTAINVIEW PROPERTIES INC,201 S LAKE AVE STE 1100,PASADENA,CA,91101,34.1421972,-118.1328934,True,ai,uncorroborated
MOVADO GROUP,650 FROM RD STE 375,PARAMUS,NJ,07652,40.9625384,-74.0685524,True,ai,grounded
MOVIE DISTRIBUTION,,,,,,,True,,
MOVIL INC,,,,,,,True,,
MOYAL DESIGNS LLC,4200 KENWYCK CT,MARIETTA,GA,30062,33.996835922171,-84.427864571565,True,ai,grounded
MOZAIC SENIOR LIFE,4200 PARK AVE,BRIDGEPORT,CT,06604,41.212288,-73.231621,True,ai,grounded
MOZILLA,331 E EVELYN AVE,MOUNTAIN VIEW,CA,94041,37.3873489,-122.0601159,True,ai,grounded
MPACT,,,,,,,True,,
MPACT STRATEGIC CONSULTING,,,,,,,True,,
MPI,14131 MIDWAY RD STE 800,ADDISON,TX,75001,32.9429967,-96.8394732,True,ai,grounded
MPSP VENTURES LLC,,,,,,,True,,
MR INVESTMENTS,,,,,,,True,,
MR JOHNS,,,,,,,True,,
MRB 141 LLC,,,,,,,True,,
MREG,60 COLUMBUS CIR 20TH FLOOR,NEW YORK,NY,10023,40.7680394,-73.982537,True,ai,grounded
MRJ,,,,,,,True,,
MRM,3000 31ST ST S STE 500,ARLINGTON,VA,22206,38.8399378,-77.0869314,True,ai,uncorroborated
MRS. GREENS NATURAL MARK,287 GREAT RD,ACTON,MA,01720,42.495101,-71.416389,True,ai,uncorroborated
MRSAKAHN II LLC,,,,,,,True,,
MS RAU,,,,,,,True,,
MS RESEARCH ASSOCIATES,480 PLEASANT ST,WATERTOWN,MA,02472,42.3661593,-71.206602,True,ai,uncorroborated
MS WALKER INC,,,,,,,True,,
MSBD CAPITAL MANAGEMENT CORP,725 REDWOOD LN,GLENCOE,IL,60022,42.1214565,-87.7646703,True,ai,grounded
MSC INDUSTRIAL DIRECT INC,75 MAXESS RD,MELVILLE,NY,11747,40.7773327,-73.4115713,True,ai,corroborated
MSG,11 PENN PLAZA,NEW YORK,NY,10001,40.749166983108,-73.991871104294,True,ai,corroborated
MSH NJH-RI,,,,,,,True,,
MSI MUSIC,,,,,,,True,,
MSK,1275 YORK AVE,NEW YORK,NY,10065,40.7644418,-73.9569549,True,ai,corroborated
MSL,375 HUDSON ST,NEW YORK,NY,10014,40.7284863,-74.0079039,True,ai,grounded
MSP SERVICES INC,4151 W SLAUSON AVE,CULVER CITY,CA,90230,33.9889919,-118.3789755,True,ai,uncorroborated
MST INTERNATIONAL INC,555 MADISON AVE,NEW YORK,NY,10022,40.7611485,-73.9727174,True,ai,uncorroborated
MSW,,,,,,,True,,
MT ROYAL MANAGEMENT,,,,,,,True,,
MT VERNON CARDIOLOGY,,,,,,,True,,
MT. JOY GROUP INC,,,,,,,True,,
MT. LEBANON DERMATOLOGY,1000 WASHINGTON RD,PITTSBURGH,PA,15228,40.370748,-80.043979,True,ai,corroborated
MT. SINAI HEALTH SYSTEM,ONE GUSTAVE L LEVY PL,NEW YORK,NY,10029,40.792249,-73.947333,True,ai,corroborated
MT. SINAI ICAHN SCHOOL OF MEDICINE,1425 MADISON AVE,NEW YORK,NY,10029,40.7885896,-73.9523807,True,ai,corroborated
MT. WASHINGTON PEDIATRIC HOSPITAL,1717 REISTERSTOWN RD,BALTIMORE,MD,21209,39.3825895,-76.7312198,True,ai,corroborated
MTA NYC TRANSIT,2 BROADWAY,NEW YORK,NY,10004,40.7045661,-74.013128,True,ai,corroborated
MTL,,,,,,,True,,
MTP,,,,,,,True,,
MTS HEALTH PARTNERS,623 FIFTH AVE 14TH FLOOR,NEW YORK,NY,10022,40.758456842835,-73.977170078398,True,ai,grounded
MUA,,,,,,,True,,
MUCH SHELIST,191 N WACKER DR STE 1800,CHICAGO,IL,60606,41.885507820257,-87.636743605423,True,ai,grounded
MUCH SHELIST,660 NEWPORT CENTER DR STE 900,NEWPORT BEACH,CA,92660,33.619041264695,-117.874156924568,False,ai,grounded
MUCH SHELIST,1801 CENTURY PARK EAST STE 800,LOS ANGELES,CA,90067,34.062764076536,-118.415828733729,False,ai,grounded
MUCH SHELIST,545 NW 26TH ST STE 640,MIAMI,FL,33127,25.800977002205,-80.204059529154,False,ai,grounded
MUHLBAUER DERMATOPATHOLOGY,205 INDEPENDENCE BLVD,WORCESTER,MA,01608,42.26209,-71.801428,True,ai,uncorroborated
MULTI PROPERTIES LLC,,,,,,,True,,
MULTICARE,315 S KING ST,TACOMA,WA,98405,47.245647,-122.472399,True,ai,corroborated
MULTNOMAH COUNTY LIBRARY,801 SW 10TH AVE,PORTLAND,OR,97205,45.52009,-122.702169,True,ai,corroborated
MUNDO,,,,,,,True,,
MUNICH AIRPORT NJ LLC,,,,,,,True,,
MUNICIPAL FINANCE & SERVICES CORP,,,,,,,True,,
MUNIMAE FINANCIAL,,,,,,,True,,
"MURRAY J. LEBEN, DMD PA",9311 SW 72ND AVE,MIAMI,FL,33173,25.6841214,-80.3110152,True,ai,uncorroborated
MURRAY'S CHEESE,254 BLEECKER ST,NEW YORK,NY,10014,40.7310049,-74.0030253,True,ai,corroborated
MUSELLI COMMERCIAL REALTORS,900 CANAL ST,MANCHESTER,NH,03101,42.9998862,-71.467097,True,ai,uncorroborated
MUSEUM OF TOLERANCE,9786 W PICO BLVD,LOS ANGELES,CA,90035,34.0539973,-118.4018041,True,ai,corroborated
"MUSIC WITH CONFIDENCE, A NV NONPROFIT",,,,,,,True,,
MUSS DEVELOPMENT LLC,118-35 QUEENS BLVD,FOREST HILLS,NY,11375,40.7148167,-73.8311819,True,ai,corroborated
MVDC,,,,,,,True,,
MVE,,,,,,,True,,
MVP,,,,,,,True,,
MW MILLWORKS,,,,,,,True,,
MWHC HOLDING INC,,,,,,,True,,
MWW STRATEGIC COMMUNICATIONS,1660 L ST NW STE 701,WASHINGTON,DC,20036,38.903425,-77.0381187,True,ai,uncorroborated
MY GOODS,,,,,,,True,,
MY MOST FAVORITE FOOD,,,,,,,True,,
MY YOGA PRACTICE,,,,,,,True,,
MYND HOLDINGS,,,,,,,True,,
MYNHD INC,,,,,,,True,,
MYSELF,,,,,,,True,,
MYSOURCE.GLOBAL,,,,,,,True,,
MZ CAPITAL PARTNERS,400 SKOKIE BLVD STE 580,NORTHBROOK,IL,60062,42.1439177,-87.7967861,True,ai,grounded
MZM CO INC,1420 K ST NW,WASHINGTON,DC,20005,38.9021418,-77.0328111,True,ai,uncorroborated
MZQ CONSULTING,,,,,,,True,,
N G TRUCKING,,,,,,,True,,
N. E. MILESJEWISH DAY SCHOOL,6501 S KEDZIE AVE,CHICAGO,IL,60629,41.7752,-87.702939,True,ai,uncorroborated
N.RIEGEL,,,,,,,True,,
NA DESIGN BUILDERS,1416 SUTTER ST,SAN FRANCISCO,CA,94109,37.7873732,-122.4237921,True,ai,corroborated
NACHSHON VENTURES LLC,,,,,,,True,,
NACHT & ROUMEL PC,501 AVIS DR STE 3,ANN ARBOR,MI,48108,42.2134744,-83.7350305,True,ai,grounded
NACHTLAW PC,4401 N SCOTTSDALE RD STE 307,SCOTTSDALE,AZ,85251,33.500025,-111.926015,True,ai,uncorroborated
NAFTALI GROUP,360 W 31ST ST 8TH FLOOR,NEW YORK,NY,10001,40.7511441,-73.9972215,True,ai,corroborated
NAGLE LAW GROUP,4530 E SHEA BLVD STE 140,PHOENIX,AZ,85028,33.5830364,-111.9837866,True,ai,corroborated
NAI PUGET SOUND PROPERTIES,121 S JACKSON ST STE 1300,SEATTLE,WA,98104,47.5989581,-122.3331725,True,ai,corroborated
NAI SHAMES MAKOVSKY,5900 S EASTERN AVE STE 100,LAS VEGAS,NV,89119,36.08452,-115.146071,True,ai,uncorroborated
NALPAK CAPITAL LLC,,,,,,,True,,
NALSANI USA INC,1920 E HALLANDALE BEACH BLVD PH 2,HALLANDALE BEACH,FL,33009,25.9853382,-80.1284642,True,manual,verified
NAM,733 10TH ST NW,WASHINGTON,DC,20001,38.8989503,-77.0257852,True,ai,grounded
"NANCY K. LONSDORF, MD PC",500 N 3RD ST STE 105C,FAIRFIELD,IA,52556,41.01163,-91.966394,True,ai,grounded
NAOMI TANDET FAMILY PARTNERSHIP,,,,,,,True,,
NAPCO,7315 HAMLIN AVE,SKOKIE,IL,60076,42.0142698,-87.7235525,True,ai,grounded
NAPEO,1717 MASSACHUSETTS AVE NW STE 600,WASHINGTON,DC,20036,38.9086858,-77.0395355,True,ai,corroborated
NAPX CONSULTING LLC,,,,,,,True,,
NARRATIVE STRATEGIES,,,,,,,True,,
NAS,,,,,,,True,,
NASCENT GROUP,901 NEW YORK AVE NW STE 400,WASHINGTON,DC,20001,38.9021086,-77.0248064,True,ai,uncorroborated
NASHER MUSEUM,1 E CAMPUS DR,DURHAM,NC,27708,36.0056867,-78.9150848,True,ai,corroborated
NASON YEAGER,50 W GAY ST STE 700,COLUMBUS,OH,43215,39.9635507,-83.0021208,True,ai,uncorroborated
NASSAU SUFFOLK LAW SERVICES,160 MAIN ST,HEMPSTEAD,NY,11550,40.7120333,-73.6259517,True,ai,corroborated
NASSIMI REALTY,,,,,,,True,,
NATERA,13011 MCCALLEN PASS BUILDING A STE 100,AUSTIN,TX,78753,30.411748838413,-97.6636907074,True,ai,grounded
NATERA,201 INDUSTRIAL RD,SAN CARLOS,CA,94070,37.5131517,-122.2593025,False,ai,grounded
"NATHAN S. COHEN, ATTORNEY AT LAW",,,,,,,True,,
NATHAN SEGAL&CO,,,,,,,True,,
NATIONAL APARTMENT PARTNERS,1528 SHERMER RD,NORTHBROOK,IL,60062,42.124519,-87.829353,True,ai,grounded
NATIONAL ASSOCIATION FOR URBAN DEBATE,,,,,,,True,,
NATIONAL ASSOCIATION OF REALTORS,430 N MICHIGAN AVE,CHICAGO,IL,60611,41.8904202,-87.6247197,True,ai,corroborated
NATIONAL ASSOCIATION OF THERAPEUTIC SCHOOLS AND PROGRAMS,16701 MELFORD BLVD STE 400,BOWIE,MD,20715,38.9614438,-76.7147282,True,manual,verified
NATIONAL COLLECTOR''S MINT INC,7015 E CHAUNCEY LN,PHOENIX,AZ,85008,33.651504551929,-111.929245997817,True,ai,uncorroborated
NATIONAL COUNCIL OF SYNAGOGUES,,,,,,,True,,
NATIONAL DISTRIBUTING COMPANY,1 NATIONAL DR SW,ATLANTA,GA,30336,33.7747125,-84.5289185,True,manual,verified
NATIONAL DISTRIBUTING COMPANY,1414 MILLS B LN BLVD,SAVANNAH,GA,31405,32.051636959452,-81.130255222614,False,ai,grounded
NATIONAL FEDERATION OF REPUBLICAN WOMEN,1247 PENNSYLVANIA AVE SE,WASHINGTON,DC,20003,38.8816813,-76.9893756,True,manual,verified
NATIONAL GALLERY OF ART,CONSTITUTION AVE NW & 6TH ST NW,WASHINGTON,DC,20565,38.89013,-77.019487,True,ai,uncorroborated
NATIONAL GRID,40 SYLVAN RD,WALTHAM,MA,02451,42.3962687,-71.2730055,True,ai,uncorroborated
NATIONAL INSTITUTES OF HEALTH,9000 ROCKVILLE PIKE BLDG 1,BETHESDA,MD,20892,39.000635,-77.103711,True,ai,grounded
NATIONAL JEWISH HEALTH,1400 JACKSON ST,DENVER,CO,80206,39.7392096,-104.9423779,True,ai,corroborated
NATIONAL LIFE GROUP,,,,,,,True,,
NATIONAL LUMBER COMPANY,4901 PULASKI HWY,BALTIMORE,MD,21224,39.2989091,-76.5558376,True,ai,grounded
NATIONAL MERCHANT CENTER,,,,,,,True,,
NATIONAL NOTARY ASSOCIATION,9350 DE SOTO AVE,CHATSWORTH,CA,91311,34.2400738,-118.5884395,True,ai,grounded
NATIONAL REALTY ADVISORS,3301 N UNIVERSITY DR STE 216,CORAL SPRINGS,FL,33065,26.2714195,-80.2499868,True,ai,uncorroborated
NATIONAL SPINE AND PAIN CENTERS,310 S WASHINGTON ST,ROCKVILLE,MD,20850,39.0794181,-77.15275,True,ai,corroborated
NATIONWIDE,1 NATIONWIDE PLAZA,COLUMBUS,OH,43215,39.9682271,-83.0028862,True,ai,uncorroborated
NATIONWIDE CHILDRENS HOSPITAL,700 CHILDREN'S DR,COLUMBUS,OH,43205,39.9531308,-82.9775482,True,ai,corroborated
NATIONWIDE CREDIT CORPORATION ALEXANDRIA VA,118 N PITT ST,ALEXANDRIA,VA,22314,38.8050054,-77.0448035,True,ai,corroborated
NAVISTAR,2701 NAVISTAR DR,LISLE,IL,60532,41.789443,-88.083984,True,ai,corroborated
NAVITAS CAPITAL,1 HARBOR DR STE 400,SAUSALITO,CA,94965,37.8675117,-122.5007247,True,ai,corroborated
NAVY,,,,,,,True,,
NBA,ATTN NATIONAL BASKETBALL ASSOCIATION 645 5TH AVE,NEW YORK,NY,10022,40.75857,-73.96793,True,ai,corroborated
NBC,30 ROCKEFELLER PLAZA,NEW YORK,NY,10112,40.7591232,-73.979556,True,ai,corroborated
NBCUNIVERSAL,30 ROCKEFELLER PLAZA,NEW YORK,NY,10112,40.7591232,-73.979556,True,ai,grounded
NBEC,,,,,,,True,,
NBO PHARMA INC,,,,,,,True,,
NBT BANK,52 STATE ST,TROY,NY,12180,42.7297254,-73.6884982,True,ai,uncorroborated
NCA CONSULTANTS,500 N BROADWAY STE 200,JERICHO,NY,11753,40.7906553,-73.5346576,True,ai,uncorroborated
NCCC,,,,,,,True,,
NCH ADVISORS INC,,,,,,,True,,
NCH CAPITAL,75 ROCKEFELLER PLAZA,NEW YORK,NY,10019,40.7598148,-73.9780248,True,ai,grounded
NCH CAPITAL,452 FIFTH AVE 24TH FLOOR,NEW YORK,NY,10018,40.751818371031,-73.982185919466,False,ai,grounded
NCJW,2001 S ST NW STE 610,WASHINGTON,DC,20009,38.9142557,-77.0451327,True,ai,uncorroborated
NCPA,100 DAINGERFIELD RD,ALEXANDRIA,VA,22314,38.805818,-77.058912,True,ai,uncorroborated
NCSY,520 8TH AVE 14TH FLOOR,NEW YORK,NY,10018,40.753643,-73.9921669,True,ai,uncorroborated
NDA,,,,,,,True,,
NDI,455 MASSACHUSETTS AVE NW STE 700,WASHINGTON,DC,20001,38.9010868,-77.0175902,True,ai,corroborated
NDP,,,,,,,True,,
NE GA MEDICAL CENTER,743 SPRING ST NE,GAINESVILLE,GA,30501,34.3044194,-83.8162307,True,ai,corroborated
NE ORTHO. SURGEONS,3030 N 3RD ST,HARRISBURG,PA,17110,40.2963679,-76.8999081,True,ai,uncorroborated
NEBRASKA WINE & SPIRITS,2925 S 84TH ST,OMAHA,NE,68124,41.2329478,-96.0429844,True,ai,corroborated
NEBRASKALAND,,,,,,,True,,
NEC,5205 N O'CONNOR BLVD STE 400,IRVING,TX,75039,32.869911488031,-96.940375169017,True,ai,grounded
NEFCO,411 BURNHAM ST,EAST HARTFORD,CT,06108,41.7979441,-72.6057323,True,ai,grounded
NEIL R. LUBARSKY & ASSOCIATES,,,,,,,True,,
NEIL SOSKIN COMMERCIAL REAL ESTATE SERVICES,,,,,,,True,,
NELLIS CORPORATION,7811 MONTROSE RD STE 420,POTOMAC,MD,20854,39.0577892,-77.1599717,True,manual,verified
NELSON MULLER,,,,,,,True,,
NELSON MULLINS,1320 MAIN ST 17TH FLOOR,COLUMBIA,SC,29201,34.0033199,-81.0339402,True,ai,corroborated
NEMAN BROTHERS & ASSOCIATES INC,1525 S BROADWAY,LOS ANGELES,CA,90015,34.0346792,-118.263268,True,manual,verified
NEMOURS,807 N FRANKLIN ST,WILMINGTON,DE,19801,39.7488252,-75.5620544,True,ai,uncorroborated
NEMOURS HOSPITAL,501 N ROCKFORD DR,WILMINGTON,DE,19803,39.799872,-75.542232,True,ai,uncorroborated
NERIO TRAVEL,,,,,,,True,,
NESHAMAH INSTITUTE,110 E 30TH ST STE 1000,NEW YORK,NY,10016,40.7441248,-73.9826267,True,ai,uncorroborated
NEST SEEKERS,60 E 56TH ST 6TH FLOOR,NEW YORK,NY,10022,40.7611069,-73.9723297,True,ai,corroborated
NETATWORK,1 COMMERCE SQ 2005 MARKET ST STE 400,PHILADELPHIA,PA,19103,39.953372,-75.174187,True,ai,uncorroborated
NETFLIX,100 WINCHESTER CIR,LOS GATOS,CA,95032,37.258958,-121.962495,True,ai,corroborated
NETRTINGS,,,,,,,True,,
NETWORK DOCTOR,,,,,,,True,,
NEUBERGER BERMAN,1290 AVE OF THE AMERICAS,NEW YORK,NY,10104,40.7604688,-73.9788735,True,ai,grounded
NEUBERGER BERMAN,83 S ST,MORRISTOWN,NJ,07960,40.794501275924,-74.479014323933,False,ai,grounded
NEUBERGER QUINN,605 THIRD AVE 22ND FLOOR,NEW YORK,NY,10158,40.749012256559,-73.975637953653,True,ai,uncorroborated
"NEUBERT PEPE & MONTEITH, P. C",195 CHURCH ST,NEW HAVEN,CT,06510,41.307916,-72.9242369,True,ai,corroborated
NEURO MEDICAL CENTER,3430 WILSHIRE BLVD STE 1440,LOS ANGELES,CA,90010,34.0616712,-118.2985356,True,ai,uncorroborated
NEUROCK CAPITAL,487R CENTRAL AVE 1ST FLOOR,CEDARHURST,NY,11516,40.621169554393,-73.724367771201,True,ai,grounded
NEUROGENESIS BIO INC,,,,,,,True,,
NEUROLOGICAL SERVICES OF ORLANDO,800 N MAGNOLIA AVE STE 900,ORLANDO,FL,32803,28.55759,-81.3769019,True,ai,corroborated
NEUROMETRIX INC,27151 TOMBALL PKWY STE 400,KATY,TX,77494,29.744657,-95.815536,True,ai,uncorroborated
NEUROSURGEONS OF NJ,132 GRAND ST,HOBOKEN,NJ,07030,40.738874,-74.0363518,True,ai,corroborated
NEURVATI NEUROSCIENCES,100 OVERLOOK CENTER 2ND FLOOR,PRINCETON,NJ,08540,40.3246522,-74.6480955,True,ai,uncorroborated
NEVADA CARDIOLOGY ASSOCIATES,1445 E PRATER WAY STE 110,RENO,NV,89512,39.5306186,-119.8105433,True,ai,corroborated
"NEVERS, PALAZZO, PACKARD, WILDERMUTH & WYNNER PC",31248 OAK CREST DR STE 200,WESTLAKE VILLAGE,CA,91361,34.1435718,-118.7998559,True,manual,verified
NEVYAS EYE ASSOCIATES,1000 EXECUTIVE PKWY STE 201,SAN RAMON,CA,94583,37.7689989,-121.9644888,True,ai,uncorroborated
NEW AMSTERDAM PHARMA,20803 BISCAYNE BLVD STE 105,AVENTURA,FL,33180,25.9684602,-80.1430903,True,ai,grounded
NEW ENGLAND DEVELOPMENT,200 MARKET ST STE 201,SPRINGFIELD,MA,01103,42.1028275,-72.5893153,True,ai,corroborated
NEW ENGLAND FRIENDS OF MARCH OF THE LIVING,,,,,,,True,,
NEW ENGLAND REAL ESTATE ACQUISITIONS,,,,,,,True,,
NEW ENGLAND REGIONAL COUNCIL OF CARPEN,600 CONGRESS ST STE 202,PORTLAND,ME,04101,43.6536812,-70.2632937,True,ai,uncorroborated
NEW HAVEN COMPANIES,3951 SW 30TH AVE,FORT LAUDERDALE,FL,33312,26.113351,-80.1844634,True,ai,grounded
NEW HORIZONS,100 CUMMINGS CENTER STE 307-A,BEVERLY,MA,01915,42.5569312,-70.8868623,True,ai,grounded
NEW JERSEY ASSOCIATION OF REALTORS,1000 ATRIUM WAY STE 200,MOUNT LAUREL,NJ,08054,39.919161,-74.946229,True,ai,corroborated
NEW JERSEY BRAIN AND SPINE,650 FROM RD STE 220,PARAMUS,NJ,07652,40.9625384,-74.0685524,True,manual,verified
NEW JERSEY CARDIOLOGY ASSOCIATES,2 SCHOOLHOUSE RD STE 103,TINTON FALLS,NJ,07724,40.298625,-74.074178,True,ai,corroborated
NEW JERSEY INSTITUTE OF TECHNOLOGY,UNIVERSITY HEIGHTS 323 DR MARTIN LUTHER KING JR BLVD,NEWARK,NJ,07102,40.735659,-74.173605,True,ai,corroborated
NEW LOOK GROUP,,,,,,,True,,
NEW MOUNTAIN CAPITAL,1633 BROADWAY 48TH FLOOR,NEW YORK,NY,10019,40.761560116373,-73.98404367469,True,ai,grounded
NEW MOUNTAIN CAPITAL,401 WILSHIRE BLVD 12TH FLOOR,SANTA MONICA,CA,90401,34.0198933,-118.4986529,False,ai,grounded
NEW MOUNTAIN CAPITAL,170 MEETING ST STE 110,CHARLESTON,SC,29401,32.77947818526,-79.931316401741,False,ai,grounded
NEW OAKLAND,,,,,,,True,,
NEW SILVER LENDING LLC,30 BROAD ST,NEW YORK,NY,10004,40.7062753,-74.0116514,True,ai,uncorroborated
NEW TRADITION,,,,,,,True,,
NEW WAVE LOANS,3323 NE 163RD ST PH 704,NORTH MIAMI BEACH,FL,33160,25.9285495,-80.1368421,True,manual,verified
NEW YORK BLOOD CENTER,310 E 67TH ST,NEW YORK,NY,10065,40.7657708,-73.9608375,True,ai,uncorroborated
NEW YORK CITY,CITY HALL 1 CENTRE ST,NEW YORK,NY,10007,40.713868,-74.007866,True,ai,corroborated
NEW YORK CITY DEPARTMENT OF EDUCATION,52 CHAMBERS ST,NEW YORK,NY,10007,40.7133991,-74.0055424,True,ai,corroborated
NEW YORK CITY HOUSING AUTHORITY,250 BROADWAY,NEW YORK,NY,10007,40.7130068,-74.0078185,True,ai,uncorroborated
NEW YORK HEADACHE CENTER,150 E 32ND ST STE 6R,NEW YORK,NY,10016,40.7448362,-73.980352,True,ai,corroborated
NEW YORK INSTITUTE OF TECHNOLOGY,NORTHERN BLVD & BROADWAY OLD WESTBURY CAMPUS 197 I.U WILLETS RD,OLD WESTBURY,NY,11568,40.786614,-73.597169,True,ai,corroborated
NEW YORK ISLANDERS,15 NASSAU ST,UNIONDALE,NY,11553,40.7357709,-73.605792,True,ai,corroborated
NEW YORK ISLANDERS HOCKEY CLUB,2400 HEMPSTEAD TPKE,ELMONT,NY,11003,40.699176,-73.706166,True,ai,corroborated
NEW YORK LAW SCHOOL,185 W BROADWAY,NEW YORK,NY,10013,40.7180696,-74.0070841,True,ai,uncorroborated
NEW YORK LIFE,51 MADISON AVE,NEW YORK,NY,10010,40.7432425,-73.9860564,True,manual,verified
NEW YORK LIFE INSURANCE COMPANY,,,,,,,True,,
NEW YORK MEDICAL ASSOCIATES PC,,,,,,,True,,
NEW YORK METS,123-01 ROOSEVELT AVE,QUEENS,NY,11368,40.749737,-73.853045,True,ai,corroborated
NEW YORK SOLAR ENERGY INDUSTRIES ASSOCIATION,PO BOX 1523,LONG ISLAND CITY,NY,11101,40.7455316,-73.9484995,True,manual,verified
NEW YORK STATE,GOVERNOR'S OFFICE STATE CAPITOL BUILDING ROOM 1400,ALBANY,NY,12224,42.6511674,-73.754968,True,ai,corroborated
NEW YORK STATE SENATE,LEGISLATIVE OFFICE BUILDING 188 STATE ST,ALBANY,NY,12210,42.655709,-73.754868,True,ai,corroborated
NEW YORK TIMES,620 EIGHTH AVE,NEW YORK,NY,10018,40.755973909877,-73.990623668899,True,ai,uncorroborated
NEW YORK YANKEES PARTNERSHIP,1 E 161ST ST BRONX,BRONX,NY,10451,40.822168,-73.922616,True,ai,corroborated
NEWBROOK,,,,,,,True,,
NEWCHEM21,,,,,,,True,,
NEWCO CAPITAL GROUP,1801 NE 123RD ST STE 421,NORTH MIAMI,FL,33181,25.889505,-80.161987,True,manual,verified
NEWFRONT,550 CALIFORNIA ST STE 840,SAN FRANCISCO,CA,94104,37.7929014,-122.4036349,True,ai,grounded
NEWMAN FAMILY FOUNDATION,1 ROCKEFELLER PLAZA STE 800,NEW YORK,NY,10020,40.7578543,-73.9791545,True,ai,uncorroborated
NEWMAN LEATHER CORPORATION,280 MADISON AVE,NEW YORK,NY,10016,40.7514413,-73.9804578,True,ai,uncorroborated
NEWMAN O'MALLEY & EPSTEIN,1001 4TH AVE STE 3200,SEATTLE,WA,98154,47.6061866,-122.3332822,True,ai,uncorroborated
NEWMAN5 TRAVEL,,,,,,,True,,
NEWMARK GROUP,125 PARK AVE,NEW YORK,NY,10017,40.7517892,-73.9774878,True,manual,verified
NEWMARK MERRIL,,,,,,,True,,
NEWMARK MERRILL COMPANIES,5850 CANOGA AVE STE 650,WOODLAND HILLS,CA,91367,34.1768435,-118.5967694,True,ai,corroborated
NEWPORT AVENUE OPTOMETRY,,,,,,,True,,
NEWPORT NEWS SHIPBUILDING,4101 WASHINGTON AVE,NEWPORT NEWS,VA,23607,36.9905686,-76.433193,True,ai,corroborated
NEWPORT SALES,,,,,,,True,,
NEWTECH,,,,,,,True,,
NEWTON WELLESLEY HOSPITAL,2014 WASHINGTON ST,NEWTON,MA,02462,42.3313244,-71.2451997,True,ai,corroborated
NEXCORE TECHNOLOGY,,,,,,,True,,
NEXION,1100 ABERNATHY RD NE STE 800,ATLANTA,GA,30328,33.933259,-84.386656,True,ai,uncorroborated
NEXT LEVEL SMG,,,,,,,True,,
NEXT REALTY,400 SKOKIE BLVD,NORTHBROOK,IL,60062,42.1439177,-87.7967861,True,ai,corroborated
NEXT STEP PARTNERS,,,,,,,True,,
NEXT TERRA CAPITAL,40 WALL ST 28TH FLOOR,NEW YORK,NY,10005,40.7070219,-74.0096669,True,ai,uncorroborated
NEXTERA ENERGY INC,700 UNIVERSE BLVD,JUNO BEACH,FL,33408,26.858251,-80.060074,True,ai,corroborated
NEXTERA ENERGY RESOURCES,700 UNIVERSE BLVD,JUNO BEACH,FL,33408,26.858251,-80.060074,True,ai,uncorroborated
NEXTGEN APARTMENTS,14201 N 87TH ST STE B121,SCOTTSDALE,AZ,85260,33.6135859,-111.8944297,True,ai,grounded
NEXTIVA,9451 E VIA DE VENTURA,SCOTTSDALE,AZ,85256,33.5517985,-111.8771705,True,manual,verified
NEXTOP,,,,,,,True,,
NEXUM PARTNERS LLC,,,,,,,True,,
NEXUS IMPORTING,70 RAMSAY RD,CHARLESTOWN,MA,02129,42.379657,-71.061487,True,ai,uncorroborated
NEXUS PARTNERS LLC,,AVENTURA,FL,33180,,,True,manual,verified
NEXUS SERVICE GROUP,,,,,,,True,,
NEXUS VALE LLC,,,,,,,True,,
NFG,6363 MAIN ST,WILLIAMSVILLE,NY,14221,42.9621232,-78.7493181,True,ai,uncorroborated
NFI INDUSTRIES,2 COOPER ST,CAMDEN,NJ,08102,39.948708,-75.130969,True,ai,grounded
NFI INDUSTRIES,4040 PIPESTONE RD,DALLAS,TX,75212,32.77141306993,-96.889171456688,False,ai,grounded
NFP,200 PARK AVE S,NEW YORK,NY,10003,40.7368886,-73.9892348,True,ai,grounded
NFP INSURANCE SOLUTIONS,ONE NFP PLAZA 300 FIRST STAMFORD PLZ,STAMFORD,CT,06902,41.059347,-73.544384,True,ai,uncorroborated
"NFP, AN AON COMPANY",200 PARK AVE S,NEW YORK,NY,10003,40.736708,-73.98903,True,ai,grounded
NGM,,,,,,,True,,
NGU SPORTS LIGHTING,,,,,,,True,,
NHCA,,,,,,,True,,
NICHOLAS M WIGODA PA,,,,,,,True,,
NICHOLAS MARKETS,,,,,,,True,,
NICHOLS PARTNERSHIP,1644 PLATTE ST STE 130,DENVER,CO,80202,39.7576455,-105.006944,True,ai,grounded
NIGEL A SPIER MD LLC,,,,,,,True,,
NIGHTHAWK,6898 N CAMINO MARTIN STE 120,TUCSON,AZ,85741,32.335292,-111.041758,True,ai,grounded
NIKOLA CORP,4141 E BROADWAY BLVD STE 200,PHOENIX,AZ,85040,33.4061566,-111.9922465,True,ai,uncorroborated
NIMBL CONSULTING,,,,,,,True,,
NIMES CAPITAL,,,,,,,True,,
NINE OAK INVESTMENTS,,,,,,,True,,
NISA INVESTMENT ADVISORS,60 STATE ST 39TH FLOOR,BOSTON,MA,02109,42.3596782,-71.056579,True,ai,uncorroborated
NIV CONSULTING,,,,,,,True,,
NIXON PEABODY,53 STATE ST,BOSTON,MA,02109,42.3584266,-71.0560881,True,ai,corroborated
NIZNICK ENTERPRISES,520 5TH AVE,NEW YORK,NY,10036,40.7544817,-73.980624,True,ai,uncorroborated
NJ MANAGEMENT CORP,,,,,,,True,,
NJ STANDARD MANAGEMENT,,,,,,,True,,
NJB INVESTMENTS LLC,,,,,,,True,,
NJIUA,ONE SYLVAN WAY PARSIPPANY,PARSIPPANY,NJ,07054,40.8439987,-74.4388435,True,ai,corroborated
NJL CONSULTANTS,,,,,,,True,,
NJY CAMPS,25 BROADWAY 16TH FLOOR,NEW YORK,NY,10004,40.7057542,-74.0139829,True,ai,corroborated
NLE,,,,,,,True,,
NMG,,,,,,,True,,
NMS CAPITAL,1 BATTERY PARK PLAZA STE 430,NEW YORK,NY,10004,40.689805,-74.017389,True,manual,verified
NNA SERVICES LLC,9350 DE SOTO AVE,CHATSWORTH,CA,91311,34.2400738,-118.5884395,True,ai,grounded
NNONE,,,,,,,True,,
NO,,,,,,,True,,
NO LABELS,1201 CONNECTICUT AVE NW STE 200,WASHINGTON,DC,20036,38.9061861,-77.0406775,True,ai,uncorroborated
NO ONE LEFT BEHIND,,,,,,,True,,
NOBLE PROPERTIES,4280 PROFESSIONAL CENTER DR STE 100,PALM BEACH GARDENS,FL,33410,26.842155,-80.0970513,True,ai,grounded
NOBODY,,,,,,,True,,
NOCTURNAL COOKIES,1201 E 9TH ST,LOS ANGELES,CA,90021,34.0346867,-118.2474676,True,ai,uncorroborated
NOEL ANENBERG,,,,,,,True,,
NOEMPLOYER,,,,,,,True,,
NOETIC TECHNOLOGIES,10 POST OFFICE SQ,BOSTON,MA,02109,42.3575198,-71.0559309,True,ai,uncorroborated
NOIR,,,,,,,True,,
NOLAN REAL ESTATE,,,,,,,True,,
NON PROFIT FOUNDATION DLP,,,,,,,True,,
NOOSHIN MAHBOUBIAN,,,,,,,True,,
NOPE,,,,,,,True,,
NORC,55 E MONROE ST 30TH FLOOR,CHICAGO,IL,60603,41.8801534,-87.6256458,True,ai,corroborated
NORCHAR,,,,,,,True,,
NORDSTROM,1617 6TH AVE STE 700,SEATTLE,WA,98101,47.6124155,-122.3359101,True,ai,uncorroborated
NORMAN BOBINS CONSULTING LLC,,,,,,,True,,
NORMAN LISS ATORRNEYS AT LAW,200 S BROAD ST,PHILADELPHIA,PA,19102,39.9490879,-75.1648651,True,ai,uncorroborated
NORTEX WHOLESALE NURSERY,2001 FM 156,SANGER,TX,76266,33.372827,-97.213258,True,ai,corroborated
NORTH AMERICAN DEVELOPMENT GROUP,360 S ROSEMARY AVE STE 400,WEST PALM BEACH,FL,33401,26.7110946,-80.056733,True,ai,grounded
NORTH ATLANTA PEDIATRICS,3500 MANSELL RD NW,ATLANTA,GA,30327,33.869694,-84.4173,True,ai,corroborated
NORTH BAY STEEL MILL RECYCLING,,,,,,,True,,
NORTH BROWARD RADIOLOGISTS,1601 UNIVERSITY DR STE 403,CORAL SPRINGS,FL,33071,26.2510494,-80.2534072,True,ai,corroborated
NORTH DALLAS PLASTIC SURGERY ASSOCIATES,8305 WALNUT HILL LN STE 210,DALLAS,TX,75231,32.8834394,-96.7621258,True,manual,verified
NORTH GEORGIA PAIN CLINIC,1200 HOWELL MILL RD NW,ATLANTA,GA,30318,33.7868419,-84.4118179,True,ai,corroborated
NORTH HAVEN GARDENS,7700 NORTHAVEN RD,DALLAS,TX,75230,32.9003768,-96.775727,True,manual,verified
NORTH INDUSTRIES,,,,,,,True,,
NORTH OCEAN MANAGEMENT,,,,,,,True,,
NORTH POINT DERMATOLOGY & MOHS SURGERY,2050 W ELDORADO PKWY STE 120,MCKINNEY,TX,75070,33.154678,-96.696669,True,ai,uncorroborated
NORTH POINTE DENTAL ASSOCIATES,3500 N REYNOLDS RD,TOLEDO,OH,43615,41.6570943,-83.6674917,True,ai,uncorroborated
NORTH RIVER CAPITAL,5642 COVENTRY LN,FORT WAYNE,IN,46804,41.036182096622,-85.257637527273,True,ai,grounded
NORTH SHORE ASSOCIATION OF REA,,,,,,,True,,
NORTH SHORE HOSPITAL,300 COMMUNITY DR,MANHASSET,NY,11030,40.7752137,-73.7010277,True,ai,corroborated
NORTH SHORE VISION,,,,,,,True,,
NORTH SQUARE INVESTMENTS LLC,80 STATE ST,BOSTON,MA,02109,42.359095,-71.056096,True,ai,uncorroborated
NORTH STAR CONSULTING INC,1850 GATEWAY BLVD STE 235,CONCORD,CA,94520,37.9719074,-122.0428547,True,manual,verified
NORTH STAR REALTY,,,,,,,True,,
NORTH STATE MEDIA,125 ELLINWOOD WAY,CORVALLIS,OR,97330,44.647997,-123.259576,True,ai,uncorroborated
NORTH SUBURBAN,,,,,,,True,,
NORTH THURSTON PUBLIC SCHOOLS,305 COLLEGE ST NE,LACEY,WA,98516,47.050945,-122.8240704,True,ai,corroborated
NORTH VIEW LLC,,,,,,,True,,
NORTHAVEN,10630 N CENTRAL EXPY,DALLAS,TX,75231,32.8919804,-96.7687479,True,ai,corroborated
NORTHBAY MEDICAL,,,,,,,True,,
NORTHCO COMMERCIAL REAL ESTATE,1035 N PENNSYLVANIA ST STE 204,INDIANAPOLIS,IN,46204,39.7817692,-86.1556438,True,ai,uncorroborated
NORTHEASTERN UNIVERSITY,360 HUNTINGTON AVE,BOSTON,MA,02115,42.3351065,-71.0892575,True,ai,corroborated
NORTHEND EQUITIES LLC,,,,,,,True,,
NORTHERN AZ. UNIVERSITY,PO BOX 4084 20TH AVE & KNOLES DR,FLAGSTAFF,AZ,86011,35.189512,-111.654712,True,ai,corroborated
NORTHERN MANAGEMENT LLC,,,,,,,True,,
NORTHERN MICHIGAN UNIVERSITY,1401 PRESQUE ISLE AVE,MARQUETTE,MI,49855,46.558533,-87.4058381,True,ai,corroborated
NORTHERN RIVERVIEW HEALTH CARE CENTER,9700 SAN JOSE BLVD,JACKSONVILLE,FL,32257,30.2014107,-81.6184065,True,ai,uncorroborated
NORTHERN VALLEY MEDICAL ASSOCIATION,,,,,,,True,,
NORTHLAKE DEVELOPMENT GROUP,,,,,,,True,,
NORTHMARQ,3500 AMERICAN BLVD W STE 500,MINNEAPOLIS,MN,55431,44.824534,-93.312602,True,ai,grounded
NORTHPORT VETERANS AFFAIRS MEDICAL CENTER,79 MIDDLEVILLE RD,NORTHPORT,NY,11768,40.8945083,-73.3107055,True,manual,verified
NORTHROCK LLC,225 S 6TH ST STE 1400,MINNEAPOLIS,MN,55402,44.9758887,-93.2680097,True,ai,grounded
NORTHSHORE UNIVERSITY HEALTH,1000 CENTRAL ST,EVANSTON,IL,60201,42.0639271,-87.6849148,True,ai,corroborated
NORTHSIDE,,,,,,,True,,
NORTHSIDE ANESTHESI,,,,,,,True,,
NORTHSIDE HOSPITAL,1000 JOHNSON FERRY RD NE,SANDY SPRINGS,GA,30328,33.9085618,-84.3536362,True,ai,corroborated
NORTHSIDE LAW CENTER,,,,,,,True,,
NORTHVILLE INDUSTRIES,,,,,,,True,,
NORTHWELL HEALTH,300 COMMUNITY DR,MANHASSET,NY,11030,40.7752137,-73.7010277,True,ai,corroborated
NORTHWEST COMMUNITY HEALTHCARE,800 W CENTRAL RD,ARLINGTON HEIGHTS,IL,60005,42.0689706,-87.9927161,True,ai,corroborated
NORTHWEST STEEL & PIPE,,,,,,,True,,
NORTHWEST SUBURBAN PODIATRY,,,,,,,True,,
NORTHWESTERN,633 CLARK ST,EVANSTON,IL,60208,42.0512624,-87.6770488,True,ai,corroborated
NORTHWESTERN MEDICINE,250 E HURON ST,CHICAGO,IL,60611,41.8950843,-87.6215232,True,ai,corroborated
NORTHWESTERN MEMORIAL HOSPITAL,251 E HURON ST,CHICAGO,IL,60611,41.894585,-87.6215462,True,ai,corroborated
NORTHWESTERN MUTUAL,720 E WISCONSIN AVE,MILWAUKEE,WI,53202,43.0393998,-87.9021965,True,ai,grounded
NORTHWESTERN PRITZKER SCHOOL OF LAW,375 E CHICAGO AVE,CHICAGO,IL,60611,41.8963994,-87.6175002,True,ai,corroborated
NORTHWESTERN UNIVERSITY,633 CLARK ST,EVANSTON,IL,60208,42.0512624,-87.6770488,True,ai,corroborated
NORTON LAW FIRM,,,,,,,True,,
NORTON ROSE FULBRIGHT US LLP,1301 AVE OF THE AMERICAS,NEW YORK,NY,10019,40.7618616,-73.9801825,True,ai,corroborated
NORWOOD PUBLIC SCHOOL,20 MEDFORD ST,NORWOOD,MA,02062,42.187389,-71.192477,True,ai,grounded
NOSVA,,,,,,,True,,
NOT EMPLYED,,,,,,,True,,
NOT PROVIDING,,,,,,,True,,
NOT RELEVANT,,,,,,,True,,
NOTISSIA,,,,,,,True,,
NOV TUBOSCOPE,10353 RICHMOND AVE STE 100,HOUSTON,TX,77042,29.7272033,-95.5554683,True,ai,corroborated
NOVA CONSULTING,10486 NW 31ST TER,DORAL,FL,33172,25.8028447,-80.3670205,True,ai,grounded
NOVA PROPERTY MANAGEMENT,701 N OCEAN BLVD,POMPANO BEACH,FL,33062,26.243507,-80.0879,True,ai,uncorroborated
NOVA44 INC,,,,,,,True,,
NOVACHAI FOUNDATION,,,,,,,True,,
NOVANT HEALTH,200 HAWTHORNE LN,WINSTON-SALEM,NC,27103,36.05823,-80.321496,True,ai,corroborated
NOVARA GLOBAL CONSULTING LLC,,,,,,,True,,
NOVARTIS,ONE HEALTH PLAZA,EAST HANOVER,NJ,07936,40.8068135,-74.3925163,True,ai,corroborated
NOVICK EDELSTEIN,,,,,,,True,,
NPS RENT ASSURANCE,220 RESERVOIR ST STE 5,NEEDHAM,MA,02494,42.3099785,-71.2274138,True,ai,grounded
NQGRG,,,,,,,True,,
NRSC,425 3RD ST SW,WASHINGTON,DC,20024,38.8836011,-77.0154799,True,ai,corroborated
NRT,1290 AVE OF THE AMERICAS,NEW YORK,NY,10104,40.7604688,-73.9788735,True,ai,corroborated
NSB ASSOCIATES,,,,,,,True,,
NSI,4601 TOUCHTON RD E STE 300,JACKSONVILLE,FL,32246,30.2636455,-81.5494852,True,ai,uncorroborated
NSSD112,,,,,,,True,,
NSUHS,3200 S UNIVERSITY DR,DAVIE,FL,33328,26.0811346,-80.2507856,True,ai,uncorroborated
NTIVA INC,2000 MARKET ST,PHILADELPHIA,PA,19103,39.953509,-75.173351,True,ai,uncorroborated
NTR,295 OXFORD ST,SAN FRANCISCO,CA,94134,37.7263494,-122.4192154,True,manual,verified
NTRT,,,,,,,True,,
NUCANA,275 GROVE ST STE 2-400,NEWTON,MA,02466,42.3388672,-71.2527923,True,ai,grounded
NUCARE SERVICES CORP,7257 N LINCOLN AVE STE 100,LINCOLNWOOD,IL,60712,42.0128459,-87.7402326,True,ai,grounded
NUCLEAR ONCOLOGY SC,,,,,,,True,,
NUCO2,,,,,,,True,,
NUFAMI INC,,,,,,,True,,
NUMC,300 BROADWAY,CAMDEN,NJ,08103,39.941419,-75.119172,True,ai,uncorroborated
NUMENTA,400 ATLANTIC AVE,BOSTON,MA,02110,42.3556115,-71.0504489,True,ai,uncorroborated
NUMIS INT,,,,,,,True,,
NUNYA,,,,,,,True,,
NURSES PLUS,5609 GLENRIDGE DR NE STE 200,ATLANTA,GA,30342,33.88435,-84.374964,True,ai,corroborated
NURTURE MARKETING,,,,,,,True,,
NUSGART CONSULTING LLC,,,,,,,True,,
NUT TREE CAPITAL MANAGEMENT LP,55 HUDSON YARDS 22ND FLOOR,NEW YORK,NY,10001,40.7552063,-74.0017804,True,manual,verified
NUT TREE FAMILY PARK,1201 NUT TREE RD,VACAVILLE,CA,95687,38.3625136,-121.9500264,True,ai,corroborated
NUTRITION21,,,,,,,True,,
NUVANCE,95 W MAIN ST,DANBURY,CT,06810,41.377849,-73.457463,True,ai,uncorroborated
NUVANCE HEALTH,244 N ST,DANBURY,CT,06810,41.4071746,-73.4560074,True,ai,corroborated
NUVEEN,333 W WACKER DR STE 2700,CHICAGO,IL,60606,41.886173,-87.6358607,True,ai,grounded
NUVERSE ADVISORS LLC,,,,,,,True,,
NVE,6801 RIVERPLACE BLVD STE 600,JACKSONVILLE,FL,32207,30.3185296,-81.656587,True,ai,uncorroborated
NVIDIA INC,2788 SAN TOMAS EXPY,SANTA CLARA,CA,95051,37.3705438,-121.9670806,True,ai,corroborated
NVS,,,,,,,True,,
NW RADIOLOGY ASSOCIATED,800 W CENTRAL RD,ARLINGTON HEIGHTS,IL,60005,42.0689706,-87.9927161,True,ai,grounded
NW RETIREMENT SECURITY GROUP,,,,,,,True,,
NWC PROPERTIES,,,,,,,True,,
NWH,,,,,,,True,,
NXT CHAPTER ADVISORS LLC,,,,,,,True,,
NY COMMUNITY BANCORP,179 BROADHOLLOW RD,MELVILLE,NY,11747,40.789057,-73.4157423,True,ai,corroborated
NY COUNTY DA,1 HOGAN PL,NEW YORK,NY,10013,40.7159287,-74.001008,True,ai,corroborated
NY GREEN BANK,633 THIRD AVE 31ST FLOOR,NEW YORK,NY,10017,40.749908408376,-73.974988671569,True,ai,corroborated
NY LEGAL ASSISTANCE GROUP,7 HANOVER SQ 18TH FLOOR,NEW YORK,NY,10004,40.689805,-74.017389,True,ai,corroborated
NY PRESBYTERIAN HOSPITAL,525 E 68TH ST,NEW YORK,NY,10065,40.7647021,-73.9540033,True,ai,corroborated
NY PRESBYTERIAN WEILL CORNELL,525 E 68TH ST,NEW YORK,NY,10065,40.7647523,-73.9549121,True,ai,corroborated
NY STATE SENATE,,,,,,,True,,
NY THERAPY PLACEMENT SERVICES,330 W 38TH ST STE 600,NEW YORK,NY,10018,40.7552496,-73.9935,True,ai,corroborated
NYBCOICF,,,,,,,True,,
NYC BAR ASSOCIATION,42 W 44TH ST,NEW YORK,NY,10036,40.7555187,-73.9819926,True,ai,corroborated
NYC BOARD OF ED,52 CHAMBERS ST,NEW YORK,NY,10007,40.7133991,-74.0055424,True,ai,corroborated
NYC CRIMINAL COURT,100 CENTRE ST,NEW YORK,NY,10013,40.7160736,-74.0011699,True,ai,uncorroborated
NYC DEPARTMENT OF ENVIRONMENTAL PROTEC,,,,,,,True,,
NYC DEPT. OF EDUCATION,52 CHAMBERS ST,NEW YORK,NY,10007,40.7133991,-74.0055424,True,ai,corroborated
NYC DOE,52 CHAMBERS ST,NEW YORK,NY,10007,40.7133991,-74.0055424,True,ai,corroborated
NYC MAYORS OFFICE,CITY HALL,NEW YORK,NY,10007,40.713282,-74.006978,True,ai,corroborated
NYL HOLDINGS,ONE MADISON AVE,NEW YORK,NY,10010,40.7437008,-73.9859199,True,ai,corroborated
NYLAG,40 WORTH ST,NEW YORK,NY,10013,40.717095,-74.0067095,True,ai,corroborated
NYMC,8000 NORTHERN BLVD,MANHASSET,NY,11030,40.7929479,-73.6963141,True,ai,uncorroborated
NYP CORNELL,525 E 68TH ST,NEW YORK,NY,10065,40.7647523,-73.9549121,True,ai,corroborated
NYPW,,,,,,,True,,
NYRFP,,,,,,,True,,
NYS,STATE CAPITOL,ALBANY,NY,12224,42.6525913,-73.7573712,True,ai,corroborated
NYS OCFS,52 WASHINGTON ST,RENSSELAER,NY,12144,42.6396897,-73.7441301,True,ai,corroborated
NYS SENATE,STATE CAPITOL BUILDING LEGISLATIVE OFFICE BUILDING,ALBANY,NY,12247,42.6511674,-73.754968,True,ai,corroborated
NYS WORKERS' COMPENSATION BOARD,STATE OFFICE BUILDING CAMPUS BLDG 12,ALBANY,NY,12240,42.6511674,-73.754968,True,ai,corroborated
NYSPI,,,,,,,True,,
NYSWCB,,,,,,,True,,
NYU,70 WASHINGTON SQ S,NEW YORK,NY,10012,40.725625,-73.997936,True,ai,corroborated
NYU LANGONE BROOKLYN,150 55TH ST,BROOKLYN,NY,11220,40.6466733,-74.0209065,True,ai,corroborated
NYU SCHOOL OF LAW,40 WASHINGTON SQ S,NEW YORK,NY,10012,40.7306773,-73.9994085,True,ai,uncorroborated
O'CONNOR CAVANAUGH ET AL,,,,,,,True,,
O'MELVENY & MYERS LLP,400 S HOPE ST STE 1900,LOS ANGELES,CA,90071,34.052179678486,-118.253680811129,True,ai,grounded
O'MELVENY & MYERS LLP,1999 AVE OF THE STARS 8TH FLOOR,LOS ANGELES,CA,90067,34.05862208671,-118.416068621128,False,ai,grounded
O-ONGO INC,30778 HWY 18,RUNNING SPRINGS,CA,92382,34.222797,-117.13142,True,ai,grounded
O-ONGO INC,30500 ARRASTRE CANYON RD,ACTON,CA,93510,34.445418471979,-118.201798950024,False,ai,grounded
O2 INVESTMENT PARTNERS,37000 WOODWARD AVE,BLOOMFIELD HILLS,MI,48304,42.562136,-83.225277,True,ai,corroborated
O5 GROUP,300 PARK AVE S,NEW YORK,NY,10010,40.739792,-73.9869252,True,ai,corroborated
OAK PARK TEMPLE,,,,,,,True,,
OAK STREET HEALTH,8401 N CENTRAL EXPY STE 700,DALLAS,TX,75225,32.8648863,-96.7724237,True,ai,uncorroborated
OAK VIEW GROUP,3601 LAS VEGAS BLVD SOUTH STE 200,LAS VEGAS,NV,89109,36.1467952,-115.1552392,True,ai,uncorroborated
OAKLAND COMMUNITY COLLEGE,2480 OPDYKE RD,AUBURN HILLS,MI,48326,42.6781382,-83.245853,True,ai,corroborated
OAKLAND COUNTY,1200 N TELEGRAPH RD,PONTIAC,MI,48341,42.6556889,-83.3256878,True,ai,corroborated
OAKLAND MEDICAL GROUP,,,,,,,True,,
OAKMONT CAPITAL,640 S SAN VICENTE BLVD STE 350,LOS ANGELES,CA,90048,34.06543,-118.3723324,True,ai,grounded
OAKPOINT LTD,,,,,,,True,,
OAKTREE CAPITAL,333 S GRAND AVE 28TH FLOOR,LOS ANGELES,CA,90071,34.052746,-118.2519538,True,manual,verified
OAKWOOD,,,,,,,True,,
OAKWOOD HOSPITAL,700 S OPDYKE RD,AUBURN HILLS,MI,48326,42.6255239,-83.2491256,True,ai,corroborated
OAKWOOD LEGAL GROUP LLP,601 S FIGUEROA ST,LOS ANGELES,CA,90017,34.0507779,-118.2593021,True,ai,corroborated
OBERFELD DEVELOPMENT CORP,,,,,,,True,,
OBERLAND CAPITAL,1700 BROADWAY,NEW YORK,NY,10019,40.7635349,-73.9823123,True,manual,verified
OBERMAYER REBMANN,112 WASHINGTON ST,WOODBURY,NJ,08096,39.829402,-75.129032,True,ai,uncorroborated
OBGYN SPECIALISTS OF THE PALM BEACHES,5472 LINTON BLVD,DELRAY BEACH,FL,33484,26.4393559,-80.0929861,True,ai,corroborated
OBXTEK,8000 TOWERS CRESCENT DR STE 170,VIENNA,VA,22182,38.938421,-77.27552,True,ai,uncorroborated
OCA VENTURES,,,,,,,True,,
OCCIDENTAL PETROLEUM,5 GREENWAY PLAZA STE 1100,HOUSTON,TX,77046,29.7306513,-95.4317595,True,ai,corroborated
OCEAN RIDGE CAPITAL ADVISORS LLC,325 N MAPLE DR,BEVERLY HILLS,CA,90210,34.0731023,-118.3942167,True,ai,uncorroborated
OCEANTECH,,,,,,,True,,
OCH-ZIFF CAPITAL MANAGEMENT GROUP,9 W 57TH ST 40TH FLOOR,NEW YORK,NY,10019,40.7638353,-73.9749533,True,ai,corroborated
OCHSNER CLINIC FOUNDATION,1514 JEFFERSON HWY,NEW ORLEANS,LA,70121,29.9610677,-90.1456737,True,ai,corroborated
OCHSTEIN STRATEGIES,,,,,,,True,,
OCTAGON,400 ATLANTIC ST,STAMFORD,CT,06901,41.0503801,-73.5388891,True,ai,grounded
OCTAGON CREDIT INVESTORS,360 MADISON AVE 6TH FLOOR,NEW YORK,NY,10017,40.7550404,-73.9781023,True,ai,grounded
ODELL STUDNER GROUP,200 N WARNER RD STE 450,KING OF PRUSSIA,PA,19406,40.085213,-75.400773,True,ai,grounded
ODEOB,,,,,,,True,,
ODEON CAPITAL GROUP,750 LEXINGTON AVE 27TH FLOOR,NEW YORK,NY,10022,40.7625148,-73.9685564,True,ai,grounded
ODYSSEY,,,,,,,True,,
OEH,,,,,,,True,,
OES GLOBAL,1935 NW 18TH ST,POMPANO BEACH,FL,33069,26.2529903,-80.1498088,True,ai,grounded
"OFFICE OF DAVID G. GENET,DMD",,,,,,,True,,
OFFICE OF THE ATTORNEY GENERAL OF VIRGINIA,202 N 9TH ST,RICHMOND,VA,23219,37.540355,-77.4345366,True,manual,verified
OFFICE OF THE CHIEF JUDGE COOK COUNTY,50 W WASHINGTON ST ROOM 1010,CHICAGO,IL,60602,41.8840869,-87.6302049,True,ai,corroborated
OFFICE OF THE COUNTY EXECUTIVE,,,,,,,True,,
OFFICE OF THE PUBLIC DEFENDER,,,,,,,True,,
OFFICIAL BAND SHIRTS,,,,,,,True,,
OFFIT KURMAN,7501 WISCONSIN AVE STE 1000W,BETHESDA,MD,20814,38.9849208,-77.0945239,True,ai,grounded
OFJCC,2245 N DOUGLAS BLVD,ROSEVILLE,CA,95661,38.741274,-121.249266,True,ai,corroborated
OFTEN,,,,,,,True,,
OGDEN MURPHY WALLACE PLLC,901 5TH AVE STE 3500,SEATTLE,WA,98164,47.6058203,-122.3319113,True,ai,corroborated
OHDELA,1550 OLD HENDERSON RD STE W-110,COLUMBUS,OH,43220,40.051943,-83.061402,True,ai,grounded
OHEV SHALOM OF BUCKS COUNTY,944 SECOND ST PIKE,RICHBORO,PA,18954,40.21320604955,-75.010786205333,True,ai,corroborated
OHIO GASTROENTEROLOGY,700 GOODALE BLVD STE 450,COLUMBUS,OH,43215,39.9741646,-83.0234497,True,ai,corroborated
OHIO ST UNIVERSITY,155 W 12TH AVE,COLUMBUS,OH,43210,39.9967344,-83.0111787,True,ai,corroborated
OHIO STATE WEXNER MEDICAL CENTER,395 W 12TH AVE,COLUMBUS,OH,43210,39.9959737,-83.0178869,True,ai,corroborated
OHS,,,,,,,True,,
OHSU,3181 SW SAM JACKSON PARK RD,PORTLAND,OR,97239,45.4995338,-122.685936,True,ai,uncorroborated
OKLA HOUSE OF REPRESENTATIVES,2300 N LINCOLN BLVD,OKLAHOMA CITY,OK,73105,35.4922055,-97.5033333,True,ai,corroborated
OKUN ORTHODONTICS PC,14 RYE RIDGE PLAZA STE 243,RYE BROOK,NY,10573,41.003379,-73.6831432,True,ai,grounded
OLAMI,520 EIGHTH AVE 10TH FLOOR,NEW YORK,NY,10018,40.753535787785,-73.992397193659,True,ai,uncorroborated
OLD BRIDGE BOARD OF EDUCATION,4209 ROUTE 516,OLD BRIDGE,NJ,08857,40.392789,-74.330397,True,ai,corroborated
OLD BRIDGE PARTNERS I LLC,,,,,,,True,,
OLD CITY INVESTMENT PARTNERS,589 5TH AVE PH,NEW YORK,NY,10017,40.752387,-73.972678,True,ai,grounded
OLD COURT GROUP,750 LEXINGTON AVE,NEW YORK,NY,10022,40.7625148,-73.9685564,True,manual,verified
OLD PRO INC,,,,,,,True,,
OLD REPUBLIC,307 N MICHIGAN AVE STE 2200,CHICAGO,IL,60601,41.8869824,-87.6246513,True,ai,uncorroborated
OLITSA ROTH MD,,,,,,,True,,
OLIVE BRANCH COMMUNICATIONS INC,,,,,,,True,,
OLIVE HILL INVESTMENT,,,,,,,True,,
OLIVER WYMAN,1166 AVE OF THE AMERICAS 25TH FLOOR,NEW YORK,NY,10036,40.7568778,-73.9820036,True,ai,uncorroborated
OLLIES BARGAIN OUTLET,6295 ALLENTOWN BLVD,HARRISBURG,PA,17112,40.323607,-76.7827918,True,ai,uncorroborated
OLMSTEAD PROPERTIES,,,,,,,True,,
OLS VENTURES,,,,,,,True,,
OLSHAN FROME WOLOSKY LLP,1325 AVE OF THE AMERICAS,NEW YORK,NY,10019,40.7627667,-73.9804049,True,ai,corroborated
OLSHAN PROPERTIES,,,,,,,True,,
OLYMPIC BOULEVARD ENTERPRISES,,,,,,,True,,
OLYMPIC STEEL.INC,2000 OLYMPIC BLVD,ELYRIA,OH,44035,41.370046,-82.135976,True,ai,corroborated
OMEGA COMMUNICATIONS,,,,,,,True,,
OMEGA METALS,,,,,,,True,,
OMNI NEW YORK LLC,909 THIRD AVE 21ST FLOOR,NEW YORK,NY,10022,40.758870749653,-73.9684495117,True,ai,grounded
OMNI REMODELING,,,,,,,True,,
OMNI STEEL CO INC,500 WESTOVER DR,BERLIN,CT,06037,41.605451,-72.778497,True,ai,uncorroborated
OMNIA FAMILY WEALTH,5443 MISSION CENTER RD STE 200,SAN DIEGO,CA,92108,32.7738543,-117.1539711,True,ai,uncorroborated
OMNICOM GROUP,437 MADISON AVE,NEW YORK,NY,10022,40.7573564,-73.975377,True,manual,verified
OMNINET CAPITAL,9595 WILSHIRE BLVD STE 700,BEVERLY HILLS,CA,90212,34.0674722,-118.402611,True,manual,verified
ON A ROLL TRUCKING,,,,,,,True,,
ON DISABILITY,,,,,,,True,,
ON STAGE ENTERPRISES,,,,,,,True,,
ON TRACK,,,,,,,True,,
ONCOLOGY PHYSICIANS OF FLORIDA,5925 PRIESTLY DR STE 100,ORLANDO,FL,32822,28.489898,-81.290154,True,ai,corroborated
ONE MCKINNEY & EVANS LLP,1001 MCKINNEY ST STE 900,HOUSTON,TX,77002,29.756956,-95.364746,True,ai,uncorroborated
ONE OAK CAPITAL MANAGEMENT,,,,,,,True,,
ONE ONCOLOGY,100 N TAMPA ST STE 3200,TAMPA,FL,33602,27.9454769,-82.4582642,True,ai,corroborated
ONE SOTHEBYS INTERNATIONAL REALTY,,,,,,,True,,
ONE STEP UP,1412 BROADWAY,NEW YORK,NY,10018,40.7537894,-73.9868326,True,ai,corroborated
ONE WORLD FINANCIAL SOLUTIONS,,,,,,,True,,
ONEDIGITAL,2 W BISCAYNE BLVD STE 1750,MIAMI,FL,33131,25.765524,-80.184349,True,ai,corroborated
ONEPOINT BFG WEALTH PARTNERS,,,,,,,True,,
ONS,,,,,,,True,,
ONYX SEARCH PARTNERS,1700 BROADWAY STE 1200,NEW YORK,NY,10019,40.7635349,-73.9823123,True,ai,corroborated
OODA-HEALTH,100 MONTGOMERY ST STE 2100,SAN FRANCISCO,CA,94104,37.7903433,-122.4018704,True,ai,grounded
OPAL HOLDINGS LLC,,,,,,,True,,
OPC POLYMERS,1920 LEONARD AVE,COLUMBUS,OH,43219,39.986972,-82.9519048,True,ai,grounded
OPEN,,,,,,,True,,
OPEN INDUSTRIAL,2 BETHESDA METRO CENTER STE 500,BETHESDA,MD,20814,38.9847744,-77.0957275,True,ai,grounded
OPEN WINDOW,,,,,,,True,,
OPENAI,3180 18TH ST,SAN FRANCISCO,CA,94110,37.762318,-122.4146794,True,ai,corroborated
OPENAP,19 UNION SQ WEST 7TH FLOOR,NEW YORK,NY,10003,40.7360864,-73.9912277,True,ai,uncorroborated
OPENBET,350 N ORLEANS ST,CHICAGO,IL,60654,41.8885434,-87.6378294,True,ai,grounded
OPENSTORE,2200 MISSION ST,SAN FRANCISCO,CA,94110,37.7616133,-122.4197085,True,ai,uncorroborated
OPENTEXT,,,,,,,True,,
OPHTHALMOLOGY ASSOCIATES OF QUEENS,133-05 118TH AVE,QUEENS,NY,11420,40.6805669,-73.7899136,True,ai,corroborated
OPPENHEIMER,85 BROAD ST,NEW YORK,NY,10004,40.704059,-74.011355,True,ai,corroborated
OPPENHEIMER CAPITAL,1330 AVE OF THE AMERICAS,NEW YORK,NY,10019,40.7619298,-73.9786675,True,ai,corroborated
OPPENHEIMLAW,,,,,,,True,,
OPRSYSTEMS INC,1000 N WEST ST,WILMINGTON,DE,19801,39.7471805,-75.5500972,True,ai,uncorroborated
OPTIMAL CARE SERVICES,,,,,,,True,,
OPTIMUS PROPERTIES LLC,1801 CENTURY PARK EAST STE 2100,LOS ANGELES,CA,90067,34.0621057,-118.4159357,True,manual,verified
OPTIONS GROUP,299 PARK AVE,NEW YORK,NY,10171,40.7560254,-73.9741826,True,ai,corroborated
OPTUM,11000 OPTUM CIR,EDEN PRAIRIE,MN,55344,44.8910281,-93.4167887,True,ai,grounded
OPUS VIRTUAL OFFICES,9701 NORTHCROSS CENTER DR,AUSTIN,TX,78717,30.489544,-97.753842,True,ai,uncorroborated
OPWDD,44 HOLLAND AVE,ALBANY,NY,12229,42.6477671,-73.7741893,True,ai,corroborated
ORACLE,2300 ORACLE WAY,AUSTIN,TX,78741,30.243505,-97.721831,True,ai,grounded
ORANGE CONSULTING,,,,,,,True,,
ORANGE COUNTY,,,,,,,True,,
ORANGE DENTAL PARTNERS,1212 US HWY 1 UNIT B,NORTH PALM BEACH,FL,33408,26.8078647,-80.0560693,True,ai,grounded
ORANGE PARK MEDICAL,,,,,,,True,,
ORBIS,520 8TH AVE 10TH FLOOR,NEW YORK,NY,10018,40.7537655,-73.9920735,True,ai,uncorroborated
ORCA CAPITAL PARTNERS,1221 BRICKELL AVE STE 900,MIAMI,FL,33131,25.7612025,-80.1912637,True,ai,uncorroborated
ORCA SECURITY,101 FEDERAL ST 19TH FLOOR,BOSTON,MA,02110,42.354929,-71.0567125,True,ai,uncorroborated
ORCHARD PARK CENTRAL SCHOOLS,4040 BAKER RD,ORCHARD PARK,NY,14127,42.7734992,-78.7301831,True,ai,corroborated
ORCHARD PLATFORM,1400 16TH ST NW STE 700,WASHINGTON,DC,20036,38.9089875,-77.036939,True,ai,uncorroborated
ORCHARD YARN& THREAD COMPANY,47 REINHARDT DR,WESTFORD,MA,01886,42.585541,-71.44025,True,ai,uncorroborated
ORDERTECH,,,,,,,True,,
ORDORO,815 BRAZOS ST STE 900,AUSTIN,TX,78701,30.2702434,-97.7402521,True,ai,grounded
OREGON JEWISH COMMUNITY FOUNDATION,6670 SW CAPITOL HWY STE 100,PORTLAND,OR,97239,45.475986,-122.7049043,True,ai,corroborated
ORENTREICH MEDICAL GROUP,,,,,,,True,,
ORGANABIO,41072 BENICIA ST,FREMONT,CA,94538,37.4834545,-121.9326377,True,ai,uncorroborated
ORGANIZE MY PEOPLE INC,,,,,,,True,,
ORH,,,,,,,True,,
ORI HAMPEL MD PA,3230 STRAWBERRY RD,PASADENA,TX,77504,29.6626727,-95.1926858,True,ai,grounded
ORIGIN VENTURES,549 W RANDOLPH ST STE 601,CHICAGO,IL,60661,41.8841798,-87.6417019,True,ai,grounded
ORION CANCER CARE,2100 W LOOP S STE 900,HOUSTON,TX,77027,29.7457371,-95.4578847,True,ai,uncorroborated
ORION MEDICAL ENTERPRISES,,,,,,,True,,
ORKNEY PARTNERS,,,,,,,True,,
ORLANDO HEALTH MEDICAL GROUP UROLOGY,1411 S ORANGE AVE,ORLANDO,FL,32806,28.5257306,-81.3763744,True,ai,corroborated
ORLINSKY,,,,,,,True,,
ORLO MANAGEMENT LLC,711 GORMAN AVE,LAUREL,MD,20707,39.1016535,-76.8566933,True,ai,grounded
ORO CAPITAL ADVISORS,11766 WILSHIRE BLVD STE 325,LOS ANGELES,CA,90025,34.048509923187,-118.461930702262,True,manual,verified
ORO CAPITAL ADVISORS,11150 W OLYMPIC BLVD STE 920,LOS ANGELES,CA,90064,34.039563097055,-118.438839672915,False,ai,grounded
ORRICK,405 HOWARD ST,SAN FRANCISCO,CA,94105,37.7886111,-122.3950735,True,ai,corroborated
ORSID REALTY CORP,236 W 30TH ST 6TH FLOOR,NEW YORK,NY,10001,40.748997,-73.9942568,True,ai,corroborated
ORTHOCAROLINA,2001 VAIL AVE STE 200,CHARLOTTE,NC,28207,35.209632,-80.8205588,True,ai,uncorroborated
ORTHODONTIC PARTNERS,4 THOMAS MCKEAN LN,NEWARK,DE,19720,39.645467,-75.604496,True,ai,uncorroborated
ORTHODOX UNION,305 SEVENTH AVE,NEW YORK,NY,10001,40.746719365699,-73.993652045347,True,ai,grounded
ORTHOFEET,990 NW 159TH DR STE 101,PEMBROKE PINES,FL,33028,26.014716,-80.340171,True,ai,uncorroborated
ORTHOFIX,325 CORPORATE DR,LEWISVILLE,TX,75067,33.009768,-96.9983815,True,ai,corroborated
ORTHOMED,1201 BROAD ST,BLOOMFIELD,NJ,07003,40.831848,-74.182377,True,ai,uncorroborated
ORTHOPAEDIC CARE CENTER OF SOUTH FLORIDA,21000 NE 28TH AVE STE 104,AVENTURA,FL,33180,25.9694429,-80.1462959,True,manual,verified
ORTHOPAEDIC SURGERY GROUP,,,,,,,True,,
ORTHOPEDIC ASSOCIATES OF CENTRAL JERSEY,1001 AMBOY AVE,EDISON,NJ,08837,40.534356,-74.33623,True,ai,corroborated
ORTHOPEDIC CARE CENTER,,,,,,,True,,
ORTHOPEDIC GROUP INCORPORATED,,,,,,,True,,
ORTHOPEDIC INSTITUTE OF NEW JERSEY,420 E RIDGEWOOD AVE STE 270,RIDGEWOOD,NJ,07450,40.9777057,-74.1106488,True,ai,corroborated
ORTHOPEDIC ONE,27500 CEDAR RD STE 200,BEACHWOOD,OH,44122,41.501133,-81.485171,True,ai,corroborated
ORTHOPEDIC SURGERY CENTER,,,,,,,True,,
ORVA,88 PINE ST FLOOR 26 WALL ST PLAZA,NEW YORK,NY,10005,40.7056848,-74.0060818,True,ai,grounded
OS GROWTH PARTNERS,40 WORTH ST,NEW YORK,NY,10013,40.717095,-74.0067095,True,ai,uncorroborated
OSAWATOMIE SH,509 5TH ST,OSAWATOMIE,KS,66064,38.4990709,-94.9487353,True,ai,grounded
OSCAR GLUCK FANCYSHAPE DIAM.CO,,,,,,,True,,
OSG,9800 FREDERICKSBURG RD,SAN ANTONIO,TX,78288,29.5395813,-98.5773778,True,ai,uncorroborated
OSHER ENTERPRISES INC,,,,,,,True,,
OSHMAN FAMILY JCC,3921 FABIAN WAY,PALO ALTO,CA,94303,37.4250186,-122.1042748,True,ai,corroborated
OSMIUM LLC,,NORTH MIAMI BEACH,FL,33162,,,True,manual,verified
OSPREY TRANSFORMATIVE DEVELOPMENT LLC,111 N MARKET ST,WILMINGTON,DE,19801,39.7382853,-75.5526043,True,ai,uncorroborated
OSTFELD ARCHITECTURE PLLC,,,,,,,True,,
OSTRER & ASSOCIATES,,,,,,,True,,
OSTWALD LAW OFFICES,,,,,,,True,,
OSU,15 E 15TH AVE FIFTH FLOOR,COLUMBUS,OH,43201,39.990881,-83.00116,True,ai,grounded
OTGP,400 MEADOWMONT VILLAGE CIR STE 421,CHAPEL HILL,NC,27517,35.9046535,-79.0115968,True,ai,grounded
OTOLARYNGOLOGY CONSULTANTS,,,,,,,True,,
OTONOMY,,,,,,,True,,
OTOROWSKI MORROW & GOLDEN,,,,,,,True,,
OTSUKA,,,,,,,True,,
OTT CONE & REDPATH PA,201 E 5TH ST,CINCINNATI,OH,45202,39.1014378,-84.5092502,True,ai,uncorroborated
OURCROWD,1270 AVE OF THE AMERICAS 8TH FLOOR,NEW YORK,NY,10020,40.760214385783,-73.98011147492,True,ai,grounded
OURCROWD MANAGEMENT,,,,,,,True,,
OUTDOOR PRODUCTS,3000 N 44TH ST,PHOENIX,AZ,85018,33.4818878,-111.9870843,True,ai,uncorroborated
OUTERSTUFF,1412 BROADWAY,NEW YORK,NY,10018,40.7537894,-73.9868326,True,ai,grounded
OVATION TRAVEL GROUP,6510 E GREENWAY PKWY STE 320,SCOTTSDALE,AZ,85254,33.6228392,-111.9264986,True,ai,uncorroborated
OVERDRIVE INC,,,,,,,True,,
OVERLAND OIL & GAS,9787 KATY FWY,HOUSTON,TX,77055,29.7837514,-95.5349246,True,ai,uncorroborated
OVERLINE,3300 HILLVIEW AVE,PALO ALTO,CA,94304,37.4068614,-122.1458082,True,ai,uncorroborated
OVERMOON,,,,,,,True,,
OVINTIV,370 17TH ST STE 1700,DENVER,CO,80202,39.7434959,-104.9886472,True,ai,corroborated
OVIVA THERAPEUTICS,289 ST GEORGE ST STE 209,DUXBURY,MA,02332,42.048759,-70.6871348,True,ai,grounded
OVRDRV,,,,,,,True,,
OWEN STEEL COMPANY,727 MAUNEY DR,COLUMBIA,SC,29201,33.982478,-81.028094,True,ai,grounded
OWL CREEK ASSET MANAGEMENT,590 MADISON AVE 15TH FLOOR,NEW YORK,NY,10022,40.7621575,-73.9730331,True,ai,corroborated
OXBOMB,,,,,,,True,,
OXFORD HARRIMAN,,,,,,,True,,
P HOLDING COT,2980 NE 207TH ST STE 706,AVENTURA,FL,33180,25.9672592,-80.14206,True,manual,verified
P&R FASTENERS,325 PIERCE ST,SOMERSET,NJ,08873,40.5362263,-74.5422884,True,ai,grounded
P. D. C. BANK,,,,,,,True,,
PA MANAGEMENT & MAINT,,,,,,,True,,
PACE UNIVERSITY,1 PACE PLAZA,NEW YORK,NY,10038,40.7111164,-74.0048044,True,ai,corroborated
"PACHULSKI, STANG, ZIEHL & JONES",10100 SANTA MONICA BLVD 13TH FLOOR,LOS ANGELES,CA,90067,34.062702,-118.415864,True,ai,grounded
"PACHULSKI, STANG, ZIEHL & JONES",ONE SANSOME ST STE 3430,SAN FRANCISCO,CA,94104,37.790295505354,-122.400636898012,False,ai,grounded
"PACHULSKI, STANG, ZIEHL & JONES",1700 BROADWAY 36TH FLOOR,NEW YORK,NY,10019,40.763399704383,-73.982721755177,False,ai,grounded
"PACHULSKI, STANG, ZIEHL & JONES",919 N MARKET ST 17TH FLOOR,WILMINGTON,DE,19801,39.744894375668,-75.54833585157,False,ai,grounded
"PACHULSKI, STANG, ZIEHL & JONES",700 LOUISIANA ST STE 4500,HOUSTON,TX,77002,29.760739761864,-95.365844424829,False,ai,grounded
PACIFIC ARTHRITIS,,,,,,,True,,
PACIFIC ASSET,,,,,,,True,,
PACIFIC BEADS,,,,,,,True,,
PACIFIC CAPITAL GROUP,1999 AVE OF THE STARS STE 1100,LOS ANGELES,CA,90067,34.058647,-118.4166661,True,ai,corroborated
PACIFIC COAST COMPUTER,1380 EL CAMINO REAL STE 200,SAN BRUNO,CA,94066,37.6313938,-122.4181084,True,ai,corroborated
PACIFIC COAST VISIONS,9141 IRVINE CENTER DR STE 200,IRVINE,CA,92618,33.6367426,-117.7397227,True,ai,corroborated
PACIFIC DENTAL ASSOCIATES,2100 WEBSTER ST SUITE #325,SAN FRANCISCO,CA,94115,37.790106555868,-122.432326421255,True,ai,grounded
PACIFIC GLOBAL INSURANCE BROKERS,,,,,,,True,,
PACIFIC MERCHANDISING,,,,,,,True,,
PACIFIC RETAIL CAPITAL PARTNERS,10880 WILSHIRE BLVD STE 900,LOS ANGELES,CA,90024,34.058617,-118.4432767,True,ai,corroborated
PACIFIC URBAN INVESTORS,601 S FIGUEROA ST 46TH FLOOR,LOS ANGELES,CA,90017,34.0507779,-118.2593021,True,ai,corroborated
PACIFICA,5400 BOLSA AVE STE 201,HUNTINGTON BEACH,CA,92649,33.7442615,-118.034832,True,ai,corroborated
PACKAGING CONCEPTS,,,,,,,True,,
PACKMAN ET AL,,,,,,,True,,
PACVENTURES,,,,,,,True,,
PAD CO,,,,,,,True,,
PAEDRIN AND KINGSLEY GILLETT,,,,,,,True,,
PAGE CONSULTING SERVICES INC,,,,,,,True,,
PAGE FOUR MEDIA,,SUNAPEE,NH,03782,,,True,manual,verified
PAGNY,420 LEXINGTON AVE STE 1750,NEW YORK,NY,10170,40.7524677,-73.9757799,True,ai,grounded
PALADIN MANAGEMENT,,,,,,,True,,
PALANTIR TECHNOLOGIES,100 HAMILTON AVE 8TH FLOOR,PALO ALTO,CA,94301,37.4426058,-122.1620996,True,ai,corroborated
PALESTRA CAPITAL MANAGEMENT,,,,,,,True,,
PALI ENTERTAINMENT,30778 HWY 18,RUNNING SPRINGS,CA,92382,34.222797,-117.13142,True,manual,verified
PALI MOUNTAIN,30778 HWY 18,RUNNING SPRINGS,CA,92382,34.222797,-117.13142,True,ai,grounded
PALISADES,,,,,,,True,,
PALLADIO BEAUTY GROUP,3912 PEMBROKE RD,HOLLYWOOD,FL,33021,25.9955832,-80.1851922,True,ai,grounded
PALLADIUM CAPITAL,,,,,,,True,,
PALM BEACH COUNTY,301 N OLIVE AVE,WEST PALM BEACH,FL,33401,26.71536,-80.051932,True,ai,corroborated
PALM BEACH FOOT AND ANKLE,,,,,,,True,,
PALM BEACH STATE COLLEGE,4200 CONGRESS AVE,LAKE WORTH,FL,33461,26.618582,-80.093216,True,ai,corroborated
PALMER KENT ASSOCIATES INC,,,,,,,True,,
PALMER PERLSTEIN,,,,,,,True,,
PALMERHOUSE,17 E MONROE ST,CHICAGO,IL,60603,41.8803325,-87.6269504,True,ai,uncorroborated
PALMETTO HEALTH,2000 HAMPTON ST,COLUMBIA,SC,29204,34.0089925,-81.0218057,True,ai,corroborated
PALO ALTO MED FOUNDATION,795 EL CAMINO REAL,PALO ALTO,CA,94301,37.439217661572,-122.162036233866,True,ai,grounded
PALO ALTO MED FOUNDATION,701 EL CAMINO REAL 1ST FLOOR,MOUNTAIN VIEW,CA,94041,37.377107558357,-122.065166791972,False,ai,grounded
PALO ALTO NETWORKS,3000 TANNERY WAY SANTA CLARA,SANTA CLARA,CA,95054,37.384176,-121.979634,True,ai,grounded
PAM,,,,,,,True,,
PAMF,1100 BELLERIVE DR,SAN MATEO,CA,94402,37.540103,-122.330103,True,ai,corroborated
PAN AM EQUITIES,18 E 50TH ST 3RD FLOOR,NEW YORK,NY,10022,40.7577749,-73.9751662,True,ai,grounded
PANDORA,350 FIFTH AVE,NEW YORK,NY,10118,40.747848600317,-73.985077152891,True,ai,uncorroborated
PANOPTO,4720 CREEKSIDE DR STE 200,PITTSBURGH,PA,15227,40.374972,-79.970778,True,ai,grounded
PANOR CORP,125 CABOT CT,HAUPPAUGE,NY,11788,40.8092533,-73.2542302,True,manual,verified
PANTERA,44 MONTGOMERY ST STE 1210,SAN FRANCISCO,CA,94104,37.7896307,-122.4018876,True,ai,grounded
PANTHEON SYSTEMS,717 CALIFORNIA ST FL 2,SAN FRANCISCO,CA,94108,37.7922102,-122.4061642,True,manual,verified
PANTRY FILMS LLC,,,,,,,True,,
PAPERCLIP INC,,,,,,,True,,
PARACO GAS CORPORATION,,,,,,,True,,
PARAGON,,,,,,,True,,
PARAGON AFFILLIATES,,,,,,,True,,
PARAGON BANK,6 E MAIN ST,MECHANICSBURG,PA,17055,40.2132744,-77.0077422,True,ai,uncorroborated
PARAGON BIOSCIENCES,330 N WABASH STE 3500,CHICAGO,IL,60611,41.888444993053,-87.627289918295,True,ai,grounded
PARAGON BIOSCIENCES,1033 SKOKIE BLVD STE 600,NORTHBROOK,IL,60062,42.132886131666,-87.788304078765,False,ai,grounded
PARAGON BUILDING PRODUCTS,6660 N I 75 SERVICE DR,FORT MYERS,FL,33917,26.748095,-81.846151,True,ai,uncorroborated
PARAGON CAPIRAL,,,,,,,True,,
PARAGON CAPITAL MANAGEMENT,60 CUTTER MILL RD STE 101,GREAT NECK,NY,11021,40.781289,-73.734026,True,ai,uncorroborated
PARAGON PROPERTIES CO,,,,,,,True,,
PARAGON STRATEGIC INSIGHTS,,,,,,,True,,
PARALLEL ACQUISITIONS INC,,,,,,,True,,
PARALLEL CAPITAL,,,,,,,True,,
PARALLEL REALTY,,,,,,,True,,
PARAMOUNT,PARAMOUNT GLOBAL 1515 BROADWAY,NEW YORK,NY,10036,40.759792,-73.990685,True,ai,uncorroborated
PARAMOUNT CONSULTING GROUP,,,,,,,True,,
PARAMOUNT GLOBAL,1515 BROADWAY,NEW YORK,NY,10036,40.7579139,-73.9864456,True,ai,grounded
PARAMOUNT PICTURES,5555 MELROSE AVE,LOS ANGELES,CA,90038,34.083419,-118.3212771,True,ai,grounded
PARAMOUNT REALTY,,,,,,,True,,
PARDES INSTITUTE,36 LITTLE RUSSELL ST,NEW YORK,NY,10003,40.731865,-73.989124,True,ai,corroborated
PARDES INSTITUTE OF JEWISH STUDIES,275 MADISON AVE STE 1500,NEW YORK,NY,10016,40.7513069,-73.9801895,True,ai,uncorroborated
PARDES JEWISH DAY SCHOOL,330 PINE HOLLOW RD,HASTINGS-ON-HUDSON,NY,10706,40.990503,-73.869502,True,ai,uncorroborated
PARDO JACKSON,,,,,,,True,,
PARENTMAP,PO BOX 3283,BELLEVUE,WA,98009,47.6144219,-122.192337,True,ai,corroborated
PARISAN'S,,,,,,,True,,
"PARK ANIMAL HOSPITAL, SF, CA",1207 FULTON ST,SAN FRANCISCO,CA,94117,37.7769568,-122.4367246,True,ai,corroborated
PARK AVE PHYSICIAN,795 LEXINGTON AVE,NEW YORK,NY,10065,40.7637592,-73.9667396,True,ai,uncorroborated
PARK HILL,280 PARK AVE 15TH FLOOR,NEW YORK,NY,10017,40.7564853,-73.975049,True,ai,grounded
PARK NICOLLET,3800 PARK NICOLLET BLVD,SAINT LOUIS PARK,MN,55416,44.9336641,-93.3457694,True,ai,corroborated
PARK ROW EQUITY PARTNERS,300 PARK AVE,NEW YORK,NY,10022,40.7570541,-73.9747565,True,ai,corroborated
PARK SLOPE ANESTHESIA ASSOCIATES,300 7TH AVE STE 15A,BROOKLYN,NY,11215,40.6679702,-73.9809713,True,ai,uncorroborated
PARK SYNAGOUGE,,,,,,,True,,
PARKER DANIELS KIBORT,800 LASALLE AVE STE 2700,MINNEAPOLIS,MN,55402,44.9763949,-93.2751032,True,ai,corroborated
PARKER POE ADAMS & BERNSTEIN,401 S TRYON ST STE 3000,CHARLOTTE,NC,28202,35.2242827,-80.8461704,True,ai,corroborated
PARKER STEEL,4239 MONROE ST,TOLEDO,OH,43606,41.6824162,-83.6079052,True,ai,corroborated
"PARKER, HUDSON, RAINER & DONNA LLP",285 PEACHTREE CENTER AVE NE STE 1500,ATLANTA,GA,30303,33.7620156,-84.3856151,True,ai,corroborated
PARKVIEW CAPITAL PARTNERS,16690 COLLINS AVE #1103,SUNNY ISLES BEACH,FL,33160,25.927032766558,-80.122326340102,True,ai,grounded
PARKWAY CORPORATION,150 N BROAD ST,PHILADELPHIA,PA,19102,39.9561827,-75.1630275,True,ai,grounded
PARKWAY WHOLESALE,,,,,,,True,,
PARRAGON,10 TOWER LN,IRVINE,CA,92618,33.667307,-117.73358,True,ai,uncorroborated
PARRITZLAW PLLC,,,,,,,True,,
PARSONS SCHOOL OF DESIGN,2 W 13TH ST,NEW YORK,NY,10011,40.7354064,-73.9944521,True,ai,corroborated
"PARSONS, LEE & JULIANO PC",600 VESTAVIA PKWY STE 300,BIRMINGHAM,AL,35216,33.419246,-86.789433,True,manual,verified
PARTNERS HEALTH CARE,399 REVOLUTION DR,SOMERVILLE,MA,02145,42.3915309,-71.0788755,True,ai,corroborated
PAS,,,,,,,True,,
PASCACK DENTAL ARTS,140 WASHINGTON AVE,HILLSDALE,NJ,07642,41.001288,-74.02927,True,ai,corroborated
PASCACK VALLEY REGIONAL HIGH SCHOOL BOARD,225 W GRAND AVE,MONTVALE,NJ,07645,41.0424317,-74.0360748,True,manual,verified
PASCHAL ROTH PUBLIC AFFAIRS,2710 X ST 2ND FLOOR,SACRAMENTO,CA,95818,38.558618,-121.4769711,True,ai,grounded
PASHMAN STEIN WALDER HAYDEN,17 JUDGE S GILBERT ST,NEWARK,NJ,07102,40.735659,-74.173605,True,ai,corroborated
PASSION GROWERS,7499 NW 31 ST,MIAMI,FL,33122,25.805005,-80.315071,True,manual,verified
PASTER PROPERTIES,,,,,,,True,,
PAT'S CATERING,,,,,,,True,,
PATANE GUMBERG AVILA LLP,555 W FIFTH ST,LOS ANGELES,CA,90013,34.0500816,-118.2534063,True,ai,corroborated
PATH CCM,,,,,,,True,,
PATHFINDER PARTNERS,12860 EL CAMINO REAL,SAN DIEGO,CA,92130,32.9512074,-117.2343579,True,ai,corroborated
PATHLIGHT ADVISORS,250 PARK AVE SOUTH 5TH FLOOR,NEW YORK,NY,10003,40.7382829,-73.9880343,True,ai,uncorroborated
PATHOLOGY ASSOCIATES,,,,,,,True,,
PATIENT RESULTS NETWORK,,,,,,,True,,
PATIENT SQUARE CAPITAL,482 LEXINGTON AVE 18TH FLOOR,NEW YORK,NY,10017,40.7537529,-73.9744897,True,ai,uncorroborated
PATIENTPOINT LLC,1000 ALDERMAN DR STE 300,NASHVILLE,TN,37210,36.149248,-86.733016,True,ai,uncorroborated
PATRICK B. JENKINS & ASSOCIATES,,,,,,,True,,
PATRIOT AUTO GROUP,769 PORTLAND RD,SACO,ME,04072,43.5272292,-70.4260099,True,ai,grounded
PATRIOT GROWTH INSURANCE SERVICES,501 OFFICE CENTER DR STE 215,FORT WASHINGTON,PA,19034,40.1423219,-75.1727157,True,manual,verified
PATRIOT GROWTH INSURANCE SERVICES,8382 BAYMEADOWS RD STE 2,JACKSONVILLE,FL,32256,30.2194637,-81.5835765,False,manual,verified
PATRIOT SUBARU,769 PORTLAND RD,SACO,ME,04072,43.5272292,-70.4260099,True,ai,grounded
PATRON CAPITAL MANAGEMENT,45 W 36TH ST 11TH FLOOR,NEW YORK,NY,10018,40.7506544,-73.9855763,True,ai,corroborated
PATTERSON BELKNAP WEBB & TYLER,1133 AVE OF THE AMERICAS,NEW YORK,NY,10036,40.7557898,-73.9836408,True,ai,corroborated
PATTERSON BRAY PLLC,,,,,,,True,,
PATTISHALL MCAULIFFE,200 S WACKER DR STE 2900,CHICAGO,IL,60606,41.8789393,-87.6373533,True,ai,corroborated
PAUL DEMIGLIO LLC,,,,,,,True,,
PAUL HASTINGS LLP,515 S FLOWER ST 25TH FLOOR,LOS ANGELES,CA,90071,34.0514541,-118.2570607,True,ai,grounded
"PAUL J KULBERSH, DMD",,,,,,,True,,
"PAUL MICHAEL BLOCK, MD",,,,,,,True,,
"PAUL P TASHMAN, TRUSTEE",,,,,,,True,,
"PAUL S. ROSEN, DMD",,,,,,,True,,
PAUL WEISS,1285 AVE OF THE AMERICAS,NEW YORK,NY,10019,40.7611591,-73.9805686,True,ai,corroborated
PAULSON & CO,200 W ST,NEW YORK,NY,10282,40.7147237,-74.0144315,True,ai,corroborated
PAY IT SAFE LLC,,,,,,,True,,
PAYCHEX,PAYCHEX CORPORATE CENTER 911 PANORAMA TRL S,ROCHESTER,NY,14625,43.150045,-77.505526,True,ai,uncorroborated
PAYJOY,26 S PARK STE 300,SAN FRANCISCO,CA,94107,37.7823806,-122.3930854,True,ai,grounded
PAYPAL,2211 N FIRST ST,SAN JOSE,CA,95131,37.377795110266,-121.921678636217,True,ai,corroborated
PAYROLL COMPANY,,,,,,,True,,
PAZ MANAGEMENT INC,,,,,,,True,,
PAZIEN,,,,,,,True,,
PBS&J,15 RIVERSIDE PKWY NE,ATLANTA,GA,30328,33.933259,-84.386656,True,ai,uncorroborated
PCDM,,,,,,,True,,
PCF INSURANCE SERVICES (TOTAL INSURANCE),3175 COMMERCIAL AVE STE 200,NORTHBROOK,IL,60062,42.1464109,-87.8586313,True,manual,verified
PCI,,,,,,,True,,
PCP,,,,,,,True,,
PCS WIRELESS,11 VREELAND RD,FLORHAM PARK,NJ,07932,40.7945489,-74.3754388,True,ai,grounded
PDI,3040 POST OAK BLVD STE 1100,HOUSTON,TX,77056,29.7349343,-95.4628278,True,ai,corroborated
PDIQ,,,,,,,True,,
PEACHTREE PARTNERS,1819 E MORTEN AVE STE 180,PHOENIX,AZ,85020,33.5474209,-112.0512181,True,ai,grounded
PEAPACK PRIVATE,1 MEADOWLANDS PLAZA STE 100,EAST RUTHERFORD,NJ,07073,40.8060951,-74.0778228,True,ai,grounded
PEARSON & ASSOCIATES,,,,,,,True,,
PEASE BELL CPAS,125 HIGH ST,PORTSMOUTH,NH,03801,43.0786142,-70.7594261,True,ai,uncorroborated
PEBB ENTERPRISES,,,,,,,True,,
PECK FINANCIAL,,,,,,,True,,
PEDIATRIC AFFILIATES,,,,,,,True,,
PEDIATRIC NEUROLOGY,,,,,,,True,,
PEDIATRIC OPHTHALMOLOGY PC,,,,,,,True,,
PEDIATRIC PHYSICIAN SERVICES,,,,,,,True,,
PEDIATRIC SPECIALISTS OF PLANO,6201 W PARKER RD STE 300,PLANO,TX,75093,33.045395,-96.834924,True,ai,corroborated
PEDIATRICS OF SW HOUSTON,16648 SW FWY STE 200,SUGAR LAND,TX,77479,29.5873599,-95.6375037,True,ai,corroborated
PEDIATRIX MEDICAL GROUP,,,,,,,True,,
PEER GROUP TOOLS,,,,,,,True,,
PEETS,75 PARK PLAZA STE 1110,BOSTON,MA,02116,42.3514647,-71.0699265,True,ai,uncorroborated
PEGASUS INVESTMENTS,1901 AVE OF THE STARS STE 630,LOS ANGELES,CA,90067,34.0597332,-118.4178815,True,ai,grounded
PELICAN VENTURES,,,,,,,True,,
PEMBROKE COMPANIES,1750 TYSONS BLVD STE 1450,TYSONS,VA,22102,38.9239643,-77.2228226,True,ai,uncorroborated
PEMBROKE CONSULTING INC,1515 MARKET ST STE 1660,PHILADELPHIA,PA,19102,39.9529802,-75.1661525,True,manual,verified
PENGUIN FROZEN FOODS,6500 NW 18TH ST,MIAMI,FL,33126,25.7899766,-80.2671882,True,ai,uncorroborated
PENINSULA,,,,,,,True,,
PENINSULA JCC,101 N SAN PEDRO RD,BURLINGAME,CA,94010,37.571918,-122.375028,True,ai,corroborated
PENMARK INDUSTRIES,,,,,,,True,,
PENN STATE SBDC,201 INNOVATION BLVD STE 110,STATE COLLEGE,PA,16803,40.808517,-77.894436,True,ai,corroborated
PENN STATE UNIVERSITY,201 OLD MAIN,UNIVERSITY PARK,PA,16802,40.7969435,-77.8634449,True,ai,corroborated
PENNANT HOUSING GROUP,1900 M ST NW 3RD FLOOR,WASHINGTON,DC,20036,38.9053787,-77.043916,True,manual,verified
PENNANTPARK INVESTMENT CORPORATION,1691 MICHIGAN AVE STE 500,MIAMI BEACH,FL,33139,25.7914777,-80.1386764,True,manual,verified
PENNINGTON PARTNERS,,,,,,,True,,
PENOSCOT,1 CANAL PLAZA,PORTLAND,ME,04101,43.6566959,-70.2551329,True,ai,uncorroborated
PENSAM CAPITAL,777 BRICKELL AVE STE 1200,MIAMI,FL,33131,25.766400728233,-80.190565564901,True,ai,grounded
PENSION POLICY CENTER,1200 18TH ST NW STE 1000,WASHINGTON,DC,20036,38.9058515,-77.0421211,True,ai,corroborated
PENTACO MANAGEMENT,,,,,,,True,,
PENZANCE,162 W 56TH ST 8TH FLOOR,NEW YORK,NY,10019,40.764556,-73.9803228,True,ai,uncorroborated
PEO,,,,,,,True,,
PEPOSE VISION INSTITUTE,1815 CLARKSON RD,CHESTERFIELD,MO,63017,38.6383912,-90.5709654,True,ai,grounded
PEPPERDINE,24255 PACIFIC COAST HWY,MALIBU,CA,90263,34.0385744,-118.7070564,True,ai,corroborated
PEPSICO,700 ANDERSON HILL RD,PURCHASE,NY,10577,41.0348634,-73.6928308,True,ai,corroborated
PERATON,12901 WORLDGATE DR STE 600,HERNDON,VA,20170,38.9556454,-77.3978952,True,ai,grounded
PERENNIAL PROPERTIES,1777 PEACHTREE ST STE 200,ATLANTA,GA,30309,33.8028686,-84.3927764,True,manual,verified
PERFECT FOODS,1020 S YALE ST,ANAHEIM,CA,92805,33.8347516,-117.911732,True,ai,uncorroborated
PERFECTION AUTOMOTIVE INC,,,,,,,True,,
PERFORMANCE CONTRACTORS INC,,,,,,,True,,
PERFORMANCE ONE MEDIA,1 BROADWAY 14TH FLOOR,CAMBRIDGE,MA,02142,42.3628031,-71.0834809,True,ai,uncorroborated
PERGAMENT REALTY MANAGEMENT LLC,2851 44TH ST,BROOKLYN,NY,11224,40.6360078,-73.9861931,True,ai,corroborated
PERKINS COIE,1201 THIRD AVE STE 4900,SEATTLE,WA,98101,47.607780942915,-122.336094094767,True,ai,grounded
PERKINS COIE,110 N WACKER DR STE 3400,CHICAGO,IL,60606,41.884630963557,-87.637144839219,False,ai,grounded
PERKINS COIE,2525 E CAMELBACK RD STE 500,PHOENIX,AZ,85016,33.509374864897,-112.027247690995,False,ai,grounded
PERL & GOODSNYDER LTD,,,,,,,True,,
PERL-MACK ENTERPRISES,,,,,,,True,,
PERLMAN MUSIC PROGRAM,,,,,,,True,,
PERLOW INVESTMENT CORPORATION,,,,,,,True,,
PERMANENTE,280 W MACARTHUR BLVD,OAKLAND,CA,94611,37.8239499,-122.2579448,True,ai,corroborated
PERMIRA,150 N RIVERSIDE PLAZA STE 2150,CHICAGO,IL,60606,41.8825427,-87.638745,True,ai,uncorroborated
PERONA LANGER BECK & LALLANDER,ONE PENN PLAZA STE 5601,NEW YORK,NY,10119,40.7510985,-73.9919723,True,ai,uncorroborated
PERRY ELLIS INTERNATIONAL,1501 MERCER AVE,DAYTONA BEACH,FL,32117,29.232739,-81.068471,True,ai,corroborated
PERRY HOMES,15001 SW FREEWAY STE 500,SUGAR LAND,TX,77478,29.6085497,-95.6129609,True,ai,corroborated
PERSHING SQUARE CAPITAL MANAGEMENT,280 PARK AVE 37TH FLOOR,NEW YORK,NY,10017,40.7564853,-73.975049,True,ai,corroborated
PERSONAL ASSET STRATEGIES INC,,,,,,,True,,
PERSONAL MINI STORAGE,,,,,,,True,,
PERSONAL TOUCH,,,,,,,True,,
PERSPECTIVE CAPITAL LLC,200 CLARENDON ST 52ND FLOOR,BOSTON,MA,02116,42.3491677,-71.075124,True,ai,uncorroborated
PERTNOY & SOLOWSKY,,,,,,,True,,
PESSAH LAW GROUP PC,1150 S OLIVE ST STE 1155,LOS ANGELES,CA,90015,34.0393986,-118.2610968,True,ai,corroborated
PEST FORCE,,,,,,,True,,
PET INDULGENCE,,,,,,,True,,
PETER & ASSOCIATES,,,,,,,True,,
PETER BERG PA,,,,,,,True,,
PETER G LOEWENSTEIN,,,,,,,True,,
PETER JASKOWIAK,,,,,,,True,,
PETER LEVITAN & CO,2 OLIVER ST,BOSTON,MA,02109,42.3572063,-71.0545494,True,ai,uncorroborated
PETER LOGAN LAW OFFICES,,,,,,,True,,
PETER ROSENBERG & PARTNERS,,,,,,,True,,
PETERSON MANAGEMENT,,,,,,,True,,
PETERSON WAMPOLD,,,,,,,True,,
PETFINDER FOUNDATION,18 JCT SQ DR STE 300,BURLINGTON,MA,01803,42.503227,-71.201713,True,ai,uncorroborated
PETITE ACRES,,,,,,,True,,
PFA,,,,,,,True,,
PFP,,,,,,,True,,
PG GENATT,1000 CROSS BAY BLVD,BROAD CHANNEL,NY,11693,40.598113,-73.8207507,True,ai,corroborated
PGCPS,14201 SCHOOL LN,UPPER MARLBORO,MD,20772,38.8151141,-76.7588579,True,ai,corroborated
PGP,,,,,,,True,,
PHARMACY BENEFIT CONSULTANTS,7 ARBORVIEW WAY,MORRISTOWN,NJ,07960,40.738624454626,-74.545544377708,True,ai,grounded
PHARMSCRIPT,12110 SUNSET HILLS RD STE 130,RESTON,VA,20190,38.9553946,-77.3643956,True,ai,uncorroborated
PHATHOM PHARMA,100 CAMPUS DR STE 102,FLORHAM PARK,NJ,07932,40.783258,-74.43018,True,ai,grounded
PHATHOM PHARMACEUTICALS/E SCHWARTZ,2150 S PRICE RD STE 100,CHANDLER,AZ,85286,33.2738188,-111.8892367,True,ai,uncorroborated
PHCA,,,,,,,True,,
PHIL BRO,,,,,,,True,,
PHILADELPHIA HOUSING AUTHORITY,2012 HAMILTON ST,PHILADELPHIA,PA,19130,39.9622197,-75.1716354,True,ai,corroborated
PHILIP KAUFLER LAW OFFICES,100 S 5TH ST STE 1900,MINNEAPOLIS,MN,55402,44.9784227,-93.2686953,True,ai,uncorroborated
PHILIPS,3000 MINUTEMAN RD,ANDOVER,MA,01810,42.69281,-71.21554,True,ai,grounded
PHILLIPS TADROS PA,,,,,,,True,,
PHM,,,,,,,True,,
PHOENICIAN MEDICAL CENTER,501 E THOMAS RD,PHOENIX,AZ,85012,33.4797895,-112.0670369,True,ai,corroborated
PHOENIX PHARMACEUTICAL GROUP,,,,,,,True,,
PHOENIX SPINE AND JOINT,2525 E ARIZONA BILTMORE CIR BUILDING D STE 142,PHOENIX,AZ,85016,33.510166,-112.031684,True,ai,grounded
PHONETERNET,3410 MIDCOURT RD STE 119,CARROLLTON,TX,75006,32.9636234,-96.8414649,True,ai,grounded
PHYLLIS MORRIS,,,,,,,True,,
PHYSICAL MEDICINE & REHABILITATION,,,,,,,True,,
PHYSICIAN AFFILIATE GROUP OF NEW YORK,1000 NORTHERN BLVD STE 200,GREAT NECK,NY,11021,40.7847946,-73.7085007,True,ai,corroborated
PHYSICIANS DIALYSIS,1000 PARK CENTRE BLVD STE 134,MIAMI,FL,33169,25.928756,-80.2188689,True,ai,grounded
PIANKO LAW,10 ROCKEFELLER PLAZA STE 1406,NEW YORK,NY,10020,40.757976,-73.9794142,True,ai,uncorroborated
PIANO SOFTWARE,200 GRANBY ST,NORFOLK,VA,23510,36.8486059,-76.2906366,True,ai,uncorroborated
PICKWICK REALTY,,,,,,,True,,
PICO PROPERTIES,10100 SANTA MONICA BLVD STE 3000,LOS ANGELES,CA,90067,34.062702,-118.415864,True,ai,corroborated
PICOA INC,,,,,,,True,,
PICTION HEALTH,225 FRANKLIN ST 26TH FLOOR,BOSTON,MA,02110,42.356128,-71.0539472,True,ai,corroborated
PIE,,,,,,,True,,
PIEDMONT,,,,,,,True,,
PIEDMONT HEALTHCARE,ONE PIEDMONT CENTER 3525 PIEDMONT RD NE BLDG 6,ATLANTA,GA,30305,33.834063,-84.392063,True,ai,corroborated
PIEDMONT UNIFIED SCHOOL DISTRICT,760 MAGNOLIA AVE,PIEDMONT,CA,94611,37.822789,-122.2338825,True,ai,corroborated
PIER 18 DEVELOPMENTS,PIER 17 / ONE BATTERY PARK PLAZA,NEW YORK,NY,10004,40.689805,-74.017389,True,ai,uncorroborated
PIERPOINT CALITAL,,,,,,,True,,
PIERRE F SKINCARE,,,,,,,True,,
PIERRE FREEMAN'S PROBIOTIC SKIN CARE,,,,,,,True,,
PILLSBURY WINTHROP,31 W 52ND ST,NEW YORK,NY,10019,40.7608799,-73.9780399,True,ai,uncorroborated
PILLSBURY WINTHROP SHAW PITTMAN,1540 BROADWAY,NEW YORK,NY,10036,40.758032,-73.984832,True,ai,uncorroborated
PILZER BROS,1414 DEAN ST,BROOKLYN,NY,11216,40.6763852,-73.9423918,True,ai,corroborated
PIM,,,,,,,True,,
PIMA COUNTY,130 W CONGRESS ST,TUCSON,AZ,85701,32.2216417,-110.9740491,True,ai,corroborated
PIMCO,1 NEW YORK PLAZA,NEW YORK,NY,10004,40.7021931,-74.0120405,True,ai,corroborated
PINELLAS COUNTY SCHOOLS,,,,,,,True,,
PINKHASOV & ASSOCIATES PLLC,126 3RD ST,MINEOLA,NY,11501,40.7405239,-73.6354951,True,manual,verified
PINKHASOV & ASSOCIATES PLLC,260 MADISON AVE,NEW YORK,NY,10016,40.750754,-73.9812427,False,manual,verified
PINNACLE,1 PENN PLAZA STE 4000,NEW YORK,NY,10119,40.7510985,-73.9919723,True,ai,grounded
PINNACLE CAPITAL MANAGEMENT,3600 GAYLORD PKWY STE 200,FRISCO,TX,75034,33.1019692,-96.8249236,True,ai,uncorroborated
PINNACLE COMMUNITIES,9100 S DADELAND BLVD STE 700,MIAMI,FL,33156,25.6851049,-80.3146034,True,ai,grounded
PINNACLE HOODS,,,,,,,True,,
PINTEREST,651 BRANNAN ST,SAN FRANCISCO,CA,94107,37.7757081,-122.3996961,True,ai,corroborated
PIONEER,,,,,,,True,,
PIONEER NATURAL RESOURCES COMPANY,5205 N O'CONNOR BLVD,IRVING,TX,75039,32.8697645,-96.9394928,True,manual,verified
PIONEER SECURITY SERVICES INC,991 LOMAS SANTA FE DR STE C415,SOLANA BEACH,CA,92075,32.9954524,-117.2519436,True,ai,grounded
PIPELINE REALTY,,,,,,,True,,
PIRINATE CONSULTING GROUP,,,,,,,True,,
PISMO BEACH ATHLETIC CLUB,861 MATTIE RD,PISMO BEACH,CA,93449,35.1505501,-120.6546814,True,ai,corroborated
PISON TECHNOLOGY,,,,,,,True,,
PITCO FOODS,670 N COMMERCIAL ST,NEWBERG,OR,97132,45.324219,-122.98733,True,ai,uncorroborated
PITTSBURGH PUBLIC SCHOOLS,341 S BELLEFIELD AVE,PITTSBURGH,PA,15213,40.4445898,-79.9508107,True,ai,corroborated
PIVO INC,,,,,,,True,,
PIVOT POINT CAPITAL,600 MADISON AVE 11TH FLOOR,NEW YORK,NY,10022,40.7629242,-73.9724077,True,ai,uncorroborated
PIVOTSP,,,,,,,True,,
PJ DICK,1000 STERLING PKWY STE 200,MOON TOWNSHIP,PA,15108,40.4937372,-80.2002864,True,ai,corroborated
PJCC,,,,,,,True,,
PJT PARTNERS,280 PARK AVE 16TH FLOOR,NEW YORK,NY,10017,40.756002487984,-73.974925660664,True,ai,grounded
PJT PARTNERS,101 CALIFORNIA ST STE 3200,SAN FRANCISCO,CA,94111,37.793440649988,-122.39766681778,False,ai,grounded
PKF O'CONNOR DAVIES LLP,2 PARK PLAZA STE 900,IRVINE,CA,92614,33.6794312,-117.838271,True,ai,uncorroborated
PKFOD,,,,,,,True,,
PLANNED ENERGY PARTNERS,2201 N LAMAR BLVD STE 200,AUSTIN,TX,78756,30.2859498,-97.7528354,True,ai,corroborated
PLANNING ALLIANCE,4040 SORRENTO VALLEY BLVD STE 200,SAN DIEGO,CA,92121,32.9034867,-117.2197814,True,ai,uncorroborated
PLANO PLASTIC SURGERY,5400 W PARKER RD STE 430,PLANO,TX,75093,33.0422042,-96.7934987,True,ai,corroborated
PLANT OPERATOR,,,,,,,True,,
PLANTE MORAN,10 S RIVERSIDE PLAZA STE 1800,CHICAGO,IL,60606,41.8810905,-87.639091,True,ai,uncorroborated
PLANTGISTIX,15105 NW GREENBRIER PKWY STE 105,BEAVERTON,OR,97006,45.5261914,-122.8396246,True,ai,uncorroborated
PLASTIC PACKAGING,,,,,,,True,,
PLASTIC SURGERY GROUP,,,,,,,True,,
PLASTIC SURGERY GROUP OF MEMPHIS,1165 UNION AVE,MEMPHIS,TN,38104,35.1373322,-90.0224258,True,ai,corroborated
PLATAFORMA GROUP,,,,,,,True,,
PLATFORM MANAGEMENT GROUP,,,,,,,True,,
PLATINUM COMMERCE,,,,,,,True,,
PLATINUM DERMATOLOGY,9900 N CENTRAL EXPY STE 500,DALLAS,TX,75231,32.88314,-96.769122,True,ai,grounded
PLATINUM EQUITY,360 N CRESCENT DR STE 200,BEVERLY HILLS,CA,90210,34.0708028,-118.3992352,True,ai,grounded
PLATINUM HC,,,,,,,True,,
PLATINUM MILE,,,,,,,True,,
PLAY TO ACHIEVE,,,,,,,True,,
PLAYHOUSE SQ.REAL ESTATE SERVICES,1501 EUCLID AVE STE 200,CLEVELAND,OH,44115,41.5014856,-81.6815074,True,ai,corroborated
PLAYON! SPORTS,2990 BRANDYWINE RD STE 300,ATLANTA,GA,30341,33.888505,-84.289532,True,ai,grounded
PLEXI,,,,,,,True,,
PLS FINANCIAL SERVICES,1 S WACKER DR 36TH FLOOR,CHICAGO,IL,60606,41.8815863,-87.636141,True,ai,grounded
PLT,,,,,,,True,,
PLYMOUTH BEEF,355 FOOD CENTER DR,BRONX,NY,10474,40.8105369,-73.8738888,True,manual,verified
PLYMOUTH GROUP,,,,,,,True,,
PM PEDIATRIC CARE,,,,,,,True,,
PM PEDIATRICS,,,,,,,True,,
PM SEGAL & CO,100 JERICHO QUADRANGLE STE 200,JERICHO,NY,11753,40.789721,-73.541036,True,ai,uncorroborated
PMB,,,,,,,True,,
PMG,,,,,,,True,,
PML,,,,,,,True,,
PMP,,,,,,,True,,
PNC,ONE PNC PLAZA 249 FIFTH AVE,PITTSBURGH,PA,15222,40.441044203869,-80.001027907283,True,ai,uncorroborated
PNC ARENA,1400 EDWARDS MILL RD,RALEIGH,NC,27607,35.803398,-78.7219166,True,ai,corroborated
POB SCHOOLS,,,,,,,True,,
POCKER FRAMING,,,,,,,True,,
PODHURST ORSECK,,,,,,,True,,
POGODA MANAGEMENT CO,30301 NORTHWESTERN HWY STE 400,FARMINGTON HILLS,MI,48334,42.5091045,-83.3239397,True,manual,verified
POH,,,,,,,True,,
POINT ENERGY SOLUTIONS,175 STRAFFORD AVE SUITE ONE,WAYNE,PA,19087,40.045709351273,-75.398509519868,True,ai,grounded
POINT ENERGY SOLUTIONS,10000 LINCOLN DR STE 201,MARLTON,NJ,08053,39.910931517543,-74.938588000805,False,ai,grounded
POKERGO,6365 MONTESSOURI ST,LAS VEGAS,NV,89113,36.1404295,-115.2474218,True,ai,grounded
POLACHECKS JEWELERS,,,,,,,True,,
POLAR GRAPHICS U.S.A,700 S SERVICE RD,CHESTERTON,IN,46304,41.614501,-87.050374,True,ai,uncorroborated
POLAR OPERATIONS,,,,,,,True,,
POLARIS HEALTH CARE SERVICES,7399 E 88TH ST,INDIANAPOLIS,IN,46256,39.9161425,-86.029985,True,ai,uncorroborated
POLARIS REAL ESTATE PARTNERS,1388 SUTTER ST #1220,SAN FRANCISCO,CA,94109,37.7874671,-122.4230534,True,ai,grounded
POLITICAL BRANDING ASSOCIATES,6600 COLLEGE BLVD STE 310,OVERLAND PARK,KS,66211,38.9275785,-94.6615162,True,ai,grounded
POLSINELLI,900 W 48TH PL STE 900,KANSAS CITY,MO,64112,39.0401487,-94.5980394,True,ai,grounded
POMEGRANATE,527 LAGONDA AVE,LEXINGTON,KY,40505,38.0383549,-84.4683573,True,manual,verified
POMERANTZ LLP,600 THIRD AVE 20TH FLOOR,NEW YORK,NY,10016,40.748937627569,-73.975865528557,True,ai,corroborated
POMEROY LIVING,5480 CORPORATE DR,TROY,MI,48098,42.5985597,-83.1695551,True,ai,grounded
POOLS OF PERFECTION,,,,,,,True,,
POPLAR REALTY INVESTMENTS,500 W 2ND ST,CLARKSBURG,WV,26301,39.286434,-80.372691,True,ai,uncorroborated
POPPACK LLC,301 JUNIPERO SERRA BLVD STE 220,SAN FRANCISCO,CA,94127,37.7304451,-122.4713953,True,ai,grounded
PORKY PRODUCTS,,,,,,,True,,
PORTAGE ADVISORS,10 E 53RD ST 18TH FLOOR,NEW YORK,NY,10022,40.7597879,-73.9752965,True,ai,corroborated
PORTAGE PARTNERS,10 E 53RD ST 18TH FLOOR,NEW YORK,NY,10022,40.7597879,-73.9752965,True,ai,grounded
PORTAGE POINT PARTNERS,300 N LASALLE DR STE 1420,CHICAGO,IL,60654,41.8883781,-87.6327515,True,ai,grounded
PORTAGE TECHNOLOGIES,10 E 53RD ST 18TH FLOOR,NEW YORK,NY,10022,40.7597879,-73.9752965,True,ai,grounded
PORTER WRIGHT LLP,41 S HIGH ST STE 2800,COLUMBUS,OH,43215,39.9611747,-83.0010939,True,ai,uncorroborated
PORTES LLP,750 B ST STE 3300,SAN DIEGO,CA,92101,32.7179729,-117.157883,True,ai,uncorroborated
PORTLAND COMMUNITY COLLEGE,12000 SW 49TH AVE,PORTLAND,OR,97219,45.44128,-122.734043,True,ai,corroborated
PORTLAND PUBLIC SCHOOLS,,,,,,,True,,
PORTLAND STATE UNIVERSITY,1825 SW BROADWAY,PORTLAND,OR,97201,45.5118184,-122.6842973,True,ai,corroborated
PORTMAN,,,,,,,True,,
PORTNOY & STENMARK LLP,1230 17TH ST,DENVER,CO,80202,39.7496439,-104.9957205,True,ai,uncorroborated
"PORTSMOUTH, NH SCHOOL DEPARTMENT",50 ANDREW JARVIS DR,PORTSMOUTH,NH,03801,43.0585112,-70.7648783,True,ai,corroborated
POSIGEN SOLAR,2000 K ST NW STE 760,WASHINGTON,DC,20006,38.902443,-77.045055,True,ai,uncorroborated
POST CAPITAL PARTNERS,665 THIRD AVE 35TH FLOOR,NEW YORK,NY,10017,40.750614442761,-73.974475502214,True,ai,corroborated
POST ROAD,68 POST RD W,WESTPORT,CT,06880,41.1384931,-73.3662378,True,ai,uncorroborated
POST TRAUMATIC STRESS CENTER,,,,,,,True,,
POSTERMEDIA / W INTERNATIONAL,,,,,,,True,,
POTOMAC LAW GROUP PLLC,888 17TH ST NW STE 900,WASHINGTON,DC,20006,38.9011057,-77.0398886,True,ai,uncorroborated
POVERNI SHEIKH GROUP,,,,,,,True,,
POWER CONNECTOR INC,,,,,,,True,,
POWER UP CONNECT LLC,,,,,,,True,,
POWERREVIEWS,33 W MONROE ST STE 1500,CHICAGO,IL,60603,41.8802657,-87.6288269,True,ai,corroborated
"POZMANTIER, WILLIAMS & STONE INSURANC",,,,,,,True,,
PPI,,,,,,,True,,
PPLA,,,,,,,True,,
PR RESTAURANTS,1 SPEEN ST STE 205,FRAMINGHAM,MA,01701,42.3114564,-71.3909299,True,ai,grounded
PR RESTAURANTS,115 STUART ST,BOSTON,MA,02116,42.351163708077,-71.065606489041,False,ai,grounded
PR RESTAURANTS,1241 CENTRE ST,NEWTON CENTER,MA,02459,42.330965215753,-71.194782713169,False,ai,grounded
PRA,13 E 37TH ST,NEW YORK,NY,10016,40.7496672,-73.9813477,True,ai,uncorroborated
PRADO GROUP,,,,,,,True,,
PRAGER METIS,750 LEXINGTON AVE,NEW YORK,NY,10022,40.7625148,-73.9685564,True,ai,uncorroborated
PRAGERU,3701 W MAGNOLIA BLVD STE 120,BURBANK,CA,91505,34.167897,-118.347148,True,ai,corroborated
PRECIGEN,4030 UNIVERSITY DR,FAIRFAX,VA,22030,38.8456838,-77.3055059,True,ai,uncorroborated
PRECISEMDX,,,,,,,True,,
PRECISION CAPITAL,,,,,,,True,,
PRECISION CASTPARTS,4100 ARROWSMITH LN,PORTLAND,OR,97244,45.5202471,-122.674194,True,ai,corroborated
PRECISION IR,,,,,,,True,,
PRECISION ORTHOPEDICS,2155 SAWTELLE BLVD STE 200,LOS ANGELES,CA,90025,34.0387661,-118.4418814,True,ai,uncorroborated
PRECISION TASK GROUP,9801 WESTHEIMER RD STE 803,HOUSTON,TX,77042,29.7364916,-95.541717,True,ai,grounded
PREDICTIVE SERVICES,1000 TOWN CENTER DR,SOUTHFIELD,MI,48075,42.461778,-83.229942,True,ai,uncorroborated
PREF,,,,,,,True,,
PREFERRED LEGAL PLAN,,,,,,,True,,
PREFERRED REAL ESTATE FUNDS LLC,3110 FAIRVIEW PARK DR STE 600,FALLS CHURCH,VA,22042,38.8629032,-77.2171072,True,ai,uncorroborated
PREMIER DENTAL,,,,,,,True,,
PREMIER DENTAL PRODUCTS COMPANY,1710 ROMANO DR,PLYMOUTH MEETING,PA,19462,40.115345,-75.28199,True,ai,grounded
PREMIER EQUITIES,,,,,,,True,,
PREMIER LANDSCAPING,,,,,,,True,,
PREMIER MEDICAL ALLIANCE,,,,,,,True,,
PREMIER MEDICAL GROUP OF THE HUDSON VALLEY,1 COLUMBIA ST,POUGHKEEPSIE,NY,12601,41.6950405,-73.9358204,True,manual,verified
PREMIER METAL,,,,,,,True,,
PREMIER ORTHOPAEDICS,3805 W CHESTER PIKE,NEWTOWN SQUARE,PA,19073,39.986328,-75.4091519,True,ai,corroborated
PREMIER PAINT ROLLER,11200 METRO PKWY STE 200,FORT MYERS,FL,33966,26.5941722,-81.8504335,True,ai,uncorroborated
PREMIER PLUS REALTY,,,,,,,True,,
PREMIER REALTY MICHIGAN LLC,,TROY,MI,48084,,,True,manual,verified
PREMIUM PROPERTIES,,,,,,,True,,
PRENGLER PRODUCTS,3100 W 76TH ST,BLOOMINGTON,MN,55435,44.873981,-93.335255,True,ai,uncorroborated
PRESCIENT MEDICAL,5177 MENDENHALL OAKS PKWY STE 101,HIGH POINT,NC,27265,36.0471327,-79.9579882,True,ai,uncorroborated
PRESIDENT HSO US,,,,,,,True,,
PRESTIGE CAPITAL,,,,,,,True,,
PRESTIGE ECONOMICS,,,,,,,True,,
PRICE BENOWITZ,409 7TH ST NW,WASHINGTON,DC,20004,38.8950098,-77.021806,True,ai,grounded
PRICE CONSTRUCTION,495 ROUTE 304,NEW CITY,NY,10956,41.1772786,-73.9590914,True,ai,grounded
PRICE REALTY,,,,,,,True,,
PRICE WATERHOUSE,300 MADISON AVE,NEW YORK,NY,10017,40.7526831,-73.9800764,True,ai,uncorroborated
PRICEMDS,19321 US HWY 19 N BUILDING C - STE 509,CLEARWATER,FL,33764,27.937207,-82.740585,True,ai,grounded
PRIDE FAMILY BRANDS,,,,,,,True,,
PRIMA WASTE,1090 ENTERPRISE WAY STE 160,SALIDA,CA,95368,37.713269,-121.085404,True,ai,corroborated
PRIMAL ELEMENTS,,,,,,,True,,
PRIMARY ARMS LLC,200 S LAMAR BLVD STE 1000,AUSTIN,TX,78704,30.264487,-97.757272,True,ai,corroborated
PRIMARY SYSTEMS INC,,,,,,,True,,
PRIME CAPITAL,,,,,,,True,,
PRIME HEALTH STAFFING,,,,,,,True,,
PRIME MANAGED TECHNOLOGY SOLUTIONS,,,,,,,True,,
PRIME POLICY GROUP,1875 CONNECTICUT AVE NW STE 700,WASHINGTON,DC,20009,38.9155756,-77.0452914,True,ai,grounded
PRIME PROPERTY,,,,,,,True,,
PRIMETIME PARTNERS,,,,,,,True,,
PRIMUS CONSULTING,8000 TOWERS CRESCENT DR,VIENNA,VA,22182,38.938421,-77.27552,True,ai,grounded
PRINCE & IZANT COMPANY,25 MARKET ST,KENILWORTH,NJ,07033,40.6775129,-74.283397,True,ai,uncorroborated
PRINCE CHEMICAL,PO BOX 672077,MARIETTA,GA,30006,33.9853034,-84.5313612,True,ai,grounded
PRINCE LOBEL TYE,100 CAMBRIDGE ST 22ND FLOOR,BOSTON,MA,02114,42.360981,-71.0626238,True,ai,corroborated
PRINCETON ENTERPRISES,,,,,,,True,,
PRINCETON FAMILY OFFICE,2 PRINCESS RD STE 2H,LAWRENCEVILLE,NJ,08540,40.364728,-74.656314,True,ai,grounded
PRINCETON ORAL & MAXILLOFACIAL SURGERY,166 BUNN DR STE 103,PRINCETON,NJ,08540,40.3719699,-74.6567657,True,manual,verified
PRINCETON PULMONARY GROUP,101 GROVERS MILL RD BUILDING 7 STE 200,PRINCETON,NJ,08540,40.364728,-74.656314,True,ai,uncorroborated
PRINCETON UNIVERSITY,PRINCETON UNIVERSITY 1 NASSAU HALL,PRINCETON,NJ,08544,40.346492,-74.657848,True,ai,corroborated
PRINCIPAL FINANCIAL GROUP,711 HIGH ST,DES MOINES,IA,50392,41.5886671,-93.6276408,True,ai,corroborated
PRINT NEW YORK,,,,,,,True,,
PRIORITY WIRE AND CABLE,4000 W PETERSON AVE,CHICAGO,IL,60646,41.9905123,-87.7292705,True,ai,uncorroborated
PRISM REAL ESTATE SERVICES LLC,8826 SANTA FE DR STE 300,OVERLAND PARK,KS,66212,38.972515,-94.6889228,True,ai,grounded
PRIVATE DAY SCHOOL,,,,,,,True,,
PRIVATE PSYCHOTHERAPY PRACTICE,,,,,,,True,,
PRIVATE RISK,,,,,,,True,,
PRIVATE WEALTH PARTNERS,55 MONUMENT CIR STE 350,INDIANAPOLIS,IN,46204,39.7681823,-86.15708,True,ai,uncorroborated
PRIZEPICKS,1055 HOWELL MILL RD NW STE 1400,ATLANTA,GA,30318,33.783342,-84.4114228,True,ai,grounded
PRIZMAH: CENTER FOR JEWISH DAY SCHOOLS,1 UNION SQ WEST FL 9,NEW YORK,NY,10003,40.7366941,-73.9900361,True,ai,corroborated
PRN FUNDING LLC,25101 CHAGRIN BLVD STE 250,BEACHWOOD,OH,44122,41.4645311,-81.5009784,True,ai,grounded
PRO CHEM,,,,,,,True,,
PRO ISRAEL,,,,,,,True,,
PRO-ISRAEL AMERICA,1776 K ST NW STE 900,WASHINGTON,DC,20006,38.9024421,-77.0406448,True,ai,corroborated
PROBASCO SINGER BAYNE,333 W WACKER DR STE 1900,CHICAGO,IL,60606,41.886173,-87.6358607,True,ai,uncorroborated
PROCEL LAW PC,3600 AMERICAS PKWY NE STE 400,ALBUQUERQUE,NM,87110,35.1040139,-106.571777,True,ai,uncorroborated
PROCOPIO,525 B ST STE 2200,SAN DIEGO,CA,92101,32.71752,-117.159724,True,ai,corroborated
PROCORE,6309 CARPINTERIA AVE STE 100,CARPINTERIA,CA,93013,34.38366,-119.491515,True,ai,grounded
PROCTER & GAMBLE,1 PROCTER & GAMBLE PLAZA,CINCINNATI,OH,45202,39.10304,-84.5075818,True,ai,corroborated
PROCURE ANALYTICS,,,,,,,True,,
PRODEW,,,,,,,True,,
PRODUCTION RESOURCE GROUP,539 TEMPLE HILL RD,NEW WINDSOR,NY,12553,41.4826196,-74.0697183,True,manual,verified
PROFAB ELECTRONICS,950 S PINE ISLAND RD STE 201,PLANTATION,FL,33324,26.108803,-80.2602771,True,ai,corroborated
PROFESSIONAL GROUP PLANS,225 WIRELESS BLVD STE 200,HAUPPAUGE,NY,11788,40.8137605,-73.2679635,True,ai,grounded
PROFESSIONAL RADIOLOGY,1010 BONIFANT ST STE 103,SILVER SPRING,MD,20910,38.9933175,-77.0270938,True,ai,uncorroborated
PROFESSIONAL SOFTWARE CONSORTIUM,,,,,,,True,,
PROFESSIONAL VISION,,,,,,,True,,
PROFESSOR COMP SCIEN,,,,,,,True,,
PROFICIO CAPITAL PARTNERS,300 WASHINGTON ST STE 951,NEWTON,MA,02458,42.356064468085,-71.188068765597,True,ai,grounded
PROFICIO CAPITAL PARTNERS,3350 VIRGINIA ST 2ND FLOOR STE 281,MIAMI,FL,33133,25.728991687892,-80.2415741966,False,ai,grounded
PROGRESS RESIDENTIAL,7500 N DOBSON RD STE 300,SCOTTSDALE,AZ,85256,33.5457079,-111.8759679,True,ai,grounded
PROGRESSIVE,6300 WILSON MILLS RD,MAYFIELD VILLAGE,OH,44143,41.5418523,-81.4260742,True,ai,corroborated
PROGRESSIVE METAL MANUFACTURING,,,,,,,True,,
PROGRESSIVE PUBLICATIONS,370 TECHNOLOGY DR,MALVERN,PA,19355,40.045497,-75.527903,True,manual,verified
PROHEALTH,177 S ST,MORRIS PLAINS,NJ,07950,40.846026,-74.482314,True,ai,uncorroborated
PROHEALTH PROFESSIONAL SERVICES,500 E COLORADO ST STE 100,GLENDALE,CA,91205,34.1423873,-118.2500905,True,ai,grounded
PROJECT DESIGN,,,,,,,True,,
PROJECT WITNESS,,,,,,,True,,
PROLECTO RESOURCES,,,,,,,True,,
PROLEXYS PHARMACEUTICALS,1201 W UNIVERSITY AVE STE 200,GAINESVILLE,FL,32601,29.651975,-82.337264,True,ai,uncorroborated
PROLIFIC ELECTRONICS LLC,2297 WORTHING LN,LOS ANGELES,CA,90077,34.112684,-118.4740876,True,manual,verified
PROMEDICA,1550 PROVIDENCE AVE,TOLEDO,OH,43616,41.658372,-83.408909,True,ai,corroborated
PROMINENT EDGE,,,,,,,True,,
PROMO PARTNERS INC,,,,,,,True,,
PROMONTORY THERAPEUTICS,,,,,,,True,,
PROPAGATE CONTENT,1420 21ST ST NW STE 300,WASHINGTON,DC,20036,38.9093536,-77.0469213,True,ai,uncorroborated
PROPANE POWER CORP,873 DELANCEY ST,NEWARK,NJ,07105,40.707260428917,-74.124000177614,True,manual,verified
PROPERTY MARKETS GROUP,200 PARK AVE S 3RD FLOOR,NEW YORK,NY,10003,40.7368886,-73.9892348,True,ai,corroborated
PROPHET CAPITAL,303 COLORADO ST STE 2050,AUSTIN,TX,78701,30.2659316,-97.7446725,True,manual,verified
PROSKAUER ROSE LLP,ELEVEN TIMES SQ 640 8TH AVE,NEW YORK,NY,10036,40.759792,-73.990685,True,ai,grounded
PROSPECT RIDGE ADVISORS LLC,640 FIFTH AVE 8TH FLOOR,NEW YORK,NY,10019,40.759242624116,-73.976774538968,True,ai,grounded
PROSPER GROUP,,,,,,,True,,
PROTOSTAR PARTNERS,,,,,,,True,,
PROVATION,533 S THIRD ST STE 300,MINNEAPOLIS,MN,55415,44.97760168854,-93.261741002729,True,ai,grounded
PROVENANCE,,,,,,,True,,
PROVIDENCE,111 WESTMINSTER ST,PROVIDENCE,RI,02903,41.824246,-71.410989,True,ai,uncorroborated
PROVIDENCE & WORCESTER RR,ONE RAILROAD AVE,PROVIDENCE,RI,02903,41.8503641,-71.4850583,True,ai,uncorroborated
PROVIDENCE REAL ESTATE,3201 OLD GLENVIEW RD STE 200,WILMETTE,IL,60091,42.065967655505,-87.755633336401,True,manual,verified
PROVIDENT REAL ESTATE,2800 NIAGARA LN N,PLYMOUTH,MN,55447,45.012334,-93.471425,True,manual,verified
PROVIDER PARTNERS HEALTH PLANS,1175 PEACHTREE ST NE STE 1770,ATLANTA,GA,30361,33.7870725,-84.3826274,True,ai,uncorroborated
PRUDENTIAL INSURANCE CO,751 BROAD ST,NEWARK,NJ,07102,40.7368007,-74.1715553,True,ai,corroborated
PRV MANAGEMENT LP,,,,,,,True,,
PSCC,,,,,,,True,,
PSG,400 W FRANKLIN ST STE 300,BALTIMORE,MD,21201,39.2950343,-76.6214177,True,ai,grounded
PSG EQUITY,,,,,,,True,,
PSS,,,,,,,True,,
PSYCHOMETRICS,,,,,,,True,,
PSZJ LAW,700 MILAM ST STE 1300,HOUSTON,TX,77002,29.7604041,-95.3655397,True,ai,uncorroborated
PTC,121 SEAPORT BLVD,BOSTON,MA,02210,42.350204125016,-71.042362181431,True,ai,grounded
PTG,,,,,,,True,,
PUBLIC COMMENT GROUP,,,,,,,True,,
PUBLIC COMMUNICATORS GROUP,,,,,,,True,,
PUBLIC HOLDINGS INC,29 E MADISON ST STE 700,CHICAGO,IL,60602,41.8818695,-87.6266183,True,ai,uncorroborated
PUBLIC TRANSIT,,,,,,,True,,
PUBLISHERS CLEARING HOUSE,101 PARK AVE,NEW YORK,NY,10178,40.7508308,-73.9776118,True,ai,corroborated
PUBLIX,3300 PUBLIX CORPORATE PKWY,LAKELAND,FL,33811,28.004895,-82.0116997,True,ai,corroborated
PUERTO RICO PHARMACEUTICAL,,,,,,,True,,
PULITZER/BOGARD & ASSOCIATES,,,,,,,True,,
PULL-A-PART,4473 TILLY MILL RD,DORAVILLE,GA,30360,33.9259846,-84.2827091,True,manual,verified
PULLMAN & COMLEY,850 MAIN ST,BRIDGEPORT,CT,06604,41.1762726,-73.1878564,True,ai,corroborated
"PULMAN, CAPPUCCIO & PULLEN LLP",2161 NW MILITARY HWY STE 400,SAN ANTONIO,TX,78213,29.5423117,-98.5282773,True,ai,corroborated
PULMONARY INTERNISTS,,,,,,,True,,
PULMONARY PHYSICIANS OF SOUTH FLORIDA,8200 NW 41ST ST STE 300,DORAL,FL,33166,25.8110995,-80.3306054,True,ai,corroborated
PUMA VENTURE CAPITAL,,,,,,,True,,
PURINA,1 CHECKERBOARD SQ,SAINT LOUIS,MO,63164,38.6254063,-90.190009,True,ai,corroborated
PURPLE STRATEGIES,1300 I ST NW STE 400E,WASHINGTON,DC,20005,38.901248,-77.029782,True,ai,uncorroborated
PVH,200 MADISON AVE,NEW YORK,NY,10016,40.7488842,-73.9827037,True,ai,corroborated
PW,,,,,,,True,,
PWC,300 MADISON AVE,NEW YORK,NY,10017,40.7526831,-73.9800764,True,ai,corroborated
PWH,,,,,,,True,,
PWRFL,,,,,,,True,,
PZENA INVESTMENT MANAGEMENT,320 PARK AVE 8TH FLOOR,NEW YORK,NY,10022,40.75857,-73.96793,True,ai,grounded
PZENA INVESTMENT MANAGEMENT,830 THIRD AVE 14TH FLOOR,NEW YORK,NY,10022,40.756255952583,-73.970541640247,False,ai,grounded
QACC,,,,,,,True,,
QBE FIRST,399 PARK AVE,NEW YORK,NY,10022,40.7589833,-73.9714789,True,ai,uncorroborated
QDAT CAPITAL,,,,,,,True,,
QFS ASSET MANAGEMENT,10 GLENVILLE ST,GREENWICH,CT,06831,41.0387052,-73.6659521,True,manual,verified
QIAGEN,2400 ROUTE 10,GLEN ROCK,NJ,07452,40.959471,-74.125202,True,ai,uncorroborated
QIOSK.COM,,,,,,,True,,
QTRADE HOLDINGS,2001 MARKET ST,PHILADELPHIA,PA,19103,39.953671,-75.173318,True,ai,uncorroborated
QUAD PROPERTY GROUP,224 W 30TH ST STE 206,NEW YORK,NY,10001,40.7489522,-73.9938318,True,ai,grounded
QUADRANT CAPITAL ADVISORS INC,499 PARK AVE 24TH FLOOR,NEW YORK,NY,10022,40.7625806,-73.9697327,True,manual,verified
QUADRANT STRATEGIES,4201 CONNECTICUT AVE NW STE 405,WASHINGTON,DC,20008,38.9434213,-77.0626986,True,manual,verified
QUADRUM CAPITAL US CORP,,,,,,,True,,
QUALCOMM,5775 MOREHOUSE DR,SAN DIEGO,CA,92121,32.8959414,-117.1958195,True,ai,corroborated
QUALIFIED,,,,,,,True,,
QUALITY INSURANCE CONCEPTS INC,1100 E WARRENVILLE RD #100,NAPERVILLE,IL,60563,41.8110307,-88.1466967,True,ai,uncorroborated
QUALITY METALS INC,2575 DOSWELL AVE,SAINT PAUL,MN,55108,44.98128,-93.2057002,True,ai,grounded
QUALITY TIME SOLUTIONS,,,,,,,True,,
QUANTESSENCE,,,,,,,True,,
QUANTUM GEOMETRY LLC,,,,,,,True,,
QUARLES & BRADY LLP,33 E MAIN ST STE 900,MADISON,WI,53703,43.0742312,-89.3819531,True,ai,grounded
QUARTER INDUSTRIES,1440 BROADWAY,NEW YORK,NY,10018,40.7543613,-73.9864624,True,ai,uncorroborated
QUARTZY,548 MARKET ST FL 2,SAN FRANCISCO,CA,94104,37.7899932,-122.4008494,True,ai,corroborated
QUEENS COLLEGE,65-30 KISSENA BLVD,FLUSHING,NY,11367,40.7564055,-73.8258451,True,ai,corroborated
QUEST DIAGNOSTICS,500 PLAZA DR,SECAUCUS,NJ,07094,40.7876419,-74.0432454,True,ai,grounded
QUEST HOLDINGS,400 RED BROOK BLVD STE 120,OWINGS MILLS,MD,21117,39.4130611,-76.8063304,True,manual,verified
QUINN EMANUEL URQUHART & SULLIVAN LLP,50 CALIFORNIA ST 22ND FLOOR,SAN FRANCISCO,CA,94111,37.7940648,-122.3973798,True,ai,grounded
QUINSTREET,222 SUTTER ST 8TH FLOOR,SAN FRANCISCO,CA,94108,37.7900125,-122.4045122,True,ai,uncorroborated
R & R MARKETING,,,,,,,True,,
R ZELL HIGH SCHOOL,,,,,,,True,,
R&H MOTOR CARS,,,,,,,True,,
R-GIN ADVISORY SERVICES,,,,,,,True,,
R-PAC INTERNATIONAL CORP,,,,,,,True,,
R. B. SABN FOUNDATION,,,,,,,True,,
R. MCCONNELL GROUP PLLC,,,,,,,True,,
R.A. COHEN & ASSOCIATES INC,250 PARK AVE STE 1901,NEW YORK,NY,10177,40.7551562,-73.9758746,True,ai,grounded
R.E.M TRANSPORTATION,,,,,,,True,,
R.F. LAFFERTY,300 CRESCENT CT #700,FRANKLIN,TN,37067,35.912204,-86.768843,True,ai,uncorroborated
RA ZWEIG INC,,,,,,,True,,
RABBINICAL COUNCIL CA,3780 WILSHIRE BLVD STE 420,LOS ANGELES,CA,90010,34.0612702,-118.3085647,True,ai,grounded
RABIN BROS,,,,,,,True,,
RABIN WORLDWIDE,21 LOCUST AVE STE 2A,MILL VALLEY,CA,94941,37.898745,-122.537186,True,ai,grounded
RABINA PROPERTIES,260 MADISON AVE #906,NEW YORK,NY,10016,40.750754,-73.9812427,True,ai,corroborated
RACE STREET MANAGEMENT,,,,,,,True,,
RACHELLE REINSTEIN,,,,,,,True,,
RAD ASSOCIATES HLYWD,,,,,,,True,,
RAD FUND,,,,,,,True,,
RADIAL ENTERTAINMENT,1500 BROADWAY,NEW YORK,NY,10036,40.7568024,-73.985668,True,ai,corroborated
RADIAN GROUP,900 CIR 75 PKWY SE STE 1700,ATLANTA,GA,30339,33.8877686,-84.4673228,True,ai,uncorroborated
RADIANT INC,,,,,,,True,,
RADIANT PROPERTY MANAGEMENT,,,,,,,True,,
RADIOLOGIC IMAGING CONSULTANTS,,,,,,,True,,
RADIOLOGY AND IMAGING INC,,,,,,,True,,
RADIOLOGY ASSOCIATES INC,,,,,,,True,,
RADIOLOGY ASSOCIATES OF CLEARWATER,300 BELLEAIR RD STE 208,CLEARWATER,FL,33756,27.9389388,-82.7928448,True,ai,corroborated
RADIOLOGY ASSOCIATES OF HOLLYWOOD,3000 WASHINGTON ST STE 410,HOLLYWOOD,FL,33021,26.0028453,-80.189031,True,ai,corroborated
RADIOLOGY ASSOCIATES OF THE MAIN LINE PC,,,,,,,True,,
RADIOLOGY IMAGING ASSOCIATES,1101 W PROVIDENT AVE STE 300,TAMPA,FL,33606,27.944035,-82.473954,True,ai,uncorroborated
RADIOLOGY PARTNERS,12554 RIATA VISTA CIR,AUSTIN,TX,78727,30.4309371,-97.7385604,True,ai,grounded
RADIOLOGY REGIONAL CENTER,,,,,,,True,,
RADIUS RECYCLING,222 SW COLUMBIA ST STE 1150,PORTLAND,OR,97201,45.5131394,-122.6777255,True,ai,grounded
RADNET,1301 DOVE ST STE 310,NEWPORT BEACH,CA,92660,33.6621366,-117.8666546,True,ai,corroborated
RADNOR TOWNSHIP SCHOOL DISTRICT,135 W WAYNE AVE,WAYNE,PA,19087,40.0426142,-75.3907806,True,ai,corroborated
RAE KUSHNER YESHIVA HS,110 S ORANGE AVE,SHORT HILLS,NJ,07078,40.7529601,-74.2961959,True,ai,corroborated
RAE MANAGEMENT COMPANY INC,,,,,,,True,,
RAH,,,,,,,True,,
RAHWAY PATHOLOGY,,,,,,,True,,
RAIN MANAGEMENT GROUP,11162 LA GRANGE AVE,LOS ANGELES,CA,90025,34.0422778,-118.4413494,True,manual,verified
RAINBOW 18,,,,,,,True,,
RAINEN COMPANIES,215 W PERSHING RD STE 1010,KANSAS CITY,MO,64108,39.0832209,-94.5869217,True,ai,grounded
RAINES,,,,,,,True,,
RAINES FELDMAN LITTRELL LLP,1900 AVE OF THE STARS 19TH FLOOR,LOS ANGELES,CA,90067,34.0599711,-118.4169732,True,ai,grounded
RAINIER SECURITIES,701 5TH AVE STE 6400,SEATTLE,WA,98104,47.6045429,-122.3307181,True,ai,corroborated
RAIZNER SLANIA LLP,3102 OAK LAWN AVE STE 500,DALLAS,TX,75219,32.809101,-96.8083705,True,ai,corroborated
RALES FOUNDATION,,,,,,,True,,
RAM CATERERS,,,,,,,True,,
RAM ROOFING,,,,,,,True,,
RAMAPO COLLEGE OF NEW JERSEY,505 RAMAPO VALLEY RD,MAHWAH,NJ,07430,41.0822446,-74.1738235,True,ai,corroborated
RAMAPO RADIOLOGY,,,,,,,True,,
RAMAX SEARCH INC,1250 BROADWAY 36TH FLOOR,NEW YORK,NY,10001,40.747666,-73.9878545,True,manual,verified
RAMAZ,160 E 78TH ST,NEW YORK,NY,10075,40.7738963,-73.9589297,True,ai,grounded
RAMAZ SCHOOL,160 W 97TH ST,NEW YORK,NY,10025,40.7941727,-73.9690253,True,ai,corroborated
RAMBLESIDE,,,,,,,True,,
RAMIREZ & CO,,,,,,,True,,
RAMMA CONSULTING INC,,,,,,,True,,
RAMS,ONE RAMS PLAZA,LOS ANGELES,CA,90015,34.039309,-118.266255,True,ai,uncorroborated
RANCHO SAHUARITA MANAGEMENT COMPANY,2971 W FRYE RD STE 1,CHANDLER,AZ,85224,33.298693,-111.8741188,True,ai,corroborated
RAND CORPORATION,1776 MAIN ST,SANTA MONICA,CA,90401,34.0095671,-118.4907088,True,ai,corroborated
RANDI SCHWARTZ WELLNESS,,,,,,,True,,
RANDOLPH LAW,,,,,,,True,,
RANGE MEDIA PARTNERS,2425 MICHIGAN AVE,SANTA MONICA,CA,90404,34.0266298,-118.4690329,True,ai,grounded
RANGER CAPITAL MANAGEMENT,1850 2ND ST STE 201,HIGHLAND PARK,IL,60035,42.186215534424,-87.801645506831,True,ai,grounded
RANGER GLOBAL ADVISORS LLC,9465 WILSHIRE BLVD,BEVERLY HILLS,CA,90212,34.0671436,-118.3993984,True,ai,grounded
RANGEWATER REAL ESTATE,4490 BROADMOOR SE STE 150,GRAND RAPIDS,MI,49512,42.880121,-85.553203,True,ai,uncorroborated
RANK CONSULTING SERVICES,,,,,,,True,,
RANKAUF CORPORATION,,,,,,,True,,
RAPHAELS PARTY RENTALS,18150 S FIGUEROA ST,GARDENA,CA,90248,33.8657056,-118.2811649,True,ai,uncorroborated
RAPPAPORT MANAGEMENT COMPANY,,,,,,,True,,
RAPPAPORT REICHES CAPITAL MANAGEMENT,,,,,,,True,,
RAPTOR SYSTEMS,1301 SOLANA BLVD STE 700,WESTLAKE,TX,76262,32.9787692,-97.1686047,True,ai,uncorroborated
RARE BEAUTY,19901 PACIFIC COAST HWY STE 150,MALIBU,CA,90265,34.0385248,-118.606546,True,ai,corroborated
RASANSKY | MCKENZIE,712 HURON ST,DALLAS,TX,75226,32.783102,-96.776627,True,ai,corroborated
RASF,,,,,,,True,,
RASKAS FOODS,,,,,,,True,,
RATNER STEEL,2500 W COUNTY RD B,ROSEVILLE,MN,55113,45.0200562,-93.2066543,True,ai,grounded
RATNER STEEL SUPPLY CO,3451 S HAMILTON RD,COLUMBUS,OH,43232,39.8986287,-82.8821964,True,ai,uncorroborated
RAVID LAW GROUP,77 CENTRAL ST,SUFFERN,NY,10901,41.155398,-74.129008,True,ai,uncorroborated
RAVITZ FAMILY MARKETS,,,,,,,True,,
"RAWSON, BLUM & LEON",,,,,,,True,,
RAY CONSTRUCTION,,,,,,,True,,
RAYMOND JAMES,880 CARILLON PKWY,SAINT PETERSBURG,FL,33716,27.8859616,-82.6653253,True,ai,grounded
RAYMOND JAMES FINANCIAL,880 CARILLON PKWY,SAINT PETERSBURG,FL,33716,27.8859616,-82.6653253,True,ai,uncorroborated
RAYMOND LEVY,,,,,,,True,,
RAYMOUR & FLANIGAN,7248 MORGAN RD,LIVERPOOL,NY,13090,43.1221071,-76.2039595,True,ai,grounded
RAYOTMD LTD,,,,,,,True,,
RAYTHEON TECHNOLOGIES,1000 WILSON BLVD,ARLINGTON,VA,22209,38.8941639,-77.069626,True,ai,grounded
RAYVID,,,,,,,True,,
RAZI LAW GROUP,1330 BROADWAY STE 607,OAKLAND,CA,94612,37.8038959,-122.2708083,True,ai,corroborated
RAZOR & TIE ENTERTAINMENT,1633 BROADWAY 15TH FLOOR,NEW YORK,NY,10019,40.762093,-73.9846559,True,ai,corroborated
RAZORFISH,375 HUDSON ST,NEW YORK,NY,10014,40.7284863,-74.0079039,True,ai,grounded
RBB ARCHITECTS,3380 PEACHTREE RD NE STE 1000,ATLANTA,GA,30326,33.8495878,-84.3660684,True,ai,uncorroborated
RBC,200 VESEY ST,NEW YORK,NY,10281,40.7135678,-74.0148836,True,manual,verified
RBD CORPORATION,,,,,,,True,,
RBJH INVESTMENTS LLC,,,,,,,True,,
RBS,,,,,,,True,,
RCA SOLUTIONS,,,,,,,True,,
RCBM,,,,,,,True,,
RCC CONSULTING LLC,,,,,,,True,,
RCCA,,,,,,,True,,
RCG,,,,,,,True,,
RCMPC PC,,,,,,,True,,
RD PRODUCTIONS INC,,,,,,,True,,
RE,,,,,,,True,,
RE/MAX ONE,507 W 13TH ST,WILMINGTON,DE,19801,39.7499294,-75.5501241,True,ai,uncorroborated
READY SET FOOD,,,,,,,True,,
REAGAN WIRELESS CORP,3808 AIRPORT FREEWAY STE 200,BEDFORD,TX,76021,32.8381632,-97.1074798,True,ai,uncorroborated
REAL CONCEPTS,,,,,,,True,,
REAL DEAL DECORATION,,,,,,,True,,
REAL ESTATE INVESTMENT GROUP,,,,,,,True,,
REAL ESTATE SERVICE SOLUTIONS COMPANY LLC,26711 NORTHWESTERN HWY STE 175,SOUTHFIELD,MI,48033,42.459322,-83.293205,True,manual,verified
REALPAGE,2201 LAKESIDE BLVD,RICHARDSON,TX,75082,32.97998,-96.710239,True,ai,corroborated
REALTY EXECUTIVES,8324 E HARTFORD DR STE 100,SCOTTSDALE,AZ,85255,33.6413265,-111.899138,True,ai,grounded
REALTYMARK,2250 TERWOOD DR,HUNTINGDON VALLEY,PA,19006,40.128573,-75.059719,True,ai,grounded
RECHT KORNFELD,1600 STOUT ST STE 1400,DENVER,CO,80202,39.7458307,-104.9925871,True,ai,grounded
RECOGNIZE LP,540 MADISON AVE 2ND FLOOR,NEW YORK,NY,10022,40.760661,-73.9729948,True,manual,verified
RECOM,,SPOKANE,WA,99201,,,True,manual,verified
RECOMMERCE,,,,,,,True,,
RECONSTRUCTIONIST RABBINICAL COLLEGE,212 BLOOMFIELD AVE,BLOOMFIELD,NJ,07003,40.7823209,-74.1916323,True,manual,verified
RECOVERY MANAGEMENT CORPORATION,3236 NOLAND RD,INDEPENDENCE,MO,64055,39.0629642,-94.4148056,True,ai,grounded
RECOVERY UNPLUGGED,101 E KENNEDY BLVD STE 3100,TAMPA,FL,33602,27.947072,-82.45949,True,ai,corroborated
RECURSIVE TECHNOLOGIES INC,1401 4TH AVE STE 2000,SEATTLE,WA,98101,47.609282,-122.335975,True,ai,uncorroborated
RED BANYAN,,,,,,,True,,
RED CHAMBER CO,,,,,,,True,,
RED FOX CAPITAL PARTNERS,1960 QUEENS RD W,CHARLOTTE,NC,28207,35.1822412,-80.8391778,True,ai,grounded
RED HAT,100 E DAVIE ST,RALEIGH,NC,27601,35.7751616,-78.6378566,True,ai,corroborated
RED NUCLEUS,1200 G ST NW STE 800,WASHINGTON,DC,20005,38.89814,-77.0282319,True,ai,uncorroborated
RED SEAL DEVELOPMENT CORP,,,,,,,True,,
RED TOP INVESTORS,,,,,,,True,,
RED VENTURES,1441 MAIN ST STE 400,FORT MILL,SC,29715,35.0075983,-80.944338,True,ai,grounded
REDA HOLDINGS,,,,,,,True,,
REDDS CAPITAL,,,,,,,True,,
REDDY RAW INC,1 ETHEL BLVD,WOOD-RIDGE,NJ,07075,40.841203,-74.080421,True,ai,grounded
REDEFINING MOMENTS,,,,,,,True,,
REDEMPTION BANK,2020 E MURRAY HOLLADAY RD,HOLLADAY,UT,84117,40.665785,-111.833578,True,ai,grounded
REDESIGN HEALTH,1020 O'FARRELL ST 5TH FLOOR,SAN FRANCISCO,CA,94109,37.7847106,-122.4221981,True,ai,uncorroborated
REDI CARPET,10101 FOUNTAINGATE DR,STAFFORD,TX,77477,29.6365187,-95.5625182,True,manual,verified
REDSPEED ILLINOIS LLC,,,,,,,True,,
REDWOOD APARTMENT LIVING,7007 E PLEASANT VALLEY RD,INDEPENDENCE,OH,44131,41.36201,-81.635886,True,ai,grounded
REDWOOD CAPITAL MANAGEMENT,250 W 55TH ST 26TH FLOOR,NEW YORK,NY,10019,40.7649395,-73.9829195,True,ai,grounded
REDWOOD LIVING,10211 JEFFERSON BLVD STE 300,CULVER CITY,CA,90232,34.0112759,-118.3899206,True,ai,uncorroborated
REECENICHOLS REAL ESTATE,7300 S LEWIS AVE STE 600,TULSA,OK,74136,36.0485121,-95.9578922,True,ai,uncorroborated
REED SMITH LLP,225 FIFTH AVE,PITTSBURGH,PA,15222,40.441154022818,-80.001314932407,True,ai,grounded
REEVES COMMUNICATI,,,,,,,True,,
REFLECTION WINDOW COMPANY LLC,3801 E NEW YORK ST,INDIANAPOLIS,IN,46201,39.7717285,-86.1017453,True,ai,uncorroborated
REFRIGIWEAR,54 BREAKSTONE DR,DAHLONEGA,GA,30533,34.570958,-84.013764,True,ai,grounded
REGAL MEDICAL GROUP,,,,,,,True,,
REGATTA USA,275 COOPER AVE STE 116,TONAWANDA,NY,14150,42.9866345,-78.908009,True,manual,verified
REGENCY GROUP,,,,,,,True,,
REGENERON PHARMACEUTICALS,777 OLD SAW MILL RIVER RD,TARRYTOWN,NY,10591,41.0783771,-73.8235844,True,ai,corroborated
REGENESIS PARTNERS,,,,,,,True,,
REGENT PROPERTIES,2001 ROSS AVE STE 4601,DALLAS,TX,75201,32.7876162,-96.7992456,True,manual,verified
REGIONAL CHAMBER OF COMMERCE OF SAN GABRIEL VALLEY,248 E FOOTHILL BLVD STE 100,MONROVIA,CA,91016,34.1513142,-117.9973435,True,manual,verified
REGIONS BANK,1900 5TH AVE N,BIRMINGHAM,AL,35203,33.518068,-86.8089088,True,ai,uncorroborated
REGULUS INTERNATIONAL CAPITAL CORP,,,,,,,True,,
REICH AND TRUAX,707 SUMMER ST,STAMFORD,CT,06901,41.0580616,-73.5394953,True,ai,corroborated
REICH BROTHERS,172 S BROADWAY,WHITE PLAINS,NY,10605,41.0234114,-73.7599309,True,manual,verified
REID MICHAELIS PLLC,,,,,,,True,,
REINGOLD,1321 DUKE ST,ALEXANDRIA,VA,22314,38.8039187,-77.0546841,True,ai,grounded
REINSTEIN ROSS,,,,,,,True,,
RELATED CALIFIRNIA,1000 S FIGUEROA ST STE 2600,LOS ANGELES,CA,90015,34.044596,-118.264181,True,ai,corroborated
RELATIVE VALUE PARTNERS,1033 SKOKIE BLVD STE 470,NORTHBROOK,IL,60062,42.136465,-87.7905871,True,manual,verified
RELATIVITY,3500 E BURNETT ST,LONG BEACH,CA,90815,33.8004644,-118.1508071,True,ai,grounded
RELDAN METALS,85 SECOND AVE,TURNERS FALLS,MA,01376,42.607955147959,-72.554479578238,True,ai,uncorroborated
RELIABLE & ACORN MANAGEMENT CO,,,,,,,True,,
RELIABLE BACKGROUND SCREENING,PO BOX 12743,SCOTTSDALE,AZ,85267,33.4942189,-111.926018,True,ai,grounded
RELIABLE HEALTH SYSTEMS LLC,,,,,,,True,,
RELIABLE PROPERTIES,,,,,,,True,,
RELIABLE SALES,,,,,,,True,,
RELIANT GROUP,601 CALIFORNIA ST STE 1150,SAN FRANCISCO,CA,94108,37.7923304,-122.4048333,True,manual,verified
RELIANT PARKING SOLUTIONS,,,,,,,True,,
RELIANT RIBBON,2425 W PEORIA AVE,PHOENIX,AZ,85029,33.5819027,-112.1101982,True,ai,uncorroborated
RELIEF ACUPUNCTURE,,,,,,,True,,
REMAX ALLEGIANCE,6084 FRANCONIA RD STE A,ALEXANDRIA,VA,22310,38.784656,-77.122182,True,ai,grounded
REMAX PREMIER ASSOCIATES,6 CHURCH LN,PIKESVILLE,MD,21208,39.3752217,-76.7249669,True,ai,grounded
REMEDY,,,,,,,True,,
REMEE PRODUCTS,,,,,,,True,,
REMICA PROPERTY GROUP CORP,229 E 85TH ST #1010,NEW YORK,NY,10028,40.7776614,-73.9527457,True,ai,grounded
REN CENTRO,,,,,,,True,,
RENAISSANCE CARE CENTER INC,,,,,,,True,,
RENAISSANCE CENTRO,,,,,,,True,,
RENAISSANCE COMMUNICATIONS,3520 PIEDMONT RD NE BUILDING 5 STE 300,ATLANTA,GA,30305,33.834063,-84.392063,True,ai,uncorroborated
RENAISSANCE TECHNOLOGIES,800 THIRD AVE,NEW YORK,NY,10022,40.755273688948,-73.971248241557,True,ai,corroborated
RENALOGIC,223 W JACKSON BLVD STE 604,CHICAGO,IL,60606,41.8778842,-87.6347933,True,ai,grounded
RENEWAL,,,,,,,True,,
RENNER OTTO BOISSELLE & SKLAR,245 PARK AVE,NEW YORK,NY,10167,40.7546124,-73.9746719,True,ai,uncorroborated
RENO &CAVANAUGH,,,,,,,True,,
RENOUVEAU HOM,,,,,,,True,,
RENOVO,2315 E CAMELBACK RD STE 100,PHOENIX,AZ,85016,33.5092041,-112.0326587,True,ai,uncorroborated
RENSOP INVESTMENRS,,,,,,,True,,
RENSOP INVESTMENT GROUP,,,,,,,True,,
RENTIERT,,,,,,,True,,
RENTOKIL,1125 BERKSHIRE BLVD STE 150,WYOMISSING,PA,19610,40.342643317746,-75.976589668629,True,ai,grounded
REPAK REAL ESTATE DEVELOPMENT,,,,,,,True,,
REPOWER LLC,,,,,,,True,,
REPUBLIC CLOTHING,320 W 38TH ST 8TH FLOOR,NEW YORK,NY,10018,40.7551096,-73.9928386,True,ai,grounded
REPUBLICAN JEWISH COALITION,,,,,,,True,,
RESCH POLSTER & BERGER LLP,1101 30TH ST NW,WASHINGTON,DC,20007,38.904652,-77.0583499,True,ai,uncorroborated
RESE,,,,,,,True,,
RESERVE FUND ADVISERS LLC,ONE FINANCIAL CENTER 11TH FLOOR,BOSTON,MA,02111,42.3524096,-71.0563898,True,ai,uncorroborated
RESIDENT HOME,,,,,,,True,,
RESIDENTIAL TITLE,,,,,,,True,,
RESMED INC,9001 SPECTRUM CENTER BLVD,SAN DIEGO,CA,92123,32.825906,-117.134327,True,ai,uncorroborated
RESOLUTE VENTURES,,,,,,,True,,
RESOLUTION CAPITOL MANAGEMENT,1630 CONNECTICUT AVE NW STE 300,WASHINGTON,DC,20009,38.911988,-77.045199,True,ai,corroborated
RESOLUTION FINANCIAL ADVISORS,,,,,,,True,,
RESOURCE INSIGHT,,,,,,,True,,
RESTAURANT EQUIPPERS,,,,,,,True,,
RESTORE,5151 LAKE HOWELL RD STE 100,WINTER PARK,FL,32792,28.6110386,-81.3281865,True,ai,uncorroborated
RESTREPO PUBLICATIONS LLC,,,,,,,True,,
RESTRUCTURING LAW ADVISORY PC,,,,,,,True,,
RESURGENS,5671 PEACHTREE DUNWOODY RD STE 900,ATLANTA,GA,30342,33.908431275839,-84.351773666773,True,ai,grounded
RESURGENS ORTHOPAEDICS,,,,,,,True,,
RESURGENS TECHNOLOGY PARTNERS,3550 PEACHTREE RD NE,ATLANTA,GA,30326,33.8537402,-84.3628875,True,ai,grounded
RESURGENS TECHNOLOGY PARTNERS,1075 PEACHTREE ST NE STE 2200,ATLANTA,GA,30309,33.783715043899,-84.383300247308,False,ai,grounded
RESURGENS TECHNOLOGY PARTNERS,3630 PEACHTREE RD NE STE 920,ATLANTA,GA,30326,33.8540797,-84.3585333,False,ai,grounded
RET,,,,,,,True,,
RETAIL BROKERS,1800 WAZEE ST STE 200,DENVER,CO,80202,39.7532187,-104.9969469,True,ai,uncorroborated
RETAIL MANAGEMENT SERVICES,11540 E US HWY 92,SEFFNER,FL,33584,28.005455,-82.294337,True,ai,grounded
RETINA ASSOCIATES,701 E 1ST ST STE 100,TAMPA,FL,33602,27.8832006,-82.4912186,True,ai,uncorroborated
RETINA CONSULTANTS OF SEATTLE,620 BROADWAY STE 200,SEATTLE,WA,98122,47.6074704,-122.320634,True,ai,corroborated
RETINA GROUP OF FLORIDA,2001 N LOIS AVE STE 500,TAMPA,FL,33607,27.9601358,-82.5137101,True,ai,corroborated
RETINA VITREOUS ASSOCIATES,1245 WILSHIRE BLVD STE 380,LOS ANGELES,CA,90017,34.0534351,-118.265625,True,ai,grounded
RETINA VITREOUS CONSULTANTS,349 E NORTHFIELD RD STE 100,LIVINGSTON,NJ,07039,40.7707028,-74.3004535,True,ai,grounded
RETINAL CONSULTANTS OF AMERICA,7000 FANNIN ST STE 1400,HOUSTON,TX,77030,29.7029914,-95.4031517,True,ai,grounded
RETIREE CHAPTER,,,,,,,True,,
RETIREE DIVISION CSEA,143 WASHINGTON AVE,ALBANY,NY,12210,42.65607,-73.7611427,True,ai,corroborated
RETRO CONSULTING,,NORTH ANDOVER,MA,01845,,,True,manual,verified
RETTNER BUILDING MANAGEMENT,6620 SOUTHPOINT DR S STE 230,JACKSONVILLE,FL,32216,30.2518994,-81.5915561,True,manual,verified
REV,,,,,,,True,,
REVEDGE ANALYTICS,201 MISSION ST,SAN FRANCISCO,CA,94105,37.7911641,-122.3950412,True,ai,uncorroborated
REVELIN,,,,,,,True,,
REVELSTOKE CAPITAL PARTNERS,,,,,,,True,,
REVERENCE CAPITAL PARTNERS,590 MADISON AVE,NEW YORK,NY,10022,40.7621575,-73.9730331,True,ai,grounded
REVOLUTION COOKING,20 JAY ST,BROOKLYN,NY,11201,40.7040914,-73.9866937,True,ai,uncorroborated
REVOLUTION HOMES USA,,,,,,,True,,
REVOLVE HOLDINGS,600 BREA CANYON RD STE 110,WALNUT,CA,91789,34.0200846,-117.8402142,True,ai,uncorroborated
REVV,201 S CAPITOL BLVD STE 600,BOISE,ID,83702,43.6142738,-116.2031868,True,ai,uncorroborated
REX HEALTHCARE,4420 LAKE BOONE TRL,RALEIGH,NC,27607,35.8181917,-78.7031375,True,ai,corroborated
REX UNC,1500 E FRANKLIN ST,CHAPEL HILL,NC,27514,35.9294015,-79.0337725,True,ai,corroborated
REXFORD INDUSTRIAL,11620 WILSHIRE BLVD STE 1000,LOS ANGELES,CA,90025,34.0504481,-118.4594947,True,ai,grounded
REXTAR LLC,1004 DULANEY VALLEY RD,TOWSON,MD,21204,39.409334,-76.6005749,True,ai,grounded
RFA,,,,,,,True,,
RFB FPH,,,,,,,True,,
RFE MANAGEMENT CORP,10 WRIGHT ST,WESTPORT,CT,06880,41.1402618,-73.3653208,True,ai,grounded
RFG,,,,,,,True,,
RFR HOLDING LLC,570 LEXINGTON AVE,NEW YORK,NY,10022,40.7570841,-73.9724543,True,ai,corroborated
RG LEVY LAW PLLC,111 BROADWAY,NEW YORK,NY,10006,40.707698,-74.011877,True,ai,uncorroborated
RGP,15950 N DALLAS PKWY STE 330,DALLAS,TX,75248,32.9900868,-96.8287692,True,ai,grounded
RHEOXTECH INC,,,,,,,True,,
RHEUMATOLOGY CONSULTANTS,1351 MAIN ST,BROCKTON,MA,02301,42.0586402,-71.0142588,True,ai,grounded
RHH,,,,,,,True,,
RHOADES MCKEE,101 W BIG BEAVER RD STE 700,TROY,MI,48084,42.5626021,-83.1490393,True,ai,corroborated
RHODE ISLAND COLLEGE,600 MT PLEASANT AVE,PROVIDENCE,RI,02908,41.8415962,-71.4628702,True,ai,corroborated
RHODIUM ANALYTICS INC,2030 M ST NW STE 800,WASHINGTON,DC,20036,38.905575,-77.0454886,True,ai,uncorroborated
RHONE GROUP,C/O THE RHONE GROUP 399 PARK AVE 17TH FLOOR,NEW YORK,NY,10022,40.75857,-73.96793,True,ai,corroborated
RHP PROPERTIES,31200 NORTHWESTERN HWY,FARMINGTON HILLS,MI,48334,42.5161658,-83.3342929,True,ai,grounded
RHP STAFFING CO,31200 NORTHWESTERN HWY,FARMINGTON HILLS,MI,48334,42.5161658,-83.3342929,True,ai,grounded
RHYTHM MANAGEMENT GROUP,6116 EXECUTIVE BLVD STE 670,ROCKVILLE,MD,20852,39.051511,-77.123973,True,ai,grounded
RIA,,,,,,,True,,
RIALTO MANAGEMENT CORP,872 MADISON AVE STE 2A,NEW YORK,NY,10021,40.7713969,-73.9659026,True,ai,grounded
RIALTO WEALTH MANAGEMENT,400 S EL CAMINO REAL,SAN MATEO,CA,94402,37.562133,-122.325141,True,ai,uncorroborated
RICE PARK,,,,,,,True,,
RICE UNIVERSITY,6100 MAIN ST,HOUSTON,TX,77005,29.7154924,-95.4125219,True,ai,corroborated
RICH MARTINSON AND ASSOCIATES LLC,,,,,,,True,,
RICH YOUNG COMPANY,5710 LYNDON B JOHNSON FWY STE 150,DALLAS,TX,75240,32.9249791,-96.809472,True,ai,grounded
RICHARD A KLASS ESQ,111 GREAT NECK RD STE 220,GREAT NECK,NY,11021,40.785346,-73.7295403,True,ai,corroborated
"RICHARD F. HOWARD, ATTORNEY AT LAW",,,,,,,True,,
RICHARD GRAY & COMPANY CPA PC,,,,,,,True,,
"RICHARD J. COHEN, LCC",,,,,,,True,,
RICHARD KUPER PA,,,,,,,True,,
RICHARDS MANUFACTURING CO,205 S 8TH ST,OSKALOOSA,IA,52577,41.2943079,-92.635682,True,ai,uncorroborated
RICHARDS MANUFACTURING CO SALES INC,10700 NW 112TH ST,MIAMI,FL,33178,25.8751938,-80.3435111,True,ai,uncorroborated
"RICHARDS, LAYTON & FINGER",920 N KING ST,WILMINGTON,DE,19801,39.7445299,-75.5472826,True,ai,corroborated
RICHKER METALS,,,,,,,True,,
RICHMARK LABEL,1110 E PINE ST,SEATTLE,WA,98122,47.615309058977,-122.317961667101,True,ai,grounded
RICK LEVY MD,,,,,,,True,,
RIDA DEV,,,,,,,True,,
RIDA DEVELOPMENT CORPORATION,1777 WALKER ST STE 501,HOUSTON,TX,77010,29.7543743,-95.3576343,True,ai,grounded
RIDA DEVELOPMENT CORPORATION,8390 CHAMPIONSGATE BLVD STE 104,CHAMPIONSGATE,FL,33896,28.259460532772,-81.623101632742,False,ai,grounded
RIDDELL WILLIAMS PS,1001 4TH AVE STE 4500,SEATTLE,WA,98154,47.6061866,-122.3332822,True,ai,corroborated
RIEDER COMMUNITIES,2220 AVE J,BROOKLYN,NY,11210,40.6258622,-73.9536933,True,ai,grounded
RIEMER INSURANCE GROUP,100 COMMONS WAY STE 470,BLOOMFIELD HILLS,MI,48304,42.58894,-83.233229,True,ai,uncorroborated
"RIFKIN, LIVINGSTON, LEVITAN",,,,,,,True,,
"RIFKIN, WEINER, LIVINGSTON",,,,,,,True,,
RIGHT AT HOME,6640 W BROAD ST STE 300,RICHMOND,VA,23230,37.5788691,-77.4902305,True,ai,uncorroborated
RIK ENTERPRISES,,,,,,,True,,
RILEY SAFER,1 S DEARBORN ST STE 2200,CHICAGO,IL,60603,41.8815592,-87.6287306,True,ai,grounded
RIMON PC,3 BECKER FARM RD,ROSELAND,NJ,07068,40.8190832,-74.3070409,True,ai,uncorroborated
RINET COMPANY,,,,,,,True,,
RING & GREEN APC,401 W A ST STE 2590,SAN DIEGO,CA,92101,32.718257,-117.166952,True,ai,corroborated
RING LTD,1523 26TH ST STE A,SANTA MONICA,CA,90404,34.0316802,-118.4722253,True,ai,uncorroborated
RIO REAL ESTATE LLC,,,,,,,True,,
RIPCO REAL ESTATE,150 E 58TH ST 15TH FLOOR,NEW YORK,NY,10155,40.7611673,-73.968252,True,manual,verified
RIPPLING,115 SANSOME ST FL 6,SAN FRANCISCO,CA,94104,37.7913203,-122.4009518,True,ai,corroborated
RISHMFM,,,,,,,True,,
RISK MANAGEMENT OF GROVE CITY,3951 BROADWAY,GROVE CITY,OH,43123,39.8875459,-83.0889788,True,ai,uncorroborated
RISKSPAN,2400 BOSTON ST STE 409,BALTIMORE,MD,21224,39.2817479,-76.5816562,True,ai,uncorroborated
RITE AID,30 HUNTER LN,CAMP HILL,PA,17011,40.2565169,-76.9135074,True,ai,uncorroborated
RIVER OAKS PROPERTIES,2500 POST OAK BLVD STE 200,HOUSTON,TX,77056,29.7417681,-95.4611234,True,ai,corroborated
RIVERBEND INDUSTRIES,,,,,,,True,,
RIVERGATE,2801 SW 31 ST AVE #2B,COCONUT GROVE,FL,33133,25.739014952924,-80.243884621397,True,ai,grounded
RIVERGATE/EDEN,2801 SW 31ST AVE STE 2B,COCONUT GROVE,FL,33133,25.739014952924,-80.243884621397,True,ai,grounded
RIVERON,2515 MCKINNEY AVE 16TH FLOOR,DALLAS,TX,75201,32.7955846,-96.8023182,True,ai,grounded
RIVERPARK CAPITAL,477 MADISON AVE 6TH FLOOR,NEW YORK,NY,10022,40.7585227,-73.9746317,True,ai,grounded
RIVERSIDE RADIOLOGY ASSOCIATES,2050 KIEFER BLVD,SACRAMENTO,CA,95825,38.5466274,-121.3921622,True,ai,uncorroborated
RIVERSPRING LIVING,1815 W SURFACE RD,BALTIMORE,MD,21230,39.268123,-76.626716,True,ai,uncorroborated
RIVERSTONE COMMUNITIES,6400 TELEGRAPH RD STE 2000,BLOOMFIELD HILLS,MI,48301,42.546315695895,-83.28532115914,True,manual,verified
RIVERWOOD PROPERTIES,,,,,,,True,,
RIVIERA CREEK HOLDINGS LLC,,,,,,,True,,
RIVKIN CENTER FOR OVARIAN CANCER,1200 12TH AVE S STE 1110,SEATTLE,WA,98144,47.592856,-122.3157149,True,ai,grounded
RIVO ALTO,,,,,,,True,,
RIZIKA REALTY TRUST,1185 AVE OF THE AMERICAS 3RD FLOOR,NEW YORK,NY,10036,40.7579319,-73.9821357,True,ai,uncorroborated
RJC,50 F ST NW STE 100,WASHINGTON,DC,20001,38.8971761,-77.0101766,True,ai,grounded
RJCC,,,,,,,True,,
RK LAW,,,,,,,True,,
RKL PRODUCTIONS,,,,,,,True,,
RKW RESIDENTIAL,24 MERCER ST 3RD FLOOR OFF 402,NEW YORK,NY,10013,40.7207303,-74.0017699,True,ai,grounded
RLF CAPITAL ADVISORS,35 GREEN HOLLOW RD,EAST HAMPTON,NY,11937,40.9571719,-72.221455,True,ai,grounded
RLH,1550 MARKET ST STE 350,DENVER,CO,80202,39.7495414,-104.9984109,True,ai,grounded
RMB TECHNOLOGY,,,,,,,True,,
RMC PROPERTY GROUP,8902 N DALE MABRY HWY STE 200,TAMPA,FL,33614,27.9976216,-82.5051476,True,ai,grounded
RMCB,200 PEMBERWICK RD,GREENWICH,CT,06831,41.0279719,-73.6621335,True,manual,verified
RMG AND ASSOCIATES,,,,,,,True,,
RMG ASSC,,,,,,,True,,
RMLOW ENT,,,,,,,True,,
RMS GROUP,5 THE GROVE STE 1,WILMINGTON,DE,19801,39.723588,-75.541208,True,ai,uncorroborated
RMS INVESTMENT GROUP,3401 TUTTLE RD STE 350,SHAKER HEIGHTS,OH,44122,41.4662285,-81.5373244,True,ai,grounded
RNC,310 FIRST ST SE,WASHINGTON,DC,20003,38.885895429417,-77.005818608125,True,ai,corroborated
RNDC,ONE NATIONAL DR SW,ATLANTA,GA,30336,33.735444,-84.568978,True,ai,grounded
RNDC,4300 WILDWOOD PKWY STE 200,ATLANTA,GA,30339,33.914370299217,-84.463163459517,False,ai,grounded
ROADSIDE DEVELOPMENT,1730 RHODE ISLAND AVE NW STE 410,WASHINGTON,DC,20036,38.9059427,-77.0396081,True,ai,grounded
ROAR MANAGEMENT COMPANY INC,,,,,,,True,,
ROB KATZ,,,,,,,True,,
ROBBIE MANUFACTURING,325 N CUSTER AVE,OWATONNA,MN,55060,44.059703,-93.227333,True,ai,uncorroborated
ROBBINS FIRM,500 14TH ST NW,ATLANTA,GA,30318,33.78609,-84.4041469,True,ai,grounded
ROBBINS GELLER,655 W BROADWAY STE 1900,SAN DIEGO,CA,92101,32.71542,-117.168556,True,ai,corroborated
ROBELL,,,,,,,True,,
ROBERT C. GILBERT PA,200 S ANDREWS AVE,FORT LAUDERDALE,FL,33301,26.120231,-80.1431086,True,ai,corroborated
ROBERT FABRIKANT INC,,,,,,,True,,
ROBERT FINVARB COMPANIES,,,,,,,True,,
ROBERT HALF,2884 SAND HILL RD,MENLO PARK,CA,94025,37.4205561,-122.2121956,True,ai,uncorroborated
ROBERT HERTZBERG PA,,,,,,,True,,
"ROBERT HERZOG, ARBITRATOR",,,,,,,True,,
ROBERT L STARK ENTERPRISES,629 EUCLID AVE STE 1300,CLEVELAND,OH,44114,41.5002018,-81.6887336,True,manual,verified
ROBERT MARTIN CO,100 CLEARBROOK RD,ELMSFORD,NY,10523,41.0752919,-73.8134674,True,manual,verified
ROBERT MEYERS ASSOCIATES,,,,,,,True,,
ROBERT SELKIN MD,,,,,,,True,,
ROBERT WOOD JOHNSON PHYSICIAN ENTERPRISE,ONE ROBERT WOOD JOHNSON PL,NEW BRUNSWICK,NJ,08901,40.4936119,-74.4436416,True,manual,verified
ROBERTS & SHEFRIN LLC,600 UNIVERSITY AVE,PALO ALTO,CA,94301,37.4495026,-122.1576836,True,ai,corroborated
ROBERTS ENERGY,1925 PAGE BLVD,SPRINGFIELD,MA,01151,42.1483,-72.506511,True,ai,corroborated
ROBERTS REPAIR,,,,,,,True,,
"ROBERTSON, ANSCHULTZ & SCHNEID",6400 S FIDDLERS GREEN CIR STE 1000,GREENWOOD VILLAGE,CO,80111,39.5991727,-104.8899842,True,ai,uncorroborated
"ROBERTSON, MONAGLE, AND EASTAUGH",,,,,,,True,,
ROBHANA GROUP INC,606 S OLIVE ST STE 600,LOS ANGELES,CA,90014,34.047876149653,-118.254243158685,True,manual,verified
ROBICO MANAGEMENT,,,,,,,True,,
ROBIN FOX COMEDY EVENTS,,,,,,,True,,
ROBIN LEVY AIA,,,,,,,True,,
ROBINS GELLER LAW,655 W BROADWAY STE 1900,SAN DIEGO,CA,92101,32.71542,-117.168556,True,ai,corroborated
ROBINS KAPLAN LLP,800 LASALLE AVE STE 2800,MINNEAPOLIS,MN,55402,44.9763949,-93.2751032,True,ai,corroborated
ROBINSON DAIRY,6900 N STATE RD 3,ROBINSON,IL,62454,38.992348,-87.764978,True,ai,uncorroborated
ROBINSON FINANCIAL,,,,,,,True,,
ROBOTTI,,,,,,,True,,
ROC,,,,,,,True,,
ROC360,,,,,,,True,,
ROCHE,250 E GRAND AVE,SOUTH SAN FRANCISCO,CA,94080,37.654348,-122.397575,True,ai,corroborated
ROCHESTER,,,,,,,True,,
ROCHESTER PERIODONTAL & DENTAL IMPLANTS,2300 BUFFALO RD BLDG 200,ROCHESTER,NY,14624,43.157285,-77.615214,True,manual,verified
ROCHESTER REGIONAL HEALTH,1425 PORTLAND AVE,ROCHESTER,NY,14621,43.1913973,-77.5844574,True,ai,corroborated
ROCHESTER RESEARCH GROUP,,,,,,,True,,
ROCK 'N ROLL HALL OF FAME,1100 E 9TH ST,CLEVELAND,OH,44114,41.5087678,-81.6945391,True,ai,uncorroborated
ROCK COMPANIES,6400 TELEGRAPH RD STE 2500,BLOOMFIELD HILLS,MI,48301,42.5424,-83.282168,True,manual,verified
ROCK CREEK PROPERTY GROUP,1225 CONNECTICUT AVE NW STE 200,WASHINGTON,DC,20036,38.9069043,-77.0414391,True,ai,uncorroborated
ROCK PROPERTIES,,,,,,,True,,
ROCK STAR LEADERS,,,,,,,True,,
ROCKBAY CAPITAL,1330 AVE OF THE AMERICAS,NEW YORK,NY,10019,40.7619298,-73.9786675,True,ai,corroborated
ROCKBRIDGE GROWTH EQUITY,1555 BROADWAY ST THE MADISON - 4TH FLOOR,DETROIT,MI,48226,42.331815,-83.050354,True,ai,grounded
ROCKDALE CAPITAL,650 LIBERTY AVE,UNION,NJ,07083,40.6973679,-74.3044599,True,manual,verified
ROCKEFELLER CAPITAL MANAGEMENT,219 LEXINGTON AVE 19TH FLOOR,NEW YORK,NY,10016,40.7458472,-73.9800032,True,ai,grounded
ROCKEFELLER GLOBAL FAMILY OFFICE,45 ROCKEFELLER PLAZA,NEW YORK,NY,10111,40.7592576,-73.9799569,True,ai,grounded
ROCKEFELLER GROUP,45 ROCKEFELLER PLAZA 25TH FLOOR,NEW YORK,NY,10111,40.7592576,-73.9799569,True,ai,corroborated
ROCKEFELLER UNIVERSITY,1230 YORK AVE,NEW YORK,NY,10065,40.7624395,-73.9557565,True,ai,corroborated
ROCKET COMPANIES,1000 TOWN CENTER 12TH FLOOR,SOUTHFIELD,MI,48075,42.4751823,-83.2434378,True,ai,corroborated
ROCKET MORTGAGE,1000 TOWN CENTER 12TH FLOOR,SOUTHFIELD,MI,48075,42.4751823,-83.2434378,True,ai,corroborated
ROCKLAND DIGITAL MEDIA,,,,,,,True,,
ROCKLAND ORTHODONTICS,1 MEDICINE PLAZA DR,WEST NYACK,NY,10994,41.098072,-73.972649,True,ai,uncorroborated
ROCKLAND THORACIC AND VASCULAR ASSOCIA,,,,,,,True,,
ROCKPOINT LEGAL FUNDING,,,,,,,True,,
ROCKSTEP CAPITAL,175 W JACKSON BLVD,CHICAGO,IL,60604,41.8771408,-87.6332061,True,ai,uncorroborated
ROCKWOOD SCHOOL DISTRICT,11045 OLDE EIGHT RD,PERRYSBURG,OH,43551,41.518596,-83.579118,True,ai,uncorroborated
ROCKWOOD WEALTH MANAGEMENT,,,,,,,True,,
ROCKY MOUNTAIN RESOURCES,,,,,,,True,,
RODAN & FIELDS,60 SPEAR ST STE 600,SAN FRANCISCO,CA,94105,37.792996473862,-122.394738378703,True,ai,grounded
RODAN & FIELDS,3001 BISHOP DR STE 450,SAN RAMON,CA,94583,37.763931,-121.9601076,False,ai,grounded
RODAN & FIELDS,2450 CREEKSIDE PKWY,LOCKBOURNE,OH,43137,39.847673009614,-82.948244325331,False,ai,grounded
RODAN FAMILY FOUNDATION,21 ORINDA WAY STE C-381,ORINDA,CA,94563,37.8816741,-122.1875933,True,ai,grounded
RODNEY STRONG VINEYARDS,11455 OLD REDWOOD HWY,HEALDSBURG,CA,95448,38.5732332,-122.8439528,True,ai,corroborated
RODRICK FOODS,,,,,,,True,,
ROGIRB REALTY CORP,,,,,,,True,,
ROI MARKETING MANAGEMENT,,,,,,,True,,
ROIVANT SOCIAL VENTURES INC,1 PENNSYLVANIA PLAZA 54TH FLOOR,NEW YORK,NY,10119,40.7515006,-73.9934364,True,ai,grounded
ROJAS COMMUNICATIONS GROUP,,,,,,,True,,
ROK ENTERPRISES,,,,,,,True,,
ROKOS CAPITAL MANAGEMENT,C/O ROKOS CAPITAL MANAGEMENT US LLC 280 PARK AVE 5TH FLOOR,NEW YORK,NY,10017,40.752387,-73.972678,True,ai,uncorroborated
ROKU,150 WINCHESTER CIR,LOS GATOS,CA,95032,37.2603271,-121.9621001,True,ai,grounded
ROL&M,,,,,,,True,,
ROLAND LAW FIRM,4 TOWER PL 2ND FLOOR,ALBANY,NY,12203,42.6858289,-73.8407814,True,ai,grounded
ROLLING HILLS,,,,,,,True,,
ROLLING HILLS COUNTRY DAY SCHOO,25 ROLLING HILLS LN,ROLLING HILLS,CA,90274,33.7801,-118.372412,True,ai,corroborated
ROLLING SEATS,,,,,,,True,,
ROLLINS COLEGE,,,,,,,True,,
ROLNICK KRAMER SADIGHI LLP,333 EARLE OVINGTON BLVD STE 601,UNIONDALE,NY,11553,40.7284189,-73.5941426,True,ai,corroborated
ROM INVESTMENT,,,,,,,True,,
ROMANO AUTO DEALERSHIPS,368 E JERICHO TPKE,HUNTINGTON,NY,11743,40.8303964,-73.3966987,True,ai,corroborated
ROMANSKYLARMD PA,8230 LAKESIDE BLVD STE 200,TAMPA,FL,33617,28.039315,-82.392428,True,ai,uncorroborated
ROMEE'S GARDEN,,,,,,,True,,
ROMEL ENTERPRISES,,,,,,,True,,
RON HELLER PROPERTIES INC,,,,,,,True,,
RON WOLNER MD,2 TOWER PL,ALBANY,NY,12203,42.6854653,-73.8409952,True,manual,verified
RONALD A EICHEL DDS,4536 CHAMBLEE DUNWOODY RD STE 211,ATLANTA,GA,30338,33.946218,-84.318119,True,manual,verified
RONALD B COHEN MD PC,215 PARK AVE SOUTH STE 1000,NEW YORK,NY,10003,40.736903,-73.9884712,True,ai,corroborated
"RONALD GLOUSMAN, MD",,,,,,,True,,
RONALD L MANN MD PC,,,,,,,True,,
ROOKWOOD PROPERTIES,224 W MCMILLAN ST,CINCINNATI,OH,45219,39.1280487,-84.5202001,True,ai,corroborated
ROOMS FOR IMPROVEMENT,,,,,,,True,,
ROOMS TO GO,340 ROYAL PALM WAY,VENICE,FL,34285,27.094564,-82.440895,True,ai,grounded
ROOSEVELT PAPER,1 ROOSEVELT DR,MOUNT LAUREL,NJ,08054,39.97694,-74.86404,True,ai,grounded
ROOTS REAL ESTATE,,,,,,,True,,
ROPA,,,,,,,True,,
ROPER HOSPITAL,3160 MEDICAL BLVD,PASCAGOULA,MS,39581,30.350539,-88.493571,True,ai,uncorroborated
ROPERS MAJESKI,400 S EL CAMINO REAL STE 100,SAN MATEO,CA,94402,37.562133,-122.325141,True,ai,uncorroborated
ROPES & GRAY LLP,PRUDENTIAL TOWER 800 BOYLSTON ST,BOSTON,MA,02199,42.3471718,-71.0825069,True,ai,grounded
RORY MANAGEMENT INC,600 MONTGOMERY ST STE 1100,SAN FRANCISCO,CA,94111,37.7951883,-122.4027902,True,ai,uncorroborated
ROSCOE VILLAGE ANIMAL HOSPITAL,2633 W ROSCOE ST,CHICAGO,IL,60618,41.9428008,-87.7224093,True,ai,corroborated
ROSE REAL ESTATE SERVICES INC,,,,,,,True,,
ROSEMAWR MANAGEMENT,1674 MERIDIAN AVE STE 420,MIAMI BEACH,FL,33139,25.7915882,-80.1369257,True,manual,verified
ROSEN ASSOCIATES MANAGEMENT CORP,11 HARTWELL AVE,LEXINGTON,MA,02421,42.4747153,-71.253952,True,ai,uncorroborated
ROSEN LAW FIRM LLC,101 GREENWOOD AVE,JENKINTOWN,PA,19046,40.092805,-75.136941,True,ai,uncorroborated
ROSEN NEUBERGER LEHMANN LLP,2850 QUARRY LAKE DR STE 300,BALTIMORE,MD,21209,39.3841865,-76.6947237,True,ai,grounded
ROSENBAUM LAW OFFICES,,,,,,,True,,
ROSENBERG & ESTIS PC,2200 GENG RD STE 200,PALO ALTO,CA,94303,37.4508209,-122.1216966,True,ai,uncorroborated
ROSENBERG & ROSENBERG PA,12425 NE 8TH ST,BELLEVUE,WA,98005,47.6172545,-122.1745563,True,ai,uncorroborated
ROSENBERG ADVISORY,,,,,,,True,,
ROSENBERG FORTUNA & LAITMAN LLP,152 W 57TH ST STE 1600,NEW YORK,NY,10019,40.7648665,-73.9796202,True,ai,corroborated
ROSENBERG REAL ESTATE,,,,,,,True,,
ROSENBLATT SECURITIES,650 CALIFORNIA ST STE 1900,SAN FRANCISCO,CA,94108,37.792867,-122.4052192,True,ai,uncorroborated
ROSENBLUM & REISMAN PC,1717 ARCH ST STE 2005,PHILADELPHIA,PA,19103,39.9554164,-75.1690292,True,ai,uncorroborated
ROSENTHAL FOODS CORP,1313 11TH ST STE 2,SIOUX CITY,IA,51105,42.5019552,-96.3932818,True,ai,grounded
"ROSENTHAL, LEVY AND SIMON",,,,,,,True,,
ROSEWOOD,2828 N HARWOOD ST,DALLAS,TX,75201,32.7946637,-96.8081922,True,ai,grounded
ROSEWOOD REALTY GROUP INC,152 W 57TH ST 5TH FLOOR,NEW YORK,NY,10019,40.7648665,-73.9796202,True,manual,verified
ROSMANSEARCH,10 TREMONT ST STE 700,BOSTON,MA,02108,42.3588222,-71.0595746,True,ai,uncorroborated
ROSMARINS COTTAGES,,,,,,,True,,
ROSNOV JEWELERS,,,,,,,True,,
ROSS ARONSTAM & MORITZ LLP,1313 N MARKET ST STE 1001,WILMINGTON,DE,19801,39.7490794,-75.5461081,True,ai,grounded
ROSS BROTHERS,,,,,,,True,,
ROTE CORP,20803 BISCAYNE BLVD STE 440,AVENTURA,FL,33180,25.9684602,-80.1430903,True,ai,corroborated
ROTH COGNITIVE ENGINEERING,,,,,,,True,,
ROTHSCHILD & CO,1251 AVE OF THE AMERICAS,NEW YORK,NY,10020,40.7600411,-73.9818903,True,ai,corroborated
ROTOR CLIP,187 DAVIDSON AVE,SOMERSET,NJ,08873,40.5383,-74.522806,True,ai,grounded
ROTOR CLIP,7412 OAK GROVE RD,FORT WORTH,TX,76140,32.642097023541,-97.304373169816,False,ai,grounded
ROUND ROCK PERIODONTISTS,2000 GATTIS SCHOOL RD STE 110,ROUND ROCK,TX,78664,30.4961451,-97.655366,True,ai,corroborated
ROVE AND PEARL INC,,,,,,,True,,
ROWAN FAMILY FOUNDATION,,,,,,,True,,
ROWLEY COMPANY,230 MEEK RD,GASTONIA,NC,28056,35.216936,-81.125003,True,ai,grounded
ROWLEY COMPANY,6265 S VALLEY VIEW BLVD STE F,LAS VEGAS,NV,89118,36.075994752395,-115.190034004641,False,ai,grounded
ROXBURY LATIN SCHOOL,101 ST THERESA AVE,WEST ROXBURY,MA,02132,42.2760816,-71.1580916,True,ai,corroborated
ROY S SCHREIBER & CO CPAS,,,,,,,True,,
ROYAL CAPITAL,,,,,,,True,,
ROYAL CARIBBEAN CRUISES,1050 CARIBBEAN WAY,MIAMI,FL,33132,25.776585,-80.173242,True,manual,verified
ROYAL CARIBBEAN GROUP,1050 CARIBBEAN WAY,MIAMI,FL,33132,25.776585,-80.173242,True,ai,corroborated
ROYAL COATINGS LLC,,,,,,,True,,
ROYAL CONCEPTS INC,,,,,,,True,,
ROYAL ELEC,,,,,,,True,,
ROYAL ELECTRONICS,,,,,,,True,,
ROYAL ICE CREAM,,,,,,,True,,
ROYAL MEDIA GROUP,,,,,,,True,,
ROYAL NEWS CORP,,,,,,,True,,
ROYCE CORPORATION,20900 NE 30TH AVE STE 102,MIAMI,FL,33180,25.9694879,-80.142689,True,ai,grounded
ROYER COOPER COHEN BRAUNFELD LLC,101 W ELM ST STE 400,CONSHOHOCKEN,PA,19428,40.0732648,-75.3087249,True,ai,grounded
RP ASSOCIATES,,,,,,,True,,
RP ROTH LAW PC,,,,,,,True,,
RPC,2801 BUFORD HWY NE STE 300,ATLANTA,GA,30329,33.827245,-84.322148,True,ai,grounded
RPK,,,,,,,True,,
RPM INTERNATIONAL,2628 PEARL RD,MEDINA,OH,44256,41.2036306,-81.8418052,True,ai,corroborated
RPMS,,,,,,,True,,
RPS,311 S WACKER DR STE 4300,CHICAGO,IL,60606,41.8774661,-87.6359049,True,ai,uncorroborated
RRC,2800 28TH ST STE 125,SANTA MONICA,CA,90405,34.0165942,-118.454903,True,ai,grounded
RSC BROKERAGE INC,1201 W PEACHTREE ST NW STE 2000,ATLANTA,GA,30309,33.7870655,-84.3873685,True,ai,uncorroborated
RSI,2850 GOLF RD STE 300,ROLLING MEADOWS,IL,60008,42.0536623,-88.0168709,True,ai,uncorroborated
RSI LABELS,,,,,,,True,,
RSI MEXICO,,,,,,,True,,
RSM US,55 E 52ND ST,NEW YORK,NY,10055,40.7590841,-73.9736001,True,ai,uncorroborated
RSS CAPITAL,1100 S NORTHLAKE DR,HOLLYWOOD,FL,33019,26.027614,-80.120197,True,ai,grounded
RST DEVELOPMENT LLC,168 BUSINESS PARK DR STE 200,VIRGINIA BEACH,VA,23462,36.8445486,-76.1755069,True,manual,verified
RT INDUSTRIES,,,,,,,True,,
RT SPECIALTY,180 N STETSON AVE STE 4600,CHICAGO,IL,60601,41.8855081,-87.6225082,True,ai,grounded
RTI INTERNATIONAL,3040 E CORNWALLIS RD,RESEARCH TRIANGLE PARK,NC,27709,35.9017532,-78.8530781,True,ai,corroborated
RTI INTL METALS,WESTPOINTE CORPORATE CENTER ONE 1550 CORAOPOLIS HEIGHTS RD STE 500,PITTSBURGH,PA,15108,40.502016112189,-80.204937280649,True,ai,grounded
RTI INTL METALS,1000 WARREN AVE,NILES,OH,44446,41.185287882703,-80.781080393426,False,ai,grounded
RTI INTL METALS,1701 W MAIN ST,WASHINGTON,MO,63090,38.571667016748,-91.036528444112,False,ai,grounded
RTI INTL METALS,122 CENTRAL PLAZA N,CANTON,OH,44702,40.798590373592,-81.374448344746,False,ai,grounded
RTI INTL METALS,7186 W GATES AVE,SALT LAKE CITY,UT,84120,40.716864416915,-112.062904901473,False,ai,grounded
RTX CORPORATION,,,,,,,True,,
RTZN BRANDS,,,,,,,True,,
RUB PEDAITRICS,,,,,,,True,,
RUB PEDIATRICS MD PA,,,,,,,True,,
RUBBER RING FILMS,3100 DONALD DOUGLAS LOOP NORTH #203-A,SANTA MONICA,CA,90405,34.0177309,-118.4517837,True,ai,grounded
RUBENSTEIN ASSOCIATES INC,600 LEXINGTON AVE 8TH FLOOR,NEW YORK,NY,10022,40.7580277,-73.9714246,True,ai,corroborated
RUBENSTEIN CAPITAL,480 3RD ST,OAKLAND,CA,94607,37.7973093,-122.2767,True,ai,grounded
RUBIN & ROTHMAN,1787 VETERANS MEMORIAL HWY,ISLANDIA,NY,11749,40.8068459,-73.182071,True,ai,grounded
RUBIN AND DAVIDS,,,,,,,True,,
RUBIN AND MACHADO LTD,,,,,,,True,,
RUBIN COMMUNICATIONS GROUP,555 MADISON AVE 6TH FLOOR,NEW YORK,NY,10022,40.7611485,-73.9727174,True,ai,uncorroborated
RUBIN GUTTMAN& ASSOCISTRD,,,,,,,True,,
"RUBIN, TURNBULL & ASSOCIATES",,,,,,,True,,
RUBINNOVATION LLC,,,,,,,True,,
RUBRIC CAPITAL MANAGEMENT LP,155 E 44TH ST,NEW YORK,NY,10017,40.752419681903,-73.974192201032,True,ai,grounded
RUBY GROUP COMPANIES,1645 N FORT MYER DR STE 1000,ARLINGTON,VA,22209,38.8935359,-77.0718843,True,ai,uncorroborated
RUDDELL,,,,,,,True,,
RUDIN MANAGEMENT,PUBLIC SQ 9 E 17TH ST,NEW YORK,NY,10003,40.731865,-73.989124,True,ai,corroborated
RUDMAN ENTERPRISES,,,,,,,True,,
RUDNER LAW OFFICES,5001 SPRING VALLEY RD STE 225E,DALLAS,TX,75244,32.9396041,-96.8265129,True,ai,grounded
RUDNICK & WOLFE,2600 W BIG BEAVER RD STE 550,TROY,MI,48084,42.56295,-83.1801553,True,ai,uncorroborated
RUGBY REALTY,40 WALL ST 28TH FLOOR,NEW YORK,NY,10005,40.7070219,-74.0096669,True,ai,uncorroborated
RUGGABLE,1130 CIVIC CENTER DR STE 200,WALNUT CREEK,CA,94596,37.889009,-122.036778,True,ai,corroborated
RULA,,,,,,,True,,
RUNYON GROUP,1990 K ST NW STE 700,WASHINGTON,DC,20006,38.9020434,-77.0445094,True,ai,uncorroborated
RUSH,1725 W HARRISON ST,CHICAGO,IL,60612,41.8734063,-87.6700498,True,ai,uncorroborated
RUSH PROPERTIES MANAGEMENT,,NEW YORK,NY,10001,,,True,manual,verified
RUSH STREET GAMING,900 N MICHIGAN AVE STE 1600,CHICAGO,IL,60611,41.8996454,-87.6256155,True,ai,grounded
RUSH STREET GAMING,3000 S RIVER RD,DES PLAINES,IL,60018,41.998730873783,-87.863062611698,False,ai,grounded
RUSH UNIVERSITY,,,,,,,True,,
RUSH UNIVERSITY MEDICAL CENTER,1620 W HARRISON ST,CHICAGO,IL,60612,41.8747145,-87.6676073,True,ai,corroborated
RUSHING MCCARL LLP,2219 MAIN ST NO 144,SANTA MONICA,CA,90405,34.011057,-118.472152,True,ai,grounded
"RUSS, AUGUST & KABAT",12424 WILSHIRE BLVD STE 1200,LOS ANGELES,CA,90025,34.041632199889,-118.470420433818,True,ai,grounded
"RUSS, AUGUST & KABAT",8080 N CENTRAL EXPY STE 1503,DALLAS,TX,75206,32.860389395844,-96.769779765835,False,ai,grounded
"RUSS, AUGUST & KABAT",33 N DEARBORN ST STE 1000,CHICAGO,IL,60602,41.882737574404,-87.629349530679,False,ai,grounded
"RUSSELL A. BIKOFF, ATTORNEY AND COUNSELOR AT LAW",PO BOX 615,MCLEAN,VA,22101,38.9342888,-77.1776327,True,manual,verified
RUSSELL REYNOLDS ASSOCIATES,130 E RANDOLPH ST STE 2900,CHICAGO,IL,60601,41.8843072,-87.6242295,True,ai,corroborated
RUSSO DEVELOPMENT COMPANY,,,,,,,True,,
RUTGERS,57 US HWY 1,NEW BRUNSWICK,NJ,08901,40.483638,-74.44246,True,ai,corroborated
RUTGERS UNIVERSITY,,,,,,,True,,
RUTH BINDER CPA,,,,,,,True,,
"RUTKIN, OLDHAM, & GRIFFIN",225 W WACKER DR STE 2120,CHICAGO,IL,60606,41.8862507,-87.6350904,True,ai,uncorroborated
RUTTENBERG IP LAW,1801 CENTURY PARK EAST STE 1920,LOS ANGELES,CA,90067,34.0621057,-118.4159357,True,ai,grounded
RUXTON TOWERS EYE ASSOCIATES,,,,,,,True,,
RUZ DISTRIBUTION,,,,,,,True,,
RVA MG,,,,,,,True,,
RWJB HEALTH,1 ROBERT WOOD JOHNSON PL,NEW BRUNSWICK,NJ,08901,40.483638,-74.44246,True,ai,corroborated
RWJBH,ONE ROBERT WOOD JOHNSON PLZ,NEW BRUNSWICK,NJ,08901,40.483638,-74.44246,True,ai,corroborated
RWJPE,1 ROBERT WOOD JOHNSON PLZ,NEW BRUNSWICK,NJ,08903,40.4936119,-74.4436416,True,ai,corroborated
RXR REALTY,620 8TH AVE 16TH FLOOR,NEW YORK,NY,10018,40.7558946,-73.9896743,True,ai,corroborated
RYAN LLC,8101 WINDROSE AVE STE 2000,PLANO,TX,75024,33.0885802,-96.825768,True,ai,grounded
"RYAN, SWANSON & CLEVELAND PLLC",1201 3RD AVE STE 3400,SEATTLE,WA,98101,47.6071707,-122.3360996,True,ai,corroborated
S AND I DIAMOND,,,,,,,True,,
S JONAS ASSOCIATES LLC,215 W 90TH ST,NEW YORK,NY,10024,40.790714,-73.9740281,True,ai,grounded
S LEVY SURPLUS,,,,,,,True,,
S&A MANAGEMENT,,,,,,,True,,
S&A STORES,,,,,,,True,,
S&G MEDICAL ENTERPRISES,,,,,,,True,,
S&P GLOBAL,55 WATER ST,NEW YORK,NY,10041,40.7032255,-74.0090671,True,ai,grounded
S&P GLOBAL,300 BRICKSTONE SQ,ANDOVER,MA,01810,42.6752923,-71.1458865,False,ai,grounded
S&P GLOBAL,ONE FINANCIAL CENTER 675 ATLANTIC AVE,BOSTON,MA,02111,42.351478844596,-71.05611780505,False,ai,grounded
S&P GLOBAL,ONE INDEPENDENCE WAY,PRINCETON,NJ,08540,40.36153003433,-74.601211627225,False,ai,grounded
S-3 GROUP,418 C ST NE,WASHINGTON,DC,20002,38.8941271547,-77.000337595783,True,ai,grounded
S-DOCS,,,,,,,True,,
S. ADELSBERG & CO,,,,,,,True,,
S. KATZMAN PRODUCE,225 NOSTRAND AVE,BROOKLYN,NY,11216,40.6908707,-73.9515567,True,ai,uncorroborated
"S. ZACHARY SAMUELS, A PROF CORP",,,,,,,True,,
S.A MOORE,,,,,,,True,,
S.E. MANAGEMENT CORP,,,,,,,True,,
S.L. NUSBAUM REALTY CO,7 W 20TH ST,BALTIMORE,MD,21218,39.3121339,-76.616822,True,ai,uncorroborated
S101 MANAGEMENT,,SUNNYVALE,CA,94086,,,True,manual,verified
SAADIA GROUP,275 MADISON AVE,NEW YORK,NY,10016,40.7502038,-73.9813548,True,ai,grounded
SABAN CAPITAL GROUP,2121 AVE OF THE STARS STE 800,LOS ANGELES,CA,90067,34.054968046259,-118.412446121406,True,ai,grounded
SABER REAL ESTATE ADVISORS,80 BUSINESS PARK DR STE 306,ARMONK,NY,10504,41.1225726,-73.7089109,True,ai,grounded
SABRA HEALTH CARE REIT,1781 FLIGHT WAY,TUSTIN,CA,92782,33.7049903,-117.836478,True,ai,grounded
SABRA HEALTH CARE REIT,18500 VON KARMAN AVE STE 550,IRVINE,CA,92612,33.677010354245,-117.85285402217,False,ai,grounded
SAC CAPITAL ADVISORS,C/O POINT72 ASSET MANAGEMENT 72 CUMMINGS POINT RD,STAMFORD,CT,06902,41.059347,-73.544384,True,ai,corroborated
SACHSE CONSTRUCTION,7025 GRANDRIDGE BLVD,LACEY,WA,98516,47.098919,-122.785426,True,ai,uncorroborated
SADA SYSTEMS,2550 N FIRST ST STE 1400,SAN JOSE,CA,95131,37.384431581833,-121.92650192891,True,ai,corroborated
SADIS & GOLDBERG LLP,,,,,,,True,,
SADZ,,,,,,,True,,
SAFE HARBOR MARINAS,14785 PRESTON RD STE 975,DALLAS,TX,75254,32.9495693,-96.8037243,True,ai,grounded
SAFEGUARD PROPERTIES,500 W MADISON ST STE 2900,CHICAGO,IL,60661,41.8825674,-87.6404921,True,ai,uncorroborated
SAFEHOLD,60 MADISON AVE 6TH FLOOR,NEW YORK,NY,10010,40.7432572,-73.9864215,True,ai,corroborated
SAFESLEEVE,,,,,,,True,,
SAFETECH,,,,,,,True,,
SAFETY INVESTMENT CO,,,,,,,True,,
SAFETY RADAR,,,,,,,True,,
SAFEWAY MANAGEMENT SERVICES INC,5918 STONERIDGE MALL RD,PLEASANTON,CA,94588,37.6972702,-121.9330456,True,ai,corroborated
SAFRA NATIONAL BANK,,,,,,,True,,
SAFT & CO,,,,,,,True,,
SAGE CHEMICAL,2 UNIVERSITY PLAZA STE 204,HACKENSACK,NJ,07601,40.8963588,-74.0390704,True,ai,grounded
SAGE HOSPITALITY GROUP,3800 S UTICA PL STE 300,TULSA,OK,74105,36.0757493,-95.9663107,True,ai,uncorroborated
SAGE INVESTORS,,,,,,,True,,
SAGE RHINO CAPITAL,101 JEFFERSON DR,MENLO PARK,CA,94025,37.483108605816,-122.175072276477,True,manual,verified
SAGE VENTURES LLC,1777 REISTERSTOWN RD STE 245,PIKESVILLE,MD,21208,39.383959,-76.724261,True,ai,grounded
SAGENT,80 BROAD ST 11TH FLOOR,NEW YORK,NY,10004,40.7043518,-74.0118701,True,ai,corroborated
SAGEWIND CAPITAL,430 PARK AVE,NEW YORK,NY,10022,40.7611695,-73.9722581,True,ai,corroborated
SAI,,,,,,,True,,
SAINT GOBAIN CORPORATION,12555 JEFFERSON AVE,NEWPORT NEWS,VA,23608,37.1297223,-76.5133426,True,ai,uncorroborated
SAINT LOUIS MATH HELP CENTER,,,,,,,True,,
SAINT LUKE'S PHYSICIAN GROUP,100 E 103RD ST STE 200,KANSAS CITY,MO,64114,38.9414546,-94.591287,True,ai,corroborated
SAINT LUKES,1000 E BROADWAY,SAINT LOUIS,MO,63102,38.634489,-90.186258,True,ai,corroborated
SAINT PETER'S UNIVERSITY HOSPITAL,254 EASTON AVE,NEW BRUNSWICK,NJ,08901,40.5006491,-74.4598666,True,ai,corroborated
"SAKKAS, CAHN & WEISS LLP",200 PARK AVE STE 1700,NEW YORK,NY,10166,40.7534645,-73.9766148,True,ai,corroborated
SALESFORCE,415 MISSION ST 3RD FLOOR,SAN FRANCISCO,CA,94105,37.7897744,-122.3969321,True,ai,corroborated
SALINAS VALLEY MEDICAL CLINIC,450 E ROMIE LN,SALINAS,CA,93901,36.6590968,-121.6463353,True,ai,corroborated
SALISBURY MANAGEMENT,23 WALKER AVE,PIKESVILLE,MD,21208,39.377078,-76.7219167,True,ai,grounded
SALMAR PROPERTIES,,,,,,,True,,
SALOMON SMITH BARNEY,1585 BROADWAY,NEW YORK,NY,10036,40.7599838,-73.9855237,True,ai,corroborated
SALT LAKE CITY CORPORATION,451 S STATE ST,SALT LAKE CITY,UT,84111,40.7595344,-111.8867969,True,ai,corroborated
SALTESH,,,,,,,True,,
SALTZMAN MUGAN DUSHOFF,1835 VILLAGE CENTER CIR,LAS VEGAS,NV,89134,36.1926199,-115.3017983,True,ai,corroborated
SALZBERG LAW OFFICE,2725 1/2 LOWELL BLVD,DENVER,CO,80211,39.7537201,-105.0346241,True,ai,grounded
SAM PARSI ATTORNEY APC,180 MONTGOMERY ST STE 1900,SAN FRANCISCO,CA,94104,37.7912221,-122.4017716,True,ai,corroborated
SAM SCHOOL,,,,,,,True,,
SAMANJO INC,,,,,,,True,,
SAMAR HOSPITALITY,40 WALL ST 28TH FLOOR,NEW YORK,NY,10005,40.7070219,-74.0096669,True,ai,corroborated
SAMARA PROPERTIES,,,,,,,True,,
SAMET CORPORATION,32 EXCHANGE TER NE,ATLANTA,GA,30303,33.752845,-84.390226,True,ai,uncorroborated
SAMI & ANNIE FAMILY FOUNDATION,,,,,,,True,,
SAMOTH CAPITAL,395 HUDSON ST,NEW YORK,NY,10014,40.7292047,-74.0077866,True,ai,uncorroborated
SAMS CLUB,2101 SE SIMPLE SAVINGS DR,BENTONVILLE,AR,72712,36.3462733,-94.1867645,True,ai,uncorroborated
SAMSON ENERGY COMPANY LLC,110 W 7TH ST STE 2000,TULSA,OK,74119,36.1485791,-95.9906334,True,manual,verified
SAMSON TUG AND BARGE,311 SUTTER ST STE 500,SAN FRANCISCO,CA,94104,37.7895148,-122.4056637,True,ai,uncorroborated
SAMUEL B COLLECTION,300 XING BLVD,BRIDGEWATER,NJ,08807,40.5836973,-74.6133258,True,ai,uncorroborated
SAMUEL CAPITAL MANAGEMENT,101 PARK AVE 41ST FLOOR,NEW YORK,NY,10178,40.7508308,-73.9776118,True,ai,corroborated
"SAMUEL I. FINK, M.D. INC",,,,,,,True,,
SAMUEL INVESTMENT COMPANY,675 PONCE DE LEON AVE NE STE 5000,ATLANTA,GA,30308,33.7723214,-84.3653476,True,ai,uncorroborated
SAMUEL S WEINSTEIN MD,,,,,,,True,,
SAMUELS & ASSOCIATES,,,,,,,True,,
SAN ANTONIO ORTHOPAEDIC SPECIALISTS,8303 N LOOP 1604 W STE 300,SAN ANTONIO,TX,78254,29.5585314,-98.6610471,True,ai,corroborated
SAN DIEGO JEWISH JOURNAL,8788 BALBOA AVE STE 203,SAN DIEGO,CA,92123,32.820711,-117.138967,True,ai,corroborated
SAN FERNANDO VALLEY NEUROLOGIC,,,,,,,True,,
SAN FRANCISCO SPINE SURGEONS,1 SHRADER ST,SAN FRANCISCO,CA,94117,37.7746247,-122.4533024,True,manual,verified
SAN FRANCISCO STATE UNIVERSITY,1600 HOLLOWAY AVE,SAN FRANCISCO,CA,94132,37.7204995,-122.4774198,True,ai,corroborated
SAN HOSE INSTITUTE OF CONTEMPORARY ART,,,,,,,True,,
SAN JACINTO COLLEGE NORTH,14615 INDEPENDENT PKWY,MISSION,TX,78573,26.296191,-98.299959,True,ai,corroborated
SAN JOAQUIN DELTA COLLEGE,5151 PACIFIC AVE,STOCKTON,CA,95207,37.9952557,-121.3193097,True,ai,corroborated
SANA,,,,,,,True,,
SANARIA INC,9600 BLACKWELL RD STE 370,ROCKVILLE,MD,20850,39.0999593,-77.1900841,True,ai,corroborated
SAND CAT PROPERTIES,,,,,,,True,,
SANDALWOOD SECURITIES INC,105 EISENHOWER PKWY STE 201,ROSELAND,NJ,07068,40.8275321,-74.3196001,True,manual,verified
SANDERS CLINIC,,,,,,,True,,
SANDERS ROBERTS LLP,1 EMBARCADERO CENTER STE 500,SAN FRANCISCO,CA,94111,37.7947268,-122.3995563,True,ai,corroborated
SANDHURST,,,,,,,True,,
SANDLER FAMILY FOUNDATION,,,,,,,True,,
SANDY SPRING BUILDERS,14006 OLD COLUMBIA PIKE,GERMANTOWN,MD,20874,39.133056,-77.301828,True,ai,corroborated
SANKATY ADVISORS,111 HUNTINGTON AVE,BOSTON,MA,02199,42.3464784,-71.0814676,True,manual,verified
SANOFI,300 CAMPUS DR,FLORHAM PARK,NJ,07932,40.7835562,-74.4287937,True,ai,corroborated
SANS SOUCI PROP INC,,,,,,,True,,
SANTA BARBARA TAX PRODUCT GROUP,,,,,,,True,,
SANTA CLARITA STUDIOS CORP,25135 ANZA DR,SANTA CLARITA,CA,91355,34.431037966344,-118.574689854428,True,ai,grounded
SANTA CLARITA STUDIOS CORP,27781 AVE HOPKINS,SANTA CLARITA,CA,91355,34.433243416028,-118.575004031827,False,ai,grounded
SANTA CRUZ SEASIDE CO,,,,,,,True,,
SANTA FE FILM FESTIVAL,1607 ST MICHAEL'S DR,SANTA FE,NM,87505,35.6574331,-105.9498886,True,ai,corroborated
SANTA MONICA PARTNERS,1865 PALMER AVE,LARCHMONT,NY,10538,40.9342399,-73.7572871,True,manual,verified
SAORA LLC,,,,,,,True,,
SAP,2701 PATRICK HENRY DR,PALO ALTO,CA,94304,37.397253,-122.166979,True,ai,uncorroborated
SAPER LAW,,,,,,,True,,
SAR ACADEMY,,,,,,,True,,
SAR HIGH SCHOOL,,,,,,,True,,
SARACHEK LAW FIRM,101 PARK AVE 27TH FLOOR,NEW YORK,NY,10178,40.7508308,-73.9776118,True,ai,corroborated
SARAH LAWRENCE COLLEGE,1 MEAD WAY,BRONXVILLE,NY,10708,40.938267,-73.829922,True,ai,corroborated
SARAH Z DESIGNS,,,,,,,True,,
SARASOTA PHYSICIANS' DIALYSIS CENTER,401 S TUTTLE AVE,SARASOTA,FL,34237,27.332779,-82.513937,True,ai,corroborated
SARGEANT MAJOR ASSOCIATES,,,,,,,True,,
SAS,100 SAS CAMPUS DR,CARY,NC,27513,35.829255,-78.765657,True,ai,corroborated
SASONE,,,,,,,True,,
SASSON REAL ESTATE GROUP,,,,,,,True,,
SATELLITE ASSET MANAGEMENT L.P,3 EMBARCADERO CENTER STE 1250,SAN FRANCISCO,CA,94111,37.7946662,-122.3996548,True,ai,uncorroborated
SAUL EWING,1735 MARKET ST STE 3400,PHILADELPHIA,PA,19103,39.953644,-75.1695204,True,ai,grounded
SAV EYEWEAR,,,,,,,True,,
SAVAL FOODS CORPORATION,,,,,,,True,,
SAVE THE DATE,,,,,,,True,,
SAVERS,990 RESERVE DR,BELLEVUE,WA,98005,47.612771,-122.167621,True,ai,corroborated
SAVILLS,225 W 34TH ST,NEW YORK,NY,10122,40.7518074,-73.9917459,True,ai,corroborated
SAVVI AI,,,,,,,True,,
SAXON MNAGEMENT,,,,,,,True,,
SAXON PARTNERS LLC,309 LEXINGTON AVE STE 1000,NEW YORK,NY,10016,40.748639,-73.9779697,True,ai,uncorroborated
SAZERAC COMPANY,101 MARDI GRAS BLVD,NEW ORLEANS,LA,70130,29.9381024,-90.0511455,True,ai,corroborated
SB ADVISORS,,,,,,,True,,
SB360 CAPITAL PARTNERS LLC,1540 BROADWAY 22ND FLOOR,NEW YORK,NY,10036,40.758032,-73.984832,True,ai,corroborated
SBA,409 3RD ST SW,WASHINGTON,DC,20416,38.8846357,-77.0157343,True,ai,uncorroborated
SBH,,,,,,,True,,
SBJT - BAKLARZ FAMILY,,,,,,,True,,
SBL VENTURE CAPITAL,,,,,,,True,,
SBLF,,,,,,,True,,
SBNY,565 5TH AVE,NEW YORK,NY,10017,40.7560465,-73.9785035,True,ai,grounded
SBV RE INVESTMENTS LLC,1150 KANE CONCOURSE 2ND FLOOR,BAY HARBOR ISLANDS,FL,33154,25.8864704,-80.1323094,True,ai,grounded
SCA PHARMA,95 HAYDEN AVE,LEXINGTON,MA,02421,42.4247495,-71.2463592,True,ai,uncorroborated
SCAEFER FINANCIAL GROUP,,,,,,,True,,
SCALE LAW,,,,,,,True,,
SCARSDALE MEDICAL GROUP,2 DICKSON PLAZA,SCARSDALE,NY,10583,40.988647,-73.788879,True,ai,corroborated
SCHALL LAW FIRM,2049 CENTURY PARK EAST STE 2460,LOS ANGELES,CA,90067,34.0587104,-118.4127848,True,ai,grounded
SCHALL LAW FIRM,274 WHITE PLAINS RD STE 1,EASTCHESTER,NY,10709,40.948770313121,-73.818331382311,False,ai,grounded
SCHALL LAW FIRM,501 W BROADWAY STE 1490,SAN DIEGO,CA,92101,32.715657943751,-117.166935091904,False,ai,grounded
SCHATZKI ASSOCIATES,,,,,,,True,,
SCHECHNER LIFSON,25 DEFOREST AVE,SUMMIT,NJ,07901,40.7189755,-74.359855,True,ai,corroborated
SCHECHTER MANHATTAN SCHOOL,244 W 144TH ST,NEW YORK,NY,10030,40.8213013,-73.9408672,True,ai,corroborated
SCHECHTER WEALTH,,,,,,,True,,
SCHECK GROUP,,MIAMI,FL,33131,,,True,manual,verified
SCHEINER LAW GROUP PC,,,,,,,True,,
SCHER INVESTMENT GROUP,1485 E VALLEY RD STE C,MONTECITO,CA,93108,34.4365916,-119.6332338,True,manual,verified
SCHIFF & ASSOCIATES CO LPA,1350 EUCLID AVE STE 800,CLEVELAND,OH,44115,41.5003198,-81.6818083,True,ai,corroborated
SCHINDLER BROKERAGE LLC,7333 RONDEL CT,SAN DIEGO,CA,92119,32.80736,-117.044616,True,ai,grounded
SCHLANGER SILVER LLP,260 MADISON AVE 17TH FLOOR,NEW YORK,NY,10016,40.750754,-73.9812427,True,ai,uncorroborated
SCHLESINGER AND BUCHBINDER LLP,380 LEXINGTON AVE STE 1706,NEW YORK,NY,10168,40.7509668,-73.9765719,True,ai,uncorroborated
SCHLUMBERGER,5599 SAN FELIPE STE 3700,HOUSTON,TX,77056,29.749961,-95.47434,True,ai,corroborated
SCHMITT SUSSMAN ENTERPRISES,,,,,,,True,,
SCHNITMAN CHIROPRACTIC,,,,,,,True,,
SCHNITZER STEEL,3300 NW YEON AVE,PORTLAND,OR,97210,45.5460228,-122.708817,True,ai,corroborated
"SCHOCHOR, STATON, GOLDBERG AND CARDEA PA",1211 ST PAUL ST,BALTIMORE,MD,21202,39.3040265,-76.6142058,True,manual,verified
SCHOENBERG MEMORIAL CHAPEL,519 PHILADELPHIA PIKE,WILMINGTON,DE,19809,39.768612704553,-75.505004820705,True,ai,grounded
SCHONFELD,520 MADISON AVE 14TH FLOOR,NEW YORK,NY,10022,40.7602214,-73.9744253,True,ai,corroborated
SCHONFELD STRATEGIC ADVISORS,299 PARK AVE 12TH FLOOR,NEW YORK,NY,10171,40.7560254,-73.9741826,True,ai,grounded
SCHOOL DISTRICT,,,,,,,True,,
SCHOOL DISTRICT 12,,,,,,,True,,
SCHOOL OF STYLE,,,,,,,True,,
SCHOOL TELECOM LLC,2610 E ROSE GARDEN LN STE 203,PHOENIX,AZ,85050,33.676959,-112.0265855,True,ai,uncorroborated
SCHOOLER ASSET MANAGEMENT COMPANY,580 CALIFORNIA ST STE 1200,SAN FRANCISCO,CA,94104,37.7929844,-122.404152,True,ai,uncorroborated
SCHOSTAK BROTHERS,17800 LAUREL PARK DR NORTH STE 200C,LIVONIA,MI,48152,42.4147668,-83.4193276,True,ai,grounded
SCHREIBER ALLERGY,9601 BLACKWELL RD STE 350,ROCKVILLE,MD,20850,39.0999593,-77.1900841,True,ai,grounded
SCHUCKIT AND ASSOCIATES PC,4545 NORTHWESTERN DR,ZIONSVILLE,IN,46077,39.98189,-86.278939,True,ai,corroborated
SCHUCKMAN REALTY,,,,,,,True,,
SCHULTE ROTH & ZABEL LLP,919 THIRD AVE,NEW YORK,NY,10022,40.759089190755,-73.968291031908,True,ai,corroborated
SCHUSTERMAN INTERESTS LLC,110 W 7TH ST STE 2000,TULSA,OK,74119,36.1485791,-95.9906334,True,manual,verified
SCHUWARGER & ASSOCIATES,,,,,,,True,,
SCHUYLER,,,,,,,True,,
SCHWALB REALTY GROUP INC,1111 BRICKELL AVE STE 2300,MIAMI,FL,33131,25.762879,-80.1914671,True,ai,uncorroborated
SCHWARTZ ADVISORS,340 MADISON AVE 2ND FLOOR,NEW YORK,NY,10173,40.7539442,-73.9789783,True,ai,uncorroborated
SCHWARTZ CAPITAL GROUP,1 N WACKER DR,CHICAGO,IL,60606,41.882319,-87.6361438,True,manual,verified
SCHWARTZ LAW PLLC,601 E BRIDGER AVE,LAS VEGAS,NV,89101,36.172788,-115.122324,True,manual,verified
SCHWARTZ SLADKUS REICH,270 MADISON AVE,NEW YORK,NY,10016,40.7512394,-73.9808787,True,ai,corroborated
SCHWEBEL GOETZ & SIEBEN,7501 METRO BLVD STE 100,MINNEAPOLIS,MN,55439,44.873551,-93.373048,True,ai,corroborated
SCHWEIGER DERMATOLOGY,110 E 55TH ST 14TH FLOOR,NEW YORK,NY,10022,40.7598571,-73.9711792,True,ai,grounded
SCI CAPITAL,1875 CENTURY PARK EAST STE 320,LOS ANGELES,CA,90067,34.0618409,-118.415054,True,ai,grounded
SCI TECH AUTOMOTIVE,12010 S US HWY 71,GRANDVIEW,MO,64030,38.881359,-94.522744,True,ai,grounded
SCIENCE IS ELEMENTARY,,,,,,,True,,
SCIENCE LAB 3,,,,,,,True,,
SCMV,,,,,,,True,,
SCOPE IMPORTS INC,1403 GILLINGHAM LN STE 200,SUGAR LAND,TX,77478,29.6421717,-95.613591,True,manual,verified
SCOPP & ASSOCIATES,,,,,,,True,,
SCOR GLOBAL LIFE REINSURANCE,101 S TRYON ST STE 3200,CHARLOTTE,NC,28280,35.2259484,-80.8431228,True,ai,grounded
SCOR REINSURANCE,1166 AVE OF THE AMERICAS 33RD FLOOR,NEW YORK,NY,10036,40.7568778,-73.9820036,True,ai,uncorroborated
SCORE MENTORS,409 3RD ST SW STE 700,WASHINGTON,DC,20024,38.8846357,-77.0157343,True,ai,uncorroborated
SCOTT CIRCLE COMMUNICATIONS INC,,,,,,,True,,
"SCOTT FANE,CPA PA",7401 WILES RD,CORAL SPRINGS,FL,33067,26.2867597,-80.2258512,True,ai,corroborated
SCOTT NAWY LLC,,,,,,,True,,
SCOTT NOTIONS INC,,,,,,,True,,
SCOTTHULSE PC,201 E MAIN DR STE 1100,EL PASO,TX,79901,31.7589,-106.4905776,True,ai,corroborated
SCP,,,,,,,True,,
SCP MANAGEMENT,1 SENECA TOWER STE 2400,BUFFALO,NY,14203,42.8797305,-78.8765295,True,ai,grounded
SCPMG,,,,,,,True,,
SCRAPSOURCE,8235 DOUGLAS AVE STE 401,DALLAS,TX,75225,32.86275668636,-96.808718973114,True,ai,grounded
SCRAPSOURCE,8333 DOUGLAS AVE STE 1525,DALLAS,TX,75225,32.864022994009,-96.808732832649,False,ai,grounded
SCREEN MACHINE,250 FAIRVIEW DR,COLUMBIA,TN,38401,35.6154452,-87.0197763,True,ai,uncorroborated
SCRIPPS HEALTH,10124 SORRENTO VALLEY RD,SAN DIEGO,CA,92121,32.8900487,-117.2090474,True,ai,corroborated
SCRRA,900 WILSHIRE BLVD STE 450,LOS ANGELES,CA,90017,34.0501526,-118.2603791,True,ai,corroborated
SCS,,,,,,,True,,
SCULPTOR CAPITAL MANAGEMENT,9 W 57TH ST,NEW YORK,NY,10019,40.7638353,-73.9749533,True,manual,verified
SDA,,,,,,,True,,
SDB FAMILY HOLDINGS LLC,,,,,,,True,,
SDG,,,,,,,True,,
SDG&E,8326 CENTURY PARK CT,SAN DIEGO,CA,92123,32.8235386,-117.1439682,True,ai,corroborated
SDI TECHNOLOGIES INC,1299 MAIN ST,RAHWAY,NJ,07065,40.60326,-74.275399,True,ai,grounded
SDMG,,,,,,,True,,
SDSU,5500 CAMPANILE DR,SAN DIEGO,CA,92182,32.7729919,-117.0736735,True,ai,corroborated
SE ASSET MANAGEMENT GROUP INC,,,,,,,True,,
SE CHIRO,,,,,,,True,,
SEA LAND CHEMICAL,1500 E 1ST ST,MARION,IN,46952,40.5605108,-85.6579087,True,ai,uncorroborated
SEACOR HOLDINGS INC,600 BRICKELL AVE STE 2525,MIAMI,FL,33131,25.7675114,-80.1910059,True,ai,corroborated
SEAL,,,,,,,True,,
SEAM,,,,,,,True,,
SEAPORT GLOBAL,1251 AVE OF THE AMERICAS 29TH FLOOR,NEW YORK,NY,10020,40.7600411,-73.9818903,True,ai,uncorroborated
SEARS FINANCIAL CORP,6340 N CAMPBELL AVE STE 278,TUCSON,AZ,85718,32.2876979,-110.9438323,True,ai,grounded
SEATTLE POLICE DEPARTMENT,,,,,,,True,,
SECOND LINE ADVISORS,745 FIFTH AVE 9TH FLOOR,NEW YORK,NY,10151,40.763069934781,-73.973804229702,True,ai,corroborated
SECOND NATURE AI,,,,,,,True,,
SECOR ASSET MANAGEMENT,10 W BROADWAY STE 301,LONG BEACH,CA,90802,33.7693116,-118.193206,True,ai,uncorroborated
SEDER $ CHANDLER LLP,339 MAIN ST STE 300,WORCESTER,MA,01608,42.2652128,-71.8009403,True,manual,verified
SEDGWICK,1251 AVE OF THE AMERICAS 43RD FLOOR,NEW YORK,NY,10020,40.7600411,-73.9818903,True,ai,uncorroborated
SEED AND SMITH,1656 N FORT LAUDERDALE BEACH BLVD STE 210,FORT LAUDERDALE,FL,33304,26.1301324,-80.1034298,True,ai,corroborated
SEED MILL,,,,,,,True,,
SEEN READ HEARD,,,,,,,True,,
SEF,,,,,,,True,,
SEGAL & FEINBERG,,,,,,,True,,
SEGAL MANAGEMENT LLC,300 FRANK W BURR BLVD STE 21,TEANECK,NJ,07666,40.8734797,-74.0067601,True,ai,uncorroborated
SEGALL GROUP,109 LIBBEY PARK N,WESTFIELD,NJ,07090,40.651644,-74.343447,True,ai,uncorroborated
SEGBRO,,,,,,,True,,
SEGENS NA,,,,,,,True,,
SEIDBERG LAW OFFICES PC,2412 E CAMPBELL AVE,PHOENIX,AZ,85016,33.502199,-112.029099,True,ai,grounded
SEL,,,,,,,True,,
SELD,,,,,,,True,,
SELECT PET PRODUCTS,2980 NE 207TH ST STE 701,AVENTURA,FL,33180,25.9672592,-80.14206,True,ai,grounded
SELECTIVE REAL ESTATE INVESTMENTS,,ENCINO,CA,91316,,,True,manual,verified
SELF-HELP HOME,1531 FILLMORE ST,SAN FRANCISCO,CA,94115,37.7836353,-122.4328779,True,ai,uncorroborated
"SELF; LISA HESS, CPA",,,,,,,True,,
SELFF,,,,,,,True,,
SELG,,,,,,,True,,
SELIG ENTERPRISES,1100 SPRING ST NW STE 700,ATLANTA,GA,30309,33.784563,-84.389307,True,ai,corroborated
SELIG ZISES INVESTING,,,,,,,True,,
SELIGMAN GROUP,10877 WILSHIRE BLVD STE 2500,LOS ANGELES,CA,90024,34.0593157,-118.4421772,True,ai,uncorroborated
SELKIN LASER CENTER,1133 3RD AVE STE 400,NEW YORK,NY,10065,40.766627,-73.962755,True,ai,uncorroborated
"SELLERS, AYERS, DORTCH AND LYONS",,,,,,,True,,
SELLF,,,,,,,True,,
SELLUP INC,,,,,,,True,,
SELMAN LEICHENGER,,,,,,,True,,
SELS,,,,,,,True,,
SELT,,,,,,,True,,
SELTZER CAPLAN,750 B ST STE 2100,SAN DIEGO,CA,92101,32.7179729,-117.157883,True,ai,grounded
SELTZER LICENSING GROUP,40 WORTH ST 10TH FLOOR,NEW YORK,NY,10013,40.717095,-74.0067095,True,ai,corroborated
SELZER GURVITCH ET AL,,,,,,,True,,
SEMINOLE COUNTY PUBLIC SCHOOLS,400 E LAKE MARY BLVD,SANFORD,FL,32773,28.7578026,-81.2827259,True,ai,corroborated
SEMINOLE INVESTMENT MANAGEMENT,55 POST RD WEST THIRD FLOOR,WESTPORT,CT,06880,41.142752,-73.343614,True,ai,grounded
SEMPRA ENERGY TRADIN,,,,,,,True,,
SEMPRE CAPITAL,750 LEXINGTON AVE 14TH FLOOR,NEW YORK,NY,10022,40.7625148,-73.9685564,True,ai,uncorroborated
SEMRUSH,800 BOYLSTON ST STE 2475,BOSTON,MA,02199,42.3471718,-71.0825069,True,ai,uncorroborated
SENATOR INVESTMENT GROUP,124 E 14TH ST 20TH FLOOR,NEW YORK,NY,10003,40.733734757889,-73.988393533087,True,ai,grounded
SENATOR INVESTMENT GROUP,510 MADISON AVE 28TH FLOOR,NEW YORK,NY,10022,40.759717929668,-73.974327708914,False,ai,grounded
SENIOR HOUSING GROUP LLC,,CHICAGO,IL,,,,True,manual,verified
SENIOR INSURANCE SOLUTIONS LLC,400 RELLA BLVD STE 120,WOODLAND PARK,NJ,07424,40.882319,-74.205876,True,ai,uncorroborated
SENSIBLE AUTO SERVICING,,,,,,,True,,
SENTILINK,3955 FREEDOM CIR STE 460,SANTA CLARA,CA,95054,37.3853878,-121.9729086,True,ai,corroborated
SEPF,,,,,,,True,,
SEPHARDIC INSTITUTE & SYNAGOGUE,,,,,,,True,,
SEPHORA,525 MARKET ST STE 1800,SAN FRANCISCO,CA,94105,37.7905075,-122.399158,True,ai,corroborated
SEQUENTIAL BRANDS,1407 BROADWAY 38TH FLOOR,NEW YORK,NY,10018,40.753531,-73.9876248,True,ai,grounded
SEQUOIA CONSULTING GROUP,2410 CAMINO RAMON STE 225,SAN RAMON,CA,94583,37.7739751,-121.9645954,True,ai,uncorroborated
SEQUOIA PROPERTY MANAGEMENT,101 CALIFORNIA ST STE 1500,SAN FRANCISCO,CA,94111,37.7929054,-122.3981127,True,ai,uncorroborated
SEQUOIA REALTY,2479 E BAYSHORE RD STE 100,PALO ALTO,CA,94303,37.4483405,-122.1179191,True,ai,corroborated
SERENA & LILY,2440 BROADWAY STE 202,SANTA MONICA,CA,90404,34.0311642,-118.4738585,True,ai,corroborated
SERITAGE GROWTH PROPERTIES,600 LEXINGTON AVE 40TH FLOOR,NEW YORK,NY,10022,40.7580277,-73.9714246,True,ai,uncorroborated
SERLING & ABRAMSON PC,810 SEVENTH AVE STE 620,NEW YORK,NY,10019,40.762640276404,-73.982220945042,True,ai,uncorroborated
SERMONIX PHARMACEUTICALS,250 E BROAD ST STE 250,COLUMBUS,OH,43215,39.9632555,-82.9940042,True,ai,grounded
SERVENCO ENTERPRISES,,,,,,,True,,
SERVENCO MANAGEMENT,53 FOREST AVE STE 200,OLD GREENWICH,CT,06870,41.0353325,-73.5640589,True,manual,verified
SERVICE MARKETING INC,200 W 41ST ST STE 1600,NEW YORK,NY,10036,40.755372,-73.9877527,True,ai,uncorroborated
SERVICE SUPPORT SPECIALTIES INC,,,,,,,True,,
SERVICE TITAN,555 W 5TH ST STE 2300,LOS ANGELES,CA,90013,34.0500816,-118.2534063,True,ai,corroborated
SERVICE WIRE,310 DAVIS RD,CULLODEN,WV,25510,38.382296,-82.082999,True,ai,corroborated
SERVICENOW,2225 LAWSON LN,SANTA CLARA,CA,95054,37.3758244,-121.9627088,True,ai,corroborated
SESAME MEDITERRANEAN GRILL,15233 VENTURA BLVD STE 230,SHERMAN OAKS,CA,91403,34.1540942,-118.465252,True,ai,grounded
SETAREH LAW GROUP,9454 WILSHIRE BLVD STE 600,BEVERLY HILLS,CA,90212,34.066719,-118.3986768,True,ai,corroborated
SETH GROSSMAN ATTORNEY,,,,,,,True,,
SETI INSTITUTE,,,,,,,True,,
SETNA IO,,,,,,,True,,
SETON HALL UNIVERSITY,400 S ORANGE AVE,SOUTH ORANGE,NJ,07079,40.7418456,-74.2449474,True,ai,corroborated
SEVEN GABLES REAL ESTATE,150 W END AVE,BOSTON,MA,02134,42.358786,-71.129581,True,ai,uncorroborated
SEVEN LETTER,260 MADISON AVE 9TH FLOOR,NEW YORK,NY,10016,40.750754,-73.9812427,True,ai,uncorroborated
SEWARD & KISSEL,ONE BATTERY PARK PLAZA,NEW YORK,NY,10004,40.7033346,-74.0137727,True,ai,corroborated
SEWICKLEY VALLEY MEDICAL GROUP,100 W PITTSBURGH ST,SEWICKLEY,PA,15143,40.568138,-80.146807,True,ai,corroborated
SEYFARTH,233 S WACKER DR 8000,CHICAGO,IL,60606,41.881259,-87.637452,True,ai,corroborated
SEYFARTH SHAW,233 S WACKER DR STE 8000,CHICAGO,IL,60606,41.878916229496,-87.636602795305,True,ai,grounded
SEYFARTH SHAW,TWO SEAPORT LN SEAPORT EAST STE 1200,BOSTON,MA,02210,42.349629930931,-71.041007962292,False,ai,grounded
SEYFARTH SHAW,975 F ST NW,WASHINGTON,DC,20004,38.897401509899,-77.025449947905,False,ai,grounded
SEYFARTH SHAW,620 EIGHTH AVE 32ND FLOOR,NEW YORK,NY,10018,40.755973909877,-73.990623668899,False,ai,grounded
SF CUSTOM HOMES LLC,,,,,,,True,,
SF POULTRY,441 N SAM HOUSTON PKWY E,HOUSTON,TX,77060,29.9396387,-95.396779,True,ai,uncorroborated
SF PROPERTIES LLC,17672 LAUREL PARK DR NORTH STE 400E,LIVONIA,MI,48152,42.414616622042,-83.419402644381,True,ai,grounded
SFB EVOLUTION INC,,,,,,,True,,
SFHI,600 ANTON BLVD STE 900,COSTA MESA,CA,92626,33.6907796,-117.8814284,True,ai,uncorroborated
SFMG,,,,,,,True,,
SFO AIRPORR,INTERNATIONAL TERMINAL SAN FRANCISCO INTERNATIONAL AIRPORT 1 AIRPORT ACCESS RD,SAN FRANCISCO,CA,94128,37.621955,-122.383797,True,ai,corroborated
SFSS,,,,,,,True,,
SG PARTNERS,28 LIBERTY ST 39TH FLOOR,NEW YORK,NY,10005,40.7078495,-74.0089818,True,ai,corroborated
SG360,1351 S WHEELING RD,WHEELING,IL,60090,42.1149612,-87.9269536,True,ai,grounded
SGC,,,,,,,True,,
SGL ACQUISITIONS LLC,,,,,,,True,,
SGS CONSULTING,,,,,,,True,,
SGUS,,,,,,,True,,
SGWS,1600 NW 163RD ST,MIAMI,FL,33169,25.922008,-80.2264442,True,ai,grounded
SH&A,,,,,,,True,,
SHADER BROTHERS CORP,6327 EDGEWATER DR,ORLANDO,FL,32810,28.5842117,-81.3920826,True,ai,grounded
SHADY GROVE FERTILITY,9625 BLACKWELL RD STE 200,ROCKVILLE,MD,20850,39.0999593,-77.1900841,True,ai,corroborated
SHAKER RECRUITMENT MARKETING,1100 LAKE ST,OAK PARK,IL,60301,41.8890984,-87.8030534,True,ai,grounded
SHAKESPEARE OXFORD FELLOWSHIP,,,,,,,True,,
SHALHEVET HIGH SCHOOL,910 S CITRUS AVE,LOS ANGELES,CA,90036,34.0584913,-118.3406451,True,ai,corroborated
SHALOM ALLIANCE VERMONT,36 PEARL ST,MONTPELIER,VT,05602,44.2675052,-72.5708473,True,ai,corroborated
SHALOM INSTITUTE,,,,,,,True,,
SHALOM TIKVAH,2045 MYRTLEWOOD RD,BALTIMORE,MD,21209,39.3728808,-76.6649954,True,ai,grounded
"SHAMBERG, JOHNSON & BERGMAN",2600 GRAND BLVD STE 550,KANSAS CITY,MO,64108,39.0794801,-94.5837413,True,ai,grounded
SHAMIE DEVELOPMENT,26111 W 14 MILE RD STE LL4,FRANKLIN,MI,48025,42.5288342,-83.304733,True,ai,corroborated
SHAMINA INVESTMENTS,,,,,,,True,,
SHANNON FABRICS,3131 S ALAMEDA ST,LOS ANGELES,CA,90058,34.0109001,-118.2397881,True,ai,grounded
SHANNON RIVER,,,,,,,True,,
SHANNON RUSSO INTERIORS,45 W 27TH ST 6TH FL,NEW YORK,NY,10001,40.750649,-73.997298,True,ai,uncorroborated
SHAOLIAN LAW FIRM PC,11 BROADWAY STE 615,NEW YORK,NY,10004,40.7052865,-74.0140236,True,ai,uncorroborated
SHAPCO,4000 E 3RD ST,TUCSON,AZ,85711,32.23156,-110.907042,True,ai,uncorroborated
SHAPERO & SHAPERO,5950 CANOGA AVE STE 235,WOODLAND HILLS,CA,91367,34.1782555,-118.5972605,True,ai,grounded
SHAPIRO & DUNCAN,,,,,,,True,,
SHAPIRO LAW TEAM,,,,,,,True,,
SHAPIRO LINN STRATEGIC CONSULTING,,,,,,,True,,
SHAPIRO ZWANETZ & LAKE,7226 LEE DEFOREST DR STE 207,COLUMBIA,MD,21046,39.1735936,-76.8221739,True,ai,grounded
"SHAPIRO, GOLDMAN, BABBONI",,,,,,,True,,
SHARE AMERICA,1300 PENNSYLVANIA AVE NW,WASHINGTON,DC,20004,38.8942317,-77.0306901,True,ai,uncorroborated
SHARF LAW FIRM,,,,,,,True,,
SHARON WILKES LLC,,,,,,,True,,
SHARP ADVISORY SERVICES,,,,,,,True,,
SHARP CORONADO HOSPITAL AND HEALTHCARE,352 SANTA CLARA AVE,CORONADO,CA,92118,32.698795,-117.20911,True,ai,corroborated
SHARP HEALTHCARE,7901 FROST ST,SAN DIEGO,CA,92123,32.7996982,-117.1543535,True,ai,corroborated
SHARP MANAGEMENT CORP,,,,,,,True,,
SHARP MEDICAL IMAGING,,,,,,,True,,
SHARSHARET,3 UNIVERSITY PLAZA STE 402,HACKENSACK,NJ,07601,40.8960633,-74.0395893,True,ai,corroborated
SHAVER & LIEBOWITZ,,,,,,,True,,
SHAVI VENTURES,,,,,,,True,,
SHAW,2828 N HARWOOD ST STE 1600,DALLAS,TX,75201,32.7946637,-96.8081922,True,ai,uncorroborated
SHAW GUSSIS FISHMAN GLANTZ WOLFSON,321 N CLARK ST STE 800,CHICAGO,IL,60654,41.8881696,-87.6306139,True,ai,corroborated
SHAW PERELSON,,,,,,,True,,
SHAWN COHEN DDS PLLC,,,,,,,True,,
SHE'S GOT ISSUES MEDIA,,,,,,,True,,
SHEA & GOULD,90 BROAD ST,NEW YORK,NY,10004,40.7037965,-74.0119608,True,ai,uncorroborated
SHEA & MCINTYRE,,,,,,,True,,
SHEARMAN & STERLING,599 LEXINGTON AVE,NEW YORK,NY,10022,40.7578542,-73.9707227,True,ai,corroborated
SHEARSON,,,,,,,True,,
SHEENA PROPERTIES,,,,,,,True,,
SHEERR COMM,,,,,,,True,,
SHEFA INNOVATION FOUNDRY,,,,,,,True,,
SHELDON DEVELOPMENT,,,,,,,True,,
SHELDON RUBENFELD M.D. PA,,,,,,,True,,
SHELL INTERNATIONAL,,,,,,,True,,
SHELLY LEVY,,,,,,,True,,
SHEPPARD,,,,,,,True,,
SHEPPARD MULLIN,333 S HOPE ST 43RD FLOOR,LOS ANGELES,CA,90071,34.0536175,-118.2532727,True,ai,corroborated
SHER PLASTICS,,,,,,,True,,
SHERIDAN,1450 BROADWAY,NEW YORK,NY,10018,40.7548345,-73.9864878,True,ai,uncorroborated
SHERIDAN PLACE,,,,,,,True,,
SHERJAN BROADCASTING,,,,,,,True,,
SHERMAN BOSEMAN LEGAL GROUP,,,,,,,True,,
SHERMAN IP LLP,15760 VENTURA BLVD STE 700,LOS ANGELES,CA,91436,34.1552716,-118.4762079,True,ai,grounded
SHERMAN LAW GROUP PC,2 BETHESDA METRO CENTER STE 700,BETHESDA,MD,20814,38.9847744,-77.0957275,True,ai,uncorroborated
SHERMAN RESIDENTIAL,400 SKOKIE BLVD STE 200,NORTHBROOK,IL,60062,42.1439177,-87.7967861,True,ai,grounded
SHERMAN TAX,,,,,,,True,,
SHERR LAW GROUP,,,,,,,True,,
SHERRILL REALTY CO,26 BROAD ST,NEW YORK,NY,10004,40.7064277,-74.011345,True,ai,uncorroborated
SHERWOOD,,,,,,,True,,
SHERWOODLUMBER,3101 SW MOODY AVE,PORTLAND,OR,97239,45.500633048433,-122.67157556328,True,ai,uncorroborated
SHES GOT ISSUES,,,,,,,True,,
SHETLAND PROPERTIES,5410 W ROOSEVELT RD,CHICAGO,IL,60644,41.8658092,-87.7561303,True,manual,verified
SHHC,,,,,,,True,,
SHL INVESTMENT GROUP,9 W 57TH ST 50TH FLOOR,NEW YORK,NY,10019,40.7638353,-73.9749533,True,ai,grounded
SHOBU INC,,,,,,,True,,
SHOLOM & ZUCKERBROT REALTY LLC,,,,,,,True,,
SHOMREI TORAH WCC,,,,,,,True,,
SHONEY'S,,,,,,,True,,
SHOOK HARDY BACON,2555 GRAND BLVD,KANSAS CITY,MO,64108,39.0798234,-94.5823472,True,ai,uncorroborated
SHOP AT HOME,5825 UNIVERSITY RESEARCH CT STE 100,CHARLOTTE,NC,28262,35.322061,-80.739972,True,ai,uncorroborated
SHOP COMPANIES,,,,,,,True,,
SHOPPERAI,65 Yigal Alon Street,Tel Aviv,,6744316,32.0852997,34.7818064,True,manual,verified
SHOPPING CENTER MANAGEMENT CO,1829 REISTERSTOWN RD STE 440,PIKESVILLE,MD,21208,39.383959,-76.724261,True,ai,grounded
SHOPRITE OF MARYLAND,,,,,,,True,,
SHORASHIM,,,,,,,True,,
SHORE MEDICAL CENTER,1000 DELAWARE AVE,SOMERS POINT,NJ,08244,39.3111446,-74.5958233,True,ai,corroborated
SHORENSTEIN,2600 EL CAMINO REAL STE 300,PALO ALTO,CA,94306,37.4239195,-122.1433245,True,ai,uncorroborated
SHOREPOINTE NURSING & REHABILITATION CENTER,,,,,,,True,,
SHORES AND MARINA HARBOR APARTMENTS,,,,,,,True,,
SHOREWOOD FINANCIAL,111 W WISCONSIN AVE STE 1000,MILWAUKEE,WI,53203,43.03863,-87.911083,True,ai,uncorroborated
SHORSTEIN & SHORSTEIN,9100 S DADELAND BLVD STE 1610,MIAMI,FL,33156,25.6851049,-80.3146034,True,ai,corroborated
"SHOSHANA BULOW, PHD",,,,,,,True,,
SHOWD.ME,,,,,,,True,,
SHOWPLACE,,,,,,,True,,
SHOWRUNNER INDUSTRIES,,,,,,,True,,
SHOWTIME NETWORKS,1633 BROADWAY,NEW YORK,NY,10019,40.762093,-73.9846559,True,ai,uncorroborated
SHP REALTY INC,2141 MALLARD DR,NORTHBROOK,IL,60062,42.1139254,-87.8384126,True,ai,grounded
SHRIVER INVESTMENTS,,,,,,,True,,
"SHUMAKER, LOOP & KENDRICK",1000 JACKSON ST,TOLEDO,OH,43604,41.656751,-83.538502,True,manual,verified
SHUSHANA,,,,,,,True,,
SHUTTS & BOWEN LLP,200 S ORANGE AVE STE 1800,ORLANDO,FL,32801,28.5400099,-81.3794971,True,ai,corroborated
SHVI,,,,,,,True,,
SIBE AUTOMATION,,,,,,,True,,
SICHENZIA ROSS,61 BROADWAY,NEW YORK,NY,10006,40.7069573,-74.0125097,True,ai,corroborated
SICHENZIA ROSS FERENCE CARMEL LLC,61 BROADWAY 32ND FLOOR,NEW YORK,NY,10006,40.70949,-74.013054,True,ai,corroborated
SICPA PRODUCT SECURITY,1700 RESEARCH BLVD,ROCKVILLE,MD,20850,39.0962993,-77.1828847,True,ai,uncorroborated
SIDEROFSKY STRATEGIC ADVISORS,,,,,,,True,,
SIDLEY AUSTIN LLP,ONE SOUTH DEARBORN,CHICAGO,IL,60603,41.8815592,-87.6287306,True,ai,corroborated
SIDNEY CHARLES,,,,,,,True,,
SIDNEY G. FRIEDMAN MD INC,,,,,,,True,,
SIEGEL INSURANCE INC,,,,,,,True,,
"SIEGEL, LIPMAN, DUNAY, SHEPARD & MI",,,,,,,True,,
SIEGFRIED RIVERA,201 ALHAMBRA CIR STE 1100,CORAL GABLES,FL,33134,25.752655,-80.2591935,True,ai,corroborated
SIEGMAN CONSULTING SERVICES,,,,,,,True,,
SIEMENS DEMATIC P.A. L.T.D,1000 DEERFIELD PKWY,BUFFALO GROVE,IL,60089,42.1696287,-87.9349881,True,ai,uncorroborated
SIEMENS ENERGY,9900 W 109TH ST,OVERLAND PARK,KS,66210,38.9308245,-94.6998175,True,ai,uncorroborated
SIERRA FRANKLIN LLC,,,,,,,True,,
SIERRA IMAGING ASSOCIATES,,,,,,,True,,
SIERRA MINERALS LLC,,,,,,,True,,
SIERRA STEEL TRADING,,,,,,,True,,
SIERRACONSTELLATION PARTNERS,,,,,,,True,,
SIFMA,120 BROADWAY 35TH FLOOR,NEW YORK,NY,10271,40.7082035,-74.0105065,True,ai,corroborated
SIFT SCIENCE,275 7TH ST STE 1900,SAN FRANCISCO,CA,94103,37.7771506,-122.4082027,True,ai,corroborated
SIG,401 CITY AVE,BALA CYNWYD,PA,19004,40.0085608,-75.2133748,True,ai,corroborated
SIGHTMD,,,,,,,True,,
SIGMA INVESTMENT COUNSELORS,186 E MAIN ST STE 200,NORTHVILLE,MI,48167,42.4312684,-83.4813168,True,ai,grounded
SIGNAL BRANDS,5600 W ADAMS SUITE #200,LOS ANGELES,CA,90016,34.03241115268,-118.364802570784,True,ai,grounded
SIGNAL BRANDS,320 5TH AVE 4TH FLOOR,NEW YORK,NY,10001,40.747227533838,-73.985527456141,False,ai,grounded
SIGNAL HILL HOLDINGS,38 SYLVAN RD,MADISON,CT,06443,41.2803555,-72.5694105,True,ai,grounded
SIGNATURE BANK,565 FIFTH AVE,NEW YORK,NY,10017,40.756286298279,-73.978747953798,True,ai,corroborated
SIGNATURE PARTNERS LLC,,,,,,,True,,
SIGNATURE RESOLUTION,,,,,,,True,,
SIKORSKY AIRCRAFT,6900 MAIN ST,STRATFORD,CT,06614,41.2533077,-73.0921109,True,ai,uncorroborated
SILBERMAN LAW PA,,,,,,,True,,
SILBERSTEIN & ASSOCIATES,,,,,,,True,,
SILBEY,,,,,,,True,,
SILCON,,,,,,,True,,
SILICON EAST INC,,,,,,,True,,
SILLS CUMMIS & GROSS PC,101 PARK AVE,FLORHAM PARK,NJ,07932,40.77887,-74.429091,True,ai,corroborated
SILS CAPITAL,,,,,,,True,,
SILVER COMPANIES,2200 CARL D SILVER PKWY STE 100,FREDERICKSBURG,VA,22401,38.31491957013,-77.514489692889,True,manual,verified
SILVER COMPANIES,1201 CENTRAL PARK BLVD,FREDERICKSBURG,VA,22401,38.299626068404,-77.515860298591,False,ai,grounded
SILVER CROSS SURGERY CENTER,18900 S ILLINOIS ST,ORLAND PARK,IL,60467,41.597736,-87.886496,True,ai,corroborated
SILVER FALCON CAPITAL,,,,,,,True,,
SILVER FAMILY,,,,,,,True,,
SILVER FOX CAPITAL GROUP,7 TIMBER LN,BEDFORD,NH,03110,42.935584,-71.536871,True,ai,uncorroborated
SILVER HEIGHTS CAPITAL,,,,,,,True,,
SILVER INVESTMENTS LIMITED,,,,,,,True,,
SILVER LEGAL SERVICES LLC,,,,,,,True,,
SILVER MARKETING,,,,,,,True,,
SILVER MOUNTAIN PARTNERS,60 STARGAZER WAY,SEDONA,AZ,86336,34.878547,-111.858031,True,manual,verified
SILVERMAN ANKLE & FOOT,,,,,,,True,,
SILVERMAN FINANCIAL,350 ORCHARD AVE,RIDGEWOOD,NJ,07450,40.981591,-74.113506,True,ai,uncorroborated
SILVERMAN REALTY GROUP,200 W 41ST ST,NEW YORK,NY,10036,40.755372,-73.9877527,True,ai,corroborated
SILVERSTEIN DREAM FOUNDATION,30 W 44TH ST,NEW YORK,NY,10036,40.7553043,-73.9817247,True,ai,corroborated
SILVERSTEIN POMERANTZ,30 W 44TH ST,NEW YORK,NY,10036,40.7553043,-73.9817247,True,ai,uncorroborated
SILVERSTEIN PROPERTIES,7 TIMES SQ,NEW YORK,NY,10036,40.7555015,-73.9869028,True,ai,corroborated
SILVERTON MORTGAGE,1701 VILLAGE CENTER CIR,LAS VEGAS,NV,89134,36.1904515,-115.3000127,True,ai,uncorroborated
SIM INTERNATIONAL,,,,,,,True,,
SIMBA GROUP,,,,,,,True,,
SIMMONS COLLEGE,300 THE FENWAY,BOSTON,MA,02115,42.3400317,-71.1008718,True,ai,corroborated
SIMON FINANCIAL,,,,,,,True,,
SIMON PASTON & SONS,,,,,,,True,,
SIMON PROPERTY GROUP,225 W WASHINGTON ST,INDIANAPOLIS,IN,46204,39.7669316,-86.1619915,True,manual,verified
SIMON WIESENTHAL CENTER,9760 W PICO BLVD,LOS ANGELES,CA,90035,34.0537249,-118.4017199,True,ai,grounded
SIMONCRE,6900 E 2ND ST,SCOTTSDALE,AZ,85251,33.49141,-111.9323,True,ai,grounded
SIMONE DEVELOPMENT COMPANIES,,,,,,,True,,
SIMONS FOUNDATION,160 FIFTH AVE 7TH FLOOR,NEW YORK,NY,10010,40.7402401,-73.9909856,True,ai,grounded
SIMONS FOUNDATION,162 FIFTH AVE,NEW YORK,NY,10010,40.740342674898,-73.990548811947,False,ai,grounded
SIMPLIGOV,1000 BROADWAY,OAKLAND,CA,94607,37.8015868,-122.2720787,True,ai,corroborated
SIMPLILEARN USA,600 WASHINGTON AVE STE 309,BELLEVUE,WA,98004,47.6022985,-122.1852346,True,ai,uncorroborated
SIMPSON THACHER AND BARTLETT,425 LEXINGTON AVE,NEW YORK,NY,10017,40.7522694,-73.9749665,True,ai,corroborated
SIMSBURY BANK,1 CENTRAL PLAZA,SIMSBURY,CT,06070,41.874682,-72.813825,True,ai,corroborated
SINA RABI MD INC,,,,,,,True,,
SINEL & OLESEN PLLC,,,,,,,True,,
SINGER WEALTH ADVISORS,,,,,,,True,,
SINGLE SERVE MERCH,,,,,,,True,,
SINGLETON SCHREIBER LLP,591 CAMINO DE LA REINA STE 1025,SAN DIEGO,CA,92108,32.7656146,-117.1616655,True,ai,grounded
SIPKIN ORTHODONRICS,,,,,,,True,,
SIRIS CAPITAL LLC,777 S FLAGLER DR STE 1400,WEST PALM BEACH,FL,33401,26.7199025,-80.075761,True,ai,grounded
SIRIS CAPITAL LLC,601 LEXINGTON AVE 59TH FLOOR,NEW YORK,NY,10022,40.758395213304,-73.970891286591,False,ai,grounded
SIRIUS SOLUTIONS,,,,,,,True,,
SIRM,,,,,,,True,,
SIROTE & PERMUTT,2311 HIGHLAND AVE S,BIRMINGHAM,AL,35205,33.5027263,-86.7882296,True,ai,uncorroborated
SIS ARCHITECTS,316 EISENHOWER PKWY,LIVINGSTON,NJ,07039,40.7992626,-74.3412234,True,ai,grounded
SISTERS GROUUP,,,,,,,True,,
SIVAN PROPERTIES,,,,,,,True,,
SIX DEGREES COLLECTIVE,,,,,,,True,,
SIX FLAGS ENTERTAINMENT,8701 RED OAK BLVD,CHARLOTTE,NC,28217,35.1437715,-80.9029914,True,ai,grounded
SIXGATE LLC,,,,,,,True,,
SIXPOINT PARTNERS,600 LEXINGTON AVE 11TH FLOOR,NEW YORK,NY,10022,40.7580277,-73.9714246,True,manual,verified
SIXTY HOTELS,60 THOMPSON ST,NEW YORK,NY,10012,40.7239398,-74.0030718,True,ai,corroborated
SJ PARTNERS LLC,,,,,,,True,,
SJM PARTNERS INC,405 LEXINGTON AVE 26TH FLOOR,NEW YORK,NY,10174,40.7515592,-73.9755403,True,ai,uncorroborated
SJP RESIDENTIAL PROPERTIES,ELEVEN TIMES SQ,NEW YORK,NY,10036,40.759792,-73.990685,True,ai,grounded
SJP RESIDENTIAL PROPERTIES,389 INTERPACE PKWY,PARSIPPANY,NJ,07054,40.8698491,-74.451986,False,ai,grounded
SJSMITH & ASSOCIATES,,,,,,,True,,
SKAC,,,,,,,True,,
SKADDEN ARPS,320 S CANAL ST,CHICAGO,IL,60606,41.877824976098,-87.639632909282,True,manual,verified
SKDK,1000 POTOMAC ST NW STE 200,WASHINGTON,DC,20007,38.9033684,-77.0651015,True,ai,corroborated
SKELTON TAINTOR,,,,,,,True,,
SKG,1668 CREST DR,ENCINITAS,CA,92024,33.0276846,-117.2628021,True,manual,uncorroborated
SKILLWORK LLC,,,,,,,True,,
SKIRBALL CULTURAL CENTER,2701 N SEPULVEDA BLVD,LOS ANGELES,CA,90049,34.12454,-118.4791313,True,ai,corroborated
SKLAR KIRSH,1850 SAWTELLE BLVD STE 300,LOS ANGELES,CA,90025,34.0428265,-118.445041,True,ai,grounded
SKM,600 W BROADWAY,SAN DIEGO,CA,92101,32.7163685,-117.1687614,True,ai,uncorroborated
SKOPOS LABS INC,34 COLONIAL DR,RIVERHEAD,NY,11901,40.9436007,-72.6081611,True,ai,grounded
SKY ADVISORY GROUP,,,,,,,True,,
SKY HARBOUR,2201 E GERMANN RD STE 108,CHANDLER,AZ,85286,33.272273,-111.833863,True,ai,uncorroborated
SKY MANAGEMENT,,,,,,,True,,
SKYBOX CAPITAL,1 N WACKER DR STE 2402,CHICAGO,IL,60606,41.882319,-87.6361438,True,manual,verified
SKYDANCE SPORTS,1000 FLOWER ST STE 1100,LOS ANGELES,CA,90015,34.044304782724,-118.262765308807,True,ai,corroborated
SKYFLOW,111 SUTTER ST STE 700,SAN FRANCISCO,CA,94104,37.7901267,-122.4026973,True,ai,corroborated
SKYLIGHT,1000 N WEST ST,WILMINGTON,DE,19801,39.7471805,-75.5500972,True,ai,uncorroborated
SKYLIGHT REAL ESTATE PARTNERS,152 W 57TH ST 21ST FLOOR,NEW YORK,NY,10019,40.7648665,-73.9796202,True,ai,corroborated
SKYRISE PROPERTIES,,,,,,,True,,
SKYWAY EQUITIES,375 PARK AVE STE 2508,NEW YORK,NY,10152,40.7584073,-73.9719841,True,ai,grounded
SL GREEN REALTY CORP,420 LEXINGTON AVE,NEW YORK,NY,10170,40.7524677,-73.9757799,True,ai,corroborated
SL NUSBAUM,2220 N CHARLES ST,BALTIMORE,MD,21218,39.3149618,-76.6171195,True,ai,uncorroborated
SL SACHS FINANCIAL SERVICES LTD,,,,,,,True,,
SLAC NATIONAL ACCELERATOR LABORATORY,2575 SAND HILL RD,MENLO PARK,CA,94025,37.4213034,-122.1981124,True,manual,verified
SLATEWELL,,,,,,,True,,
SLATTERY ENERGY CONSULTING GROUP INC,,,,,,,True,,
SLATTERY ENERGY GROUP,,,,,,,True,,
SLB,5599 SAN FELIPE STE 650,HOUSTON,TX,77056,29.749961,-95.47434,True,ai,corroborated
SLD IMPACT SOLUTIONS,,,,,,,True,,
SLEEP BETTER COLUMBUS,,,,,,,True,,
SLEEP HEALTHCENTERS,,,,,,,True,,
SLEEP&WAKEFULNESS LLC,,,,,,,True,,
SLF,6218 GEORGIA AVE NW STE 1-595,WASHINGTON,DC,20011,38.9655573,-77.0279154,True,ai,grounded
SLG,420 LEXINGTON AVE 9TH FLOOR,NEW YORK,NY,10170,40.7524677,-73.9757799,True,ai,grounded
SLHS,,,,,,,True,,
SLJ CAPITAL PARTNERS LLC,,WESTPORT,CT,06880,,,True,manual,verified
SLOFO LLC,,,,,,,True,,
SLS GROUP,6582 S BIG COTTONWOOD CANYON RD STE 200,SALT LAKE CITY,UT,84121,40.616981,-111.686812,True,ai,grounded
SM INTERNATIONAL TRADING CORP,,,,,,,True,,
SMARTBIZ LOANS,505 SANSOME ST STE 1200,SAN FRANCISCO,CA,94111,37.795076,-122.401831,True,ai,corroborated
SMARTER TRAVEL MEDIA,,,,,,,True,,
SMARTLOGIC LLC,1 WASHINGTON MALL 8TH FLOOR,BOSTON,MA,02108,42.3592856,-71.057998,True,ai,uncorroborated
SMARTRAVEL,,,,,,,True,,
SMARTY MANAGEMENT LLC,,,,,,,True,,
SMASH PARTY ENTERTAIMENT INC,,,,,,,True,,
SMB BRADLEY,100 N RIVERSIDE PLAZA,CHICAGO,IL,60606,41.8825427,-87.638745,True,ai,corroborated
SMBC,275 MADISON AVE,NEW YORK,NY,10016,40.7502038,-73.9813548,True,ai,corroborated
SMC,330 SMC DR,SOMERSET,WI,54025,45.131923,-92.665474,True,ai,grounded
SMD CAPITAL CORP,,,,,,,True,,
SMERC CORP,,,,,,,True,,
SMF,,,,,,,True,,
SMF LEGAL,,,,,,,True,,
SMICKEN RESOURCES,,,,,,,True,,
SMILE CENTRAL DENTAL,,,,,,,True,,
SMILE DIRECT CLUB,414 UNION ST,NASHVILLE,TN,37219,36.1649326,-86.780662,True,manual,verified
SMILE MARKET,,,,,,,True,,
SMILE PENNSYLVANIA,,,,,,,True,,
SMITH & WARREN,127 OAKLEY AVE,WHITE PLAINS,NY,10601,41.0361219,-73.7561726,True,ai,grounded
SMITH BARNEY,388 GREENWICH ST,NEW YORK,NY,10013,40.7206458,-74.0111721,True,ai,uncorroborated
SMITH GAMBRELL & RUSSELL,,,,,,,True,,
SMITH GOFFMAN PARTNERS,,,,,,,True,,
SMITHBUCKLIN,2200 PENNSYLVANIA AVE NW STE 300W,WASHINGTON,DC,20037,38.9015851,-77.0499304,True,ai,uncorroborated
SMP PROPERTY MANAGEMENT,,,,,,,True,,
SMS FINANCIAL,6829 N 12TH ST,PHOENIX,AZ,85014,33.5375132,-112.0558654,True,ai,corroborated
SMTD - SELF,,,,,,,True,,
SMW PROPERTY HOLDIMGS,,,,,,,True,,
SNEAKER VIWA,,,,,,,True,,
SNEC,,,,,,,True,,
SNELL & WILMER LLP,ONE EAST WASHINGTON ST STE 2700,PHOENIX,AZ,85004,33.448195078055,-112.07372922989,True,ai,grounded
SNELL & WILMER LLP,2501 N HARWOOD ST STE 1850,DALLAS,TX,75201,32.791630048249,-96.805717856525,False,ai,grounded
SNF MANAGEMENT,9200 SUNSET BLVD STE 700,WEST HOLLYWOOD,CA,90069,34.0899924,-118.3924988,True,ai,grounded
SNIDER EXECUTIVE OFFICE,,,,,,,True,,
SNOWS AND ASSOCIATES LLC,,,,,,,True,,
SOAPSTONE CAPITAL,7500 OLD GEORGETOWN RD STE 200,BETHESDA,MD,20814,38.985079,-77.0952986,True,ai,grounded
SOAVE ENTERPRISES,3400 E LAFAYETTE ST,DETROIT,MI,48207,42.3447091,-83.0165699,True,ai,grounded
SOBCHAK SECURITY,,,,,,,True,,
SOCALGAS,555 W 5TH ST STE 1400,LOS ANGELES,CA,90013,34.0500816,-118.2534063,True,ai,corroborated
SOCIAL ADMINISTRATION DISABILITY,330 C ST SW,WASHINGTON,DC,20201,38.8853736,-77.0168862,True,ai,uncorroborated
SOCIAL FINANCE,55 LN ST,BOSTON,MA,02110,42.358254,-71.051927,True,ai,uncorroborated
SOCIAL MEDIA VICTIMS LAW CENTER,600 1ST AVE SUITE 102-PMB 2383,SEATTLE,WA,98104,47.6020633,-122.333511,True,ai,grounded
SOCIAL SECURITY ADMINISTRATION,6401 SECURITY BLVD,BALTIMORE,MD,21235,39.3096397,-76.7306641,True,ai,uncorroborated
SOCIAL SKILLS HQ,,,,,,,True,,
SOCIALIVE,,,,,,,True,,
SOFER STEINER & ASSOCIATES,,,,,,,True,,
SOFT SERVE FRUIT CO,,,,,,,True,,
SOFT STUFF DISTRIBUTORS INC,,,,,,,True,,
SOFTBANK CAPITAL NY,590 MADISON AVE 34TH FLOOR,NEW YORK,NY,10022,40.7621575,-73.9730331,True,ai,grounded
SOFTBANK INVESTMENT ADVISORS,VISION FUND 1-1-1 MINAMI AOYAMA - 660 MADISON AVE,NEW YORK,NY,10065,40.764689,-73.963264,True,ai,uncorroborated
SOFTERWARE,4607 LIBRARY RD STE 220,BETHEL PARK,PA,15102,40.350475672202,-80.022974819261,True,manual,verified
SOIEFER BROS REAL ESTATE CORP,,,,,,,True,,
SOKOL & ASSOCIATES,,,,,,,True,,
"SOKOL & SOKOL, CPA",,,,,,,True,,
SOL CAPITAL MANAGEMENT,5425 WISCONSIN AVE,CHEVY CHASE,MD,20815,38.9947812,-77.0963405,True,ai,corroborated
SOL SCHWARTZ & ASSOCIATES PC,,,,,,,True,,
SOL'S PIPE AND STEEL,,,,,,,True,,
SOLARIA,300 SPECTRUM CENTER DR STE 1900,IRVINE,CA,92618,33.6538734,-117.7472945,True,ai,grounded
SOLEL PARTNERS,699 BOYLSTON ST 15TH FLOOR,BOSTON,MA,02116,42.3498335,-71.0792385,True,manual,verified
SOLINSKY EYECARE LLC,433 S MAIN ST,WEST HARTFORD,CT,06110,41.7333591,-72.7447488,True,manual,verified
SOLKOFF LEGAL PA,224 DATURA ST STE 800,WEST PALM BEACH,FL,33401,26.7123375,-80.0591471,True,ai,corroborated
SOLL ADVISORS LLC,,,,,,,True,,
SOLOMON & BERNSTEIN,,,,,,,True,,
SOLOMON BAY FINE HOMES LLC,,,,,,,True,,
SOLOMON LAW PC,1845 WALNUT ST STE 1100,PHILADELPHIA,PA,19103,39.9504697,-75.1717913,True,ai,uncorroborated
SOLOMON PARTNERS,1251 AVE OF THE AMERICAS FLOORS 31 & 32,NEW YORK,NY,10020,40.759681626177,-73.98067354535,True,ai,grounded
SOLOMON PARTNERS,10 S WACKER DR STE 2900,CHICAGO,IL,60606,41.881758545007,-87.637091080517,False,ai,grounded
SOLOMON PARTNERS,3350 VIRGINIA ST #237/238,COCONUT GROVE,FL,33133,25.728991687892,-80.2415741966,False,ai,grounded
SOLOMON PARTNERS,1001 WATER ST #850,TAMPA,FL,33602,27.9439215,-82.4500316,False,ai,grounded
SOLOMON PARTNERS,777 S FLAGLER DR,WEST PALM BEACH,FL,33401,26.706841097285,-80.048827592727,False,ai,grounded
SOLOMON SCHECHTER,,,,,,,True,,
SOLOMON SCHECHTER SCHOOL,,,,,,,True,,
"SOLOMON, BUDMAN AND STRICKER",,,,,,,True,,
SOLOW & CO,120 BROADWAY 16TH FLOOR,NEW YORK,NY,10271,40.7082035,-74.0105065,True,ai,corroborated
SOMA EQUITY PARTNERS,44 MONTGOMERY ST STE 3710,SAN FRANCISCO,CA,94104,37.789625602381,-122.402032436717,True,ai,grounded
SOMEKH FAMILY FOUNDATION,,,,,,,True,,
SOMEONES IN THE KITCHEN,,,,,,,True,,
SOMERVILLE LUMBER & SUPPLY,345 HIGHLAND AVE,SOMERVILLE,MA,02143,42.3941964,-71.1164944,True,ai,corroborated
SON COMMONITIES,,,,,,,True,,
SONCO,2050 E DEVON AVE,ELK GROVE VILLAGE,IL,60007,41.9925701,-88.029283,True,ai,grounded
SONNENSCHEIN NATH & ROSENTHAL,233 S WACKER DR STE 8000,CHICAGO,IL,60606,41.878738,-87.6359612,True,ai,corroborated
SONNENSCHEIN SHERMAN & DEUTSCH,233 S WACKER DR STE 8000,CHICAGO,IL,60606,41.878738,-87.6359612,True,ai,uncorroborated
SONORA INVESTMENT MANAGEMENT,1100 MARSH RD STE 200,MENLO PARK,CA,94025,37.4802445,-122.1839794,True,ai,uncorroborated
SONOTHERA,,,,,,,True,,
SONY ANIMATION,10202 W WASHINGTON BLVD,CULVER CITY,CA,90232,34.0198913,-118.400659,True,ai,corroborated
SONY MUSIC,25 MADISON AVE,NEW YORK,NY,10010,40.7419329,-73.9870257,True,ai,corroborated
SONY PICTURES ENTERTAINMENT,10202 WASHINGTON BLVD,CULVER CITY,CA,90232,34.0173179,-118.4045956,True,ai,corroborated
SONY PICTURES IMAGEWORKS,10202 W WASHINGTON BLVD,CULVER CITY,CA,90232,34.0173179,-118.4045956,True,ai,corroborated
SONY RETAIL ENTERTAINMENT,16535 VIA ESPRILLO DR,SAN DIEGO,CA,92127,33.018765,-117.124098,True,ai,uncorroborated
SORBARO INTERIORS,,GREENWICH,CT,,,,True,manual,verified
SOS TECH GROUP,2650 QUARRY LAKE DR STE 300,BALTIMORE,MD,21209,39.384437804616,-76.689227960355,True,manual,verified
SOSCO INC,,,,,,,True,,
SOSLAND PUBLISHING CO,2345 GRAND BLVD STE 1950,KANSAS CITY,MO,64108,39.0846722,-94.5812608,True,ai,grounded
SOTHEBY'S,945 MADISON AVE,NEW YORK,NY,10021,40.773442501333,-73.964136434531,True,ai,grounded
SOTHEBY'S,1334 YORK AVE,NEW YORK,NY,10021,40.766189138624,-73.9541467518,False,ai,grounded
SOTHEBY'S,25-11 49TH AVE,LONG ISLAND CITY,NY,11101,40.741589908173,-73.944069665667,False,ai,grounded
SOTHEBY'S INTERNATIONAL REAL ESTATE,1334 YORK AVE 6TH FLOOR,NEW YORK,NY,10021,40.7663056,-73.9535295,True,ai,corroborated
SOTO INDUSTRIAL DEVELOPMENT,,,,,,,True,,
SOULFUL BEING,,,,,,,True,,
SOUND MEDIA VENTURES,,,,,,,True,,
SOURCE SQUARED,300 TRADE CENTER STE 4610,WOBURN,MA,01801,42.488703,-71.154383,True,manual,verified
SOURCING GROWTH,,,,,,,True,,
SOUTH JERSEY ANESTHESIA AND PAIN PHYSICIANS,1 N SPRING GARDEN RD,VINELAND,NJ,08360,39.492354,-75.003447,True,ai,corroborated
SOUTH JERSEY PROSTHODONTIC ASSOCIATES,1793 SPRINGDALE RD,CHERRY HILL,NJ,08003,39.9016369,-74.9667418,True,manual,verified
SOUTH LAKE PEDIATRICS,17705 HUTCHINS DR STE 250,MINNETONKA,MN,55345,44.9108765,-93.5035773,True,ai,grounded
SOUTH OCEAN CAPITAL PARTNERS,401 E LAS OLAS BLVD STE 2220,FORT LAUDERDALE,FL,33301,26.1197452,-80.1390218,True,ai,grounded
SOUTH TEXAS COLLEGE,3201 W PECAN BLVD,MCALLEN,TX,78501,26.215817,-98.239572,True,ai,corroborated
SOUTH TEXAS DENTAL,,,,,,,True,,
SOUTH TEXAS RADIOLOGY GROUP,2101 S PADRE ISLAND DR,CORPUS CHRISTI,TX,78416,27.7391879,-97.4325504,True,ai,corroborated
SOUTHEAST CHIRO,,,,,,,True,,
SOUTHEAST CULVERT,PO BOX 1107,GAINESVILLE,GA,30503,34.2978794,-83.8240663,True,ai,corroborated
SOUTHEASTERN GROCERS,380 E JACKSON ST,JACKSONVILLE,FL,32202,30.3229677,-81.6722306,True,ai,grounded
SOUTHERN CALIFORNIA EAR NOSE & THROAT,16311 VENTURA BLVD STE 400,ENCINO,CA,91436,34.1573677,-118.4886125,True,ai,corroborated
SOUTHERN CALIFORNIA EDISON CO,,,,,,,True,,
SOUTHERN CALIFORNIA INTEGRATED WELLNESS,,,,,,,True,,
SOUTHERN GLAZER'S WINE & SPIRITS,1600 NW 163RD ST STE 300,MIAMI,FL,33169,25.922029979097,-80.22644656434,True,ai,grounded
SOUTHERN GLAZER'S WINE & SPIRITS,2001 DIPLOMAT DR,FARMERS BRANCH,TX,75234,32.9270555358,-96.914777175941,False,ai,grounded
SOUTHERN GLAZER'S WINE & SPIRITS,2400 SW 145TH AVE STE 300,MIRAMAR,FL,33027,25.987430040684,-80.338359075294,False,ai,grounded
SOUTHERN OHIO HOLDING ORG,,,,,,,True,,
SOUTHERN SCRAP COMPANY,701 CANAL ST,BATON ROUGE,LA,70802,30.4538347,-91.1793858,True,ai,uncorroborated
SOUTHERN WINE & SPIRITS,6200 S ORANGE BLOSSOM TRL,ORLANDO,FL,32809,28.5073406,-81.3970053,True,ai,uncorroborated
SOUTHGATE MEDICAL GROUP,1026 UNION RD,WEST SENECA,NY,14224,42.8284184,-78.7535852,True,ai,grounded
SOUTHWEST MOUNTAIN STATES COUNCIL OF CARPENTERS,911 20TH ST,BAKERSFIELD,CA,93301,35.377056,-119.011898,True,ai,grounded
SOUTHWEST RETINA PA,10000 I-10 W STE 800,SAN ANTONIO,TX,78230,29.5328197,-98.5656687,True,ai,corroborated
SOUTHWESTERN BELL,208 S AKARD ST,DALLAS,TX,75202,32.7796042,-96.798763,True,ai,corroborated
SOUTHWOOD PARTNERS,505 20TH ST N STE 1150,BIRMINGHAM,AL,35203,33.5182867,-86.80811,True,ai,grounded
SOVEREIGN PROPERTIES,150 E 52ND ST STE 22002,NEW YORK,NY,10022,40.7572301,-73.9707427,True,ai,grounded
SPA RIVIERA,,,,,,,True,,
SPACE EXPLORATION TECHNOLOGIES,ROCKET RD 1 ROCKET RD,HAWTHORNE,CA,90250,33.913651,-118.350946,True,ai,corroborated
SPACEX,1 ROCKET RD,HAWTHORNE,CA,90250,33.9203632,-118.3280267,True,ai,corroborated
SPANDREL DEVELOPMENT PARTNERS,,NEW YORK,NY,10001,,,True,manual,verified
SPARACINO PLLC,1920 L ST NW STE 835,WASHINGTON,DC,20036,38.9035877,-77.044303,True,ai,grounded
SPARE,750 N SAN VICENTE BLVD,WEST HOLLYWOOD,CA,90069,34.0829678,-118.3821876,True,ai,grounded
SPARKS GROUP,50 CHURCH ST,CAMBRIDGE,MA,02138,42.374218,-71.120629,True,manual,verified
SPAXEL,,,,,,,True,,
SPC,,,,,,,True,,
SPEARMINT COACHING,,,,,,,True,,
SPECIALTYCARE,200 RIVER VISTA PL DR STE 1250,NASHVILLE,TN,37207,36.232473,-86.777342,True,ai,uncorroborated
SPECTATOR WEST,,,,,,,True,,
SPECTOR CONSULTING,,,,,,,True,,
SPECTRA LABS,3800 FM 1960 RD W STE 100,HOUSTON,TX,77068,30.007063,-95.488362,True,ai,uncorroborated
SPECTRUM DIVERSIFIED DESIGNS,7005 COCHRAN RD,GLENWILLOW,OH,44139,41.368523691357,-81.469497968681,True,ai,grounded
SPECTRUM DIVERSIFIED DESIGNS,675 MONDIAL PKWY,STREETSBORO,OH,44241,41.250824025118,-81.373873232881,False,ai,grounded
SPECTRUM MAINTENANCE SERVICES,,,,,,,True,,
SPEEDWELL TRANSPORTATION INC,,,,,,,True,,
SPEKTOR DENTAL,1120 AVE OF THE AMERICAS 4TH FLOOR,NEW YORK,NY,10036,40.7557338,-73.9824831,True,ai,uncorroborated
SPEKTOR DENTAL CENTER,,,,,,,True,,
SPENCER FANE LLP,1 WESTBROOK CORPORATE CENTER STE 1200,CREVE COEUR,MO,63141,38.657953,-90.455394,True,ai,grounded
SPENCER FORREST,11777 SAN VICENTE BLVD STE 650,LOS ANGELES,CA,90049,34.0444042,-118.4981905,True,manual,verified
SPENCER STUART,ONE NORTH WACKER DR STE 3200,CHICAGO,IL,60606,41.8820117,-87.6367884,True,ai,uncorroborated
SPERO RECOVERY,101 ARCH ST STE 1205,BOSTON,MA,02110,42.3550299,-71.05928,True,ai,uncorroborated
SPETNER ASSOCIATES,8630 DELMAR BLVD STE 100,SAINT LOUIS,MO,63124,38.6557551,-90.3027869,True,ai,grounded
SPIDERCLOUD,450 LEXINGTON AVE 17TH FLOOR,NEW YORK,NY,10017,40.7532602,-73.9754403,True,ai,uncorroborated
SPILE LEFF & GOOR,1841 BROADWAY 7TH FLOOR,NEW YORK,NY,10023,40.7694034,-73.9822166,True,ai,uncorroborated
SPINE AND ORTHOPEDIC CENTER,,,,,,,True,,
SPINMASTER,30-30 47TH AVE,LONG ISLAND CITY,NY,11101,40.7422649,-73.9364321,True,manual,verified
SPIRIT BIOSCIENCES,,,,,,,True,,
SPIRIT OF AMERICA TOUR,,,,,,,True,,
SPM MARKETING & COMMS,15 W HARRIS AVE STE 300,LA GRANGE,IL,60525,41.814134004009,-87.869909146441,True,ai,grounded
SPM MARKETING AND COMMUNICATIONS,15 W HARRIS AVE,LA GRANGE,IL,60525,41.8141626,-87.8704675,True,manual,verified
SPOKE REAL ESTATE CAPITAL,875 N HIGH ST STE 300,COLUMBUS,OH,43215,39.980230913678,-83.004238017801,True,ai,grounded
SPOKE REAL ESTATE CAPITAL,277 W NATIONWIDE BLVD STE 250,COLUMBUS,OH,43215,39.968081258498,-83.009177112942,False,ai,grounded
SPONSEL MILLER GREENBERG PLLC,520 POST OAK BLVD STE 310,HOUSTON,TX,77027,29.7542322,-95.4546741,True,ai,grounded
SPORT WEAR,,,,,,,True,,
SPORTSCENTER OF CONNECTICUT,19 NARRAGANSETT AVE,EAST HAVEN,CT,06512,41.278267,-72.875251,True,ai,corroborated
SPORTSMAN,,,,,,,True,,
SPOTON,,,,,,,True,,
SPOTTSWOOD LAW FIRM,,,,,,,True,,
SPOTTSWOOD SPOTTSWOOD SPOTTSWOOD & STERLING,,,,,,,True,,
SPR PACKING,,,,,,,True,,
SPRING HILL PROPERTIES,1000 WILSHIRE BLVD STE 1500,LOS ANGELES,CA,90017,34.051474,-118.261657,True,ai,uncorroborated
SPRING LABS,4551 GLENCOE AVE STE 155,MARINA DEL REY,CA,90292,33.976078,-118.452066,True,ai,grounded
SPRINGBOARD COMPANY,11661 SAN VICENTE BLVD STE 701,LOS ANGELES,CA,90049,34.054017752346,-118.464453355866,True,manual,verified
SPROUT SOCIAL INC,,,,,,,True,,
SPRUCE CAPITAL PARTNERS,535 MADISON AVE 19TH FLOOR,NEW YORK,NY,10022,40.760443,-73.9733474,True,manual,verified
SQUARE MILE CAPITAL MANAGEMENT LLC,1 ROCKEFELLER PLAZA 6TH FLOOR,NEW YORK,NY,10020,40.7578543,-73.9791545,True,ai,corroborated
SQUIRE PATTON BOGGS (US) LLP,2000 HUNTINGTON CENTER 41 S HIGH ST,COLUMBUS,OH,43215,39.966856,-83.01296,True,ai,corroborated
SR DIVERSIFIED HOLDINGS,,,,,,,True,,
SRG,,,,,,,True,,
SRK MANAGEMENT CO,,,,,,,True,,
SRM,,,,,,,True,,
SRS INVESTMENT MANAGEMENT,1 BRYANT PARK 39TH FLOOR,NEW YORK,NY,10036,40.759792,-73.990685,True,ai,grounded
SRW INTERNATIONAL,,,,,,,True,,
SS&C,80 LAMBERTON RD,WINDSOR,CT,06095,41.8646706,-72.6645226,True,ai,uncorroborated
SSA,,,,,,,True,,
"SSA LAWYERS PA - TAMPA, FL",,,,,,,True,,
SSI INVESTMENT MANAGEMENT,2121 AVE OF THE STARS STE 2050,LOS ANGELES,CA,90067,34.0551881,-118.4132764,True,ai,grounded
SSL,,,,,,,True,,
SSLMI,,,,,,,True,,
SSP PARTNERS LLC,200 PARK AVE,NEW YORK,NY,10166,40.7536135,-73.97658,True,ai,corroborated
SSS EDUCATION INC,546 US HWY 46,TETERBORO,NJ,07608,40.849609,-74.061893,True,manual,verified
ST ANDREWS INC,,,,,,,True,,
ST JOHN'S UNIVERSITY,,,,,,,True,,
ST LOUIS ID,,,,,,,True,,
ST MARKS,,,,,,,True,,
ST OF MD,,,,,,,True,,
ST PETERSBURG COLLEGE,6605 5TH AVE N,SAINT PETERSBURG,FL,33710,27.7776926,-82.7294368,True,ai,corroborated
ST. ANDREWS PRESBYTERIAN,,,,,,,True,,
ST. GEORGE'S EPISCOPAL SCHOOL,923 NAPOLEON AVE,NEW ORLEANS,LA,70115,29.9216238,-90.1007512,True,ai,grounded
ST. JOHN UNIVERSITY,,,,,,,True,,
ST. JOSEPHS,,,,,,,True,,
ST. JUDE HERITAGE MEDICAL GR,,,,,,,True,,
ST. LOUIS DERMATOLOGISTS,1701 S BRENTWOOD BLVD STE 710,SAINT LOUIS,MO,63144,38.626287,-90.346665,True,ai,corroborated
ST. LOUIS OFFICE FOR DEVELOPMENTAL DISABILITIES,,,,,,,True,,
ST. LUKE'S,6720 BERTNER AVE,HOUSTON,TX,77030,29.7081426,-95.4004414,True,ai,grounded
ST. LUKE'S UNIVERSITY HEALTH NETWORK,801 OSTRUM ST,BETHLEHEM,PA,18015,40.6092805,-75.3931974,True,ai,corroborated
ST. PETERS HOSPITAL,254 EASTON AVE,NEW BRUNSWICK,NJ,08901,40.5006491,-74.4598666,True,ai,grounded
ST. THOMAS AQUINAS ELEMENTARY SCHOOL,,,,,,,True,,
STACEY E. BURKE PC,448 W 19TH ST STE 1010,HOUSTON,TX,77008,29.802803447179,-95.404717352393,True,manual,verified
STACEY GOLD MAYROCK,,,,,,,True,,
STADLEN FAMILY HOLDINGS,3101 S OCEAN DR STE 3808,HOLLYWOOD,FL,33019,25.9939262,-80.1177289,True,manual,verified
STAENBERG GROUP,2127 INNERBELT BUSINESS CTR DR STE 200,SAINT LOUIS,MO,63114,38.692004933249,-90.354897914228,True,ai,grounded
STAENBERG GROUP,730 KALAMATH ST,DENVER,CO,80204,39.727680076891,-105.000113460078,False,ai,grounded
STAGG BEDDING,,,,,,,True,,
STAGWELL,55 MADISON AVE,NEW YORK,NY,10010,40.743117839686,-73.986257443401,True,ai,uncorroborated
STAKEHOLDERS VR,,,,,,,True,,
STAMFORD,,,,,,,True,,
STAMFORD ANESTHESIOLOGY SERVICES,1 BROAD ST 4TH FLOOR,STAMFORD,CT,06901,41.0552602,-73.5428018,True,ai,corroborated
STAMFORD HEALTH,1 HOSPITAL PLAZA,STAMFORD,CT,06901,41.053635,-73.538437,True,ai,uncorroborated
STAN SPATZ,,,,,,,True,,
STANBERY DEVELOPMENT,2807 DELMAR DR STE A,BEXLEY,OH,43209,39.9817606,-82.9288273,True,ai,grounded
STAND TOGETHER,555 12TH ST NW STE 900,WASHINGTON,DC,20004,38.8967216,-77.0275548,True,ai,uncorroborated
STANDARD EQUITY GROUP,1 HARBORVIEW PLZ STE 101,PORT WASHINGTON,NY,11050,40.839895,-73.693123,True,ai,uncorroborated
STANDARD MOTOR PRODUCTS,37-18 NORTHERN BLVD,LONG ISLAND CITY,NY,11101,40.752140651874,-73.925336240658,True,ai,uncorroborated
STANDARD OIL OF CONNECTICUT INC,1 STAMFORD PLAZA 263 TRESSER BLVD,STAMFORD,CT,06901,41.053635,-73.538437,True,ai,corroborated
STANDARD PACIFIC CAPITAL,10990 WILSHIRE BLVD STE 1450,LOS ANGELES,CA,90024,34.0575996,-118.4473337,True,ai,corroborated
STANDARD TEXTILE,1 KNOLLCREST DR,CINCINNATI,OH,45237,39.214006189301,-84.44062522311,True,ai,grounded
STANDARD TEXTILE,2960 RIVERVIEW DR,HEBRON,KY,41048,39.07428019821,-84.651799154724,False,ai,grounded
STANDARDIZED SUCCESS,,,,,,,True,,
STANDWITHUS,8888 W OLYMPIC BLVD STE 300,BEVERLY HILLS,CA,90211,34.0592917,-118.3854021,True,ai,grounded
STANFORD,STANFORD UNIVERSITY 450 SERRA MALL,STANFORD,CA,94305,37.4313138,-122.1693654,True,ai,corroborated
STANFORD BLAKE MEDIATION,,,,,,,True,,
STANFORD UNIVERSITY,450 JANE STANFORD WAY BLDG 10,STANFORD,CA,94305,37.418256,-122.170871,True,ai,grounded
STANFORD UNIVERSITY,3351 EL CAMINO REAL STE 201,ATHERTON,CA,94027,37.466178,-122.2070124,False,ai,grounded
STANFORD UNIVERSITY,3155 PORTER DR,PALO ALTO,CA,94304,37.408373385295,-122.150884645945,False,ai,grounded
STANFORD UNIVERSITY,3172 PORTER DR,PALO ALTO,CA,94304,37.40774283097,-122.149891025067,False,ai,grounded
STANHOPE FINANCIAL GROUP HOLDINGS LIMITED,,,,,,,True,,
STANLEY PESKIND RLTY CO,360 LEXINGTON AVE 8TH FLOOR,NEW YORK,NY,10017,40.7504859,-73.9771542,True,ai,uncorroborated
STANLEY ROTH AIR CONDITIONING,,,,,,,True,,
STANSPORT LLC,2801 E 12TH ST,LOS ANGELES,CA,90023,34.0213965,-118.21834,True,ai,grounded
STANTON SAS,Km 25 Via a Sibate,Sibate,CUNDINAMARCA,,4.4256051,-74.2930194,True,manual,verified
STANTON UNIVERSITY,,,,,,,True,,
STAPE & ASSOCIATES AT COMPASS REAL ESTATE,1 HARBOR DR STE 300,REDWOOD CITY,CA,94063,37.511391,-122.1974394,True,ai,uncorroborated
STAPLES,500 STAPLES DR,FRAMINGHAM,MA,01702,42.2914668,-71.4886438,True,ai,grounded
STAR CAPITAL PARTNERS,70 E 55TH ST STE 1206,NEW YORK,NY,10022,40.7604427,-73.9725164,True,ai,uncorroborated
STAR EQUITIES,420 N CAMDEN DR STE 100,BEVERLY HILLS,CA,90210,34.0690921,-118.4042175,True,ai,grounded
STAR FABRICS,,,,,,,True,,
STAR STAINLESS SCREW COMPANY,30 W END RD,TOTOWA,NJ,07512,40.8999739,-74.2407736,True,manual,verified
STAR THERAPEUTICS,,,,,,,True,,
STARBOARD VALUE LP,800 THIRD AVE,NEW YORK,NY,10022,40.755273688948,-73.971248241557,True,ai,uncorroborated
STARBUCKS,2401 UTAH AVE S,SEATTLE,WA,98134,47.5807667,-122.3359179,True,ai,corroborated
STARFIELD,,,,,,,True,,
STARFISH CARE HOMES,6611 E RIVER HILLS PL,TUCSON,AZ,85750,32.29795,-110.844898,True,ai,grounded
STARK AND STARK PC,993 LENOX DR,LAWRENCEVILLE,NJ,08648,40.28449,-74.717487,True,ai,corroborated
STARK ENTERPRISES LLC,,,,,,,True,,
STARMOUNT LIFE INSURANCE,1 FOUNTAIN SQ,CHATTANOOGA,TN,37402,35.046805,-85.316289,True,ai,grounded
STARMOUNT LIFE INSURANCE,8485 GOODWOOD BLVD,BATON ROUGE,LA,70806,30.442802583134,-91.09648413798,False,ai,grounded
STARPOINT PROPERTIES,701 MARKET ST STE 500,SAINT LOUIS,MO,63101,38.626702,-90.1925615,True,ai,uncorroborated
STARWOOD CAPITAL,1 MANHATTANVILLE RD STE 408,PURCHASE,NY,10577,41.0249,-73.716379,True,ai,corroborated
STATE ATTORNEYS OFFICE,,,,,,,True,,
STATE AUTO,518 E MARKET ST,IRONTON,OH,45638,38.5375238,-82.6852895,True,ai,uncorroborated
STATE FARM,1 STATE FARM PLAZA,BLOOMINGTON,IL,61710,40.479875,-88.954498,True,ai,grounded
STATE GOVERNMENT,,,,,,,True,,
STATE LUMBER CO,1505 NE 162ND AVE,VANCOUVER,WA,98684,45.6331535,-122.5059736,True,ai,uncorroborated
STATE OF CA,GOVERNOR'S OFFICE STATE CAPITOL,SACRAMENTO,CA,95814,38.580568,-121.49559,True,ai,corroborated
STATE OF CALIFORNIA,1303 10TH ST,SACRAMENTO,CA,95814,38.5768269,-121.4948638,True,ai,corroborated
STATE OF COLORADO,136 STATE CAPITOL,DENVER,CO,80203,39.731419,-104.982764,True,ai,corroborated
STATE OF CONNECTICUT,210 CAPITOL AVE,HARTFORD,CT,06106,41.7639854,-72.6823649,True,ai,corroborated
STATE OF CT,,,,,,,True,,
STATE OF FLORIDA,THE CAPITOL 400 S MONROE ST,TALLAHASSEE,FL,32399,30.383268,-84.231203,True,ai,corroborated
STATE OF GEORGIA,GEORGIA STATE CAPITOL 206 WASHINGTON ST SW,ATLANTA,GA,30334,33.7490553,-84.3881711,True,ai,corroborated
STATE OF ILLINOIS,STATE CAPITOL 207 STATE ST,SPRINGFIELD,IL,62706,39.797886,-89.655398,True,ai,corroborated
STATE OF ISRAEL BONDS,40 WALL ST 14TH FLOOR,NEW YORK,NY,10005,40.7070219,-74.0096669,True,ai,uncorroborated
STATE OF MA,ONE ASHBURTON PL,BOSTON,MA,02108,42.3592372,-71.0627665,True,ai,corroborated
STATE OF MARYLAND,STATE HOUSE 100 STATE CIR,ANNAPOLIS,MD,21401,38.9788796,-76.4910542,True,ai,corroborated
STATE OF MICHIGAN,LANSING CAPITOL BUILDING 100 N CAPITOL AVE,LANSING,MI,48933,42.729373,-84.556242,True,ai,corroborated
STATE OF NC,1 E EDENTON ST,RALEIGH,NC,27601,35.7803975,-78.6390995,True,ai,corroborated
STATE OF NEVADA,,,,,,,True,,
STATE OF NJ,STATE HOUSE 125 W STATE ST,TRENTON,NJ,08625,40.2203074,-74.7659,True,ai,corroborated
STATE OF OHIO / HAMILTON COUNTY,HAMILTON COUNTY ADMINISTRATION BUILDING 138 E CT ST,CINCINNATI,OH,45202,39.106735,-84.504181,True,ai,corroborated
STATE OF OKLAHOMA,STATE CAPITOL BUILDING 2300 N LINCOLN BLVD,OKLAHOMA CITY,OK,73105,35.519523,-97.503225,True,ai,corroborated
STATE OF OREGON - CHILD CARE,900 CT ST NE,SALEM,OR,97301,44.9382743,-123.0307767,True,ai,corroborated
STATE OF TEXAS,1019 BRAZOS ST,AUSTIN,TX,78701,30.2719777,-97.7395431,True,ai,corroborated
STATE OF WA,OFFICE OF THE GOVERNOR PO BOX 40002,OLYMPIA,WA,98504,47.0451022,-122.8950075,True,ai,corroborated
STATE STREET,ONE CONGRESS ST,BOSTON,MA,02114,42.3629754,-71.0594382,True,ai,grounded
STATE STREET,140 MT AUBURN ST,CAMBRIDGE,MA,02138,42.373856257944,-71.124480187311,False,ai,grounded
STATE STREET,2323 GRAND BLVD 5TH FLOOR,KANSAS CITY,MO,64108,39.084957682388,-94.581581463358,False,ai,grounded
STATE STREET CAPITAL PARTNERS,2 N RIVERSIDE PLAZA STE 1400,CHICAGO,IL,60606,41.8825427,-87.638745,True,ai,grounded
STATEN ISLAND UNIVERSITY HOSPITAL,475 SEAVIEW AVE,STATEN ISLAND,NY,10305,40.585438,-74.0847637,True,ai,uncorroborated
STATEWIDE,,,,,,,True,,
STAY-AT-HOME MOM,,,,,,,True,,
STEARNS WEAVER,150 W FLAGLER ST STE 2200,MIAMI,FL,33130,25.7758514,-80.2024483,True,ai,corroborated
STEARNS WEAVER MILLER,MUSEUM TOWER 150 W FLAGLER ST STE 2200,MIAMI,FL,33130,25.768524,-80.203359,True,ai,corroborated
STEEL PEAK WEALTH MANAGEMENT,21650 OXNARD ST STE 2300,WOODLAND HILLS,CA,91367,34.1789931,-118.6010186,True,ai,grounded
STEEL SERVICE CENTER,,,,,,,True,,
STEIFMAN LLP,120 BROADWAY,NEW YORK,NY,10271,40.7082035,-74.0105065,True,ai,uncorroborated
STEIN ADLER,600 LEXINGTON AVE 5TH FLOOR,NEW YORK,NY,10022,40.7580277,-73.9714246,True,ai,corroborated
STEIN ADVISORS LLC,42 RIVER WIND RD,NEW CANAAN,CT,06840,41.1701882,-73.5353527,True,manual,verified
STEIN INDUSTRIES INC,7153 NORTHLAND DR N,BROOKLYN PARK,MN,55428,45.084767,-93.3958181,True,ai,grounded
STEIN MITCHELL BEATO & MISSNER,2000 K ST NW STE 600,WASHINGTON,DC,20006,38.902470918208,-77.044971826786,True,ai,grounded
STEINHARDT PESICK & COHEN,1 ROCKEFELLER PLAZA STE 10E,NEW YORK,NY,10020,40.7578543,-73.9791545,True,ai,uncorroborated
STELLANTIS,3000 ATRIUM WAY,AUBURN HILLS,MI,48326,42.688246,-83.244075,True,ai,corroborated
STELLAR AVIATION,13900 SW 128TH ST,MIAMI,FL,33186,25.6490929,-80.3947439,True,ai,corroborated
STELLAR ENERGY FOUNDATION,,,,,,,True,,
STELLAR MANAGEMENT,888 7TH AVE 22ND FLOOR,NEW YORK,NY,10106,40.7653708,-73.9809976,True,ai,uncorroborated
STELLAR MATERIALS,1550 OLD HENDERSON RD,COLUMBUS,OH,43220,40.051943,-83.061402,True,ai,uncorroborated
STELLASCOPE RECRUITMENT,,,,,,,True,,
STEMRAD,802 E WHITING ST,TAMPA,FL,33602,27.9472769,-82.4524187,True,ai,grounded
STENSUL,20 JAY ST STE 302,BROOKLYN,NY,11201,40.7040914,-73.9866937,True,ai,corroborated
STEPHANIE PIKO CONSULTING,,,,,,,True,,
STEPHANIE'S RESTAURANT GROUP,2350 MISSION ST,SAN FRANCISCO,CA,94110,37.7594142,-122.4192317,True,ai,uncorroborated
STEPHEN S WISE TEMPLE,,,,,,,True,,
STEPHEN WISE TEMPLE,,,,,,,True,,
STEPHENS,111 CENTER ST,LITTLE ROCK,AR,72201,34.74788,-92.2724006,True,ai,uncorroborated
STEPPING STONE,2643 S 750 E,SALT LAKE CITY,UT,84106,40.750325,-111.8693196,True,ai,uncorroborated
STEREN ELECTRONICS INTERNATIONAL LLC,8445 CAMINO SANTA FE STE 203,SAN DIEGO,CA,92121,32.8807294,-117.1716988,True,manual,verified
STERLING FLOOR DESIGNS LTD,82 MODULAR AVE,COMMACK,NY,11725,40.8110921,-73.2728751,True,manual,verified
STERLING PROPERTIES,,,,,,,True,,
STERLINGRISK,135 CROSSWAYS PARK DR,WOODBURY,NY,11797,40.8084484,-73.486141,True,manual,verified
STERLINGTON LAW,,,,,,,True,,
STERN GROUP,1221 AVE OF THE AMERICAS,NEW YORK,NY,10020,40.7595136,-73.9825069,True,ai,uncorroborated
"STERN, KLEPFER & WRIGHT",,,,,,,True,,
STEUBEN FOODS,1000 MINNESOTA AVE,CORUNNA,MI,48817,43.013949,-84.042884,True,ai,uncorroborated
STEVE DOUGLAS,,,,,,,True,,
STEVE MADDEN,24-01 43RD AVE,LONG ISLAND CITY,NY,11101,40.7489414,-73.9422194,True,ai,uncorroborated
"STEVEN B. EPSTEIN, DPM PC",,,,,,,True,,
STEVEN C MERO PC,,,,,,,True,,
"STEVEN E ROTHKE, PHD PC",,,,,,,True,,
"STEVEN G MESSING, JD, CPA PA",,,,,,,True,,
"STEVEN J. SHAPERO, ALC",5950 CANOGA AVE STE 235,WOODLAND HILLS,CA,91367,34.1782555,-118.5972605,True,ai,grounded
STEVEN JAY ROSENBERG INC,,,,,,,True,,
STEVEN LEVY ENTERPRISES,,,,,,,True,,
STEVEN M SHEINMAN MD PLLC,,,,,,,True,,
"STEVEN M. SCHWARTZ, MD INC",,,,,,,True,,
STEVEN SMEDRESMAN PC,,,,,,,True,,
STEVEN TENNENBAUM,,,,,,,True,,
STEVEN WILDSTEIN PC,,,,,,,True,,
STEVENS & LEE,111 N 6TH ST,READING,PA,19601,40.3371891,-75.9257426,True,ai,grounded
STEVENS TRANSPORT,9757 MILITARY PKWY,DALLAS,TX,75227,32.7701616,-96.6536749,True,ai,grounded
STEVENSON SEARCH PARTNERS,33-41 NEWARK ST FL 5,HOBOKEN,NJ,07030,40.7365983,-74.029263,True,ai,grounded
STEVENSON UNIVERSITY,,,,,,,True,,
STEWARD PARTNERS,400 ATLANTIC ST,STAMFORD,CT,06901,41.0503801,-73.5388891,True,manual,verified
STEWART TITLE,1980 POST OAK BLVD STE 800,HOUSTON,TX,77056,29.7461441,-95.4618679,True,ai,grounded
STEWART VALENCIA,,,,,,,True,,
STIEFEL,5 MOORE DR,RESEARCH TRIANGLE PARK,NC,27709,35.9354244,-78.8657256,True,ai,grounded
STIFEL FINANCIAL,501 N BROADWAY ONE FINANCIAL PLAZA,SAINT LOUIS,MO,63102,38.634489,-90.186258,True,manual,verified
STIFEL NICOLAUS,501 N BROADWAY,SAINT LOUIS,MO,63102,38.6297525,-90.1884382,True,ai,grounded
STILLWATER INVEST,1000 BROADWAY STE 200,NASHVILLE,TN,37203,36.1583409,-86.7849693,True,ai,uncorroborated
STINSON,7700 FORSYTH BLVD STE 1100,SAINT LOUIS,MO,63105,38.6461998,-90.3034052,True,ai,grounded
STOEL RIVES LLP,900 SW FIFTH AVE STE 2600,PORTLAND,OR,97204,45.517393523245,-122.678254448388,True,ai,corroborated
STOIC HOLDINGS,,,,,,,True,,
STOICLANE,222 N LASALLE ST STE 1600,CHICAGO,IL,60601,41.8865192,-87.6332555,True,manual,verified
STOLER AUTOMOTIVE,1201 W CYPRESS CREEK RD STE 530,FORT LAUDERDALE,FL,33309,26.2028047,-80.16761,True,ai,uncorroborated
STOLL BERNE,209 SW OAK ST STE 500,PORTLAND,OR,97204,45.5209426,-122.673313,True,ai,corroborated
STONBERG HOLDINGS CORP,,,,,,,True,,
STONE CANYON INDUSTRIES,1950 AVE OF THE STARS 5TH FLOOR,LOS ANGELES,CA,90067,34.0593996,-118.4164068,True,ai,corroborated
STONE HOUSE PARTNERS,1019 KANE CONCOURSE STE 202,BAY HARBOR ISLANDS,FL,33154,25.8870459,-80.1299025,True,ai,grounded
STONE VIEW HOLDINGS,,,,,,,True,,
"STONE, MEYER, GENOW, SMELKINSON & BINDER LLP",900 THIRD AVE,NEW YORK,NY,10022,40.758405716979,-73.968966609611,True,ai,uncorroborated
"STONE, POGRUND & KOREY - ATTORNEYS AT LAW",221 N LASALLE ST STE 3200,CHICAGO,IL,60601,41.8864911,-87.6320026,True,manual,verified
STONEBRIAR COMMERCIAL FINANCE,325 N ST PAUL ST STE 4500,DALLAS,TX,75201,32.7833712,-96.7974291,True,ai,corroborated
STONEBRIDGE PROPERTY GROUP,275 MADISON AVE 10TH FLOOR,NEW YORK,NY,10016,40.7513069,-73.9801895,True,ai,corroborated
STONECOURT CAPITAL,10 E 53RD ST 13TH FLOOR,NEW YORK,NY,10022,40.760112595708,-73.975266029512,True,ai,grounded
STONECUTTER VENTURES LLC,,,,,,,True,,
STONEHAGE FLEMING,405 LEXINGTON AVE,NEW YORK,NY,10174,40.7515592,-73.9755403,True,manual,verified
STONEHENGE,1114 AVE OF THE AMERICAS 20TH FLOOR,NEW YORK,NY,10036,40.7546914,-73.9826746,True,ai,corroborated
STONY BROOK,100 NICOLLS RD,STONY BROOK,NY,11794,40.9180643,-73.1294899,True,ai,corroborated
STONY BROOK UNIVERSITY,100 NICOLLS RD,STONY BROOK,NY,11794,40.9133573,-73.134221,True,ai,corroborated
STORAGE PROS MANAGEMENT,30665 NORTHWESTERN HWY STE 100,FARMINGTON HILLS,MI,48334,42.504694,-83.349204,True,ai,grounded
STORCH REALTY INC,1212 AVE OF THE AMERICAS,NEW YORK,NY,10036,40.7583017,-73.9811723,True,ai,uncorroborated
STOTLAND CRAIG,,,,,,,True,,
STOWELL & FRIEDMAN,475 5TH AVE STE 300,NEW YORK,NY,10017,40.7524264,-73.9814202,True,ai,uncorroborated
STRAT EQUITY GLOBAL,,,,,,,True,,
STRAT LABS,,,,,,,True,,
STRATA EQUITY GROUP,4370 LA JOLLA VILLAGE DR STE 960,SAN DIEGO,CA,92122,32.8740292,-117.2111852,True,manual,verified
STRATEGAS RESEARCH PARTNERS,52 VANDERBILT AVE 19TH FLOOR,NEW YORK,NY,10017,40.7542565,-73.9773471,True,ai,grounded
STRATEGIC AMERICA,800 2ND AVE S STE 300,MINNEAPOLIS,MN,55402,44.974684,-93.270529,True,ai,uncorroborated
STRATEGIC GLOBAL TALENT,,,,,,,True,,
STRATEGIC INTERESTS LLC,,,,,,,True,,
STRATEGIC LAW PARTNERS,,,,,,,True,,
STRATEGIC PARTNERS,,,,,,,True,,
STRATEGIC RELATIONSHIPS LLC,,,,,,,True,,
STRATEGIC WEALTH PARTNERS,520 LAKE COOK RD STE 520,DEERFIELD,IL,60015,42.1528463,-87.839848,True,ai,grounded
STRATEGIES INC,,,,,,,True,,
STRATEGOS GROUP,333 N MICHIGAN AVE STE 1700,CHICAGO,IL,60601,41.8879438,-87.6241761,True,ai,uncorroborated
STRATEGY MAVEN INC,,,,,,,True,,
STRATUM WEALTH,19 W 44TH ST STE 702,NEW YORK,NY,10036,40.7553003,-73.9808892,True,ai,uncorroborated
STRAUSS INTERESTS LLC,,,,,,,True,,
STREAM,1 PRESIDENTIAL BLVD,BALA CYNWYD,PA,19004,40.008791,-75.210815,True,ai,uncorroborated
STREAM CAPITAL PARTNERS,4201 W IRVING PARK RD STE 200,CHICAGO,IL,60641,41.9533737,-87.732673,True,ai,grounded
STRECO FIBRES,,,,,,,True,,
STREETLIGHT DATA,180 CONGRESS ST FL 7,BOSTON,MA,02110,42.3552886,-71.0551,True,ai,uncorroborated
STREIT LENDING,,,,,,,True,,
STRELITZ GROUP VENTURES,,,,,,,True,,
STRETTO,4100 NEWPORT PL DR STE 600,NEWPORT BEACH,CA,92660,33.66219,-117.865498,True,ai,grounded
STRIDE HEALTHCARE,,,,,,,True,,
STRIDECARE,,,,,,,True,,
STRIIM,350 S GRAND AVE STE 4200,LOS ANGELES,CA,90071,34.0514279,-118.2516269,True,ai,uncorroborated
STRIPE,510 TOWNSEND ST,SAN FRANCISCO,CA,94103,37.7732533,-122.3999857,True,ai,grounded
STROOCK,180 MAIDEN LN,NEW YORK,NY,10038,40.7052596,-74.0054634,True,ai,corroborated
STROOCK & STROOCK & LAVAN LLP,180 MAIDEN LN,NEW YORK,NY,10038,40.7052596,-74.0054634,True,ai,corroborated
STRUCK CAPITAL,1520-D CLOVERFIELD BLVD,SANTA MONICA,CA,90404,34.0302528,-118.4759444,True,ai,grounded
STRUCTURAL CAPITAL,3555 ALAMEDA DE LAS PULGAS STE 201,MENLO PARK,CA,94025,37.4322079,-122.2019256,True,manual,verified
STS,,,,,,,True,,
STUART KILSTEIN MD,,,,,,,True,,
STUART L DAITCH DMD PC,515 MADISON AVE STE 1225,NEW YORK,NY,10022,40.7597024,-73.9736822,True,ai,grounded
STUDIO BEAUTY,,,,,,,True,,
STUDIO D DESIGN,,,,,,,True,,
STUDIO LEVANA LTD,30 E 33RD ST 6TH FLOOR,NEW YORK,NY,10016,40.7466336,-73.9829689,True,ai,uncorroborated
STUDIO.B,,,,,,,True,,
STUDLEY,399 PARK AVE,NEW YORK,NY,10022,40.7589833,-73.9714789,True,ai,corroborated
"STULL, STULL & BRODY",12 E 49TH ST,NEW YORK,NY,10017,40.7573677,-73.9768687,True,ai,corroborated
STURDY MEMORIAL ASSOCIATES,,,,,,,True,,
STUTMAN LAW,600 THIRD AVE,NEW YORK,NY,10016,40.7493233,-73.9758905,True,ai,uncorroborated
STUTMAN TREISTER & GLATT,1901 AVE OF THE STARS STE 1420,LOS ANGELES,CA,90067,34.0595286,-118.4176184,True,ai,corroborated
STUYVESANT PLAZA,1475 WESTERN AVE,GUILDERLAND,NY,12084,42.6825254,-73.8384474,True,ai,corroborated
SUBSCRIBER SOLUTIONS,,,,,,,True,,
SUBURBAN ORTHODOX CONGREGATION,,,,,,,True,,
SUBURBAN ORTHOPAEDICS,1110 W SCHICK RD,BARTLETT,IL,60103,41.9512993,-88.1947725,True,ai,corroborated
SUBWAY,325 SUB WAY,MILFORD,CT,06460,41.2159164,-73.0922196,True,ai,uncorroborated
SUCCESS ADVISORS,,,,,,,True,,
SUCCESSFUEL,660 AMERICAN AVE STE 203,KING OF PRUSSIA,PA,19406,40.0944303,-75.3941942,True,ai,grounded
SUFFOLK CENTER,,,,,,,True,,
SUFFOLK COUNTY,100 VETERANS MEMORIAL HWY,HAUPPAUGE,NY,11788,40.8213585,-73.2246676,True,ai,corroborated
SULLIVAN & CROMWELL LLP,125 BROAD ST,NEW YORK,NY,10004,40.7023329,-74.0105146,True,ai,corroborated
SULLIVAN & LESHANE,35 E WACKER DR STE 2400,CHICAGO,IL,60601,41.8864833,-87.6267925,True,ai,uncorroborated
SULLIVAN & WORCESTER LLP,1 POST OFFICE SQ,BOSTON,MA,02109,42.356809,-71.0551195,True,ai,grounded
SULLIVAN FIRE PROTECTION,,,,,,,True,,
SUMMA,1001 GHENT RD,AKRON,OH,44333,41.1422883,-81.6172696,True,ai,corroborated
SUMMA CAPITAL,,,,,,,True,,
SUMMERFIELD CAPITAL MANAGEMENT,,,,,,,True,,
SUMMIT DESIGN BUILD,1036 W FULTON MARKET STE 500,CHICAGO,IL,60607,41.8867984,-87.6538032,True,ai,grounded
SUMMIT HEALTH,100 CAMPUS DR,FLORHAM PARK,NJ,07932,40.783258,-74.43018,True,ai,corroborated
SUMMIT HEALTH / VILLAGEMD,1 MEADOWLANDS PLAZA 2ND FLOOR,EAST RUTHERFORD,NJ,07073,40.8060951,-74.0778228,True,ai,corroborated
SUMMIT PARTNERS,222 BERKELEY ST 18TH FLOOR,BOSTON,MA,02116,42.351023974234,-71.073040221617,True,ai,grounded
SUMMIT PARTNERS,200 MIDDLEFIELD RD STE 200,MENLO PARK,CA,94025,37.455284214665,-122.165374206837,False,ai,grounded
SUMMIT PARTNERS,104 5TH AVE 10TH FLOOR,NEW YORK,NY,10011,40.737039040389,-73.992952671858,False,ai,grounded
SUMMIT?SYSTEMS,101 WOOD AVE SOUTH STE 400,ISELIN,NJ,08830,40.5627891,-74.3270215,True,ai,uncorroborated
SUN CAPITAL PARTNERS,5200 TOWN CENTER CIR 4TH FLOOR,BOCA RATON,FL,33486,26.360928,-80.122852,True,ai,grounded
SUN CAPITAL PARTNERS,666 THIRD AVE FLOOR 24 STE 2402,NEW YORK,NY,10017,40.75128957864,-73.97415718788,False,ai,grounded
SUN CAPITAL PARTNERS,11111 SANTA MONICA BLVD STE 1050,LOS ANGELES,CA,90025,34.047389087424,-118.4453543253,False,ai,grounded
SUN COAST MERCHANDISE CORP,3201 S 25TH AVE,BROADVIEW,IL,60155,41.8604708,-87.8627049,True,ai,uncorroborated
SUN COMMUNITIES,27777 FRANKLIN RD STE 2000,SOUTHFIELD,MI,48034,42.4930604,-83.2993089,True,ai,corroborated
SUN DIAMOND,1000 S FREMONT AVE STE A,ALHAMBRA,CA,91803,34.083937,-118.151796,True,ai,grounded
SUN HOME COMMUNITIES,2020 VISION DR STE 200,NEWPORT BEACH,CA,92660,33.634626,-117.874882,True,ai,uncorroborated
SUN LIFE FINANCIAL,96 WORCESTER ST,WELLESLEY HILLS,MA,02481,42.3156153,-71.247171,True,manual,verified
SUN MICROSYSTEMS,,,,,,,True,,
SUN PARMA,,,,,,,True,,
SUN PHARMA,301 TRESSER BLVD STE 1420,STAMFORD,CT,06901,41.0523467,-73.5328562,True,ai,uncorroborated
SUN PHARMACEUTICAL/WILLVER,2 INDEPENDENCE WAY,PRINCETON,NJ,08540,40.364728,-74.656314,True,ai,grounded
SUN SOURCE JEWELRY,,,,,,,True,,
SUNAMERICA INVESTMENTS,120 BROADWAY,NEW YORK,NY,10271,40.7082035,-74.0105065,True,ai,uncorroborated
SUNBELT,200 INTERNATIONAL PKWY STE 100,LAKE MARY,FL,32746,28.759054,-81.3665864,True,ai,uncorroborated
SUNDAY CAPITAL,,,,,,,True,,
SUNLIT REALTY,,,,,,,True,,
SUNOVION,,,,,,,True,,
SUNRISE LAND GROUP,,,,,,,True,,
SUNRISE SENIOR LIVING,7900 WESTPARK DR STE A200,MCLEAN,VA,22102,38.950951,-77.229553,True,ai,uncorroborated
SUNRISE TOYOTA,3984 SUNRISE HWY,OAKDALE,NY,11769,40.7476493,-73.1418251,True,ai,grounded
SUNROCK DEVELOPMENT CORP,,,,,,,True,,
SUNROCK DEVT. CORP,,,,,,,True,,
SUNSET BOULEVARD MANAGEMENT CORPORATION,,,,,,,True,,
SUNSET WEST LEGAL GROUP,,,,,,,True,,
SUNSHINE CLOTHING,,,,,,,True,,
SUNSHINE DAYDREAM GIVING FOUNDATION,,,,,,,True,,
SUNSHINE TAPE PRODUCTS,300 ANSIN BLVD,HALLANDALE BEACH,FL,33009,25.98742,-80.164241,True,ai,grounded
SUNSTATE MEDICAL SPECIALISTS,,,,,,,True,,
SUNSTEIN KANN MURPHY & TIMBERS,1251 AVE OF THE AMERICAS 43RD FLOOR,NEW YORK,NY,10020,40.7600411,-73.9818903,True,ai,uncorroborated
SUNVERA GROUP,30150 TELEGRAPH RD STE 271,BINGHAM FARMS,MI,48025,42.5092992,-83.2820299,True,ai,grounded
SUNWEST,,,,,,,True,,
SUNY,STATE UNIVERSITY PLAZA 353 BROADWAY,ALBANY,NY,12246,42.6511674,-73.754968,True,ai,corroborated
SUNY AT BUFFALO,1 JAMES E CASEY DR,BUFFALO,NY,14203,42.877908,-78.805387,True,ai,corroborated
SUNY DOWNSTATE,450 CLARKSON AVE,BROOKLYN,NY,11203,40.6553702,-73.9450773,True,ai,corroborated
SUNY DOWNSTATE MEDICAL CENTER,450 CLARKSON AVE,BROOKLYN,NY,11203,40.6553702,-73.9450773,True,ai,corroborated
SUNY UPSTATE,750 E ADAMS ST,SYRACUSE,NY,13210,43.0408184,-76.1391437,True,ai,corroborated
SUNY UPSTATE MEDICAL UNIVERSITY,750 E ADAMS ST,SYRACUSE,NY,13210,43.0408184,-76.1391437,True,ai,corroborated
SUPERBA GROUP,,,,,,,True,,
SUPERCLEAN,1380 CORPORATE CENTER CURVE STE 107,EAGAN,MN,55121,44.8564327,-93.1632341,True,ai,grounded
SUPERIOR INDUSTRIES,1835 S 36TH ST,MUSKEGON,MI,49444,43.177117,-86.199527,True,ai,corroborated
SUPERIOR WINDOW,,,,,,,True,,
SUPERSMILE,32 E 57TH ST 15TH FLOOR,NEW YORK,NY,10022,40.7618724,-73.9720863,True,ai,grounded
SUPERSTRUCTURES,14 WALL ST 25TH FLOOR,NEW YORK,NY,10005,40.7076337,-74.010757,True,ai,grounded
SUPPLY ACCESSORIES,,,,,,,True,,
SUPPLY CADDY,1501 S KANSAS AVE,TOPEKA,KS,66612,39.0396105,-95.6788292,True,ai,uncorroborated
SUPREME LAUNDRY AND CLEANERS,,,,,,,True,,
SURESCRIPTS,2550 WASSER TER,MCLEAN,VA,22102,38.950951,-77.229553,True,ai,uncorroborated
SURFACE TECHNOLOGY INC,,,,,,,True,,
SURFSIDE MANOR HFA,,,,,,,True,,
SURGEONS GROUP OF BATON ROUGE / LAKE PHYSICIANS,,,,,,,True,,
SURGICAL SPECIALISTS OF THE NORTH SHOR,,,,,,,True,,
SURRY INVESTMENT ADVISORS,56 SURRY DAM RD,SURRY,NH,03431,42.9923472,-72.3128951,True,manual,verified
SURVEYMONKEY,1 CURIOSITY WAY,SAN MATEO,CA,94403,37.538449,-122.305447,True,ai,uncorroborated
"SUSAN ARNOWITZ, PH.D",,,,,,,True,,
SUSAN EDELSTEIN PRODUCTIONS LLC,,,,,,,True,,
SUSAN G. KOMEN FOR THE C,5005 LBJ FREEWAY STE 250,DALLAS,TX,75244,32.9279478,-96.8220407,True,ai,uncorroborated
SUSAN KOEHN DESIGNS,,,,,,,True,,
SUSAN ZISES GREEN INC,,,,,,,True,,
SUSMAN GODFREY LLP,1000 LOUISIANA ST STE 5100,HOUSTON,TX,77002,29.75843,-95.3682993,True,ai,grounded
SUSQUEHANNA INTERNATIONAL GROUP,401 CITY AVE,BALA CYNWYD,PA,19004,40.007329631962,-75.213796562766,True,ai,grounded
SUSQUEHANNA INTERNATIONAL GROUP,30 HUDSON YARDS 16TH FLOOR,NEW YORK,NY,10001,40.753983,-74.0006028,False,ai,grounded
SUSSER BANK,2201 WURZBACH RD,SAN ANTONIO,TX,78238,29.4921757,-98.5977933,True,ai,corroborated
SUSSMAN AUTOMATIC,1130 FAIROAKS AVE,NORTHBROOK,IL,60062,42.126279,-87.845088,True,ai,uncorroborated
SUSSMAN EDUCATION,250 E 54TH ST STE P2,NEW YORK,NY,10022,40.75779612331,-73.967834686409,True,manual,verified
SUSTAINABLE CAPITAL,111 SUTTER ST STE 800,SAN FRANCISCO,CA,94104,37.7901267,-122.4026973,True,ai,corroborated
SUTHERLAND ASBILL & BRENNAN,999 PEACHTREE ST NE STE 2300,ATLANTA,GA,30309,33.7809002,-84.3829982,True,ai,corroborated
SUTHERLAND CAPITAL MANAGEMENT INC,32 E 57TH ST 16TH FLOOR,NEW YORK,NY,10022,40.7618724,-73.9720863,True,ai,grounded
SUTHERLAND GLOBAL,1200 ABERNATHY RD NE STE 1700,ATLANTA,GA,30328,33.933259,-84.386656,True,ai,uncorroborated
SUTTER,2200 RIVER PLAZA DR,SACRAMENTO,CA,95833,38.605504,-121.515639,True,ai,grounded
SUTTER HEALTH,2901 K ST,SACRAMENTO,CA,95816,38.572426,-121.468164,True,ai,corroborated
SUTTER MEDICAL GROUP,2750 GATEWAY OAKS DR STE 150,SACRAMENTO,CA,95833,38.6166223,-121.5177565,True,ai,grounded
SUTTON MANAGEMENT CO,55 W 39TH ST,NEW YORK,NY,10018,40.7523912,-73.9839779,True,ai,corroborated
SUTTON SQUARE GROUP,,,,,,,True,,
SVERDLOV LAW PLLC,,,,,,,True,,
SVG,,,,,,,True,,
SWA,6000 S TERMINAL PKWY,DES MOINES,IA,50315,41.545367,-93.619184,True,ai,uncorroborated
SWALET AEROSPACE,,,,,,,True,,
SWALLOW ASSOCIATES,,,,,,,True,,
SWC,,,,,,,True,,
SWEDISH HEALTH SERVICES,747 BROADWAY E,SEATTLE,WA,98102,47.6257309,-122.3214416,True,ai,corroborated
SWEDISH MEDICAL GROUP,501 BROAD ST,SEATTLE,WA,98104,47.6205779,-122.3477653,True,ai,corroborated
SWEET PAPER SALES,,,,,,,True,,
SWIB,STATE ST 11TH FLOOR,MADISON,WI,53703,43.0748308,-89.3925025,True,ai,uncorroborated
SWIDLER SALES AND CONSULTING,,,,,,,True,,
SWIFT-TRAIN COMPANY,11201 DEVELOPMENT RD,HUNTSVILLE,AL,35806,34.766424,-86.683594,True,ai,uncorroborated
SWIRNOW SYSTEMS MANAGEMENT LLC,,,,,,,True,,
SWM,,,,,,,True,,
SWORD BIO,2 N LASALLE ST STE 1300,CHICAGO,IL,60602,41.8823579,-87.632809,True,ai,uncorroborated
SWRI,6220 CULEBRA RD,SAN ANTONIO,TX,78238,29.4441204,-98.6136109,True,ai,corroborated
SXHOLDINGS,,,,,,,True,,
SYCAMORE MECHANICAL CONTRACTORS,,,,,,,True,,
"SYKES, BOURDON, AHERN & LEVY PC",,,,,,,True,,
SYLVAN CREST PARTNERS,,,,,,,True,,
SYLVESTER COMPREHENSIVE CANCER CENTER,1601 NW 10TH AVE,MIAMI,FL,33136,25.7903589,-80.2106983,True,ai,corroborated
SYNAGILE CORPORATION,11601 WILSHIRE BLVD STE 500,LOS ANGELES,CA,90025,34.0510414,-118.4599151,True,ai,uncorroborated
SYNCO,,,,,,,True,,
SYNERGY ACADEMICS,6700 FALLBROOK AVE STE 101,WEST HILLS,CA,91307,34.200485,-118.664852,True,manual,verified
SYNERGY HEALTH PARTNERS,,,,,,,True,,
SYNOPSYS,700 E MIDDLEFIELD RD,MOUNTAIN VIEW,CA,94043,37.3915986,-122.0465493,True,ai,uncorroborated
SYNTHEGO,501 2ND ST,SOUTH SAN FRANCISCO,CA,94080,37.6523406,-122.4305331,True,ai,corroborated
SYNTONIC SYSTEMS,2737 S RIDGEWOOD AVE STE 100,SOUTH DAYTONA,FL,32119,29.1605938,-80.995564,True,ai,uncorroborated
SYPERSMILE,850 BEACON ST,BROOKLINE,MA,02446,42.346271,-71.1056761,True,ai,uncorroborated
SYRACUSE ORTHOPEDIC SPECIALISTS,200 W MANLIUS ST,SYRACUSE,NY,13202,43.043513,-76.150663,True,ai,corroborated
SYRACUSE UNIVERSITY,SYRACUSE UNIVERSITY,SYRACUSE,NY,13244,43.0171129,-76.1185536,True,ai,uncorroborated
SZABO REALTY,,,,,,,True,,
T & M BUILDING CO INC,200 LAKE DR W,CHERRY HILL,NJ,08002,39.938518,-75.004354,True,ai,uncorroborated
T SIMON CONSULTING,,,,,,,True,,
T WEISS REALTY,,,,,,,True,,
T7 CAPITAL,1040 6TH AVE FL 15,NEW YORK,NY,10018,40.7529924,-73.9850431,True,ai,grounded
TA ASSOCIATES,200 CLARENDON ST 56TH FLOOR,BOSTON,MA,02116,42.349892887433,-71.074890803629,True,ai,grounded
TA ASSOCIATES,64 WILLOW PL STE 100,MENLO PARK,CA,94025,37.452215552383,-122.166594186163,False,ai,grounded
TA ASSOCIATES,515 CONGRESS AVE STE 2400,AUSTIN,TX,78701,30.26727700219,-97.743040853922,False,ai,grounded
TABLE MANAGEMENT LP,,,,,,,True,,
TABLEAU,1621 N 34TH ST,SEATTLE,WA,98103,47.6476152,-122.3383842,True,ai,grounded
TABOOLA,1115 BROADWAY,NEW YORK,NY,10010,40.7429808,-73.9893406,True,ai,corroborated
TABUSH GROUP,350 N OLD WOODWARD AVE STE 200,BIRMINGHAM,MI,48009,42.5489599,-83.2159321,True,ai,uncorroborated
TACALA LLC,60 STATE ST,BOSTON,MA,02109,42.3596782,-71.056579,True,ai,uncorroborated
TACTIX,,,,,,,True,,
TAE PHOENIX ENTERTAINMENT,,,,,,,True,,
TAFT LAW,,,,,,,True,,
TAFT STETTINIUS & HOLLISTER PLLC,425 WALNUT ST STE 1800,CINCINNATI,OH,45202,39.1006993,-84.5130369,True,ai,uncorroborated
TAG DEVELOPMENTS LTD,,,,,,,True,,
TAHL PROPP EQUITIES,3601 W COMMERCIAL BLVD STE 400,FORT LAUDERDALE,FL,33309,26.1883737,-80.1661015,True,ai,corroborated
TAILWIND CONSULTANTS,,,,,,,True,,
TAKEDA,300 SHIRE WAY,LEXINGTON,MA,02421,42.4274232,-71.2523377,True,ai,uncorroborated
TALCOTT HOLDINGS INC,6538 COLLINS AVE STE 233,MIAMI BEACH,FL,33141,25.849010340957,-80.12034758686,True,manual,verified
TALENT SYSTEMS,,,,,,,True,,
TALPION FUND MANAGEMENT LP,,,,,,,True,,
TALPIOT COLLEGE,,,,,,,True,,
TAMAR FINK INC,,,,,,,True,,
TAMARIX,,,,,,,True,,
TAMAROFF GROUP,,,,,,,True,,
TAMAROFF MOTORS,6600 ORCHARD LAKE RD,WEST BLOOMFIELD,MI,48322,42.5406667,-83.3607424,True,ai,corroborated
TAMGE,,,,,,,True,,
TAMID,,,,,,,True,,
TAMPA BAY TRANE,1501 N WESTSHORE BLVD,TAMPA,FL,33607,27.9554142,-82.5240415,True,ai,corroborated
TANDEMHR,1 INTERNATIONAL BLVD 5TH FLOOR,BOSTON,MA,02110,42.358254,-71.051927,True,ai,uncorroborated
TANGIBLE SCIENCES,,,,,,,True,,
TANNEBAM WEISS,,,,,,,True,,
TANNEN & ASSOCIATES,,,,,,,True,,
TANNENBAUM HELPERN,,,,,,,True,,
TANTUM REAL ESTATE,,,,,,,True,,
TAP ROOT CAPITAL,60 RIVER RD,SUMMIT,NJ,07901,40.7319745,-74.3743595,True,ai,grounded
TAPPER'S,6337 ORCHARD LAKE RD,WEST BLOOMFIELD,MI,48322,42.5468639,-83.3607936,True,ai,corroborated
TAQTILE INC,335 MADISON AVE,NEW YORK,NY,10017,40.7536221,-73.9780733,True,ai,uncorroborated
TARGET STRATEGIES LLC,1501 M ST NW STE 300,WASHINGTON,DC,20005,38.905729,-77.034723,True,ai,uncorroborated
TARGETSEARCHGROUP,,,,,,,True,,
TARRANT COUNTY,100 E WEATHERFORD ST,FORT WORTH,TX,76196,32.7574794,-97.3331906,True,ai,corroborated
TASK US,1650 INDEPENDENCE DR STE 100,NEW BRAUNFELS,TX,78132,29.7184071,-98.1582751,True,ai,grounded
TASTY BRANDS,6800 JERICHO TPKE STE 100E,SYOSSET,NY,11791,40.8061341,-73.5183554,True,manual,verified
TATE DEVELOPMENT CORP,,,,,,,True,,
TAUB VENTURES,,,,,,,True,,
TAX PRO SOLUTIONS,,,,,,,True,,
TAXMAN POLLOCK MURRAY & BEKKERMAN,ONE PENN PLAZA STE 5215,NEW YORK,NY,10119,40.7510985,-73.9919723,True,ai,uncorroborated
TAYLOR EQUITIES,3660 WILSHIRE BLVD STE 612,LOS ANGELES,CA,90010,34.0612247,-118.3049789,True,ai,grounded
TAYLOR MORRISON NW LLC,5221 N 44TH ST STE 100,PHOENIX,AZ,85018,33.5143201,-111.9865109,True,ai,uncorroborated
TAYLOR PORTER BROOKS & PHILLIPS LLP,450 LAUREL ST STE 1600,BATON ROUGE,LA,70801,30.4503383,-91.1864777,True,ai,corroborated
TBFR,,,,,,,True,,
TBG,,,,,,,True,,
TBS CONSUTLING,,,,,,,True,,
TCG,350 5TH AVE 59TH FLOOR,NEW YORK,NY,10118,40.7484421,-73.9856589,True,ai,corroborated
TCI PRECISION METALS,2000 DORR ST,TOLEDO,OH,43607,41.652975,-83.590575,True,ai,uncorroborated
TCS,,,,,,,True,,
TCV,275 5TH AVE STE 510,SAN FRANCISCO,CA,94103,37.7835047,-122.4634912,True,ai,grounded
TD COWEN,640 FIFTH AVE 4TH FLOOR,NEW YORK,NY,10019,40.759242624116,-73.976774538968,True,ai,corroborated
TD SECURITIES,31 W 52ND ST,NEW YORK,NY,10019,40.7608799,-73.9780399,True,ai,corroborated
TEACH FLORIDA,325 JOHN KNOX RD STE L103,TALLAHASSEE,FL,32303,30.4715725,-84.2865864,True,ai,corroborated
TEAM HEWINS LLC,,,,,,,True,,
TEAM RESOURCES INC,,,,,,,True,,
TEAMHEALTH,265 BROOKVIEW CENTRE WAY STE 400,KNOXVILLE,TN,37919,35.935683700559,-84.004044930341,True,ai,grounded
TEAMHEALTH,7123 PEARL RD STE 201,MIDDLEBURG HEIGHTS,OH,44130,41.372091054626,-81.799646126273,False,ai,grounded
TEAMHEALTH,3585 RIDGE PARK DR,FAIRLAWN,OH,44333,41.164952,-81.633826,False,ai,grounded
TEANECK TWP,818 TEANECK RD,TEANECK,NJ,07666,40.8846166,-74.0069353,True,ai,corroborated
TEBIE GLOBAL,,,,,,,True,,
TEC BUILDING SYSTEMS LLC,100 W 33RD ST 6TH FLOOR,NEW YORK,NY,10001,40.7491552,-73.98929,True,ai,uncorroborated
TECH,,,,,,,True,,
TECHLAUNCH,3400 E CHERRY AVE STE 200,FRESNO,CA,93726,36.793666,-119.759715,True,ai,uncorroborated
TECHMARK,300 RIVER PL DR STE 350,DETROIT,MI,48207,42.336605,-83.017718,True,ai,grounded
TECHNA INDSUTRIAL DESIGN,,,,,,,True,,
TECHNOCON,,,,,,,True,,
TECHPAR GROUP,,,,,,,True,,
TECTA AMERICA ZERO CO LLC,,,,,,,True,,
TECTONIC TX,,,,,,,True,,
TEEN SUMMER EXPOS INC,,,,,,,True,,
TEICHMAN ENTERPRISES,,,,,,,True,,
TEIFELD & COMPANY,,,,,,,True,,
TEITELBAUM ARTISTS,,,,,,,True,,
TEJAS SECURITIES,7700 BONHOMME AVE STE 575,CLAYTON,MO,63105,38.647043,-90.3351132,True,ai,grounded
TEK INSIGHT,,,,,,,True,,
TEKLEAD CORP,,,,,,,True,,
TEKPARTNERS,,,,,,,True,,
TELADOC HEALTH,,,,,,,True,,
TELEBRANDS CORPORATION,VENTURE CORPORATE PARK 35 COLD SPRING RD,PLAINVIEW,NY,11803,40.781771,-73.473118,True,ai,corroborated
TELECARE CORPORATION,1080 MARINA VILLAGE PKWY STE 100,ALAMEDA,CA,94501,37.7845806,-122.2710986,True,ai,grounded
TELEDYNE TECHNOLOGIES,1049 CAMINO DOS RIOS,THOUSAND OAKS,CA,91360,34.1931286,-118.8939224,True,ai,grounded
TELEMUS CAPITAL,,,,,,,True,,
TELEVIX ENTERTAINMENT,,,,,,,True,,
TELIA AS,,,,,,,True,,
TEMPLE,,,,,,,True,,
TEMPLE AHAVAT SHALOM,1575 CURLEW RD,PALM HARBOR,FL,34683,28.0490793,-82.7387812,True,ai,grounded
TEMPLE BETH ABRAHAM,25 LEROY AVE,TARRYTOWN,NY,10591,41.070359,-73.8601211,True,ai,grounded
TEMPLE BETH AVODAH,85 CONCORD RD,BEDFORD,MA,01730,42.4911407,-71.2911972,True,ai,corroborated
TEMPLE BETH EL,,,,,,,True,,
TEMPLE BETH EL KESHET,,,,,,,True,,
TEMPLE BETH EL MANHATTAN BEACH,1014 IRVING AVE,MANHATTAN BEACH,CA,90266,33.891787,-118.402814,True,ai,uncorroborated
TEMPLE BETH ISRAEL,,,,,,,True,,
TEMPLE BETH SHALOM,,,,,,,True,,
TEMPLE BETH SHOLOM,4200 SW MUNSON AVE,TOPEKA,KS,66604,39.0478286,-95.7300599,True,ai,grounded
TEMPLE C ADLT DAY HLT,,,,,,,True,,
TEMPLE CITY ADHC,,,,,,,True,,
TEMPLE DE HIRSCH SINAI,501 E PIKE ST,SEATTLE,WA,98122,47.6136392,-122.3251994,True,ai,corroborated
TEMPLE EMANUEL,1010 UNIVERSITY AVE,SAN JOSE,CA,95126,37.3403374,-121.9205137,True,ai,grounded
TEMPLE HAR ZION,1040 N HARLEM AVE,RIVER FOREST,IL,60305,41.8992135,-87.8059857,True,ai,grounded
TEMPLE ISAIAH PRESCHOOL,10345 W PICO BLVD,LOS ANGELES,CA,90064,34.047464,-118.415218,True,manual,verified
TEMPLE ISRAEL,477 LONGWOOD AVE,BOSTON,MA,02215,42.340448,-71.1092473,True,ai,corroborated
TEMPLE ISRAEL OF SHARON,28-30 SPRUCE ST,SHARON,MA,02067,42.1076,-71.181828,True,ai,corroborated
TEMPLE JUDEA,,,,,,,True,,
TEMPLE JUDEA OF LAGUNA HILLS,,,,,,,True,,
"TEMPLE KOL AMI, W. BLOOMFIELD MI",5085 WALNUT LAKE RD,WEST BLOOMFIELD,MI,48323,42.5568204,-83.3827145,True,ai,uncorroborated
TEMPLE OHABEI SHALOM,1187 BEACON ST,BROOKLINE,MA,02446,42.3435703,-71.1144574,True,ai,corroborated
TEMPLE SHALOM,,,,,,,True,,
TEMPLE SHALOM MEDFORD,20 COTTAGE ST,MEDFORD,MA,02155,42.4209266,-71.1296133,True,ai,uncorroborated
TEMPLE SHALOM NAPLES,4630 PINE RIDGE RD,NAPLES,FL,34119,26.2115036,-81.7822295,True,ai,corroborated
TEMPLE SHALOM OF THE SOUTH BAY,1665 BLOOMFIELD AVE,REDONDO BEACH,CA,90278,33.873605,-118.370264,True,ai,corroborated
TEMPLE SHIR SHALOM,399 OLD TAPPAN RD,PARK RIDGE,NJ,07656,41.036183,-74.044293,True,ai,uncorroborated
TEMPLE SINAI,,,,,,,True,,
TEMPLE SINAI OF NORTH DADE,,,,,,,True,,
TEMPLE SINAI SUMMIT,101 MAPLE ST,SUMMIT,NJ,07901,40.7126156,-74.3616254,True,ai,uncorroborated
TEMPLE TIFERET SHALOM,8777 NW 44TH ST,DORAL,FL,33178,25.8143156,-80.3810368,True,ai,uncorroborated
TEMPUS AI,600 W CHICAGO AVE STE 510,CHICAGO,IL,60654,41.8982912,-87.6443417,True,ai,grounded
TEN CAPITAL ADVISORS,,,,,,,True,,
TENCAP INC,,,,,,,True,,
TENCER AND ASSSOCIATES,,,,,,,True,,
TENN BLDG PRODUCTS,,,,,,,True,,
TENNIS INDOORS OF NY INC,,,,,,,True,,
TENS,,,,,,,True,,
TEPEYAC HIGH SCHOOL,,,,,,,True,,
TERRA NOVA TECHNOLOGIES,,,,,,,True,,
TERRACO REAL ESTATE,3201 OLD GLENVIEW RD STE 300,WILMETTE,IL,60091,42.0656197,-87.7564817,True,manual,verified
TERRASTONE SOLUTIONS,,,,,,,True,,
TERRAVEDRA CONSULTING GROUP,,,,,,,True,,
TERRAVET REAL ESTATE SOLUTIONS,,,,,,,True,,
TERRIFIC TOURS,,,,,,,True,,
TESLA,13101 HAYDEN RD,AUSTIN,TX,78728,30.453764,-97.686695,True,ai,uncorroborated
TETRAGON,250 W 55TH ST,NEW YORK,NY,10019,40.7649395,-73.9829195,True,ai,corroborated
TEXANA BANK,305 W MAIN ST,GANADO,TX,77962,29.030815,-96.503389,True,ai,uncorroborated
TEXAS DIRECT INSURANCE AGENCY LP,5400 LEGACY DR,PLANO,TX,75024,33.076994,-96.808304,True,ai,corroborated
TEXAS FERTILITY CENTER,7557 RAMBLER RD STE 700,DALLAS,TX,75231,32.8851743,-96.7631901,True,ai,corroborated
TEXAS FINANCIAL FORENSICS,,,,,,,True,,
TEXAS IRON AND METAL,865 LOCKWOOD DR,HOUSTON,TX,77020,29.7602627,-95.3175258,True,manual,verified
TEXAS OFFICE OF THE ATTORNEY GENERAL,300 W 15TH ST,AUSTIN,TX,78701,30.277713943127,-97.741956552465,True,ai,corroborated
TEXAS ONCOLOGY PA,14555 DALLAS PKWY STE 250,DALLAS,TX,75254,32.9443009,-96.8230694,True,ai,corroborated
TEXAS RADIOLOGY ASSOCIATES,7600 FANNIN ST,HOUSTON,TX,77054,29.6933775,-95.4027926,True,ai,corroborated
TEXAS STATE UNIVERSITY,601 UNIVERSITY DR,SAN MARCOS,TX,78666,29.8910885,-97.9376214,True,ai,corroborated
TEXAS TECH UNIV HSC,3601 4TH ST,LUBBOCK,TX,79430,33.592208,-101.899157,True,ai,corroborated
TEXAS UNITED MANAGEMENT,,,,,,,True,,
TFC,,,,,,,True,,
TFPS,,,,,,,True,,
TFS ENERGY FUTURES LLC,1001 FANNIN ST STE 1600,HOUSTON,TX,77002,29.7557946,-95.3639251,True,ai,uncorroborated
TG HOLDINGS LLC,17895 COLLINS AVE STE 2600,SUNNY ISLES BEACH,FL,33160,25.9409338,-80.1206897,True,manual,verified
TGH GROUP HOLDINGS LTD,,,,,,,True,,
THALES GROUP,2733 S CRYSTAL DR STE 1200,ARLINGTON,VA,22202,38.856854,-77.051495,True,ai,grounded
THALHEIMER BROTHERS LLC,700 E GODFREY AVE,PHILADELPHIA,PA,19124,40.038149,-75.101525,True,manual,verified
THATCH HEALTH,1600 NW 167TH ST STE 100,BEAVERTON,OR,97006,45.52598,-122.855888,True,ai,uncorroborated
THATS A RAPP PRODUCTIONS,,,,,,,True,,
THCF,,,,,,,True,,
THE 495/METROWEST PARTNERSHIP,ONE PARK PLAZA STE 450,BOSTON,MA,02116,42.3515011,-71.0693963,True,ai,corroborated
THE ABSINTHE GROUP,368 HAYES ST 2ND FLOOR,SAN FRANCISCO,CA,94102,37.7770899,-122.422458,True,ai,grounded
THE ACACIA GROUP,1120 AVE OF THE AMERICAS,NEW YORK,NY,10036,40.7555808,-73.9828644,True,ai,uncorroborated
THE ACCELERATION PROJECT,,,,,,,True,,
THE ACKERBERG GROUP,2201 BROADWAY STE 1010,OAKLAND,CA,94612,37.8112082,-122.267501,True,ai,uncorroborated
THE ADVOCACY GROUP INC,,,,,,,True,,
THE AEROSPACE CORPORATION,2310 E EL SEGUNDO BLVD,EL SEGUNDO,CA,90245,33.9155862,-118.3823266,True,ai,corroborated
THE AGATSTON CENTER FOR PREVENTIVE MEDICINE,1691 MICHIGAN AVE,MIAMI BEACH,FL,33139,25.7912482,-80.1386759,True,manual,verified
THE AGENCY,100 N CRESCENT DR 4TH FLOOR,BEVERLY HILLS,CA,90210,34.067215,-118.395725,True,ai,corroborated
THE ALTMAN LAW FIRM PLLC,200 PARK AVE STE 1700,NEW YORK,NY,10166,40.7534645,-73.9766148,True,ai,corroborated
THE ANDERSON GROUP,8550 FREEPORT PKWY STE 400,IRVING,TX,75063,32.9234757,-97.0152251,True,ai,uncorroborated
THE ANNENBERG FOUNDATION,2000 AVE OF THE STARS STE 1000,LOS ANGELES,CA,90067,34.0583138,-118.4146758,True,ai,corroborated
THE ARBA GROUP,6300 WILSHIRE BLVD STE 1800,LOS ANGELES,CA,90048,34.0631573,-118.3663294,True,ai,grounded
THE ARDENT COMPANIES,2100 POWERS FERRY RD STE 350,ATLANTA,GA,30339,33.9010899,-84.4511696,True,ai,grounded
THE ARKER COMPANIES,,,,,,,True,,
THE ASSOCIATED,,,,,,,True,,
THE ASSOCIATED: JEWISH FEDERATION OF BALTIMORE,101 W MT ROYAL AVE,BALTIMORE,MD,21201,39.3050836,-76.6177823,True,manual,verified
THE ASTRONAUTS MEMORIAL FOUNDATION,3600 WILSON BLVD STE 800,ARLINGTON,VA,22201,38.881811,-77.102753,True,ai,uncorroborated
THE BENIDA GROUP,200 PARK AVE SOUTH STE 1102,NEW YORK,NY,10003,40.7368886,-73.9892348,True,ai,uncorroborated
THE BERARD COMPANY,100 CROSS ST,PORTSMOUTH,NH,03801,43.074812,-70.805443,True,ai,uncorroborated
THE BERG CORPORATION,2519 WILKENS AVE,BALTIMORE,MD,21223,39.2791797,-76.6541815,True,ai,grounded
THE BERKELEY SCHOOL-WESTCHESTER,909 WESTCHESTER AVE STE 200,WHITE PLAINS,NY,10604,41.071512,-73.747093,True,ai,corroborated
THE BERNSTEIN COMPANIES,2000 MARKET ST STE 1900,PHILADELPHIA,PA,19103,39.953509,-75.173351,True,ai,uncorroborated
THE BG,,,,,,,True,,
THE BINSKY CORPORATION,110 WALL ST STE 1050,NEW YORK,NY,10005,40.7049397,-74.0063279,True,ai,uncorroborated
THE BIRCH WATHEN LENOX SCHOOL,210 E 77TH ST,NEW YORK,NY,10075,40.7724645,-73.9577203,True,ai,corroborated
THE BLOOM ORG,,,,,,,True,,
THE BLOOM ORGANIZATION,OPTIMA ONYX TOWER 1010 S FEDERAL HWY STE 2804,HALLANDALE BEACH,FL,33009,25.984406,-80.145605,True,ai,grounded
THE BLUFFS,,,,,,,True,,
THE BOEING COMPANY,100 N RIVERSIDE,CHICAGO,IL,60606,41.8825427,-87.638745,True,ai,uncorroborated
THE BOSTON FOUNDATION,75 ARLINGTON ST,BOSTON,MA,02116,42.3504901,-71.0703617,True,ai,corroborated
THE BRIDGEFUND & THE HUDSON GUILD,141 W 25TH ST 5TH FLOOR,NEW YORK,NY,10001,40.7447576,-73.9930024,True,ai,corroborated
THE BUCKINGHAM RESEARCH GROUP,1000 N WEST ST,WILMINGTON,DE,19801,39.7471805,-75.5500972,True,ai,uncorroborated
THE CARLYLE GROUP,1001 PENNSYLVANIA AVE NW,WASHINGTON,DC,20004,38.8954637,-77.0264855,True,ai,grounded
THE CARNELIAN GROUP,400 ATLANTIC AVE,BOSTON,MA,02110,42.3556115,-71.0504489,True,ai,uncorroborated
THE CHAZIN GROUP INC,3100 W LAKE ST STE 230,MINNEAPOLIS,MN,55416,44.948278,-93.319481,True,manual,verified
THE CHICAGO SCHOOL,325 N WELLS ST,CHICAGO,IL,60654,41.8882472,-87.6337142,True,ai,uncorroborated
THE CHOTIN FOUNDATION & FAMILY - TCG,,,,,,,True,,
THE CHOTIN GROUP,,,,,,,True,,
THE CLOSET WORKS INC,1000 N WEST ST STE 1200,WILMINGTON,DE,19801,39.7471805,-75.5500972,True,ai,uncorroborated
THE CLOVER COMPANY,,,,,,,True,,
THE COCA-COLA COMPANY,ONE COCA-COLA PLAZA,ATLANTA,GA,30313,33.7708677,-84.3966253,True,ai,corroborated
THE COHEN GROUP,1300 17TH ST NW STE 600,WASHINGTON,DC,20036,38.9074529,-77.0387341,True,ai,uncorroborated
THE COLLEGE SCHOOL,3100 HAPPY HOLLOW BLVD,CINCINNATI,OH,45213,39.181181,-84.420046,True,ai,uncorroborated
THE COMMERCE FUND OF FLORIDA,,,,,,,True,,
THE CONTINUUM COMPANY,,,,,,,True,,
THE CORMAC GROUP,,,,,,,True,,
THE CROSS COUNTRY GROUP,400 RIVERS EDGE DR,MEDFORD,MA,02155,42.4112952,-71.0744009,True,ai,grounded
THE CROSSING GRILL & BAR,,,,,,,True,,
THE CW NETWORK - NEXSTAR,,,,,,,True,,
THE DAVIS COMPANIES,125 HIGH ST STE 300,BOSTON,MA,02110,42.3550474,-71.053416,True,ai,corroborated
THE DENTAL OFFICE AT CHESTNUT HILL,205 BOYLSTON ST,CHESTNUT HILL,MA,02467,42.3229717,-71.16604,True,ai,corroborated
THE DENVER FIRM,2990 S COLORADO BLVD STE 545,DENVER,CO,80222,39.6636554,-104.940577,True,ai,corroborated
THE DERF COMPANY,,,,,,,True,,
THE DIAL CORPORATION,1800 PACIFIC AVE,PLANO,TX,75074,33.033284,-96.672758,True,ai,uncorroborated
THE DIAMOND LAW FIRM PA,150 SECOND NORTH AVE STE 570,SAINT PETERSBURG,FL,33701,27.770793,-82.632806,True,manual,verified
THE DISCOVERY GROUP,,,,,,,True,,
THE DOVER GROUP,280 PARK AVE,NEW YORK,NY,10017,40.7564853,-73.975049,True,ai,uncorroborated
THE DUBIN GROUP,,,,,,,True,,
THE EBLLA GROUP,,,,,,,True,,
THE ELGIN COMPANY,401 N MICHIGAN AVE #1750,CHICAGO,IL,60611,41.889779200797,-87.623978543375,True,ai,grounded
THE ELLIOT GROUP,,,,,,,True,,
THE ELLMAN COMPANIES,760 MARKET ST STE 1600,SAN FRANCISCO,CA,94102,37.7866671,-122.40505,True,ai,uncorroborated
THE FALLSTAFF GROUP INC,,,,,,,True,,
THE FELDMAN COMPANIES,3323 NE 163RD ST STE 501,NORTH MIAMI BEACH,FL,33160,25.9285495,-80.1368421,True,ai,grounded
THE FELDMAN LAW FIRM LLP,,,,,,,True,,
THE FEMALE QUOTIENT,220 MONTGOMERY ST STE 800,SAN FRANCISCO,CA,94104,37.7914791,-122.4023758,True,ai,corroborated
THE FIRM FOR JUSTICE & LIBERTY ATTORNEYS,,,,,,,True,,
THE FISHER GROUP,TWO TOWNE SQ STE 900,SOUTHFIELD,MI,48076,42.497535,-83.230648,True,ai,grounded
THE FITNESS CENTER,,,,,,,True,,
THE FIVESTONE GROUP,,,,,,,True,,
THE FLATIRON GROUP,,NEW YORK,NY,,,,True,manual,verified
THE FOUNTAIN CAPITAL LLC,,,,,,,True,,
THE FOUNTAINS OF WEST COUNTY,1440 DORSETT VILLAGE WEST DR,MARYLAND HEIGHTS,MO,63043,38.729228,-90.45499,True,ai,corroborated
THE FRACTIONAL OPERATOR,,,,,,,True,,
THE FRIENDSHIP OF PITTSBURGH,320 BLVD OF THE ALLIES,PITTSBURGH,PA,15222,40.4380584,-80.0006835,True,ai,corroborated
THE FUNDWORKS LLC,5990 SEPULVEDA BLVD STE 310,VAN NUYS,CA,91411,34.1791187,-118.4660748,True,manual,verified
THE GART COMPANIES,240 ST PAUL ST STE 200,DENVER,CO,80206,39.7201899,-104.9506875,True,ai,grounded
THE GEORGETOWN COMPANY,10501 DUTTON RD,SUGAR LAND,TX,77478,29.617523,-95.60829,True,ai,uncorroborated
THE GEORGIA AQUARIUM,225 BAKER ST NW,ATLANTA,GA,30313,33.7632675,-84.3951173,True,manual,verified
THE GERGEL GROUP,3300 NE 191ST ST STE 1017,AVENTURA,FL,33180,25.9521481,-80.1433833,True,ai,grounded
THE GERSON COMPANIES,1450 S LONE ELM RD,OLATHE,KS,66061,38.8600874,-94.8328391,True,ai,grounded
THE GLOBAL GOOD FUND,500 5TH AVE 14TH FLOOR,NEW YORK,NY,10110,40.7539205,-73.9811817,True,ai,uncorroborated
THE GOODGLIDE COMPANY,,,,,,,True,,
THE GRIFE LAW FIRM,1001 E MOREHEAD ST STE 300,CHARLOTTE,NC,28204,35.212957,-80.843711,True,ai,uncorroborated
THE GUILFORD HOUSE,109 W LAKE AVE,GUILFORD,CT,06437,41.3120973,-72.724683,True,ai,grounded
THE GULD RESOURCE GROUP,,,,,,,True,,
THE GUTMAN GROUP,10 VENETIAN WAY #703,MIAMI BEACH,FL,33139,25.7910841,-80.1466479,True,ai,grounded
THE HAMLIN SCHOOL,2120 BROADWAY,SAN FRANCISCO,CA,94115,37.7947157,-122.4320336,True,ai,corroborated
"THE HARRIS LAW FIRM, PLLP",,,,,,,True,,
THE HEALTH LAW PARTNERS,30150 TELEGRAPH RD,BINGHAM FARMS,MI,48025,42.5092992,-83.2820299,True,ai,corroborated
THE HEAT GROUP,,,,,,,True,,
THE HECTOR J. PEABODY FOUNDATION FOR FREEDOM,,,,,,,True,,
"THE HESCHEL SCHOOL, NY",9136 13TH AVE,BROOKLYN,NY,11228,40.6171823,-74.0106748,True,ai,uncorroborated
THE HOME DEPOT,2455 PACES FERRY RD SE,ATLANTA,GA,30339,33.86757,-84.4646,True,ai,corroborated
THE HOOBERMAN COMPANIES,5225 HELLYER AVE,SAN JOSE,CA,95138,37.2706475,-121.7948967,True,ai,uncorroborated
"THE HOOVER INSTITUTION, STANFORD UNIVERSITY",434 GALVEZ MALL,STANFORD,CA,94305,37.4272435,-122.1663276,True,manual,verified
THE HWOOD GROUP,,,,,,,True,,
THE INSTRUMENT,,,,,,,True,,
THE INTERFACE GROUP DBA ADFAM,,,,,,,True,,
THE JACOB LAW FIRM LLC,39 S MAIN ST,LITITZ,PA,17543,40.1569847,-76.3077196,True,ai,uncorroborated
THE JAFFE CORPORATION,300 N NOVA RD,ORMOND BEACH,FL,32174,29.2849273,-81.0846504,True,ai,grounded
THE JEFFREY MATTHEWS FINANCIAL GROUP,,,,,,,True,,
THE JEFFRY B. LEWIS LAW FIRM,,,,,,,True,,
THE JEWISH LINK MEDIA GROUP,1 ELMWOOD AVE STE 100,RIDGEWOOD,NJ,07450,40.981591,-74.113506,True,ai,corroborated
THE JILLS ZEDER GROUP,1682 JEFFERSON AVE,MIAMI BEACH,FL,33139,25.7912663,-80.1378527,True,ai,corroborated
THE JOHNSON COMPANY,610 FIFTH AVE 2ND FLOOR,NEW YORK,NY,10020,40.757991624571,-73.977683537377,True,ai,grounded
THE KALIKOW GROUP,100 JERICHO QUADRANGLE STE 440,JERICHO,NY,11753,40.7891193,-73.5539158,True,ai,corroborated
THE KARREN COMPANY,,,,,,,True,,
THE KID FROM DOWNUNDER INC,,,,,,,True,,
THE KRAFT GROUP,ONE PATRIOT PL,FOXBORO,MA,02035,42.0894304,-71.2603702,True,ai,grounded
THE KRAUS ORGANIZATION,,,,,,,True,,
THE KRE GROUP,,,,,,,True,,
THE KURLAND LAW GROUP,,,,,,,True,,
"THE LAW OFFICE OF BRIAN GURWITZ, APC",,,,,,,True,,
THE LAW OFFICE OF JEFFREY H JACOBSON,,,,,,,True,,
THE LAW OFFICE OF MELANIE CASPI PC,,,,,,,True,,
THE LAW OFFICES OF LAUREN ABRAMS,,,,,,,True,,
THE LIQUID OPPORTUNITY GROUP,,,,,,,True,,
THE LIVELY FOUNDATION,550 MOUNTAIN VIEW AVE,MOUNTAIN VIEW,CA,94041,37.391696,-122.0874679,True,ai,grounded
THE LOEB GROUP,,,,,,,True,,
THE LOUIS D. BRANDEIS CENTER FOR HUMAN RIGHTS UNDER LAW,7609 16TH ST NW,WASHINGTON,DC,20012,38.9824618,-77.036235,True,manual,verified
THE LOUISE D. & MORTON J. MACKS CENTER,,,,,,,True,,
THE MACK COMPANY,2115 LINWOOD AVE STE 110,FORT LEE,NJ,07024,40.8553578,-73.9732713,True,ai,grounded
THE MADISON GROUP,,,,,,,True,,
THE MAINLAND COMPANY,,,,,,,True,,
THE MAJORITY GROUP,,,,,,,True,,
THE MANAGEMENT GROUP,8383 WILSHIRE BLVD STE 400,BEVERLY HILLS,CA,90211,34.0651811,-118.3734211,True,ai,grounded
THE MARATHON GROUP,,,,,,,True,,
THE MARCUS FOUNDATION,100 COLONY SQ 1175 PEACHTREE ST NE STE 2120,ATLANTA,GA,30361,33.7869104,-84.3827111,True,manual,verified
THE MARK F. WEISS LAW FIRM,9120 IRVINE CENTER DR STE 200,IRVINE,CA,92618,33.6372415,-117.7403815,True,ai,uncorroborated
THE MARS AGENCY,25200 TELEGRAPH RD,SOUTHFIELD,MI,48033,42.4734836,-83.2830471,True,ai,grounded
THE MAVEN GROUP,4905 DEL RAY AVE STE 200,BETHESDA,MD,20814,38.9898209,-77.0993487,True,manual,verified
THE MAYA GROUP,,,,,,,True,,
THE MCCONNELL GROUP,1201 CONNECTICUT AVE NW STE 500,WASHINGTON,DC,20036,38.9061861,-77.0406775,True,ai,uncorroborated
THE MDE GROUP,465 S ST STE 304,MORRISTOWN,NJ,07960,40.7847843,-74.4681382,True,manual,verified
THE MELOHN GROUP,,,,,,,True,,
THE MERRIN GROUP,,,,,,,True,,
THE MET,1000 FIFTH AVE,NEW YORK,NY,10028,40.7794396,-73.9633825,True,ai,corroborated
THE METANOIC ORGANIZATION,,,,,,,True,,
THE MILESTONE GROUP,2385 NW EXECUTIVE CENTER DR STE 240,BOCA RATON,FL,33431,26.3694322,-80.1287887,True,manual,verified
THE MINKOFF GROUP,6272 VIRGO RD,OAKLAND,CA,94611,37.8421267,-122.2152466,True,ai,grounded
THE MITCHELL CO,,,,,,,True,,
THE MOHD GROUP,,,,,,,True,,
THE MOSKOWITZ LAW FIRM PLLC,240 W 35TH ST STE 500,NEW YORK,NY,10001,40.7521443,-73.9918442,True,ai,uncorroborated
THE MYTA CORPORATION,,,,,,,True,,
THE NANZ COMPANY,121 VARICK ST 10TH FLOOR,NEW YORK,NY,10013,40.7248739,-74.0063398,True,ai,grounded
THE NATIONAL ALLIANCE TO ADVANCE ADOLE,1211 CONNECTICUT AVE NW,WASHINGTON,DC,20036,38.9062357,-77.0410569,True,ai,uncorroborated
THE NATURE CONSERVANCY,4245 N FAIRFAX DR STE 100,ARLINGTON,VA,22203,38.873777,-77.116418,True,ai,grounded
THE NATURE CONSERVANCY,1613 PASEO DE PERALTA STE 200,SANTA FE,NM,87501,35.681732984774,-105.952075325074,False,ai,grounded
THE NATURE CONSERVANCY,1035 S SEMORAN BLVD STE 2-1021B,WINTER PARK,FL,32792,28.582240651407,-81.307104370761,False,ai,grounded
THE NEW ENGLAND SOUP FACTORY,,,,,,,True,,
THE NEW JEWISH HOME,120 W 106TH ST,NEW YORK,NY,10025,40.7994222,-73.9640157,True,ai,corroborated
THE NORFOLK COMPANIES,1 CITIZENS PLAZA,PROVIDENCE,RI,02903,41.8274821,-71.4107573,True,ai,uncorroborated
THE NRP GROUP,1228 EUCLID AVE 4TH FLOOR,CLEVELAND,OH,44115,41.5004573,-81.6842105,True,manual,verified
THE NUCLEAR COMPANY,,,,,,,True,,
THE OBSERVATORY,,,,,,,True,,
THE OCEANVIEW GROUP,,,,,,,True,,
THE OHIO STATE UNIVERSITY,1588 NEIL AVE,COLUMBUS,OH,43210,39.994042,-83.0142859,True,ai,corroborated
THE ORBACH GROUP,,,,,,,True,,
THE ORDEN COMPANY,13116 IMPERIAL HWY,SANTA FE SPRINGS,CA,90670,33.916811,-118.0528578,True,manual,verified
THE OSHMAN FIRM LLC,,,,,,,True,,
THE OXFORD INVESTMENT GROUP,9404 GENESEE AVE STE 200,LA JOLLA,CA,92037,32.854642,-117.251772,True,ai,grounded
THE PAINTING COMPANY,,,,,,,True,,
THE PARKOFF ORGANIZATION,470 PARK AVE SOUTH 7TH FLOOR,NEW YORK,NY,10016,40.745766,-73.9825227,True,ai,corroborated
THE PARTNERSHIP AT DRUGFREE.ORG,1701 K ST NW STE 1100,WASHINGTON,DC,20006,38.9029793,-77.0387054,True,ai,uncorroborated
THE PDI GROUP,,,,,,,True,,
THE PEDIATRIC GROUP,,,,,,,True,,
THE PERLES LAW FIRM PC,1050 CONNECTICUT AVE NW STE 500,WASHINGTON,DC,20036,38.9034565,-77.0401538,True,ai,grounded
THE PERMANENTE MEDICAL GROUP,1800 HARRISON ST 7TH FLOOR,OAKLAND,CA,94612,37.8058024,-122.2650872,True,manual,verified
THE PERMANENTE MEDICAL GROUP,97 SAN MARIN DR,NOVATO,CA,94945,38.1217467,-122.6045479,False,manual,verified
THE PEW CHARITABLE TRUSTS,2005 MARKET ST,PHILADELPHIA,PA,19103,39.9539808,-75.1747158,True,ai,uncorroborated
THE PINEWOOD ORGANIZATION,,,,,,,True,,
THE PORTLAND CLINIC,,,,,,,True,,
THE PRISM HEALTH GROUP,301 S 13TH ST STE 400,RICHMOND,VA,23219,37.5362188,-77.4330389,True,ai,uncorroborated
THE PROTECTIVE GROUP,,,,,,,True,,
THE RADCO COMPANIES,400 GALLERIA PKWY SE STE 1200,ATLANTA,GA,30339,33.883762897993,-84.463974977615,True,ai,grounded
THE RAYMOND ORGANIZATION,,,,,,,True,,
THE RENFREW CENTER FOR EATING DISORDERS,901 CUMMINGS CENTER STE 301-T,BEVERLY,MA,01915,42.5569312,-70.8868623,True,ai,uncorroborated
THE RESOURCE GROUP | MIDWEST,,,,,,,True,,
THE RESULTS COMPANY,,,,,,,True,,
THE RIVERSIDE COMPANY,45 ROCKEFELLER CENTER 630 FIFTH AVE STE 400,NEW YORK,NY,10111,40.758363609608,-73.977411287463,True,ai,grounded
THE ROBERTS COMPANIES,2886 COLORADO AVE,SANTA MONICA,CA,90404,34.0324739,-118.4689585,True,ai,grounded
THE ROBINOW GROUP,,,,,,,True,,
THE RON KAUFMAN COMPANIES,1 LOMBARD ST STE 201,SAN FRANCISCO,CA,94111,37.803923,-122.4025007,True,ai,grounded
THE ROOSEVELT GROUP,1212 NEW YORK AVE NW,WASHINGTON,DC,20005,38.9005673,-77.0283278,True,ai,uncorroborated
THE ROSE GROUP,,,,,,,True,,
THE ROSE SALTER MEDICAL RESEARCH FOUNDATION,,,,,,,True,,
THE ROTHMAN INSTITUTE,475 PLEASANT VALLEY WAY STE 300,WEST ORANGE,NJ,07052,40.8096816,-74.2607465,True,ai,uncorroborated
THE SARRAF GROUP,,,,,,,True,,
THE SAVER MAGAZINE,,,,,,,True,,
THE SCION GROUP,401 N MICHIGAN AVE STE 400,CHICAGO,IL,60611,41.889779200797,-87.623978543375,True,ai,grounded
THE SEPHARDIC HOME FOR THE AGED,2266 CROPSEY AVE,BROOKLYN,NY,11214,40.595818,-73.9975921,True,ai,grounded
THE SHAPIRO FOUNDATION,,,,,,,True,,
THE SHEENA LAW FIRM,1001 TEXAS AVE STE 240,HOUSTON,TX,77002,29.759972,-95.362363,True,manual,verified
THE SHIDDUCH CENTER,474 CENTRAL AVE,PASSAIC,NJ,07055,40.8690317,-74.1311697,True,ai,uncorroborated
THE SHOPPING CENTER GROUP,300 GALLERIA PKWY 12TH FLOOR,ATLANTA,GA,30339,33.8862488,-84.4623353,True,ai,grounded
THE SPEEDWASH,,,,,,,True,,
THE SPINDEL AGENCY,277 BENDIX RD STE 500,VIRGINIA BEACH,VA,23452,36.8338885,-76.1268503,True,ai,grounded
THE STERLING GROUP,NINE GREENWAY PLAZA STE 2400,HOUSTON,TX,77046,29.7320846,-95.4344868,True,ai,grounded
THE STERLING GROUP,3963 MAPLE AVE STE 200,DALLAS,TX,75219,32.805384253056,-96.815471163156,False,ai,grounded
THE STERNS TRUST,,,,,,,True,,
THE STRATEGY GROUP COMPANY,75 STATE ST,BOSTON,MA,02109,42.3586032,-71.0552567,True,ai,uncorroborated
THE STRO COMPANIES,104 CHESTNUT ST STE 300,RIDGEWOOD,NJ,07450,40.9824875,-74.1185648,True,ai,grounded
THE STRO COMPANIES,200 E LAS OLAS BLVD 14TH FLOOR,FORT LAUDERDALE,FL,33301,26.119040471026,-80.141825939982,False,ai,grounded
THE SUNSET LANDMARK INVESTMENT LLC,,,,,,,True,,
THE SUPERIOR GROUP,1270 AVE OF THE AMERICAS 5TH FL,NEW YORK,NY,10020,40.759174,-73.980715,True,ai,uncorroborated
THE TAUBMAN COMPANY,200 E LONG LAKE RD STE 300,BLOOMFIELD HILLS,MI,48304,42.5834495,-83.2376501,True,ai,corroborated
THE TENANT AGENCY,2465 N LAKEWOOD BLVD,CALIFORNIA CITY,CA,93505,35.108958,-117.956461,True,ai,uncorroborated
THE TENNIS CHANNEL,1350 AVE OF THE AMERICAS 37TH FLOOR,NEW YORK,NY,10019,40.7627635,-73.9779699,True,ai,uncorroborated
THE TIME BUTLER,,,,,,,True,,
THE TINDER BLOG CORP,,,,,,,True,,
THE TOBIN GROUP,2405 MARBURY RD,PITTSBURGH,PA,15221,40.435477,-79.8658,True,ai,grounded
THE TOWER COMPANIES,8403 COLESVILLE RD STE 260,SILVER SPRING,MD,20910,38.9945629,-77.0316212,True,ai,uncorroborated
THE TRAVELERS COMPANIES,485 LEXINGTON AVE,NEW YORK,NY,10017,40.7542495,-73.9738298,True,ai,uncorroborated
THE TRILOGY GROUP,901 S BOND ST,BALTIMORE,MD,21231,39.2806206,-76.5943964,True,ai,uncorroborated
THE UROLOGY CENTER OF COLORADO,1811 BELLEVIEW AVE STE 350,DENVER,CO,80206,39.730369,-104.952511,True,ai,corroborated
THE UROLOGY GROUP,1 COPLEY PL STE 105,BOSTON,MA,02116,42.316545,-71.100891,True,ai,uncorroborated
THE VANCOUVER CLINIC,,,,,,,True,,
THE VIDEO CALL CENTER LLC,,,,,,,True,,
THE VISION COUNCIL,225 REINEKERS LN STE 700,ALEXANDRIA,VA,22314,38.8051853,-77.0601473,True,ai,grounded
THE VISTRIA GROUP,300 E RANDOLPH ST STE 3850,CHICAGO,IL,60601,41.8848683,-87.6199046,True,ai,grounded
THE WALT DISNEY COMPANY,500 S BUENA VISTA ST,BURBANK,CA,91521,34.1551262,-118.3265025,True,ai,corroborated
THE WALT DISNEY STUDIOS,,,,,,,True,,
THE WASHINGTON INSTITUTE,1828 L ST NW STE 1050,WASHINGTON,DC,20036,38.9035641,-77.042807,True,ai,grounded
THE WATERMILL GROUP,1 CRANBERRY HILL,LEXINGTON,MA,02421,42.4455151,-71.2634671,True,ai,corroborated
THE WAVERLY GROUP,303 W MADISON ST,CHICAGO,IL,60606,41.8815036,-87.6356014,True,ai,uncorroborated
THE WEALTH ALLIANCE,28 LIBERTY ST,NEW YORK,NY,10005,40.7078495,-74.0089818,True,ai,uncorroborated
THE WELL STUDIO,,,,,,,True,,
THE WHISLER LAW FIRM PA,3606 ENTERPRISE AVE STE 356,NAPLES,FL,34104,26.1605462,-81.763419,True,manual,verified
THE WILDWOOD SCHOOL,435 EL CAMINO REAL,LOS ALTOS,CA,94022,37.4014539,-122.1141304,True,ai,uncorroborated
THE WINTER PARK LAND TRUST,,,,,,,True,,
THE WOLCOTT GROUP,935 W CHESTNUT ST STE 600,CHICAGO,IL,60642,41.8981194,-87.6543339,True,ai,grounded
THE WOLF LAW GROUP,3500 W OLIVE AVE,BURBANK,CA,91505,34.1525465,-118.3379417,True,ai,uncorroborated
THE WONDER PROJECT,,,,,,,True,,
THE WONDERFUL COMPANY,11444 W OLYMPIC BLVD,LOS ANGELES,CA,90064,34.036753852884,-118.443535542579,True,ai,grounded
THE WONDERFUL COMPANY,13646 HWY 33,LOST HILLS,CA,93249,35.653669023631,-119.894408346478,False,ai,grounded
THE WONDERFUL COMPANY,5286 S DEL REY AVE,DEL REY,CA,93616,36.659139247207,-119.592497456432,False,ai,grounded
THE WORKSPACE GROUP,43 W 23RD ST,NEW YORK,NY,10010,40.7424103,-73.991245,True,ai,uncorroborated
THE ZITELMAN GROUP INC,600 THIRD AVE,NEW YORK,NY,10016,40.7493233,-73.9758905,True,ai,uncorroborated
THE ZIZO GROUP INC,,LOS ANGELES,CA,90001,,,True,manual,verified
THERABODY,1360 E ROSEVILLE PKWY STE 200,ROSEVILLE,CA,95661,38.7482884,-121.2391824,True,ai,corroborated
THG GROUP,,,,,,,True,,
THIMBLE,36 E 12TH ST FL 5,NEW YORK,NY,10003,40.7334038,-73.9921673,True,ai,uncorroborated
THINKEDU LLC,,,,,,,True,,
THIRD AVENUE FUND MANAGEMENT,622 THIRD AVE 32ND FLOOR,NEW YORK,NY,10017,40.8088444,-73.9303577,True,ai,uncorroborated
THIRD COAST DEVELOPMENT,333 W WACKER DR,CHICAGO,IL,60606,41.8861731,-87.6358607,True,ai,uncorroborated
THIRD POINT LLC,55 HUDSON YARDS,NEW YORK,NY,10001,40.7552063,-74.0017804,True,ai,grounded
THIRD ROCK VENTURES,201 BROOKLINE AVE STE 1401,BOSTON,MA,02215,42.342550968146,-71.103564121678,True,ai,grounded
THIRD ROCK VENTURES,499 ILLINOIS ST STE 110,SAN FRANCISCO,CA,94158,37.765061543463,-122.387909121552,False,ai,grounded
THOMAS H LEE PARTNERS LP,100 FEDERAL ST 21ST FLOOR,BOSTON,MA,02110,42.3550533,-71.055957,True,ai,corroborated
"THOMAS, FELDMAN & WILSHUSEN",1001 4TH AVE,SAN DIEGO,CA,92101,32.71582,-117.160984,True,ai,uncorroborated
"THOMAS, THOMAS & HAFER LLP",1209 N ORANGE ST STE 700,WILMINGTON,DE,19801,39.7485065,-75.5476836,True,ai,uncorroborated
THOMPSON DAVIS,,,,,,,True,,
THORNTON BUCKEYE GROUP,,,,,,,True,,
THREATCURVE,,,,,,,True,,
THREE LEE INVESTMENTS,,,,,,,True,,
THREE PALMS CENTER,2250 KALAKAUA AVE,HONOLULU,HI,96815,21.2788948,-157.8280171,True,ai,uncorroborated
THREE ROSE III CORP,,,,,,,True,,
THRIFTY OIL CO,13116 IMPERIAL HWY,SANTA FE SPRINGS,CA,90670,33.916811,-118.0528578,True,ai,grounded
THRIVE FP,809 N CUERNAVACA DR,AUSTIN,TX,78733,30.332282,-97.8666465,True,ai,grounded
THRIVE PET HEALTHCARE,211 WALTER SEAHOLM DR STE 200,AUSTIN,TX,78701,30.2673902,-97.7526443,True,ai,grounded
THRIVE PET HEALTHCARE,2200 UNIVERSITY AVE,SAN DIEGO,CA,92104,32.748505529923,-117.141057976352,False,ai,grounded
THRIVE PET HEALTHCARE,522 E CHASE AVE,EL CAJON,CA,92020,32.780437516682,-116.956298983004,False,ai,grounded
THRYV INC,2600 DALLAS PKWY STE 300,PLANO,TX,75093,33.0222681,-96.8292539,True,ai,grounded
THUNDERING CLOUD LLC,,,,,,,True,,
TIAA,,,,,,,True,,
TIAA-CREF,730 THIRD AVE,NEW YORK,NY,10017,40.753143872259,-73.972800032676,True,ai,corroborated
TICTWO THERAPEUTICS,,,,,,,True,,
TIDAL PARTNERS,,,,,,,True,,
TIDEWATER JEWISH FOUNDATION,,,,,,,True,,
TIEKS,269 S BEVERLY DR STE 1402,BEVERLY HILLS,CA,90212,34.0624909,-118.39935,True,ai,grounded
TIERRA EQUITY,1500 BROADWAY,NEW YORK,NY,10036,40.7568024,-73.985668,True,ai,uncorroborated
TIERRAMANO LLC,1405 W 24TH ST,MIAMI BEACH,FL,33140,25.8000718,-80.1422956,True,manual,verified
TIFIN,1411 BROADWAY 12TH FLOOR,NEW YORK,NY,10018,40.7542112,-73.9875646,True,ai,corroborated
TIGER MANAGEMENT LLC,,,,,,,True,,
TIGER RESOURCES,,,,,,,True,,
TIGER WEST CAPITAL LLC,,,,,,,True,,
TIKAVH,,,,,,,True,,
TILEBAR,15 HOOVER ST,INWOOD,NY,11096,40.6233161,-73.7455203,True,ai,grounded
TILSNER CARTON CO,162 YORK AVE E,SAINT PAUL,MN,55117,44.9683849,-93.0780639,True,manual,verified
TIME EQUITIES INC,20 W 55TH ST,NEW YORK,NY,10019,40.7618909,-73.976208,True,ai,corroborated
TIME WARNER,30 HUDSON YARDS,NEW YORK,NY,10001,40.7539277,-74.0005544,True,ai,corroborated
TIMESHARES DIRECT,7083 GRAND NATIONAL DR STE 105,ORLANDO,FL,32819,28.4593875,-81.4561281,True,ai,grounded
TINDER,8750 SUNSET BLVD STE 200,WEST HOLLYWOOD,CA,90069,34.0912292,-118.3822219,True,ai,corroborated
TINDER HILL PRODUCTIONS INC,,,,,,,True,,
TINY DANCERS,,,,,,,True,,
TIOGA PIPE,2450 WHEATSHEAF LN,PHILADELPHIA,PA,19137,39.995656,-75.0887538,True,ai,grounded
TIPTREE INC,660 STEAMBOAT RD 2ND FLOOR,GREENWICH,CT,06830,41.027981,-73.6261548,True,ai,grounded
TITAN INDUSTRIAL METAL CORP,,,,,,,True,,
TIVO,2160 GOLD ST,SAN JOSE,CA,95112,37.419539158035,-121.974839284299,True,ai,corroborated
TIVON ERIC MOFFITT PLLC,,,,,,,True,,
TJAC DEVELOPMENT,,,,,,,True,,
TJH INVESTMENTS LLC,,,,,,,True,,
TJUH,,,,,,,True,,
TK CAPITAL,1200 N FEDERAL HWY,BOCA RATON,FL,33432,26.361977,-80.0811628,True,ai,uncorroborated
TKB CAPITAL,200 CRESCENT CT STE 1600,DALLAS,TX,75201,32.7936093,-96.8039036,True,ai,uncorroborated
TKE,1405 EVANS ST,TAMPA,FL,33602,27.953704,-82.45631,True,ai,corroborated
TKO GROUP HOLDINGS,200 FIFTH AVE 7TH FLOOR,NEW YORK,NY,10010,40.741629373221,-73.989605176632,True,ai,grounded
TKO GROUP HOLDINGS,6650 S TORREY PINES DR,LAS VEGAS,NV,89118,36.06895149837,-115.233424277401,False,ai,grounded
TLC WEALTH MANAGEMENT,100 CRESCENT CT,DALLAS,TX,75201,32.7939116,-96.8033152,True,ai,corroborated
TLE,,,,,,,True,,
TLG LAW LLC,,,,,,,True,,
TLLF,,,,,,,True,,
TM ASSOCIATES,1375 PICCARD DR STE 375,ROCKVILLE,MD,20850,39.1061053,-77.1788957,True,ai,grounded
TMB,527 PARK AVE,SAN FERNANDO,CA,91340,34.2839052,-118.4303723,True,ai,grounded
TMC FINANCING,,,,,,,True,,
TMCC,175 PARK AVE 6TH FLOOR,FLORHAM PARK,NJ,07932,40.7794277,-74.4311373,True,ai,uncorroborated
TOBIN INJURY LAW,38 OLD IVY RD NE,ATLANTA,GA,30342,33.854495838551,-84.381094786636,True,ai,grounded
"TOGUT, SEGAL, & SEGAL",ONE PENN PLAZA STE 3335,NEW YORK,NY,10119,40.7510985,-73.9919723,True,ai,corroborated
TOKIO MARINE HCC,13403 NW FREEWAY,HOUSTON,TX,77040,29.8496252,-95.5087632,True,ai,grounded
TOLERANCE IN MOTION,,,,,,,True,,
TOLPIN AND PARTNERS PC,30 N LASALLE ST STE 2250,CHICAGO,IL,60602,41.8828458,-87.632914,True,ai,grounded
TOMORROW STUDIOS,345 N MAPLE DR STE 200,BEVERLY HILLS,CA,90210,34.0746128,-118.3939683,True,manual,verified
TOP OFF,,,,,,,True,,
TOPAZ,,,,,,,True,,
TOPAZ CAPITAL GROUP,1200 BRICKELL AVE STE 2110,MIAMI,FL,33131,25.7621104,-80.1923056,True,ai,corroborated
TORAH INSTITUTE,130 CLINTON RD,FAIR LAWN,NJ,07410,40.93583,-74.117505,True,ai,uncorroborated
TORCAP VENTURES,,,,,,,True,,
TOREM & ASSOCIATES,,,,,,,True,,
TORNEK DESIGN,,,,,,,True,,
TOROSE EQUITIES,,,,,,,True,,
TORRANCE MEMORIAL MEDICAL CENTER,3330 LOMITA BLVD,TORRANCE,CA,90505,33.812806,-118.3442887,True,ai,corroborated
TORRECOM,200 PARK AVE SOUTH 12TH FLOOR,NEW YORK,NY,10003,40.7368886,-73.9892348,True,ai,corroborated
TORREY PINES ORTHOPEDIC MEDICAL GROUP,6455 ALVARADO RD STE 202,SAN DIEGO,CA,92120,32.7781827,-117.0611452,True,ai,corroborated
TOSCANA RESTAURANT GROUP,,,,,,,True,,
TOSCO,3000 OCEAN PARK BLVD,SANTA MONICA,CA,90405,34.0197878,-118.4539183,True,ai,uncorroborated
TOTAL PACKAGING,,,,,,,True,,
TOTAL REALTY,,,,,,,True,,
TOTAL SOURCE,1 ADP BLVD,ROSELAND,NJ,07068,40.8156767,-74.310335,True,ai,grounded
TOTAL SOURCE/GOLDEN SPRINGS,,,,,,,True,,
TOTAL SPECTRUM,,,,,,,True,,
TOTAL TRAVEL MARINE,,,,,,,True,,
TOTAL UTILITY MERKED GROUP,,,,,,,True,,
TOUCHTONE TELEVISION,330 HUDSON ST 8TH FLOOR,NEW YORK,NY,10013,40.726971,-74.0072664,True,ai,uncorroborated
TOUR ISRAEL NOW,,,,,,,True,,
TOURO,1601 3RD ST,NEW ORLEANS,LA,70113,29.942292,-90.083732,True,ai,uncorroborated
TOURO UNIVERSITY,3 TIMES SQ,NEW YORK,NY,10036,40.756604,-73.987007,True,manual,verified
TOVA LOFFMAN INC,,,,,,,True,,
"TOVA ROGERS MD, MFA PLLC",,,,,,,True,,
TOWEN OF WESTPORT,,,,,,,True,,
TOWER VENTURES,6060 POPLAR AVE STE 402,MEMPHIS,TN,38119,35.1026013,-89.8600919,True,ai,corroborated
TOWER VENTURES/PARAGON,495 TENNESSEE ST STE 152,MEMPHIS,TN,38103,35.1341588,-90.0629335,True,manual,verified
TOWERS WATSON,51 MADISON AVE,NEW YORK,NY,10010,40.7432425,-73.9860564,True,ai,uncorroborated
TOWNSHIP OF WAYNE,475 VALLEY RD,WAYNE,NJ,07470,40.9290839,-74.2314483,True,ai,corroborated
TOWNSQUARE MEDIA,4 MANHATTANVILLE RD STE 107,PURCHASE,NY,10577,41.023399035369,-73.718013388363,True,ai,grounded
TOWNSQUARE MEDIA,950 PENINSULA CORPORATE CIR,BOCA RATON,FL,33487,26.421867997229,-80.097750547105,False,ai,grounded
TPA SERVICES,1501 N UNIVERSITY DR STE 400,CORAL SPRINGS,FL,33071,26.2494854,-80.2533869,True,ai,uncorroborated
TPG PARTNERS,301 COMMERCE ST STE 3300,FORT WORTH,TX,76102,32.756019,-97.3306191,True,ai,uncorroborated
TPMG,100 MONTGOMERY ST STE 1100,SAN FRANCISCO,CA,94104,37.7903433,-122.4018704,True,ai,corroborated
TR STRAGEGIC GROUP,,,,,,,True,,
"TRACEY SPECTER, PCC, MAPP",,,,,,,True,,
TRACHTEN FAMILY FOUNDATION,,,,,,,True,,
TRADERS EDGE,,,,,,,True,,
TRADEWEB MARKETS,40 E 52ND ST 16TH FLOOR,NEW YORK,NY,10022,40.7585317,-73.9740692,True,ai,corroborated
TRADITION,1 NEW YORK PLAZA 26TH FLOOR,NEW YORK,NY,10004,40.7021931,-74.0120405,True,ai,grounded
TRAINUFITNESS,,,,,,,True,,
TRAMER BOLBACH INC,,,,,,,True,,
TRAMIEL CAPITAL INC,,,,,,,True,,
TRAMMELL CROW COMPANY,200 CRESCENT CT STE 100,DALLAS,TX,75201,32.7936093,-96.8039036,True,ai,corroborated
TRAMMO,8 W 40TH ST 12TH FLOOR,NEW YORK,NY,10018,40.752323,-73.9826708,True,ai,grounded
TRANCEKA CAPITAL LLC,1420 FIFTH AVE STE 2000,SEATTLE,WA,98101,47.609949219453,-122.33480812468,True,manual,verified
TRANSATLANTIC DESIGN,,,,,,,True,,
TRANSFORM PARTNERS,,,,,,,True,,
TRANSFORMATIONAL OUTSOURCING,,,,,,,True,,
TRANSFORMER LAB SERVICES,12 WAVERLY PL,LAWRENCE,NY,11559,40.6177722,-73.7212798,True,manual,verified
TRANSGLOBE LIGHTING,1600 DREW ST STE 111,CLEARWATER,FL,33755,27.968102,-82.771033,True,ai,uncorroborated
TRANSITIONS LEGAL PLLC,2075 WALNUT LAKE RD STE 100,WEST BLOOMFIELD,MI,48323,42.5517661,-83.3251648,True,ai,corroborated
TRANSOCEAN,1414 ENCLAVE PKWY,HOUSTON,TX,77077,29.757587,-95.61881,True,ai,grounded
TRANSOM CONSULTING GROUP,1925 CENTURY PARK EAST STE 1250,LOS ANGELES,CA,90067,34.0612599,-118.4145504,True,ai,grounded
TRANSOMATIC CORPORATION,3801 S ALAMEDA ST,VERNON,CA,90058,34.0079216,-118.2391506,True,ai,corroborated
TRANSPORTATION AGENT GRID,480 ROLAND WAY STE 102,OAKLAND,CA,94621,37.7430339,-122.2008925,True,manual,verified
TRANSTITLE CORPORATION,5301 E MOCKINGBIRD LN STE 800,DALLAS,TX,75206,32.836512,-96.770506,True,ai,uncorroborated
TRANSUNION,555 W ADAMS ST,CHICAGO,IL,60661,41.8789389,-87.6415555,True,ai,uncorroborated
TRANSVAC SYSTEMS,2600 N MILITARY HWY,NORFOLK,VA,23518,36.9112423,-76.235538,True,ai,uncorroborated
TRANSWESTERN,300 THROCKMORTON ST STE 1200,FORT WORTH,TX,76102,32.7545164,-97.3338446,True,ai,uncorroborated
TRANZPORT,,,,,,,True,,
TRASCO MANAGEMENT,125 W 55TH ST,NEW YORK,NY,10019,40.7636288,-73.9791548,True,ai,uncorroborated
TRAVEL ADVANTAGE NETWORK,,,,,,,True,,
TRAVEL FUNDERS NETWORK,3010 LBJ FREEWAY STE 748,DALLAS,TX,75234,32.92545,-96.8167644,True,manual,verified
TRAVEL STORE,,,,,,,True,,
TRAVELGROUP,,,,,,,True,,
TRAVERE,3005 HIGGINS RD STE 200,FARGO,ND,58104,46.793179,-96.838434,True,ai,uncorroborated
TRAVIS CREDIT UNION/WEST YOST,2680 S FIRST ST,SAN JOSE,CA,95133,37.3360271,-121.8905194,True,ai,corroborated
TREASURE COAST LAND DEVELOPMENT,,,,,,,True,,
TREATY OAK EQUITY,816 CONGRESS AVE STE 920,AUSTIN,TX,78701,30.2706936,-97.7425905,True,ai,corroborated
TREDWAY,,,,,,,True,,
TREELINE BIOSCIENCES,677 WASHINGTON BLVD STE 525,STAMFORD,CT,06901,41.0495395,-73.5426113,True,ai,grounded
TREGAN PARTNERS,200 CRESCENT CT STE 1040,DALLAS,TX,75201,32.7936093,-96.8039036,True,ai,grounded
TREMONT PARTNERS,639 E OCEAN AVE STE 309,BOYNTON BEACH,FL,33435,26.5280007,-80.0568024,True,manual,verified
TRENDERA,8285 TOURNAMENT DR STE 100,MEMPHIS,TN,38125,35.0573563,-89.7877675,True,ai,uncorroborated
TREVOR COLE,,,,,,,True,,
TRF,,,,,,,True,,
TRI COUNTY BEVERAGE,2730 S 22ND ST,MILWAUKEE,WI,53215,42.9904498,-87.9427092,True,ai,uncorroborated
TRI COUNTY HUMANE SOCIETY,185 W STATE RD 44,TAVARES,FL,32778,28.773431,-81.73023,True,ai,corroborated
TRI SONS,,,,,,,True,,
"TRI, CALDWELL BANK",,,,,,,True,,
TRI-STAR CONSTRUCTION,770 LEXINGTON AVE 13TH FLOOR,NEW YORK,NY,10065,40.7631713,-73.9678678,True,ai,grounded
TRIANGLE CAPITAL GROUP,1370 AVE OF THE AMERICAS FL 30,NEW YORK,NY,10019,40.7633012,-73.9774973,True,ai,grounded
TRIANGLE REALTY,,,,,,,True,,
TRIBETALK,,,,,,,True,,
TRICERA CAPITAL,600 BRICKELL AVE STE 1623,MIAMI,FL,33131,25.7675114,-80.1910059,True,ai,grounded
TRICORBRAUN,6 CITYPLACE DR STE 1000,SAINT LOUIS,MO,63141,38.6734125,-90.4417771,True,ai,grounded
TRIDENT 1 FFL SOFTWARE,,,,,,,True,,
TRIDENT SURFACING,1201 N FLORIDA AVE,TAMPA,FL,33602,27.95458,-82.459409,True,ai,corroborated
TRIGRAM,101 FEDERAL ST,BOSTON,MA,02110,42.354929,-71.0567125,True,ai,uncorroborated
TRIGRAN INVESTMENTS INC,,,,,,,True,,
TRILLER,8750 WILSHIRE BLVD STE 415,BEVERLY HILLS,CA,90211,34.0667673,-118.3829498,True,ai,corroborated
TRIMBLE VENTURES,935 STEWART DR,SUNNYVALE,CA,94085,37.3849714,-122.0055051,True,ai,uncorroborated
TRIMONT LLC,801 NICOLLET MALL STE 400,MINNEAPOLIS,MN,55402,44.9749448,-93.2739446,True,ai,uncorroborated
TRINET,ONE PARK PL STE 600,DUBLIN,CA,94568,37.7077157,-121.8904702,True,ai,grounded
TRINITY DAY SCHOOL,5601 W PLANO PKWY,PLANO,TX,75093,33.0160912,-96.8143536,True,ai,uncorroborated
TRINITY HEALTH,222 E TOWN ST,COLUMBUS,OH,43215,39.9597392,-82.9945108,True,ai,uncorroborated
TRION ENTERTAINMENT,4100 NEWPORT PL SE STE 100,RENTON,WA,98055,47.447472,-122.200356,True,ai,uncorroborated
TRION PROPERTIES,700 N SAN VICENTE BLVD STE G460,WEST HOLLYWOOD,CA,90069,34.0832821,-118.3838696,True,ai,grounded
TRIPLE J BAGEL,,,,,,,True,,
TRIPLE S INVESTMENT LLP,1916 LIVINGSTON AVE,SAINT PAUL,MN,55118,44.9209151,-93.0821684,True,manual,verified
TRIPLE WHALE INC,548 MARKET ST STE 26748,SAN FRANCISCO,CA,94104,37.7899932,-122.4008494,True,ai,uncorroborated
TRIPLE-S STEEL HOLDINGS INC,,,,,,,True,,
TRISPAN,152 W 57TH ST 5TH FLOOR,NEW YORK,NY,10019,40.7648665,-73.9796202,True,ai,grounded
TRIUMPH AEROSPACE STRUCTURES - INTERIO,1810 AIRLANE DR,BOWLING GREEN,KY,42103,36.965139,-86.324599,True,ai,uncorroborated
TRIUMPH DEALER SERVICES,4574 NAUTILUS DR,MIAMI BEACH,FL,33140,25.8216665,-80.135363,True,ai,grounded
TRIUMPH INTERIORS,1255 DRUMMERS LN STE 200,WAYNE,PA,19087,40.0837384,-75.4111688,True,ai,grounded
TRIUMPH MANAGEMENT,9454 WILSHIRE BLVD STE 800,BEVERLY HILLS,CA,90212,34.066719,-118.3986768,True,manual,verified
TRIUS LENDING PARTNERS,1104 KENILWORTH DR STE 501,TOWSON,MD,21204,39.4147916,-76.6278216,True,ai,grounded
TRIVARIATE RESEARCH,,,,,,,True,,
TRIVERGANCE LLC,420 LEXINGTON AVE,NEW YORK,NY,10170,40.7524677,-73.9757799,True,ai,corroborated
TRIWEST,,,,,,,True,,
TRO INVESTMENTS,,,,,,,True,,
TROPICAL PRODUCTS,1901 NW 12TH AVE,MIAMI,FL,33125,25.793341,-80.21502,True,ai,uncorroborated
TROUTMAN PEPPER,3000 TWO LOGAN SQ 100 N 18TH ST,PHILADELPHIA,PA,19103,39.953372,-75.174187,True,ai,corroborated
TROUTMAN SANDERS,600 PEACHTREE ST NE STE 5200,ATLANTA,GA,30308,33.7708502,-84.3861373,True,ai,uncorroborated
TRU ARROW,,,,,,,True,,
TRUCK FAX INC,17700 S WOODLAND RD,SHAKER HEIGHTS,OH,44120,41.474845,-81.556353,True,ai,grounded
TRUCORDIA,2745 W 600 N STE 500,LINDON,UT,84042,40.347625499167,-111.772878318358,True,ai,grounded
TRUCORDIA,3010 N MILITARY TRL STE 310,BOCA RATON,FL,33431,26.379072645573,-80.120948369254,False,ai,grounded
TRUE CARE HEALTH SERVICES,,,,,,,True,,
TRUE GROWN LLC,1616 N WATER ST STE 300,MILWAUKEE,WI,53202,43.0511452,-87.9058176,True,ai,uncorroborated
TRUEWEST CARPET,,,,,,,True,,
TRUHEALING CENTERS,,,,,,,True,,
TRUISLENDING,214 N TRYON ST,CHARLOTTE,NC,28202,35.2276451,-80.8406605,True,ai,grounded
TRUIST BANK,214 N TRYON ST,CHARLOTTE,NC,28202,35.2276451,-80.8406605,True,ai,uncorroborated
TRUMBULL INDUSTRIES,1856 E 7TH ST,MUNCIE,IN,47305,40.1827873,-85.365871,True,ai,uncorroborated
TRUMBULL PUBLIC SCHOOLS,6254 MAIN ST,TRUMBULL,CT,06611,41.2690198,-73.2250296,True,ai,corroborated
TRUMP GROUP,4000 ISLAND BLVD,AVENTURA,FL,33160,25.940009691075,-80.135058002266,True,ai,grounded
TRUXTON TRUST COMPANY,20 BURTON HILLS BLVD STE 200,NASHVILLE,TN,37215,36.0945752,-86.8207015,True,ai,grounded
TRYAX REALTY MANAGEMENT INC,1476 WALTON AVE,BRONX,NY,10452,40.8412894,-73.9145631,True,manual,verified
TS DISTRIBUTORS INC,,,,,,,True,,
TSCG,200 W MADISON ST STE 3850,CHICAGO,IL,60606,41.8822821,-87.634359,True,ai,uncorroborated
TSG ADVOCATES,,,,,,,True,,
TSG BRANDS,31 W 34TH ST,NEW YORK,NY,10001,40.7494839,-73.9865694,True,ai,grounded
TSG CONSUMER,11601 WILSHIRE BLVD STE 2040,LOS ANGELES,CA,90025,34.0510414,-118.4599151,True,ai,grounded
TSI,9700 W HIGGINS RD,ROSEMONT,IL,60018,41.994896,-87.8694505,True,ai,uncorroborated
TSMC,ONE TSMC WAY,SAN JOSE,CA,95134,37.430021,-121.945263,True,ai,uncorroborated
TSO,,MILLBORO,VA,24460,,,True,manual,verified
TSPMG,2001 K ST NW,WASHINGTON,DC,20006,38.9029823,-77.0452251,True,ai,uncorroborated
TSTI,432 SCOTLAND RD,SOUTH ORANGE,NJ,07079,40.7459102,-74.2578535,True,ai,grounded
TTEC,9197 RIDGEPOINT DR,BRISBANE,CA,94005,37.688826,-122.408935,True,ai,uncorroborated
TUBEMOGUL,875 HOWARD ST STE 500,SAN FRANCISCO,CA,94103,37.7818402,-122.4038851,True,ai,corroborated
TUBI,100 UNIVERSAL CITY PLAZA BLDG 700,UNIVERSAL CITY,CA,91608,34.138735,-118.350857,True,ai,grounded
TUBULAR STEEL,,,,,,,True,,
TUCKER ARENSBERG PC,1500 ONE PPG PL,PITTSBURGH,PA,15222,40.449644,-79.990714,True,ai,corroborated
TUCKER ELLIS LLP,950 MAIN AVE STE 1100,CLEVELAND,OH,44113,41.5008686,-81.7035273,True,ai,uncorroborated
TUCSON IRON & METAL MAIN,400 W 36TH ST,TUCSON,AZ,85713,32.192467,-110.974663,True,ai,corroborated
TUDOR INVESTMENT CORP,9 W 57TH ST,NEW YORK,NY,10019,40.7638353,-73.9749533,True,ai,corroborated
TUDOR REALTY SERVICES,,,,,,,True,,
TUFTS DENTAL SCHOOL,1 KNEELAND ST,BOSTON,MA,02111,42.3507095,-71.062763,True,ai,corroborated
TUFTS UNIVERSITY,419 BOSTON AVE,MEDFORD,MA,02155,42.40852,-71.1183248,True,ai,corroborated
TUMBLEFUR PRODUCTIONS,,,,,,,True,,
TURKEY HILL DAIRY,257 W MAIN ST,CONESTOGA,PA,17516,39.926859,-76.384989,True,ai,corroborated
TURNING POINT USA,PO BOX 1804,PHOENIX,AZ,85001,33.6660986,-111.9738117,True,ai,uncorroborated
TURNKEY LABS,,,,,,,True,,
TURNKEY STAFFING,,,,,,,True,,
TUROW AND TIERNY PEDIATRICS,,,,,,,True,,
TUSD,1010 E 10TH ST,TUCSON,AZ,85719,32.2221061,-110.9558742,True,ai,corroborated
TUTOR PERINI,15915 ALTON PKWY STE 300,IRVINE,CA,92618,33.654182,-117.7137924,True,ai,corroborated
TUXEDO COMPANY,,,,,,,True,,
TWC THE VALVE CO,,,,,,,True,,
TWELVE O SIX VIRGINIA INC,,,,,,,True,,
TWILLORY,305 S BROADWAY STE 300,TARRYTOWN,NY,10591,41.0661858,-73.8623357,True,ai,corroborated
TWIN CITY FAN COMPANIES LTD,5959 TRENTON LN N,MINNEAPOLIS,MN,55442,45.062142796502,-93.412703983879,True,manual,verified
TWIN DOVS CAPITAL MANAGEMENT,,,,,,,True,,
TWIN LAKES CAPITAL,,,,,,,True,,
TWIN OAKS EQUITY PARTNERS,191 7TH AVE STE 2N,NEW YORK,NY,10011,40.7428831,-73.996117,True,ai,grounded
TWINCO INDUSTRIAL PRODUCTS,5201 S LOOP E,HOUSTON,TX,77033,29.6842758,-95.3450478,True,ai,grounded
TWINSBRIDGE,,,,,,,True,,
TWINSBRIDGE INT'L,,,,,,,True,,
TWO TWENTY DEVELOPMENT PARTNERS,220 E 42ND ST STE 500,NEW YORK,NY,10017,40.7501297,-73.9733465,True,ai,uncorroborated
TWP,,,,,,,True,,
TX FERTILITY,4801 SPRING VALLEY RD STE 500,DALLAS,TX,75244,32.9405298,-96.8285072,True,ai,corroborated
TYNDALL MANAGEMENT,450 LEXINGTON AVE,NEW YORK,NY,10017,40.7532602,-73.9754403,True,ai,corroborated
TYRA BIOSCIENCES,3000 SAND HILL RD,MENLO PARK,CA,94025,37.4234676,-122.2211178,True,ai,corroborated
TZUMI ELECTRONICS,68 S SERVICE RD,HAUPPAUGE,NY,11788,40.818085,-73.21319,True,ai,corroborated
U AT BUFFALO,ELMWOOD AVE AND RED JACKET PKWY,BUFFALO,NY,14260,43.001682,-78.790638,True,ai,uncorroborated
U OF ARIZONA,1177 E FOURTH ST,TUCSON,AZ,85721,32.2303723,-110.9573392,True,ai,corroborated
U OF ST. THOMAS,2115 SUMMIT AVE,SAINT PAUL,MN,55105,44.9412443,-93.1896575,True,ai,corroborated
U S HUMAN HEALTH,,,,,,,True,,
"U-46, ELGIN",,,,,,,True,,
U-PLEDGE INC,,,,,,,True,,
U.S. CABINET DEPOT,2050 ROSWELL RD,MARIETTA,GA,30062,33.9636804,-84.4936893,True,ai,grounded
U.S. CABINET DEPOT,10484 GREENS XING BLVD,HOUSTON,TX,77038,29.9181463,-95.4196801,False,ai,grounded
U.S. CABINET DEPOT,14874 JURUPA AVE,FONTANA,CA,92337,34.048132397093,-117.480922220995,False,ai,grounded
U.S. CABINET DEPOT,1077 W TAYLOR RD,ROMEOVILLE,IL,60446,41.624419941083,-88.112706008712,False,ai,grounded
U.S. CABINET DEPOT,1950 N NORCROSS-TUCKER RD,NORCROSS,GA,30071,33.924911482227,-84.211881830639,False,ai,grounded
U.S. CABINET DEPOT,5125 W HUDSON WAY,LEHI,UT,84048,40.4180021,-111.9182918,False,ai,grounded
U.S. CABINET DEPOT,6301 LYONS RD,COCONUT CREEK,FL,33073,26.3107754,-80.1863152,False,ai,grounded
U.S. CABINET DEPOT,11079 SUCCESS ST STE 100,ASHLAND,VA,23005,37.7310805,-77.4689146,False,ai,grounded
U.S. DEPARTMENT OF AGRICULTURE,1400 INDEPENDENCE AVE SW,WASHINGTON,DC,20250,38.8878412,-77.029994,True,ai,grounded
U.S. DEPARTMENT OF ENERGY,1000 INDEPENDENCE AVE SW,WASHINGTON,DC,20585,38.8864954,-77.0249351,True,ai,uncorroborated
U.S. DEPARTMENT OF HEALTH AND HUMAN SERVICES,200 INDEPENDENCE AVE SW,WASHINGTON,DC,20201,38.8866298,-77.0143854,True,manual,verified
U.S. DEPARTMENT OF STATE,2201 C ST NW,WASHINGTON,DC,20520,38.8945036,-77.048475,True,manual,verified
U.S. HOME SYSTEMS,,,,,,,True,,
U.S. HOUSE OF REPRESENTATIVES,H-232 THE CAPITOL,WASHINGTON,DC,20515,38.8805403,-77.004563,True,ai,corroborated
U.S. NAVY,2000 NAVY PENTAGON,WASHINGTON,DC,20350,38.8950368,-77.0365427,True,ai,uncorroborated
U.S. SEARCH LLC,600 CORPORATE POINTE STE 220,CULVER CITY,CA,90230,33.9884961,-118.3861381,True,ai,grounded
U.S. SECURITIES AND EXCHANGE COMMISSION,100 F ST NE,WASHINGTON,DC,20549,38.8975436,-77.0041794,True,manual,verified
U.S. TENNIS ASSOCIATION,70 W RED OAK LN,WHITE PLAINS,NY,10604,41.071512,-73.747093,True,ai,corroborated
U.S.P.S,475 L'ENFANT PLAZA SW,WASHINGTON,DC,20260,38.8838944,-77.0265206,True,ai,uncorroborated
UAA,3211 PROVIDENCE DR,ANCHORAGE,AK,99508,61.190379,-149.8223254,True,ai,corroborated
UAB,701 20TH ST S,BIRMINGHAM,AL,35233,33.5057268,-86.7994184,True,ai,corroborated
UAB MEDICAL WEST,1720 29TH AVE S,BESSEMER,AL,35022,33.331782,-86.959067,True,ai,corroborated
UBCC,,,,,,,True,,
UBER TECHNOLOGIES,1515 3RD ST,SAN FRANCISCO,CA,94158,37.7693278,-122.3888868,True,ai,grounded
UBS,1285 AVE OF THE AMERICAS,NEW YORK,NY,10019,40.7611591,-73.9805686,True,ai,grounded
UBS,ONE NORTH WACKER DR,CHICAGO,IL,60606,41.881973845659,-87.636690224398,False,ai,grounded
UBS,4225 PONCE DE LEON BLVD,CORAL GABLES,FL,33146,25.7322644,-80.2581367,False,ai,grounded
UBS,7250 DALLAS PKWY STE 1200,PLANO,TX,75024,33.076716503675,-96.823895073868,False,ai,grounded
UBS FINANCIAL SERVICES INC,1200 HARBOR BLVD,WEEHAWKEN,NJ,07086,40.7598913,-74.0229433,True,ai,grounded
UC BERKELEY,200 CALIFORNIA HALL #1210,BERKELEY,CA,94720,37.871957,-122.252198,True,ai,corroborated
UC DAVIS,ONE SHIELDS AVE,DAVIS,CA,95616,38.554147,-121.798514,True,ai,corroborated
UC LAW,,,,,,,True,,
UC SANTA CRUZ,1156 HIGH ST,SANTA CRUZ,CA,95064,36.9773836,-122.0549357,True,ai,corroborated
UCI MEDICAL CENTER,101 THE CITY DR S,ORANGE,CA,92868,33.7873594,-117.8865597,True,ai,corroborated
UCLA,405 HILGARD AVE,LOS ANGELES,CA,90095,34.073998,-118.4377339,True,ai,corroborated
UCLA HEALTH,757 WESTWOOD PLAZA,LOS ANGELES,CA,90095,34.0664551,-118.4465189,True,ai,corroborated
UCLA MEDICAL CENTER,757 WESTWOOD PLAZA,LOS ANGELES,CA,90095,34.0664551,-118.4465189,True,ai,corroborated
UCLA SCHOOL OF LAW,405 HILGARD AVE,LOS ANGELES,CA,90095,34.0751732,-118.4385291,True,ai,corroborated
UCOMS,,,,,,,True,,
UCONN HEALTH,263 FARMINGTON AVE,FARMINGTON,CT,06030,41.7332068,-72.791104,True,ai,corroborated
UCSF BENIOFF CHILDREN'S HOSPITAL,550 16TH ST,SAN FRANCISCO,CA,94158,37.7673138,-122.3899734,True,manual,verified
UDACITY,2460 17TH ST,SAN FRANCISCO,CA,94110,37.7645347,-122.4080079,True,ai,corroborated
UDELL ASSOCIATES,,,,,,,True,,
UDFD,,,,,,,True,,
UDISENSE INC,,,,,,,True,,
UES,4205 VINELAND RD STE L1,ORLANDO,FL,32811,28.4891271,-81.439863,True,ai,grounded
UHG,UNITEDHEALTH GROUP CENTER,MINNETONKA,MN,55343,44.914372,-93.416254,True,ai,grounded
UHS,367 S GULPH RD,KING OF PRUSSIA,PA,19406,40.0807737,-75.3728402,True,ai,grounded
UHS,7170 LAFAYETTE AVE,FORT WASHINGTON,PA,19034,40.134988229794,-75.216178765305,False,ai,grounded
UHS,722 E BUTLER PIKE,AMBLER,PA,19002,40.188145318766,-75.183648061878,False,ai,grounded
UHS,2001 PROVIDENCE AVE,CHESTER,PA,19013,39.865109299698,-75.361165785232,False,ai,grounded
UHS,561 FAIRTHORNE AVE,PHILADELPHIA,PA,19128,40.042862924466,-75.222993312271,False,ai,grounded
UHS,4641 ROOSEVELT BLVD,PHILADELPHIA,PA,19124,40.026927395102,-75.098564337903,False,ai,grounded
UIC,1200 W HARRISON ST,CHICAGO,IL,60607,41.8738912,-87.6499934,True,ai,corroborated
UIPATH,90 PARK AVE,NEW YORK,NY,10016,40.7506425,-73.9798254,True,ai,grounded
UJA-FEDERATION OF NEW YORK,130 E 59TH ST,NEW YORK,NY,10022,40.7621908,-73.9687021,True,ai,corroborated
UJC,,,,,,,True,,
UKG,1 CARBONNEAU PLAZA,WESTWOOD,MA,02090,42.219645,-71.216768,True,ai,corroborated
ULTIMATE INTERNET ACCESS INC,1300 HWY 2,WRIGHTWOOD,CA,92397,34.361119,-117.633014,True,manual,verified
ULYSSES MANAGEMENT,152 W 57TH ST,NEW YORK,NY,10019,40.7648665,-73.9796202,True,ai,corroborated
UMASS MEMORIAL,119 BELMONT ST,WORCESTER,MA,01605,42.272909,-71.7922374,True,ai,uncorroborated
UMD,3159 ADMINISTRATION BUILDING UNIVERSITY OF MARYLAND COLLEGE PARK,COLLEGE PARK,MD,20742,38.994183,-76.94344,True,ai,grounded
UMERGENCE,,,,,,,True,,
UMG RECORDINGS INC,2220 COLORADO AVE,SANTA MONICA,CA,90404,34.0277451,-118.4745764,True,ai,corroborated
UMKC,5115 OAK ST,KANSAS CITY,MO,64112,39.0342627,-94.5826075,True,ai,corroborated
UMSJMC,UMASS MEMORIAL MEDICAL CENTER - UNIVERSITY CAMPUS 55 LAKE AVE N,WORCESTER,MA,01655,42.2625621,-71.8018877,True,ai,uncorroborated
UMUC,3501 UNIVERSITY BLVD E,ADELPHI,MD,20783,38.9847573,-76.9661361,True,ai,uncorroborated
UNBURDN,,,,,,,True,,
UNC,UNC-CHAPEL HILL 103 S BUILDING CB# 9100 103 S BUILDING 103 S BUILDING,CHAPEL HILL,NC,27514,35.966563,-79.052136,True,ai,corroborated
UNC CHARLOTTE,9201 UNIVERSITY CITY BLVD,CHARLOTTE,NC,28223,35.3022514,-80.7421434,True,ai,corroborated
UNCC,9201 UNIVERSITY CITY BLVD,CHARLOTTE,NC,28223,35.3064945,-80.7349705,True,ai,corroborated
UNDER AR6,,,,,,,True,,
UNDER ARMOUR,1020 HULL ST / 1020 HULL ST,BALTIMORE,MD,21230,39.268123,-76.626716,True,ai,corroborated
UNGER MANAGEMENT,425 ASYLUM ST,BRIDGEPORT,CT,06610,41.2016179,-73.1737679,True,ai,grounded
UNGER REALTY,,,,,,,True,,
UNH,100 MAIN ST,DURHAM,NH,03824,43.136585,-70.931181,True,ai,uncorroborated
UNICARE HEALTH,,,,,,,True,,
UNICO ITC,240 W PALMETTO PARK RD STE 300,BOCA RATON,FL,33432,26.3503768,-80.0906542,True,manual,verified
UNICORN,,,,,,,True,,
UNIFIED COURT SYSTEM,25 BEAVER ST,NEW YORK,NY,10004,40.7050806,-74.0122666,True,ai,corroborated
UNILAND DEVELOPMENT COMPANY,2100 E GENESEE ST,SYRACUSE,NY,13210,43.0451746,-76.1176982,True,ai,corroborated
UNION CAPITAL ASSOCIATES,124 MASON ST STE 102,GREENWICH,CT,06830,41.0279561,-73.6245396,True,ai,grounded
UNION LAKE MANAGEMENT LLC,,,,,,,True,,
UNION SQUARE VENTURES,915 BROADWAY 11TH FLOOR,NEW YORK,NY,10010,40.7397816,-73.9897585,True,ai,corroborated
UNIPROP,280 DAINES ST STE 300,BIRMINGHAM,MI,48009,42.543700380257,-83.212945718142,True,ai,grounded
UNIQODE,,,,,,,True,,
UNIQUE LAW,,,,,,,True,,
UNIQUE SOLUTIONS CONSULTING,,,,,,,True,,
UNITE AUTOMOTIVE SUPPLY COMPANY,300 S WACKER DR,CHICAGO,IL,60606,41.8776479,-87.637144,True,ai,uncorroborated
UNITED,,,,,,,True,,
UNITED AIRLINES,233 S WACKER DR,CHICAGO,IL,60606,41.8787381,-87.6359612,True,ai,corroborated
UNITED AMERICAN LAND LLC,,,,,,,True,,
UNITED BRASS WORKS,2501 S 36TH ST,MILWAUKEE,WI,53215,43.0099732,-87.9589435,True,ai,uncorroborated
UNITED CREDIT,,,,,,,True,,
UNITED DEFENSE TACTICAL,,,,,,,True,,
UNITED DISTRIBUTORS,5500 UNITED DR,SMYRNA,GA,30082,33.841694,-84.5236505,True,ai,grounded
UNITED DISTRIBUTORS,1105 ALBANY CT,ALBANY,GA,31707,31.62090596486,-84.177104232732,False,ai,grounded
UNITED DISTRIBUTORS,770 KING GEORGE BLVD,SAVANNAH,GA,31419,31.989490961159,-81.211433449271,False,ai,grounded
UNITED ELDER CARE SERVICES,4700 NW 2ND AVE STE 400,BOCA RATON,FL,33431,26.3701931,-80.0897104,True,manual,verified
UNITED FASHIONS OF TEXAS,4629 MACRO DR,SAN ANTONIO,TX,78218,29.466589345668,-98.400842874977,True,manual,verified
UNITED FOOD GROUP,1515 WYNKOOP ST,DENVER,CO,80202,39.7515827,-105.0022313,True,ai,uncorroborated
UNITED HEALTH GROUP,9900 BREN RD E,MINNETONKA,MN,55343,44.8987632,-93.4042325,True,ai,grounded
UNITED HEALTHCARE,9900 BREN RD E,MINNETONKA,MN,55343,44.8987632,-93.4042325,True,ai,grounded
UNITED JEWISH FEDERATION,,,,,,,True,,
UNITED MEDICAL CREDIT,1 PARK PLAZA STE 600,IRVINE,CA,92614,33.6796413,-117.8396351,True,ai,grounded
UNITED PARCEL SERVICE,55 GLENLAKE PKWY NE,ATLANTA,GA,30328,33.9434971,-84.3595029,True,ai,uncorroborated
UNITED PROPERTY ASSOCIATES,301 BENDIX RD STE 300,VIRGINIA BEACH,VA,23452,36.8336303,-76.1243261,True,ai,grounded
UNITED RADIO,1100 N SCOTT ST,ARLINGTON,VA,22201,38.8894616,-77.0802847,True,ai,uncorroborated
UNITED STATE HOUSE OF REPRESENTATIVES,U.S HOUSE OF REPRESENTATIVES U.S CAPITOL,WASHINGTON,DC,20515,38.886816,-77.009012,True,ai,uncorroborated
UNITED STATES ANESTHESIA PARTNERS,,,,,,,True,,
UNITED TEXAS BANK,12222 MERIT DR,DALLAS,TX,75251,32.9140586,-96.7714357,True,ai,corroborated
UNITED WAY,701 N FAIRFAX ST,ALEXANDRIA,VA,22314,38.8119236,-77.0403693,True,ai,uncorroborated
UNITEDWEB,8800 E CHAPARRAL RD STE 300,SCOTTSDALE,AZ,85250,33.5100012,-111.8911051,True,manual,verified
UNITEX TEXTILE SERVICES,3500 MARTIN LUTHER KING JR DR,HOUSTON,TX,77004,29.724272,-95.364242,True,ai,uncorroborated
UNITLEADER,2159 INDIA ST STE 200,SAN DIEGO,CA,92101,32.72698,-117.169586,True,manual,verified
UNITY ELECTRIC,,,,,,,True,,
UNIV OF CA,,,,,,,True,,
UNIV OF CALIFORNIA AT BERKELEY,200 CALIFORNIA HALL,BERKELEY,CA,94720,37.871957,-122.252198,True,ai,grounded
UNIV OF GEORGIA,MAIN OFFICE TATE STUDENT CENTER,ATHENS,GA,30602,33.943919,-83.373855,True,ai,corroborated
UNIV OF MD CAP REGION,110 IRVING ST NW,WASHINGTON,DC,20010,38.9287492,-77.0147693,True,ai,uncorroborated
UNIV OF PHOENIX,1625 W FOUNTAINHEAD PKWY,TEMPE,AZ,85282,33.4020441,-111.9660534,True,ai,corroborated
UNIV. OF MA,100 MORRISSEY BLVD,BOSTON,MA,02125,42.3134106,-71.0354424,True,ai,corroborated
UNIVAR USA,3075 HIGHLAND PKWY STE 450,DOWNERS GROVE,IL,60515,41.8326452,-88.0053115,True,ai,uncorroborated
UNIVERSAL DIAMONDS,,,,,,,True,,
UNIVERSAL ENGINEERING SCIENCES,,,,,,,True,,
UNIVERSAL MUSIC GROUP,2220 COLORADO AVE,SANTA MONICA,CA,90404,34.0277451,-118.4745764,True,ai,corroborated
UNIVERSAL RISK ASSOCIATES,14011 VENTURA BLVD,SHERMAN OAKS,CA,91423,34.1492046,-118.437858,True,ai,grounded
UNIVERSITY ANESTHESIOLOGISTS,2238 E CAMELBACK RD STE 200,PHOENIX,AZ,85016,33.5093712,-112.0339704,True,ai,uncorroborated
UNIVERSITY DENTAL PC,,,,,,,True,,
UNIVERSITY HOSPITALS CLEVELAND,11100 EUCLID AVE,CLEVELAND,OH,44106,41.5069117,-81.6053742,True,ai,corroborated
UNIVERSITY OF ARIZONA,1200 E UNIVERSITY BLVD,TUCSON,AZ,85721,32.2319582,-110.9534491,True,ai,grounded
UNIVERSITY OF ARIZONA,1555 E RIVER RD STE 125,TUCSON,AZ,85718,32.290773849196,-110.948454146304,False,ai,grounded
UNIVERSITY OF ARIZONA,707 N ALVERNON WAY,TUCSON,AZ,85711,32.230837253142,-110.909669675754,False,ai,grounded
UNIVERSITY OF ARKANSAS,1 UNIVERSITY OF ARKANSAS,FAYETTEVILLE,AR,72701,35.992387,-94.085584,True,ai,corroborated
UNIVERSITY OF CALIFORNIA,1111 FRANKLIN ST 12TH FLOOR,OAKLAND,CA,94607,37.8019759,-122.2712873,True,ai,grounded
"UNIVERSITY OF CALIFORNIA, DAVIS",ONE SHIELDS AVE,DAVIS,CA,95616,38.554147,-121.798514,True,ai,corroborated
UNIVERSITY OF CHARLESTON,2300 MACCORKLE AVE SE,CHARLESTON,WV,25304,38.3319449,-81.6175154,True,ai,grounded
UNIVERSITY OF CHICAGO,5801 S ELLIS AVE,CHICAGO,IL,60637,41.7913274,-87.6008421,True,ai,corroborated
UNIVERSITY OF CINCINNATI,,,,,,,True,,
UNIVERSITY OF COLORADO,1800 GRANT ST,DENVER,CO,80203,39.7452415,-104.9832304,True,ai,corroborated
UNIVERSITY OF COLORADO HOSPITAL,12605 E 16TH AVE,AURORA,CO,80045,39.7425435,-104.841661,True,ai,corroborated
UNIVERSITY OF CONNECTICUT,352 MANSFIELD RD,STORRS,CT,06269,41.8069728,-72.2489789,True,ai,corroborated
UNIVERSITY OF DERMATOLOGY CENTER,,,,,,,True,,
UNIVERSITY OF HARTFORD,200 BLOOMFIELD AVE,WEST HARTFORD,CT,06117,41.799161,-72.7137661,True,ai,corroborated
UNIVERSITY OF ILLINOIS,809 S WRIGHT ST,URBANA,IL,61801,40.10952,-88.211031,True,ai,corroborated
UNIVERSITY OF ILLINOIS AT URBANA-CHAMP,1401 W GREEN ST,URBANA,IL,61801,40.1092593,-88.2271999,True,ai,corroborated
UNIVERSITY OF IOWA,OFFICE OF THE PRESIDENT 202 JESSUP HALL 1111 UNIVERSITY CAPITOL CENTRE,IOWA CITY,IA,52242,41.662939,-91.54355,True,ai,corroborated
UNIVERSITY OF JUDAISM,9800 W PICO BLVD,LOS ANGELES,CA,90035,34.053843,-118.402264,True,ai,corroborated
UNIVERSITY OF KANSAS,1450 JAYHAWK BLVD,LAWRENCE,KS,66045,38.958132288312,-95.248104350019,True,manual,verified
UNIVERSITY OF MARYLAND MEDICAL SYSTEM,,,,,,,True,,
UNIVERSITY OF MD,UNIVERSITY SYSTEM OF MARYLAND 3300 METZEROTT RD,ADELPHI,MD,20783,38.997067,-76.966783,True,ai,corroborated
UNIVERSITY OF MIAMI,UNIVERSITY OF MIAMI 1320 S DIXIE HWY,CORAL GABLES,FL,33146,25.72085,-80.272571,True,ai,corroborated
UNIVERSITY OF MICHIGAN,UNIVERSITY OF MICHIGAN 500 S STATE ST,ANN ARBOR,MI,48109,42.2942142,-83.7100389,True,ai,corroborated
UNIVERSITY OF MICHIGAN MEDICAL CENTER,UNIVERSITY OF MICHIGAN MEDICAL SCHOOL 1301 CATHERINE ST,ANN ARBOR,MI,48109,42.291245,-83.708195,True,ai,corroborated
UNIVERSITY OF MISSOURI,UNIVERSITY OF MISSOURI SYSTEM 1100 VIRGINIA AVE,COLUMBIA,MO,65201,38.900945,-92.238427,True,ai,corroborated
UNIVERSITY OF NORTH CAROLINA SCHOOL OF MEDICINE,321 S COLUMBIA ST,CHAPEL HILL,NC,27599,35.908461,-79.0527992,True,manual,verified
UNIVERSITY OF OREGON,UNIVERSITY OF OREGON 1585 E 13TH AVE STE 200,EUGENE,OR,97403,44.0444197,-123.0717603,True,ai,corroborated
UNIVERSITY OF PENN,3451 WALNUT ST,PHILADELPHIA,PA,19104,39.9536186,-75.1938579,True,ai,corroborated
UNIVERSITY OF PENNSYLVANIA,UNIVERSITY OF PENNSYLVANIA 3451 WALNUT ST,PHILADELPHIA,PA,19104,39.9532499,-75.1938411,True,ai,corroborated
UNIVERSITY OF PITTSBURGH,UNIVERSITY OF PITTSBURGH 4200 FIFTH AVE,PITTSBURGH,PA,15260,40.445007984077,-79.953833798604,True,ai,corroborated
UNIVERSITY OF ROCHESTER,UNIVERSITY OF ROCHESTER 300 WILSON BLVD,ROCHESTER,NY,14627,43.128552,-77.630071,True,ai,corroborated
UNIVERSITY OF SOUTH FLORIDA,4202 E FOWLER AVE CGS 401,TAMPA,FL,33620,28.05451140838,-82.414198994482,True,ai,grounded
UNIVERSITY OF SOUTH FLORIDA,1202 S CHURCH AVE,TAMPA,FL,33629,27.931594005336,-82.507836856276,False,ai,grounded
UNIVERSITY OF SOUTH FLORIDA,13330 USF LAUREL DR,TAMPA,FL,33612,28.0651086,-82.4189455,False,ai,grounded
UNIVERSITY OF TENNESSEE,UNIVERSITY OF TENNESSEE SYSTEM 100 STUDENT SERVICES BUILDING 910 MADISON AVE,KNOXVILLE,TN,37916,35.953078,-83.932588,True,ai,corroborated
UNIVERSITY OF TEXAS,THE UNIVERSITY OF TEXAS SYSTEM 210 W 7TH ST STE 710,AUSTIN,TX,78701,30.270569,-97.742589,True,ai,corroborated
UNIVERSITY OF TEXAS SOUTHWESTERN MEDICAL CENTER,5323 HARRY HINES BLVD,DALLAS,TX,75390,32.8136487,-96.8407655,True,manual,verified
UNIVERSITY OF UTAH,UNIVERSITY OF UTAH 201 PRESIDENTS CIR,SALT LAKE CITY,UT,84112,40.7628137,-111.8368719,True,ai,corroborated
UNIVERSITY OF VA,UNIVERSITY OF VIRGINIA OFFICE OF THE PRESIDENT 1 UNIVERSITY CIR,CHARLOTTESVILLE,VA,22903,38.006972,-78.59506,True,ai,corroborated
UNIVERSITY OF WASHINGTON,1704 NE GRANT LN,SEATTLE,WA,98195,47.6552782,-122.3093029,True,ai,grounded
UNIVERSITY OF WASHINGTON,3100 NORTHUP WAY,BELLEVUE,WA,98004,47.634633904596,-122.189039021299,False,ai,grounded
UNIVERSITY OF WASHINGTON,2120 S PLUM ST STE B,SEATTLE,WA,98144,47.585560490812,-122.305226148608,False,ai,grounded
UNIVERSITY PEDIATRICIANS,,,,,,,True,,
UNIVERSITY UROLOGY ASSOCIATES,UNIVERSITY UROLOGY ASSOCIATES,SEATTLE,WA,98105,47.659861,-122.284977,True,ai,uncorroborated
UNIVISION COMMUNICATIONS,605 THIRD AVE,NEW YORK,NY,10158,40.749012256559,-73.975637953653,True,manual,verified
UNPPG,,,,,,,True,,
UPFLEX,6151 BRISTOL PKWY STE 200,CULVER CITY,CA,90232,33.9842014,-118.39056,True,ai,uncorroborated
UPMC,ONE OXFORD CENTRE 320 BLVD OF THE ALLIES 3RD FLOOR,PITTSBURGH,PA,15222,40.449644,-79.990714,True,ai,corroborated
UPMC EYE CENTER,UPMC PRESBYTERIAN SHADYSIDE,PITTSBURGH,PA,15232,40.452474,-79.931957,True,ai,corroborated
UPPERWEST MUSIC GROUP,,,,,,,True,,
UPS,55 GLENLAKE PKWY NE,ATLANTA,GA,30328,33.9434971,-84.3595029,True,ai,corroborated
UPSTREAM INSIGHTS LLC,UPSTREAM INSIGHTS LLC,ALEXANDRIA,VA,22314,38.806853,-77.056374,True,ai,corroborated
URBAN EDGE PROPERTIES,,,,,,,True,,
URBAN EQUITIES,URBAN EQUITIES LLC,NEW YORK,NY,10022,40.75857,-73.96793,True,ai,uncorroborated
URBAN FRONTIER,,,,,,,True,,
URBAN INC,,,,,,,True,,
URBAN LAND DEVELOPMENT,,,,,,,True,,
URG,,,,,,,True,,
UROLOGY ASSOCIATES,UROLOGY ASSOCIATES P.C,NORFOLK,VA,23507,36.864564,-76.303218,True,ai,uncorroborated
UROLOGY ASSOCIATES OF NORWALK,1 LONG LOTS RD STE 202,NORWALK,CT,06851,41.138233,-73.401526,True,ai,corroborated
UROLOGY CENTER OF WINTER PARK,200 S LAKEMONT AVE STE 200,WINTER PARK,FL,32792,28.594741,-81.32778,True,ai,corroborated
UROLOGY OF ST. LOUIS,660 S EUCLID AVE STE 210,SAINT LOUIS,MO,63110,38.6346439,-90.2631501,True,ai,corroborated
US ANESTHESIA PARTNERS,100 SPECTRUM CENTER DR STE 500,IRVINE,CA,92618,33.6505695,-117.7476412,True,ai,uncorroborated
US ANGELS,US ANGELS,NEW YORK,NY,10022,40.75857,-73.96793,True,ai,corroborated
US ARMY,101 ARMY PENTAGON,WASHINGTON,DC,20310,38.8950982,-77.0363849,True,ai,grounded
US ATTORNEY'S OFFICE - NORTHERN DISTRICT,,,,,,,True,,
US BANCORP,800 NICOLLET MALL,MINNEAPOLIS,MN,55402,44.9757059,-93.2738535,True,ai,uncorroborated
US CENSUS BUREAU,,,,,,,True,,
US CHEESE IMPORTERS INCORPORATED,1200 18TH ST NW STE 700,WASHINGTON,DC,20036,38.9058515,-77.0421211,True,ai,uncorroborated
US DEPARTMENT OF COMMERCE,1401 CONSTITUTION AVE NW,WASHINGTON,DC,20230,38.8938267,-77.03283,True,ai,uncorroborated
US DEPARTMENT OF JUSTICE,950 PENNSYLVANIA AVE NW,WASHINGTON,DC,20530,38.893208,-77.025601,True,manual,verified
US DEPARTMENT OF LABOR,200 CONSTITUTION AVE NW,WASHINGTON,DC,20210,38.8936309,-77.0144185,True,ai,uncorroborated
US DOE NETL-ALBANY,1450 QUEEN AVE SW,ALBANY,OR,97321,44.6233129,-123.1201335,True,ai,corroborated
US ENVIRONMENTAL PROTECTION AGENCY,1200 PENNSYLVANIA AVE NW,WASHINGTON,DC,20460,38.8937155,-77.028936,True,ai,grounded
US EPA,1200 PENNSYLVANIA AVE NW,WASHINGTON,DC,20460,38.8937155,-77.028936,True,ai,uncorroborated
US FOODS,,,,,,,True,,
US GOVERNMENT,U.S DEPARTMENT OF THE TREASURY,WASHINGTON,DC,20220,38.897117,-77.034359,True,ai,uncorroborated
US HEALTH PARTNERS,2000 TOWER OAKS BLVD STE 480,ROCKVILLE,MD,20852,39.0661574,-77.1533504,True,ai,grounded
US HEALTHVEST,44 WALL ST 12TH FLOOR,NEW YORK,NY,10005,40.706794,-74.0093855,True,ai,corroborated
US HOUSE,H-140 CAPITOL BUILDING,WASHINGTON,DC,20515,38.886816,-77.009012,True,ai,corroborated
US PATENT & TRADEMARK OFFICE,600 DULANY ST,ALEXANDRIA,VA,22314,38.8012076,-77.0638439,True,ai,corroborated
US POSTAL SERVICE,475 L'ENFANT PLAZA SW,WASHINGTON,DC,20260,38.8838944,-77.0265206,True,ai,uncorroborated
US SENATE,S-130 U.S CAPITOL,WASHINGTON,DC,20510,38.8902778,-76.995735,True,ai,uncorroborated
US STANDARD PRODUCTS,41 HONECK ST,ENGLEWOOD,NJ,07631,40.8825959,-73.9803032,True,ai,grounded
USA,,,,,,,True,,
USAF RESERVE,155 2ND ST W,ROBINS AFB,GA,31098,32.614825,-83.578435,True,ai,grounded
USAP,,,,,,,True,,
USC,UNIVERSITY OF SOUTHERN CALIFORNIA 3551 TROUSDALE PKWY,LOS ANGELES,CA,90089,34.021543,-118.285574,True,ai,corroborated
USCHEESE,,,,,,,True,,
USER,,,,,,,True,,
USF,4202 E FOWLER AVE,TAMPA,FL,33620,28.0592444,-82.4066241,True,ai,corroborated
USFERTILITY,US FERTILITY,ARLINGTON,VA,22209,38.89443,-77.073406,True,ai,uncorroborated
USG,550 W ADAMS ST,CHICAGO,IL,60661,41.8795406,-87.641705,True,ai,grounded
USGOV,U.S GOVERNMENT,WASHINGTON,DC,20500,38.8950982,-77.0363849,True,ai,corroborated
USHER,,,,,,,True,,
USHP,,,,,,,True,,
USI INSURANCE SERVICES,100 SUMMIT LAKE DR STE 400,VALHALLA,NY,10595,41.099148,-73.778733,True,ai,grounded
USIP,2301 PENNSYLVANIA AVE NW STE 300,WASHINGTON,DC,20037,38.902962,-77.050779,True,ai,grounded
USPA ACCESSORIES,,,,,,,True,,
USPTO,600 DULANY ST,ALEXANDRIA,VA,22314,38.8012076,-77.0638439,True,ai,corroborated
USUHS,4301 JONES BRIDGE RD,BETHESDA,MD,20814,39.0018688,-77.0863719,True,ai,corroborated
UTA,801 S FIGUEROA ST,LOS ANGELES,CA,90017,34.0478476,-118.2618325,True,ai,corroborated
UTILISAVE LLC,,,,,,,True,,
UW MEDICAL CENTER,1959 NE PACIFIC ST,SEATTLE,WA,98195,47.6494115,-122.3076383,True,manual,verified
VA MEDICAL CENTER,,,,,,,True,,
VACO,2801 NETWORK BLVD STE 200,FRISCO,TX,75034,33.102812,-96.8275435,True,ai,corroborated
VAD REALTY,,,,,,,True,,
VALCOR ENGINEERING CORP,2 LAWRENCE RD,SPRINGFIELD,NJ,07081,40.684925,-74.32152,True,ai,grounded
VALDEZ PUBLIC AFFAIRS,,,,,,,True,,
VALENCIA REALTY,,,,,,,True,,
VALENTINO PIZZERIA,,,,,,,True,,
VALERIAN CAPITAL GROUP,100 HIGH ST,BOSTON,MA,02110,42.3544401,-71.0556228,True,ai,uncorroborated
VALERO ENERGY,ONE VALERO WAY,SAN ANTONIO,TX,78249,29.5824071,-98.6081344,True,ai,uncorroborated
VALIDUS PHARMACEUTICAL,,,,,,,True,,
VALINOR MANAGEMENT LP,405 LEXINGTON AVE,NEW YORK,NY,10174,40.7519148,-73.97553,True,ai,uncorroborated
VALLE & ASSOCIATES,,,,,,,True,,
VALLEY GRANDE INSTITUTE,,,,,,,True,,
VALLEY HEALTH SYSTEM,1 MEDICAL CENTER DR,WINCHESTER,VA,22601,39.174203,-78.174289,True,ai,grounded
VALLEY HOSPITAL,223 N VAN DIEN AVE,RIDGEWOOD,NJ,07450,40.9834517,-74.1007561,True,ai,corroborated
VALLIT ADVISORS LLC,,,,,,,True,,
VALOR MANAGEMENT LLC,875 N MICHIGAN AVE STE 3214,CHICAGO,IL,60611,41.898768343588,-87.624038249653,True,manual,verified
VALUE STORE IT MANAGEMENT INC,,,,,,,True,,
VALUTRON APPRAISAL SERVICES,,,,,,,True,,
VAMC,,,,,,,True,,
VAN ANDEL INSTITUTE,333 BOSTICK DR NE,GRAND RAPIDS,MI,49503,42.96212,-85.659394,True,ai,corroborated
VAN ECK ASSOCIATES CORP,666 PLAZA DR,HARRISON,NY,10528,40.975047,-73.724926,True,ai,corroborated
VAN KAMPEN ADVISORS,120 S LASALLE ST,CHICAGO,IL,60603,41.8803154,-87.6328136,True,ai,uncorroborated
VAN NESS FELDMAN LLP,1050 30TH ST NW STE 400,WASHINGTON,DC,20007,38.9049178,-77.0595058,True,ai,uncorroborated
"VANCOTT, BAGLEY, CORNWALL & MC",257 E 200 S,SALT LAKE CITY,UT,84111,40.7655014,-111.8837086,True,ai,corroborated
VANDALAY MANAGEMENT,,,,,,,True,,
VANDERBILT UNIVERSITY,2201 W END AVE,NASHVILLE,TN,37203,36.1492078,-86.7985991,True,ai,corroborated
VANESSA FRANK PA,,,,,,,True,,
VANTAGE CAPITAL PARTNERS,269 S BEVERLY DR #1018,BEVERLY HILLS,CA,90212,34.0624909,-118.39935,True,ai,grounded
VAPORSTREAM,223 W JACKSON BLVD STE 1104,CHICAGO,IL,60606,41.8778842,-87.6347933,True,ai,grounded
VARADERO CAPITAL,,,,,,,True,,
VARIETY BOYS AND GIRLS CLUB OF QUEENS,10-25 41ST AVE,LONG ISLAND CITY,NY,11101,40.7532481,-73.941011,True,ai,corroborated
VASCULAR CARE OF TEXAS,,,,,,,True,,
VAST,240 W 37TH ST,NEW YORK,NY,10018,40.7534246,-73.9910433,True,ai,grounded
"VAUGHN, SILVERBERG AND ASSOCIATES",,,,,,,True,,
VAULT EQUITY PARTNERS,2101 CEDAR SPRINGS RD STE 1100,DALLAS,TX,75201,32.7921984,-96.8049625,True,ai,uncorroborated
VAUPEN FINANCIAL ADVISORS LLC,,,,,,,True,,
VAYIKRA CAPITAL LLC,1 FARMSTEAD RD,SHORT HILLS,NJ,07078,40.746731,-74.333525,True,ai,grounded
VCN CORPORATION,,,,,,,True,,
VCU,1000 W BROAD ST,RICHMOND,VA,23284,37.551045,-77.450682,True,ai,uncorroborated
VEARC,,,,,,,True,,
VECTOR CAPITAL,650 CALIFORNIA ST 32ND FLOOR,SAN FRANCISCO,CA,94108,37.792867,-122.4052192,True,manual,verified
VEDDER PRICE,222 N LASALLE ST,CHICAGO,IL,60601,41.8865192,-87.6332555,True,ai,grounded
VEEDER CONSULTING,,,,,,,True,,
VEGAS CONSULTING GROUP,,,,,,,True,,
VEGAS STRONGER,1010 S 3RD ST,LAS VEGAS,NV,89101,36.1595231,-115.1504371,True,ai,corroborated
VELCRO USA INC,406 BROWN AVE,MANCHESTER,NH,03103,42.96988,-71.4676951,True,ai,uncorroborated
VELEZ ORGANIZATION,,,,,,,True,,
VELICO,,,,,,,True,,
VELOCITY SALES MANAGEMENT,9655 GRANITE RIDGE DR STE 200,SAN DIEGO,CA,92123,32.8059024,-117.1195964,True,ai,uncorroborated
VELOCITYEHS,80 FIRST ST STE 301,CAMBRIDGE,MA,02142,42.368513576121,-71.077324728576,True,ai,uncorroborated
VENABLE LLP,600 MASSACHUSETTS AVE NW,WASHINGTON,DC,20001,38.9013438,-77.0202236,True,ai,grounded
VENBROOK,,,,,,,True,,
VENETO CAPITAL,,,,,,,True,,
VENOR CAPITAL,1 ROCKEFELLER PLAZA 10TH FLOOR,NEW YORK,NY,10020,40.7580432,-73.9790248,True,ai,corroborated
VENSURE,1475 S PRICE RD,CHANDLER,AZ,85286,33.2837285,-111.8911009,True,manual,verified
VENTRA HEALTH,1500 CONCORD PIKE STE 301,WILMINGTON,DE,19803,39.799872,-75.542232,True,ai,uncorroborated
VENTURA TOWNEHOUSE,,,,,,,True,,
VENTURE EQUITY,,,,,,,True,,
VENTURE GASTROENTEROLOGY LLC,201 S MARION ST STE 300,SHERMAN,TX,75090,33.604131,-96.550405,True,ai,uncorroborated
VENTURE METALS INTERNATIONAL,,,,,,,True,,
VENTURE ONE,,,,,,,True,,
VENTURE REALTY,,,,,,,True,,
VENTURES IN JEWISH LIFE,1345 AVE OF THE AMERICAS 2ND FLOOR,NEW YORK,NY,10105,40.7629997,-73.9790535,True,ai,corroborated
VENTURIAN HOLDINGS,,,,,,,True,,
VENTVEST INC,,,,,,,True,,
VERBIT,55 WASHINGTON ST 4TH FLOOR,BROOKLYN,NY,11201,40.7026728,-73.9893937,True,ai,corroborated
VERIS,1809 7TH AVE STE 1400,SEATTLE,WA,98101,47.6137618,-122.3356484,True,ai,grounded
VERITA GLOBAL,222 N PACIFIC COAST HWY STE 300,EL SEGUNDO,CA,90245,33.9266915,-118.3961759,True,ai,grounded
VERIZON,1095 AVE OF THE AMERICAS,NEW YORK,NY,10036,40.7546492,-73.9848112,True,ai,grounded
VERIZON BUSINESS NTWK SRVS,1095 AVE OF THE AMERICAS,NEW YORK,NY,10036,40.7546492,-73.9848112,True,ai,uncorroborated
VERNON & PARK CAPITAL,10 S RIVERSIDE PLAZA STE 1830,CHICAGO,IL,60606,41.8810905,-87.639091,True,ai,grounded
VERSA CAPITAL GROUP,ONE LOGAN SQ 130 N 18TH ST STE 315,PHILADELPHIA,PA,19103,39.953372,-75.174187,True,ai,grounded
VERSANT HEALTH,,,,,,,True,,
VERTEXT,,,,,,,True,,
VESTAR CAPITAL PARTNERS,437 MADISON AVE,NEW YORK,NY,10022,40.7573564,-73.975377,True,ai,grounded
VESTED,,,,,,,True,,
VETCARE,,,,,,,True,,
VETERANS AFFAIRS BUTLER HEALTHCARE,,,,,,,True,,
VETERINARY IM CONSULTS,,,,,,,True,,
VETTAFI,1 MIFFLIN PL,BOSTON,MA,02114,42.363651,-71.066888,True,ai,corroborated
VETTED,,,,,,,True,,
VETUS,,,,,,,True,,
VIA,161 WASHINGTON ST 2ND FLOOR,BROOKLYN,NY,11201,40.7012403,-73.9895645,True,ai,corroborated
VIA TRADING CORPORATION,3200 WILSHIRE BLVD STE 400,LOS ANGELES,CA,90010,34.06171,-118.291786,True,ai,corroborated
VIACOM,1515 BROADWAY,NEW YORK,NY,10036,40.7579139,-73.9864456,True,ai,uncorroborated
VIAWEST GROUP,2390 E CAMELBACK RD STE 305,PHOENIX,AZ,85016,33.5099532,-112.0320503,True,ai,grounded
VIBRANT CAPITAL PARTNERS,350 MADISON AVE 17TH FLOOR,NEW YORK,NY,10017,40.7546052,-73.9781501,True,manual,verified
VIC'S CONSULTING,,,,,,,True,,
VICON FABRICATING CO,1701 W 7TH ST,FORT WORTH,TX,76102,32.750903,-97.344285,True,ai,uncorroborated
VICSASA,,,,,,,True,,
VICTOR CAPITAL PARTNERS,600 LEXINGTON AVE STE 2900,NEW YORK,NY,10022,40.7580277,-73.9714246,True,ai,uncorroborated
VICTOR S TRAEGER CPA,,,,,,,True,,
VICTOR TECHNOLOGY LLC,5644 RESEARCH PARK BLVD,ROCKFORD,IL,61108,42.255157,-89.002313,True,ai,corroborated
VICTORY LIFE CHURCH,,,,,,,True,,
VICTORY PARK,150 N RIVERSIDE PLAZA STE 5200,CHICAGO,IL,60606,41.8825427,-87.638745,True,manual,verified
VICTORY WHOLESALE GROUP,400 VICTORY DR,SPRINGBORO,OH,45066,39.547963,-84.217555,True,ai,grounded
VIDA REAL CO,,,,,,,True,,
VIKING PARTNERS,3805 EDWARDS RD,CINCINNATI,OH,45209,39.148463,-84.4424076,True,ai,corroborated
VIKTORIA AGARONNIK PTPC,,,,,,,True,,
VILLAGE,,,,,,,True,,
VILLAGE HEALTH PARTNERS,5655 W SPRING CREEK PKWY STE 200,PLANO,TX,75024,33.0644355,-96.8139475,True,ai,grounded
VILLAGE OF LARCHMONT,120 LARCHMONT AVE,LARCHMONT,NY,10538,40.9272766,-73.7515419,True,ai,corroborated
VILLAGE OF VERNON,210 E CHURCH ST,VERNON,CT,06066,41.8218602,-72.4814994,True,ai,uncorroborated
VILLAGEMD,6400 S FIDDLERS GREEN CIR STE 210,GREENWOOD VILLAGE,CO,80111,39.5991727,-104.8899842,True,ai,uncorroborated
VIMEO,555 W 18TH ST,NEW YORK,NY,10011,40.7453786,-74.0077332,True,ai,corroborated
VINER CONSULTING GROUP,,,,,,,True,,
VINSON & ELKINS LLP,2001 ROSS AVE STE 3900,DALLAS,TX,75201,32.7876162,-96.7992456,True,ai,corroborated
VINTAGE GROUP,350 PARK AVE 13TH FLOOR,NEW YORK,NY,10022,40.75822,-73.9735329,True,ai,corroborated
VINTAGE HOME INC,,,,,,,True,,
VINTAGE PROPERTY MANAGEMENT INC,,,,,,,True,,
VIRGIL LAW LLP,580 CALIFORNIA ST STE 1500,SAN FRANCISCO,CA,94104,37.7929844,-122.404152,True,ai,uncorroborated
VIRGIN,ONE MARKET PLAZA SPEAR TOWER STE 200,SAN FRANCISCO,CA,94105,37.791575,-122.393733,True,ai,corroborated
VIRGINIA CANCER INSTITUTE,700 GRESHAM DR,NORFOLK,VA,23507,36.8625039,-76.304962,True,ai,corroborated
VIRGINIA HOSPITAL CENTER,1701 N GEORGE MASON DR,ARLINGTON,VA,22205,38.8897796,-77.1275542,True,ai,corroborated
VIRGINIA SENATE DEMOCRATIC CAUCUS,PO BOX 396,RICHMOND,VA,23218,37.5385087,-77.43428,True,ai,corroborated
VIRTERA PARTNERS,,,,,,,True,,
VIRTU FINANCIAL,375 PARK AVE 24TH FLOOR,NEW YORK,NY,10152,40.7584073,-73.9719841,True,ai,uncorroborated
VIRTUA HEALTH,100 BOWMAN DR,VOORHEES,NJ,08043,39.8432432,-74.9278507,True,ai,corroborated
VISA,900 METRO CENTER BLVD,FOSTER CITY,CA,94404,37.559157,-122.277137,True,ai,corroborated
VISION AND BEYOND CAPITAL INVESTMENT,,,,,,,True,,
VISION FINANCIAT,,,,,,,True,,
VISION MANAGEMENT,,,,,,,True,,
VISION METALS LLC,,,,,,,True,,
VISION PRACTICAL,,,,,,,True,,
VISION QUEST MANAGEMENT CONSULTING CORPORATION,,,,,,,True,,
VISION TO LEARN,114 KING ST,CHARLESTON,SC,29401,32.7764348,-79.9326826,True,ai,uncorroborated
VISIONARY FREIGHT SYSTEMS INC,1900 N WEST 89TH PL,DORAL,FL,33172,25.786716,-80.364872,True,ai,uncorroborated
VISITING ANGELS OF SE FLORIDA,321 N 10TH ST STE 200,FORT PIERCE,FL,34950,27.4489863,-80.333092,True,ai,corroborated
VISTA DEL MAR CHILD AND FAMILY SERVICE,320 W MOUNTAIN ST,WILMINGTON,CA,90744,33.777214,-118.259604,True,ai,corroborated
VISTA INVESTMENT GROUP,175 W JACKSON BLVD STE 2400,CHICAGO,IL,60604,41.8771408,-87.6332061,True,ai,uncorroborated
VISUALOGYX,,,,,,,True,,
VITALEX LLC,,,,,,,True,,
VITAMIX,8615 USHER RD,CLEVELAND,OH,44130,41.376642,-81.787317,True,ai,corroborated
VITERBI GROUP,4370 LA JOLLA VILLAGE DR STE 675,SAN DIEGO,CA,92122,32.8740292,-117.2111852,True,ai,grounded
VITREO RETINAL ASSOCIATES,4060 IRVING ST NW STE 200,WASHINGTON,DC,20011,38.9312453,-77.0152099,True,ai,uncorroborated
VITUITY,ONE MARITIME PLAZA STE 1500,SAN FRANCISCO,CA,94111,37.7956922,-122.3992637,True,ai,grounded
VIVA LEARNING,3736 BEE CAVES RD STE 1-230,AUSTIN,TX,78746,30.280724,-97.8069902,True,ai,grounded
VIZIO,39 TESLA,IRVINE,CA,92618,33.6340706,-117.7366591,True,ai,corroborated
VLC,,,,,,,True,,
VLEIGH MANAGEMENT LLC,111 GREAT NECK RD STE 400,GREAT NECK,NY,11021,40.785346,-73.7295403,True,manual,verified
VLG OF LAKE GROVE,,,,,,,True,,
VLSI TECHNOLOGY LLC,SAN JOSE RESEARCH PARK,SAN JOSE,CA,95131,37.387267,-121.897948,True,ai,uncorroborated
VMY,,,,,,,True,,
VNS HEAKTH,,,,,,,True,,
VOBILE,,,,,,,True,,
VOICE EXPRESS CORP,606 POST RD EAST STE3-706,WESTPORT,CT,06880,41.142752,-73.343614,True,manual,verified
VOICES OF HOPE,,,,,,,True,,
VOLKSWAGEN OF SOUTH CHARLOTTE,9900 S BLVD,CHARLOTTE,NC,28273,35.1038221,-80.8815452,True,ai,corroborated
VOLPERT FOUNDATION,,,,,,,True,,
VOLTAIR,,,,,,,True,,
VON BRIESEN & ROPER SC,411 E WISCONSIN AVE STE 1000,MILWAUKEE,WI,53202,43.038364,-87.9060213,True,ai,corroborated
VORNADO REALTY TRUST,888 SEVENTH AVE,NEW YORK,NY,10106,40.764921641052,-73.980558957338,True,ai,corroborated
VOX BIOMEDICAL,,,,,,,True,,
VOYAGER,,,,,,,True,,
VOYAGER GLOBAL MOBILITY LLC,,,,,,,True,,
VRCNY,,,,,,,True,,
VSC MANAGEMENT,100 GLENBOROUGH DR STE 1000,HOUSTON,TX,77067,29.9516987,-95.4197337,True,ai,grounded
VSI,,,,,,,True,,
VTHS,,,,,,,True,,
W E BAUM,,,,,,,True,,
W EQUITIES,3000 MARCUS AVE STE 3W7,LAKE SUCCESS,NY,11042,40.7588434,-73.6956206,True,ai,corroborated
W STAN HARDESTY DDS PA,,,,,,,True,,
W. FLORIDA MEDICAL SPECIALIST,,,,,,,True,,
W.W. GRAINGEL,,,,,,,True,,
WACHTEL MISSRY LLP,885 THIRD AVE,NEW YORK,NY,10022,40.757720536454,-73.969289412314,True,ai,grounded
WACHTELL LIPTON,51 W 52ND ST,NEW YORK,NY,10019,40.7612541,-73.9787812,True,ai,uncorroborated
"WACHTELL, LIPTON, ROSEN & KATZ",51 W 52ND ST,NEW YORK,NY,10019,40.7612541,-73.9787812,True,ai,corroborated
WADDELL SERAFINO,,,,,,,True,,
WAFFLE HOUSE,2719 E 2ND ST,NORCROSS,GA,30071,33.940652,-84.206734,True,ai,corroborated
WAGMAN DICKMAN LLC,,,,,,,True,,
WAINCO REALTY LLC,,,,,,,True,,
WAITER.COM,1931 OLD MIDDLEFIELD WAY STE A,MOUNTAIN VIEW,CA,94043,37.4138279,-122.0884566,True,ai,grounded
WAKE RADIOLOGY,3900 WAKEFIELD PINES DR STE 360,RALEIGH,NC,27609,35.9459017,-78.5657907,True,ai,corroborated
WALDEN,,,,,,,True,,
WALDMAN AND ASSOCIATES,,,,,,,True,,
WALDMAN AND CO,330 W 38TH ST,NEW YORK,NY,10018,40.7552496,-73.9935,True,ai,uncorroborated
WALDMAN ORTHO,,,,,,,True,,
WALDMAN ORTHODONTICS,8641 WILSHIRE BLVD STE 310,BEVERLY HILLS,CA,90211,34.066095,-118.379485,True,manual,verified
WALDORF INVESTMENT COMPANY INC,405 EL CAMINO REAL STE 260,MENLO PARK,CA,94025,37.4487989,-122.1745346,True,manual,verified
WALK LAW FIRM PA,,,,,,,True,,
WALKER & DUNLOP,7272 WISCONSIN AVE STE 1300,BETHESDA,MD,20814,38.9820253,-77.0936491,True,ai,grounded
WALKER GROUP,,,,,,,True,,
WALLACHBETH,,,,,,,True,,
WALLETSALESMEN LLC,,,,,,,True,,
WALLICK COMMUNITIES,3801 RICHMOND RD STE 200,CLEVELAND,OH,44122,41.469472,-81.512415,True,ai,grounded
WALMART,702 SW 8TH ST,BENTONVILLE,AR,72716,36.3728608,-94.208787,True,ai,grounded
WALNUT CAPITAL,334 S CEDAR CREST BLVD STE 200,ALLENTOWN,PA,18103,40.5859742,-75.5234586,True,ai,corroborated
WALNUT COURT CAPITAL,1400 K ST NW STE 500,WASHINGTON,DC,20005,38.9022595,-77.0324101,True,ai,uncorroborated
WALNUT RIDGE,,,,,,,True,,
WALNUT RIDGE STRATEGIC MANAGEMENT,,,,,,,True,,
WALSH ASSOCIATES,,,,,,,True,,
WALSH MCGURK CORDOVA NIXON PLLC,1500 WALNUT ST STE 300,PHILADELPHIA,PA,19102,39.9493923,-75.166186,True,ai,uncorroborated
WALTER REED NATIONAL MILITARY MEDICAL,8901 WISCONSIN AVE,BETHESDA,MD,20889,39.0012741,-77.0893698,True,ai,uncorroborated
WALTON,,,,,,,True,,
WALTON LANTOFF ET AL,,,,,,,True,,
WALTON SIGNAGE LTD,,,,,,,True,,
WAN ADVISORY,,,,,,,True,,
WAND AI,2415 MICHIGAN AVE,SANTA MONICA,CA,90404,34.026579,-118.4690947,True,ai,grounded
WARBY PARKER,233 SPRING ST 9TH FLOOR,NEW YORK,NY,10013,40.7257088,-74.0048369,True,ai,corroborated
WARDHAW,,,,,,,True,,
WARESPACE,,,,,,,True,,
WARM THOUGHTS COMMUNICATIONS INC,,,,,,,True,,
WARNER ARCHITECTURE + DESIGN,,,,,,,True,,
WARNER BROS,4000 WARNER BLVD,BURBANK,CA,91522,34.1516241,-118.3451235,True,manual,verified
WARNER MUSIC,1633 BROADWAY,NEW YORK,NY,10019,40.762093,-73.9846559,True,ai,uncorroborated
WARNER NORCROSS JUDD LLP,111 LYON ST NW STE 900,GRAND RAPIDS,MI,49503,42.9676299,-85.6707165,True,ai,corroborated
WASH PROPERTIES,,,,,,,True,,
WASHINGTON CIRCLE ADVISORY GROUP,1100 17TH ST NW STE 705,WASHINGTON,DC,20036,38.9040481,-77.0388095,True,ai,corroborated
WASHINGTON COUNTY,,,,,,,True,,
WASHINGTON GASTROENTEROLOGY,2202 S CEDAR ST,TACOMA,WA,98405,47.2376874,-122.4767684,True,ai,corroborated
WASHINGTON HEBREW,1101 ARCOLA AVE,ROCKVILLE,MD,20850,39.089231,-77.180445,True,ai,corroborated
WASHINGTON REAL ESTATE,,,,,,,True,,
WASHINGTON REALTY,,,,,,,True,,
WASHINGTON UNIVERSITY IN ST. LOUIS,1 BROOKINGS DR,SAINT LOUIS,MO,63130,38.6472402,-90.3084017,True,ai,corroborated
WASHOE COUNTY SCHOOL DISTRICT,425 E 9TH ST,RENO,NV,89512,39.5372966,-119.8102283,True,ai,corroborated
WASSERMAN,1801 AVE OF THE STARS STE 1100,LOS ANGELES,CA,90067,34.0611026,-118.4180947,True,ai,corroborated
WASSERMAN & ASSOC,,,,,,,True,,
WASSERMAN MUSIC,946 N FORMOSA AVE,WEST HOLLYWOOD,CA,90046,34.0934703,-118.346263,True,ai,corroborated
WATER QUALITY ASSOCIATION,4151 NAPERVILLE RD STE 100,LISLE,IL,60532,41.8108072,-88.1162719,True,ai,corroborated
WATERMAN PROPERTIES,400 PARK AVE,NEW YORK,NY,10022,40.7600281,-73.9724524,True,ai,grounded
WAUKEGAN PARK DISTRICT,400 S LEWIS AVE,WAUKEGAN,IL,60085,42.353888,-87.855896,True,ai,corroborated
WAVERLY STRATEGIES,,,,,,,True,,
WAXIE SANITARY SUPPLY,9353 WAXIE WAY,SAN DIEGO,CA,92123,32.8396508,-117.1264835,True,ai,corroborated
WAYFAIR INC,4 COPLEY PL 8TH FLOOR,BOSTON,MA,02116,42.350979,-71.076591,True,ai,corroborated
WAYNE FUCHS MD,,,,,,,True,,
WAYNE GRADMAN MD,,,,,,,True,,
WAYNE STATE UNIVERSITY,42 W WARREN AVE,DETROIT,MI,48202,42.3569956,-83.065145,True,ai,corroborated
WAYPOINT,1701 CROSSROADS DR,ODENTON,MD,21113,39.095201,-76.694948,True,ai,grounded
WAYS2WELL,,,,,,,True,,
WBD,4000 WARNER BLVD,BURBANK,CA,91522,34.1516241,-118.3451235,True,ai,uncorroborated
WBS,,,,,,,True,,
WCHCC,,,,,,,True,,
WCHN,24 HOSPITAL AVE,DANBURY,CT,06810,41.405218,-73.4451587,True,ai,grounded
WD BIOTECH,300 CONNELL DR STE 5200,BERKELEY HEIGHTS,NJ,07922,40.6670153,-74.4095648,True,ai,uncorroborated
WDS,,,,,,,True,,
WE'RE ASSOCIATES,,,,,,,True,,
WEATHERFORD INTERNATIONAL,2000 W SAM HOUSTON PKWY S,HOUSTON,TX,77042,29.7462013,-95.5596306,True,ai,corroborated
WEB VALUE INC,701 BRAZOS ST STE 500,AUSTIN,TX,78701,30.268971,-97.7406286,True,ai,uncorroborated
WEBB VENTURES,,,,,,,True,,
WEBER GALLAGHER,1349 CHESTNUT ST,PHILADELPHIA,PA,19107,39.9508466,-75.1631682,True,ai,corroborated
WEBSTER LOCK CO,2471 WEBSTER AVE,BRONX,NY,10458,40.8605768,-73.8930183,True,ai,grounded
WEBSTER SECURITY SERVICE,,,,,,,True,,
WEDGEWOOD PHARMACY,405 HERON DR,SWEDESBORO,NJ,08085,39.7629602,-75.368343,True,ai,grounded
WEDTMED,,,,,,,True,,
WEIGHTWATCHERS,477 5TH AVE,NEW YORK,NY,10017,40.752882,-73.981199,True,ai,grounded
WEIL KAHN FUNERAL HOME,3029 N 31ST ST,MILWAUKEE,WI,53210,43.059935,-87.9527927,True,ai,uncorroborated
"WEIL, GOTSHAL & MANGES LLP",767 FIFTH AVE,NEW YORK,NY,10153,40.764198937052,-73.972984640586,True,ai,corroborated
WEILAND,,,,,,,True,,
WEILL CORNELL MEDICINE,1300 YORK AVE,NEW YORK,NY,10065,40.7647735,-73.954823,True,ai,corroborated
WEINBERG PROPERTIES,,,,,,,True,,
WEINBERG WEALTH MANAGEMENT,,,,,,,True,,
WEINBERG WHEELER HUDGINS GUNN & DIAL,3344 PEACHTREE RD NE STE 2400,ATLANTA,GA,30326,33.8469605,-84.3686449,True,manual,verified
WEINBLATT & ASSOCIATES,,,,,,,True,,
WEINER INSURANCE,,,,,,,True,,
WEINER LAW,,,,,,,True,,
WEINER MILO MORGAN BONNANO LLC,,,,,,,True,,
WEINGARTEN REALTY INVESTORS,2600 N LOOP WEST STE 300,HOUSTON,TX,77092,29.8075818,-95.4448428,True,ai,corroborated
WEINMAN COMPANY,,,,,,,True,,
WEINSTEIN MORTUARY,640 FARMINGTON AVE,HARTFORD,CT,06105,41.7661735,-72.7145756,True,manual,verified
WEINSTEIN PROPERTIES,3951 STILLMAN PKWY,GLEN ALLEN,VA,23060,37.659664,-77.533827,True,ai,corroborated
WEINSTEIN REALTY CONSULTANTS,,,,,,,True,,
WEINTRAUB & SEITH APC,4000 MACARTHUR BLVD 10TH FLOOR,NEWPORT BEACH,CA,92660,33.6608399,-117.8614951,True,ai,corroborated
WEINTRAUB REAL ESTATE GROUP,3000 EL CAMINO REAL STE 400,SANTA CLARA,CA,95051,37.3525233,-121.9810035,True,ai,corroborated
WEINTRAUB TOBIN,400 CAPITOL MALL STE 1800,SACRAMENTO,CA,95814,38.5783896,-121.5024905,True,ai,corroborated
WEISS ASSET MANAGEMENT FOUNDATION INC,222 BERKELEY ST FL 16,BOSTON,MA,02116,42.351023974234,-71.073040221617,True,manual,verified
WEISS ASSOCIATES,2560 NINTH ST STE 212,BERKELEY,CA,94710,37.859568921284,-122.291591147265,True,ai,grounded
WEISS FAMILY PROPERTIES,15551 CABRITO RD,VAN NUYS,CA,91406,34.197454,-118.488978,True,manual,verified
WEISS REALTY CO INC,,,,,,,True,,
WEISSLINES,,,,,,,True,,
WEISZ CONCIERGE MEDICAL,,,,,,,True,,
WEISZ STRATEGIES,,,,,,,True,,
WEITZ & LUXENBERG,700 BROADWAY,NEW YORK,NY,10003,40.7285605,-73.9936998,True,ai,grounded
WEITZ MEDICAL MANAGEMENT,2300 SUTTER ST STE 304,SAN FRANCISCO,CA,94115,37.7856467,-122.4384331,True,ai,grounded
WEITZMAN,3100 MCKINNON ST STE 1150,DALLAS,TX,75201,32.797051,-96.810306,True,ai,corroborated
WEKIVA SPRINGS CENTER,,,,,,,True,,
WELCOME TO THE STAGE LLC,,,,,,,True,,
WELLER CLEANERS,,,,,,,True,,
WELLER PARTNERS LLP,301 MISSION ST STE 400,SAN FRANCISCO,CA,94105,37.7904075,-122.3961867,True,ai,corroborated
WELLINGTON HOSPITALITY GROUP,2 UNION SQ WEST 8TH FLOOR,NEW YORK,NY,10003,40.735282,-73.991541,True,ai,uncorroborated
WELLINGTON RADIOLOGY,836 W WELLINGTON AVE,CHICAGO,IL,60657,41.935958,-87.6523731,True,ai,grounded
WELLISH VISION INSTITUTE,10835 KINCEY AVE NE STE 101,ALBUQUERQUE,NM,87122,35.188529,-106.493544,True,ai,uncorroborated
WELLMED,3101 BEE CAVES RD STE 200,AUSTIN,TX,78746,30.2715168,-97.7974327,True,ai,grounded
WELLPATH,6550 CAROTHERS PKWY STE 500,FRANKLIN,TN,37067,35.939408,-86.8099408,True,ai,grounded
WELLS FARGO ADVISORS,ONE NORTH JEFFERSON AVE,SAINT LOUIS,MO,63103,38.631822359778,-90.215118991918,True,manual,verified
WELLS FARGO ADVISORS,433 N CAMDEN DR 12TH FLOOR,BEVERLY HILLS,CA,90210,34.068935803877,-118.404490941657,False,ai,grounded
WELLS FARGO ADVISORS,12531 HIGH BLUFF DR STE 400,SAN DIEGO,CA,92130,32.94615491623,-117.240515295534,False,ai,grounded
WELLS FARGO ADVISORS,1515 REISTERSTOWN RD,PIKESVILLE,MD,21208,39.378051918284,-76.726286110459,False,ai,grounded
WELLS FARGO PRIVATE BANK,420 MONTGOMERY ST,SAN FRANCISCO,CA,94104,37.7933794,-122.4027,True,ai,grounded
WELLS FINANCIAL PARTNERS,,,,,,,True,,
WELLSPRING,,,,,,,True,,
WELLSPRING PHILANTHROPIC FUND,2000 M ST NW STE 720,WASHINGTON,DC,20036,38.9052428,-77.0452709,True,ai,uncorroborated
WELLSTAR,WELLSTAR HEALTH SYSTEM INC 1600 PARKWOOD CIR NE,ATLANTA,GA,30339,33.86757,-84.4646,True,ai,corroborated
WELNER ASSOCIATES,,,,,,,True,,
WENDY KHABIE,,,,,,,True,,
WENDY'S INTERNATIONAL,ONE DAVE THOMAS BLVD,DUBLIN,OH,43017,40.1014795,-83.1052337,True,ai,uncorroborated
WERSTIL COMPANIES,,,,,,,True,,
WERTHAN INDUSTRIES,6004 EXPORT BLVD,TALLAHASSEE,FL,32308,30.480911,-84.219746,True,ai,uncorroborated
WESRCHESTER MEDICAL CENTER HEALTH NETW,,,,,,,True,,
WEST AND FEINBERG PC,4550 MONTGOMERY AVE STE 775N,BETHESDA,MD,20814,38.9836876,-77.0915494,True,ai,grounded
WEST CANCER CENTER,2000 POPLAR AVE STE 300,MEMPHIS,TN,38112,35.141961,-89.991506,True,ai,corroborated
WEST CLINIC,7750 POPLAR AVE STE 220,GERMANTOWN,TN,38138,35.0909493,-89.8049521,True,ai,corroborated
WEST COAST ARBORISTS,6162 MISSION GORGE RD #105,SAN DIEGO,CA,92120,32.786672,-117.0978366,True,ai,corroborated
WEST DERM,145 PARKER ST STE 102,NEEDHAM,MA,02494,42.299563,-71.231215,True,ai,uncorroborated
WEST FAMILY INVESTMENTS,,,,,,,True,,
WEST HARTFORD LOCK CO LLC,,,,,,,True,,
WEST MICHIGAN DIVORCE,,,,,,,True,,
WEST SHORE LLC,ONE INTERNATIONAL PL STE 3900,BOSTON,MA,02110,42.3557189,-71.0521484,True,ai,grounded
WESTAT,1600 RESEARCH BLVD,ROCKVILLE,MD,20850,39.0942672,-77.1818803,True,ai,corroborated
WESTCAP,,,,,,,True,,
WESTCHESTER DAY SCHOOL,60 UNDERHILL AVE,POUND RIDGE,NY,10576,41.221577,-73.572332,True,ai,corroborated
WESTCHESTER INSTITUTE FOR HUMAN DEVELOPMENT,CEDARWOOD HALL NEW YORK MEDICAL COLLEGE,VALHALLA,NY,10595,41.0745282,-73.7749119,True,manual,verified
WESTCHESTER MEDICAL CENTER,100 WOODS RD,VALHALLA,NY,10595,41.087434,-73.8066939,True,ai,corroborated
WESTCHESTER MEDICAL CENTER HEALTH NETW,,,,,,,True,,
WESTCORD,,,,,,,True,,
WESTERN DEVELOPMENT CORPORATION,1735 TECHNOLOGY DR NW STE 100,KENNESAW,GA,30144,34.036845,-84.591033,True,ai,uncorroborated
WESTERN DIGITAL,5601 GREAT OAKS PKWY,SAN JOSE,CA,95119,37.2516481,-121.7970703,True,ai,corroborated
WESTERN EXTRALITE COMPANY,1470 LIBERTY ST,KANSAS CITY,MO,64102,39.0973332,-94.603082,True,manual,verified
WESTERN NEURO SURGERY,400 N MAPLE AVE STE 300,BREA,CA,92821,33.9105816,-117.8921861,True,ai,uncorroborated
WESTERN STATES CARPENTERS,533 S FREMONT AVE STE A,ALHAMBRA,CA,91803,34.0884154,-118.1520833,True,ai,corroborated
WESTERN STATES GLASS,,,,,,,True,,
WESTERN UNION,12500 E BELFORD AVE,ENGLEWOOD,CO,80112,39.573236,-104.86489,True,ai,corroborated
WESTFIELD BOARD OF EDUCATION,302 ELM ST,WESTFIELD,NJ,07090,40.6543645,-74.3522142,True,ai,corroborated
WESTHAB INC,90-12 161ST ST,JAMAICA,NY,11432,40.714934,-73.792955,True,ai,corroborated
WESTMED MEDICAL GROUP,180 MAMARONECK AVE STE 205,WHITE PLAINS,NY,10601,41.0283107,-73.7651234,True,ai,corroborated
WESTMORE CAPITAL ADVISORS,301 21ST PL,SANTA MONICA,CA,90402,34.043864,-118.494787,True,ai,grounded
WESTOVER SCHOOL,33 W RD,MIDDLEBURY,CT,06762,41.526359,-73.0877293,True,ai,corroborated
WESTPAC WEALTH,,,,,,,True,,
WESTPORT CAPITAL PARTNERS,500 SEVENTH AVE 16TH FLOOR,NEW YORK,NY,10018,40.752969626676,-73.98927102845,True,ai,uncorroborated
WESTSIDE INVESTMENT PARTNERS INC,,,,,,,True,,
WESTVIEW,,,,,,,True,,
WESTWOOD FINANCIAL,2700 E CAMELBACK RD STE 110,PHOENIX,AZ,85016,33.5097072,-112.0235211,True,ai,uncorroborated
WEWORK,110 5TH AVE,NEW YORK,NY,10011,40.7375819,-73.9927012,True,ai,grounded
WEXLER AND GARAI,,,,,,,True,,
WEXLER LAW GROUP PLLC,1700 PACIFIC AVE #2390,DALLAS,TX,75201,32.78221,-96.7967831,True,ai,uncorroborated
WGH ONE LLC,,,,,,,True,,
WGSN,300 7TH AVE 2ND FLOOR,NEW YORK,NY,10001,40.7470052,-73.9937669,True,ai,uncorroborated
WHARTON,3620 LOCUST WALK JON M HUNTSMAN HALL,PHILADELPHIA,PA,19104,39.958518,-75.198856,True,ai,uncorroborated
WHATSAPP LLC,1 META WAY,MENLO PARK,CA,94025,37.4818585,-122.163565,True,ai,grounded
WHEATLEY PARTNERS,80 CUTTERMILL RD STE 311,GREAT NECK,NY,11021,40.785031668011,-73.731771321814,True,ai,grounded
WHEELS INC,2575 N FIRST ST,SAN JOSE,CA,95131,37.385664433552,-121.927578581718,True,ai,corroborated
WHITE & CASE LLP,1221 AVE OF THE AMERICAS,NEW YORK,NY,10020,40.7595136,-73.9825069,True,ai,corroborated
WHITE EAGLE PROPERTY,,,,,,,True,,
WHITE HOUSE,1600 PENNSYLVANIA AVE NW,WASHINGTON,DC,20500,38.8976387,-77.0365528,True,ai,uncorroborated
WHITE KNIGHT CONSULTING,,,,,,,True,,
WHITE LAKE REAL ESTATE CAPITAL LLC,1840 CENTURY PARK EAST STE 1200,LOS ANGELES,CA,90067,34.0621757,-118.4151002,True,ai,uncorroborated
WHITE PINE CAPITAL MANAGEMENT,,,,,,,True,,
WHITNEY PARTNERS LLC,100 ROUSE BLVD STE 200,PHILADELPHIA,PA,19087,39.89627263747,-75.1741401869,True,ai,uncorroborated
WHITTIER PUBLICATIONS,12823 PHILADELPHIA ST,WHITTIER,CA,90601,33.979188,-118.039263,True,ai,uncorroborated
WHOKNEW VENTURES LLC,,,,,,,True,,
WHOLE BODY RESEARCH,,,,,,,True,,
WHOLE HEALTH,,,,,,,True,,
WHOLEVIEW WELLNESS,,,,,,,True,,
WHP GLOBAL,450 LEXINGTON AVE,NEW YORK,NY,10017,40.7532602,-73.9754403,True,ai,corroborated
WICK PHILLIPS,100 THROCKMORTON ST STE 1500,FORT WORTH,TX,76102,32.7522121,-97.3317036,True,ai,corroborated
WICKER SMITH,101 N MONROE ST STE 700,TALLAHASSEE,FL,32301,30.442339,-84.280574,True,ai,corroborated
WIDAMAN COMM,,,,,,,True,,
WIDENER UNIVERSITY,ONE UNIVERSITY PL,CHESTER,PA,19013,39.845414,-75.374817,True,ai,corroborated
WIDEWATERS,6155 MAIN ST STE 200,WILLIAMSVILLE,NY,14221,42.9641455,-78.7368574,True,ai,corroborated
WIENER FINANCIAL MANAGEMENT,,,,,,,True,,
WIENER-SIEGEL INVESTMENTS,,,,,,,True,,
WIGGINS CHILDS,301 S COLLEGE ST STE 3500,CHARLOTTE,NC,28202,35.2239068,-80.8447316,True,ai,uncorroborated
WIGODA AND WIGODA,,,,,,,True,,
WIINGATE LIVING,300 1ST AVE,NEEDHAM,MA,02494,42.2990255,-71.2205482,True,ai,grounded
WILDLIFE CONSERVATION SOCIETY,2300 SOUTHERN BLVD,BRONX,NY,10460,40.8535116,-73.8729316,True,ai,corroborated
"WILKES ARTIS, CHARTERED",1875 I ST NW STE 600,WASHINGTON,DC,20006,38.901393405083,-77.042992305284,True,ai,grounded
WILKES CREATIVE,,,,,,,True,,
WILKINS MEDIA,,,,,,,True,,
WILKINSON CORPORATION,8201 GREENSBORO DR,MCLEAN,VA,22102,38.950951,-77.229553,True,ai,uncorroborated
WILLIAM AND FLORA HEWLETT FOUNDATION,2121 SAND HILL RD,MENLO PARK,CA,94025,37.4254269,-122.1928051,True,ai,corroborated
WILLIAM GREENBERG DESSERTS,,,,,,,True,,
WILLIAM HELLER & ASSOCIATES,,,,,,,True,,
WILLIAM J. SEGAL PA,,,,,,,True,,
WILLIAM M LEUCHTER MD,,,,,,,True,,
WILLIAM MORRIS AGENCY,9601 WILSHIRE BLVD 9TH FLOOR,BEVERLY HILLS,CA,90210,34.067138,-118.40357,True,ai,uncorroborated
"WILLIAM R. WEAVER, MD",,,,,,,True,,
WILLIAMS,ONE WILLIAMS CENTER 2200 ENERGY CENTER,TULSA,OK,74172,36.1563122,-95.9927516,True,ai,uncorroborated
WILLIAMS & CONNOLLY LLP,725 TWELFTH ST NW,WASHINGTON,DC,20005,38.898711675516,-77.0280059692,True,ai,uncorroborated
WILLIAMS GROUP HOLDINGS,,,,,,,True,,
WILLIAMS KEEPERS ACCOUNTING,,,,,,,True,,
WILLIAMS RACING,,,,,,,True,,
WILLIAMSON AUTO GROUP,1200 W BROADWAY,FRANKLIN,TN,37064,35.884862,-86.954138,True,ai,uncorroborated
WILLIG WILLIAMS & DAVIDSON,1845 WALNUT ST STE 1100,PHILADELPHIA,PA,19103,39.9504697,-75.1717913,True,ai,corroborated
WILLIS,,,,,,,True,,
WILLIVER,,,,,,,True,,
WILLKIE FARR & GALLAGHER LLP,787 SEVENTH AVE,NEW YORK,NY,10019,40.76174306511,-73.982703721223,True,ai,corroborated
WILLOUGHBY CAPITAL HOLDINGS,330 RAILROAD AVE STE 101,GREENWICH,CT,06830,41.0210651,-73.6323763,True,manual,verified
WILLOW BEND MORTGAGE,560 W PARK ST STE 100,BIRMINGHAM,AL,35205,33.495139,-86.808245,True,ai,uncorroborated
WILLOWRIDGE PARTNERS,,,,,,,True,,
WILSHIRE CATERERS,,,,,,,True,,
WILSHIRE LAW FIRM,660 S FIGUEROA ST SKY LOBBY,LOS ANGELES,CA,90017,34.049752071817,-118.25942252087,True,ai,grounded
WILSHIRE LAW FIRM,9701 WILSHIRE BLVD 12TH FLOOR,BEVERLY HILLS,CA,90212,34.067131447255,-118.406063950168,False,ai,grounded
WILSHIRE LAW FIRM,3055 WILSHIRE BLVD 12TH FLOOR,LOS ANGELES,CA,90010,34.061871613004,-118.288082048847,False,ai,grounded
WILSHIRE SKYLINE,150 S RODEO DR STE 340,BEVERLY HILLS,CA,90212,34.065763789436,-118.401155033996,True,manual,verified
WILSHIRE SMILE STUDIO,,,,,,,True,,
WILSON SONSINI,650 PAGE MILL RD,PALO ALTO,CA,94304,37.4214354,-122.1452539,True,ai,grounded
WILSON SONSINI GOODRICH ROSATI,650 PAGE MILL RD,PALO ALTO,CA,94304,37.4214354,-122.1452539,True,ai,uncorroborated
WINDELS MARX,1201 RXR PLAZA,UNIONDALE,NY,11556,40.7189633,-73.5831416,True,ai,grounded
WINDERMERE,11120 NE 2ND ST,BELLEVUE,WA,98004,47.6120735,-122.1919081,True,ai,uncorroborated
WINDHAM ASSOCIATES,,,,,,,True,,
WINDSHIP PARK ASSET MANAGEMENT,,,,,,,True,,
WINDSOR,,,,,,,True,,
WINDSOR DEVELOPMENT GROUP,,,,,,,True,,
WINDSOR FASHIONS LLC,,,,,,,True,,
WINE MEATS CHEESE,,,,,,,True,,
WING LAKE,,,,,,,True,,
WING LAKE CAPITAL PARTNERS,32300 NORTHWESTERN HWY STE 215,FARMINGTON HILLS,MI,48334,42.504694,-83.349204,True,manual,verified
WINKEL PSYCHOLOGICAL CONSULTING,,,,,,,True,,
WINNCOMPANIES,ONE WASHINGTON MALL STE 500,BOSTON,MA,02108,42.3592856,-71.057998,True,ai,grounded
WINNE BANTA,100 E STATE ST STE 400,KALAMAZOO,MI,49007,42.302591,-85.588193,True,ai,uncorroborated
WINSHIP WEALTH,23 ROSS COMMON,ROSS,CA,94957,37.9602455,-122.5553916,True,ai,grounded
WINSTEAD,401 CONGRESS AVE STE 2100,AUSTIN,TX,78701,30.2667073,-97.7430582,True,ai,corroborated
WINSTON & STRAWN,35 W WACKER DR,CHICAGO,IL,60601,41.8863384,-87.6290922,True,ai,grounded
WINTHROP CAPITAL PARTNERS,10 WINTHROP SQ 9TH FLOOR,BOSTON,MA,02110,42.3548766,-71.0581627,True,ai,uncorroborated
WINTHROP FINANCIAL CO,,,,,,,True,,
WINTRUST,272 LAKEVIEW PKWY,SCHAUMBURG,IL,60173,42.051556,-88.055522,True,ai,corroborated
WINWIN ENTERPRISES LLC,,,,,,,True,,
WIPRO,2 TOWER CENTER BLVD STE 2200,EAST BRUNSWICK,NJ,08816,40.478788,-74.409826,True,ai,grounded
WIPRO,13929 CENTER LAKE DR STE 200,AUSTIN,TX,78753,30.409491810478,-97.657035321433,False,ai,grounded
WIRE MILL,3013 W CARROLL AVE,CHICAGO,IL,60647,41.8874897,-87.7020506,True,ai,uncorroborated
WISE SCHOOL,,,,,,,True,,
WISEMAN,,,,,,,True,,
WITHERS BERGMAN,430 PARK AVE 10TH FLOOR,NEW YORK,NY,10022,40.75857,-73.96793,True,ai,grounded
WITHERSWORLDWIDE,28 LIBERTY ST,NEW YORK,NY,10005,40.7078495,-74.0089818,True,ai,corroborated
WITHEY MORRIS BAUGH,2121 E HIGHLAND AVE,PHOENIX,AZ,85016,33.5053562,-112.0370103,True,ai,grounded
WITHIN HEALTH,2665 S BAYSHORE DR STE 220,COCONUT GROVE,FL,33133,25.731479,-80.23384,True,ai,grounded
WITHUM,506 CARNEGIE CENTER STE 400,PRINCETON,NJ,08540,40.364728,-74.656314,True,ai,grounded
WJC,,,,,,,True,,
WJCS,845 FRANKLIN AVE,VALLEY STREAM,NY,11580,40.6790139,-73.6845249,True,ai,corroborated
"WJCS IN WESCHESTER, NY",845 N BROADWAY,TARRYTOWN,NY,10591,41.0779471,-73.8577096,True,ai,corroborated
WJI CONSULTING,,,,,,,True,,
WLG,200 CLARENDON ST,BOSTON,MA,02116,42.3491677,-71.075124,True,ai,uncorroborated
WLRK,200 PARK AVE,NEW YORK,NY,10166,40.7536135,-73.97658,True,ai,corroborated
WLS INVESTMENTS,,,,,,,True,,
WMALA,,,,,,,True,,
WMC,,,,,,,True,,
WMC HEALTH NETWORK,,,,,,,True,,
WMCHEALTH,,,,,,,True,,
WME,10960 WILSHIRE BLVD 21ST FLOOR,LOS ANGELES,CA,90024,34.0579377,-118.445764,True,ai,corroborated
WMG SMALL BAY MANAGEMENT,,,,,,,True,,
WMG SMALL BAY PROPERTIES,,,,,,,True,,
WMGIA ASSOCIATES,,,,,,,True,,
WOLF & PRAVATO,1 BALA PLAZA STE 300,BALA CYNWYD,PA,19004,40.009753,-75.231508,True,ai,uncorroborated
WOLF BLOCK SCHORR AND SOLIS-CO,,,,,,,True,,
WOLF CONSULTING,,,,,,,True,,
WOLF POPPER LLP,,,,,,,True,,
"WOLF, RIFKIN, SHAPIRO, SCHULMAN & RABKIN LLP",11400 W OLYMPIC BLVD NINTH FLOOR,LOS ANGELES,CA,90064,34.035309,-118.426486,True,manual,verified
WOLFE & WYMAN LLP,2212 DUPONT DR,IRVINE,CA,92612,33.6743577,-117.8588282,True,ai,grounded
WOLFE LAW LLC,1201 W PEACHTREE ST NW STE 2300,ATLANTA,GA,30309,33.7870655,-84.3873685,True,manual,verified
WOLFE RESEARCH,757 THIRD AVE 6TH FLOOR,NEW YORK,NY,10017,40.75396673592,-73.972034113111,True,ai,grounded
WOLFPACK VENTURES,,,,,,,True,,
WOLFSON GROUP,ONE STATE ST PLAZA 29TH FLOOR,NEW YORK,NY,10004,40.7028098,-74.0133384,True,ai,grounded
WOLMAN WEALTH MANAGEMENT,4208 OVERLAND AVE,CULVER CITY,CA,90230,34.0124477,-118.4010366,True,manual,verified
WOLPERT & ASSOCIATES INC,400 PASSAIC AVE STE 351,FAIRFIELD,NJ,07004,40.8723506,-74.2786303,True,ai,uncorroborated
WOMANKIND,,,,,,,True,,
WOMEN & INFANTS HOSPITAL OF RHODE ISLAND,101 DUDLEY ST,PROVIDENCE,RI,02905,41.8109023,-71.4133702,True,manual,verified
WONDER FILLED TRAVEL,,,,,,,True,,
WONDER MATH,,,,,,,True,,
WOOD RANCH USA INC,24601 CALABASAS RD STE 100,CALABASAS,CA,91302,34.1533698,-118.6488144,True,ai,corroborated
WOODBURY MANAGEMENT INC,2 DEER PARK DR,MONMOUTH JUNCTION,NJ,08852,40.389909,-74.544087,True,ai,uncorroborated
WOODCREST SCHOOLS,6043 TAMPA AVE,TARZANA,CA,91356,34.180524,-118.5540518,True,ai,grounded
WOODFIELD DISTRIBUTION,,,,,,,True,,
WOODLAND AUTOBODY,,,,,,,True,,
WOODLAND PARTNERS,1313 N MARKET ST,WILMINGTON,DE,19801,39.749003,-75.5462212,True,ai,uncorroborated
WOODLAND VENTURE FUND,68 WHEATLEY RD,BROOKVILLE,NY,11545,40.821209288847,-73.569664702139,True,ai,grounded
WOODLINE PARTNERS,4 EMBARCADERO CENTER STE 3450,SAN FRANCISCO,CA,94111,37.7946031,-122.395902,True,ai,grounded
WOODNEXT,,,,,,,True,,
WOODS OVIATT,700 CROSSROADS BUILDING 2 STATE ST,ROCHESTER,NY,14614,43.157614,-77.614742,True,ai,corroborated
WOODWAY MANAGEMENT LLC,1201 ROSS AVE STE 1300,DALLAS,TX,75202,32.7813911,-96.8071981,True,ai,uncorroborated
WORKDAY,6110 STONERIDGE MALL RD,PLEASANTON,CA,94588,37.6986699,-121.9264412,True,ai,grounded
WORKFORCE TRAINING PARTNERS LLC,300 INTERLOCKEN PKWY STE 600,BROOMFIELD,CO,80021,39.916812,-105.110874,True,ai,uncorroborated
WORKPLACE LAW PARTNERS PC,155 N MICHIGAN AVE STE 719,CHICAGO,IL,60601,41.8847268,-87.6241335,True,ai,grounded
WORLD ALTERING MEDICINE,,,,,,,True,,
WORLD INSURANCE ASSOCIATES,100 WOOD AVE SOUTH 4TH FLOOR,ISELIN,NJ,08830,40.563278,-74.3291331,True,ai,grounded
WORLD SECURITY SERVICE,,,,,,,True,,
WORLD TOTAL RETURN,,,,,,,True,,
WORLD WIDE TECHNOLOGY LLC,1501 N WARSON RD,BRIDGETON,MO,63044,38.772903,-90.429784,True,ai,uncorroborated
WORLD WILDLIFE FUND,1250 24TH ST NW,WASHINGTON,DC,20037,38.9064358,-77.0518652,True,ai,uncorroborated
WORLDBRIDGE PARTNERS TOLEDO INC,33 N HURON ST,TOLEDO,OH,43604,41.6488938,-83.5398874,True,manual,verified
"WORTHINGTON ALTERNATIVE CAPITAL, MMC",,,,,,,True,,
WPG FARBER FUND,,,,,,,True,,
WPH,,,,,,,True,,
WPI,100 INSTITUTE RD,WORCESTER,MA,01609,42.273479,-71.8073504,True,ai,uncorroborated
WRDC,,,,,,,True,,
WRIGHT RD INVESTMENTS,,,,,,,True,,
WRIGHT REHAB SERVICES,,,,,,,True,,
WRISTBAND SPECIALTY,1700 15TH ST STE 100,BOULDER,CO,80302,40.014721,-105.274581,True,ai,uncorroborated
WRP MANAGEMENT CORP,11150 W OLYMPIC BLVD STE 970,LOS ANGELES,CA,90064,34.0391455,-118.4388843,True,ai,grounded
WSFS BANK,500 DELAWARE AVE,WILMINGTON,DE,19801,39.7479805,-75.552124,True,ai,corroborated
WSI,,,,,,,True,,
WSI MANAGEMENT LLC,9229 WILSHIRE BLVD #200,BEVERLY HILLS,CA,90210,34.067136,-118.392956,True,ai,grounded
WSOP,,,,,,,True,,
WSR SOLUTIONS,,,,,,,True,,
WTIC-TV,10 CONSTITUTION PLAZA,HARTFORD,CT,06103,41.7665689,-72.6701849,True,ai,corroborated
WTW,200 LIBERTY ST 6TH FLOOR,NEW YORK,NY,10281,40.7106407,-74.0155561,True,ai,grounded
WWTS,,,,,,,True,,
WYATT TARRANT AND COMBS,400 W MARKET ST STE 2000,LOUISVILLE,KY,40202,38.2549259,-85.7571981,True,ai,grounded
WYCKOFF HEIGHTS MEDICAL CENTER,74 WYCKOFF AVE,BROOKLYN,NY,11237,40.704926,-73.920389,True,ai,corroborated
WYNNEFIELD CAPITAL,450 7TH AVE STE 509,NEW YORK,NY,10123,40.7514791,-73.9907411,True,ai,grounded
WYSH,720 E WISCONSIN AVE,MILWAUKEE,WI,53202,43.0393998,-87.9021965,True,ai,grounded
X LIZZIE TISCH,52 PARK AVE,NEW YORK,NY,10016,40.7493221,-73.9801013,True,manual,verified
XCEL ENERGY,414 NICOLLET MALL,MINNEAPOLIS,MN,55401,44.9796327,-93.2704443,True,ai,uncorroborated
XERION INVESTMENTS LLC,,,,,,,True,,
XO GROUP,1200 17TH ST NW STE 300,WASHINGTON,DC,20036,38.9058855,-77.0388639,True,ai,uncorroborated
XOMETRY,1010 N RENGSTORFF AVE STE 300,MOUNTAIN VIEW,CA,94043,37.4202594,-122.09588,True,ai,uncorroborated
XPRINT MANUFACTURING,,,,,,,True,,
XTR,,,,,,,True,,
Y H & C INVESTMENTS,,,,,,,True,,
Y MEADOWS,,LOS ANGELES,CA,90067,,,True,manual,verified
YACHAD CAPITAL PARTNERS,,,,,,,True,,
YAGOUBZADEH LAW FIRM,,,,,,,True,,
YALE,165 ELM ST,NEW HAVEN,CT,06511,41.3095281,-72.9260516,True,ai,corroborated
YALE NEW HAVEN HOSPITAL,20 YORK ST,NEW HAVEN,CT,06510,41.3046035,-72.9355941,True,ai,corroborated
YALE UNIVERSITY,95 PROSPECT ST,NEW HAVEN,CT,06511,41.3146225,-72.9249165,True,ai,corroborated
YANOW,,,,,,,True,,
YANUVIA,,,,,,,True,,
YARDSTICK,,,,,,,True,,
YARGER WEALTH STRATEGIES,140 DORCHESTER SQ STE B,WESTERVILLE,OH,43081,40.110443,-82.890646,True,ai,grounded
YARMISH,,,,,,,True,,
YAS-GER HOLDING CORP,,,,,,,True,,
YASMINE CORP,,,,,,,True,,
YASTRAB AND ASSOCIATES,,,,,,,True,,
YATA,448 VIKING DR STE 245,VIRGINIA BEACH,VA,23452,36.8269512,-76.0725771,True,manual,verified
YBH,,,,,,,True,,
YCM,,,,,,,True,,
YELLEN & ASSOCIATES,32119 HARBORVIEW LN,WESTLAKE VILLAGE,CA,91361,34.1430689,-118.821505,True,ai,grounded
YENKIN-MAJESTIC PAINT CORP,1920 LEONARD AVE,COLUMBUS,OH,43219,39.986972,-82.9519048,True,ai,grounded
YESHIVA KETANA OF QUEENS,69-02 175TH ST,FRESH MEADOWS,NY,11365,40.7325981,-73.7952063,True,ai,corroborated
YESHIVA KTANA PASSAIC,15 PUTNAM ST,PASSAIC,NJ,07055,40.857552,-74.129089,True,ai,corroborated
YESHIVA UNIVERSITY,500 W 185TH ST,NEW YORK,NY,10033,40.8506562,-73.9298679,True,ai,corroborated
YKLI,,,,,,,True,,
YMCA,101 N WACKER DR,CHICAGO,IL,60606,41.8834518,-87.6364241,True,ai,grounded
YOGASPARK,,,,,,,True,,
YONKERS POLICE DELARTMENT,YONKERS POLICE DEPARTMENT 1 LARKIN CENTER,YONKERS,NY,10701,40.946966,-73.88042,True,ai,corroborated
YORK CAPITAL MANAGEMENT,300 PARK AVE,NEW YORK,NY,10022,40.7570541,-73.9747565,True,ai,corroborated
YORK PROPERTIES,2108 CLARK AVE,RALEIGH,NC,27605,35.7890383,-78.6613795,True,ai,grounded
YORK SPACE SYSTEMS,,,,,,,True,,
YOU MATTER,,,,,,,True,,
YOUNG ADJUSTMENT COMPANY,900 LENMAR DR,BLUE BELL,PA,19422,40.154704,-75.270151,True,ai,grounded
YOUNG CONAWAY,1000 N KING ST,WILMINGTON,DE,19801,39.745276,-75.546782,True,ai,corroborated
YOUNG ISRAEL,515 PARK AVE,NEW YORK,NY,10022,40.7632162,-73.9691649,True,ai,uncorroborated
YOUNG ISRAEL OF SAINT LOUIS,8 MILLSTONE CAMPUS DR,CHESTERFIELD,MO,63017,38.656285,-90.541867,True,ai,corroborated
YOUNG ISRAEL OF SCARSDALE,7 OGDEN RD,SCARSDALE,NY,10583,40.9972191,-73.8022543,True,ai,corroborated
YOUNGER TWIN LLC,,,,,,,True,,
YOUNGSTOWN AREA JEWISH FEDERATION,505 GYPSY LN,YOUNGSTOWN,OH,44504,41.1337095,-80.6592777,True,ai,corroborated
YOUR MINKA GROUP,,,,,,,True,,
YRA,,,,,,,True,,
YS TECH USA,17771 SAMPSON LN STE A,HUNTINGTON BEACH,CA,92647,33.7044093,-117.997426,True,ai,grounded
YS YECH,,,,,,,True,,
YUDIN'S,,,,,,,True,,
YULA,15760 VENTURA BLVD,ENCINO,CA,91436,34.1552716,-118.4762079,True,ai,corroborated
YULA HS,1576 S ROBERTSON BLVD,LOS ANGELES,CA,90035,34.0508948,-118.3841763,True,ai,corroborated
YURKO PARTNERS PC,ONE TECH DR STE 205,ANDOVER,MA,01810,42.6864562,-71.2089426,True,ai,grounded
ZAIDY'S DELI,600 S HOLLY ST,DENVER,CO,80246,39.7058277,-104.9216073,True,ai,corroborated
ZALE PROPERTIES,1 ZALE PLZ,DALLAS,TX,75207,32.7877,-96.820656,True,ai,corroborated
ZALESNE LLC,,,,,,,True,,
ZALL CO,,,,,,,True,,
ZANE M. COHN & ASS,295 MADISON AVE 11TH FLOOR,NEW YORK,NY,10017,40.7517813,-73.9793366,True,ai,uncorroborated
ZAPATA CONSULTING,2000 MARKET ST STE 700,PHILADELPHIA,PA,19103,39.953509,-75.173351,True,ai,uncorroborated
ZARO'S,82 SPRING ST,NEW YORK,NY,10012,40.7226859,-73.9982534,True,ai,corroborated
ZARO'S FAMILY BAKERY,306 SEVENTH AVE,BROOKLYN,NY,11215,40.667747404923,-73.980953627623,True,ai,corroborated
ZARVONA ENERGY,1001 FANNIN ST STE 500,HOUSTON,TX,77002,29.7557946,-95.3639251,True,ai,corroborated
"ZAUSMER, AUGUST & CALDWELL",27733 JEFFERSON AVE STE 202,SAINT CLAIR SHORES,MI,48082,42.4969506,-82.8883459,True,ai,corroborated
ZAZOVE ASSOCIATES LLC,,,,,,,True,,
ZBS PARTNERS,1345 AVE OF THE AMERICAS 34TH FLOOR,NEW YORK,NY,10105,40.7629997,-73.9790535,True,ai,corroborated
ZE CREATIVE COMMUNICATIONS,,,,,,,True,,
ZEEV VENTURES,555 BRYANT ST STE 811,PALO ALTO,CA,94301,37.4454267,-122.1604864,True,manual,verified
ZEKELMAN INDUSTRIES,191 N WACKER DR STE 2100,CHICAGO,IL,60606,41.8853347,-87.6364826,True,ai,grounded
ZEMEL FAMILY OFFICE,,,,,,,True,,
ZEPLOWITZ GROUP,,,,,,,True,,
ZERO6 ENERGY INC,,,,,,,True,,
ZERTO6 ENERGY,,,,,,,True,,
ZETA GLOBAL,7 W 34TH ST 4TH FLOOR,NEW YORK,NY,10001,40.7490225,-73.9855329,True,ai,grounded
ZIDELL MARINE CORPORATION,1501 NW NAITO PKWY,PORTLAND,OR,97209,45.532854,-122.67996,True,ai,corroborated
ZIG,,,,,,,True,,
ZILCH USA INC,,,,,,,True,,
ZIMLAND HOLDINGS LLC,425 PARK AVE,NEW YORK,NY,10022,40.7604466,-73.9710384,True,ai,corroborated
ZIMMER MEDICAL GROUP,509 JACKSON ST N,SAINT PETERSBURG,FL,33705,27.7777146,-82.6486281,True,ai,grounded
ZIMMER PARTNERS,9 W 57TH ST,NEW YORK,NY,10019,40.7638353,-73.9749533,True,ai,uncorroborated
ZIMMERMAN PROPERTIES,1250 6TH AVE STE 1500,NEW YORK,NY,10020,40.7595192,-73.9804776,True,ai,uncorroborated
ZIMMERMAN WEALTH STRATEGIES,1055 W 7TH ST STE 1950,LOS ANGELES,CA,90017,34.0506875,-118.2634877,True,ai,corroborated
ZINC RESOURCES,1750 FM 1432,VICTORIA,TX,77905,28.692466447913,-96.961918005107,True,ai,grounded
ZINC RESOURCES,109 N POST OAK LN STE 415,HOUSTON,TX,77024,29.766950579395,-95.457558924757,False,ai,grounded
ZINTRO,1670 BROADWAY STE 1200,DENVER,CO,80202,39.7428968,-104.9867141,True,ai,uncorroborated
ZIONS BANCORPORATION,1 S MAIN ST,SALT LAKE CITY,UT,84133,40.7676973,-111.8912005,True,ai,grounded
ZIPORA ARISON MD,2438 E COMMERCIAL BLVD,FORT LAUDERDALE,FL,33308,26.1895049,-80.1123673,True,ai,grounded
ZIRKIN AND SCHMERLING LAW,1852 REISTERSTOWN RD,PIKESVILLE,MD,21208,39.3904327,-76.7413155,True,ai,corroborated
ZIVARA PARTNERS,,,,,,,True,,
ZLEX PLLC,,,,,,,True,,
ZMC,1211 AVE OF THE AMERICAS,NEW YORK,NY,10036,40.7586695,-73.9823756,True,ai,corroborated
ZMOTO ENTERPRISES LLC,,,,,,,True,,
ZOCHEM LLC,600 PRINTWOOD DR,DICKSON,TN,37055,36.045318450258,-87.348960264574,True,ai,grounded
ZOOKBINDERS,,,,,,,True,,
ZOOM,55 ALMADEN BLVD 6TH FLOOR,SAN JOSE,CA,95113,37.3329622,-121.8950563,True,ai,uncorroborated
ZOOMIN SOFTWARE,150 W 28TH ST 17TH FLOOR,NEW YORK,NY,10001,40.7467748,-73.9928099,True,ai,grounded
ZORRO PRODUCTIONS,,,,,,,True,,
ZUBER LAWLER & DEL DUCA,605 S OLIVE AVE STE 1500,WEST PALM BEACH,FL,33401,26.7083523,-80.0521154,True,ai,uncorroborated
ZUKERMAN GORE,,,,,,,True,,
