name,address,city,state,zip,is_primary,note
ALLIED UNIVERSAL CORP,3901 NW 115th Avenue,Miami,FL,33178,true,"Official Allied Universal chemical company headquarters and Florida corporation principal address; unrelated to Allied Universal security"
GREGLEVINE.COM INC,1139 Washington Street,Hollywood,FL,33019,true,"Florida Division of Corporations P24000002093; active corporation and principal address"
"EDMUNDS.COM, INC.","2401 Colorado Avenue, Suite 400",Santa Monica,CA,90404,true,"HQ verified — Edmunds.com, Inc. (owned by CarMax since 2021)"
VECTOR CAPITAL,"650 California Street, 32nd Floor",San Francisco,CA,94108,true,Per Contact page
CRICUT,10855 S River Front Pkwy,South Jordan,UT,84095,true,Official corporate address
JAMESTOWN,"675 Ponce de Leon Avenue NE, 7th Floor",Atlanta,GA,30308,true,Jamestown LP — Ponce City Market
SMILE DIRECT CLUB,414 Union Street,Nashville,TN,37219,true,"Historical HQ (company defunct, per AP News)"
CIRCLE K,1130 W Warner Road,Tempe,AZ,85284,true,Corporate Office USA
FOLEY & LARDNER LLP,777 East Wisconsin Avenue,Milwaukee,WI,53202,true,Main HQ — Milwaukee office (largest)
GELLER AND COMPANY,909 Third Avenue,New York,NY,10022,true,"HIGH — Bloomberg's accounting/finance firm, NYC"
DAVIS POLK & WARDWELL LLP,450 Lexington Avenue,New York,NY,10017,true,"HIGH — major NYC law firm, Midtown HQ"
STERLINGRISK,135 Crossways Park Drive,Woodbury,NY,11797,true,MEDIUM — Long Island insurance brokerage
RADCO,1000 Parkwood Circle SE,Atlanta,GA,30339,true,"MEDIUM — RADCO Companies, Atlanta real estate"
BASSUK ORGANIZATION,7 Penn Plaza,New York,NY,10001,true,MEDIUM — NYC mortgage broker (Midtown)
BBR PARTNERS,140 East 45th Street,New York,NY,10017,true,"MEDIUM — wealth management firm, Midtown NYC"
SOMA EQUITY PARTNERS,575 Market Street,San Francisco,CA,94105,true,MEDIUM — SF hedge fund (suite uncertain)
DEEP TRACK CAPITAL,200 Greenwich Avenue,Greenwich,CT,06830,true,MEDIUM — Greenwich healthcare hedge fund
HOWARD PROPERTIES,355 Hayes Street,San Francisco,CA,94102,true,"Likely Howard Properties Inc. in San Francisco; source is LinkedIn/BBB style listing, not an official corporate site."
BRODIE GENERATIONAL CAPITAL PARTNERS,"150 N. Radnor Chester Road, Suite F100",Radnor,PA,19087,true,Official contact page lists this address.
"FISHMAN, BLOCK DIAMOND, LLP","16830 Ventura Blvd, Suite 400",Encino,CA,91436,true,Company profile and business listings show this Encino address; now associated with Cerity Partners.
MATCHMASTER,3750 S. Broadway Pl,Los Angeles,CA,90007,true,Official Antex/Matchmaster contact page lists this postal address.
"ALTOPASS, INC.",405 Claremont Way,Menlo Park,CA,94025,true,Likely Altopass entity/address from securities/entity records; not a public official company site.
GLEN UNA INVESTMENTS,"51 University Avenue, Suite G",Los Gatos,CA,95030,true,"HIGH (verified) — Glen Una Management Company / Glen Una Investments (Levy Family Trust vehicle); Kenneth + Mark + Gloria Levy; RE management + investments; ""GLEN UNA MGMT"" / ""GLEN UNA DR"" / ""GLEN UNA MANAGEMENT"" all merged into this canonical"
TASTY BRANDS,"6800 Jericho Turnpike, Suite 100E",Syosset,NY,11791,true,Official contact page lists this address.
JS DIAMOND ENTERPRISES,"16690 Collins Ave, Suite 1103",Sunny Isles Beach,FL,33160,true,Florida corporate records / Sunbiz style principal address.
SUTHERLAND CAPITAL MGMT. INC.,"3290 Northside Pkwy NW, Suite 300",Atlanta,GA,30327,true,"Atlanta HQ; """"SUTHERLAND CAPITAL"""" is the short FEC variant — both merged under this canonical name."
TRAVEL FUNDERS NETWORK,"3010 LBJ Freeway, Suite 748",Dallas,TX,75234,true,Official website contact section lists this address; some third-party directories show ZIP 75231.
PROPHET CAPITAL,"303 Colorado Street, Suite 2050",Austin,TX,78701,true,SEC/IAPD adviser filing-style address; verify entity suffix if needed.
WILLOUGHBY CAPITAL HOLDINGS,"330 Railroad Avenue, Suite 101",Greenwich,CT,06830,true,Official/contact and investment profiles list this Greenwich address.
MJ HOLDING,7852 S Sayre Ave,Bridgeview,IL,60455,true,Official company contact/address.
HLM CAPITAL,"1849 Green Bay Road, Suite 200",Highland Park,IL,60035,true,Likely investment adviser address; verify exact HLM entity.
BASIC RESOURCES,"1411 Broadway, 2nd Floor",New York,NY,10018,true,Official company contact/address.
TRANCEKA CAPITAL LLC,"1420 Fifth Avenue, Suite 2000",Seattle,WA,98101,true,SEC/IAPD adviser profile address.
KICORP,373 A Second Ave,Kotzebue,AK,99752,true,Assuming KICORP refers to Kikiktagruk Iñupiat Corporation; there are other Ki Corp/KICorp names.
FIT FOR LIFE,"10 West 33rd St, Suite 802",New York,NY,10001,true,Likely consumer products company; name has multiple possible matches.
SKYBOX CAPITAL,"1 N Wacker Drive, Suite 2402",Chicago,IL,60606,true,Likely Skybox Capital in Chicago; verify against exact legal entity.
"LAVIN & GEDVILLE, PC","1849 Green Bay Road, Suite 440",Highland Park,IL,60035,true,Law firm address from firm site/business profiles.
LOGS LEGAL NETWORK,2121 Waukegan Road,Bannockburn,IL,60015,true,Likely corporate/legal network location; verify if exact affiliate entity needed.
BOOK CAPITAL ENTERPRISES,"350 E Las Olas Boulevard, Suite 960",Fort Lauderdale,FL,33301,true,Florida corporate records/Sunbiz style principal address.
EYE SURGERY ASSOCIATES,"300 South Park Road, Suite 300",Hollywood,FL,33021,true,Medical practice location/contact.
COMMAND MARKETING INNOVATIONS,70 Outwater Lane,Garfield,NJ,07026,true,Official contact address.
"RA COHEN & ASSOCIATES, INC.","250 Park Avenue, Suite 1901",New York,NY,10177,true,Firm contact address; verify if intended entity is exactly R.A. Cohen & Associates.
ORO CAPITAL ADVISORS,"11766 Wilshire Blvd, Suite 325",Los Angeles,CA,90025,true,Likely SEC/private offering filing address; earlier row may have alternate Incline Village address.
AMIR DEVELOPMENT,"8730 Wilshire Blvd, #300",Beverly Hills,CA,90211,true,Official contact address.
ECI CAPITAL,"2120 Powers Ferry Rd SE, Suite 300",Atlanta,GA,30339,true,Likely US ECI Capital entity; do not confuse with ECI Partners UK.
MORELAND MANAGEMENT COMPANY,"100 Park Avenue, Suite 215",Orange Village,OH,44122,true,Likely Ohio management/family office match.
ROSEMAWR MANAGEMENT,"1674 Meridian Ave, Suite 420",Miami Beach,FL,33139,true,SEC/IAPD adviser filing address.
MILL POND CAPITAL,2 Railroad Place,Westport,CT,06880,true,Likely adviser/principal office; some older/company profiles may list Boston.
COMMUNICARE,10123 Alliance Road,Blue Ash,OH,45242,true,Assuming CommuniCare Health Services; name alone has several matches.
"RST DEVELOPMENT, LLC","168 Business Park Dr, Suite 200",Virginia Beach,VA,23462,true,Likely real estate development firm; verify if exact legal entity needed.
THE SHEENA LAW FIRM,"1001 Texas Ave, Suite 240",Houston,TX,77002,true,"Law-firm pages/directories show this; maps also show other suite address, so verify."
TOMORROW STUDIOS,"345 North Maple Drive, Suite 200",Beverly Hills,CA,90210,true,Production Weekly listing gives this address; official site does not clearly publish street address.
KENISCO CAPITAL,"55 Railroad Avenue, 2nd Floor",Greenwich,CT,06830,true,Spelling likely corrected from Kenisco to Kensico; official site lists this address.
PR MANAGEMENT,"1 Speen Street, Suite 205",Framingham,MA,01701,true,Official home office/contact address.
WEST SHORE LLC,"One International Place, Suite 3900",Boston,MA,02110,true,"Assuming multifamily real estate West Shore LLC, not West Shore Home or other entities."
"STEREN ELECTRONICS INTERNATIONAL, LLC.","8445 Camino Santa Fe, Suite 203",San Diego,CA,92121,true,family-owned electronics/connectivity firm (since 1956); rebranded as Steren Solutions LLC
EIGHTEEN CAPITAL GROUP,"11615 Rosewood St, Suite 100",Leawood,KS,66211,true,Business profile/current-ish address; some pages show Kansas City Plaza office.
SILVER MOUNTAIN PARTNERS,60 Stargazer Way,Sedona,AZ,86336,true,SEC Form D address c/o Leonard Capital Management; may be historical.
"MFAL CONSULTING, LLC",2401 NE 47th St,Lighthouse Point,FL,33064,true,Florida entity address; entity appears inactive/admin dissolution in 2025.
CASTLEKNIGHT,"810 Seventh Avenue, Suite 803",New York,NY,10019,true,SEC/fund records list this address; some current databases show 888 Seventh Avenue/24th Floor.
PERENNIAL PROPERTIES,"1777 Peachtree Street, Suite 200",Atlanta,GA,30309,true,Official contact page lists this address.
VLEIGH MANAGEMENT LLC,"111 Great Neck Road, Suite 400",Great Neck,NY,11021,true,Address appears in Florida filing as manager/principal related address.
CORPAC GROUP,"20803 Biscayne Blvd, Suite 502",Aventura,FL,33180,true,Official headquarters/contact address.
EMERALD//COHEN & COMPANY LLC,"909 3rd Ave, Floor 15",New York,NY,10022,true,Emerald Development Managers contact page lists this address; appears to be successor/related to Cohen & Company legacy naming.
"AMERICAL MANAGEMENT CO., INC.","10940 Wilshire Blvd, Suite 1960",Los Angeles,CA,90024,true,Public filing/source shows this address; third-party directory also shows 9595 Wilshire Blvd #600 as alternate.
RETTNER BUILDING MANAGEMENT,"6620 Southpoint Dr. S, Ste 230",Jacksonville,FL,32216,true,"Exact active Florida corp address; operating profile also points to New Rochelle, NY, so verify intended office."
NELLIS CORPORATION,"7811 Montrose Road, Suite 420",Potomac,MD,20854,true,Official website lists this address.
PASSION GROWERS,7499 NW 31 Street,Miami,FL,33122,true,Sunbiz exact entity address; some directories show 7911 NW 21st Street.
"SANDALWOOD SECURITIES, INC.","105 Eisenhower Parkway, Suite 201",Roseland,NJ,07068,true,Official contact page lists this address; FINRA-style sources may show 101 Eisenhower Parkway.
UNITEDWEB,"8800 E Chaparral Road, Suite 300",Scottsdale,AZ,85250,true,Likely UnitedWeb Scottsdale HQ/contact.
DREAMWEAR INC,"183 Madison Ave, 10th Floor",New York,NY,10016,true,Official contact address.
"NUT TREE CAPITAL MANAGEMENT, LP","55 Hudson Yards, 22nd Floor",New York,NY,10001,true,Official website lists this address.
HIGHSAGE VENTURES,200 Clarendon Street,Boston,MA,02116,true,Investment profile/listing gives this Boston address; official public site not clearly available.
LAKESIDE SOFTWARE,"2 Oliver St, STE 700",Boston,MA,02109,true,Official contact page lists Boston headquarters.
ASTON CAPITAL,"355 Alhambra Circle, Suite 1350",Coral Gables,FL,33134,true,Sunbiz/company-history records list this Coral Gables address.
PALI ENTERTAINMENT,30778 Hwy 18,Running Springs,CA,92382,true,Likely Pali Mountain/Pali Adventures address; verify if intended Pali Entertainment entity is different.
ROCK COMPANIES,"6400 Telegraph Road, Suite 2500",Bloomfield Hills,MI,48301,true,Company/contact listings show this address.
AUGUSTA ENTERPRISES,3514 Washington Rd,Augusta,GA,30907,true,Georgia Secretary of State exact active entity candidate; generic enough to verify if context differs.
CENTURION REALTY,"500 5th Ave, 39th Floor",New York,NY,10110,true,Official contact page lists this address; name is somewhat generic.
KIDDESIGNS,1299 Main Street,Rahway,NJ,07065,true,Likely KIDdesigns/iHome affiliated address; import records may show separate El Paso logistics address.
REGATTA USA,"275 Cooper Ave, Suite 116",Tonawanda,NY,14150,true,Official Regatta USA contact address.
HERCULES,"400 Hamilton Avenue, Suite 310",Palo Alto,CA,94301,true,"HIGH — Hercules Capital BDC (NYSE: HTGC), Palo Alto"
LPC REAL ESTATE CORP,"2000 McKinney Avenue, Suite 1000",Dallas,TX,75201,true,"HIGH — Lincoln Property Company (LPC), Dallas HQ"
"TALCOTT HOLDINGS, INC",,HARTFORD,CT,06103,true,2026-05 manual cleanup session
OMNINET CAPITAL,"9595 Wilshire Blvd, Suite 700",Beverly Hills,CA,90212,true,"MEDIUM — OmniNet Capital real estate, LA"
SILVER COMPANIES,4910 Plank Road,Fredericksburg,VA,22407,true,"MEDIUM — Silver Companies real estate developer, VA"
VICTORY PARK,"150 N Riverside Plaza, Suite 5200",Chicago,IL,60606,true,"MEDIUM — Victory Park Capital, Chicago"
SANTA MONICA PARTNERS,1865 Palmer Avenue,Larchmont,NY,10538,true,MEDIUM — investment firm in NY (not CA despite name)
GOOD HEALTH,410 Cloverleaf Dr,Baldwin Park,CA,91706,true,"HIGH — Good Health Inc dba Premier Pharmacy Services (Stephen E. Samuel, CEO); verified via CA Board of Pharmacy + FDA records [key is the canonical cleaned name; INC unified in manual_typo_overrides.json]"
PORTAGE ADVISORS,"300 North LaSalle, Suite 1420",Chicago,IL,60654,true,HIGH — Portage Point Partners / Portage Advisors LLC Chicago HQ
THE MARCUS FOUNDATION,"100 Colony Square, 1175 Peachtree St NE, Suite 2120",Atlanta,GA,30361,true,HIGH (verified) — was incorrectly linked to Home Depot HQ
GREENSKY,5565 Glenridge Connector,Atlanta,GA,30342,true,"HIGH (verified) — Atlanta HQ, not the Naples FL office"
"SAMSON ENERGY COMPANY, LLC","110 W 7th St, Suite 2000",Tulsa,OK,74119,true,"HIGH (verified) — Tulsa HQ, not the Houston operations office"
PACIFIC DENTAL ASSOCIATES,17000 Red Hill Ave,Irvine,CA,92614,true,"HIGH (verified) — actual entity is Pacific Dental Services parent, Irvine HQ"
FREEPOINT COMMODITIES,58 Commerce Rd,Stamford,CT,06902,true,"HIGH (verified) — Stamford global HQ, not the NY trading desk"
EDWARD C. LEVY CO.,9300 Dix Ave,Detroit,MI,48209,true,"HIGH (verified) — Detroit HQ, not the Cleveland branch"
JLL,"450 Lexington Ave, 31st Floor",New York,NY,10017,true,"HIGH (verified) — new Lexington Ave HQ, replaced 712 Fifth Ave"
HIGHFIELDS CAPITAL,"200 Clarendon St, 59th Floor",Boston,MA,02116,true,"HIGH (verified) — Boston HQ, not the West Conshohocken branch"
HACKMAN CAPITAL PARTNERS,"11111 Santa Monica Blvd, Suite 850",Los Angeles,CA,90025,true,"HIGH (verified) — LA HQ, not the Dallas branch"
EDISON PROPERTIES,110 Edison Pl,Newark,NJ,07102,true,"HIGH (verified) — Newark NJ HQ, not the Philly office"
CROWNE PARTNERS INC,"100 Grandview Pl, Suite 420",Birmingham,AL,35243,true,"HIGH (verified) — Birmingham AL HQ, not the NYC virtual office"
CHICAGO TRADING COMPANY,"141 W Jackson Blvd, Suite 800",Chicago,IL,60604,true,HIGH (verified) — Chicago Board of Trade tower (moved from 410 N Michigan)
G2 GAMING,7083 Hollywood Blvd,Los Angeles,CA,90028,true,"HIGH (verified) — likely G2 Esports US office, not Austin"
PENNANT HOUSING GROUP,"1900 M Street NW, 3rd Floor",Washington,DC,20036,true,affordable-housing developer (PHG); not Pennant Group Inc (ID healthcare)
STONECOURT CAPITAL LP,"10 East 53rd Street, 13th Floor",New York,NY,10022,true,"HIGH (verified) — Manhattan HQ; ""STONECOURT CAPITAL PARTNERS"" merged into this entry"
MOORE HOLDINGS,"40 West 57th Street, Suite 2010",New York,NY,10019,true,HIGH (verified) — David L. Moore (Chairman & CEO); diversified holding company (PE/VC/investments)
FEDWAY ASSOCIATES,505 Martinsville Road,Basking Ridge,NJ,07920,true,HIGH (verified) — NJ's largest wine & spirits distributor (est. 1933); fedway.com; additional sites in Elizabeth + Mount Laurel NJ
BVISION SPORTSMEDIA,111 Valley Drive,Greenwich,CT,06831,true,"MEDIUM — Bvision Sportsmedia L.P. (est. 1996); sports book publishing (esp. women's sports guides) + sports marketing/media; Betsy Berns Korn (founder; former AIPAC president; current Chair of Conference of Presidents of Major American Jewish Organizations); address is founder's residence; ""BVISION"" variant merged into this entry"
UNITLEADER,"2159 India Street, Suite 200",San Diego,CA,92101,true,"HIGH (verified) — Unit Leader, LLC (est. 2019); VC/PE focused on PropTech/SaaS/multifamily RE; Dana Zeff (Chief Disrupter/Managing Partner); unitleader.com"
MGS PARTNERS,"411 Hackensack Avenue, 5th Floor",Hackensack,NJ,07601,true,"HIGH (verified) — MGS Corporation; propane marketer + petroleum products distributor in NJ; matches donor (Nathan Lindenbaum, propane marketer, Teaneck NJ)"
"MALLARD INVESTMENTS, INC.",20 Basswood Lane,Moreland Hills,OH,44022,true,HIGH (verified) — Mallard Investments Inc. (est. 1999); private investment firm / securities brokerage; Timothy F. Wuliger (President); address straddles Chagrin Falls / Moreland Hills
VITERBI GROUP,"4370 La Jolla Village Drive, Suite 675",San Diego,CA,92122,true,"MEDIUM — Viterbi Group LLC (est. 2000); VC focused on wireless/networking/AI; Dr. Andrew J. Viterbi (Qualcomm co-founder, inventor of Viterbi algorithm); private firm — public address not officially published"
BDJ,11175 Santa Monica Blvd,Los Angeles,CA,90025,true,"HIGH (verified) — BD&J, PC (est. 2007); personal injury law firm (auto/truck accidents, wrongful death, product liability); matches donor (Kourosh Moghadam, attorney, LA)"
DANTO INVESTMENT CO.,"1700 Stutz Drive, Suite 25",Troy,MI,48084,true,"HIGH (verified) — Danto Investment Company; owns/operates Michigan Design Center; RE investment + interior-design products; matches donor (James Danto, Bloomfield Hills MI)"
SHETLAND PROPERTIES,5410 W Roosevelt Road,Chicago,IL,60644,true,"HIGH (verified) — Chicago RE firm; industrial/business park development for SMBs; matches donor (Andrew Lappin, real estate, Glencoe IL)"
OAKTREE CAPITAL,"333 South Grand Avenue, 28th Floor",Los Angeles,CA,90071,true,"HIGH (verified) — Oaktree Capital Management (est. 1995); global HQ, alt investments / distressed debt; Howard Marks + Bruce Karsh (founders); Brookfield owns majority"
JOHN A. GOLDEN ASSOCIATES,"12 East 49th Street, Floor 41",New York,NY,10017,true,"HIGH (verified) — John A. Golden Associates Inc.; merchant banking + investment services; John A. Golden (Founder & President, Water Mill NY)"
"WALDORF INVESTMENT COMPANY, INC.","405 El Camino Real, Unit 260",Menlo Park,CA,94025,true,"HIGH (verified) — private investment firm; Gregory A. Waldorf (CEO, Menlo Park CA)"
"TG HOLDINGS, LLC","17895 Collins Avenue, Suite 2600",Sunny Isles Beach,FL,33160,true,"HIGH (verified) — part of The Trump Group (Julius ""Jules"" + Eddie Trump, NOT Donald Trump); RE dev/investment; Acqualina Resort + Williams Island; matches donor (Julius Trump, Sunny Isles Beach FL)"
"LEIFER CAPITAL ADVISERS, LLC",86 Clements Road,Newton,MA,02458,true,investment advisory / Leifer family office
BAG INVESTMENTS,"10100 Culver Blvd, Suite D",Culver City,CA,90232,true,Current FEC filings match the published BAG Investments office; manually verified 2026-08-03.
GIBSON DUNN & CRUTCHER,333 South Grand Avenue,Los Angeles,CA,90071,true,"HIGH (verified) — Gibson, Dunn & Crutcher LLP (est. 1890 in LA); global law firm (2200+ lawyers in 23 offices); LA = historic HQ; matches most donors (LA-based attorneys). NY office at 200 Park Ave is also major"
REICH BROTHERS,172 South Broadway,White Plains,NY,10605,true,HIGH (verified) — Reich Brothers LLC (est. 2009); industrial RE investment/redev (20M+ sq ft); Adam + Jonathan Reich (Co-CEOs); donor Adam Reich lives in LA but firm HQ is White Plains NY
AGINS INTERIOR,19 Eucalyptus Road,Belvedere Tiburon,CA,94920,true,HIGH (verified) — Agins Interiors; small interior design firm (2–10 staff); Kendal Elyse Agins (Owner/Designer); HQ at owner's Marin County residence; note: same Belvedere community as Michelle Friend
"HSK CONSULTING, LLC",6525 Kenhill Rd,BETHESDA,MD,20817,true,2026-05 manual cleanup session
KAITAR RESOURCES,"1517 PERIMETER ROAD, SUITE 506",WEST PALM BEACH,FL,33406,true,2026-05 manual cleanup session
LIGHTSPARK,"8605 Santa Monica Blvd, PMB 64461",West Hollywood,CA,90069,true,"HIGH (verified) — Lightspark Group Inc. (est. 2022); fintech for Bitcoin Lightning Network payments; David Marcus (CEO; ex-PayPal president, ex-Meta Libra/Diem lead)"
ATLANTIC AUTOMOTIVE CORP.,"1 Olympic Place, Suite 1010",Towson,MD,21204,true,HIGH (verified) — Atlantic Automotive Corporation / MileOne Autogroup; auto dealership group; Steven A. Fader (Chairman & CEO); HQ at 1 Olympic Place — suite may be 1010 or 1210
KEYES AUTOMOTIVE GROUP,5855 Van Nuys Blvd,Van Nuys,CA,91401,true,"HIGH (verified) — Keyes Automotive Group (60+ years, family-owned); multi-brand LA-area dealership group (Toyota/Honda/Hyundai/Lexus/Audi/Porsche/Chevy); Howard Keyes (President), Howard Tenenbaum; partial sale to Lithia Motors c.2020 but brand still active"
BELLOCK CONSTRUCTION INC,"2500 Arapahoe Avenue, Suite 220",Boulder,CO,80302,true,HIGH (verified) — Chuck Bellock Construction Inc.; general contractor (residential + commercial); Chuck (Charles R.) Bellock (founder); also linked to Community Development Group (CDG) in CO
MAGNOLIA MARKETING LLC,524 Metairie Road,Metairie,LA,70005,true,"HIGH (verified) — Magnolia Marketing Company LLC; beverage-alcohol holding co. linked to Sazerac Company (whiskey/spirits); Alan Franco (Partner; AIPAC Board); matches donor (Alan Franco, Metairie LA)"
PENNANTPARK INVESTMENT CORPORATION,"1691 Michigan Avenue, Suite 500",Miami Beach,FL,33139,true,"HIGH (verified) — PennantPark Investment Corporation (NASDAQ: PNNT); BDC / private credit firm; Arthur Penn (founder); HQ relocated from NYC (590 Madison Ave) to Miami Beach c.2020-2022 per SEC 10-K; ""PENNANTPARK"" + ""PENNANTPARK INVESTMENTS"" merged into this canonical"
GATEHOUSE MANAGEMENT,"120 Forbes Blvd, Suite 180",Mansfield,MA,02048,true,HIGH (verified) — Gatehouse Management Inc. / Gatehouse Group; residential RE management
OLD COURT GROUP,750 Lexington Ave,New York,NY,10022,true,Repeated current FEC filings for Jacques Blinbaum and Old Court Group; manually verified 2026-08-03.
BLACKSTONE GROUP,345 Park Avenue,New York,NY,10154,true,HIGH (verified) — Blackstone Inc. (NYSE: BX); global alt asset manager
MESIROW FINANCIAL,353 N Clark Street,Chicago,IL,60654,true,HIGH (verified) — Mesirow Financial; Chicago HQ; financial advisory + investment management
GUAC-LOCK,,Scarsdale,NY,10583,true,MEDIUM (city-only) — Guac-Lock (guacamole container product); Jane Och + Sharon Prince (inventors); company tied to founders' Scarsdale NY base; donor Jane Och lives in Miami Beach FL but company is NY-based per user verification
ROCKDALE CAPITAL,650 Liberty Avenue,Union,NJ,07083,true,HIGH (verified) — Rockdale Capital; private investments; Warren Eisenberg (Managing Partner); Union NJ HQ (donor lives Short Hills NJ)
JOHNSON REAL ESTATE,,West Hartford,CT,06117,true,"MEDIUM (city-only) — generic RE name; Jeremy Pava (Executive Chairman, West Hartford CT); private firm"
"QUEST HOLDINGS, LLC",,Baltimore,MD,21215,true,MEDIUM (city-only) — RE investment firm in MD; Jason Reitberger + Jacob Blumenfeld (Baltimore/Pikesville); private firm
NACHSHON VENTURES LLC,38075 Fairmount Blvd,Chagrin Falls,OH,44022,true,Current FEC filing identifies Jason Wuliger as president at this principal/home-office address; manually verified 2026-08-03.
GILBERT FILMS,"190 N CANON DRIVE, SUITE 204",BEVERLY HILLS,CA,90210,true,2026-05 manual cleanup session
MAJESTIC PROPERTY,,New York,NY,10021,true,"MEDIUM (city-only) — generic name; Jay Gould (Consultant, NYC) — private RE firm"
GHITIS COMPANY,2280 W 77th St,Hialeah,FL,33016,true,"MEDIUM — Ghitis Company; Leo Ghitis (CEO, lives in Golden Beach FL); company address in Hialeah FL industrial area per user verification"
"ATLANTIC REALTY ASSOCIATES, INC.","135 FIFTH AVENUE, 9TH FLOOR",NEW YORK,NY,10010,true,2026-05 manual cleanup session
CLARITY MANAGEMENT,"11601 Wilshire Blvd, Suite 1600",Los Angeles,CA,90025,true,HIGH (verified) — Clarity Partners (private equity); Barry Porter (Co-Founder & Managing GP); LA HQ
PROGRESSIVE PUBLICATIONS,370 Technology Drive,Malvern,PA,19355,true,HIGH (verified) — Progressive Business Publications (PBP); Edward Satell (Founder & CEO)
ATLANTIC COAST ENTERPRISES,"1001 W Cypress Creek Rd, Suite 401",Fort Lauderdale,FL,33309,true,HIGH (verified) — Atlantic Coast Enterprises LLC; Jiffy Lube franchisee; Albert Al Chance (CEO)
WELLS FARGO ADVISORS,One North Jefferson Avenue,St. Louis,MO,63103,true,HIGH (verified) — Wells Fargo Advisors (Investment Advisory arm of Wells Fargo); St Louis HQ; 17 different donors in our data
KARNEY PROPERTIES CO.,"1447 Cloverfield Blvd, Suite 200",Santa Monica,CA,90404,true,HIGH (verified) — Karney Properties (industrial + commercial RE); Aliza Karney Guren (Executive Chairman & Co-Owner)
LKV MANAGEMENT,"112 South Tryon St, Suite 200",Charlotte,NC,28284,true,HIGH (verified) — LKV Management LLC / The Vickar Group; Kerry Vickar (Chairman/CEO)
"AUERBACH REALTY HOLDINGS, LLC",,PACIFIC PALISADES,CA,90272,true,2026-05 manual cleanup session
MIZMAA VENTURES,837 Longridge Rd,Oakland,CA,94610,true,HIGH (verified) — Mizmaa Ventures (VC for Israeli tech startups: Mobility/Fintech/Cyber/Healthcare); Isaac Yitz Applbaum (Founder & Partner)
SPENCER FORREST,,Beverly Hills,CA,90210,true,"MEDIUM (city-only) — Spencer Forrest Inc. (hair-care products, e.g. Toppik); Mark Kress (Founder & CEO); private — no public street"
WOODLAND VENTURE FUND,68 Wheatley Rd,Glen Head,NY,11545,true,HIGH (verified) — Woodland Venture Fund; Barry Rubenstein (Managing GP); Long Island NY
"MARIC, INC.","197 1st Ave, Suite 300",Needham Heights,MA,02494,true,HIGH (verified) — Maric Inc. (commercial RE investment); Mark Rubin (President)
X LIZZIE TISCH,52 Park Avenue,New York,NY,10016,true,HIGH (verified) — LTD by Lizzie Tisch (fashion/art/event curation); Lizzie Tisch (Tisch family/Loews); office (store at 828 Madison)
STOICLANE,"222 N LaSalle St, Suite 1600",Chicago,IL,60601,true,HIGH (verified) — StoicLane (financial-services acquisition platform); Al Goldstein (Co-Founder/CEO/Chairman; ex-Avant founder)
UNICO ITC,"240 W Palmetto Park Rd, Suite 300",Boca Raton,FL,33432,true,HIGH (verified) — Unico ITC (wipes + cleaning products: A World of Wipes / Dutch Harbor Brands); Tansman family
JFS,6735 Telegraph Rd #30,Bloomfield Hills,MI,48301,true,HIGH (verified) — JFS / Jewish Family Service; Wendy Eisenshtadt (Development); affiliated with Jewish Federation of Metro Detroit
STEIN ADVISORS LLC,42 River Wind Rd,New Canaan,CT,06840,true,HIGH (verified) — Stein Advisors LLC (financial advisory + turnaround); Jeffrey S. Stein (Founder & Managing Partner)
Y MEADOWS,,Los Angeles,CA,90067,true,MEDIUM (city-only) — Y Meadows; Alan Rich / Richeimer (CEO); LA-based
ALYDAR CAPITAL LLC,"222 Berkeley Street, 17th Floor",Boston,MA,02116,true,"HIGH (verified) — Alydar Capital LLC (hedge fund, long/short equity); est. ~2003; Lawrence D. Greenberg (retired since ~2018, lives in Weston MA)"
SYNERGY ACADEMICS,"6700 Fallbrook Avenue, Suite 101",West Hills,CA,91307,true,Official Synergy Academics site identifies founder Jennifer Lopata and this tutoring-center address; verified 2026-08-04.
"INTELISENT, LLC",597 North Mountain Road,Newington,CT,06111,true,"HIGH (verified) — Intelisent LLC (mail tracking + delivery analytics; spin-off from Data-Mail, ~2011); Mark Mandell (Founder/President/CEO); donor Mandell uses Newington + West Hartford CT addresses"
ATALAN CAPITAL,"140 East 45th Street, 17th Floor",New York,NY,10017,true,HIGH (verified) — Atalan Capital Partners (hedge fund); NYC
SCULPTOR CAPITAL MANAGEMENT,9 West 57th Street,New York,NY,10019,true,HIGH (verified) — Sculptor Capital Management (NYSE: SCU; formerly Och-Ziff); NYC HQ
"KITU SYSTEMS, INC.","3760 Convoy Street, Suite 221",San Diego,CA,92111,true,HIGH (verified) — Kitu Systems (clean energy / IoT for renewables + EV charging); Rick Kornfeld
DANZIGER DELLANO,"440 Louisiana St, Suite 1212",Houston,TX,77002,true,HIGH (verified) — Danziger & De Llano LLP (personal injury / Mesothelioma law); Houston HQ
C3.AI,1300 Seaport Boulevard,Redwood City,CA,94063,true,HIGH (verified) — C3.ai Inc. (NYSE: AI); enterprise AI software
GREENBERG TRAURIG,"333 SE 2nd Avenue, Suite 4400",Miami,FL,33131,true,HIGH (verified) — Greenberg Traurig LLP; major international law firm; Miami HQ; 17 donors in our data
BENCH WALK ADVISORS,"485 Lexington Avenue, 29th Floor",New York,NY,10017,true,HIGH (verified) — Bench Walk Advisors LLC (litigation finance); NYC HQ + Boca Raton + London + Delaware offices
LK DAYTON INVESTMENTS,,Delray Beach,FL,33483,true,MEDIUM (city-only) — LK Dayton Investments LLC; Larry Kugler (Manager); RE investments
CRESCENT GARDEN COMPANY,6807 Biscayne Boulevard,Miami,FL,33138,true,Official Crescent Garden contact and privacy pages identify Dotchi LLC dba Crescent Garden Company at this address; Harry Tchira is co-founder; verified 2026-08-04.
NEW JERSEY BRAIN AND SPINE,"650 From Road, Suite 220",Paramus,NJ,07652,true,HIGH (verified) — NJ Brain and Spine Center (neurosurgery + spine); Paramus = main HQ; also Hackensack (20 Prospect Ave Ste 907) + Montclair
KOSS CORPORATION,4129 N Port Washington Rd,Milwaukee,WI,53212,true,HIGH (verified) — Koss Corporation (NASDAQ: KOSS); audio products / headphones; Michael J. Koss (President & CEO); MICHAEL KOSS + MKOSS variants merged into this canonical
RIPCO REAL ESTATE,"150 East 58th Street, 15th Floor",New York,NY,10155,true,HIGH (verified) — RIPCO Real Estate (commercial RE brokerage); Manhattan HQ + offices in Brooklyn/NJ/CT/FL; RIPCO + TCOOPER@RIPCONY.COM variants merged into this canonical; the old DB entry had wrong Chicago address (mixed with RIPCO Holdings)
PROPANE POWER CORP.,915 Delancy Street,Newark,NJ,07105,true,HIGH (verified) — propane distributor for NJ/Northeast US
HEALTH SOURCE DISTRIBUTORS,"7200 Rutherford Road, Suite 150",Baltimore,MD,21244,true,Official HealthSource Distributors contact page and company return policy; verified 2026-08-04.
AMERICAN EDUCATIONAL INSTITUTE,"111 E Merrill Street, Suite 300",Birmingham,MI,48009,true,Official AEI contact page and 2025-26 course document name CEO David R. Victor at this address; verified 2026-08-04.
SCHER INVESTMENT GROUP,"1485 E Valley Road, Suite C",Montecito,CA,93108,true,HIGH (verified) — investments + RE development; Montecito/Santa Barbara CA
SF PROPERTIES LLC,"17800 Laurel Park Drive N, Ste 200C",Livonia,MI,48152,true,HIGH (verified) — RE; Schostak Family Companies; Livonia MI
"JOEL REINSTEIN, PLLC",,BOCA RATON,FL,33431,true,2026-05 manual cleanup session
WING LAKE CAPITAL PARTNERS,"32300 Northwestern Hwy, Suite 215",Farmington Hills,MI,48334,true,HIGH (verified) — alternative funding + business advisory; Farmington Hills MI
HALPERN ENTERPRISES,5200 Roswell Rd,Atlanta,GA,30342,true,HIGH (verified) — shopping center owner/operator (50+ centers); Atlanta HQ
ABUNDANT VENTURE PARTNERS,"515 N STATE STREET, SUITE 300",CHICAGO,IL,60654,true,2026-05 manual cleanup session
SERVENCO MANAGEMENT,"53 Forest Avenue, Suite 200",Old Greenwich,CT,06870,true,Official Servenco contact and team pages identify Rafael Steinberg and this corporate-office address; verified 2026-08-04.
UNITEX,"565 Taxter Road, Suite 620",Elmsford,NY,10523,true,HIGH (verified) — Unitex Textile Services; corporate office Elmsford NY (Westchester)
NEW WAVE LOANS,"3323 NE 163rd Street, PH 704",North Miami Beach,FL,33160,true,Official New Wave Loans team page lists founder Joel Eidelstein at this address; corroborated by Florida Division of Corporations; verified 2026-08-04.
EGG ELECTRIC,"35 West 45th Street, 4th Floor",New York,NY,10036,true,HIGH (verified) — Egg Electric (NYC electrical contractor)
NEWCO CAPITAL GROUP,"1801 NE 123rd Street, Suite 421",North Miami,FL,33181,true,HIGH (verified) — NewCo Capital Group (merchant banking / investments)
MILLENIUM,399 Park Avenue,New York,NY,10022,true,"MEDIUM — likely Millennium Management LLC (Israel Englander hedge fund); 399 Park Ave NYC HQ; uncertain — ""MILLENIUM"" could be other entity"
GOLDEN SPRINGS DEVELOPMENT,13116 Imperial Highway,Santa Fe Springs,CA,90670,true,HIGH (verified) — Berkett + Sassover families; industrial/RE development; Santa Fe Springs CA HQ (NOT same as Total Source/Golden Springs which is the Flesh family)
SOLEL PARTNERS,"699 Boylston Street, 15th Floor",Boston,MA,02116,true,HIGH (verified) — Solel Partners (value-oriented hedge fund / PE); Boston HQ
DOWNTOWN CAPITAL PARTNERS,"360 Hamilton Avenue, Suite 1110",White Plains,NY,10601,true,Court service list names Downtown Capital Partners and Gary Katz at this address; current New York business filings use the same address; verified 2026-08-04.
KLINE PROPERTIES,"1910 E Washington St, Suite B",Indianapolis,IN,46201,true,HIGH (verified) — Kline Properties (RE management); Indianapolis HQ (also TX/Austin offices)
IMMUNIS.AI,582 NW Van Buren Avenue,Corvallis,OR,97330,true,2025 European Patent Office publication identifies Immunis.AI and founder Geoffrey Erickson at this company address; verified 2026-08-04.
REGENT PROPERTIES,"2001 ROSS AVENUE, SUITE 4601",DALLAS,TX,75201,true,2026-05 manual cleanup session
ALEXIS BEDNYAK DESIGN,57 Maple Hill Road,Glencoe,IL,60022,true,"HIGH (verified) — Alexis Bednyak Design (bespoke / high-end interior design, North Shore Chicago); Alexis + Jerry Bednyak (owners); HQ at owners residence in Glencoe IL"
STEWARD PARTNERS,400 ATLANTIC STREET,STAMFORD,CT,06901,true,2026-05 manual cleanup session
PULL-A-PART,4473 Tilly Mill Road,Doraville,GA,30360,true,HIGH (verified) — Pull-A-Part LLC (est. 1997); largest DIY self-service auto recycler in US (36+ yards / 16 states); Cohen family ownership (3rd/4th gen); Doraville GA HQ; pullapart.com
GENESIS10,"950 Third Avenue, 26th Floor",New York,NY,10022,true,HIGH (verified) — Genesis10 (IT staffing + workforce solutions + tech consulting); Harley Lippman (Founder & CEO); GENESIS CORP + GENESIS 10 variants merged into this canonical; old DB Seattle address was wrong
GOLDEN LIONESS,,Brooklyn Heights,NY,11201,true,MEDIUM (city-only) — Golden Lioness Corporation (RE development + management in Brooklyn); Mona Gora Sterling (Founder); company HQ Brooklyn Heights NY; Mona lives in Jericho NY 11753 (personal address)
JACOBY AND MEYERS,"2000 Avenue of the Stars, Suite 1150S",Los Angeles,CA,90067,true,HIGH (verified) — Jacoby & Meyers Law Offices; personal injury law firm; LA HQ + offices across CA + other states
STACEY E. BURKE PC,,Houston,TX,77019,true,MEDIUM (city-only) — solo law practice (Personal Injury); Stacey E. Burke (Lawyer); Houston TX
IDEAL FASTENER,"10800 Biscayne Blvd, Suite 810",Miami,FL,33161,true,Official Florida Division of Corporations annual report lists Jeffrey Gut as co-president at this principal place of business; verified 2026-08-04.
CHURCHILLFORGE PROPERTIES,"129 Newbury Street, 3rd Floor",Boston,MA,02116,true,HIGH (verified) — Churchill Forge Properties (apartment community mgmt + development); Boston HQ + operations in TX/FL/Carolinas
JUNO INVESTMENTS,"950 Third Avenue, Suite 2300",New York,NY,10022,true,"HIGH (verified) — Juno Investments LLC (PE for US middle/lower-middle market manufacturing); est. 2004; Jimmy Haber (Managing Partner); Midtown East Manhattan (same building as Genesis10, different floor)"
RETRO CONSULTING,,North Andover,MA,01845,true,MEDIUM (city-only) — DBA used by Orit Goldstein (President/Owner) for real estate consulting; related to Ozzy Properties Inc. (her main company); North Andover MA + Merrimack Valley area
"ACUITY CAPITAL, LLC",,Los Angeles,CA,90049,true,MEDIUM (city-only) — Acuity Capital LLC; Marc Guren; LA CA 90049 (Brentwood/Pacific Palisades area)
TRANSFORMER LAB SERVICES,12 Waverly Place,Lawrence,NY,11559,true,MEDIUM — small private LLC (lab/tech services?); Margaret Spector (Manager/Owner); address is owner residence in Lawrence NY (Five Towns area)
SKG,1668 Crest Drive,Encinitas,CA,92024,true,MEDIUM — SKG = Seth K. Grossman initials; actual operating co. = Green Pine Real Estate LLC (commercial RE PE); previously at Meridian Capital Group West Coast; address is Grossman residence
FELSON CO,610 N Maple Drive,Beverly Hills,CA,90210,true,"HIGH (verified) — Felson Companies (multifamily RE investment + mgmt; 1400+ units, mostly Hayward CA); family-owned since 1948; Joe Felson (Partner/Owner); Beverly Hills CA is owner-listed address"
KELLI'S,"3311 Boyington Drive, Suite 400",Carrollton,TX,75006,true,Official Kelli's Gift Shop Suppliers new-vendor page lists this address; verified 2026-08-04.
GRAND SAKWA PROPERTIES,"28470 W 13 Mile Road, Suite 220",Farmington Hills,MI,48334,true,HIGH (verified) — Grand Sakwa Properties; Gary Sakwa (Co-Founder/Managing Partner); MI RE
CONROY COMMERCIAL,5877 West 3rd Street,Los Angeles,CA,90036,true,HIGH (verified) — Conroy Commercial RE; Brad Conroy (Principal/Broker)
ZEEV VENTURES,"555 Bryant Street, Suite 811",Palo Alto,CA,94301,true,HIGH (verified) — Oren Zeev VC; Palo Alto HQ; donor in Los Altos Hills
THE MILESTONE GROUP,"2385 NW Executive Center Drive, Suite 240",Boca Raton,FL,33431,true,HIGH (verified) — The Milestone Group; Jeffrey L. Goldberg (Co-Managing Partner)
UNITED ELDER CARE SERVICES,"4700 NW 2nd Avenue, Suite 400",Boca Raton,FL,33431,true,Florida corporate records and the current Boca Home Care Services profile identify Lisa Kaufman-Bensmihen and United Elder Care Services at this address; verified 2026-08-04.
INTERSECT ENERGY,"601 Office Center Drive, Suite 200",Fort Washington,PA,19034,true,HIGH (verified) — Intersect Energy / Intersect Advisers (energy advisory); Marc Felgoise (Principal)
MAGIC LANTERN VENTURES,,Davie,FL,33324,true,MEDIUM (city-only) — VC; Randy Parker (Managing Partner)
LINDEN,,Chicago,IL,60601,true,MEDIUM (city-only) — Linden (investor entity); Tony Davis
MAVEN,,LOS ALTOS HILLS,CA,94022,true,2026-05 manual cleanup session
GOLDBERG REALTY ASSOC.,,Livingston,NJ,07039,true,MEDIUM (city-only) — Goldberg Realty Associates; Michael Goldberg
PROVIDENCE REAL ESTATE,,Wayzata,MN,55391,true,MEDIUM (city-only) — Providence RE; Phillip Jaffe (CEO)
BLUESTAR ALLIANCE,"1350 Broadway, Suite 503",New York,NY,10018,true,HIGH (verified) — Bluestar Alliance (brand mgmt); Joseph Gabbay (CEO); Midtown NYC HQ
BOSTON LAND COMPANY,"255 Bear Hill Road, Suite 101",Waltham,MA,02451,true,Official Boston Land Company site identifies co-founder and president Robert Kargman at this address; verified 2026-08-04.
WHOKNEW VENTURES LLC,,KENTFIELD,CA,94904,true,2026-05 manual cleanup session
RECOGNIZE LP,"540 Madison Avenue, 2nd Floor",New York,NY,10022,true,Official Recognize announcement lists this New York office; verified 2026-08-04.
TOTAL INSURANCE SERVICES,,North Palm Beach,FL,33408,true,MEDIUM (city-only) — insurance services; Eric Jaffee (Executive)
ARK HOMES FOR RENT,"19950 W Country Club Drive, 9th Floor",Aventura,FL,33180,true,HIGH (verified) — Ark Homes for Rent (SFR REIT); Jordan Kavana (Chairman); Aventura FL HQ
DSR MOTOR GROUP,133 Front St,Marblehead,MA,01945,true,Official corporate record lists this principal home office for Rosenberg Auto Holdings dba DSR Motor Group; manually verified 2026-08-03.
LOGS GROUP,"2424 N FEDERAL HWY, SUITE 360",BOCA RATON,FL,33431,true,2026-05 manual cleanup session
BECKER LAW GROUP,"388 Cordova Street, Suite 100C",Pasadena,CA,91101,true,Official Becker Law Group location and about pages identify founder Todd Becker and this primary office; verified 2026-08-04.
RIVERGATE/EDEN,"2600 Douglas Road, Suite 1005",Coral Gables,FL,33134,true,HIGH (verified) — Rivergate / Eden (RE); Jay Massirman; Coral Gables FL (donor in Coconut Grove)
PANOR CORP,125 Cabot Court,Hauppauge,NY,11788,true,Official Maxxima contact page identifies Maxxima as a division of Panor Corporation and lists this address; verified 2026-08-04.
DOUGLAS LEGUM DEVELOPMENT,"6901 Rockledge Drive, Suite 650",Bethesda,MD,20817,true,HIGH (verified) — Douglas Legum Development (RE); Douglas Legum (Developer)
BRIDGEINVEST,"2601 South Bayshore Drive, Suite 1400",Miami,FL,33133,true,Official BridgeInvest about and team pages identify founder Alex Horn and the current office address; verified 2026-08-04.
TEXAS IRON AND METAL,865 Lockwood Drive,Houston,TX,77020,true,Official Texas Iron and Metal contact page and stock guide identify this address and president Max Reichenthal; verified 2026-08-04.
AGAMI LOANS,930 Carmel Ct,Los Altos,CA,94022,true,Same business as AGI Financial; retained only so the current cleaned file resolves before the next clean canonicalizes the name; manually verified 2026-08-03.
JERICHO CAPITAL,510 Madison Avenue,New York,NY,10022,true,Hong Kong exchange disclosure identifies Joshua Resnick's Jericho Capital entities at this address; verified 2026-08-04.
"PEMBROKE CONSULTING, INC.",,Philadelphia,PA,19103,true,MEDIUM (city-only) — Pembroke Consulting; Adam Fein (Consultant); pharmaceutical industry analytics
AFRICAGEMS,,Mill Valley,CA,94941,true,MEDIUM (city-only) — AfricaGems; Charles Sarosi (Executive)
BLEZNAK ASSOCIATES,"255 E Brown Street, Suite 200",Birmingham,MI,48009,true,HIGH (verified) — Bleznak Associates; Mitchell Bleznak (President/Owner)
"LAVITSKY COMPUTER LABORATORIES, INC.",,BRIDGEWATER,NJ,08807,true,2026-05 manual cleanup session
NMS CAPITAL,"1 Battery Park Plaza, Suite 430",New York,NY,10004,true,HIGH (verified) — NMS Capital; Daniel Schwartz (Partner); private equity; NYC office
MEUNDIES,9534 Jefferson Boulevard,Culver City,CA,90232,true,Current mailing address in the official MeUndies privacy policy: https://www.meundies.com/privacy; reviewed 2026-08-06.
STADLEN FAMILY HOLDINGS,"3101 S Ocean Drive, Suite 3808",Hollywood,FL,33019,true,HIGH (verified) — Stadlen Family Holdings; Joseph H. Stadlen (RE)
CREATIVE CONSUMER CONCEPTS,4518 W 107th St,Overland Park,KS,66207,true,Published company address and Robert Cutler is the named principal; manually verified 2026-08-03.
DIAMOND CHEMICAL,Union Avenue and Dubois Street,East Rutherford,NJ,07073,true,New Jersey Manufacturing Extension Program company profile identifies Harold Diamond and the East Rutherford headquarters; verified 2026-08-04.
"510 VENTURES, LLC",,Owings Mills,MD,21117,true,MEDIUM (city-only) — 510 Ventures LLC; Mark Neumann (Managing Member); 510 Garrison Forest Rd area
ALMAR SALES CO.,,Brooklyn,NY,11218,true,MEDIUM (city-only) — Almar Sales Company; Jack Ashkenazie (VP); Brooklyn NY
CARMEL MANAGEMENT,,San Francisco,CA,94111,true,MEDIUM (city-only) — Carmel Partners (major SF Bay Area apt investor); Ron Zeff (CEO/Founder)
"GOOD DOMUS, ET AL",,PLYMOUTH,MN,55447,true,2026-05 manual cleanup session
"SSS EDUCATION, INC.",,Blauvelt,NY,10913,true,MEDIUM (city-only) — SSS Education Inc.; Greg Karzhevsky (Owner)
STRUCTURAL CAPITAL,"3555 Alameda de las Pulgas, Suite 201",Menlo Park,CA,94025,true,Official Structural Capital website lists this office; verified 2026-08-04.
MJW INVESTMENTS,"12100 Wilshire Boulevard, Suite 1900",Los Angeles,CA,90025,true,Official MJW Investments contact page identifies this as corporate headquarters; its company page identifies founder Mark Weinstein; verified 2026-08-04.
AUKE BAY COMPANY,,Seattle,WA,98101,true,MEDIUM (city-only) — Auke Bay Company; Miles Schlosberg (GM)
KAPITAL ENTERTAINMENT,,Los Angeles,CA,90067,true,MEDIUM (city-only) — Kapital Entertainment (TV/film production); Aaron Kaplan (Executive Producer)
PIERPOINT,"45 Rockefeller Plaza, 19th Floor",New York,NY,10111,true,Official Pierpoint Capital contact and team pages identify Richard Krupp and this office; verified 2026-08-04.
TSO,,Millboro,VA,24460,true,MEDIUM (city-only) — TSO; Jonathan Silverman (President); rural VA
"WEB VALUE, INC",,Beverly Hills,CA,90212,true,MEDIUM (city-only) — Web Value Inc.; Daniel Yomtobian (CEO); LA area
HAWK HILL MANAGEMENT COMPANY LLC,,Boston,MA,02110,true,MEDIUM (city-only) — Hawk Hill Management Co. LLC; David Schor (Investor)
EMPIRE DAWN LLC,,Phoenix,AZ,85016,true,MEDIUM (city-only) — Empire Dawn LLC; Jonathan Levine (President)
CAVES VALLEY PARTNERS,"1 Olympic Place, Suite 1210",Towson,MD,21204,true,Official Caves Valley Partners site identifies partner Steven Sibel and the headquarters address; verified 2026-08-04.
RECOM,,Spokane,WA,99201,true,MEDIUM (city-only) — Recom; Murray Huppin (Division President)
MB DAVIS GROUP,,Austin,TX,78701,true,MEDIUM (city-only) — MB Davis Group; Mitch Davis (Insurance Consultant)
MARON AND SANDLER,,Santa Monica,CA,90401,true,MEDIUM (city-only) — Maron and Sandler (law firm); Richard Sandler (Attorney)
RIVERSTONE COMMUNITIES,,Franklin,MI,48025,true,MEDIUM (city-only) — Riverstone Communities (manufactured housing community owner); Scott Segal (RE)
"HEALTHCARE TRANSFORMATION, INC.",,Skokie,IL,60076,true,MEDIUM (city-only) — Healthcare Transformation Inc.; Jacob Kupietzky (Executive)
NEUROCK,,Woodmere,NY,11598,true,MEDIUM (city-only) — Neurock; Eli Neuberg (RE); Long Island Five Towns area
PAGE FOUR MEDIA,,Sunapee,NH,03782,true,MEDIUM (city-only) — Page Four Media; Jamie Silverstein (Media)
BAMKO,"11620 WILSHIRE BLVD, SUITE 610",LOS ANGELES,CA,90025,true,2026-05 manual cleanup session
JW LOPES LLC,128 CARTER STREET,CHELSEA,MA,02150,true,2026-05 manual cleanup session
DONFELD & ROLLMAN,"1901 AVENUE OF THE STARS, SUITE 500",LOS ANGELES,CA,90067,true,2026-05 manual cleanup session
JAFFE FAMILY LAW GROUP,"1901 AVENUE OF THE STARS, SUITE 680",LOS ANGELES,CA,90067,true,2026-05 manual cleanup session
OREN DRELICH,"101 WEST BROADWAY, SUITE 1280",SAN DIEGO,CA,92101,true,2026-05 manual cleanup session
NTR,295 OXFORD STREET,SAN FRANCISCO,CA,94134,true,2026-05 manual cleanup session
CONG. YETEV LEV,152 RODNEY STREET,BROOKLYN,NY,11211,true,2026-05 manual cleanup session
GRT,263 TRESSER BLVD,STAMFORD,CT,06901,true,2026-05 manual cleanup session
INIZIO,,SUMMIT,NJ,07901,true,2026-05 manual cleanup session
RON WOLNER MD,2 TOWER PLACE,ALBANY,NY,12203,true,2026-05 manual cleanup session
OSMIUM LLC,,NORTH MIAMI BEACH,FL,33162,true,2026-05 manual cleanup session
BAKER TILLY,"205 NORTH MICHIGAN AVENUE, 28TH FLOOR",CHICAGO,IL,60601,true,2026-05 manual cleanup session
ARCH INSURANCE,"FOUR EMBARCADERO CENTER, SUITE 3680",SAN FRANCISCO,CA,94111,true,2026-05 manual cleanup session
LETTUCE ENTERTAIN YOU ENTERPRISES,"5419 N SHERIDAN ROAD, SUITE 116",CHICAGO,IL,60640,true,2026-05 manual cleanup session
STIFEL FINANCIAL,"501 NORTH BROADWAY, ONE FINANCIAL PLAZA",ST. LOUIS,MO,63102,true,2026-05 manual cleanup session
"ML FINANCIAL, INC","1201 PACIFIC AVE, SUITE 1800",TACOMA,WA,98402,true,2026-05 manual cleanup session
FELKER TOCZEK,404 SPRUCE RIDGE LANE,SNOWMASS VILLAGE,CO,81615,true,2026-05 manual cleanup session
"METROPOLITAN MARKETING, INC",,CALABASAS,CA,91302,true,2026-05 manual cleanup session
ACCESSO PARTNERS,,MIAMI,FL,33131,true,2026-05 manual cleanup session
SCHECK GROUP,,MIAMI,FL,33131,true,2026-05 manual cleanup session
INDOOR SWAP,,HIDDEN HILLS,CA,91302,true,2026-05 manual cleanup session
SAGE RHINO CAPITAL,,SAN MATEO,CA,94401,true,2026-05 manual cleanup session
FOLLENDER LAW OFFICES,,RIDGEWOOD,NJ,07450,true,2026-05 manual cleanup session
KALIS INC,,SANTA MONICA,CA,90401,true,2026-05 manual cleanup session
CANON EQUITY PARTNERS,,LOS ANGELES,CA,90001,true,2026-05 manual cleanup session
CONTINENTAL COMPUTERS,,LOS ANGELES,CA,90001,true,2026-05 manual cleanup session
EDINGER PEDIATRICS,,HUNTINGTON BEACH,CA,92648,true,2026-05 manual cleanup session
S101 MANAGEMENT,,SUNNYVALE,CA,94086,true,2026-05 manual cleanup session
SLJ CAPITAL PARTNERS LLC,,WESTPORT,CT,06880,true,2026-05 manual cleanup session
NEXUS PARTNERS LLC,,AVENTURA,FL,33180,true,2026-05 manual cleanup session
"IPEX, INC.",,CHICAGO,IL,60601,true,2026-05 manual cleanup session
GULF COAST BAG,4422 W 12TH ST,HOUSTON,TX,77055,true,2026-05 manual cleanup session
LS PROPERTY GROUP,,WESTPORT,CT,06880,true,2026-05 manual cleanup session
DANIEL J COSGROVE MD,,LOS ANGELES,CA,90001,true,2026-05 manual cleanup session
COOPER MANAGEMENT,,HIGHLAND PARK,IL,60035,true,2026-05 manual cleanup session
"AER SERVICES, INC.",,SUNNY ISLES BEACH,FL,33160,true,2026-05 manual cleanup session
GALLATIN PROPERTY HOLDINGS,,LOS ANGELES,CA,90001,true,2026-05 manual cleanup session
"AMERICAN FIRE RESTORATION, LLC",,BOCA RATON,FL,33431,true,2026-05 manual cleanup session
COLTER LEWIS,,BRONX,NY,10451,true,2026-05 manual cleanup session
"LINWOOD REALTY, INC.",,BLOOMFIELD HILLS,MI,48304,true,2026-05 manual cleanup session
KMB INNOVATIONS,,ST. LOUIS,MO,63101,true,2026-05 manual cleanup session
LEON KOROL CO,,BUFFALO GROVE,IL,60089,true,2026-05 manual cleanup session
"EMERALD FUND, INC.",,SAN FRANCISCO,CA,94102,true,2026-05 manual cleanup session
"THE ZIZO GROUP, INC",,LOS ANGELES,CA,90001,true,2026-05 manual cleanup session
ANDIGO CAPITAL,,NEW YORK,NY,10001,true,2026-05 manual cleanup session
RUSH PROPERTIES MANAGEMENT,,NEW YORK,NY,10001,true,2026-05 manual cleanup session
DANIEL N HERTZBERG PA,,MIAMI BEACH,FL,33139,true,2026-05 manual cleanup session
LAWSON ATTORNEYS PLLC,,DALLAS,TX,75201,true,2026-05 manual cleanup session
HOPALONG ANIMAL RESCUE,,OAKLAND,CA,94612,true,2026-05 manual cleanup session
HIGHVISTA STRATEGIES,"200 Clarendon Street, 50th Floor",Boston,MA,02116,true,Official HighVista contact page and current SEC filing; Daniel Jick is founder and CEO; verified 2026-08-04.
CVENTURES,,LOS ANGELES,CA,90001,true,2026-05 manual cleanup session
NEWMARK GROUP,,CORAL GABLES,FL,33134,true,2026-05 manual cleanup session
GPSN,,LOS ANGELES,CA,90001,true,2026-05 manual cleanup session
ADVANCED EYE MDS,,LAWRENCEVILLE,NJ,08648,true,2026-05 manual cleanup session
ENTRADA PARTNERS,,LOS ANGELES,CA,90001,true,2026-05 manual cleanup session
ROBHANA GROUP INC,,LOS ANGELES,CA,90001,true,2026-05 manual cleanup session
"PREMIER REALTY MICHIGAN, LLC",,TROY,MI,48084,true,2026-05 manual cleanup session
SELECTIVE REAL ESTATE INVESTMENTS,,ENCINO,CA,91316,true,2026-05 manual cleanup session
BENIKO INC,,BEVERLY HILLS,CA,90210,true,2026-05 manual cleanup session
RVP,,NORTHBROOK,IL,60062,true,2026-05 manual cleanup session
SPANDREL DEVELOPMENT PARTNERS,,NEW YORK,NY,10001,true,2026-05 manual cleanup session
EISENBERG GROUP,,CORAL SPRINGS,FL,33065,true,2026-05 manual cleanup session
JFCS,,SAN FRANCISCO,CA,94102,true,2026-05 manual cleanup session
"CTR MANAGEMENT, INC.",,BALTIMORE,MD,21201,true,2026-05 manual cleanup session
"WOLF, RIFKIN, SHAPIRO, SCHULMAN & RABK","11400 WEST OLYMPIC BOULEVARD, NINTH FLOOR",LOS ANGELES,CA,90064,true,2026-05 manual cleanup session
THE KRAFT GROUP,One Patriot Place,Foxborough,MA,02035,true,HQ at Gillette Stadium — verified public record
KRAFT FAMILY PHILANTHROPIES,One Patriot Place,Foxborough,MA,02035,true,Charitable arm — same HQ as The Kraft Group
CENTURY 21 STORES,22 Cortlandt Street,New York,NY,10007,true,"Flagship store, Lower Manhattan — verified public record"
ASG EQUITIES,"26 Cortlandt Street, 5th Floor",New York,NY,10007,true,Gindi family real-estate arm — verified public record
BUSHWICK POTATO,"130 Crossways Park Drive, Suite 107",Woodbury,NY,11797,true,"Bushwick Commission Co — potato grower/shipper, verified research"
"TRYAX REALTY MANAGEMENT, INC.",1476 Walton Avenue,Bronx,NY,10452,true,Real-estate management — verified research
LANGSAM PROPERTY SERVICES,1601 Bronxdale Avenue,Bronx,NY,10462,true,Langsam Property Services Corp — verified research
AFFILIATE.COM,,New York,NY,10005,true,"Affiliate marketing platform (founded 2022) — HQ Manhattan, verified"
"WOLF, RIFKIN, SHAPIRO, SCHULMAN & RABKIN, LLP","11400 West Olympic Boulevard, Ninth Floor",Los Angeles,CA,90064,true,Wolf Rifkin Shapiro Schulman & Rabkin LLP (WRSS&R) — LA HQ; also Las Vegas office
"METROPOLITAN MORTGAGE AND REALTY, INC.","443 Northfield Ave, Suite 306",West Orange,NJ,07052,true,real estate financing & mortgage brokerage; multifamily focus; Samuel Pepper
BOSTON UNIVERSITY QUESTROM SCHOOL OF BUSINESS,595 Commonwealth Avenue,Boston,MA,02215,true,Rafik B. Hariri Building; BU business school (BU Questrom)
JEWISH COMMUNITY FOUNDATION OF GREATER METROWEST NJ,901 Route 10,Whippany,NJ,07981,true,JCFNJ / JCF of Greater MetroWest NJ — endowment/legacy arm of Jewish Federation of Greater MetroWest NJ; ~$840M AUM
"LAW OFFICES OF KEITH J. COHEN, ESQUIRE, P.C.","585 Skippack Pike, Suite 200",Blue Bell,PA,19422,true,solo personal-injury law practice; Philadelphia suburbs
"CORNERSTONE PSYCHIATRY ASSOCIATES, P.A.","14340 Torrey Chase Blvd, Suite 160",Houston,TX,77014,true,child & adolescent psychiatry practice; Dr. Bernard Rosenberg MD; may be closed but historical FEC address
"ASSOCIATES IN GASTROENTEROLOGY OF UNION COUNTY, P.A.",210 North Avenue East,Cranford,NJ,07016,true,gastroenterology group practice (AGUC); Dr. Michael L. Margolin & others
"NEVERS, PALAZZO, PACKARD, WILDERMUTH & WYNNER, PC","31248 Oak Crest Drive, Suite 200",Westlake Village,CA,91361,true,law firm (NPW Law / Nevers Palazzo); ~20 attorneys; corporate/M&A/real estate/litigation
3 ARTS ENTERTAINMENT,"9460 Wilshire Blvd, Seventh Floor",Beverly Hills,CA,90212,true,"talent management + production (Hollywood); co-founded 1991 by Michael Rotenberg, Erwin Stoff, Howard Klein; bought by Lionsgate 2018"
SLAC NATIONAL ACCELERATOR LABORATORY,2575 Sand Hill Road,Menlo Park,CA,94025,true,US DOE national lab operated by Stanford University; particle physics & accelerator (formerly Stanford Linear Accelerator Center until 2009)
MEMORIAL SLOAN KETTERING CANCER CENTER,1275 York Avenue,New York,NY,10065,true,MSK / MSKCC — NCI-designated Comprehensive Cancer Center; Manhattan between 67th & 68th
"WEINBERG, WHEELER, HUDGINS, GUNN & DIAL, LLC","3344 Peachtree Road NE, Suite 2400",Atlanta,GA,30326,true,"law firm (WWHGD); founded 1999; trial litigation, construction law, insurance coverage, healthcare; Chambers California Spotlight ranked"
JEWISH FEDERATION OF GREATER CHARLOTTE,"5007 Providence Road, Suite 101",Charlotte,NC,28226,true,Jewish Federation central charity for Charlotte NC area; legal name United Jewish Charities of Greater Charlotte Inc.; donor-advised funds + annual campaigns
NORTH DALLAS PLASTIC SURGERY ASSOCIATES,"8305 Walnut Hill Lane, Suite 210",Dallas,TX,75231,true,cosmetic plastic surgery practice
NEW YORK SOLAR ENERGY INDUSTRIES ASSOCIATION,P.O. Box 1523,Long Island City,NY,11101,true,NYSEIA — NY state solar industry trade association
ROCHESTER PERIODONTAL & DENTAL IMPLANTS,"2300 Buffalo Road, Building 200",Rochester,NY,14624,true,periodontal & dental implant practice (Rochester NY area)
REGIONAL CHAMBER OF COMMERCE OF SAN GABRIEL VALLEY,"248 East Foothill Boulevard, Suite 100",Monrovia,CA,91016,true,San Gabriel Valley regional chamber of commerce
ROBERT WOOD JOHNSON PHYSICIAN ENTERPRISE,One Robert Wood Johnson Place,New Brunswick,NJ,08901,true,RWJBarnabas Health physician group (RWJ Physician Enterprise)
PROGRESSIVE CASUALTY INSURANCE COMPANY,6300 Wilson Mills Road,Mayfield Village,OH,44143,true,Progressive Corp's main casualty insurance subsidiary
OFFICE OF THE ATTORNEY GENERAL OF VIRGINIA,202 North 9th Street,Richmond,VA,23219,true,Virginia Attorney General's office (state government)
PREMIER MEDICAL GROUP OF THE HUDSON VALLEY,1 Columbia Street,Poughkeepsie,NY,12601,true,multi-specialty physician group serving Hudson Valley NY
NORTHPORT VETERANS AFFAIRS MEDICAL CENTER,79 Middleville Road,Northport,NY,11768,true,VA Medical Center on Long Island
NATIONAL ASSOCIATION OF THERAPEUTIC SCHOOLS AND PROGRAMS,"16701 Melford Boulevard, Suite 400",Bowie,MD,20715,true,NATSAP — therapeutic schools trade association
"THE HOOVER INSTITUTION, STANFORD UNIVERSITY",434 Galvez Mall,Stanford,CA,94305,true,public policy think tank at Stanford University
THE LOUIS D. BRANDEIS CENTER FOR HUMAN RIGHTS UNDER LAW,7609 16th Street NW,Washington,DC,20012,true,LDB — civil rights nonprofit; combats antisemitism (DC HQ — also has NY satellite office)
UNIVERSITY OF COLORADO SCHOOL OF MEDICINE,13001 East 17th Place,Aurora,CO,80045,true,CU Anschutz Medical Campus
THE OHIO STATE UNIVERSITY MEDICAL CENTER,410 West 10th Avenue,Columbus,OH,43210,true,Wexner Medical Center at OSU
UNIVERSITY OF NORTH CAROLINA SCHOOL OF MEDICINE,321 South Columbia Street,Chapel Hill,NC,27599,true,UNC School of Medicine
UNIVERSITY OF TEXAS SOUTHWESTERN MEDICAL CENTER,5323 Harry Hines Boulevard,Dallas,TX,75390,true,UT Southwestern — academic medical center
WESTCHESTER INSTITUTE FOR HUMAN DEVELOPMENT,"Cedarwood Hall, New York Medical College",Valhalla,NY,10595,true,WIHD — affiliated with NY Medical College
KELLY SCIENCE & CLINICAL,1515 N Courthouse Road,Arlington,VA,22201,true,"Kelly Services scientific & clinical staffing division (parent: Kelly Services Inc., Troy MI)"
JEWISH FEDERATION OF NORTHERN NEW JERSEY,111 Kinderkamack Road,River Edge,NJ,07661,true,Jewish federation serving Bergen / North Hudson NJ
"JOELE FRANK, WILKINSON BRIMMER KATCHER","1425 Broadway, 4th Floor",New York,NY,10018,true,"strategic communications / PR firm (M&A, crisis comms)"
EARLY LEARNING COALITION OF MIAMI-DADE AND MONROE,5555 Biscayne Boulevard,Miami,FL,33137,true,early childhood education coalition (Miami-Dade + Monroe counties)
"BURKE, WARREN, MACKAY & SERRITELLA, P.C.","311 South Wacker Drive, Suite 3000",Chicago,IL,60606,true,full-service Chicago law firm
BUILDING OWNERS AND MANAGERS ASSOCIATION,1901 L Street NW,Washington,DC,20036,true,BOMA — commercial real estate trade association
CHARLES & LYNN SCHUSTERMAN FAMILY PHILANTHROPIES,"100 North Broadway, Suite 1100",Oklahoma City,OK,73102,true,Schusterman family foundation (formerly Schusterman Family Foundation)
"FRAGOMEN, DEL REY, BERNSEN & LOEWY LLP",1 Battery Park Plaza,New York,NY,10004,true,global immigration law firm (Fragomen)
JEWISH FEDERATION OF GREATER NEW ORLEANS,3747 West Esplanade Avenue,Metairie,LA,70002,true,Jewish federation serving New Orleans metro
JEWISH FEDERATION OF GREATER PITTSBURGH,2000 Tower Oaks Boulevard,Pittsburgh,PA,15241,true,Jewish federation serving Pittsburgh metro
"DAVID DANIEL, M.D., P.C.",1133 Sage Street,Far Rockaway,NY,11691,true,Dr. David R. Daniel — internal medicine solo practice (verified via NPI + FEC); donor wrote thank-you note in employer field on one filing
NATIONAL FEDERATION OF REPUBLICAN WOMEN,1247 Pennsylvania Avenue SE,Washington,DC,20003,true,NFRW — Republican Party women's federation; political organization
THE ASSOCIATED: JEWISH FEDERATION OF BALTIMORE,101 West Mount Royal Avenue,Baltimore,MD,21201,true,Jewish federation of Baltimore (known as 'The Associated')
U.S. SECURITIES AND EXCHANGE COMMISSION,100 F Street NE,Washington,DC,20549,true,SEC — federal securities regulator
UCSF BENIOFF CHILDREN'S HOSPITAL,550 16th Street,San Francisco,CA,94158,true,UCSF Benioff Children's Hospital + Physicians group (Mission Bay campus)
UNIVERSITY OF WASHINGTON MEDICAL CENTER,1959 NE Pacific Street,Seattle,WA,98195,true,UW Medical Center — academic teaching hospital
THE AGATSTON CENTER FOR PREVENTIVE MEDICINE,1691 Michigan Avenue,Miami Beach,FL,33139,true,founded by Dr. Arthur Agatston (creator of South Beach Diet)
PIONEER NATURAL RESOURCES COMPANY,5205 N O'Connor Boulevard,Irving,TX,75039,true,independent oil & gas exploration company (Permian Basin); acquired by ExxonMobil in 2024
"HANGLEY ARONCHICK SEGAL PUDLIN & SCHILLER, P.C.","One Logan Square, 27th Floor",Philadelphia,PA,19103,true,"Philadelphia law firm; complex commercial litigation, public finance, regulatory"
"BENESCH, FRIEDLANDER, COPLAN & ARONOFF LLP","200 Public Square, Suite 2300",Cleveland,OH,44114,true,"full-service business law firm (HQ Cleveland; offices Columbus, Chicago, NYC, SF, Wilmington)"
MA'AYANOT YESHIVA HIGH SCHOOL FOR GIRLS,1500 Palisade Avenue,Teaneck,NJ,07666,true,modern Orthodox Jewish girls' high school
HONEYWELL INTERNATIONAL INC,855 South Mint Street,Charlotte,NC,28202,true,"Honeywell — Fortune 100 industrial conglomerate (aerospace, building tech, performance materials)"
INDUSTRIAL METALS RECYCLING CORPORATION,955 Brandt Drive,Elgin,IL,60120,true,IMET Corporation — scrap metal recycling (overrides prior AI hallucination of Fort Lauderdale FL)
INITIATIVE FOR A COMPETITIVE INNER CITY,1 Beacon Street,Boston,MA,02108,true,ICIC — nonprofit research/economic development for inner-city communities
PRINCETON ORAL & MAXILLOFACIAL SURGERY,"166 Bunn Drive, Suite 103",Princeton,NJ,08540,true,oral & maxillofacial surgery practice
ADVOCARE GROVE FAMILY MEDICAL ASSOCIATES,"132 Grove Street, Suite A",Haddonfield,NJ,08033,true,Advocare-affiliated family medicine practice
"BERMAN, BERMAN, BERMAN, SCHNEIDER & LOWARY LLP","11900 West Olympic Boulevard, 6th Floor",Los Angeles,CA,90064,true,LA-based business and entertainment law firm
"EISEMAN LEVINE LEHRHAUPT & KAKOYIANNIS, P.C.",805 Third Avenue,New York,NY,10022,true,NYC business litigation law firm
INTERFAITH MINISTRIES FOR GREATER HOUSTON,3303 Main Street,Houston,TX,77002,true,"Houston interfaith service organization (refugee services, Meals on Wheels)"
"CARDIOVASCULAR CONSULTANTS OF LONG ISLAND, P.C.","3003 New Hyde Park Road, Suite 411",New Hyde Park,NY,11042,true,cardiology group practice (Long Island NY)
"DELMAR GARDENS MANAGEMENT SERVICES, INC.",5300 Butler Hill Road,Sappington,MO,63128,true,senior living / nursing home operator (Delmar Gardens Family — St. Louis area)
MOUNT SINAI MEDICAL CENTER (MIAMI BEACH),4300 Alton Road,Miami Beach,FL,33140,true,Mount Sinai Medical Center — Miami Beach (independent of NYC Mount Sinai)
LAWRENCE LIVERMORE NATIONAL LABORATORY,7000 East Avenue,Livermore,CA,94550,true,US DOE national lab operated by Lawrence Livermore National Security LLC
JOHNS HOPKINS UNIVERSITY APPLIED PHYSICS LABORATORY,11100 Johns Hopkins Road,Laurel,MD,20723,true,JHU APL — research lab focused on national security & space
PASCACK VALLEY REGIONAL HIGH SCHOOL BOARD,225 West Grand Avenue,Montvale,NJ,07645,true,Pascack Valley Regional HS District (Bergen County NJ)
WOMEN & INFANTS HOSPITAL OF RHODE ISLAND,101 Dudley Street,Providence,RI,02905,true,Care New England Health System — women's and newborn care
JEWISH FEDERATION OF GREATER PHILADELPHIA,2100 Arch Street,Philadelphia,PA,19103,true,Jewish federation serving Philadelphia metro
U.S. DEPARTMENT OF HEALTH AND HUMAN SERVICES,200 Independence Avenue SW,Washington,DC,20201,true,"HHS — federal cabinet department (Medicare/Medicaid, FDA, CDC, NIH)"
"REAL ESTATE SERVICE SOLUTIONS COMPANY, LLC","26711 Northwestern Highway, Suite 175",Southfield,MI,48033,true,RESSCO — multifamily / workforce housing investment & property management; founded 2003; owner Shawn Stafford
BILZIN SUMBERG BAENA PRICE & AXELROD LLP,"1450 Brickell Avenue, 23rd Floor",Miami,FL,33131,true,"Miami-based commercial law firm (Real Estate, Corporate, Litigation, Land Use, Hospitality, International Business); Florida powerhouse firm"
HERZL-NER TAMID CONSERVATIVE CONGREGATION,3700 West Touhy Avenue,Skokie,IL,60076,true,Conservative Jewish synagogue (Chicago North Shore)
"CALIFORNIA STATE UNIVERSITY, LONG BEACH",1250 Bellflower Boulevard,Long Beach,CA,90840,true,CSULB — public university (Cal State system)
MILLER ROSNICK D'AMICO AUGUST & BUTLER,150 North Avenue,Bridgeport,CT,06604,true,Connecticut law firm (Bridgeport CT)
DEPARTMENT OF THE ARMY - WHITE SANDS MISSILE RANGE,White Sands Missile Range,White Sands Missile Range,NM,88002,true,US Army WSMR — military testing facility (Otero/Doña Ana County NM)
BAY CHILDREN'S MEDICAL GROUP (BCMG),"6425 Christie Avenue, Suite 220",Emeryville,CA,94608,true,BCMG — legal entity for UCSF Benioff Children's Physicians (faculty practice plan)
"RUSSELL A. BIKOFF, ATTORNEY AND COUNSELOR AT LAW",PO Box 615,McLean,VA,22101,true,solo practice attorney (DC metro area)
MORGAN STANLEY PRIVATE WEALTH MANAGEMENT,1585 Broadway,New York,NY,10036,true,Morgan Stanley HQ — PWM division for ultra-high-net-worth clients
FEDERAL HOME LOAN BANK OF SAN FRANCISCO,600 California Street,San Francisco,CA,94108,true,FHLB San Francisco — government-sponsored enterprise providing housing finance
MICHIGAN INSTITUTE FOR NEUROLOGICAL DISORDERS,"28595 Orchard Lake Road, Suite 200",Farmington Hills,MI,48334,true,MIND — neurology group practice (Detroit metro)
"SCHOCHOR, STATON, GOLDBERG AND CARDEA, P.A.",1211 St Paul Street,Baltimore,MD,21202,true,Maryland medical malpractice law firm
BRANDYWINE CONSTRUCTION AND MANAGEMENT,23 N 3rd Street,Philadelphia,PA,19106,true,real estate development & property management (mid-Atlantic)
CENTER FOR JEWISH PHILANTHROPY OF GREATER PHOENIX,"12701 North Scottsdale Road, Suite 201",Scottsdale,AZ,85254,true,Jewish federation / philanthropic foundation serving Phoenix metro
"EYE PHYSICIANS OF ORANGE COUNTY, P.C.","1 Hatfield Lane, Suite 3",Goshen,NY,10924,true,ophthalmology group practice (Orange County NY — not California)
ALPHA EPSILON PI FRATERNITY FOUNDATION,8815 West Pico Boulevard,Los Angeles,CA,90035,true,AEPi Foundation — Jewish college fraternity's nonprofit arm
ATRIUM HEALTH CAROLINAS MEDICAL CENTER,1000 Blythe Boulevard,Charlotte,NC,28203,true,Atrium Health flagship hospital (formerly Carolinas Medical Center)
FLORIDA-ISRAEL BUSINESS ACCELERATOR (FIBA),522 North Howard Avenue,Tampa,FL,33606,true,nonprofit connecting Israeli startups to Florida business community
"PAUL, WEISS, RIFKIND, WHARTON & GARRISON LLP",1285 Avenue of the Americas,New York,NY,10019,true,"Paul Weiss — major Wall Street law firm (M&A, litigation, white-collar)"
COLUMBIA UNIVERSITY IRVING MEDICAL CENTER,630 West 168th Street,New York,NY,10032,true,Columbia University's medical center campus (Washington Heights NYC); home of Vagelos College of Physicians & Surgeons
C3 RISK & INSURANCE SERVICES,1201 Walnut Ridge Drive,Southlake,TX,76092,true,HQ — fixed Soutlake->Southlake typo (76092 = Southlake TX)
RECONSTRUCTIONIST RABBINICAL COLLEGE,212 Bloomfield Ave,Bloomfield,NJ,07003,true,city was P.O. Box 156; Bloomfield matches zip 07003
RBC,200 Vesey Street,New York,NY,10281,true,RBC Capital Markets US HQ (Brookfield Place); web-verified
BANK OF MONTREAL,320 S Canal Street,Chicago,IL,60606,true,BMO US HQ (BMO Tower); web-verified
CIBC,120 S LaSalle Street,Chicago,IL,60603,true,CIBC Bank USA HQ; web-verified
SUN LIFE FINANCIAL,96 Worcester Street,Wellesley Hills,MA,02481,true,Sun Life US HQ (One Sun Life Executive Park); web-verified
APOTEX CORP,2400 N Commerce Parkway,Weston,FL,33326,true,Apotex Corp US HQ; web-verified
JERA,1000 Main Street,Houston,TX,77002,true,JERA Americas HQ; web-verified
JAMESON,250 Park Avenue,New York,NY,10177,true,Pernod Ricard USA (Jameson parent); web-verified
DAVIES WARD,900 Third Avenue,New York,NY,10022,true,Davies Ward NY (US) office; web-verified
STONEHAGE FLEMING,405 Lexington Avenue,New York,NY,10174,true,Stonehage Fleming NY office; web-verified
SPINMASTER,30-30 47th Avenue,Long Island City,NY,11101,true,Spin Master US HQ (NYC/LIC); web-verified
BEAL,6000 Legacy Drive,Plano,TX,75024,true,Beal Bank HQ; assumes employer=Beal Bank; web-verified
HAIVISION NETWORK VIDEO,,Chicago,IL,,true,Haivision US office city (Montreal global HQ); city-level only; web-verified office city
TOURO UNIVERSITY,3 Times Square,New York,NY,10036,true,Main campus since 2023 (touro.edu); donors NY — AI had wrongly placed it in Los Angeles
"CASTLEWOOD CAPITAL PARTNERS, LLC","5307 East Mockingbird Lane, Suite 550",Dallas,TX,75206,true,castlewoodcapital.com — Office Tower at Mockingbird Station; donors TX — AI said NYC
VENSURE,1475 S Price Rd,Chandler,AZ,85286,true,Vensure Employer Solutions HQ (dnb.com) — AI said Houston TX
EDWARD C. LEVY CO,9300 Dix Ave,Dearborn,MI,48120,true,Corporate HQ (edwclevy.com contact) — AI said Royal Oak
CONGREGATION SHAAREY TIKVAH,26811 Fairmount Blvd,Beachwood,OH,44122,true,shaareytikvah.org; donor is the rabbi (OH) — AI said Hoboken NJ
VIBRANT CAPITAL PARTNERS,"350 Madison Avenue, 17th Floor",New York,NY,10017,true,vibrantcapitalpartners.com contact page — AI had 950 Third Ave
LINDEN CAPITAL PARTNERS,"110 N Wacker Drive, 55th Floor",Chicago,IL,60606,true,Healthcare PE firm (linden.com); donors IL — AI said NYC
HONIGMAN,"660 Woodward Avenue, Suite 2290",Detroit,MI,48226,true,"Honigman LLP HQ, First National Building (honigman.com) — AI said Southfield"
QUADRANT STRATEGIES,"4201 Connecticut Avenue NW, Suite 405",Washington,DC,20008,true,quadrantstrategies.com; donors DC — AI said Chicago
KLEIN ENTERPRISES,"1777 Reisterstown Road, Suite 165",Baltimore,MD,21208,true,kleinenterprises.com contact — AI said Reston VA
BBX CAPITAL,"201 East Las Olas Boulevard, Suite 1900",Fort Lauderdale,FL,33301,true,bbxcapital.com IR page; donors FL — AI said Voorhees NJ
LSV,"155 N Wacker Drive, Suite 4600",Chicago,IL,60606,true,LSV Asset Management (lsvasset.com); donors IL portfolio managers — AI said Redwood City CA
JEMB REALTY,"150 Broadway, Suite 800",New York,NY,10038,true,"jembrealty.com — Westinghouse Building, owned by JEMB since 1983 — AI said Wilmington DE"
OBERLAND CAPITAL,1700 Broadway,New York,NY,10019,true,Oberland Capital Management (oberlandcapital.com) — AI said Chicago
BECKERS HEALTHCARE AND MCGUIREWOODS,"17 North State Street, Suite 1800",Chicago,IL,60602,true,"Dual employment of Scott Becker (all 57 rows are him, Glencoe IL): founder/publisher of Becker's Healthcare (this HQ) AND partner at McGuireWoods (Chicago office 77 W Wacker; firm HQ Richmond VA). Becker's Healthcare chosen: primary role, first-listed, matches donor geography."
KIMCO REALTY CORPORATION,"500 North Broadway, Suite 201",Jericho,NY,11753,true,HQ Jericho Atrium (kimcorealty.com/offices) — cache had wrong NJ addr with unit leaked into city
DUKE UNIVERSITY,2138 Campus Drive,Durham,NC,27708,true,Main campus address (duke.edu/contact) — cache had no street
HOGAN LOVELLS,555 Thirteenth Street NW,Washington,DC,20004,true,"Principal US office, Columbia Square (hoganlovells.com) — cache had Birmingham UK office"
AIRCALL,"44 W 28th Street, Floor 14",New York,NY,10001,true,US office (aircall.io/contact) — cache had Paris HQ
"MICHIGAN PNEUMATIC TOOL, INC",6850 Middlebelt Rd,Romulus,MI,48174,true,"Verified HQ (michiganpneumatic.com / LeadIQ) — closed-book AI hallucinated '700 E Michigan Ave' (eponymous-street), correctly cleared by filter"
ALTOPASS INC,"405 El Camino Real, Suite 629",Menlo Park,CA,94025,true,"CA Secretary of State registered address (entity C4312592, via OpenCorporates/BizProfile, 2026-07-29); founder/CEO Eugene Fooksman"
AMAZON STUDIOS,9336 Washington Blvd,Culver City,CA,90232,true,"Amazon MGM Studios HQ at Culver Studios (Wikipedia/production directories, 2026-07-29); resolver had assigned parent Amazon Seattle HQ - donor is an LA-based TV writer"
MILLENNIUM MANAGEMENT,399 Park Avenue,New York,NY,10022,true,Official HQ (mlp.com); MILLENIUM misspelling merged here - donor Jeffrey Verschleiser is Millennium Senior Advisor per company leadership page (2026-07-29)
APOLLO ISG,"2121 Rosecrans Ave, Suite 5300",El Segundo,CA,90245,true,"Apollo Insurance Solutions Group LP principal office (LEI/state registrations, 2026-07-29); resolver had parent Apollo NYC HQ - donor James Belardi is AISG founder/CEO, lives in Manhattan Beach"
FOUNDATION FOR DEFENSE OF DEMOCRACIES,1800 M Street NW,Washington,DC,20036,true,"Official HQ (fdd.org, 2026-07-29); FDD acronym expanded - donor Mark Dubowitz is FDD CEO"
ADC THERAPEUTICS,"430 Mountain Avenue, Suite 404",New Providence,NJ,07974,true,"US office of ADC Therapeutics SA (state registrations, 2026-07-29); ADC/ADCT expanded - donor Ron Squarer is board chairman"
JEWISH FAMILY AND CHILDREN'S SERVICES OF SAN FRANCISCO,2150 Post Street,San Francisco,CA,94115,true,"Official HQ (jfcs.org, 2026-07-29); JFCS expanded - donor Anita Friedman is executive director; kept separate from the Santa Ana JEWISH FAMILY & CHILDRENS SERVICES"
RELATIVE VALUE PARTNERS,"1033 Skokie Blvd, Suite 470",Northbrook,IL,60062,true,"Official HQ (LeadIQ/ZoomInfo, 2026-07-29); RVP expanded - donor Maury Fertig is co-founder/CIO"
RAIN MANAGEMENT GROUP,11162 La Grange Ave,Los Angeles,CA,90025,true,"Official HQ (rainmanagementgroup.com, 2026-07-29); RAIN expanded - donor Jonathan Baruch is founding partner"
CSR PRIVACY SOLUTIONS,830 NE Pop Tilton Place,Jensen Beach,FL,34957,true,"Official HQ (csrps.com/Manta, 2026-07-29); CSRPS expanded - donors Ross and Warren Federgreen run the company"
THE MAVEN GROUP,"4905 Del Ray Ave, Suite 200",Bethesda,MD,20814,true,"Official HQ (themavengroup.us, 2026-07-29); split from the MAVEN name collision with MAVEN VENTURES"
MAVEN VENTURES,3340 Hillview Avenue,Palo Alto,CA,94304,true,"Official HQ (Crunchbase/PitchBook, 2026-07-29); donor Jim Scheinman is founding managing partner"
NATIONAL DISTRIBUTING COMPANY,One National Drive SW,Atlanta,GA,30336,true,"Official HQ (company listings, 2026-07-29); GA/NM wine and spirits wholesaler, affiliate of RNDC"
SPRUCE CAPITAL PARTNERS,"535 Madison Avenue, 19th Floor",New York,NY,10022,true,"Official HQ (sprucecap.com, 2026-07-29)"
ATLANTIC AUTOMOTIVE CORP,"1 Olympic Place, Suite 1210",Towson,MD,21204,true,"Official HQ (Dun and Bradstreet, 2026-07-29); trades as MileOne Autogroup"
HCT HEALTHCARE TRANSFORMATION,"875 N Michigan Ave, Suite 3100",Chicago,IL,60611,true,"Corporate office (ZoomInfo/thinkhct.com, 2026-07-29); Chicago base matches the Skokie IL donor"
MG PROPERTIES,"10505 Sorrento Valley Rd, Suite 300",San Diego,CA,92121,true,"Official corporate office (mgproperties.com/contact, 2026-07-29)"
NUT TREE CAPITAL MANAGEMENT LP,"55 Hudson Yards, 22nd Floor",New York,NY,10001,true,"Official address (SEC Form ADV / fund databases, 2026-07-29)"
MEDSTAR MEDICAL GROUP ANESTHESIOLOGY,201 E University Pkwy,Baltimore,MD,21218,true,Practice address on the NPI registry (2026-07-29); the MMGA acronym expanded this session
"BARUCH COLLEGE, CITY UNIVERSITY OF NEW YORK",One Bernard Baruch Way,New York,NY,10010,true,"Official campus address (baruch.cuny.edu, 2026-07-29); repairs the 38-char FEC truncation"
GREAT PUBLIC SCHOOLS NOW,"1150 S Olive Street, Suite 1325",Los Angeles,CA,90015,true,"Official office (GuideStar/IRS 990, 2026-07-29); GPSN acronym expanded this session"
STRATA EQUITY GROUP,"4370 La Jolla Village Dr, Suite 960",San Diego,CA,92122,true,"Official HQ (strataequity.com/contact, 2026-07-29)"
TRANSPORTATION AGENT GRID,"480 Roland Way, Suite 102",Oakland,CA,94621,true,Shares the Progistics Distribution office (2026-07-29); donor Joel Ritch led both - TAG acronym expanded this session
C.T. BAUER COLLEGE OF BUSINESS AT THE UNIVERSITY OF HOUSTON,4750 Calhoun Road,Houston,TX,77204,true,"Official campus address (bauer.uh.edu, 2026-07-29); repairs the 38-char FEC truncation"
MCKINLEY ASSOCIATES INC,"320 N Main St, Suite 200",Ann Arbor,MI,48104,true,"Official HQ (Dun and Bradstreet, 2026-07-29); trades as McKinley Inc"
CARDIOVASCULAR ASSOCIATES OF NORTH JERSEY,"25 Rockwood Place, Suite 440",Englewood,NJ,07631,true,"Branch where the donor actually works: Dr. Samuel Suede is the founding partner and practices at the Englewood office (englewoodhealth.org / cardiovascularnj.com, 2026-07-29); he lives 4 miles away in Demarest. Practice has 7 sites and no declared HQ"
GRT CORPORATION,263 Tresser Blvd,Stamford,CT,06901,true,"Official HQ (grtcorp.com/contact-us, 2026-07-30); GRT acronym expanded - donor Viktor Litvinov is the company president"
CRAIG/IS,"7077 Bonneval Road, Suite 435",Jacksonville,FL,32216,true,"Official office (craig-is.com/contact-us, 2026-07-30); the slash is part of the brand, not a stray character - donor Jeffrey Craig is its president and lives in the same city"
MIDLANTIC BANK N A,Metro Park Plaza,Edison,NJ,08818,true,"Principal executive office per Midlantic Corporation SEC filings (2026-07-30). DEFUNCT: merged into PNC on 1995-12-31, so this is a historical address for a retired donor - N A is the National Association suffix, not a truncation"
1ST CENTURY BANK,"1875 Century Park East, Suite 1400",Los Angeles,CA,90067,true,"Main office (bank branch records, 2026-07-30); a division of MidFirst Bank since 2016. Donor banks out of the Encino branch 20 miles away - within a normal commute, so the dimension keeps the head office"
CME GROUP,"CME Center, 20 South Wacker Drive",Chicago,IL,60606,true,"Official HQ (cmegroup.com, 2026-07-30); the donor had keyed this street into the employer name field itself"
13TH FLOOR INVESTMENTS,848 Brickell Avenue PH1,Miami,FL,33131,true,"Official HQ (13fi.com/contact, 2026-07-30); donor Arnaud Karsenti is founder and managing principal"
SAN FRANCISCO SPINE SURGEONS,1 Shrader Street,San Francisco,CA,94117,true,"St Mary's Spine Center, where the practice operates (2026-07-30); donor James Zucherman is its medical director"
JEWISH COMMUNITY RELATIONS COUNCIL OF GREATER PHOENIX,"12701 N Scottsdale Rd, Suite 203",Scottsdale,AZ,85254,true,"Official address (jcrcphoenix.org/contact, 2026-07-30); donor Paul Rockower is its executive director"
GENE BY GENE,"1445 North Loop West, Suite 760",Houston,TX,77008,true,"Genomics lab address (NIH Genetic Testing Registry / company listings, 2026-07-30); recovered from SELF - GENE BY GENE"
BROWN DISTRIBUTING CO. OF WEST PALM BEACH,1300 Allendale Rd,West Palm Beach,FL,33405,true,"Official address (chamber of commerce and business listings, 2026-07-30); repairs the 38-char FEC truncation"
EMA INVESTMENT MANAGEMENT,"2200 Fletcher Avenue, 3rd Floor",Fort Lee,NJ,07024,true,"Carried over from the EMA INVESTMENTS cache entry it now absorbs (web-search resolved); Fort Lee matches EMA Capital, where donor David Muschel is a general partner (2026-07-30)"
"STONE, POGRUND & KOREY - ATTORNEYS AT LAW","221 N LaSalle St, Suite 3200",Chicago,IL,60601,true,"Official office (spklaw.com / Martindale, 2026-07-30); repairs the 38-char FEC truncation - donor David Pogrund is a named partner"
DANTO INVESTMENT CO,"1700 Stutz Dr, Suite 25",Troy,MI,48084,true,"Official address (Michigan Design Center / business listings, 2026-07-30); the firm is in Troy while donor James Danto lives 10 miles away in Bloomfield Hills - a normal commute"
SENIOR HOUSING GROUP,,Chicago,IL,,true,"City-level only: srhousinggroup.com confirms a Chicago base and donor Steven Greenbaum as founder and president, but publishes no street address (2026-07-30)"
TERRACO REAL ESTATE,"3201 Old Glenview Road, Suite 300",Wilmette,IL,60091,true,Carried over from the TERRACO cache entry it now absorbs; the full name had no address of its own (2026-07-30)
SAMSON ENERGY COMPANY LLC,"110 W 7th St, Suite 2000",Tulsa,OK,74119,true,"Real HQ (samsonco.com / business listings, 2026-07-30). Replaces a closed-book AI answer of ""675 Folsom St, San Francisco CA"" - wrong coast; the Schusterman family firm is in Tulsa and every donor is in Oklahoma"
MDVIP INC,"4950 Communication Avenue, Suite 100",Boca Raton,FL,33431,true,"Real HQ (mdvip.com press room, 2026-07-30). Replaces a closed-book AI answer of ""901 Normandy Drive, Highlands Ranch CO"" - the company is in Boca Raton and every donor is in Florida"
"FISHMAN, BLOCK, DIAMOND, BY CERITY PARK PC","16830 Ventura Blvd, Suite 400",Encino,CA,91436,true,"Real office (Cerity Partners announcement / firm listings, 2026-07-30). Replaces a closed-book answer of 100 Jericho Quadrangle, Jericho NY - the firm is in Encino and all 121 filings come from Encino and Los Angeles donors"
STEREN ELECTRONICS INTERNATIONAL LLC,"6920 Carroll Rd, Suite 100",San Diego,CA,92121,true,"Real address (D&B / IndustryNet, 2026-07-30). Replaces a closed-book answer of 9501 E Mountain View Road, Scottsdale AZ - the company is in San Diego and the donor lives in La Jolla, the same city"
GHP INVESTMENT ADVISORS INC,"1290 Broadway, Suite 1100",Denver,CO,80203,true,"Real office (ghpia.com/contact-us, 2026-07-30). Replaces a closed-book answer of 630 Fifth Avenue, New York NY - the firm is a Denver one and every donor is in Denver"
SANDALWOOD SECURITIES INC,"101 Eisenhower Pkwy, 3rd Floor",Roseland,NJ,07068,true,"Real HQ (sandalwoodsecurities.com / FINRA BrokerCheck, 2026-07-30). Replaces a closed-book answer of 9191 Towne Center Dr, San Diego CA - the firm is in Roseland, the next town over from the donor in Livingston"
ARTISTIC TILE INC,520 Secaucus Road,Secaucus,NJ,07094,true,"Real HQ and distribution centre (artistictile.com, 2026-07-30). The closed-book answer of 40 W 28th St, New York was their Manhattan showroom, not the head office - and one of the two donors lives in Secaucus itself"
AUERBACH REALTY HOLDINGS LLC,2416 Wilshire Blvd,Santa Monica,CA,90403,true,"Real office (auerbachrealty.com/contact-us, 2026-07-30). Replaces a closed-book answer of 3000 Marcus Ave, Lake Success NY - the firm is in Santa Monica and both donors live in Santa Monica and Pacific Palisades"
GROSSMAN COMPANY PROPERTIES,"3101 N Central Ave, Suite 1390",Phoenix,AZ,85012,true,"Real corporate office, the one carrying the company phone number (business listings, 2026-07-30). Replaces a closed-book answer of 330 Fifth Avenue, New York NY - the firm is an Arizona one and the donor lives in Paradise Valley"
AIPAC,251 H Street NW,Washington,DC,20001,true,"Real HQ since 2008 (Wikipedia / Bisnow coverage of the H Street building, 2026-07-30). Replaces a closed-book answer of 2500 Wilson Boulevard, Arlington VA. AIPAC is one of the three committees this pipeline tracks, so its own address being wrong mattered"
GRACE COMMUNICATIONS FOUNDATION,"215 Lexington Avenue, Suite 1001",New York,NY,10016,true,"Real office (foundation listings / IRS 990, 2026-07-30). Replaces a closed-book answer of 100 Middle Street, Portsmouth NH. Donor Helaine Lerner is the foundation president and lives in New York - $3.25M rides on this row"
APPLIED UNDERWRITERS,10805 Old Mill Road,Omaha,NE,68154,true,"Real HQ (auw.com / BBB, 2026-07-30). Replaces a closed-book answer of 151 North Pershing Avenue, Kansas City MO"
SCHUSTERMAN INTERESTS LLC,"110 W 7th St, Suite 2000",Tulsa,OK,74119,true,Verified business address from SEC filings for Schusterman Interests LLC; recent FEC filings for Stacy Schusterman report the same address (verified 2026-08-03)
CHAPEL HAVEN,1040 Whalley Avenue,New Haven,CT,06515,true,"Official address (chapelhaven.org/contact, 2026-07-30). Now Chapel Haven Schleifer Center - the donor family name is in the organisation name"
ALYDAR CAPITAL,"222 Berkeley Street, 17th Floor",Boston,MA,02116,true,"Official address (SEC filings / firm listings, 2026-07-30); the donor is in Weston, 15 miles away"
HSK CONSULTING LLC,6525 Kenhill Rd,Bethesda,MD,20817,true,"Home-office/business address: D&B lists HSK Consulting LLC here and Hilary Smith Kapner consistently filed this address with HSK Consulting through 2026-06-26; hskconsulting.org confirms Bethesda. The residential property sold 2026-06-26, so reverify against later filings (verified 2026-08-03)"
GOLDMAN SACHS,200 West Street,New York,NY,10282,true,"Verified: 200 West Street is the Goldman Sachs headquarters. Donor works from Georgia, which is the branch question, not a wrong address (checked by hand 2026-07-30; pinned so a future re-resolve cannot replace a correct answer with a worse one)"
CAPITAL GROUP,333 South Hope Street,Los Angeles,CA,90071,true,Verified: 333 South Hope Street is the Capital Group headquarters (checked by hand 2026-07-30; pinned so a future re-resolve cannot replace a correct answer with a worse one)
O'MELVENY,400 S Hope St,Los Angeles,CA,90071,true,Verified: 400 South Hope Street is O'Melveny & Myers' Los Angeles headquarters (checked by hand 2026-07-30; pinned so a future re-resolve cannot replace a correct answer with a worse one)
QFS ASSET MANAGEMENT,10 Glenville Street,Greenwich,CT,06831,true,Verified: QFS Asset Management operated from Greenwich CT; the donor founded it and now lives in Aspen (checked by hand 2026-07-30; pinned so a future re-resolve cannot replace a correct answer with a worse one)
MIDTOWN EQUITIES,175 Varick Street,New York,NY,10014,true,Verified: Midtown Equities is a New York firm and the donor family founded it (checked by hand 2026-07-30; pinned so a future re-resolve cannot replace a correct answer with a worse one)
THE ENTERPRISE GROUP,3333 E Speedway Blvd,Tucson,AZ,85716,true,"The Palo Verde Office Property, a commercial office building - not a home (LoopNet listing). Baker Management Inc is registered at this same address and the donor is Paul Baker, who filed it on all 53 of his filings from 2020 to 2026 (2026-07-30)"
ARONOV REALTY MANAGEMENT INC,"3500 Eastern Blvd, Suite 100",Montgomery,AL,36116,true,"Real HQ (aronov.com / D&B / BBB, 2026-07-30). Replaces a closed-book answer of 10 E 40th St, New York NY - the firm is an Alabama one and the donor is in Montgomery. Caught only after the ARONOV merge earlier today pointed eight more filings at it, which is the lesson: checking that a merge target HAS an address is not the same as checking the address is right"
BELZ ENTERPRISES,"100 Peabody Place, Suite 1400",Memphis,TN,38103,true,"Real HQ (belz.com, 2026-07-30). Replaces a closed-book answer of 2525 Meridian Place, Huntington WV - Belz is the Memphis family firm behind Peabody Place"
INSIGHT VENTURE PARTNERS,"1114 Avenue of the Americas, 36th Floor",New York,NY,10036,true,"Real HQ (insightpartners.com/contact, 2026-07-30). Replaces a closed-book answer of 890 N Rengstorff Ave, Mountain View CA - the firm has always been New York based"
DURO BAG,7600 Empire Dr,Florence,KY,41042,true,"Real HQ (company listings / BBB, 2026-07-30). Replaces a closed-book answer of 2000 Morton Avenue, Saginaw MI"
SERTA MATTRESS CO,2451 Industry Avenue,Doraville,GA,30360,true,"Corporate HQ of Serta Simmons Bedding since 2019 (sertasimmons.com, 2026-07-30). Replaces a closed-book answer of 4700 N Classen Blvd, Oklahoma City OK. The brand was previously run from Hoffman Estates IL; donor Richard Yulman is a retired Serta executive living in Florida"
EMERALD DEVELOPMENT MANAGERS LP,"909 3rd Ave, Floor 15",New York,NY,10022,true,"Verified correct - the closed-book answer matched emeraldmanagers.com exactly (2026-07-30). Flagged only because the largest donor files from Florida while the other files from New York, so the state test tripped on my own aggregation rather than on a bad address. Pinned so it is not re-asked"
CBRE,2100 McKinney Ave,Dallas,TX,75201,true,"Current global HQ (press coverage of the 2020 relocation, 2026-07-30). The cached 400 South Hope Street was CBRE real headquarters for 30 years - this one was stale rather than invented, which is its own failure mode"
CERITY PARTNERS LLC,99 Park Avenue,New York,NY,10016,true,"Real HQ (ceritypartners.com/locations, 2026-07-30). Replaces a closed-book answer of 1201 N Market St, Wilmington DE, which is a registered-agent address rather than an office"
SUN CAPITAL ADVISORS,"5200 Town Center Circle, 4th Floor",Boca Raton,FL,33486,true,"Sun Capital Partners HQ (suncappart.com, 2026-07-30). Replaces a closed-book answer of 1000 Wilshire Boulevard, Los Angeles - donor Rodger Krouse is a Sun Capital co-CEO and lives in Boca Raton, the same city"
STAR STAINLESS SCREW COMPANY,30 West End Road,Totowa,NJ,07512,true,"Real HQ (starstainless.com, 2026-07-30). Replaces a closed-book answer of 1424 S 19th St, Lafayette IN"
WOODWORKERS STORE,4365 Willow Dr,Medina,MN,55340,true,"The Woodworkers Store is Rockler Companies, whose corporate office is in Medina MN (2026-07-30). Replaces a closed-book answer of Arlington Heights IL - and the donor, a board member, lives in Orono, the next town over"
HMP GLOBAL,"70 East Swedesford Road, Suite 100",Malvern,PA,19355,true,"Real HQ (hmpglobal.com/contact-us, 2026-07-30). Replaces a closed-book answer of 1840 Century Park East, Los Angeles. Donor Adam Fein runs Drug Channels Institute, an HMP Global company, from Philadelphia"
PEMBROKE CONSULTING INC,"1515 Market Street, Suite 1660",Philadelphia,PA,19102,true,"Real office (pembrokeconsulting.com, 2026-07-30). Replaces a closed-book answer of One International Place, Boston MA - the donor founded the firm and lives in Philadelphia. Same donor as HMP GLOBAL above"
HERTOG FOUNDATION,"399 Park Avenue, 25th Floor, Suite 2502",New York,NY,10022,true,"Official address (hertogfoundation.org / IRS 990, 2026-07-30); donor Roger Hertog is its president"
MALLARD INVESTMENTS INC,"28601 Chagrin Boulevard, Suite 410",Cleveland,OH,44122,true,"Official address (Ohio corporate records / OpenCorporates, 2026-07-30); donor Timothy Wuliger is named president of this exact entity"
PROPANE POWER CORP,873 Delancey St,Newark,NJ,07105,true,"Official address (New Jersey business listings, 2026-07-30)"
BLOOMERS INTIMATES,6 Orsini Dr,Larchmont,NY,10538,true,Physical business address in USPTO and seller-compliance records; current store mailing address is a PO box; manually verified 2026-08-03.
MORGAN STANLEY,1585 Broadway,New York,NY,10036,true,Verified: 1585 Broadway is the Morgan Stanley Building and its global headquarters. Donors file from 11 states because the firm employs people everywhere (checked 2026-07-30; pinned so a re-resolve cannot replace a verified answer)
SKADDEN ARPS,One Manhattan West,New York,NY,10001,true,"Verified: One Manhattan West (395 9th Ave) is the firm headquarters and largest office, per skadden.com/locations (checked 2026-07-30; pinned so a re-resolve cannot replace a verified answer)"
OMNICOM GROUP,437 Madison Avenue,New York,NY,10022,true,Verified: 437 Madison Avenue is the principal executive office named in Omnicom SEC filings. 280 Park Avenue is also cited by directories; the SEC address is the authoritative one (checked 2026-07-30; pinned so a re-resolve cannot replace a verified answer)
MCDERMOTT WILL & EMERY LLP,444 West Lake Street,Chicago,IL,60606,true,"Headquarters (mcdermottlaw.com/offices/chicago - the firm is anchor tenant of River Point, 2026-07-30). The cached 340 Madison Avenue is their New York office, a real address in the wrong role. I had waved this one through from memory earlier today; the firm has always been Chicago-headquartered"
LATHAM & WATKINS,"10250 Constellation Blvd, Suite 1100",Los Angeles,CA,90067,true,"Headquarters in Century City (lw.com/offices/losangeles, 2026-07-30). The cached 1271 Avenue of the Americas is their New York office. Same mistake as McDermott and the same correction"
LAW OFFICES OF LAWRENCE B. GILL PC,9306 Bolton Rd,Los Angeles,CA,90034,true,"Address on the California Bar licence record and the 2021 professional-corporation filing (2026-07-30). Replaces a closed-book answer of 99 Park Ave, New York - the donor files from California, which is what flagged it"
ASE GROUP,,Overland Park,KS,,true,"City level. ASE Group Inc of Overland Park KS is an events and incentives firm, acquired by Bishop-McCann in 2020, and its Kansas base matches the donor (2026-07-30). The cached 1 South Market Street, San Jose was Advanced Semiconductor Engineering - a different, Taiwanese company that happens to share the initials. A namesake trap, not a bad street"
GRAYROBINSON,"301 East Pine Street, Suite 1400",Orlando,FL,32801,true,"Headquarters (gray-robinson.com/offices/orlando-fl, 2026-07-30). The cached 301 South Bronough Street, Tallahassee is a real GrayRobinson office - note it even kept the right street number, 301, while changing street and city"
CANYON PARTNERS,"2000 Avenue of the Stars, 11th Floor",Los Angeles,CA,90067,true,"Current address (canyonpartners.com/contact, 2026-07-30). The cached 11111 Santa Monica Boulevard is a former Canyon address - stale rather than invented, the same failure as CBRE"
DRUG CHANNELS INSTITUTE,"1515 Market Street, Suite 1660",Philadelphia,PA,19102,true,"Real address (drugchannelsinstitute.com/contact, 2026-07-30) - the same suite as PEMBROKE CONSULTING, because Adam Fein runs both from it. Replaces a closed-book answer of 300 Brickstone Square, Andover MA. Third wrong address for one donor"
"WILKES ARTIS, CHARTERED","1825 I St NW, Suite 300",Washington,DC,20006,true,"Real address (wilkesartis.com / Martindale, 2026-07-30). Replaces a closed-book answer of 1875 K Street NW, Suite 600 - right city, wrong street, which the state test could never catch"
CARMEL PARTNERS MANAGEMENT,"1000 Sansome St, 1st Floor",San Francisco,CA,94111,true,"Real HQ (company listings, 2026-07-30). Replaces a closed-book answer of 300 California Street, Suite 1610 - again the right city and the wrong street"
APOLLO GLOBAL MANAGEMENT,9 West 57th Street,New York,NY,10019,true,"Verified: 9 West 57th Street, 42nd Floor is the principal executive office (apollo.com) (checked 2026-07-30; pinned)"
FRANKLIN RESOURCES,ONE FRANKLIN PARKWAY,SAN MATEO,CA,94403,true,"Verified: One Franklin Parkway, San Mateo is the principal executive office named in SEC filings; the firm moved there from New York in 1973 (checked 2026-07-30; pinned)"
CONSUMER TESTING LABS,2601 Otis Corley Dr,Bentonville,AR,72712,true,"Verified: 2601 Otis Corley Dr is the Bentonville AR headquarters. The Florida donor is a remote case, not a bad address (checked 2026-07-30; pinned)"
THE NRP GROUP,"1228 Euclid Avenue, 4th floor",Cleveland,OH,44115,true,"Verified: 1228 Euclid Avenue, 4th Floor is the Halle Building headquarters the firm moved into in Cleveland (checked 2026-07-30; pinned)"
"MORRIS TUCHMAN, ESQ",134 Lexington Ave,New York,NY,10016,true,"Verified: 134 Lexington Ave, 2nd Floor is the Law Offices of Morris Tuchman (New York bar records / Martindale, 2026-07-30). The donor is Tuchman himself, a New York attorney admitted in 1976 who now files from Florida - so the address is his practice and the state mismatch is retirement, not error. Pinned"
SENIOR HOUSING GROUP LLC,,Chicago,IL,,true,"City level only: srhousinggroup.com confirms a Chicago base and donor Steven Greenbaum as founder and president, but publishes no street address. Keyed on the LLC form because the synonym chain settles there (2026-07-30)"
MOELIS & COMPANY,"399 Park Avenue, 4th Floor",New York,NY,10022,true,"Global HQ (moelis.com/offices/new-york, 2026-07-30). Donor Ken Moelis founded the firm and is its executive chairman; he filed his surname alone on 31 filings, the largest surname case in the data"
EYE PHYSICIANS OF ORANGE COUNTY PC,"1 Hatfield Lane, Suite 3",Goshen,NY,10924,true,"Real practice address (epocny.com, 2026-07-30). The closed-book path resolved this name to Costa Mesa CA - Orange County California - while the same firm under the shorter spelling got Goshen, Orange County NEW YORK. The donor lives in Chester NY, in Orange County NY, so the New York address is the right one and the two spellings are now one company"
1130 COLLINS,1130 Collins Avenue,Miami Beach,FL,33139,true,"1130 COLLINS, LLC is a registered Florida entity (Sunbiz L08000038797) - the holding company for the Ocean Reef Suites property it is named after. Naming a real-estate LLC for its own street address is standard practice in Florida, so this is a company name and not an address that leaked into the employer field. Its registered mailing address is 1111 Kane Concourse, Bay Harbor Islands; the operating property is recorded here (2026-07-30)"
UNIVERSITY OF NEW MEXICO,1 University of New Mexico,Albuquerque,NM,87131,true,"Source: https://unm-student.custhelp.com/app/answers/detail/a_id/4169/~/what-is-unms-street-address | UNM's own student-support page gives the official street address as 1 University of New Mexico, Albuquerque NM 87131-0001; ZIP directory confirms 87131-0001. | Independently verified (UNM's official street address is '1 University of New Mexico, Albuquerque, NM 87131' per the university's own help center and multiple directories. On) | Researched by agent sweep 2026-07-30, adjudicated by hand"
NATIONAL EQUIPMENT DEALERS,215 Woodside Drive,Lexington,NC,27292,true,"Source: https://www.heavyequipmentdirectory.com/dealers/nc/national-equipment-dealers-llc-a1ef1b6c-639a-43e0-87c7-2b7c60398801 | Donor Kerry Vickar co-founded NED in 2018 (chairman/co-owner with CEO Mitch Nevins) via merger of May Heavy Equipment (Lexington NC base), Four Seasons Equipment and Earthmovers; retired to Palm Beach FL. Directory listings (heavyequipmentdirectory,  | Independently verified (Right company: donor Kerry Vickar was chairman of National Equipment Dealers LLC. Tried to refute via a 2019 Equipment World headline about a new HQ i) | Researched by agent sweep 2026-07-30, adjudicated by hand"
FRAMINGHAM PUBLIC SCHOOLS,19 Flagg Drive,Framingham,MA,01702,true,"Source: https://www.framinghamma.gov/DocumentCenter/View/30919/Transportation-Press-Release-2018-2019 | City of Framingham / district documents place the FPS central administration offices (Perini building) at 73 Mount Wayte Avenue, Framingham MA 01702. | Researcher's answer was refuted and corrected by the verifier: The address comes from a 2018 press release and is stale: the district's central administration is no longer at 73 Mount Wayte Avenue. The district's own Contact Us page lists the  | Corrected source: https://www.framingham.k12.ma.us/55973_3 | Researched by agent sweep 2026-07-30, adjudicated by hand"
GEORGIA AQUARIUM,225 Baker Street NW,Atlanta,GA,30313,true,"Source: https://www.georgiaaquarium.org/contact-us/ | Official Georgia Aquarium contact page; address confirmed by Waze/Yelp/Downtown Atlanta listings as 225 Baker St NW, Atlanta GA 30313. Donor Michael Leven is the hotel executive who served as Georgia Aquarium CEO (mid-2010s) after Las Vegas Sands, no | Independently verified (225 Baker Street NW, Atlanta, GA 30313 is the aquarium's own current address per its site and every directory checked. Donor Michael Leven (retired, B) | Researched by agent sweep 2026-07-30, adjudicated by hand"
NEXTIVA,9451 E Via de Ventura,Scottsdale,AZ,85256,true,"Source: https://craft.co/nextiva/locations | Donor Tracy Conrad is Nextiva's co-founder and president/'Chief Amazing Officer' (Crunchbase, Nextiva leadership page), so the company is unambiguous despite his Dallas home. Craft.co, D&B and Nextiva's own contact listings give HQ as 9451 E Via de V | Independently verified (Right company: donor Tracy Conrad is a Nextiva co-founder/president, matching the PRESIDENT occupation. Two addresses circulate; 9451 E Via de Ventura) | Researched by agent sweep 2026-07-30, adjudicated by hand"
QUICKEN LOANS,1050 Woodward Avenue,Detroit,MI,48226,true,"Source: https://www.sec.gov/Archives/edgar/data/1805284/000104746920004008/a2241988zs-1.htm | Rocket Companies SEC S-1 states principal executive offices at 1050 Woodward Avenue, Detroit MI 48226. Donor retired in West Bloomfield, Detroit metro - fits a former Quicken employee. | Independently verified (Quicken Loans was renamed Rocket Mortgage (Rocket Companies), but the headquarters remains 1050 Woodward Avenue, Detroit, MI 48226 per SEC filings and) | Researched by agent sweep 2026-07-30, adjudicated by hand"
UW MEDICAL CENTER,1959 NE Pacific Street,Seattle,WA,98195,true,"Source: https://www.uwmedicine.org/locations/uw-medical-center-montlake | UW Medicine's own location page for UW Medical Center - Montlake: 1959 NE Pacific St, Seattle WA 98195. Donor lives on Mercer Island, in the Seattle metro - consistent with retired UW medical faculty/staff. | Independently verified (Donor is in Mercer Island, WA, so this is University of Washington (not Wisconsin), and 1959 NE Pacific St, Seattle, WA 98195 is UW Medical Center - M) | Researched by agent sweep 2026-07-30, adjudicated by hand"
REDI CARPET,10101 Fountaingate Drive,Stafford,TX,77477,true,"Source: https://redicarpet.com/contact/ | Redi Carpet's own contact page lists corporate at 10101 Fountaingate Dr, Stafford TX 77477; Texas taxpayer records match. Donor Bruce Caress founded Redi Carpet in 1981 and is Chairman Emeritus; Stafford is in the Houston metro where he lives. | Independently verified (10101 Fountaingate Drive, Stafford, TX 77477 is Redi Carpet's corporate headquarters per BBB, D&B, and the company's own contact page. Stafford is a H) | Researched by agent sweep 2026-07-30, adjudicated by hand"
LESLEY UNIVERSITY,29 Everett Street,Cambridge,MA,02138,true,"Source: https://lesley.edu/about-lesley/contact-lesley | Lesley University's primary published address is 29 Everett Street, Cambridge MA 02138 (university contact page and directory listings). | Independently verified (29 Everett Street, Cambridge, MA 02138 is Lesley University's main address per the university's contact page and directories; donor is in nearby Bosto) | Researched by agent sweep 2026-07-30, adjudicated by hand"
SIMON PROPERTY GROUP,225 W Washington Street,Indianapolis,IN,46204,true,"Source: https://www.simon.com/contact | Simon Property Group HQ confirmed at 225 W Washington St, Indianapolis IN 46204 (company contact page, downtown Indy directory, multiple listings). Donor Herbert Simon co-founded the company with brother Melvin and lives in Indianapolis. | Independently verified (225 W Washington Street, Indianapolis, IN 46204 is Simon Property Group's headquarters per the company and multiple directories. Donor Herbert Simon o) | Researched by agent sweep 2026-07-30, adjudicated by hand"
WARNER BROS,4000 Warner Boulevard,Burbank,CA,91522,true,"Source: https://studiooperations.warnerbros.com/studio-operations/ | Warner Bros. Studio Operations' own site lists 4000 Warner Blvd, Burbank CA 91522. Donor Howard Welinsky was a longtime Warner Bros. distribution/marketing executive; Toluca Lake borders the Burbank lot. | Independently verified (4000 Warner Boulevard, Burbank, CA 91505 is Warner Bros.' own studio lot and headquarters campus (not a branch). Donor Howard Welinsky is a longtime W) | Researched by agent sweep 2026-07-30, adjudicated by hand"
"GOLDENBERG, HELLER & ANTOGNOLI",2227 South State Route 157,Edwardsville,IL,62025,true,"Source: https://www.goldenbergheller.com/ | Firm's own site and Super Lawyers profile: Goldenberg Heller & Antognoli, P.C., 2227 South State Route 157, Edwardsville IL 62025. Donor Richard S. Cornfeld joined the firm as Counsel in January 2023 (firm announcement, Illinois Business Journal); Cr | Independently verified (2227 South State Route 157, Edwardsville, IL 62025 is the firm's own main office per its site and legal directories; the St. Louis location (168 N Mer) | Researched by agent sweep 2026-07-30, adjudicated by hand"
FEDERAL INDUSTRIES INC,645 Hawaii Street,El Segundo,CA,90245,true,"Source: https://www.fedindustries.com/contact | Donor Asher Bartov is publicly listed (LinkedIn, ARSAG board) as CEO/Owner of Federal Industries, Inc., an aerospace/defense flow-control manufacturer in El Segundo CA - exactly matching his occupation and Beverly Hills residence. Address confirmed o | Independently verified (Company's own site and D&B/bizprofile place Federal Industries, Inc. at 645 Hawaii St, El Segundo, CA 90245. It is an aerospace/defense flow-control a) | Researched by agent sweep 2026-07-30, adjudicated by hand"
COMMERCIAL METALS COMPANY,"6565 N MacArthur Blvd, Suite 800",Irving,TX,75039,true,"Source: https://www.dnb.com/business-directory/company-profiles.commercial_metals_company.0f026a199a9928d75fef0ee13c45ae3c.html | Stanley A. Rabin is the retired longtime CEO/chairman of Commercial Metals Company (NYSE: CMC), and he lives in Dallas metro - a perfect fit. HQ address confirmed by D&B and multiple directories. | Independently verified (CMC's own contact page and D&B both list the headquarters as 6565 N. MacArthur Blvd., Suite 800, Irving, TX 75039; no evidence of a move. Donor Stanle) | Researched by agent sweep 2026-07-30, adjudicated by hand"
CKP INSURANCE LLC,"21845 Powerline Rd, Suite 205",Boca Raton,FL,33433,true,"Source: https://completemarkets.com/KevinRader4/ | Donor Kevin Rader (former FL state senator) is a named principal/agent of CKP Insurance, LLC in Boca Raton FL - matches his Miami Beach residence and insurance occupation. Address confirmed by insurance-directory listing and ZoomInfo. | Independently verified (CKP Insurance's live website, BBB, and Yelp all list 21845 Powerline Rd, Suite 205, Boca Raton, FL 33433 as its main office. Brown & Brown acquired CK) | Researched by agent sweep 2026-07-30, adjudicated by hand"
LEHMAN BROTHERS,745 Seventh Avenue,New York,NY,10019,true,"Source: https://en.wikipedia.org/wiki/745_Seventh_Avenue | Ronald Gallatin is a retired Lehman Brothers executive; retiree in Boca Raton with a NYC former employer is normal. Wikipedia and contemporaneous news (UPI 2001) confirm Lehman bought and occupied 745 Seventh Avenue as its headquarters until the 2008 | Independently verified (745 Seventh Avenue was Lehman Brothers' global headquarters from 2002 until its 2008 collapse; the firm is defunct (building now houses Barclays). For) | Researched by agent sweep 2026-07-30, adjudicated by hand"
DEKALB COUNTY,1300 Commerce Drive,Decatur,GA,30030,true,"Source: https://www.dekalbcountyga.gov/contact-us | Donor lives in Atlanta, much of which lies within DeKalb County GA - the county government is the obvious employer for a retired county worker. Official county site and directories confirm the Maloof government center at 1300 Commerce Drive, Decatur  | Independently verified (DeKalb County, GA's official contact page lists its main government building at 1300 Commerce Drive, Decatur, GA 30030, which houses the county's cent) | Researched by agent sweep 2026-07-30, adjudicated by hand"
MERRIN INVESTORS,2547 Maple Ave,Cortlandt Manor,NY,10567,true,SEC filing names this principal business office and Seth Merrin as managing member; manually verified 2026-08-03.
KRAMER DIRECT,"100 N Central Expressway, Suite 300",Richardson,TX,75080,true,"Source: https://www.visualvisitor.com/companies/2508684/kramer-direct | Allyn Kramer is the founder of Kramer Direct (insurance/financial lead-generation, since 1985) - matches the Dallas-area donor exactly. Directory listing confirms HQ at 100 North Central Expressway, Richardson TX. | Independently verified (BBB and CB Insights list Kramer Direct at 100 N Central Expressway, Suite 300, Richardson, TX 75080. The firm was founded in 1985 by the donor himself) | Researched by agent sweep 2026-07-30, adjudicated by hand"
WEINSTEIN MORTUARY,640 Farmington Avenue,Hartford,CT,06105,true,"Source: https://www.legacy.com/funeral-homes/connecticut/hartford/weinstein-mortuary/fh-4131 | Weinstein Mortuary is a Jewish funeral home serving Greater Hartford for 80+ years; donor Morton Weinstein shares the family name and is retired in Miami Beach - a classic retiree relocation, not evidence against the CT address. Address confirmed by  | Independently verified (The mortuary's own website and multiple directories confirm 640 Farmington Avenue, Hartford, CT 06105 as its sole location; it is a longtime family-na) | Researched by agent sweep 2026-07-30, adjudicated by hand"
ASK LLP,"444 Cedar St, Suite 1700",Saint Paul,MN,55101,true,"Source: https://gomarketing.com/in-the-news/ask-financial-llp-neiger-llp-merge-bankruptcy-and-corporate-law-practices-to-form-ask-llp/ | Donor Gregory Abrams' LinkedIn ties him to 'A.S.K Financial, specializing in the analysis, collection, and investment in bankruptcy-related debt' - the same national bankruptcy avoidance-action firm A.S.K. Financial LLP, based in Saint Paul MN, which | Address carried from the A.S.K. FINANCIAL variant it absorbs | Researched by agent sweep 2026-07-30, adjudicated by hand"
INTEGRATED SPECIALTY COVERAGES,"1811 Aston Ave, Suite 200",Carlsbad,CA,92008,true,"Source: https://opengovwa.com/corporation/604512296 | Matthew Grossberg founded ISC in 2017 and is its CEO (BusinessWire KKR-acquisition release; ZoomInfo). WA state corporate registration, D&B, and ZoomInfo all list HQ as 1811 Aston Ave, Suite 200, Carlsbad CA 92008. Donor is in NY but the company HQ i | Independently verified (D&B and ZoomInfo confirm ISC's headquarters at 1811 Aston Ave, Ste 200, Carlsbad, CA 92008 (the original opengovwa source was a WA registration record) | Researched by agent sweep 2026-07-30, adjudicated by hand"
HEADHAUL CAPITAL PARTNERS,"500 West Putnam Avenue, Suite 400",Greenwich,CT,06830,true,"Source: https://headhaulcapital.com/contacts/ | Headhaul Capital Partners is a private-equity firm (transportation/logistics focus); its own website's contact page lists 500 West Putnam Avenue, Suite 400, Greenwich CT 06830. Donor is a retiree in Mamaroneck NY - the NY-metro/Greenwich geography fi | Independently verified (The firm's own contacts page and D&B list Headhaul Capital Partners LLC at 500 West Putnam Avenue, Suite 400, Greenwich, CT 06830; it is the private e) | Researched by agent sweep 2026-07-30, adjudicated by hand"
CAMINO MEDICAL GROUP,701 E El Camino Real,Mountain View,CA,94040,true,"Source: https://www.yelp.com/biz/palo-alto-medical-foundation-mountain-view | Camino Medical Group was a ~130-physician multispecialty group in Sunnyvale/Mountain View/Santa Clara that merged into the Palo Alto Medical Foundation effective Jan 1, 2008 (PAMF history; Los Altos Town Crier). Its flagship campus - now PAMF's Mount | Independently verified (701 E El Camino Real, Mountain View was Camino Medical Group's main campus; the group merged into Palo Alto Medical Foundation (Sutter Health) and the) | Researched by agent sweep 2026-07-30, adjudicated by hand"
FIRST ALLIANCE MORTGAGE COMPANY,17305 Von Karman Avenue,Irvine,CA,92614,true,"Source: https://www.sec.gov/Archives/edgar/data/1029321/0001019687-97-000028.txt | Donor Brian Chisick founded and ran First Alliance Mortgage Company (FTC predatory-lending case names him as chairman/CEO/president). SEC filings for First Alliance Corp list HQ at 17305 Von Karman Avenue, Irvine CA 92614. | Independently verified (Right company: donor Brian Chisick founded and led First Alliance Mortgage Company. SEC filings and the FTC predatory-lending case both place its corp) | Researched by agent sweep 2026-07-30, adjudicated by hand"
SPARKS GROUP,50 Church Street,Cambridge,MA,02138,true,"Source: https://www.zoominfo.com/c/sparks-group/1308623708 | Donor Alex Sagan (Cambridge MA, Harvard PhD) is President of this Sparks Group per LinkedIn/RocketReach/Datanyze; BBB profiles the firm in Cambridge MA and ZoomInfo/CMac list 50 Church St, Cambridge 02138 (617-497-7600). | Independently verified (Right company, not the Rockville MD staffing firm of the same name: donor Alex Sagan is the president/owner of this small Cambridge consultancy, and Y) | Researched by agent sweep 2026-07-30, adjudicated by hand"
OHIO SAVING BANK,1801 East 9th Street,Cleveland,OH,44114,true,"Source: https://case.edu/ech/articles/o/ohio-savings-bank | Encyclopedia of Cleveland History: Leo Goldberg bought control in 1961; his son Robert Goldberg (the donor) became president. The bank moved its main office to 1801 East Ninth Street (Ohio Savings Plaza) in 1977. Donor retired in Lyndhurst OH, a Clev | Independently verified (1801 East 9th St is Ohio Savings Plaza, built as and serving as Ohio Savings Bank's headquarters from 1977. The bank was closed in December 2009 and f) | Researched by agent sweep 2026-07-30, adjudicated by hand"
SPECTRUM DIVERSIFIED,675 Mondial Parkway,Streetsboro,OH,44241,true,"Source: https://panjiva.com/Spectrum-Diversified-Designs-Inc/24224508 | Donor Sheldon Goodman is founder, chairman and CEO of Spectrum Diversified Designs (ZoomInfo, LinkedIn, Aspire Dealmakers bio; design patents in his name). Panjiva trade records and the BBB profile place the company at 675 Mondial Parkway, Streetsbor | Independently verified (Spectrum Diversified Designs' headquarters is 675 Mondial Parkway, Streetsboro OH 44241 per BBB, ZoomInfo, Panjiva, and OSHA records, with listings cu) | Researched by agent sweep 2026-07-30, adjudicated by hand"
HEALTHCOR MANAGEMENT,"152 West 57th Street, 43rd Floor",New York,NY,10019,true,"Source: https://adviserinfo.sec.gov/firm/summary/159101 | Donor Arthur Cohen co-founded HealthCor Management, L.P. in 2005 and is Partner/co-CEO (Bloomberg profile, SEC filings). SEC adviser records and 13D/G filings consistently list 152 W 57th Street (Carnegie Hall Tower), 43rd Floor, New York NY 10019. | Independently verified (Right company: donor Arthur Cohen is co-founder and co-CEO of HealthCor Management L.P. (a CT resident, consistent with Westport). The firm's own offi) | Researched by agent sweep 2026-07-30, adjudicated by hand"
QUADRANT CAPITAL ADVISORS INC,"499 Park Avenue, 24th Floor",New York,NY,10022,true,"Source: https://opengovny.com/corporation/2876424 | NY corporate registry record and LEI record (5493006IJB3Q3XCNXF22) both list Quadrant Capital Advisors, Inc. at 499 Park Avenue, 24th Floor, New York NY 10022; Yelp/Manta/D&B agree. Donor Thomas Brener is a NY investment manager - matches the firm's  | Independently verified (Exact-name match with the New York private-equity/family-office firm at 499 Park Avenue, 24th Floor, NY 10022, confirmed by its LEI record, NY corpora) | Researched by agent sweep 2026-07-30, adjudicated by hand"
BRYN PHARMA,7101 Millstone Ridge Court,Raleigh,NC,27614,true,"Source: https://opencorporates.com/companies/us_nc/1753361 | NC corporate registry (via OpenCorporates), NC Biotech Center directory, and SEC EDGAR filer records all list Bryn Pharma LLC at 7101 Millstone Ridge Court, Raleigh NC 27614. | Independently verified (SEC EDGAR filings (CIK 1746919), the NC Biotech Center directory, and business registries all give 7101 Millstone Ridge Ct, Raleigh NC 27614 as Bryn P) | Researched by agent sweep 2026-07-30, adjudicated by hand"
SHELL,150 N. Dairy Ashford Road,Houston,TX,77079,true,"Source: https://opengovco.com/business/19871012066 | Corporate registry record and D&B both list Shell USA, Inc. at 150 N. Dairy Ashford, Houston TX 77079 (Shell's US headquarters campus). | Independently verified (150 N. Dairy Ashford Rd, Houston TX 77079 is Shell USA's headquarters (the Woodcreek campus in Houston's Energy Corridor), confirmed by Shell USA's ow) | Researched by agent sweep 2026-07-30, adjudicated by hand"
CRACKER BARREL,305 Hartmann Drive,Lebanon,TN,37087,true,"Source: https://www.sec.gov/Archives/edgar/data/1067294/000110465924107274/tm2425138d2_ars.pdf | SEC annual-report filings list Cracker Barrel Old Country Store, Inc. HQ at 305 Hartmann Drive, Lebanon TN. Donor Lawrence Hyatt was the company's SVP/CFO until June 2016 (SEC 8-K) and lives in Franklin TN, in the Nashville metro - a retired-executiv | Independently verified (305 Hartmann Drive, Lebanon TN is Cracker Barrel Old Country Store's corporate headquarters (annual report, maps, and corporate directories agree). Ri) | Researched by agent sweep 2026-07-30, adjudicated by hand"
E78 PARTNERS,"2211 York Rd, Suite 200",Oak Brook,IL,60523,true,"Source: https://www.cbinsights.com/company/e78-partners | Seamless.AI staff directory, Facebook business page, and BBB all list E78 Partners in Oak Brook IL; CB Insights and Cience give 2211 York Rd Ste 200, Oak Brook IL 60523. Firm founded 2016, national finance/tech advisory serving PE sponsors. | Independently verified (E78 Partners' own headquarters is 2211 York Rd, Suite 200, Oak Brook, IL 60523, corroborated by BBB, Facebook, and multiple business directories; it i) | Researched by agent sweep 2026-07-30, adjudicated by hand"
TREMONT PARTNERS,"639 E Ocean Ave, Suite 309",Boynton Beach,FL,33435,true,"Source: https://www.corporationwiki.com/Florida/Palm-Beach/tremont-partners-llc-3783481.aspx/ | LinkedIn shows donor Kenneth Slater at Tremont Partners; slaterfamilyholdings.com and Wilson Center bio describe Slater Family Holdings' two management offices: Tremont Partners (Palm Beach FL) and Tremont Asset Management (Boston MA). Florida regist | Researcher's answer was refuted and corrected by the verifier: Right company — Tremont Partners is the Florida management office of Slater Family Holdings and Kenneth Z. Slater is its CEO/manager — but 11 Sloans Curve Dr is a residential ocean | Corrected source: https://www.floridabar.org/directories/find-mbr/profile/?num=345431 | Researched by agent sweep 2026-07-30, adjudicated by hand"
MAZIE SLATER KATZ & FREEMAN,"103 Eisenhower Parkway, 2nd Floor",Roseland,NJ,07068,true,"Source: https://www.mazieslater.com/contact/ | Official firm contact page; identical address on Yelp, Martindale, FindLaw, Super Lawyers, BBB. Donor David Mazie is the founding/name partner of this Roseland NJ plaintiffs' firm - matches donor city exactly. | Independently verified (The firm's own contact page and independent listings (Yelp updated May 2026, BBB, SuperLawyers) all give 103 Eisenhower Parkway, 2nd Floor, Roseland, ) | Researched by agent sweep 2026-07-30, adjudicated by hand"
WEISS ASSET MANAGEMENT,"222 Berkeley Street, 16th Floor",Boston,MA,02116,true,"Source: https://www.weissasset.com/contact/ | Official contact page: 222 Berkeley St, 16th Fl, Boston MA 02116. Donor Andrew Weiss is the founder/CEO (Wikipedia, D&B, Bloomberg all confirm Boston HQ). Matches donor's Boston base. | Independently verified (Weiss Asset Management LP's current office is 222 Berkeley St, Floor 16, Boston, MA 02116 per its own contact page and D&B/directory listings. Donor A) | Researched by agent sweep 2026-07-30, adjudicated by hand"
INTANDEM CAPITAL PARTNERS,"One Vanderbilt Avenue, Suite 2400",New York,NY,10017,true,"Source: https://www.privateequityinternational.com/institution-profiles/intandem-capital-partners.html | PEI institution profile and Yelp list 1 Vanderbilt Ave, New York 10017; InTandem leased space at One Vanderbilt in 2020. Donor Elliot Cooperstone is founder/CEO/managing partner (intandemcapital.com team page); East Hampton NY donor fits the NYC metr | Independently verified (InTandem Capital Partners' own website and a Feb-2026-updated listing give One Vanderbilt Avenue, Suite 2400, New York, NY 10017 as its current office) | Researched by agent sweep 2026-07-30, adjudicated by hand"
KIFO,"York Gate, 100 Marylebone Road",London,,NW1 5DX,true,"Source: https://open.endole.co.uk/insight/company/15546204-kifo-private-office-limited | KIFO = Kirsh Family Office. UK Companies House (via Endole): Kifo Private Office Limited, York Gate, 100 Marylebone Road, London NW1 5DX; donor Linda Mirels and Philip Kirsh are directors and persons with significant control. Preqin/Bloomberg/Altss c | Independently verified (Kifo Private Office Limited is registered at York Gate, 100 Marylebone Road, London NW1 5DX, and donor Linda Mirels is personally a director and perso) | Researched by agent sweep 2026-07-30, adjudicated by hand"
ELM GROVE STRATEGIES LLC,"875 Prospect Street, Suite 304",La Jolla,CA,92037,true,"Source: https://www.bizprofile.net/ca/san-diego/elm-grove-strategies-llc | California SOS filing data (entity 200335410117, also on OpenCorporates): principal and mailing address 875 Prospect Street, Suite 304, La Jolla CA 92037; donor Alan Viterbi is the registered agent and is publicly Managing Partner of Elm Grove Strate | Independently verified (California filings (OpenCorporates/bizprofile) list 875 Prospect Street, Suite 304, La Jolla, CA 92037 as Elm Grove Strategies LLC's principal and mai) | Researched by agent sweep 2026-07-30, adjudicated by hand"
FATTOC,,Los Angeles,CA,,true,"Source: https://trademark.justia.com/owners/financial-asset-trading-technology-ofcalifornia-llc-1431157 | VBProfiles/Worky: David Salomon, Co-Founder, FATTOC LLC, Los Angeles CA - ex-Goldman, Wharton MBA, co-founder of HFT firms EWT LLC and Madison Tyler with Vincent Viola. FATTOC = Financial Asset Trading & Technology Of California, LLC (Justia trademar | City level only - no street published | Researched by agent sweep 2026-07-30, adjudicated by hand"
LEIFER CAPITAL ADVISERS LLC,86 Clements Rd,Newton,MA,02458,true,SEC and current FEC filings tie Alan Leifer and the family office to this home-office address; manually verified 2026-08-03.
FLYWHEEL EVENTS LLC,7030 S YALE AVE STE E-100,TULSA,OK,74136,true,"Source: https://www.cityoftulsa.org/media/30779/flywheel-presents-big-ride-app-06-06-2026-spev-245899-2026.pdf | flywheeltulsa.com/about names Phil Kaiser as co-founder; permit is a city-government document naming Kaiser and the address together. | Independently verified (Right company and current: Flywheel Tulsa (event production, matching the donor's Tulsa event-production occupation) lists its billing/office address ) | Researched by agent sweep 2026-07-30, adjudicated by hand"
LAFFA LLC,111 N MAIN ST,TULSA,OK,74103,true,"Source: https://www.laffatulsa.com/contact/ | Tulsa World and TulsaPeople coverage name Phil Kaiser as owner at this location; Yelp listing shows same street address. | Independently verified (111 N Main St was Laffa's actual and only restaurant location in downtown Tulsa (right company, its own premises, not an agent). Caveat: the restauran) | Researched by agent sweep 2026-07-30, adjudicated by hand"
RA COHEN & ASSOCIATES INC,250 PARK AVE STE 1901,NEW YORK,NY,10177,true,"Source: https://opengovny.com/real-estate-license/109901274 | racohen.com (official site) and LoopNet broker profile both place the firm at 250 Park Ave; state license record matches suite 1901. | Independently verified (The boutique NYC real-estate firm moved to the 19th floor of 250 Park Avenue at the end of 2015 (Commercial Observer) and current directories (LoopNet) | Researched by agent sweep 2026-07-30, adjudicated by hand"
TALCOTT HOLDINGS INC,6538 COLLINS AVE #233,MIAMI BEACH,FL,33141,true,"Source: https://opencorporates.com/companies/us_fl/P19000050937 | bizprofile.net shows the same principal address with 2 registered entities at that unit; LinkedIn ties Greenwall to the company as president. | Independently verified (Florida Division of Corporations shows Talcott Holdings, Inc. (active, filed 2019) with principal and mailing address 6538 Collins Ave #233, Miami Bea) | Researched by agent sweep 2026-07-30, adjudicated by hand"
RST DEVELOPMENT LLC,168 BUSINESS PARK DR STE 200,VIRGINIA BEACH,VA,23462,true,"Source: https://www.dnb.com/business-directory/company-profiles.rst_development_llc.eb34b2ea90fca55d27e06fe844d7dd00.html | allbiz.com listing shows same address and phone (757) 473-3706; corporationwiki links Todd Copeland to RST entities in Virginia Beach. | Independently verified (Multiple independent directories (D&B, AllBiz, Yellow Pages) list RST Development LLC at 168 Business Park Dr Ste 200, Virginia Beach VA 23462 as its ) | Researched by agent sweep 2026-07-30, adjudicated by hand"
COMMUNITY DEVELOPMENT GROUP,2500 ARAPAHOE AVE STE 220,BOULDER,CO,80302,true,"Source: https://www.cdgcolorado.com/contact/ | BBB Boulder profile (general contractor) and LinkedIn (Chuck Bellock, President at Community Development Group) corroborate company and city. | Independently verified (BBB and the Denver HBA member directory list Community Development Group (legally Chuck Bellock Construction Inc., managed by Chuck Bellock — the dono) | Researched by agent sweep 2026-07-30, adjudicated by hand"
RMCB,200 PEMBERWICK RD,GREENWICH,CT,06831,true,"Source: https://www.bbb.org/us/ny/elmsford/profile/collections-agencies/retrieval-masters-creditors-bureau-inc-0121-2590 | corporationwiki lists Russell Fuchs as president at the Elmsford address; NY AG settlement PDF and Krebs on Security coverage confirm company identity and location. | Researcher's answer was refuted and corrected by the verifier: Stale address: signed state AG consent judgments (NY, VT, CO, March 2021) state that Retrieval-Masters Creditors Bureau's principal place of business is 200 Pemberwick Road, Greenw | Corrected source: https://ag.ny.gov/sites/default/files/new_york_agreement_signed.pdf | Researched by agent sweep 2026-07-30, adjudicated by hand"
FACTOR FINDERS LLC,25101 CHAGRIN BLVD STE 250,BEACHWOOD,OH,44122,true,"Source: https://www.bbb.org/us/oh/beachwood/profile/accounting/factor-finders-llc-0312-92020594 | factorfinders.com/about-factor-finders/meet-our-president confirms Philip Cohen as founder-president; LinkedIn profile matches Beachwood OH. | Independently verified (BBB and Yelp both currently list Factor Finders LLC at 25101 Chagrin Blvd Ste 250, Beachwood OH 44122 — its own office, and Philip Cohen (the donor, f) | Researched by agent sweep 2026-07-30, adjudicated by hand"
MFAL CONSULTING LLC,17120 ROYAL PALM BLVD #1,WESTON,FL,33326,true,"Source: https://www.flcompanyregistry.com/companies/mfal-consulting-llc/ | Donor Jay A. Martus is the LLC's manager per the Florida registry (doc L18000096377); his LinkedIn lists him as Managing Partner, MFAL Consulting, LLC. | Independently verified (Current Florida Sunbiz record lists principal address 17120 Royal Palm Blvd #1, Weston FL 33326 with Jay A. Martus as manager; Martus's LinkedIn title) | Researched by agent sweep 2026-07-30, adjudicated by hand"
TG HOLDINGS LLC,17895 COLLINS AVE STE 2600,SUNNY ISLES BEACH,FL,33160,true,"Source: https://www.floridabulldog.org/2025/09/here-floridians-who-paid-megabucks-to-dine-with-president-donald-trump/ | Donor Julius (Jules) Trump is co-chairman of The Trump Group / Trump Holdings LLC; TG Holdings LLC is reported as headquartered at this Collins Ave office in the donor's own city. | Independently verified (Florida Bulldog reports TG Holdings LLC headquartered at 17895 Collins Ave, Suite 2600, Sunny Isles Beach, and Sunbiz shows Trump Holdings LLC and aff) | Researched by agent sweep 2026-07-30, adjudicated by hand"
MAYAN PROPERTIES INC,2665 SOUTH BAYSHORE DRIVE PH-2A,MIAMI,FL,33133,true,"Source: https://aztecgroup.com/wp-content/uploads/2021/03/Professional-Profile-E-Katz-v8.pdf | Donor Ezra Katz founded Mayan Properties in 1993 as his merchant-bank arm alongside Aztec Group; his official Aztec Group profile carries this Coconut Grove address. | Independently verified (Ezra Katz founded Mayan Properties as the principal-investment arm alongside his Aztec Group; both Aztec Group and Katz's Mayan Financial LLC are at 2) | Researched by agent sweep 2026-07-30, adjudicated by hand"
LIBERTY WEST INC,16027 VENTURA BLVD # 550,ENCINO,CA,91436,true,"Source: https://california.realest-us.org/92467-liberty_west_inc.htm | Donor Adam Milstein is President of Liberty West Inc, which he joined in 1986; it is a related entity of Hager Pacific Properties, where he is managing partner. The address is Hager Pacific's Encino office, in the donor's home city. | Independently verified (Adam Milstein is President of Liberty West Inc at 16027 Ventura Blvd #550, Encino; the Milstein Family Foundation and related Milstein entities share ) | Researched by agent sweep 2026-07-30, adjudicated by hand"
AMERICAL MANAGEMENT CO. INC,10940 WILSHIRE BLVD STE 1960,LOS ANGELES,CA,90024,true,"Source: https://www.bizprofile.net/ca/los-angeles/americal-management-company-inc | Donor Jan (Janice) Zakowski is President/CEO of Americal Management Company, Inc. per the California corporate filing and her LinkedIn; donor lives in Los Angeles where the office sits. | Independently verified (California SoS filing data shows principal and mailing address 10940 Wilshire Blvd Ste 1960, Los Angeles CA 90024, with Jan Zakowski as CEO (matching ) | Researched by agent sweep 2026-07-30, adjudicated by hand"
ROYAL CARIBBEAN CRUISES,1050 CARIBBEAN WAY,MIAMI,FL,33132,true,"Source: https://www.rclinvestor.com/contact-us/ | Donor Richard Fain is the retired longtime chairman/CEO of Royal Caribbean Group; the HQ address is confirmed by the company's own investor-relations site and SEC filings, and happens to be in the donor's home city anyway. | Independently verified (1050 Caribbean Way, Miami FL 33132 remains Royal Caribbean Group's corporate headquarters as of 2026 (investor contact page, SEC filings); the new HQ ) | Researched by agent sweep 2026-07-30, adjudicated by hand"
I & MJ GROSS CO,14300 RIDGE RD STE 100,NORTH ROYALTON,OH,44133,true,"Source: https://www.dnb.com/business-directory/company-profiles.i__m_j_gross_company.eaf858b9f9b4ae98b254e8d4a99899a6.html | Donor Harley Gross and his brother Gary run the family firm; company history names founder Isadore Gross (1916) and father Morton Gross - the 'I' and 'M J' in the corporate name. Shaker Heights donor, Cleveland-suburb HQ - perfect metro fit. | Independently verified (The I. & M.J. Gross Company operates as Gross Builders / Gross Residential, headquartered at 14300 Ridge Rd Suite 100, North Royalton OH; donor Harley) | Researched by agent sweep 2026-07-30, adjudicated by hand"
BOLT VENTURES,,NEW YORK,NY,,true,"Donor David Blitzer is the founder/chairman - Bolt Ventures (Bolt Family Office, formed 2013) is his sports-focused single-family office, consistently described as New York-based (Family Capital, Bloomberg Law, Altss); donor lives in New York. | City level only - no street published | Researched by agent sweep 2026-07-30, adjudicated by hand"
STANTON SAS,,Bogota,,,true,"Source: https://panjiva.com/Stanton-S-A-S/33668855 | Donor Ronald Bakalarz's LinkedIn and RocketReach list him as Owner of Stanton & Cia. S.A. / Stanton S.A.S.; relative Daniel Bakalarz also worked at Stanton S.A.S. | City level only - no street published | Researched by agent sweep 2026-07-30, adjudicated by hand"
THE ORDEN COMPANY,13116 Imperial Highway,Santa Fe Springs,CA,90670,true,"Source: https://ordencompany.com/privacy-policy/ | The Orden Company, LLC is a Los Angeles-basin multifamily real-estate acquisition/development/property-management firm (LinkedIn company page, ordencompany.com), matching the donor's 'real estate investor' occupation in the LA metro. | Independently verified (Santa Fe Springs Chamber of Commerce, Dun & Bradstreet, LoopNet and the company's own website all place The Orden Company (real estate / property mana) | Researched by agent sweep 2026-07-30, adjudicated by hand"
JEWBELONG,37 W 20th St Ste 307,New York,NY,10011,true,"Source: https://www.causeiq.com/organizations/jewbelong,813739789/ | Donor Margery 'Archie' Gottesman is the co-founder and principal officer of JewBelong Inc. (jewbelong.com/team, AJC bio, GuideStar EIN 81-3739789). | Independently verified (GuideStar (IRS EIN 81-3739789) lists JewBelong Inc. at 37 W 20th St Ste 307, New York, NY 10011, matching the proposed address. Donor Margery Archie G) | Researched by agent sweep 2026-07-30, adjudicated by hand"
AMBER MOUNTAIN,"30 S Wacker Dr, Suite 1706",Chicago,IL,60606,true,Current FINRA BrokerCheck filing lists Amber Mountain Trading Company here and Lawrence Bernstein as 100 percent owner; manually verified 2026-08-03.
JOEL REINSTEIN PLLC,"925 S Federal Highway, Suite 325",Boca Raton,FL,33432,true,"Source: https://www.martindale.com/organization/joel-reinstein-pa-2344351/boca-raton-florida-3559249-f/ | The donor IS the named attorney: Joel Reinstein, Florida Bar member #140304, solo practice in Boca Raton (Florida Bar directory, Martindale, Justia). | Independently verified (Martindale, Justia, FindLaw and Avvo all list attorney Joel Reinstein's Boca Raton practice (Joel Reinstein, P.A.) at 925 South Federal Highway, Suite) | Researched by agent sweep 2026-07-30, adjudicated by hand"
MARIC INC,"197 First Ave, Suite 300",Needham Heights,MA,02494,true,"Source: https://www.dandb.com/businessdirectory/maricinc-needhamheights-ma-1245283.html | Donor Mark H. Rubin founded Maric Inc in 1984 and led it as President for four decades (LinkedIn, allpeople.com, rocketreach); Boston-area commercial real-estate investment firm - donor retired in West Newton MA, same metro. | Independently verified (Dun & Bradstreet, Superpages, Manta, Yelp and Macrae's Blue Book all list Maric Inc at 197 1st Ave, Suite 300, Needham Heights, MA 02494, with a Rubin) | Researched by agent sweep 2026-07-30, adjudicated by hand"
TRIPLE S INVESTMENT LLP,1916 Livingston Ave,Saint Paul,MN,55118,true,"Source: https://www.yelp.com/biz/triple-s-investments-saint-paul | Corporationwiki lists Scott Shaller as Partner of Triple S Investments LLP; allbiz/Manta tie the firm to the Shaller family - donor Steven Shaller of Sunfish Lake MN (adjacent suburb) matches the 'Triple S' (Shaller) real-estate partnership. | Independently verified (Yelp (updated June 2025), Dun & Bradstreet, BBB and Chamber of Commerce all place Triple S Investments L.L.P. at 1916 Livingston Ave, Saint Paul (West) | Researched by agent sweep 2026-07-30, adjudicated by hand"
KARNEY PROPERTIES CO,"12011 San Vicente Blvd, Suite 700",Los Angeles,CA,90049,true,"Source: https://www.zoominfo.com/c/karney-properties-co/348042079 | Donor Aliza Karney Guren is CEO (2003-2025) then Executive Chairman and co-owner of Karney Properties (karney.net/team, LA Business Journal); granddaughter-generation owner of founder David V. Karney's firm. | Independently verified (ZoomInfo/Datanyze and the firm's own site (karney.net) place Karney Properties' headquarters at 12011 San Vicente Blvd, Suite 700, Los Angeles, CA 900) | Researched by agent sweep 2026-07-30, adjudicated by hand"
KARNEY MANAGEMENT CO,"12011 San Vicente Blvd, Suite 700",Los Angeles,CA,90049,true,"Source: https://www.yelp.com/biz/karney-management-los-angeles | Same donor, Aliza Karney Guren - Karney Management Company is the property-management arm of the Karney family firm (Vernon Chamber member listing, Yelp, LinkedIn company page shared with Karney Properties Co.). | Independently verified (Yelp (listing updated February 2026) confirms Karney Management at 12011 San Vicente Blvd, Los Angeles, the same Suite 700 office as its sister entity) | Researched by agent sweep 2026-07-30, adjudicated by hand"
POMEGRANATE,527 Lagonda Ave,Lexington,KY,40505,true,"Source: https://www.yelp.com/biz/pomegranate-lexington | Donor Angela Beck is founder (1995), President and Owner of Pomegranate, Inc., the Lexington KY hand-block-printed linens/textile company (ZoomInfo, pomegranateinc.com/pages/about-us, StyleBlueprint, Victoria magazine). | Independently verified (Donor Angela Beck is the founder/president of Pomegranate Inc., the Lexington KY textile and home-accessories company, so it is the right company. Yel) | Researched by agent sweep 2026-07-30, adjudicated by hand"
EIGHTEEN ASSOCIATES,32 COURT ST STE 607,Brooklyn,NY,11201,true,"Source: https://www.bizprofile.net/ny/brooklyn/eighteen-associates-llc | Eighteen Associates LLC is a Brooklyn property-management/real-estate firm at 32 Court St Ste 607 (NY filing info via bizprofile.net; also listed on Yelp and in NY court cases as a commercial landlord). It is the only NY-metro real-estate company wit | Independently verified (Eighteen Associates LLC is a real-estate management firm at 32 Court St, Brooklyn NY 11201 (est. 2000, active), matching the donor's NY real-estate co) | Researched by agent sweep 2026-07-30, adjudicated by hand"
ROBERT MARTIN CO,100 CLEARBROOK RD,Elmsford,NY,10523,true,"Source: https://www.yelp.com/biz/robert-martin-company-elmsford | Robert Martin Company LLC (Westchester real estate, founded 1957 by Robert F. Weinberg and Martin S. Berger - the name is the founders' first names). HQ 100 Clearbrook Road, Elmsford NY 10523. Brad Berger appears as an officer in the company's CT for | Independently verified (The Beverly Hills donor looked like a possible same-name mismatch, but Brad Berger is a son of Martin S. Berger, co-founder of Robert Martin Company o) | Researched by agent sweep 2026-07-30, adjudicated by hand"
PCF INSURANCE SERVICES (TOTAL INSURANCE),3175 COMMERCIAL AVE STE 200,Northbrook,IL,60062,true,"Source: https://www.bbb.org/us/il/northbrook/profile/insurance-companies/total-insurance-services-inc-0654-88024519 | Eric Jaffee is a Principal/Partner of Total Insurance Services Inc, which operates as 'PCF Insurance dba Total Insurance Services' (his LinkedIn headline). Total Insurance Services is at 3175 Commercial Ave #200, Northbrook IL 60062 (BBB profile; tot | Independently verified (Donor Eric Jaffee is President/Principal of Total Insurance Services (LinkedIn lists him at 'PCF Insurance dba Total Insurance Services'), so the Nort) | Researched by agent sweep 2026-07-30, adjudicated by hand"
CROSSLAND LLC,,Baltimore,MD,,true,"Avi Benus is CEO of Crossland, LLC per LinkedIn (https://www.linkedin.com/in/avi-benus-11abbb19/), ZoomInfo and RocketReach; all place him in the Baltimore/Columbia MD area, and he sits on the Baltimore Jewish Council board. He was previously CEO of  | City level only - no street published | Researched by agent sweep 2026-07-30, adjudicated by hand"
MARC BELSKY LTD,420 LEXINGTON AVE,New York,NY,10170,true,"Source: https://www.marcbelsky.com/lets-talk/ | Marc Belsky Ltd, Real Estate Equity Brokers - office at 420 Lexington Avenue, New York NY 10170 (official site contact page; D&B profile). Donor Jonathan Heller is listed as Senior Vice President at Marc Belsky Ltd (RocketReach org chart), matching h | Independently verified (Marc Belsky Ltd (real-estate equity brokerage, fitting the donor's 'real estate private equity' occupation) lists 420 Lexington Ave, New York NY 10170) | Researched by agent sweep 2026-07-30, adjudicated by hand"
JESSICA'S,5500 SOTO ST,Vernon,CA,90058,true,"Source: http://www.jessicasoutlet.com/contact.html | Richard Koral is Founder and CEO of Jessica's (Jessica's Brands, a women's apparel company) per the company's own management page (http://www.jessicasoutlet.com/management.html). Company contact page lists 5500 Soto Street, Vernon CA 90058, phone (32 | Independently verified (Richard Koral is CEO of Jessica's Brands (jessicasoutlet.com), and the company's own contact page and current listings place it at 5500 S Soto St in t) | Researched by agent sweep 2026-07-30, adjudicated by hand"
INTELISENT LLC,597 NORTH MOUNTAIN RD,Newington,CT,06111,true,"Source: https://local.yahoo.com/info-210045419-intelisent-newington/ | Mark Mandell is Founder, President and CEO of Intelisent, a direct-mail tracking/omnichannel marketing firm that spun out of Newington mail marketer Data-Mail (Hartford Business Journal). Directory listings (Yahoo Local, ContactOut, Ampliz, mailing-i | Independently verified (Intelisent's facility is at 597 North Mountain Rd, Newington CT 06111, confirmed by multiple current directories (Yahoo Local, Datanyze, ZoomInfo), an) | Researched by agent sweep 2026-07-30, adjudicated by hand"
SPM MARKETING AND COMMUNICATIONS,15 W HARRIS AVE,La Grange,IL,60525,true,"Source: https://www.yelp.com/biz/spm-marketing-and-communications-la-grange | Larry (Lawrence) Margolis's LinkedIn: 'Retired Managing Director at SPM Marketing Communications', Managing Partner 1987-2018. SPM Marketing & Communications is a healthcare brand/marketing agency headquartered at 15 W Harris Ave, La Grange IL 60525  | Independently verified (SPM Marketing & Communications (healthcare marketing agency, founded 1983) is headquartered at 15 W Harris Ave, Suite 300, La Grange IL 60525 — its ow) | Researched by agent sweep 2026-07-30, adjudicated by hand"
LDUB LLC,,Little Elm,TX,,true,"Texas registry shows LDUB, LTD. registered in Little Elm TX (Bizapedia: https://www.bizapedia.com/tx/ldub-ltd.html) - the donor's exact town. Donor Larry Denbrock is a building-products executive (CEO of US Cabinet Depot per LinkedIn; former CEO of a | City level only - no street published | Researched by agent sweep 2026-07-30, adjudicated by hand"
KITU SYSTEMS INC,"3760 Convoy Street, Suite 221",San Diego,CA,92111,true,"Source: https://craft.co/kitu/locations | Donor Rick Kornfeld of La Jolla CA, occupation CEO, is publicly President & CEO of Kitu Systems, Inc. (LinkedIn, kitu.io leadership pages). La Jolla is in San Diego - active-donor metro matches. | Independently verified (Kitu Systems' own contact page (kitu.io/contact) and current directory listings place the company at 3760 Convoy Street, Suite 221, San Diego, CA 9211) | Researched by agent sweep 2026-07-30, adjudicated by hand"
THE FLATIRON GROUP,,New York,NY,,true,"Source: https://in.marketscreener.com/insider/TAMARA-TOTAH-PICACHE-A2L1WG/ | Donor Tamara (Totah) Picache was CEO of Flatiron Group LLC, a New York private investment firm, from 2005-2017 (MarketScreener), and is now managing partner of the related Flatiron Venture Partners at 55 Fifth Ave, 18th Fl, New York NY 10003 (flatiro | City level only - no street published | Researched by agent sweep 2026-07-30, adjudicated by hand"
QUEST HOLDINGS,"400 Red Brook Blvd, Suite 120",Owings Mills,MD,21117,true,"Source: https://www.bbb.org/us/md/owings-mills/profile/property-management/quest-management-group-llc-0011-90270827 | Donor Jason Reitberger of Baltimore MD, occupation REAL ESTATE DEVELOPER, is CEO of Quest Holdings, LLC, the investment affiliate of Quest Management Group, LLC (liveqmg.com/about-us, PRWeb acquisition releases, ZoomInfo). Active in the Baltimore Jew | Researcher's answer was refuted and corrected by the verifier: Right company (Jason Reitberger is CEO of Quest Holdings LLC / Quest Management Group, which relocated to the Red Brook Corporate Center in Owings Mills in 2023) and right building | Corrected source: https://www.bbb.org/us/md/owings-mills/profile/property-management/quest-management-group-llc-0011-90270827 | Researched by agent sweep 2026-07-30, adjudicated by hand"
CONGRESS AUTO INSURANCE AGENCY,"5 Whittier Street, 4th Floor",Framingham,MA,01702,true,"Source: https://www.bbb.org/us/ma/framingham/profile/insurance-companies/congress-auto-insurance-agency-inc-0021-6635 | Donor Gordon Owades of Lexington MA was president and owner of Congress Auto Insurance Agency, Inc. (Congress Insurance Agency of Lynn's about page names him as the prior owner who transferred ownership in 2017 - consistent with his RETIRED occupatio | Independently verified (Congress Insurance Agency's main office is at 5 Whittier Street, 4th Floor, Framingham, MA 01702, confirmed by a Yelp listing updated March 2026, the ) | Researched by agent sweep 2026-07-30, adjudicated by hand"
MARQETA,"180 Grand Avenue, 6th Floor",Oakland,CA,94612,true,"Source: https://craft.co/marqeta/locations | Donor Omri Dahan was Marqeta's longtime Chief Revenue Officer; now retired in Los Angeles. Retiree rule: judge the company by the company - Marqeta, Inc. (NASDAQ: MQ) is headquartered in Oakland CA. | Independently verified (Marqeta's own FY2025 SEC filings and multiple 2025 directory sources list the principal executive office as 180 Grand Avenue, 6th Floor, Oakland, CA 9) | Researched by agent sweep 2026-07-30, adjudicated by hand"
CORAD INVESTMENTS LLC,,West Palm Beach,FL,,true,"Source: https://www.linkedin.com/in/david-naftaly-aa105a307 | Donor David Naftaly of West Palm Beach FL is the managing member of Corad Investments, LLC per his own LinkedIn and D&B; Florida LLC registered July 2013, based in West Palm Beach. | City level only - no street published | Researched by agent sweep 2026-07-30, adjudicated by hand"
JOEL BROOKS & ASSOCIATES,"265 Post Avenue, Suite 320",Westbury,NY,11590,true,"Source: https://www.lawyers.com/westbury/new-york/joel-brooks-and-associates-p-c-565024-f/ | Donor Joel Brooks of Old Westbury NY, retired, is the eponymous principal of Joel Brooks & Associates, P.C., a law firm in adjacent Westbury NY (Lawyers.com, Martindale, Yelp all list it). | Independently verified (Joel Brooks & Associates, P.C. is listed at 265 Post Avenue (Suite 320), Westbury, NY 11590 across Martindale, Lawyers.com, and a Yelp listing updated) | Researched by agent sweep 2026-07-30, adjudicated by hand"
MADALUXE GROUP,1760 Apollo Court,Seal Beach,CA,90740,true,"Source: https://www.zoominfo.com/pic/madaluxe-group/353833408 | Donor Adam Freede of Seal Beach CA, occupation CEO, is the co-founder and CEO of MadaLuxe Group, the largest US distributor of luxury fashion (Crunchbase, California Apparel News, madaluxe.com). HQ is in his own city of Seal Beach. | Independently verified (MadaLuxe Group's headquarters is 1760 Apollo Court, Seal Beach, CA 90740 per Dun & Bradstreet, ZoomInfo, and The Org; the company is active (announced) | Researched by agent sweep 2026-07-30, adjudicated by hand"
NALSANI USA INC,1920 E Hallandale Beach Blvd PH 2,Hallandale Beach,FL,33009,true,"Source: https://pr.business/nalsani-usa-inc-hallandale-beach-florida | Donor Yonatan Bursztyn is the founder/president of Nalsani (the Colombian parent of the Totto brand); corporationwiki lists him as President of Nalsani (U.S.A.) Inc. in Hallandale Beach FL, and Florida Sunbiz carries the entity. Donor's home (Hollywo | Independently verified (Multiple directories (Manta, pr.business, Nextdoor) list Nalsani USA Inc at 1920 E Hallandale Beach Blvd PH 2, Hallandale Beach FL 33009, and Florida ) | Researched by agent sweep 2026-07-30, adjudicated by hand"
FELKER TOCZEK SUDDLESON ABRAMSON LLP,"1801 Century Park East, Suite 2000",Los Angeles,CA,90067,true,"Source: https://profiles.superlawyers.com/california/los-angeles/lawfirm/felker-toczek-suddleson-abramson-llp/e2aedee3-ab02-4a03-87bd-0707b8175c36.html | Donor Patti Felker is the founding name partner (entertainment attorney). Firm is now styled Felker Toczek Suddleson Abramson McGinnis Ryan LLP; current listings tied to the newest firm name give 1801 Century Park E, Ste 2000, LA 90067. | Independently verified (Current sources (LinkedIn, lawyer.com, LawInfo) place the firm at 1801 Century Park East, Suite 2000, Los Angeles CA 90067 (tel 310-441-8000). The fir) | Researched by agent sweep 2026-07-30, adjudicated by hand"
HARBERT MANAGEMENT CORPORATION,"2100 3rd Avenue North, Suite 600",Birmingham,AL,35203,true,"Source: https://www.bbb.org/us/al/birmingham/profile/investment-management/harbert-management-corporation-0463-9965 | Well-known Birmingham AL investment firm; donor Joel B. Piassick (retired, Mountain Brook AL - a Birmingham suburb) was a senior Harbert Management executive. Geography and role both fit. | Independently verified (D&B, BBB and LinkedIn all list Harbert Management Corporation headquarters at 2100 3rd Ave N, Suite 600, Birmingham AL 35203-3416. This is the investm) | Researched by agent sweep 2026-07-30, adjudicated by hand"
UNITED FASHIONS OF TEXAS,4629 Macro Dr,San Antonio,TX,78218,true,"Source: https://www.bbb.org/us/tx/san-antonio/profile/food-manufacturer/united-fashions-of-texas-llc-0825-1000103932 | United Fashions of Texas LLC operates the Melrose / My Melrose apparel chain, headquartered in San Antonio - the donor's own city. Yelp and BBB both list 4629 Macro Dr, San Antonio TX 78218. | Independently verified (OpenCorporates, D&B, Yelp (updated Feb 2026) and LeadIQ all place United Fashions of Texas LLC (dba Melrose Family Fashions) corporate office and dist) | Researched by agent sweep 2026-07-30, adjudicated by hand"
WEISS FAMILY PROPERTIES,15551 Cabrito Rd,Van Nuys,CA,91406,true,"Source: https://opengovus.com/los-angeles-business/0002536384-0001-0 | Weiss Family Properties LLC is a Weiss-family rental-property firm serving Los Angeles/San Fernando Valley, registered with the City of LA at 15551 Cabrito Rd, Van Nuys 91406 (also on the firm's own site wfproperties.com and Yelp). Donor is a Weiss i | Independently verified (The company's own website (wfproperties.com contact page) states the main headquarters is 15551 Cabrito Road, Van Nuys CA 91406, matching the LA busin) | Researched by agent sweep 2026-07-30, adjudicated by hand"
GLASS GARDENS SHOPRITES,244 W Passaic St,Rochelle Park,NJ,07662,true,"Source: https://www.clodura.ai/directory/company/glass-gardens-inc-shoprites | Donor Andrew Kent (Tenafly NJ) is Executive Vice President of Glass Gardens, Inc., the family company operating ShopRite supermarkets in NJ/NY - matching his 'SUPERMARKET EXECUTIVE' occupation. Company is based at 244 W Passaic St, Rochelle Park NJ,  | Independently verified (D&B and Yellow Pages list Glass Gardens Inc corporate HQ at 244 W Passaic St, Rochelle Park NJ (one Yelp listing shows 220 W Passaic, the adjacent Sho) | Researched by agent sweep 2026-07-30, adjudicated by hand"
GOLDBERG REALTY ASSOCIATES,"33 Clinton Rd, Suite 202",West Caldwell,NJ,07006,true,"Source: https://www.bbb.org/us/nj/west-caldwell/profile/property-management/goldberg-realty-associates-co-0221-24000050 | Donor Michael Goldberg is President & CEO of Goldberg Realty Associates (per theorg.com), a NJ multi-family property-management firm founded 1964. Donor lives in Livingston NJ, minutes from the West Caldwell office. Yelp and BBB give 33 Clinton Rd, W | Independently verified (Yelp (updated June 2026), BBB, Procore and the firm's own site place Goldberg Realty Associates at 33 Clinton Rd, Suite 202, West Caldwell NJ 07006. T) | Researched by agent sweep 2026-07-30, adjudicated by hand"
AA ALL METAL RECYCLING,1226 49th Ave,Oakland,CA,94601,true,"Source: https://www.dandb.com/businessdirectory/aaallmetalrecycling-oakland-ca-5462994.html | California filings (bizprofile.net) list donor Julie Ovadia as a Director of AA All Metal Recycling, Inc., with Roni Ovadia as agent; the corporate principal/mailing address is 1106 Via Roble, Lafayette CA 94549 - the donor's own home city. The opera | Independently verified (ScrapMonster, Yellow Pages, Manta and hub.biz all list AA All Metal Recycling at 1226 49th Ave, Oakland CA 94601, and the listed company contact is Ro) | Researched by agent sweep 2026-07-30, adjudicated by hand"
INTERLIGHT,7939 New Jersey Ave,Hammond,IN,46323,true,"Source: https://opengovus.com/sam-entity/KY7JKUY8BHB5 | International Lighting Corp., dba Interlight, is a family-owned specialty-bulb distributor at 7939 New Jersey Ave, Hammond IN 46323-3040 (SAM federal registration). Its officers are the Gray family - Bill Gray is listed as an officer alongside Steve  | Independently verified (Interlight's own website (interlightus.com), BBB and Yelp (updated July 2026) confirm 7939 New Jersey Ave, Hammond IN 46323 as the company's own headq) | Researched by agent sweep 2026-07-30, adjudicated by hand"
KLS FINANCIAL,15233 Ventura Blvd Ste 704,Sherman Oaks,CA,91403,true,"Source: https://www.klsfinancial.com/contact | Donor Melvin Plutsky is the founder/owner of KLS Financial (formed 1986), per the company's own About page and his Revere/LinkedIn profiles. | Independently verified (Right company: an LA/San Fernando Valley property-management firm, matching the donor's 'real estate management' occupation and Santa Monica location.) | Researched by agent sweep 2026-07-30, adjudicated by hand"
SSS EDUCATION INC,546 US Highway 46,Teterboro,NJ,07608,true,"Source: https://www.jerseycollege.edu/campuses/new-jersey/teterboro-nj | Donor Greg Karzhevsky is the founder and chancellor of Jersey College; EIN record (w9ein.com, EIN 27-0065816) and an FCC ULS license both show 'SSS EDUCATION, INC. DBA JERSEY COLLEGE'. | Independently verified (SSS Education Inc is the corporate entity behind Jersey College, headquartered at 546 US Highway 46, Teterboro NJ per D&B and multiple directories; Bu) | Researched by agent sweep 2026-07-30, adjudicated by hand"
TRIUMPH MANAGEMENT,9454 Wilshire Blvd Ste 800,Beverly Hills,CA,90212,true,"Source: https://www.bizprofile.net/ca/beverly-hills/triumph-management-company | Donor Donald Feder is Vice President of Triumph Properties Group / Triumph Management Company (Revere profile; company team page lists the Feder family). | Independently verified (Right company: Triumph Properties/Triumph Management Company was founded by Paul Feder and is managed by Donald Feder of Beverly Hills - the donor him) | Researched by agent sweep 2026-07-30, adjudicated by hand"
IDAHO FREEZ PAK CORP,1 Ethel Blvd,Wood Ridge,NJ,07075,true,"Source: https://www.dnb.com/business-directory/company-profiles.idaho_freez-pak_inc.51fe6a93d8e41d1af87b786c680b0650.html | Eric Senderowicz is listed as president; Henry Senderowicz is a key principal - the Senderowicz family runs the company, and Eric J. Senderowicz is directly associated with the 1 Ethel Blvd address. | Independently verified (Idaho Freez-Pak Inc, a wholesale frozen-foods company affiliated with Reddy Raw, operates at 1 Ethel Blvd, Wood-Ridge NJ 07075 per D&B, Manta, and Yah) | Researched by agent sweep 2026-07-30, adjudicated by hand"
TOWER VENTURES/PARAGON,495 Tennessee St Ste 152,Memphis,TN,38103,true,"Source: https://towerventures.com/contact/ | Donor Craig Weiss is co-founder/partner and EVP of Leasing at Tower Ventures LLC, Memphis (LinkedIn, Crunchbase, company team page), and chairman of the board of Memphis-based Paragon Bank - the keyed name lists both roles. | Independently verified (Tower Ventures LLC, a Memphis wireless-tower developer, is at 495 Tennessee Street Suite 152, Memphis TN 38103 (Greater Memphis Chamber listing and th) | Researched by agent sweep 2026-07-30, adjudicated by hand"
GREEN EARTH REALTY,6220 Campbell Rd Ste 104,Dallas,TX,75248,true,"Source: https://opencorporates.com/companies/us_tx/0800807054 | Donor Michael Zimmermann is managing partner of Green Earth Realty, Dallas (LoopNet broker profile, corporationwiki manager record). | Independently verified (Green Earth Realty LLC, a Dallas real-estate firm licensed since 2007, lists 6220 Campbell Rd Suite 104, Dallas TX 75248 on its own site, and Michael ) | Researched by agent sweep 2026-07-30, adjudicated by hand"
LAVITSKY COMPUTER LABORATORIES INC,865 Sherwood Rd,Bridgewater,NJ,08807,true,"Source: https://www.dandb.com/businessdirectory/lavitskycomputerlaboratoriesinc-bridgewater-nj-15230874.html | Donor Eric Lavitsky is president of Lavitsky Computer Laboratories Inc (LinkedIn, company site lavitsky.com); D&B, Buzzfile and Manta all place the company at this Bridgewater NJ address - the donor's own city. | Independently verified (The eponymous consulting/software firm of donor Eric Lavitsky (consultant, Bridgewater NJ). D&B, Manta, and YellowPages all place Lavitsky Computer La) | Researched by agent sweep 2026-07-30, adjudicated by hand"
510 VENTURES LLC,510 Garrison Forest Rd,Owings Mills,MD,21117,true,"Source: https://marylanddb.com/company/W06864136/510-ventures-llc | Maryland registry record shows 510 Ventures LLC (incorporated 2002) with resident agent Mark D. Neumann Esq. at 510 Garrison Forest Rd, Owings Mills MD 21117 - the donor's own city; other records list Mark Neumann as CEO. | Independently verified (Maryland registry shows 510 Ventures LLC (active, incorporated 2002) with business address 510 Garrison Forest Rd, Owings Mills MD 21117; the resident) | Researched by agent sweep 2026-07-30, adjudicated by hand"
METROLOFT NYC,40 WALL ST,NEW YORK,NY,10005,true,"Source: https://metroloft.com/contact/ | Donor Nathan Berman is the founder/managing principal of Metro Loft Management LLC; press (Bloomberg, WealthManagement) says he runs the firm from 40 Wall St in the Financial District; Yelp and the official contact page list 40 Wall St, New York, NY  | Independently verified (Metro Loft Management, founded and led by donor Nathan Berman (CEO/managing principal), is headquartered at 40 Wall Street (17th Floor) in Manhattan's) | Researched by agent sweep 2026-07-30, adjudicated by hand"
SURRY INVESTMENT ADVISORS,56 SURRY DAM RD,SURRY,NH,03431,true,"Source: https://www.nhcompanyregistry.com/companies/surry-investment-advisors-llc/ | Donor Mark Gross is president/owner of Surry Investment Advisors LLC (AIRA bio; former co-president of C&S Wholesale Grocers) and lives in Surry NH — the firm is named after and registered in his own town. | Independently verified (NH company registry lists Surry Investment Advisors, LLC at 56 Surry Dam Road, Surry NH 03431. Donor Mark Gross is the firm's founder and president an) | Researched by agent sweep 2026-07-30, adjudicated by hand"
ATHOS PR,,WASHINGTON,DC,,true,"Source: https://athospr.com/teammember/sarit-catz/ | Donor Sarit Catz is listed as Senior Vice President on the firm's own team page, matching her 'media strategist' occupation. | City level only - no street published | Researched by agent sweep 2026-07-30, adjudicated by hand"
PARAGON AFFILIATES,1 PARAGON DR STE 145,MONTVALE,NJ,07645,true,"Source: https://us.kompass.com/c/paragon-affiliates/usnn5551581/ | Donor Robert Heller served as president of Paragon Affiliates Inc (D&B/dandb listing names him as contact; role removed Dec 2021, matching his RETIRED status), and the Robert & Esther Heller Foundation is registered at the same Paragon Drive address. | Independently verified (Multiple directories (Kompass, D&B, pr.business, Yelp) list Paragon Affiliates Inc, a real-estate management firm, at 1 Paragon Dr Ste 145, Montvale N) | Researched by agent sweep 2026-07-30, adjudicated by hand"
TRUST DEED INVESTMENTS,8 WOLFE AVE,SAN RAFAEL,CA,94901,true,"Source: https://www.bizprofile.net/ca/san-rafael/trust-deed-investments-inc | Donor Philip Goldstein of San Rafael is president/CEO/CFO and registered agent of Trust Deed Investments, Inc. (LinkedIn: 'Philip Goldstein - President at Trust Deed Investments'); company city matches donor city exactly. | Independently verified (California Secretary of State registry data (extracted July 2025, active status) lists Trust Deed Investments, Inc. with principal address 8 Wolfe Ave) | Researched by agent sweep 2026-07-30, adjudicated by hand"
U.S. DEPARTMENT OF STATE,2201 C Street NW,Washington,DC,20520,true,"Harry S Truman Building, the department headquarters (state.gov). Canonical for the whole State-family of spellings unified 2026-07-30"
ALTMAN COMPANIES,"201 East Las Olas Boulevard, Suite 1900",Fort Lauderdale,FL,33301,true,"Source: https://altmancos.com/contact/ | Donor Seth Wise is co-CEO of The Altman Companies / BBX Capital Real Estate (altmancos.com team page, Forbes Councils profile) and lives in Fort Lauderdale — the HQ city. Address is from the company's own contact page. | Verified: Company's own contact page (now branded Altman Living after BBX Capital acquisition) and independent directories (LeadIQ, BBB) all list HQ a | Second-pass agent sweep 2026-08-01, adjudicated by hand"
KEYSTONE PROPERTY GROUP,"1001 Conshohocken St Rd, Suite 2-100",West Conshohocken,PA,19428,true,"Source: https://keystone.us/connect/ | Donor William (Bill) Glazer is founder/CEO of Keystone Property Group (LinkedIn, Bloomberg profile); he lives in Gladwyne PA, ~15 minutes from the Conshohocken-area HQ. Address is from the firm's own Connect page. | Verified: Firm's own Connect page lists 1001 Conshohocken St Rd Suite 2-100, West Conshohocken PA 19428, matching the claim exactly. An older D&B regi | Second-pass agent sweep 2026-08-01, adjudicated by hand"
GOODMAN AND LEVINE,"1970 Broadway, Suite 1200",Oakland,CA,94612,true,"Source: https://profiles.superlawyers.com/california/oakland/lawfirm/goodman-and-levine-llp/76794aa5-9f7e-41b5-8e09-9fea57c8de59.html | Goodman & Levine, LLP is an Oakland CA law firm whose listed attorney is Richard Arthur Goodman (real-estate practice) — matching donor Richard Goodman, retired, of Walnut Creek CA across the bay. Retired status is consistent with Yelp mark | Verified: LawInfo, SuperLawyers, and FindLaw all list Goodman & Levine, LLP at 1970 Broadway Suite 1200, Oakland CA 94612, with attorney Richard Arthu | Second-pass agent sweep 2026-08-01, adjudicated by hand"
FRANKLIN ADVISORS,"32300 Northwestern Hwy, Ste 215",Farmington Hills,MI,48334,true,"Source: https://www.lawyer.com/louis-glazier-mi.html | Donor Louis Glazier is Principal at Franklin Advisors (ZoomInfo, email domain franklinadvisors.net) and a Michigan attorney of 46+ years whose office of record is Franklin Advisors LLC at this address — ~10 minutes from his West Bloomfield  | Verified: Right company and building: Yelp (updated Jan 2026), ZoomInfo, and Martindale all place Franklin Advisors LLC and principal Louis Glazier at | Second-pass agent sweep 2026-08-01, adjudicated by hand"
YATA,"448 Viking Dr, Suite 245",Virginia Beach,VA,23452,true,Historical office from contractor licensing records; Florida registry ties Robert Josephberg to YATA Corporation; company is inactive; manually verified 2026-08-03.
TURGO,,Key Biscayne,FL,,true,"Source: https://bisprofiles.com/fl/turgo-l13000075079 | Florida registry: TURGO LLC (L13000075079, active, Miami-Dade) lists Peter A Hoffmann as President/Registered Agent; Florida DBPR shows Peter A. Hoffmann DBA Turgo LLC holding a certified general contractor license (myfloridalicense.com). D | City level only | Second-pass agent sweep 2026-08-01, adjudicated by hand"
ORTHOPAEDIC CARE CENTER OF SOUTH FLORIDA,"21000 NE 28th Ave, Suite 104",Aventura,FL,33180,true,"Source: https://npiregistry.cms.hhs.gov/api/?number=1275736571&version=2.1 | NPI registry (NPI 1275736571) lists Dr. Barry J. Silverman MD, orthopaedic surgery of the spine, practice location 21000 NE 28th Ave Suite 104, Aventura FL 33180-1421. His LinkedIn/VisualCV title is 'Orthopaedic Surgeon at Orthopaedic Care  | Verified: Could not refute. Yelp (listing updated Feb 2026) and Medicarelist independently confirm Orthopedic Care Center at 21000 NE 28th Ave, Aventu | Second-pass agent sweep 2026-08-01, adjudicated by hand"
WALDORF INVESTMENT COMPANY INC,"405 El Camino Real, Ste 260",Menlo Park,CA,94025,true,"Source: https://www.bizprofile.net/ca/menlo-park/waldorf-family-investments-llc | CA filing for 'Waldorf Family Investments, LLC' (formed 2012, Menlo Park) shows principal address 405 El Camino Real Ste 260, Menlo Park CA 94025, with Gregory Waldorf as registered agent and manager. Donor is Greg Waldorf, CEO, Menlo Park  | Verified: Could not refute. CA filings for Waldorf Family Investments, LLC (active, formed 2012) and its 2022 successor LLC both list principal addres | Second-pass agent sweep 2026-08-01, adjudicated by hand"
P HOLDING COT,"2980 NE 207th St, Suite 706",Aventura,FL,33180,true,"Source: https://search.sunbiz.org/Inquiry/CorporationSearch/SearchResultDetail?inquirytype=EntityName&directionType=Initial&searchNameOrder=PHOLDING%20P980000094001&aggregateId=domp-p98000009400-ed11f92f-a80f-4570-b95f-97d7e06e2237&searchTerm=p%20holding&listNameOrder=PHOLDING%20P980000094001 | Florida Sunbiz: 'P HOLDING CORPORATION, INC.' (doc P98000009400, ACTIVE, filed 1998, annual reports through 2026) lists donor LEO GHITIS as President/Secretary/Director and Jonathan Ghitis as VP. Principal address 2980 NE 207th St Suite 706 | Verified: Verified live on Sunbiz during this check: P HOLDING CORPORATION, INC. (doc P98000009400) is ACTIVE with its 2026 annual report filed 03/23/ | Second-pass agent sweep 2026-08-01, adjudicated by hand"
CRONIN AUTO,10590 New Haven Rd,Harrison,OH,45030,true,"Source: https://www.zoominfo.com/c/cronin-auto-group/1110010760 | Cronin Auto Group is a multi-brand dealership group headquartered at 10590 New Haven Rd, Harrison OH 45030 (ZoomInfo; croninauto.com is the group site). BBB independently lists Cronin Ford on the same campus at 10700 New Haven Road, Harriso | Verified: Could not refute. 10590 New Haven Rd, Harrison OH 45030 is Cronin Kia, a Cronin Auto Group dealership on the group's own Harrison campus (Cr | Second-pass agent sweep 2026-08-01, adjudicated by hand"
AR PLASTICS,19522 Embassy Ct,Miami,FL,33179,true,Current Florida Sunbiz principal address; Raphael Ades is listed as manager; manually verified 2026-08-03.
PHILSON,1465 MAIN ST,WATERTOWN,CT,06795,true,"Source: https://www.yellowpages.com/watertown-ct/mip/philson-inc-445215 | CT registry data shows Philson, Inc. (est. 1980) at 1465 Main St, Watertown CT with EMIL MESHBERG as registered agent, and FEC contribution records (city-data.com) list Samuel Meshberg as 'president of Philson' in manufacturing. The Meshber | Verified: Multiple independent directories (BBB, Yelp listing updated Feb 2026, Bloomberg profile, Superpages, MerchantCircle) all place Philson Inc — | Second-pass agent sweep 2026-08-01, adjudicated by hand"
DBK MD PHD,,LOS ANGELES,CA,,true,"Source: https://npiprofile.com/npi/1437557055 | DBK = David B. Katzin, the donor himself. LinkedIn: 'David Katzin — Owner of DBKMD Ltd', MD PhD, 15 years Medical Director of Herbalife International; X handle @dbkatzin 'David Katzin MD PhD'. NPI 1437557055 (David Brandeis Katzin MD, gener | City level only | Second-pass agent sweep 2026-08-01, adjudicated by hand"
FRANK CONSOLIDATED ENTERPRISES,666 GARLAND PL,DES PLAINES,IL,60016,true,"Source: https://www.yellowpages.com/des-plaines-il/mip/frank-consolidated-enterprises-464939772 | Frank Consolidated Enterprises is the Frank family holding company (parent of Wheels Inc fleet leasing, same 666 Garland Pl Des Plaines address; LittleSis org profile). Donor Jim Frank of Winnetka IL is the family principal/longtime Wheels  | Verified: D&B, Manta, Cortera, and Yellow Pages all list Frank Consolidated Enterprises Inc (the Frank family holding company, parent of Wheels) at 66 | Second-pass agent sweep 2026-08-01, adjudicated by hand"
SOURCE SQUARED,300 TRADE CENTER STE 4610,WOBURN,MA,01801,true,"Source: https://www.cbinsights.com/investor/source-squared | Crunchbase: James Rosenfield is Managing Director of SourceSquared, an investment holding company; he co-founded Cambridge Energy Research Associates (CERA) with Daniel Yergin, and SourceSquared invests in energy/industrial efficiency — an  | Verified: Bloomberg, Buzzfile, and CB Insights list SourceSquared Management LLC at 300 Trade Center, Suite 4610, Woburn MA 01801, and a public record | Second-pass agent sweep 2026-08-01, adjudicated by hand"
HAROLD GRINSPOON FOUNDATION,67 HUNT ST STE 100,AGAWAM,MA,01001,true,"Source: https://www.chamberofcommerce.com/business-directory/massachusetts/agawam/non-profit-organization/2016379359-harold-grinspoon-foundation | Donor IS Harold Grinspoon (FOUNDER, Agawam MA) and the foundation sits in his own city — donor city and employer city match exactly. Address confirmed by chamber-of-commerce directory, Waze place listing, and the Jewish Federation of Wester | Verified: Waze, GuideStar, Idealist, and the Jewish Federation of Western Massachusetts community directory all confirm the foundation's own office at | Second-pass agent sweep 2026-08-01, adjudicated by hand"
BLUEMOUNTAIN CAPITAL MANAGEMENT,"280 PARK AVE, 12TH FLOOR",NEW YORK,NY,10017,true,"Source: http://www.symmetric.io/hedge-fund-employee/DEREK-SMITH-19A0 | Donor Derek Smith of New York was BlueMountain's Managing Partner and Co-Chief Investment Officer (symmetric.io profile quotes the firm address '280 PARK AVENUE, 12TH FLOOR NEW YORK, New York UNITED STATES, 10017'; Crunchbase confirms the r | Verified: Multiple independent sources (LeadIQ, Cience, Yellow Pages) list the HQ as 280 Park Avenue 12th Floor, New York NY 10017, and Office Snapsho | Second-pass agent sweep 2026-08-01, adjudicated by hand"
J.C. EHRLICH CO,500 SPRING RIDGE DR,READING,PA,19610,true,"Source: https://www.thepestadvice.com/companies/local/ehrlich-retail-store-500-spring-ridge-drive-9482.html | Victor Hammel was CEO of J.C. Ehrlich Co, the family pest-control firm sold to Rentokil in 2006; he lives in Wyomissing PA, directly adjacent to this address. Yelp lists 'J C EHRLICH CO - 500 Spring Ridge Dr, Wyomissing PA' and multiple dir | Verified: Macrae's Blue Book lists 'J C Ehrlich Co Inc, 500 Spring Ridge Dr, Reading PA 19610-1069' and directories still show Ehrlich retail/distribu | Second-pass agent sweep 2026-08-01, adjudicated by hand"
STARK ENTERPRISES LLC,,LIVINGSTON,NJ,,true,"Source: https://www.dnb.com/business-directory/company-profiles.stark_enterprises_llc.b2296a35d5734a6e01e2f41b4fa419c9.html | Conference of Presidents bio: Arthur Stark (former President of Bed Bath & Beyond, resident of Livingston NJ) is 'Chairman of Stark Enterprises, providing advisory services and venture capital' - exactly matching the donor's occupation 'ADV | City level only | Second-pass agent sweep 2026-08-01, adjudicated by hand"
FRIEDMAN ART DESIGN,,CARMICHAEL,CA,,true,"Source: https://marcyfriedman.com/the-artist/ | The pipeline row carrying FRIEDMAN ART DESIGN as previous_employer is MARCINE FRIEDMAN, RETIRED, 1620 McClaren Dr, CARMICHAEL CA - who is Marcine 'Marcy' Friedman, the well-documented retired Carmichael/Sacramento painter (marcyfriedman.com | City level only | Second-pass agent sweep 2026-08-01, adjudicated by hand"
ARIZONA NUTRITIONAL SUPPLEMENTS,210 S BECK AVE,CHANDLER,AZ,85226,true,"Source: https://www.cbinsights.com/company/arizona-nutritional-supplements | CB Insights profile: HQ '210 South Beck Avenue, Chandler, Arizona, 85226'. Businesswire (Nov 2023) confirms founders Aaron Blunck and Jonathan Pinkus re-acquired ANS - the donor is Jonathan Pinkus, CO-FOUNDER, of Paradise Valley AZ (a 25-mi | Verified: CB Insights, Waze, LinkedIn, the Chandler Chamber, and a Yelp listing updated May 2026 all place ANS at 210 S Beck Ave, Chandler AZ 85226 -  | Second-pass agent sweep 2026-08-01, adjudicated by hand"
THUNDERING CLOUD LLC,,WEST BLOOMFIELD,MI,,true,"Source: https://www.linkedin.com/in/steven-weisberg-699246205 | LinkedIn: 'Steven Weisberg - Self Employed at Thundering Cloud, LLC'; a second LinkedIn profile (Laura Clemens) is 'CFO - Family Office - Thundering Cloud LLC' in West Bloomfield MI. Matches the donor exactly: Steven Weisberg, accountant, W | City level only | Second-pass agent sweep 2026-08-01, adjudicated by hand"
MDZ PROPERTIES,6220 CAMPBELL RD STE 104,DALLAS,TX,75248,true,"Source: https://licensee.io/real-estate/521188-michael-david-zimmermann-tx/ | MDZ = Michael David Zimmermann, the donor's initials. His TREC broker license #521188 lists this contact address, and his own brokerage Green Earth Realty, LLC (he is the owner) operates from the same suite per greenearthrealty.net/contact- | Verified: Refutation attempt failed. Michael Zimmermann's LoopNet broker profile lists his email as Michael@mdzproperties.com and places him at Green  | Second-pass agent sweep 2026-08-01, adjudicated by hand"
JACOBSON FAMILY INVESTMENTS,410 PARK AVE STE 620,NEW YORK,NY,10022,true,"Source: https://altss.com/profile/jacobson-family-investments | Single-family office of the Jacobson family (MSC Industrial Direct). Mitchell Jacobson is listed as co-founder (Relationship Science), and his occupation NON EXECUTIVE CHAIRMAN matches his MSC Industrial role. The Jacobson Family Foundation | Corrected by verifier: Stale address. Mitchell Jacobson's Schedule 13G filed with the SEC on 2025-04-09 (re 1-800-Flowers) states his principal business office is c/o Jacobs | Second-pass agent sweep 2026-08-01, adjudicated by hand"
ELDION,,BASKING RIDGE,NJ,,true,"Source: https://www.linkedin.com/in/sarit-catz-110989/ | Eldion LLC is Sarit Catz's own writer/producer vehicle — she is credited through Eldion LLC on her professional profiles (LinkedIn, campaign-finance aggregators). She is a NJ-based media strategist/producer (Women of the IDF), matching the  | City level only | Second-pass agent sweep 2026-08-01, adjudicated by hand"
ROTE CORP,"20803 Biscayne Boulevard, Suite 440",Aventura,FL,33180,true,Official Florida Division of Corporations record lists this principal address; verified 2026-08-04.
"ASE GROUP, POLITICAL BRANDING ASSO",6600 COLLEGE BLVD STE 310,OVERLAND PARK,KS,66211,true,"Source: https://www.bbb.org/us/ks/overland-park/profile/event-planner/ase-group-inc-0714-99160594 | Bonnie Siegel is founder/CEO of both ASE Group, Inc. (event/brand marketing, KS registration on OpenCorporates us_ks/1743822) and PoliticalBranding Associates — the employer string merges her two firms. BBB lists ASE Group, Inc. at this Ove | Verified: Refutation attempt failed. BBB's current profile lists ASE Group, Inc. at 6600 College Blvd Ste 310, Overland Park KS 66211-1522, corroborat | Second-pass agent sweep 2026-08-01, adjudicated by hand"
JLL PARTNERS,"450 Lexington Ave, 31st Floor",New York,NY,10017,true,Variant spelling of JLL - mirrors its curated row so the cache override survives a wipe and future pulls with this spelling get the current address. Added 2026-08-01.
LOGS GROUP LLC,"2424 N FEDERAL HWY, SUITE 360",BOCA RATON,FL,33431,true,Variant spelling of LOGS GROUP - mirrors its curated row so the cache override survives a wipe and future pulls with this spelling get the current address. Added 2026-08-01.
EDW. C. LEVY CO.,9300 Dix Ave,Detroit,MI,48209,true,Variant spelling of EDWARD C. LEVY CO. - mirrors its curated row so the cache override survives a wipe and future pulls with this spelling get the current address. Added 2026-08-01.
LTD X LIZZIE TISCH,52 Park Avenue,New York,NY,10016,true,Variant spelling of X LIZZIE TISCH - mirrors its curated row so the cache override survives a wipe and future pulls with this spelling get the current address. Added 2026-08-01.
MGS CORP.,"411 Hackensack Avenue, 5th Floor",Hackensack,NJ,07601,true,Variant spelling of MGS PARTNERS - mirrors its curated row so the cache override survives a wipe and future pulls with this spelling get the current address. Added 2026-08-01.
EDMUNDS.COM,"2401 Colorado Avenue, Suite 400",Santa Monica,CA,90404,true,"Variant spelling of EDMUNDS.COM, INC. - mirrors its curated row so the cache override survives a wipe and future pulls with this spelling get the current address. Added 2026-08-01."
ATLANTIC REALTY ASSOCIATES,"135 FIFTH AVENUE, 9TH FLOOR",NEW YORK,NY,10010,true,"Variant spelling of ATLANTIC REALTY ASSOCIATES, INC. - mirrors its curated row so the cache override survives a wipe and future pulls with this spelling get the current address. Added 2026-08-01."
CMC PROPERTIES,"10925 Reed Hartman Hwy, Suite 200",Cincinnati,OH,45242,true,Official company contact address; manually verified 2026-08-03.
DUPONT,974 Centre Road,Wilmington,DE,19805,true,Official corporate headquarters; manually verified 2026-08-03.
ELLIOTT INVESTMENT MANAGEMENT LP,"360 S Rosemary Ave, 18th Floor",West Palm Beach,FL,33401,true,Corporate headquarters from current SEC filing; manually verified 2026-08-03.
ELLIOTT INVESTMENT MANAGEMENT LP,"40 West 57th Street, 4th Floor",New York,NY,10019,false,New York office for New York donors; manually verified 2026-08-03.
MARIC,"197 First Ave, Suite 300",Needham,MA,02494,true,FEC filing and company listings identify Mark Rubin as president; manually verified 2026-08-03.
CRESSET MANAGEMENT,"444 W Lake St, Suite 4700",Chicago,IL,60606,true,Official Cresset headquarters; Eric Becker is founder and co-chairman; manually verified 2026-08-03.
CRESSET MANAGEMENT,"525 Okeechobee Blvd, Suite 1600",West Palm Beach,FL,33401,false,Official West Palm Beach office; Eric Becker is listed for this location; manually verified 2026-08-03.
GOLDENBERG HELLER & ANTOGNOLI,2227 S State Route 157,Edwardsville,IL,62025,true,Official firm headquarters; Richard Cornfeld was of counsel before retiring in December 2024; manually verified 2026-08-03.
GOLDENBERG HELLER & ANTOGNOLI,"168 N Meramec Ave, Suite 101",St. Louis,MO,63105,false,Official St. Louis office for the Missouri donor; manually verified 2026-08-03.
MARS INCORPORATED,6885 Elm Street,McLean,VA,22101,true,Official Mars corporate headquarters; verified on mars.com 2026-08-04.
DESTINATION COLLEGE,100 California Road,Mount Vernon,NY,10552,true,Official Destination College site lists this office; independent nonprofit profiles confirm retired donor Ann Jackson served on its board; verified 2026-08-04.
FINMARC,"7200 Wisconsin Avenue, Suite 1100",Bethesda,MD,20814,true,Official Finmarc company page identifies co-founder Marc Solomon and this contact address; verified 2026-08-04.
KIFO,"3 Columbus Circle, Suite 1420",New York,NY,10019,false,Official UK Companies House beneficial-ownership filing identifies Linda Mirels and C/O Kifo (USA) LLC at this address; kept as the New York branch while the London row remains the HQ; verified 2026-08-04.
CRESSON MANAGEMENT VIRGIN ISLANDS LLC,"5093 Dronningens Gade, Suite 1",Charlotte Amalie,VI,00802,true,"Official USVI corporate registry: entity 588958, in good standing, last annual report filed 2026-06-17; principal office/place of business; verified 2026-08-04."
KCM,"3953 Maple Avenue, Suite 150",Dallas,TX,75219,true,Donor-specific abbreviation used only by Harlan Korenvaes. SEC/IAPD identifies Korenvaes Management LLC at this principal office; replaces an incorrect Chicago KCM match; verified 2026-08-04.
KORENVAES MANAGEMENT,"3953 Maple Avenue, Suite 150",Dallas,TX,75219,true,SEC/IAPD Form ADV CRD 149897 identifies Korenvaes Management LLC and this principal office; donor Harlan Korenvaes reports the same employer; verified 2026-08-04.
KORENVAES MANAGEMENT LLC,"3953 Maple Avenue, Suite 150",Dallas,TX,75219,true,Official legal name and principal office from SEC/IAPD Form ADV CRD 149897; verified 2026-08-04.
SHOPPERAI,65 Yigal Alon Street,Tel Aviv,,6744316,true,Gadi Maier reported Chairman of ShopperAI. The company site confirms the same retail-AI business; its LinkedIn profile and Retail Technology Show exhibitor listing identify this Tel Aviv HQ; verified 2026-08-04.
GUAVA,"1375 E 6th Street, Unit 2",Los Angeles,CA,90021,true,Official Guava AI Systems terms page lists this address; verified 2026-08-04.
MOUNTAIN PACIFIC,"11726 San Vicente Boulevard, Suite 414",Los Angeles,CA,90049,true,Official Mountain Pacific website lists this office; verified 2026-08-04.
SCHWARTZ LAW PLLC,601 East Bridger Avenue,Las Vegas,NV,89101,true,Official Schwartz Law website lists this office; verified 2026-08-04.
RTHALHEIMER LLC,2301 Kerner Blvd Suite C,San Rafael,CA,94901,true,Official State Bar of California profile for Richard Jay Thalheimer lists RThalheimer LLC at this address; verified 2026-08-04.
LINE G,,,,,true,INVALID: residential/unrelated address removed; keep blank until a company address is verified.
"LINE G, INC",,,,,true,INVALID: legacy spelling of LINE G; do not restore the rejected residential address.
NEW YORK LIFE,51 Madison Avenue,New York,NY,10010,true,Official New York Life sources identify 51 Madison Avenue as its headquarters; verified 2026-08-04.
BED BATH & BEYOND,650 Liberty Avenue,Union,NJ,07083,true,Historical Bed Bath & Beyond headquarters and Leonard Feinstein business address in SEC filings; verified 2026-08-04.
GENCO ATC,100 Papercraft Park,Pittsburgh,PA,15238,true,Herbert Shear's GENCO business address in Pennsylvania campaign-finance records; verified 2026-08-04.
WESTERN EXTRALITE COMPANY,1470 Liberty Street,Kansas City,MO,64102,true,"Official GSA schedule names Western Extralite, this address, and John Isenberg; verified 2026-08-04."
LINDA DRESNER,299 W Maple Rd,Birmingham,MI,48009,true,Linda Dresner boutique address corroborated by multiple fashion-retail directories; verified 2026-08-04.
BUY BUY BABY,895 East Gate Boulevard,Garden City,NY,11530,true,SEC filing lists Buy Buy Baby's business address and identifies Richard Feinstein as co-founder/operator; verified 2026-08-04.
STATE STREET,One Congress Street,Boston,MA,02114,true,Official State Street contact page identifies its current corporate headquarters; verified 2026-08-04.
GRACIE CAPITAL,"950 Third Avenue, 29th Floor",New York,NY,10022,true,SEC filing lists Gracie Capital LP at this office and Daniel Nir as managing member; historical workplace address verified 2026-08-04.
ROSAM AND ASSOCIATES,310 Comstock Avenue,Los Angeles,CA,90024,true,California Secretary of State registry data identifies this principal address and Harold Masor as director/CFO; verified 2026-08-04.
NORTH HAVEN GARDENS,7700 Northaven Road,Dallas,TX,75230,true,Official North Haven Gardens site lists this business address; Lillian Pinkus's leadership verified separately; reviewed 2026-08-04.
CHOATE HALL & STEWART,Two International Place,Boston,MA,02110,true,Official Choate contact page lists its sole Boston office; Lisa Wallack's prior employment verified by public biography; reviewed 2026-08-04.
ABSOLUTE REALTY,,Palm Beach Gardens,FL,33410,true,Official registry ties David Sherman to the company at his donor residence; city/state retained but the private-home street is not presented as a workplace; reviewed 2026-08-04.
DORIS DAVIS INC,"835 Blossom Hill Road, Suite 215",San Jose,CA,95123,true,California registry and HUD records identify Doris Davis Inc as the donor property-management company; reviewed 2026-08-04.
THE MDE GROUP,"465 South Street, Suite 304",Morristown,NJ,07960,true,SEC filings identify The MDE Group at this office and Mitchell Eichen as its founder; historical workplace address verified 2026-08-04.
ANN MARGOLIN CONSULTING,,Dallas,TX,,true,Professional biography identifies Ann Margolin as the owner; no private-home street used; reviewed 2026-08-04.
UNIVISION COMMUNICATIONS,605 Third Avenue,New York,NY,10158,true,SEC records identify Univision as a major tenant at this office; George Blank prior executive role verified separately; reviewed 2026-08-04.
ORKNEY PARTNERS,,Bethesda,MD,,true,Professional profile identifies Harvey Hanerfeld with Orkney Partners; no private-home street used; reviewed 2026-08-04.
DMD MANAGEMENT,12380 Plaza Drive,Parma,OH,44130,true,Official Legacy Health Services contact page lists the address for DMD Management operating business; Bruce Daskal role verified separately; reviewed 2026-08-04.
MELITA INTERNATIONAL,5051 Peachtree Corners Circle,Norcross,GA,30092,true,SEC filings list Melita International at this address and Georgia Tech identifies Aleksander Szlam as founder and CEO; verified 2026-08-04.
MOBILE DENTISTS,"33533 West 12 Mile Road, Suite 150",Farmington Hills,MI,48331,true,Professional conference records and the organization history identify Margo Woll as co-founder at this office; verified 2026-08-04.
CHESAPEAKE SPICE COMPANY,4613 Mercedes Drive,Belcamp,MD,21017,true,Official company page identifies this office and Larry Lessans as CEO founder and owner; verified 2026-08-04.
RONALD A EICHEL DDS PC,"4536 Chamblee Dunwoody Road, Suite 211",Atlanta,GA,30338,true,NPI records identify Ronald A Eichel pediatric-dentistry practice at this office; verified 2026-08-04.
ICE-QUBE PREPAREDNESS SOLUTIONS,,Old Westbury,NY,,true,Company announcement identifies Leslie Fastenberg as president and founder; home-based street intentionally omitted; reviewed 2026-08-04.
SANKATY ADVISORS,111 Huntington Avenue,Boston,MA,02199,true,Official filings identify Diane Exter with Sankaty Advisors at this office; historical workplace address verified 2026-08-04.
BELO CORPORATION,400 South Record Street,Dallas,TX,75202,true,SEC filings identify Belo corporate office and AJC identifies Ilene Engel as its former corporate news director; verified 2026-08-04.
SORBARO INTERIORS,,Greenwich,CT,,true,Professional profile identifies Sheryl Sorbaro with Sorbaro Interiors; no private-home street used; reviewed 2026-08-04.
US DEPARTMENT OF JUSTICE,950 Pennsylvania Avenue NW,Washington,DC,20530,true,Harvard Hillel biography identifies Monica Abrams prior DOJ Criminal Appellate Section role; department address used; reviewed 2026-08-04.
BARRY J RICHTER MD,"5 Durham Road, Suite B2",Guilford,CT,06437,true,Guilford Foundation and provider records identify Barry Richter former private dermatology practice at this office; verified 2026-08-04.
KANSAS CITY JEWISH CHRONICLE,"5801 West 115th Street, Suite 201",Overland Park,KS,66211,true,Public FEC filing identifies Carol Katzman as a Chronicle writer and a regional public directory lists this office; reviewed 2026-08-04.
KOSHER LIKE ME,,Westport,CT,,true,Official professional biography identifies Liz Rueven as founder and editor; no private-home street used; reviewed 2026-08-04.
PRINCETON FAMILY OFFICE,2 Princess Road,Lawrenceville,NJ,08648,true,Foundation records and professional profiles identify Andrew Milstein and the Milstein family office at this location; verified 2026-08-04.
JEWISH FEDERATION OF GREATER INDIANAPOLIS,6705 Hoover Road,Indianapolis,IN,46260,true,Public nonprofit records identify Michael Papo as the federation retired executive director; reviewed 2026-08-04.
ZIPORA ARISON MD,2438 E Commercial Blvd,Fort Lauderdale,FL,33308,true,"Florida Department of Health practitioner profile: Zipora Arison MD, psychiatry; prior primary practice address; reviewed 2026-08-04."
THE HERTOG FOUNDATION,"399 Park Avenue, 25th Floor, Suite 2502",New York,NY,10022,true,Alias of the already verified HERTOG FOUNDATION HQ (official site and IRS Form 990); reviewed 2026-08-04.
"GIBSON, DUNN & CRUTCHER LLP",333 South Grand Avenue,Los Angeles,CA,90071,true,Official site identifies this as the original Los Angeles office and registered office: https://www.gibsondunn.com/office/los-angeles/; reviewed 2026-08-04.
SCHWARTZ CAPITAL GROUP,1 N Wacker Drive,Chicago,IL,60606,true,Official site contact address: https://www.schwartzcap.com/about; reviewed 2026-08-04.
PRODUCTION RESOURCE GROUP,539 Temple Hill Road,New Windsor,NY,12553,true,Official PRG contact page labels this Headquarters: https://prggear.com/contact/; reviewed 2026-08-04.
HARMONY BIOSCIENCES,"630 W Germantown Pike, Suite 215",Plymouth Meeting,PA,19462,true,Official corporate headquarters: https://www.harmonybiosciences.com/about-us/contact-us/; reviewed 2026-08-04.
ALTUS CAPITAL PARTNERS INC,"10 Westport Road, Suite C204",Wilton,CT,06897,true,Official Connecticut office and policy mailing address: https://www.altuscapitalpartners.com/contact; reviewed 2026-08-04.
SIXPOINT PARTNERS,"600 Lexington Avenue, 11th Floor",New York,NY,10022,true,Current FINRA BrokerCheck main office for Sixpoint Partners LLC: https://files.brokercheck.finra.org/firm/firm_146067.pdf; reviewed 2026-08-04.
DELOS CAPITAL,"120 Fifth Avenue, Third Floor",New York,NY,10011,true,Official office address: https://www.deloscap.com/contact; reviewed 2026-08-04.
FIRST FINISH,"6240 Old Dobbin Lane, Suite 190",Columbia,MD,21045,true,Official site labels this Columbia MD headquarters: https://www.firstfinish.net/contact/; reviewed 2026-08-04.
CAMBRIDGE CAPITAL,"525 South Flagler Drive, Suite 200",West Palm Beach,FL,33401,true,SEC Form D identifies Cambridge Capital LLC at this principal business address: https://www.sec.gov/Archives/edgar/data/1879665/000187966521000001/xslFormDX08/primary_doc.xml; reviewed 2026-08-04.
RELIANT GROUP,"601 California Street, Suite 1150",San Francisco,CA,94108,true,Official San Francisco office: https://reliantgroup.com/contact/; reviewed 2026-08-04.
PROVIDENT REAL ESTATE,2800 Niagara Lane North,Plymouth,MN,55447,true,Official Provident Real Estate Ventures site; donor Phillip Jaffe is its CEO: https://providentrev.com/team/; reviewed 2026-08-04.
BAUGHMAN KROUP BOSSE,"One Liberty Plaza, Floor 46",New York,NY,10006,true,Official site New York office: https://www.bkbfirm.com/contact-us; reviewed 2026-08-04.
GARSON JOHNSON LLC,"26285 Broadway Avenue, Suite A3",Oakwood Village,OH,44146,true,Current official contact page: https://www.garson.com/contact/; reviewed 2026-08-04.
KO LAWYERS,"1 West Las Olas Boulevard, 5th Floor",Fort Lauderdale,FL,33301,true,Official site labels this the main office: https://kolawyers.com/contact-us/; reviewed 2026-08-04.
CENVILL RECREATION INC,"1601 Forum Place, Suite 500",West Palm Beach,FL,33401,true,Official site labels this the corporate office: https://www.cenrec.com/; reviewed 2026-08-04.
BEHAVIORAL MEDICINE ASSOCIATES,"310 East Shore Road, Suite 100",Great Neck,NY,11023,true,Official practice site address: https://www.behavmed.com/; reviewed 2026-08-04.
PLYMOUTH BEEF,355 Food Center Drive,Bronx,NY,10474,true,Official company contact address: https://plymouthbeef.com/; reviewed 2026-08-04.
WALDMAN ORTHODONTICS,"8641 Wilshire Boulevard, Suite 310",Beverly Hills,CA,90211,true,American Association of Orthodontists office listing confirms the practice address: https://aaoinfo.org/locator/dr-alexander-b-waldman-2/; reviewed 2026-08-04.
PANTHEON SYSTEMS,"717 California Street, Floor 2",San Francisco,CA,94108,true,Current principal address in the Florida business registry and Pantheon privacy policy: https://search.sunbiz.org/Inquiry/corporationsearch/SearchResultDetail?aggregateId=forp-f19000004114-e969c2ce-d49b-49ce-9167-10838d95f644; reviewed 2026-08-04.
SOUTH JERSEY PROSTHODONTIC ASSOCIATES PA,1793 Springdale Road,Cherry Hill,NJ,08003,true,Practice name and address verified from healthcare-provider listings; FEC previous-employer value was truncated as ASSOC./O; reviewed 2026-08-05.
SPENCER FORREST,"11777 San Vicente Blvd, Suite 650",Los Angeles,CA,90049,true,"MEDIUM — Toppik maker; D&B company profile; donor Mark Kress is founder/CEO (LinkedIn)"
STACEY E. BURKE PC,"448 W 19th St, #1010",Houston,TX,77008,true,"HIGH (VERIFIED) — official site staceyeburke.com/contact confirms 448 W 19th St #1010 Houston TX 77008; LawInfo/SuperLawyers concur; donor is the eponymous owner"
"STACEY E. BURKE, PC","448 W 19th St, #1010",Houston,TX,77008,true,"HIGH (VERIFIED) — comma-variant cache key: repairs a stale partial manual entry (city-only, zip 77019) that outranked the exact-name row; same official-site source"
MAJESTIC PROPERTY,"60 Cuttermill Rd, Suite 303",Great Neck,NY,11021,true,"MEDIUM — Majestic Property Management Corp; Bluebook/Yelp/Bloomberg concur; D&B lists donor Jay Gould as company contact"
GOLDEN LIONESS,"32 Court St, PH",Brooklyn,NY,11201,true,"HIGH — Golden Lioness Corp; NY DOS registered/principal address (NYBizDb id 1828454); owner Mona Gora Sterling is the donor"
MAGIC LANTERN VENTURES,10822 Pine Lodge Tr,Davie,FL,33328,true,"HIGH — FL Sunbiz principal+mailing address (L18000148414); registered agent/manager Randy Parker is the donor; residential-style address"
ROBERT L STARK ENTERPRISES,"629 Euclid Ave, Suite 1300",Cleveland,OH,44114,true,"HIGH — starkenterprises.com footer; legal name Robert L. Stark Enterprises Inc dba Stark Enterprises; CEO Ezra Stark is the donor"
757CFO LLC,905 Enfield Chase,Virginia Beach,VA,23452,true,"MEDIUM — twin adjudication: exact key held ai_not_found while cache key '757CFO, LLC' (ai_openai_search, MEDIUM) holds this address; human-reviewed as the same company (punctuation/suffix variant)"
AMG PROPERTIES INC,"1 Embarcadero Center, Suite 800",San Francisco,CA,94111,true,"MEDIUM — twin adjudication: exact key held ai_not_found while cache key 'AMG PROPERTIES, INC.' (ai_openai, MEDIUM) holds this address; human-reviewed as the same company (punctuation/suffix variant)"
ARETE WEALTH INC,2200 E Camelback Rd Suite 250,Phoenix,AZ,85016,true,"MEDIUM — twin adjudication: exact key held ai_not_found while cache key 'ARETE WEALTH INC.' (ai_openai, MEDIUM) holds this address; human-reviewed as the same company (punctuation/suffix variant)"
ATLAS BILLIARD SUPPLIES LLC,118 West 6th Street,Garrettsville,OH,44231,true,"MEDIUM — twin adjudication: exact key held ai_not_found while cache key 'ATLAS BILLIARD SUPPLIES, LLC' (ai_openai, MEDIUM) holds this address; human-reviewed as the same company (punctuation/suffix variant)"
"BARGAIN CAR, TRUCK & VAN RENTALS INC",18 S Sproul Rd,Broomall,PA,19008,true,"MEDIUM — twin adjudication: exact key held ai_not_found while cache key 'BARGAIN CAR, TRUCK & VAN RENTALS, INC' (ai_openai_search, MEDIUM) holds this address; human-reviewed as the same company (punctuation/suffix variant)"
BARON'S WHOLESALE CLOTHIER'S INC,4301 W Roosevelt Rd,Chicago,IL,60624,true,"MEDIUM — twin adjudication: exact key held ai_not_found while cache key 'BARON'S WHOLESALE CLOTHIER'S INC.' (ai_openai, MEDIUM) holds this address; human-reviewed as the same company (punctuation/suffix variant)"
BERGER ORG,60 Park Pl,Newark,NJ,07102,true,"MEDIUM — twin adjudication: exact key held ai_not_found while cache key 'BERGER ORG.' (ai_openai_gpt5, MEDIUM) holds this address; human-reviewed as the same company (punctuation/suffix variant)"
BEST CARE HOME HEALTH INC,1500 Hempstead Turnpike,East Meadow,NY,11554,true,"MEDIUM — twin adjudication: exact key held ai_not_found while cache key 'BEST CARE HOME HEALTH, INC' (ai_openai, MEDIUM) holds this address; human-reviewed as the same company (punctuation/suffix variant)"
BEST CARE NURSES REGISTRY INC,208 South 28th Avenue,Hollywood,FL,33020,true,"MEDIUM — twin adjudication: exact key held ai_not_found while cache key 'BEST CARE NURSES REGISTRY, INC' (ai_openai_search, HIGH) holds this address; human-reviewed as the same company (punctuation/suffix variant)"
BIZMAVEN LLC,600 W Chicago Ave,Chicago,IL,60654,true,"MEDIUM — twin adjudication: exact key held ai_not_found while cache key 'BIZMAVEN, LLC' (ai_openai, MEDIUM) holds this address; human-reviewed as the same company (punctuation/suffix variant)"
BLADYKAS ENGINEERING PC,"50 Jackson Avenue, Suite 300",Syosset,NY,11791,true,"MEDIUM — twin adjudication: exact key held ai_not_found while cache key 'BLADYKAS ENGINEERING, P.C' (ai_openai_search, HIGH) holds this address; human-reviewed as the same company (punctuation/suffix variant)"
BLDG MANAGEMENT CO. INC,417 5th Ave,New York,NY,10016,true,"MEDIUM — twin adjudication: exact key held ai_not_found while cache key 'BLDG MANAGEMENT CO., INC.' (ai_openai_gpt5, MEDIUM) holds this address; human-reviewed as the same company (punctuation/suffix variant)"
BLUE ARCH INVESTMENTS INC,30 N LaSalle St,Chicago,IL,60602,true,"MEDIUM — twin adjudication: exact key held ai_not_found while cache key 'BLUE ARCH INVESTMENTS, INC' (ai_openai, MEDIUM) holds this address; human-reviewed as the same company (punctuation/suffix variant)"
BRENT GROVER & CO,1000 Wilshire Blvd,Los Angeles,CA,90017,true,"MEDIUM — twin adjudication: exact key held ai_not_found while cache key 'BRENT GROVER & CO.' (ai_openai, MEDIUM) holds this address; human-reviewed as the same company (punctuation/suffix variant)"
BROAD STREET DEVELOPMENT,370 Lexington Ave,New York,NY,10017,true,"MEDIUM — twin adjudication: exact key held ai_not_found while cache key 'BROAD STREET DEVELOPMENT.' (ai_openai_gpt5, MEDIUM) holds this address; human-reviewed as the same company (punctuation/suffix variant)"
BROWARD PAPER & PACKAGING INC,2300 NW 19th St,Pompano Beach,FL,33069,true,"MEDIUM — twin adjudication: exact key held ai_not_found while cache key 'BROWARD PAPER & PACKAGING, INC' (ai_xai, MEDIUM) holds this address; human-reviewed as the same company (punctuation/suffix variant)"
BUYERS REALTY INC,"4980 Newport Drive, Suite 250",Rolling Meadows,IL,60008,true,"MEDIUM — twin adjudication: exact key held ai_not_found while cache key 'BUYERS REALTY INC.' (ai_openai, MEDIUM) holds this address; human-reviewed as the same company (punctuation/suffix variant)"
CAMPBELL & LEVINE LLC,310 Grant St Suite 1700,Pittsburgh,PA,15219,true,"MEDIUM — twin adjudication: exact key held ai_not_found while cache key 'CAMPBELL & LEVINE, LLC' (ai_openai_gpt5, MEDIUM) holds this address; human-reviewed as the same company (punctuation/suffix variant)"
CERSONSKY& MCANELLY PC,"501 W Broadway, Suite 800",San Diego,CA,92101,true,"MEDIUM — twin adjudication: exact key held ai_not_found while cache key 'CERSONSKY& MCANELLY, P.C.' (ai_openai, MEDIUM) holds this address; human-reviewed as the same company (punctuation/suffix variant)"
CHOSEN RESUMES LLC,1330 Cornell Dr SE,Grand Rapids,MI,49506,true,"MEDIUM — twin adjudication: exact key held ai_not_found while cache key 'CHOSEN RESUMES, LLC' (ai_openai_search, HIGH) holds this address; human-reviewed as the same company (punctuation/suffix variant)"
COLLEGE BOUND CONSULTANTS LLC,"3400 Peachtree Road NE, Suite 1750",Atlanta,GA,30326,true,"MEDIUM — twin adjudication: exact key held ai_not_found while cache key 'COLLEGE BOUND CONSULTANTS, LLC' (ai_openai, MEDIUM) holds this address; human-reviewed as the same company (punctuation/suffix variant)"
COMPASS BUSINESS SOLUTIONS INC,"250 Park Avenue South, 7th Floor",New York,NY,10003,true,"MEDIUM — twin adjudication: exact key held ai_not_found while cache key 'COMPASS BUSINESS SOLUTIONS, INC.' (ai_openai, MEDIUM) holds this address; human-reviewed as the same company (punctuation/suffix variant)"
CREATIVE EFFECTS INC,1901 E 51st St,Indianapolis,IN,46220,true,"MEDIUM — twin adjudication: exact key held ai_not_found while cache key 'CREATIVE EFFECTS, INC.' (ai_openai, MEDIUM) holds this address; human-reviewed as the same company (punctuation/suffix variant)"
CTR MANAGEMENT INC,,BALTIMORE,MD,21201,true,"MEDIUM — twin adjudication: exact key held ai_not_found while cache key 'CTR MANAGEMENT, INC.' (manual_override, HIGH) holds this address; human-reviewed as the same company (punctuation/suffix variant)"
CUPIXEL LTD,"1500 Broadway, 27th Floor",New York,NY,10036,true,"MEDIUM — twin adjudication: exact key held ai_not_found while cache key 'CUPIXEL LTD.' (ai_openai, MEDIUM) holds this address; human-reviewed as the same company (punctuation/suffix variant)"
"DAVID DANIEL, M.D. PC",1133 Sage Street,Far Rockaway,NY,11691,true,"MEDIUM — twin adjudication: exact key held ai_not_found while cache key 'DAVID DANIEL, M.D., P.C.' (manual_override, HIGH) holds this address; human-reviewed as the same company (punctuation/suffix variant)"
DECKO DESIGNS INC,90 Broad St,New York,NY,10004,true,"MEDIUM — twin adjudication: exact key held ai_not_found while cache key 'DECKO DESIGNS, INC.' (ai_openai, MEDIUM) holds this address; human-reviewed as the same company (punctuation/suffix variant)"
DIRECT MARKETING NETWORK INC,800 S Douglas Rd,Pembroke Pines,FL,33025,true,"MEDIUM — twin adjudication: exact key held ai_not_found while cache key 'DIRECT MARKETING NETWORK, INC.' (ai_openai, MEDIUM) holds this address; human-reviewed as the same company (punctuation/suffix variant)"
DON KLEIN MANAGEMENT GROUP INC,650 Townsend St,San Francisco,CA,94103,true,"MEDIUM — twin adjudication: exact key held ai_not_found while cache key 'DON KLEIN MANAGEMENT GROUP, INC' (ai_openai, MEDIUM) holds this address; human-reviewed as the same company (punctuation/suffix variant)"
DPIS ENGINEERING LLC,"19450 State Hwy 249, Ste 300",Houston,TX,77070,true,"MEDIUM — twin adjudication: exact key held ai_not_found while cache key 'DPIS ENGINEERING, LLC' (ai_openai_search, HIGH) holds this address; human-reviewed as the same company (punctuation/suffix variant)"
DREAMWAVE LLC,3000 Ocean Drive,Key Biscayne,FL,33149,true,"MEDIUM — twin adjudication: exact key held ai_not_found while cache key 'DREAMWAVE, LLC' (ai_openai, MEDIUM) holds this address; human-reviewed as the same company (punctuation/suffix variant)"
EASTERN CONCRETE FOUNDATION INC,6000 3rd Street SE,Cedar Rapids,IA,52403,true,"MEDIUM — twin adjudication: exact key held ai_not_found while cache key 'EASTERN CONCRETE FOUNDATION INC.' (ai_openai, MEDIUM) holds this address; human-reviewed as the same company (punctuation/suffix variant)"
EBR SYSTEMS INC,"2200 Powell Street, Suite 103",Emeryville,CA,94608,true,"MEDIUM — twin adjudication: exact key held ai_not_found while cache key 'EBR SYSTEMS INC.' (ai_openai, MEDIUM) holds this address; human-reviewed as the same company (punctuation/suffix variant)"
EISEN STUDIOS LLC,"120 W 45th St, Suite 800",New York,NY,10036,true,"MEDIUM — twin adjudication: exact key held ai_not_found while cache key 'EISEN STUDIOS, LLC' (ai_openai, MEDIUM) holds this address; human-reviewed as the same company (punctuation/suffix variant)"
EREALTY ADVISORS INC,"1900 Avenue of the Stars, 25th Floor",Los Angeles,CA,90067,true,"MEDIUM — twin adjudication: exact key held ai_not_found while cache key 'EREALTY ADVISORS, INC' (ai_openai, MEDIUM) holds this address; human-reviewed as the same company (punctuation/suffix variant)"
ERL FOOD SERVICES INC,2839 Smith Avenue,Baltimore,MD,21209,true,"MEDIUM — twin adjudication: exact key held ai_not_found while cache key 'ERL FOOD SERVICES, INC' (ai_openai_search, HIGH) holds this address; human-reviewed as the same company (punctuation/suffix variant)"
EXECUTIVE REALTY TRANSFER INC,1495 Bedford Ave,Stamford,CT,06905,true,"MEDIUM — twin adjudication: exact key held ai_not_found while cache key 'EXECUTIVE REALTY TRANSFER, INC' (ai_openai, MEDIUM) holds this address; human-reviewed as the same company (punctuation/suffix variant)"
F.S. MAAS & COMPANY INC,1300 E. 9th Street,Cleveland,OH,44114,true,"MEDIUM — twin adjudication: exact key held ai_not_found while cache key 'F.S. MAAS & COMPANY INC.' (ai_openai, MEDIUM) holds this address; human-reviewed as the same company (punctuation/suffix variant)"
FAHN & CO,"1330 Avenue of the Americas, 34th Floor",New York,NY,10019,true,"MEDIUM — twin adjudication: exact key held ai_not_found while cache key 'FAHN & CO.' (ai_openai, MEDIUM) holds this address; human-reviewed as the same company (punctuation/suffix variant)"
FAMILY WEALTH SERVICES LLC,1650 Arch St,Philadelphia,PA,19103,true,"MEDIUM — twin adjudication: exact key held ai_not_found while cache key 'FAMILY WEALTH SERVICES, LLC' (ai_openai, MEDIUM) holds this address; human-reviewed as the same company (punctuation/suffix variant)"
FANNY GRUNBERG & ASSOCIATES LLC,161 Madison Ave,New York,NY,10016,true,"MEDIUM — twin adjudication: exact key held ai_not_found while cache key 'FANNY GRUNBERG &ASSOCIATES LLC' (ai_openai, MEDIUM) holds this address; human-reviewed as the same company (punctuation/suffix variant)"
FINOPTIMAL INC,2860 Zanker Rd,San Jose,CA,95134,true,"MEDIUM — twin adjudication: exact key held ai_not_found while cache key 'FINOPTIMAL, INC.' (ai_openai, MEDIUM) holds this address; human-reviewed as the same company (punctuation/suffix variant)"
GARRISON SYSTEMS LLC,100 High St,Boston,MA,02110,true,"MEDIUM — twin adjudication: exact key held ai_not_found while cache key 'GARRISON SYSTEMS, LLC' (ai_openai, MEDIUM) holds this address; human-reviewed as the same company (punctuation/suffix variant)"
GENCARE INC,10 Minuteman Road,Andover,MA,01810,true,"MEDIUM — twin adjudication: exact key held ai_not_found while cache key 'GENCARE, INC' (ai_openai, HIGH) holds this address; human-reviewed as the same company (punctuation/suffix variant)"
GOLDHABER POLICY SERVICES,4112 Gardenlake Drive,Raleigh,NC,27612,true,"MEDIUM — twin adjudication: exact key held ai_not_found while cache key 'GOLDHABER POLICY SERVICES LLC' (ai_openai_search, HIGH) holds this address; human-reviewed as the same company (punctuation/suffix variant)"
GOTTMAN INC,370 Jay St,Brooklyn,NY,11201,true,"MEDIUM — twin adjudication: exact key held ai_not_found while cache key 'GOTTMAN INC.' (ai_openai, MEDIUM) holds this address; human-reviewed as the same company (punctuation/suffix variant)"
GREENE KARLIN REAL ESTATE LLC,500 Northland Ridge Court,Atlanta,GA,30342,true,"MEDIUM — twin adjudication: exact key held ai_not_found while cache key 'GREENE KARLIN REAL ESTATE, LLC' (ai_openai_search, HIGH) holds this address; human-reviewed as the same company (punctuation/suffix variant)"
GROUP 1001 RESOURCES LLC,10555 Group 1001 Way,Zionsville,IN,46077,true,"MEDIUM — twin adjudication: exact key held ai_not_found while cache key 'GROUP 1001 RESOURCES, LLC' (ai_openai_search, HIGH) holds this address; human-reviewed as the same company (punctuation/suffix variant)"
GTJ REIT INC,60 Hempstead Ave,West Hempstead,NY,11552,true,"MEDIUM — twin adjudication: exact key held ai_not_found while cache key 'GTJ REIT, INC' (ai_openai_gpt5, HIGH) holds this address; human-reviewed as the same company (punctuation/suffix variant)"
GYL FINANCIAL SYNERGIES LLC,75 Isham Rd,West Hartford,CT,06107,true,"MEDIUM — twin adjudication: exact key held ai_not_found while cache key 'GYL FINANCIAL SYNERGIES, LLC' (ai_openai_gpt5_search, MEDIUM) holds this address; human-reviewed as the same company (punctuation/suffix variant)"
HERCULES REAL ESTATE SERVICES INC,100 W 33rd St,New York,NY,10001,true,"MEDIUM — twin adjudication: exact key held ai_not_found while cache key 'HERCULES REAL ESTATE SERVICES, INC' (ai_openai, MEDIUM) holds this address; human-reviewed as the same company (punctuation/suffix variant)"
HILLSON FINANCIAL MANAGEMENT INC,1209 Orange Street,Wilmington,DE,19801,true,"MEDIUM — twin adjudication: exact key held ai_not_found while cache key 'HILLSON FINANCIAL MANAGEMENT, INC.' (ai_openai, MEDIUM) holds this address; human-reviewed as the same company (punctuation/suffix variant)"
HOWARD O. BERNSTEIN PC,"1250 Connecticut Ave NW, Suite 700",Washington,DC,20036,true,"MEDIUM — twin adjudication: exact key held ai_not_found while cache key 'HOWARD O. BERNSTEIN, P.C.' (ai_openai, MEDIUM) holds this address; human-reviewed as the same company (punctuation/suffix variant)"
INNOVATIONS IN EDUCATION LLC,10400 Hardwood Ct,Woodstock,MD,21163,true,"MEDIUM — twin adjudication: exact key held ai_not_found while cache key 'INNOVATIONS IN EDUCATION, LLC' (ai_openai_search, HIGH) holds this address; human-reviewed as the same company (punctuation/suffix variant)"
IPEX INC,,CHICAGO,IL,60601,true,"MEDIUM — twin adjudication: exact key held ai_not_found while cache key 'IPEX, INC.' (manual_override, HIGH) holds this address; human-reviewed as the same company (punctuation/suffix variant)"
IRWIN M. BARG PC,375 Northlake Blvd,North Palm Beach,FL,33408,true,"MEDIUM — twin adjudication: exact key held ai_not_found while cache key 'IRWIN M. BARG, P.C.' (ai_openai, MEDIUM) holds this address; human-reviewed as the same company (punctuation/suffix variant)"
JDI REALTY,"575 Lexington Avenue, 11th Floor",New York,NY,10022,true,"MEDIUM — twin adjudication: exact key held ai_not_found while cache key 'JDI REALTY LLC' (ai_openai, MEDIUM) holds this address; human-reviewed as the same company (punctuation/suffix variant)"
JEWISH EDUCATION IN MEDIA INC,"3190 South Bascom Avenue, Suite 600",San Jose,CA,95124,true,"MEDIUM — twin adjudication: exact key held ai_not_found while cache key 'JEWISH EDUCATION IN MEDIA,INC' (ai_openai, MEDIUM) holds this address; human-reviewed as the same company (punctuation/suffix variant)"
JEWISH FAMILY & CHILDRENS SERVICES,"2000 N Tustin Ave, Suite 200",Santa Ana,CA,92705,true,"MEDIUM — twin adjudication: exact key held ai_not_found while cache key 'JEWISH FAMILY & CHILDREN'S SERVICES' (ai_openai, MEDIUM) holds this address; human-reviewed as the same company (punctuation/suffix variant)"
JORDON PERLMUTTER & CO,"2275 Village East Road, Suite 200",Wheat Ridge,CO,80033,true,"MEDIUM — twin adjudication: exact key held ai_not_found while cache key 'JORDON PERLMUTTER & CO.' (ai_openai, MEDIUM) holds this address; human-reviewed as the same company (punctuation/suffix variant)"
JOSHUA A. ROSENBAUM PC,"1200 Brickell Avenue, Suite 1950",Miami,FL,33131,true,"MEDIUM — twin adjudication: exact key held ai_not_found while cache key 'JOSHUA A. ROSENBAUM P.C.' (ai_openai, MEDIUM) holds this address; human-reviewed as the same company (punctuation/suffix variant)"
JURISTEMPS INC,50 Beale St Suite 700,San Francisco,CA,94105,true,"MEDIUM — twin adjudication: exact key held ai_not_found while cache key 'JURISTEMPS, INC.' (ai_openai, MEDIUM) holds this address; human-reviewed as the same company (punctuation/suffix variant)"
KEELER REAL ESTATE LLC,2603 Brentwood Drive NW,Grand Rapids,MI,49534,true,"MEDIUM — twin adjudication: exact key held ai_not_found while cache key 'KEELER REAL ESTATE, LLC' (ai_openai, MEDIUM) holds this address; human-reviewed as the same company (punctuation/suffix variant)"
KL CAPITAL INC,900 Third Avenue,New York,NY,10022,true,"MEDIUM — twin adjudication: exact key held ai_not_found while cache key 'KL CAPITAL INC.' (ai_openai, MEDIUM) holds this address; human-reviewed as the same company (punctuation/suffix variant)"
KLNB LLC,100 West Rd Ste 505,Towson,MD,21204,true,"MEDIUM — twin adjudication: exact key held ai_not_found while cache key 'KLNB, LLC' (ai_openai_gpt5, HIGH) holds this address; human-reviewed as the same company (punctuation/suffix variant)"
LAURAND ASSOCIATES INC,"20900 NE 30th Avenue, Suite 102",Miami,FL,33180,true,"MEDIUM — twin adjudication: exact key held ai_not_found while cache key 'LAURAND ASSOCIATES, INC' (ai_openai_search, HIGH) holds this address; human-reviewed as the same company (punctuation/suffix variant)"
"LAW OFFICES OF KEITH J. COHEN, ESQUIRE PC","585 Skippack Pike, Suite 200",Blue Bell,PA,19422,true,"MEDIUM — twin adjudication: exact key held ai_not_found while cache key 'LAW OFFICES OF KEITH J. COHEN, ESQUIRE, P.C.' (manual_override, HIGH) holds this address; human-reviewed as the same company (punctuation/suffix variant)"
LAWLAND CORP,"1501 Broadway, 12th Floor",New York,NY,10036,true,"MEDIUM — twin adjudication: exact key held ai_not_found while cache key 'LAWLAND CORP.' (ai_openai, MEDIUM) holds this address; human-reviewed as the same company (punctuation/suffix variant)"
LIGHT VERDE LLC,"2112 5th Avenue, Suite 200",San Diego,CA,92101,true,"MEDIUM — twin adjudication: exact key held ai_not_found while cache key 'LIGHT VERDE, LLC' (ai_openai, MEDIUM) holds this address; human-reviewed as the same company (punctuation/suffix variant)"
M. RAPAPORT CO. INC,183 Madison Ave,New York,NY,10016,true,"MEDIUM — twin adjudication: exact key held ai_not_found while cache key 'M. RAPAPORT CO. INC.' (ai_openai, HIGH) holds this address; human-reviewed as the same company (punctuation/suffix variant)"
MAHAAI PROPERTIES LLC,1883 Waltham Circle,Marietta,GA,30062,true,"MEDIUM — twin adjudication: exact key held ai_not_found while cache key 'MAHAAI PROPERTIES, LLC' (ai_openai_search, HIGH) holds this address; human-reviewed as the same company (punctuation/suffix variant)"
MARKAY MANAGEMENT INC,"1530 W Jefferson Blvd, Suite 1600",Los Angeles,CA,90007,true,"MEDIUM — twin adjudication: exact key held ai_not_found while cache key 'MARKAY MANAGEMENT, INC.' (ai_openai, MEDIUM) holds this address; human-reviewed as the same company (punctuation/suffix variant)"
MARTIN FEIN INTERESTS LTD,"3100 Timmons Ln, Suite 200",Houston,TX,77027,true,"MEDIUM — twin adjudication: exact key held ai_not_found while cache key 'MARTIN FEIN INTERESTS, LTD.' (ai_openai_gpt5, MEDIUM) holds this address; human-reviewed as the same company (punctuation/suffix variant)"
METROPOLITAN MARKETING INC,,CALABASAS,CA,91302,true,"MEDIUM — twin adjudication: exact key held ai_not_found while cache key 'METROPOLITAN MARKETING, INC' (manual_override, HIGH) holds this address; human-reviewed as the same company (punctuation/suffix variant)"
METROPOLITAN MORTGAGE AND REALTY INC,"443 Northfield Ave, Suite 306",West Orange,NJ,07052,true,"MEDIUM — twin adjudication: exact key held ai_not_found while cache key 'METROPOLITAN MORTGAGE AND REALTY, INC.' (manual_override, HIGH) holds this address; human-reviewed as the same company (punctuation/suffix variant)"
MIDWEST REPRESENTATIVES INC,3100 Dundee Rd,Northbrook,IL,60062,true,"MEDIUM — twin adjudication: exact key held ai_not_found while cache key 'MIDWEST REPRESENTATIVES, INC' (ai_openai, MEDIUM) holds this address; human-reviewed as the same company (punctuation/suffix variant)"
MILLICAN CONSTRUCTION CO,431 S 7th St,Louisville,KY,40202,true,"MEDIUM — twin adjudication: exact key held ai_not_found while cache key 'MILLICAN CONSTRUCTION CO.' (ai_openai, MEDIUM) holds this address; human-reviewed as the same company (punctuation/suffix variant)"
MINUTE MEN INC,3740 Carnegie Ave,Cleveland,OH,44115,true,"MEDIUM — twin adjudication: exact key held ai_not_found while cache key 'MINUTE MEN INC.' (ai_openai_gpt5, HIGH) holds this address; human-reviewed as the same company (punctuation/suffix variant)"
ML FINANCIAL INC,"1201 PACIFIC AVE, SUITE 1800",TACOMA,WA,98402,true,"MEDIUM — twin adjudication: exact key held ai_not_found while cache key 'ML FINANCIAL, INC' (manual_override, HIGH) holds this address; human-reviewed as the same company (punctuation/suffix variant)"
NEMAN BROTHERS & ASSOCIATES INC,"2 Penn Plaza, Suite 1520",New York,NY,10121,true,"MEDIUM — twin adjudication: exact key held ai_not_found while cache key 'NEMAN BROTHERS & ASSOCIATES, INC.' (ai_openai, MEDIUM) holds this address; human-reviewed as the same company (punctuation/suffix variant)"
NEUROGENESIS BIO INC,"1450 Veterans Blvd, Suite 300",Redwood City,CA,94063,true,"MEDIUM — twin adjudication: exact key held ai_not_found while cache key 'NEUROGENESIS BIO INC.' (ai_openai, MEDIUM) holds this address; human-reviewed as the same company (punctuation/suffix variant)"
NEW ENGLAND REAL ESTATE ACQUISITIONS,"One International Place, Suite 350",Boston,MA,02110,true,"MEDIUM — twin adjudication: exact key held ai_not_found while cache key 'NEW ENGLAND REAL ESTATE ACQUISITIONS ,' (ai_openai, MEDIUM) holds this address; human-reviewed as the same company (punctuation/suffix variant)"
NORTH STAR CONSULTING INC,1100 17th St NW,Washington,DC,20036,true,"MEDIUM — twin adjudication: exact key held ai_not_found while cache key 'NORTH STAR CONSULTING, INC.' (ai_openai, MEDIUM) holds this address; human-reviewed as the same company (punctuation/suffix variant)"
OPTIMUS PROPERTIES LLC,"1801 Century Park East, Suite 2100",Los Angeles,CA,90067,true,"MEDIUM — twin adjudication: exact key held ai_not_found while cache key 'OPTIMUS PROPERTIES, LLC' (ai_openai_search, HIGH) holds this address; human-reviewed as the same company (punctuation/suffix variant)"
PAGE CONSULTING SERVICES INC,"500 N Brand Blvd, Suite 1640",Glendale,CA,91203,true,"MEDIUM — twin adjudication: exact key held ai_not_found while cache key 'PAGE CONSULTING SERVICES, INC.' (ai_openai, MEDIUM) holds this address; human-reviewed as the same company (punctuation/suffix variant)"
"PARSONS, LEE & JULIANO PC","26 Broadway, Suite 1500",New York,NY,10004,true,"MEDIUM — twin adjudication: exact key held ai_not_found while cache key 'PARSONS, LEE & JULIANO, PC' (ai_openai, MEDIUM) holds this address; human-reviewed as the same company (punctuation/suffix variant)"
PATRIOT GROWTH INSURANCE SERVICES,"1845 Walnut St, Suite 900",Philadelphia,PA,19103,true,"MEDIUM — twin adjudication: exact key held ai_not_found while cache key 'PATRIOT GROWTH INSURANCE SERVICES.' (ai_openai, MEDIUM) holds this address; human-reviewed as the same company (punctuation/suffix variant)"
PHILLIPS TADROS PA,101 N. Hernando St,Tampa,FL,33602,true,"MEDIUM — twin adjudication: exact key held ai_not_found while cache key 'PHILLIPS TADROS, P.A.' (ai_openai, MEDIUM) holds this address; human-reviewed as the same company (punctuation/suffix variant)"
PINKHASOV & ASSOCIATES PLLC,"6900 Jericho Turnpike, Suite 236",Syosset,NY,11791,true,"MEDIUM — twin adjudication: exact key held ai_not_found while cache key 'PINKHASOV & ASSOCIATES, PLLC' (ai_openai, MEDIUM) holds this address; human-reviewed as the same company (punctuation/suffix variant)"
PIVO INC,1355 Market St,San Francisco,CA,94103,true,"MEDIUM — twin adjudication: exact key held ai_not_found while cache key 'PIVO, INC.' (ai_openai, MEDIUM) holds this address; human-reviewed as the same company (punctuation/suffix variant)"
POGODA MANAGEMENT CO,4125 Old Norcross Rd NE,Duluth,GA,30096,true,"MEDIUM — twin adjudication: exact key held ai_not_found while cache key 'POGODA MANAGEMENT CO.' (ai_openai, MEDIUM) holds this address; human-reviewed as the same company (punctuation/suffix variant)"
PREMIER REALTY MICHIGAN LLC,,TROY,MI,48084,true,"MEDIUM — twin adjudication: exact key held ai_not_found while cache key 'PREMIER REALTY MICHIGAN, LLC' (manual_override, HIGH) holds this address; human-reviewed as the same company (punctuation/suffix variant)"
PROCEL LAW PC,"3600 AMERICAS PARKWAY NE, SUITE 400",ALBUQUERQUE,NM,87110,true,"MEDIUM — twin adjudication: exact key held ai_not_found while cache key 'PROCEL LAW, PC' (ai_openai, MEDIUM) holds this address; human-reviewed as the same company (punctuation/suffix variant)"
PROLIFIC ELECTRONICS LLC,2297 Worthing Lane,Los Angeles,CA,90077,true,"MEDIUM — twin adjudication: exact key held ai_not_found while cache key 'PROLIFIC ELECTRONICS, LLC' (ai_openai_search, MEDIUM) holds this address; human-reviewed as the same company (punctuation/suffix variant)"
PROMO PARTNERS INC,"6200 Canoga Ave, Suite 1250",Woodland Hills,CA,91367,true,"MEDIUM — twin adjudication: exact key held ai_not_found while cache key 'PROMO PARTNERS, INC.' (ai_openai, MEDIUM) holds this address; human-reviewed as the same company (punctuation/suffix variant)"
QUALITY INSURANCE CONCEPTS INC,1100 E Warrenville Rd #100,Naperville,IL,60563,true,"MEDIUM — twin adjudication: exact key held ai_not_found while cache key 'QUALITY INSURANCE CONCEPTS, INC.' (ai_openai, MEDIUM) holds this address; human-reviewed as the same company (punctuation/suffix variant)"
RAE MANAGEMENT COMPANY INC,1001 N. Rengstorff Avenue,Mountain View,CA,94043,true,"MEDIUM — twin adjudication: exact key held ai_not_found while cache key 'RAE MANAGEMENT COMPANY, INC.' (ai_openai, MEDIUM) holds this address; human-reviewed as the same company (punctuation/suffix variant)"
RAMAX SEARCH INC,101 Greenwich St,New York,NY,10006,true,"MEDIUM — twin adjudication: exact key held ai_not_found while cache key 'RAMAX SEARCH, INC' (ai_openai, MEDIUM) holds this address; human-reviewed as the same company (punctuation/suffix variant)"
REAL ESTATE SERVICE SOLUTIONS COMPANY LLC,"26711 Northwestern Highway, Suite 175",Southfield,MI,48033,true,"MEDIUM — twin adjudication: exact key held ai_not_found while cache key 'REAL ESTATE SERVICE SOLUTIONS COMPANY, LLC' (manual_override, HIGH) holds this address; human-reviewed as the same company (punctuation/suffix variant)"
RESTRUCTURING LAW ADVISORY PC,"605 Third Ave, 21st Floor",New York,NY,10158,true,"MEDIUM — twin adjudication: exact key held ai_not_found while cache key 'RESTRUCTURING LAW ADVISORY P.C.' (ai_openai, MEDIUM) holds this address; human-reviewed as the same company (punctuation/suffix variant)"
RHEOXTECH INC,300 Baker Ave,Concord,MA,01742,true,"MEDIUM — twin adjudication: exact key held ai_not_found while cache key 'RHEOXTECH, INC' (ai_openai, MEDIUM) holds this address; human-reviewed as the same company (punctuation/suffix variant)"
ROSE REAL ESTATE SERVICES INC,"600 Lexington Avenue, 48th Floor",New York,NY,10022,true,"MEDIUM — twin adjudication: exact key held ai_not_found while cache key 'ROSE REAL ESTATE SERVICES, INC.' (ai_openai, MEDIUM) holds this address; human-reviewed as the same company (punctuation/suffix variant)"
ROSEWOOD REALTY GROUP INC,55 Fruit Street,Boston,MA,02114,true,"MEDIUM — twin adjudication: exact key held ai_not_found while cache key 'ROSEWOOD REALTY GROUP INC.' (ai_openai, MEDIUM) holds this address; human-reviewed as the same company (punctuation/suffix variant)"
SCOPE IMPORTS INC,"1100 13th Street NW, Suite 800",Washington,DC,20005,true,"MEDIUM — twin adjudication: exact key held ai_not_found while cache key 'SCOPE IMPORTS, INC.' (ai_openai, MEDIUM) holds this address; human-reviewed as the same company (punctuation/suffix variant)"
SE ASSET MANAGEMENT GROUP INC,"1400 VINE STREET, SUITE 500",CINCINNATI,OH,45202,true,"MEDIUM — twin adjudication: exact key held ai_not_found while cache key 'SE ASSET MANAGEMENT GROUP, INC.' (ai_openai, MEDIUM) holds this address; human-reviewed as the same company (punctuation/suffix variant)"
SEDER $ CHANDLER LLP,"339 Main Street, Suite 300",Worcester,MA,01608,true,"MEDIUM — twin adjudication: exact key held ai_not_found while cache key 'SEDER $ CHANDLER, LLP' (ai_openai_search, HIGH) holds this address; human-reviewed as the same company (punctuation/suffix variant)"
SHP REALTY INC,2141 Mallard Dr,Northbrook,IL,60062,true,"MEDIUM — twin adjudication: exact key held ai_not_found while cache key 'SHP REALTY, INC' (ai_openai_search, MEDIUM) holds this address; human-reviewed as the same company (punctuation/suffix variant)"
SOLINSKY EYECARE LLC,433 South Main St,West Hartford,CT,06110,true,"MEDIUM — twin adjudication: exact key held ai_not_found while cache key 'SOLINSKY EYECARE, LLC' (ai_openai_search, HIGH) holds this address; human-reviewed as the same company (punctuation/suffix variant)"
STONEHOUSE PARTNERS,"1019 Kane Concourse, Suite 202",Bay Harbor Islands,FL,33154,true,"MEDIUM — twin adjudication: exact key held ai_not_found while cache key 'STONE HOUSE PARTNERS' (ai_openai_search, HIGH) holds this address; human-reviewed as the same company (punctuation/suffix variant)"
STRATEGY MAVEN INC,"10 W. 33rd Street, Suite 505",New York,NY,10001,true,"MEDIUM — twin adjudication: exact key held ai_not_found while cache key 'STRATEGY MAVEN, INC' (ai_openai, MEDIUM) holds this address; human-reviewed as the same company (punctuation/suffix variant)"
SUSAN ZISES GREEN INC,301 Route 17M,Middletown,NY,10940,true,"MEDIUM — twin adjudication: exact key held ai_not_found while cache key 'SUSAN ZISES GREEN, INC.' (ai_openai, MEDIUM) holds this address; human-reviewed as the same company (punctuation/suffix variant)"
"SYKES, BOURDON, AHERN & LEVY PC",99 Park Avenue,New York,NY,10016,true,"MEDIUM — twin adjudication: exact key held ai_not_found while cache key 'SYKES, BOURDON, AHERN & LEVY, P.C.' (ai_openai, MEDIUM) holds this address; human-reviewed as the same company (punctuation/suffix variant)"
TATE DEVELOPMENT CORP,1133 Avenue of the Americas,New York,NY,10036,true,"MEDIUM — twin adjudication: exact key held ai_not_found while cache key 'TATE DEVELOPMENT CORP.' (ai_openai, MEDIUM) holds this address; human-reviewed as the same company (punctuation/suffix variant)"
TEMPLE ISAIAH PRESCHOOL,10 Rockledge Ave,Lexington,MA,02421,true,"MEDIUM — twin adjudication: exact key held ai_not_found while cache key 'TEMPLE ISAIAH PRESCHOOL.' (ai_openai, MEDIUM) holds this address; human-reviewed as the same company (punctuation/suffix variant)"
THALHEIMER BROTHERS LLC,700 E Godfrey Avenue,Philadelphia,PA,19124,true,"MEDIUM — twin adjudication: exact key held ai_not_found while cache key 'THALHEIMER BROTHERS, LLC' (ai_openai_search, HIGH) holds this address; human-reviewed as the same company (punctuation/suffix variant)"
THE BERNSTEIN COMPANY,"1845 Walnut Street, Suite 900",Philadelphia,PA,19103,true,"MEDIUM — twin adjudication: exact key held ai_not_found while cache key 'BERNSTEIN' (ai_openai, MEDIUM) holds this address; human-reviewed as the same company (punctuation/suffix variant)"
THE CHAZIN GROUP INC,3100 West Lake Street Suite 230,Minneapolis,MN,55416,true,"MEDIUM — twin adjudication: exact key held ai_not_found while cache key 'THE CHAZIN GROUP, INC' (ai_openai_search, MEDIUM) holds this address; human-reviewed as the same company (punctuation/suffix variant)"
THE DIAMOND LAW FIRM PA,"1519 N. University Drive, Suite 103",Plantation,FL,33322,true,"MEDIUM — twin adjudication: exact key held ai_not_found while cache key 'THE DIAMOND LAW FIRM, P.A.' (ai_openai, MEDIUM) holds this address; human-reviewed as the same company (punctuation/suffix variant)"
THE FUNDWORKS LLC,"21031 Ventura Blvd, Suite 120",Woodland Hills,CA,91364,true,"MEDIUM — twin adjudication: exact key held ai_not_found while cache key 'THE FUNDWORKS, LLC' (ai_openai_gpt5, MEDIUM) holds this address; human-reviewed as the same company (punctuation/suffix variant)"
THE PERLES LAW FIRM PC,"1050 Connecticut Ave NW, Suite 500",Washington,DC,20036,true,"MEDIUM — twin adjudication: exact key held ai_not_found while cache key 'THE PERLES LAW FIRM, PC' (ai_openai_search, HIGH) holds this address; human-reviewed as the same company (punctuation/suffix variant)"
THE WHISLER LAW FIRM PA,401 E Jackson St,Orlando,FL,32801,true,"MEDIUM — twin adjudication: exact key held ai_not_found while cache key 'THE WHISLER LAW FIRM, P.A.' (ai_openai, MEDIUM) holds this address; human-reviewed as the same company (punctuation/suffix variant)"
THE ZIZO GROUP INC,,LOS ANGELES,CA,90001,true,"MEDIUM — twin adjudication: exact key held ai_not_found while cache key 'THE ZIZO GROUP, INC' (manual_override, HIGH) holds this address; human-reviewed as the same company (punctuation/suffix variant)"
TILSNER CARTON CO,33 E 2nd St,Mineola,NY,11501,true,"MEDIUM — twin adjudication: exact key held ai_not_found while cache key 'TILSNER CARTON CO.' (ai_openai, MEDIUM) holds this address; human-reviewed as the same company (punctuation/suffix variant)"
TRYAX REALTY MANAGEMENT INC,1476 Walton Avenue,Bronx,NY,10452,true,"MEDIUM — twin adjudication: exact key held ai_not_found while cache key 'TRYAX REALTY MANAGEMENT, INC.' (manual_override, HIGH) holds this address; human-reviewed as the same company (punctuation/suffix variant)"
ULTIMATE INTERNET ACCESS INC,1401 Pennsylvania Avenue NW,Washington,DC,20004,true,"MEDIUM — twin adjudication: exact key held ai_not_found while cache key 'ULTIMATE INTERNET ACCESS, INC' (ai_openai, MEDIUM) holds this address; human-reviewed as the same company (punctuation/suffix variant)"
UPSTREAM INSIGHTS LLC,"Upstream Insights, LLC",Alexandria,VA,22314,true,"MEDIUM — twin adjudication: exact key held ai_not_found while cache key 'UPSTREAM INSIGHTS, LLC' (ai_openai, MEDIUM) holds this address; human-reviewed as the same company (punctuation/suffix variant)"
VOICE EXPRESS CORP,200 Crossways Park Dr W,Woodbury,NY,11797,true,"MEDIUM — twin adjudication: exact key held ai_not_found while cache key 'VOICE EXPRESS CORP.' (ai_openai_gpt5, MEDIUM) holds this address; human-reviewed as the same company (punctuation/suffix variant)"
WOLFE LAW LLC,"One International Place, Suite 3800",Boston,MA,02110,true,"MEDIUM — twin adjudication: exact key held ai_not_found while cache key 'WOLFE LAW, LLC' (ai_openai, MEDIUM) holds this address; human-reviewed as the same company (punctuation/suffix variant)"
WORLDBRIDGE PARTNERS TOLEDO INC,"One Seagate, Suite 1700",Toledo,OH,43604,true,"MEDIUM — twin adjudication: exact key held ai_not_found while cache key 'WORLDBRIDGE PARTNERS TOLEDO, INC' (ai_openai, MEDIUM) holds this address; human-reviewed as the same company (punctuation/suffix variant)"
BLUT LAW GROUP,"300 S 4th St, Suite 701",Las Vegas,NV,89101,true,HIGH (VERIFIED) — blutlawgroup.com Las Vegas office page; founder Elliot Blut is the donor
MARON AND SANDLER,"1250 4th St, Suite 550",Santa Monica,CA,90401,true,MEDIUM — Martindale/Lawyer.com concur; partner Richard Sandler (Milken Family Foundation EVP) is the donor
KAPITAL ENTERTAINMENT,"11444 W Olympic Blvd, 11th Floor",Los Angeles,CA,90064,true,MEDIUM — productionlist.com industry directory; Wikipedia says West Hollywood generically; founder Aaron Kaplan is the donor
AFRICAGEMS,"38 Miller Ave, PMB 448",Mill Valley,CA,94941,true,"MEDIUM — BBB + company's published mailing address (PMB; no public premises by policy); Sarosi family business, donor Charles Sarosi executive"
TIERRAMANO LLC,1405 W 24th Street,Miami Beach,FL,33140,true,HIGH (VERIFIED) — FL Sunbiz principal+mailing address (L13000119000); manager Jeremy Goldstein is the donor
MB DAVIS GROUP,3920 N Hills Drive,Austin,TX,78731,true,HIGH (VERIFIED) — mbdgrp.com contact page; founder Mitchell B. Davis is the donor
MB DAVIS GROUP,"111 Howard Blvd, Suite 202",Mt Arlington,NJ,07856,false,HIGH (VERIFIED) — mbdgrp.com contact page lists the New Jersey office
EMPIRE DAWN LLC,"6929 N Hayden Rd, # C4-235",Scottsdale,AZ,85250,true,"MEDIUM — AZ corporate registry; registered-agent mail suite (Jonathan Levine, the donor); no separate premises found"
"GOOD DOMUS, ET AL",510 Evergreen Ln N,Plymouth,MN,55441,true,MEDIUM — BBB Minneapolis + D&B Plymouth concur; manager Bradley Birnberg is the donor; key keeps the cleaned 'ET AL' form
CANON EQUITY PARTNERS,439 N Canon Dr,Beverly Hills,CA,90210,true,"MEDIUM — Yelp street listing; firm named for Canon Dr; principal Lewis Rudzki is the donor (canonep.com exists, address not shown on site)"
WHOKNEW VENTURES LLC,,,,,true,INVALID: private early-stage venture vehicle of the donor (Howard Zack); directories conflict across Kentfield/Greenbrae/Sausalito CA with no street anywhere; researched 2026-08-10
THUNDERING CLOUD LLC,,,,,true,"INVALID: donor's own single-member vehicle (Steven Weisberg, self-employed per LinkedIn); no public premises or registry address found; researched 2026-08-10"
STARK ENTERPRISES LLC,,,,,true,INVALID: Arthur Stark's private NJ advisory LLC; name collides with Robert L. Stark Enterprises (Cleveland) - kept invalid so no lookup ever borrows the Cleveland address; Ezra's row disambiguated in manual_employer_overrides.csv
AUKE BAY COMPANY,,,,,true,"INVALID: Schlosberg family company (Auke Bay Fish and Fruit Co pension trust, 9th Cir. 1990, 894 F.2d 342) with no current public address; donor is its Seattle GM; researched 2026-08-10"
