sub_id,fec_entity_type,fec_contributor_id,fec_image_number,matched_by,fec_sub_id
4092220261599306470,IND,,202609199904431102,pulled,
4092220261599306469,IND,,202609199904431101,pulled,
4092220261599306468,IND,,202609199904431101,pulled,
4092220261599306467,IND,C00581074,202609199904431101,pulled,
4092220261599306466,IND,,202609199904431100,pulled,
4092220261599306465,IND,,202609199904431100,pulled,
4092220261599306464,IND,,202609199904431100,pulled,
4092220261599306463,IND,C00314575,202609199904431099,pulled,
4092220261599306462,IND,,202609199904431099,pulled,
4092220261599306461,IND,C00410761,202609199904431099,pulled,
4092220261599306460,IND,C00832436,202609199904431098,pulled,
4092220261599306459,IND,C00314575,202609199904431098,pulled,
4092220261599306458,IND,,202609199904431098,pulled,
4092220261599306457,IND,,202609199904431097,pulled,
4092220261599306456,IND,C00314575,202609199904431097,pulled,
4092220261599306455,IND,,202609199904431097,pulled,
4092220261599306454,IND,,202609199904431096,pulled,
4092220261599306453,IND,,202609199904431096,pulled,
4092220261599306452,IND,C00314575,202609199904431096,pulled,
4092220261599306451,IND,C00832436,202609199904431095,pulled,
4092220261599306450,IND,,202609199904431095,pulled,
4092220261599306449,IND,C00860213,202609199904431095,pulled,
4092220261599306448,IND,,202609199904431094,pulled,
4092220261599306447,IND,,202609199904431094,pulled,
4092220261599306446,IND,C00787812,202609199904431094,pulled,
4092220261599306445,IND,C00607200,202609199904431093,pulled,
4092220261599306444,IND,C00840165,202609199904431093,pulled,
4092220261599306443,IND,,202609199904431093,pulled,
4092220261599306442,IND,C00787812,202609199904431092,pulled,
4092220261599306441,IND,C00855361,202609199904431092,pulled,
4092220261599306440,IND,C00551275,202609199904431092,pulled,
4092220261599306439,IND,C00807628,202609199904431091,pulled,
4092220261599306438,IND,C00410761,202609199904431091,pulled,
4092220261599306437,IND,C00807628,202609199904431091,pulled,
4092220261599306436,IND,C00314575,202609199904431090,pulled,
4092220261599306435,IND,C00807628,202609199904431090,pulled,
4092220261599306434,IND,C00477745,202609199904431090,pulled,
4092220261599306433,IND,,202609199904431089,pulled,
4092220261599306432,IND,,202609199904431089,pulled,
4092220261599306431,IND,C00807628,202609199904431089,pulled,
4092220261599306430,IND,C00314575,202609199904431088,pulled,
4092220261599306429,IND,C00711317,202609199904431088,pulled,
4092220261599306428,IND,,202609199904431088,pulled,
4092220261599306427,IND,C00895763,202609199904431087,pulled,
4092220261599306426,IND,,202609199904431087,pulled,
4092220261599306425,IND,,202609199904431087,pulled,
4092220261599306424,IND,C00711317,202609199904431086,pulled,
4092220261599306423,IND,,202609199904431086,pulled,
4092220261599306422,IND,,202609199904431086,pulled,
4092220261599306421,IND,,202609199904431085,pulled,
4092220261599306420,IND,,202609199904431085,pulled,
4092220261599306419,IND,C00551275,202609199904431085,pulled,
4092220261599306418,IND,,202609199904431084,pulled,
4092220261599306417,IND,C00895763,202609199904431084,pulled,
4092220261599306416,IND,C00551275,202609199904431084,pulled,
4092220261599306415,IND,C00807628,202609199904431083,pulled,
4092220261599306414,IND,C00872473,202609199904431083,pulled,
4092220261599306413,IND,,202609199904431083,pulled,
4092220261599306412,IND,C00314575,202609199904431082,pulled,
4092220261599306411,IND,,202609199904431082,pulled,
4092220261599306410,IND,C00615294,202609199904431082,pulled,
4092220261599306409,IND,,202609199904431081,pulled,
4092220261599307605,CCM,C00856005,202609199904431481,pulled,
4092220261599306408,IND,C00655613,202609199904431081,pulled,
4092220261599306407,IND,,202609199904431081,pulled,
4092220261599306406,IND,C00376087,202609199904431080,pulled,
4092220261599306405,IND,,202609199904431080,pulled,
4092220261599306404,IND,,202609199904431080,pulled,
4092220261599306403,IND,,202609199904431079,pulled,
4092220261599306402,IND,,202609199904431079,pulled,
4092220261599306401,IND,,202609199904431079,pulled,
4092220261599306400,IND,C00345546,202609199904431078,pulled,
4092220261599306399,IND,C00895763,202609199904431078,pulled,
4092220261599306398,IND,C00314575,202609199904431078,pulled,
4092220261599306397,IND,C00786194,202609199904431077,pulled,
4092220261599306396,IND,,202609199904431077,pulled,
4092220261599306395,IND,C00376087,202609199904431077,pulled,
4092220261599306394,IND,C00872473,202609199904431076,pulled,
4092220261599306393,IND,,202609199904431076,pulled,
4092220261599306392,IND,,202609199904431076,pulled,
4092220261599306391,IND,C00711317,202609199904431075,pulled,
4092220261599306390,IND,,202609199904431075,pulled,
4092220261599306389,IND,C00441014,202609199904431075,pulled,
4092220261599306388,IND,,202609199904431074,pulled,
4092220261599306387,IND,C00314575,202609199904431074,pulled,
4092220261599306386,IND,,202609199904431074,pulled,
4092220261599306385,IND,,202609199904431073,pulled,
4092220261599306384,IND,,202609199904431073,pulled,
4092220261599306383,IND,,202609199904431073,pulled,
4092220261599306382,IND,C00441014,202609199904431072,pulled,
4092220261599306381,IND,,202609199904431072,pulled,
4092220261599306380,IND,C00441014,202609199904431072,pulled,
4092220261599306379,IND,,202609199904431071,pulled,
4092220261599306378,IND,C00592659,202609199904431071,pulled,
4092220261599306377,IND,,202609199904431071,pulled,
4092220261599306376,IND,C00314575,202609199904431070,pulled,
4092220261599306375,IND,C00657304,202609199904431070,pulled,
4092220261599306374,IND,C00711317,202609199904431070,pulled,
4092220261599306373,IND,C00917112,202609199904431069,pulled,
4092220261599306372,IND,C00711317,202609199904431069,pulled,
4092220261599306371,IND,C00895763,202609199904431069,pulled,
4092220261599306370,IND,C00655613,202609199904431068,pulled,
4092220261599306369,IND,,202609199904431068,pulled,
4092220261599306368,IND,,202609199904431068,pulled,
4092220261599306367,IND,C00376087,202609199904431067,pulled,
4092220261599306366,IND,C00922062,202609199904431067,pulled,
4092220261599306365,IND,C00807628,202609199904431067,pulled,
4092220261599306364,IND,C00787812,202609199904431066,pulled,
4092220261599307105,CCM,C00896019,202609199904431314,pulled,
4092220261599306363,IND,,202609199904431066,pulled,
4092220261599306362,IND,,202609199904431066,pulled,
4092220261599306361,IND,,202609199904431065,pulled,
4092220261599306360,IND,,202609199904431065,pulled,
4092220261599306359,IND,C00787812,202609199904431065,pulled,
4092220261599306358,IND,C00943142,202609199904431064,pulled,
4092220261599306357,IND,,202609199904431064,pulled,
4092220261599306356,IND,C00895763,202609199904431064,pulled,
4092220261599306355,IND,,202609199904431063,pulled,
4092220261599306354,IND,C00345546,202609199904431063,pulled,
4092220261599306353,IND,,202609199904431063,pulled,
4092220261599306352,IND,,202609199904431062,pulled,
4092220261599306351,IND,C00314575,202609199904431062,pulled,
4092220261599306350,IND,,202609199904431062,pulled,
4092220261599306349,IND,C00711317,202609199904431061,pulled,
4092220261599306348,IND,,202609199904431061,pulled,
4092220261599306347,IND,C00787812,202609199904431061,pulled,
4092220261599306346,IND,,202609199904431060,pulled,
4092220261599306345,IND,C00371302,202609199904431060,pulled,
4092220261599306344,IND,,202609199904431060,pulled,
4092220261599306343,IND,,202609199904431059,pulled,
4092220261599306342,IND,C00570994,202609199904431059,pulled,
4092220261599306341,IND,C00840165,202609199904431059,pulled,
4092220261599306340,IND,C00607200,202609199904431058,pulled,
4092220261599306339,IND,C00376087,202609199904431058,pulled,
4092220261599306338,IND,C00410761,202609199904431058,pulled,
4092220261599306337,IND,C00376087,202609199904431057,pulled,
4092220261599306336,IND,,202609199904431057,pulled,
4092220261599306335,IND,,202609199904431057,pulled,
4092220261599306334,IND,C00570994,202609199904431056,pulled,
4092220261599306333,IND,C00410761,202609199904431056,pulled,
4092220261599306332,IND,C00807628,202609199904431056,pulled,
4092220261599306331,IND,C00314575,202609199904431055,pulled,
4092220261599306330,IND,,202609199904431055,pulled,
4092220261599306329,IND,,202609199904431055,pulled,
4092220261599306328,IND,C00441014,202609199904431054,pulled,
4092220261599306327,IND,C00376087,202609199904431054,pulled,
4092220261599306326,IND,,202609199904431054,pulled,
4092220261599306325,IND,,202609199904431053,pulled,
4092220261599306324,IND,C00807628,202609199904431053,pulled,
4092220261599306323,IND,C00376087,202609199904431053,pulled,
4092220261599306322,IND,C00551275,202609199904431052,pulled,
4092220261599306321,IND,,202609199904431052,pulled,
4092220261599306320,IND,,202609199904431052,pulled,
4092220261599306319,IND,,202609199904431051,pulled,
4092220261599306318,IND,C00807628,202609199904431051,pulled,
4092220261599306317,IND,,202609199904431051,pulled,
4092220261599306316,IND,C00807628,202609199904431050,pulled,
4092220261599306315,IND,C00711317,202609199904431050,pulled,
4092220261599306314,IND,C00570994,202609199904431050,pulled,
4092220261599306313,IND,C00441014,202609199904431049,pulled,
4092220261599306312,IND,C00711317,202609199904431049,pulled,
4092220261599306311,IND,,202609199904431049,pulled,
4092220261599306310,IND,C00376087,202609199904431048,pulled,
4092220261599306309,IND,,202609199904431048,pulled,
4092220261599306308,IND,C00807628,202609199904431048,pulled,
4092220261599306307,IND,,202609199904431047,pulled,
4092220261599306306,IND,,202609199904431047,pulled,
4092220261599306305,IND,,202609199904431047,pulled,
4092220261599306304,IND,C00441014,202609199904431046,pulled,
4092220261599306303,IND,,202609199904431046,pulled,
4092220261599306302,IND,C00499392,202609199904431046,pulled,
4092220261599306301,IND,,202609199904431045,pulled,
4092220261599306300,IND,C00592659,202609199904431045,pulled,
4092220261599306299,IND,C00807628,202609199904431045,pulled,
4092220261599306298,IND,,202609199904431044,pulled,
4092220261599306297,IND,C00592659,202609199904431044,pulled,
4092220261599306296,IND,C90017310,202609199904431044,pulled,
4092220261599306295,IND,C00895763,202609199904431043,pulled,
4092220261599306294,IND,C00441014,202609199904431043,pulled,
4092220261599306293,IND,C00615294,202609199904431043,pulled,
4092220261599306292,IND,,202609199904431042,pulled,
4092220261599306291,IND,C00314575,202609199904431042,pulled,
4092220261599306290,IND,C00441014,202609199904431042,pulled,
4092220261599306289,IND,,202609199904431041,pulled,
4092220261599306288,IND,,202609199904431041,pulled,
4092220261599306287,IND,,202609199904431041,pulled,
4092220261599306286,IND,C00570994,202609199904431040,pulled,
4092220261599306285,IND,,202609199904431040,pulled,
4092220261599306284,IND,,202609199904431040,pulled,
4092220261599306283,IND,,202609199904431039,pulled,
4092220261599306282,IND,C00943142,202609199904431039,pulled,
4092220261599306281,IND,C00376087,202609199904431039,pulled,
4092220261599306280,IND,C00807628,202609199904431038,pulled,
4092220261599306279,IND,C00441014,202609199904431038,pulled,
4092220261599306278,IND,C00376087,202609199904431038,pulled,
4092220261599306277,IND,C00441014,202609199904431037,pulled,
4092220261599306276,IND,C00807628,202609199904431037,pulled,
4092220261599306275,IND,C00314575,202609199904431037,pulled,
4092220261599306274,IND,C00655613,202609199904431036,pulled,
4092220261599306273,IND,C00314575,202609199904431036,pulled,
4092220261599306272,IND,,202609199904431036,pulled,
4092220261599306271,IND,C00441014,202609199904431035,pulled,
4092220261599306270,IND,C00807628,202609199904431035,pulled,
4092220261599306269,IND,C00499392,202609199904431035,pulled,
4092220261599306268,IND,C00390724,202609199904431034,pulled,
4092220261599306267,IND,C00376087,202609199904431034,pulled,
4092220261599306266,IND,,202609199904431034,pulled,
4092220261599306265,IND,C00807628,202609199904431033,pulled,
4092220261599306264,IND,C00895763,202609199904431033,pulled,
4092220261599306263,IND,,202609199904431033,pulled,
4092220261599306262,IND,C00510461,202609199904431032,pulled,
4092220261599306261,IND,C00943142,202609199904431032,pulled,
4092220261599306260,IND,,202609199904431032,pulled,
4092220261599306259,IND,C00441014,202609199904431031,pulled,
4092220261599306258,IND,,202609199904431031,pulled,
4092220261599306257,IND,C00581074,202609199904431031,pulled,
4092220261599306256,IND,C00787812,202609199904431030,pulled,
4092220261599306255,IND,C00711317,202609199904431030,pulled,
4092220261599306254,IND,,202609199904431030,pulled,
4092220261599306253,IND,C00570994,202609199904431029,pulled,
4092220261599306252,IND,,202609199904431029,pulled,
4092220261599306251,IND,C00441014,202609199904431029,pulled,
4092220261599306250,IND,,202609199904431028,pulled,
4092220261599306249,IND,,202609199904431028,pulled,
4092220261599306248,IND,C00314575,202609199904431028,pulled,
4092220261599306247,IND,C00410761,202609199904431027,pulled,
4092220261599306246,IND,,202609199904431027,pulled,
4092220261599306245,IND,C00895920,202609199904431027,pulled,
4092220261599306244,IND,C00895920,202609199904431026,pulled,
4092220261599306243,IND,C00441014,202609199904431026,pulled,
4092220261599306242,IND,,202609199904431026,pulled,
4092220261599306241,IND,C00441014,202609199904431025,pulled,
4092220261599307931,CCM,C00495952,202609199904431589,pulled,
4092220261599307930,CCM,C00495952,202609199904431589,pulled,
4092220261599307925,CCM,C00495952,202609199904431587,pulled,
4092220261599307924,CCM,C00495952,202609199904431587,pulled,
4092220261599307918,CCM,C00895763,202609199904431585,pulled,
4092220261599307915,CCM,C00895763,202609199904431584,pulled,
4092220261599307912,CCM,C00895763,202609199904431583,pulled,
4092220261599307898,CCM,C00895763,202609199904431578,pulled,
4092220261599307896,CCM,C00859892,202609199904431578,pulled,
4092220261599307892,CCM,C00807628,202609199904431576,pulled,
4092220261599307882,CCM,C00807628,202609199904431573,pulled,
4092220261599307881,CCM,C00807628,202609199904431573,pulled,
4092220261599307866,CCM,C00840165,202609199904431568,pulled,
4092220261599307864,CCM,C00840165,202609199904431567,pulled,
4092220261599307838,CCM,C00893271,202609199904431558,pulled,
4092220261599307790,CCM,C00795211,202609199904431542,pulled,
4092220261599307781,CCM,C00699744,202609199904431539,pulled,
4092220261599307772,CCM,C00314575,202609199904431536,pulled,
4092220261599307768,CCM,C00832436,202609199904431535,pulled,
4092220261599307753,CCM,C00784389,202609199904431530,pulled,
4092220261599307717,CCM,C00815415,202609199904431518,pulled,
4092220261599307716,CCM,C00807628,202609199904431518,pulled,
4092220261599307714,CCM,C00807628,202609199904431517,pulled,
4092220261599307713,CCM,C00807628,202609199904431517,pulled,
4092220261599307710,CCM,C00807628,202609199904431516,pulled,
4092220261599307705,CCM,C00807628,202609199904431514,pulled,
4092220261599307702,CCM,C00807628,202609199904431513,pulled,
4092220261599307700,CCM,C00807628,202609199904431512,pulled,
4092220261599307697,CCM,C00807628,202609199904431511,pulled,
4092220261599307695,CCM,C00807628,202609199904431511,pulled,
4092220261599307694,CCM,C00807628,202609199904431510,pulled,
4092220261599307693,CCM,C00711317,202609199904431510,pulled,
4092220261599307692,CCM,C00416594,202609199904431510,pulled,
4092220261599307671,CCM,C00801431,202609199904431503,pulled,
4092220261599307669,CCM,C00801431,202609199904431502,pulled,
4092220261599307667,CCM,C00801431,202609199904431501,pulled,
4092220261599307637,CCM,C00655613,202609199904431491,pulled,
4092220261599307635,CCM,C00655613,202609199904431491,pulled,
4092220261599307633,CCM,C00655613,202609199904431490,pulled,
4092220261599307632,CCM,C00655613,202609199904431490,pulled,
4092220261599307629,CCM,C00655613,202609199904431489,pulled,
4092220261599307626,CCM,C00655613,202609199904431488,pulled,
4092220261599307602,CCM,C00801241,202609199904431480,pulled,
4092220261599307601,CCM,C00787812,202609199904431479,pulled,
4092220261599307599,CCM,C00787812,202609199904431479,pulled,
4092220261599307598,CCM,C00787812,202609199904431478,pulled,
4092220261599307597,CCM,C00787812,202609199904431478,pulled,
4092220261599307592,CCM,C00787812,202609199904431476,pulled,
4092220261599307589,CCM,C00787812,202609199904431475,pulled,
4092220261599307585,CCM,C00787812,202609199904431474,pulled,
4092220261599307583,CCM,C00787812,202609199904431473,pulled,
4092220261599307580,CCM,C00787812,202609199904431472,pulled,
4092220261599307579,CCM,C00787812,202609199904431472,pulled,
4092220261599307578,CCM,C00787812,202609199904431472,pulled,
4092220261599307576,CCM,C00787812,202609199904431471,pulled,
4092220261599307571,CCM,C00314575,202609199904431469,pulled,
4092220261599307569,CCM,C00314575,202609199904431469,pulled,
4092220261599307568,CCM,C00314575,202609199904431468,pulled,
4092220261599307567,CCM,C00314575,202609199904431468,pulled,
4092220261599307562,CCM,C00943142,202609199904431466,pulled,
4092220261599307561,CCM,C00943142,202609199904431466,pulled,
4092220261599307560,CCM,C00943142,202609199904431466,pulled,
4092220261599307559,CCM,C00943142,202609199904431465,pulled,
4092220261599307541,CCM,C00430991,202609199904431459,pulled,
4092220261599307523,CCM,C00793760,202609199904431453,pulled,
4092220261599307522,CCM,C00793760,202609199904431453,pulled,
4092220261599307519,CCM,C00793760,202609199904431452,pulled,
4092220261599307518,CCM,C00793760,202609199904431452,pulled,
4092220261599307512,CCM,C00793760,202609199904431450,pulled,
4092220261599307507,CCM,C00793760,202609199904431448,pulled,
4092220261599307506,CCM,C00793760,202609199904431448,pulled,
4092220261599307504,CCM,C00793760,202609199904431447,pulled,
4092220261599307503,CCM,C00793760,202609199904431447,pulled,
4092220261599307501,CCM,C00793760,202609199904431446,pulled,
4092220261599307490,CCM,C00815415,202609199904431442,pulled,
4092220261599307489,CCM,C00815415,202609199904431442,pulled,
4092220261599307488,CCM,C00815415,202609199904431442,pulled,
4092220261599307487,CCM,C00815415,202609199904431441,pulled,
4092220261599307483,CCM,C00632257,202609199904431440,pulled,
4092220261599307457,CCM,C00655613,202609199904431431,pulled,
4092220261599307456,CCM,C00655613,202609199904431431,pulled,
4092220261599307455,CCM,C00655613,202609199904431431,pulled,
4092220261599307450,CCM,C00499392,202609199904431429,pulled,
4092220261599307449,CCM,C00499392,202609199904431429,pulled,
4092220261599307447,CCM,C00499392,202609199904431428,pulled,
4092220261599307446,CCM,C00499392,202609199904431428,pulled,
4092220261599307442,CCM,C00499392,202609199904431426,pulled,
4092220261599307434,CCM,C00499392,202609199904431424,pulled,
4092220261599307428,CCM,C00499392,202609199904431422,pulled,
4092220261599307427,CCM,C00499392,202609199904431421,pulled,
4092220261599307411,CCM,C00776120,202609199904431416,pulled,
4092220261599307410,CCM,C00917658,202609199904431416,pulled,
4092220261599307407,CCM,C00787812,202609199904431415,pulled,
4092220261599307406,CCM,C00787812,202609199904431414,pulled,
4092220261599307404,CCM,C00787812,202609199904431414,pulled,
4092220261599307403,CCM,C00787812,202609199904431413,pulled,
4092220261599307401,CCM,C00787812,202609199904431413,pulled,
4092220261599307400,CCM,C00787812,202609199904431412,pulled,
4092220261599307399,CCM,C00787812,202609199904431412,pulled,
4092220261599307397,CCM,C00787812,202609199904431411,pulled,
4092220261599307396,CCM,C00787812,202609199904431411,pulled,
4092220261599307395,CCM,C00787812,202609199904431411,pulled,
4092220261599307393,CCM,C00787812,202609199904431410,pulled,
4092220261599307386,CCM,C00314575,202609199904431408,pulled,
4092220261599307376,CCM,C00314575,202609199904431404,pulled,
4092220261599307375,CCM,C00314575,202609199904431404,pulled,
4092220261599307374,CCM,C00314575,202609199904431404,pulled,
4092220261599307373,CCM,C00314575,202609199904431403,pulled,
4092220261599307372,CCM,C00314575,202609199904431403,pulled,
4092220261599307371,CCM,C00314575,202609199904431403,pulled,
4092220261599307370,CCM,C00314575,202609199904431402,pulled,
4092220261599307369,CCM,C00570994,202609199904431402,pulled,
4092220261599307368,CCM,C00570994,202609199904431402,pulled,
4092220261599307367,CCM,C00570994,202609199904431401,pulled,
4092220261599307366,CCM,C00570994,202609199904431401,pulled,
4092220261599307347,CCM,C00694778,202609199904431395,pulled,
4092220261599307342,CCM,C00793760,202609199904431393,pulled,
4092220261599307339,CCM,C00793760,202609199904431392,pulled,
4092220261599307329,CCM,C00558825,202609199904431389,pulled,
4092220261599307300,CCM,C00499392,202609199904431379,pulled,
4092220261599307299,CCM,C00499392,202609199904431379,pulled,
4092220261599307292,CCM,C00919530,202609199904431376,pulled,
4092220261599307271,CCM,C00860213,202609199904431369,pulled,
4092220261599307268,CCM,C00440362,202609199904431368,pulled,
4092220261599307267,CCM,C00440362,202609199904431368,pulled,
4092220261599307266,CCM,C00440362,202609199904431368,pulled,
4092220261599307265,CCM,C00440362,202609199904431367,pulled,
4092220261599307264,CCM,C00440362,202609199904431367,pulled,
4092220261599307261,CCM,C00440362,202609199904431366,pulled,
4092220261599307260,CCM,C00440362,202609199904431366,pulled,
4092220261599307258,CCM,C00440362,202609199904431365,pulled,
4092220261599307256,CCM,C00440362,202609199904431364,pulled,
4092220261599307255,CCM,C00314575,202609199904431364,pulled,
4092220261599307253,CCM,C00314575,202609199904431363,pulled,
4092220261599307252,CCM,C00314575,202609199904431363,pulled,
4092220261599307251,CCM,C00314575,202609199904431363,pulled,
4092220261599307246,CCM,C00314575,202609199904431361,pulled,
4092220261599307244,CCM,C00314575,202609199904431360,pulled,
4092220261599307243,CCM,C00314575,202609199904431360,pulled,
4092220261599307242,CCM,C00314575,202609199904431360,pulled,
4092220261599307240,CCM,C00314575,202609199904431359,pulled,
4092220261599307236,CCM,C00314575,202609199904431358,pulled,
4092220261599307230,CCM,C00576173,202609199904431356,pulled,
4092220261599307228,CCM,C00576173,202609199904431355,pulled,
4092220261599307226,CCM,C00896019,202609199904431354,pulled,
4092220261599307223,CCM,C00896019,202609199904431353,pulled,
4092220261599307222,CCM,C00896019,202609199904431353,pulled,
4092220261599307221,CCM,C00896019,202609199904431353,pulled,
4092220261599307216,CCM,C00896019,202609199904431351,pulled,
4092220261599307212,CCM,C00376087,202609199904431350,pulled,
4092220261599307210,CCM,C00376087,202609199904431349,pulled,
4092220261599307199,CCM,C00815415,202609199904431345,pulled,
4092220261599307196,CCM,C00815415,202609199904431344,pulled,
4092220261599307195,CCM,C00815415,202609199904431344,pulled,
4092220261599307193,CCM,C00815415,202609199904431343,pulled,
4092220261599307191,CCM,C00815415,202609199904431343,pulled,
4092220261599307190,CCM,C00815415,202609199904431342,pulled,
4092220261599307188,CCM,C00815415,202609199904431342,pulled,
4092220261599307187,CCM,C00460659,202609199904431341,pulled,
4092220261599307178,CCM,C00657833,202609199904431338,pulled,
4092220261599307171,CCM,C00615294,202609199904431336,pulled,
4092220261599307158,CCM,C00795211,202609199904431332,pulled,
4092220261599307146,CCM,C00527457,202609199904431328,pulled,
4092220261599307144,CCM,C00860213,202609199904431327,pulled,
4092220261599307142,CCM,C00440362,202609199904431326,pulled,
4092220261599307139,CCM,C00314575,202609199904431325,pulled,
4092220261599307137,CCM,C00314575,202609199904431325,pulled,
4092220261599307133,CCM,C00314575,202609199904431323,pulled,
4092220261599307132,CCM,C00314575,202609199904431323,pulled,
4092220261599307130,CCM,C00314575,202609199904431322,pulled,
4092220261599307127,CCM,C00314575,202609199904431321,pulled,
4092220261599307126,CCM,C00314575,202609199904431321,pulled,
4092220261599307124,CCM,C00592659,202609199904431320,pulled,
4092220261599307123,CCM,C00592659,202609199904431320,pulled,
4092220261599307119,CCM,C00592659,202609199904431319,pulled,
4092220261599307118,CCM,C00477745,202609199904431318,pulled,
4092220261599307113,CCM,C00570994,202609199904431317,pulled,
4092220261599307112,CCM,C00570994,202609199904431316,pulled,
4092220261599307111,CCM,C00570994,202609199904431316,pulled,
4092220261599307109,CCM,C00896019,202609199904431315,pulled,
4092220261599307108,CCM,C00896019,202609199904431315,pulled,
4092220261599307100,CCM,C00896019,202609199904431312,pulled,
4092220261599307094,CCM,C00376087,202609199904431310,pulled,
4092220261599307093,CCM,C00376087,202609199904431310,pulled,
4092220261599307091,CCM,C00376087,202609199904431309,pulled,
4092220261599307085,CCM,C00376087,202609199904431307,pulled,
4092220261599307082,CCM,C00376087,202609199904431306,pulled,
4092220261599307081,CCM,C00376087,202609199904431306,pulled,
4092220261599307075,CCM,C00895763,202609199904431304,pulled,
4092220261599307072,CCM,C00895763,202609199904431303,pulled,
4092220261599307069,CCM,C00895763,202609199904431302,pulled,
4092220261599307068,CCM,C00895763,202609199904431302,pulled,
4092220261599307067,CCM,C00895763,202609199904431301,pulled,
4092220261599307066,CCM,C00895763,202609199904431301,pulled,
4092220261599307057,CCM,C00714865,202609199904431298,pulled,
4092220261599307056,CCM,C00917112,202609199904431298,pulled,
4092220261599307055,CCM,C00917112,202609199904431297,pulled,
4092220261599307049,CCM,C00917112,202609199904431295,pulled,
4092220261599307039,CCM,C00840165,202609199904431292,pulled,
4092220261599307036,CCM,C00840165,202609199904431291,pulled,
4092220261599307030,CCM,C00893271,202609199904431289,pulled,
4092220261599307012,CCM,C00893271,202609199904431283,pulled,
4092220261599306985,CCM,C00795211,202609199904431274,pulled,
4092220261599306964,CCM,C00314575,202609199904431267,pulled,
4092220261599306962,CCM,C00314575,202609199904431266,pulled,
4092220261599306961,CCM,C00314575,202609199904431266,pulled,
4092220261599306960,CCM,C00314575,202609199904431266,pulled,
4092220261599306945,CCM,C00652628,202609199904431261,pulled,
4092220261599306940,CCM,C00896019,202609199904431259,pulled,
4092220261599306937,CCM,C00896019,202609199904431258,pulled,
4092220261599306936,CCM,C00896019,202609199904431258,pulled,
4092220261599306931,CCM,C00896019,202609199904431256,pulled,
4092220261599306924,CCM,C00896019,202609199904431254,pulled,
4092220261599306923,CCM,C00896019,202609199904431253,pulled,
4092220261599306921,CCM,C00896019,202609199904431253,pulled,
4092220261599306920,CCM,C00896019,202609199904431252,pulled,
4092220261599306919,CCM,C00495952,202609199904431252,pulled,
4092220261599306917,CCM,C00495952,202609199904431251,pulled,
4092220261599306916,CCM,C00495952,202609199904431251,pulled,
4092220261599306915,CCM,C00495952,202609199904431251,pulled,
4092220261599306907,CCM,C00410761,202609199904431248,pulled,
4092220261599306905,CCM,C00410761,202609199904431247,pulled,
4092220261599306904,CCM,C00895763,202609199904431247,pulled,
4092220261599306889,CCM,C00895763,202609199904431242,pulled,
4092220261599306884,CCM,C00895763,202609199904431240,pulled,
4092220261599306882,CCM,C00895763,202609199904431240,pulled,
4092220261599306881,CCM,C00895763,202609199904431239,pulled,
4092220261599306880,CCM,C00895763,202609199904431239,pulled,
4092220261599306873,CCM,C00807628,202609199904431237,pulled,
4092220261599306871,CCM,C00807628,202609199904431236,pulled,
4092220261599306870,CCM,C00807628,202609199904431236,pulled,
4092220261599306867,CCM,C00807628,202609199904431235,pulled,
4092220261599306865,CCM,C00807628,202609199904431234,pulled,
4092220261599306864,CCM,C00807628,202609199904431234,pulled,
4092220261599306862,CCM,C00807628,202609199904431233,pulled,
4092220261599306861,CCM,C00807628,202609199904431233,pulled,
4092220261599306860,CCM,C00807628,202609199904431232,pulled,
4092220261599306859,CCM,C00807628,202609199904431232,pulled,
4092220261599306858,CCM,C00807628,202609199904431232,pulled,
4092220261599306855,CCM,C00807628,202609199904431231,pulled,
4092220261599306854,CCM,C00807628,202609199904431230,pulled,
4092220261599306850,CCM,C00786194,202609199904431229,pulled,
4092220261599306844,CCM,C00786194,202609199904431227,pulled,
4092220261599306837,CCM,C00786194,202609199904431225,pulled,
4092220261599306831,CCM,C00786194,202609199904431223,pulled,
4092220261599306809,CCM,C00672295,202609199904431215,pulled,
4092220261599306787,CCM,C00556506,202609199904431208,pulled,
4092220261599306776,CCM,C00793976,202609199904431204,pulled,
4092220261599306760,CCM,C00592154,202609199904431199,pulled,
4092220261599306753,CCM,C00386748,202609199904431197,pulled,
4092220261599306749,CCM,C00581074,202609199904431195,pulled,
4092220261599306748,CCM,C00314575,202609199904431195,pulled,
4092220261599306746,CCM,C00314575,202609199904431194,pulled,
4092220261599306742,CCM,C00314575,202609199904431193,pulled,
4092220261599306741,CCM,C00314575,202609199904431193,pulled,
4092220261599306737,CCM,C00314575,202609199904431191,pulled,
4092220261599306732,CCM,C00314575,202609199904431190,pulled,
4092220261599306731,CCM,C00371302,202609199904431189,pulled,
4092220261599306728,CCM,C00371302,202609199904431188,pulled,
4092220261599306727,CCM,C00371302,202609199904431188,pulled,
4092220261599306725,CCM,C00371302,202609199904431187,pulled,
4092220261599306724,CCM,C00371302,202609199904431187,pulled,
4092220261599306722,CCM,C00371302,202609199904431186,pulled,
4092220261599306719,CCM,C00510164,202609199904431185,pulled,
4092220261599306710,CCM,C00367862,202609199904431182,pulled,
4092220261599306690,CCM,C00430991,202609199904431176,pulled,
4092220261599306687,CCM,C00896019,202609199904431175,pulled,
4092220261599306682,CCM,C00896019,202609199904431173,pulled,
4092220261599306681,CCM,C00896019,202609199904431173,pulled,
4092220261599306679,CCM,C00896019,202609199904431172,pulled,
4092220261599306677,CCM,C00896019,202609199904431171,pulled,
4092220261599306675,CCM,C00896019,202609199904431171,pulled,
4092220261599306669,CCM,C00896019,202609199904431169,pulled,
4092220261599306664,CCM,C00896019,202609199904431167,pulled,
4092220261599306657,CCM,C00895763,202609199904431165,pulled,
4092220261599306654,CCM,C00895763,202609199904431164,pulled,
4092220261599306652,CCM,C00912303,202609199904431163,pulled,
4092220261599306651,CCM,C00912303,202609199904431163,pulled,
4092220261599306650,CCM,C00912303,202609199904431162,pulled,
4092220261599306649,CCM,C00912303,202609199904431162,pulled,
4092220261599306648,CCM,C00912303,202609199904431162,pulled,
4092220261599306647,CCM,C00912303,202609199904431161,pulled,
4092220261599306646,CCM,C00912303,202609199904431161,pulled,
4092220261599306644,CCM,C00629659,202609199904431160,pulled,
4092220261599306634,CCM,C00629659,202609199904431157,pulled,
4092220261599306630,CCM,C00629659,202609199904431156,pulled,
4092220261599306626,CCM,C00629659,202609199904431154,pulled,
4092220261599306622,CCM,C00807628,202609199904431153,pulled,
4092220261599306619,CCM,C00807628,202609199904431152,pulled,
4092220261599306618,CCM,C00807628,202609199904431152,pulled,
4092220261599306617,CCM,C00807628,202609199904431151,pulled,
4092220261599306616,CCM,C00807628,202609199904431151,pulled,
4092220261599306615,CCM,C00807628,202609199904431151,pulled,
4092220261599306612,CCM,C00807628,202609199904431150,pulled,
4092220261599306610,CCM,C00807628,202609199904431149,pulled,
4092220261599306607,CCM,C00807628,202609199904431148,pulled,
4092220261599306605,CCM,C00807628,202609199904431147,pulled,
4092220261599306604,CCM,C00807628,202609199904431147,pulled,
4092220261599306603,CCM,C00807628,202609199904431147,pulled,
4092220261599306600,CCM,C00807628,202609199904431146,pulled,
4092220261599306598,CCM,C00807628,202609199904431145,pulled,
4092220261599306597,CCM,C00807628,202609199904431145,pulled,
4092220261599306596,CCM,C00807628,202609199904431144,pulled,
4092220261599306595,CCM,C00807628,202609199904431144,pulled,
4092220261599306591,CCM,C00711317,202609199904431143,pulled,
4092220261599306590,CCM,C00711317,202609199904431142,pulled,
4092220261599306589,CCM,C00711317,202609199904431142,pulled,
4092220261599306588,CCM,C00711317,202609199904431142,pulled,
4092220261599306586,CCM,C00711317,202609199904431141,pulled,
4092220261599306585,CCM,C00711317,202609199904431141,pulled,
4092220261599306584,CCM,C00711317,202609199904431140,pulled,
4092220261599306581,CCM,C00711317,202609199904431139,pulled,
4092220261599306580,CCM,C00711317,202609199904431139,pulled,
4092220261599306560,CCM,C00786194,202609199904431132,pulled,
4092220261599306557,CCM,C00786194,202609199904431131,pulled,
4092220261599306527,CCM,C00385773,202609199904431121,pulled,
4092220261599306523,CCM,C00497321,202609199904431120,pulled,
4092220261599306522,CCM,C00497321,202609199904431120,pulled,
4092220261599306521,CCM,C00497321,202609199904431119,pulled,
4092220261599306519,CCM,C00497321,202609199904431119,pulled,
4092220261599306514,CCM,C00581074,202609199904431117,pulled,
4092220261599306512,CCM,C00581074,202609199904431116,pulled,
4092220261599306510,CCM,C00581074,202609199904431116,pulled,
4092220261599306506,CCM,C00314575,202609199904431114,pulled,
4092220261599306505,CCM,C00314575,202609199904431114,pulled,
4092220261599306504,CCM,C00314575,202609199904431114,pulled,
4092220261599306503,CCM,C00314575,202609199904431113,pulled,
4092220261599306499,CCM,C00367862,202609199904431112,pulled,
4092220261599306498,CCM,C00367862,202609199904431112,pulled,
4092220261599306497,CCM,C00367862,202609199904431111,pulled,
4092220261599306479,CCM,C00430991,202609199904431105,pulled,
4092220261599306478,CCM,C00430991,202609199904431105,pulled,
4092220261599306473,CCM,C00896019,202609199904431103,pulled,
4092220261599306240,IND,,202609199904431025,pulled,
4092220261599306239,IND,,202609199904431025,pulled,
4092220261599306238,IND,,202609199904431024,pulled,
4092220261599306237,IND,C00410761,202609199904431024,pulled,
4092220261599306236,IND,C00410761,202609199904431024,pulled,
4092220261599306235,IND,C00807628,202609199904431023,pulled,
4092220261599306234,IND,C00917658,202609199904431023,pulled,
4092220261599306233,IND,,202609199904431023,pulled,
4092220261599306232,IND,C00314575,202609199904431022,pulled,
4092220261599306231,IND,C00655613,202609199904431022,pulled,
4092220261599306230,IND,,202609199904431022,pulled,
4092220261599306229,IND,C00371302,202609199904431021,pulled,
4092220261599306228,IND,C00376087,202609199904431021,pulled,
4092220261599306227,IND,C00655613,202609199904431021,pulled,
4092220261599306226,IND,C00793760,202609199904431020,pulled,
4092220261599306225,IND,,202609199904431020,pulled,
4092220261599306224,IND,C00793976,202609199904431020,pulled,
4092220261599306223,IND,,202609199904431019,pulled,
4092220261599306222,IND,,202609199904431019,pulled,
4092220261599306221,IND,C00807628,202609199904431019,pulled,
4092220261599306220,IND,,202609199904431018,pulled,
4092220261599306219,IND,C00592659,202609199904431018,pulled,
4092220261599306218,IND,,202609199904431018,pulled,
4092220261599306217,IND,,202609199904431017,pulled,
4092220261599306216,IND,C00849844,202609199904431017,pulled,
4092220261599306215,IND,,202609199904431017,pulled,
4092220261599306214,IND,C00371302,202609199904431016,pulled,
4092220261599306213,IND,C00314575,202609199904431016,pulled,
4092220261599306212,IND,C00499392,202609199904431016,pulled,
4092220261599306211,IND,C00792341,202609199904431015,pulled,
4092220261599306210,IND,C00807628,202609199904431015,pulled,
4092220261599306209,IND,C00857417,202609199904431015,pulled,
4092220261599306208,IND,C00368522,202609199904431014,pulled,
4092220261599306207,IND,C00368522,202609199904431014,pulled,
4092220261599306206,IND,,202609199904431014,pulled,
4092220261599306205,IND,C00371302,202609199904431013,pulled,
4092220261599306204,IND,C00807628,202609199904431013,pulled,
4092220261599306203,IND,C00371302,202609199904431013,pulled,
4092220261599306202,IND,,202609199904431012,pulled,
4092220261599306201,IND,,202609199904431012,pulled,
4092220261599306200,IND,,202609199904431012,pulled,
4092220261599306199,IND,C00345546,202609199904431011,pulled,
4092220261599306198,IND,C00607200,202609199904431011,pulled,
4092220261599306197,IND,,202609199904431011,pulled,
4092220261599306196,IND,C00860213,202609199904431010,pulled,
4092220261599306195,IND,C00943142,202609199904431010,pulled,
4092220261599306194,IND,,202609199904431010,pulled,
4092220261599306193,IND,,202609199904431009,pulled,
4092220261599306192,IND,C00652628,202609199904431009,pulled,
4092220261599306191,IND,C00499467,202609199904431009,pulled,
4092220261599306190,IND,C00390724,202609199904431008,pulled,
4092220261599306189,IND,,202609199904431008,pulled,
4092220261599306188,IND,,202609199904431008,pulled,
4092220261599306187,IND,,202609199904431007,pulled,
4092220261599306186,IND,C00410761,202609199904431007,pulled,
4092220261599306185,IND,,202609199904431007,pulled,
4092220261599306184,IND,C00943142,202609199904431006,pulled,
4092220261599306183,IND,C00570994,202609199904431006,pulled,
4092220261599306182,IND,C00607200,202609199904431006,pulled,
4092220261599306181,IND,,202609199904431005,pulled,
4092220261599306180,IND,C00895763,202609199904431005,pulled,
4092220261599306179,IND,C00655613,202609199904431005,pulled,
4092220261599306178,IND,C00703058,202609199904431004,pulled,
4092220261599306177,IND,,202609199904431004,pulled,
4092220261599306176,IND,C00410761,202609199904431004,pulled,
4092220261599306175,IND,C00652628,202609199904431003,pulled,
4092220261599306174,IND,,202609199904431003,pulled,
4092220261599306173,IND,C00371302,202609199904431003,pulled,
4092220261599306172,IND,,202609199904431002,pulled,
4092220261599306171,IND,C00376087,202609199904431002,pulled,
4092220261599306170,IND,,202609199904431002,pulled,
4092220261599306169,IND,,202609199904431001,pulled,
4092220261599306168,IND,C00786194,202609199904431001,pulled,
4092220261599306167,IND,C00787812,202609199904431001,pulled,
4092220261599306166,IND,C00376087,202609199904431000,pulled,
4092220261599306165,IND,C00314575,202609199904431000,pulled,
4092220261599306164,IND,,202609199904431000,pulled,
4092220261599306163,IND,,202609199904430999,pulled,
4092220261599306162,IND,,202609199904430999,pulled,
4092220261599306161,IND,C00859892,202609199904430999,pulled,
4092220261599306160,IND,C00371302,202609199904430998,pulled,
4092220261599306159,IND,C00376087,202609199904430998,pulled,
4092220261599306158,IND,C00570994,202609199904430998,pulled,
4092220261599306157,IND,C00376087,202609199904430997,pulled,
4092220261599306156,IND,,202609199904430997,pulled,
4092220261599306155,IND,C00895763,202609199904430997,pulled,
4092220261599306154,IND,,202609199904430996,pulled,
4092220261599306153,IND,,202609199904430996,pulled,
4092220261599306152,IND,,202609199904430996,pulled,
4092220261599306151,IND,C00376087,202609199904430995,pulled,
4092220261599306150,IND,,202609199904430995,pulled,
4092220261599306149,IND,,202609199904430995,pulled,
4092220261599306148,IND,C00895763,202609199904430994,pulled,
4092220261599306147,IND,C00807628,202609199904430994,pulled,
4092220261599306146,IND,,202609199904430994,pulled,
4092220261599306145,IND,,202609199904430993,pulled,
4092220261599306144,IND,,202609199904430993,pulled,
4092220261599306143,IND,,202609199904430993,pulled,
4092220261599306142,IND,,202609199904430992,pulled,
4092220261599306141,IND,,202609199904430992,pulled,
4092220261599306140,IND,,202609199904430992,pulled,
4092220261599306139,IND,,202609199904430991,pulled,
4092220261599306138,IND,C00943142,202609199904430991,pulled,
4092220261599306137,IND,,202609199904430991,pulled,
4092220261599306136,IND,,202609199904430990,pulled,
4092220261599306135,IND,,202609199904430990,pulled,
4092220261599306134,IND,C00314575,202609199904430990,pulled,
4092220261599306133,IND,,202609199904430989,pulled,
4092220261599306132,IND,,202609199904430989,pulled,
4092220261599306131,IND,C00807628,202609199904430989,pulled,
4092220261599306130,IND,C00345546,202609199904430988,pulled,
4092220261599306129,IND,C00371302,202609199904430988,pulled,
4092220261599306128,IND,C00345546,202609199904430988,pulled,
4092220261599306127,IND,,202609199904430987,pulled,
4092220261599306126,IND,C00655613,202609199904430987,pulled,
4092220261599306125,IND,,202609199904430987,pulled,
4092220261599306124,IND,,202609199904430986,pulled,
4092220261599306123,IND,C00655613,202609199904430986,pulled,
4092220261599306122,IND,,202609199904430986,pulled,
4092220261599306121,IND,C00807628,202609199904430985,pulled,
4092220261599306120,IND,C00467571,202609199904430985,pulled,
4092220261599306119,IND,C00467571,202609199904430985,pulled,
4092220261599306118,IND,,202609199904430984,pulled,
4092220261599306117,IND,,202609199904430984,pulled,
4092220261599306116,IND,C00807628,202609199904430984,pulled,
4092220261599306115,IND,C00376087,202609199904430983,pulled,
4092220261599306114,IND,,202609199904430983,pulled,
4092220261599306113,IND,C00895763,202609199904430983,pulled,
4092220261599306112,IND,,202609199904430982,pulled,
4092220261599306111,IND,C00807628,202609199904430982,pulled,
4092220261599306110,IND,C00441014,202609199904430982,pulled,
4092220261599306109,IND,C00441014,202609199904430981,pulled,
4092220261599306108,IND,C00895763,202609199904430981,pulled,
4092220261599306107,IND,,202609199904430981,pulled,
4092220261599306106,IND,,202609199904430980,pulled,
4092220261599306105,IND,,202609199904430980,pulled,
4092220261599306104,IND,C00430991,202609199904430980,pulled,
4092220261599306103,IND,C00895763,202609199904430979,pulled,
4092220261599306102,IND,C00655613,202609199904430979,pulled,
4092220261599306101,IND,C00376087,202609199904430979,pulled,
4092220261599306100,IND,,202609199904430978,pulled,
4092220261599306099,IND,C00345546,202609199904430978,pulled,
4092220261599306098,IND,C00787812,202609199904430978,pulled,
4092220261599306097,IND,,202609199904430977,pulled,
4092220261599306096,IND,C00441014,202609199904430977,pulled,
4092220261599306095,IND,,202609199904430977,pulled,
4092220261599306094,IND,,202609199904430976,pulled,
4092220261599306093,IND,,202609199904430976,pulled,
4092220261599306092,IND,,202609199904430976,pulled,
4092220261599306091,IND,C00371302,202609199904430975,pulled,
4092220261599306090,IND,C00376087,202609199904430975,pulled,
4092220261599306089,IND,C00655613,202609199904430975,pulled,
4092220261599306088,IND,C00615294,202609199904430974,pulled,
4092220261599307755,CCM,C00784389,202609199904431531,pulled,
4092220261599307754,CCM,C00784389,202609199904431530,pulled,
4092220261599307752,CCM,C00784389,202609199904431530,pulled,
4092220261599307751,CCM,C00784389,202609199904431529,pulled,
4092220261599307690,CCM,C00561530,202609199904431509,pulled,
4092220261599307529,CCM,C00548180,202609199904431455,pulled,
4092220261599307528,CCM,C00548180,202609199904431455,pulled,
4092220261599307440,CCM,C00499392,202609199904431426,pulled,
4092220261599307320,CCM,C00742007,202609199904431386,pulled,
4092220261599307319,CCM,C00742007,202609199904431385,pulled,
4092220261599307318,CCM,C00742007,202609199904431385,pulled,
4092220261599307317,CCM,C00742007,202609199904431385,pulled,
4092220261599307316,CCM,C00742007,202609199904431384,pulled,
4092220261599306087,IND,C00792341,202609199904430974,pulled,
4092220261599306086,IND,C00477745,202609199904430974,pulled,
4092220261599306085,IND,C00807628,202609199904430973,pulled,
4092220261599306084,IND,C00792341,202609199904430973,pulled,
4092220261599306083,IND,C00787812,202609199904430973,pulled,
4092220261599306082,IND,C00807628,202609199904430972,pulled,
4092220261599306081,IND,C00943142,202609199904430972,pulled,
4092220261599306080,IND,C00314575,202609199904430972,pulled,
4092220261599306079,IND,,202609199904430971,pulled,
4092220261599306078,IND,C00410761,202609199904430971,pulled,
4092220261599306077,IND,C00655613,202609199904430971,pulled,
4092220261599306076,IND,C00807628,202609199904430970,pulled,
4092220261599306075,IND,,202609199904430970,pulled,
4092220261599306074,IND,C00499392,202609199904430970,pulled,
4092220261599306073,IND,C00345546,202609199904430969,pulled,
4092220261599306072,IND,,202609199904430969,pulled,
4092220261599306071,IND,C00807628,202609199904430969,pulled,
4092220261599306070,IND,C00807628,202609199904430968,pulled,
4092220261599306069,IND,C00499392,202609199904430968,pulled,
4092220261599306068,IND,C00314575,202609199904430968,pulled,
4092220261599306067,IND,C00807628,202609199904430967,pulled,
4092220261599306066,IND,C00314575,202609199904430967,pulled,
4092220261599306065,IND,C00807628,202609199904430967,pulled,
4092220261599306064,IND,C00345546,202609199904430966,pulled,
4092220261599306063,IND,,202609199904430966,pulled,
4092220261599306062,IND,,202609199904430966,pulled,
4092220261599306061,IND,C00314575,202609199904430965,pulled,
4092220261599306060,IND,C00807628,202609199904430965,pulled,
4092220261599306059,IND,,202609199904430965,pulled,
4092220261599306058,IND,C00815415,202609199904430964,pulled,
4092220261599306057,IND,C00815415,202609199904430964,pulled,
4092220261599306056,IND,C00499392,202609199904430964,pulled,
4092220261599306055,IND,C00807628,202609199904430963,pulled,
4092220261599306054,IND,C00371302,202609199904430963,pulled,
4092220261599306053,IND,C00345546,202609199904430963,pulled,
4092220261599306052,IND,C00376087,202609199904430962,pulled,
4092220261599306051,IND,C00807628,202609199904430962,pulled,
4092220261599306050,IND,C00943142,202609199904430962,pulled,
4092220261599306049,IND,C00807628,202609199904430961,pulled,
4092220261599306048,IND,C00615294,202609199904430961,pulled,
4092220261599306047,IND,C00314575,202609199904430961,pulled,
4092220261599306046,IND,,202609199904430960,pulled,
4092220261599306045,IND,,202609199904430960,pulled,
4092220261599306044,IND,C00371302,202609199904430960,pulled,
4092220261599306043,IND,C00807628,202609199904430959,pulled,
4092220261599306042,IND,,202609199904430959,pulled,
4092220261599306041,IND,,202609199904430959,pulled,
4092220261599306040,IND,C00652628,202609199904430958,pulled,
4092220261599306039,IND,C00807628,202609199904430958,pulled,
4092220261599306038,IND,C00371302,202609199904430958,pulled,
4092220261599306037,IND,C00527457,202609199904430957,pulled,
4092220261599306036,IND,C00943142,202609199904430957,pulled,
4092220261599306035,IND,C00615294,202609199904430957,pulled,
4092220261599306034,IND,C00266585,202609199904430956,pulled,
4092220261599306033,IND,,202609199904430956,pulled,
4092220261599306032,IND,C00655613,202609199904430956,pulled,
4092220261599306031,IND,C00807628,202609199904430955,pulled,
4092220261599306030,IND,C00943142,202609199904430955,pulled,
4092220261599306029,IND,C00807628,202609199904430955,pulled,
4092220261599306028,IND,C00410761,202609199904430954,pulled,
4092220261599306027,IND,C00860213,202609199904430954,pulled,
4092220261599306026,IND,C00570994,202609199904430954,pulled,
4092220261599306025,IND,C00441014,202609199904430953,pulled,
4092220261599306024,IND,C00371302,202609199904430953,pulled,
4092220261599306023,IND,C00430991,202609199904430953,pulled,
4092220261599306022,IND,C00787812,202609199904430952,pulled,
4092220261599306021,IND,C00371302,202609199904430952,pulled,
4092220261599306020,IND,C00655613,202609199904430952,pulled,
4092220261599306019,IND,C00943142,202609199904430951,pulled,
4092220261599306018,IND,C00856005,202609199904430951,pulled,
4092220261599306017,IND,C00371302,202609199904430951,pulled,
4092220261599306016,IND,,202609199904430950,pulled,
4092220261599306015,IND,C00652628,202609199904430950,pulled,
4092220261599306014,IND,C00371302,202609199904430950,pulled,
4092220261599306013,IND,C00807628,202609199904430949,pulled,
4092220261599306012,IND,C00314575,202609199904430949,pulled,
4092220261599306011,IND,C00807628,202609199904430949,pulled,
4092220261599306010,IND,C00499392,202609199904430948,pulled,
4092220261599306009,IND,C00807628,202609199904430948,pulled,
4092220261599306008,IND,C00655613,202609199904430948,pulled,
4092220261599306007,IND,,202609199904430947,pulled,
4092220261599306006,IND,C00807628,202609199904430947,pulled,
4092220261599306005,IND,C00801431,202609199904430947,pulled,
4092220261599306004,IND,,202609199904430946,pulled,
4092220261599307606,CCM,C00856005,202609199904431481,pulled,
4092220261599306502,CCM,C00632828,202609199904431113,pulled,
4092220261599306003,IND,,202609199904430946,pulled,
4092220261599306002,IND,C00430991,202609199904430946,pulled,
4092220261599306001,IND,C00787812,202609199904430945,pulled,
4092220261599306000,IND,,202609199904430945,pulled,
4092220261599305999,IND,,202609199904430945,pulled,
4092220261599305998,IND,C00314575,202609199904430944,pulled,
4092220261599305997,IND,,202609199904430944,pulled,
4092220261599305996,IND,,202609199904430944,pulled,
4092220261599305995,IND,,202609199904430943,pulled,
4092220261599305994,IND,,202609199904430943,pulled,
4092220261599305993,IND,C00314575,202609199904430943,pulled,
4092220261599305992,IND,C00570994,202609199904430942,pulled,
4092220261599305991,IND,C00564609,202609199904430942,pulled,
4092220261599305990,IND,C00652628,202609199904430942,pulled,
4092220261599305989,IND,C00787812,202609199904430941,pulled,
4092220261599305988,IND,C00371302,202609199904430941,pulled,
4092220261599305987,IND,C00430991,202609199904430941,pulled,
4092220261599305986,IND,,202609199904430940,pulled,
4092220261599305985,IND,,202609199904430940,pulled,
4092220261599305984,IND,C00376087,202609199904430940,pulled,
4092220261599305983,IND,C00801431,202609199904430939,pulled,
4092220261599305982,IND,,202609199904430939,pulled,
4092220261599305981,IND,,202609199904430939,pulled,
4092220261599305980,IND,C00943142,202609199904430938,pulled,
4092220261599305979,IND,C00314575,202609199904430938,pulled,
4092220261599305978,IND,,202609199904430938,pulled,
4092220261599305977,IND,C00787812,202609199904430937,pulled,
4092220261599305976,IND,,202609199904430937,pulled,
4092220261599305975,IND,,202609199904430937,pulled,
4092220261599305974,IND,C00592659,202609199904430936,pulled,
4092220261599305973,IND,C00807628,202609199904430936,pulled,
4092220261599305972,IND,C00787812,202609199904430936,pulled,
4092220261599305971,IND,,202609199904430935,pulled,
4092220261599305970,IND,C00807628,202609199904430935,pulled,
4092220261599305969,IND,C00499392,202609199904430935,pulled,
4092220261599305968,IND,C00345546,202609199904430934,pulled,
4092220261599305967,IND,,202609199904430934,pulled,
4092220261599305966,IND,C00807628,202609199904430934,pulled,
4092220261599305965,IND,C00815415,202609199904430933,pulled,
4092220261599305964,IND,C00410761,202609199904430933,pulled,
4092220261599305963,IND,C00895763,202609199904430933,pulled,
4092220261599305962,IND,C00576173,202609199904430932,pulled,
4092220261599305961,IND,,202609199904430932,pulled,
4092220261599305960,IND,C00371302,202609199904430932,pulled,
4092220261599305959,IND,,202609199904430931,pulled,
4092220261599305958,IND,C00314575,202609199904430931,pulled,
4092220261599305957,IND,,202609199904430931,pulled,
4092220261599305956,IND,C00801431,202609199904430930,pulled,
4092220261599305955,IND,,202609199904430930,pulled,
4092220261599305954,IND,C00371302,202609199904430930,pulled,
4092220261599305953,IND,C00943142,202609199904430929,pulled,
4092220261599305952,IND,,202609199904430929,pulled,
4092220261599305951,IND,,202609199904430929,pulled,
4092220261599305950,IND,,202609199904430928,pulled,
4092220261599305949,IND,,202609199904430928,pulled,
4092220261599305948,IND,,202609199904430928,pulled,
4092220261599305947,IND,C00499392,202609199904430927,pulled,
4092220261599305946,IND,C00376087,202609199904430927,pulled,
4092220261599305945,IND,,202609199904430927,pulled,
4092220261599305944,IND,C00376087,202609199904430926,pulled,
4092220261599305943,IND,,202609199904430926,pulled,
4092220261599305942,IND,C00314575,202609199904430926,pulled,
4092220261599305941,IND,,202609199904430925,pulled,
4092220261599307484,CCM,C00719294,202609199904431440,pulled,
4092220261599307175,CCM,C00792341,202609199904431337,pulled,
4092220261599307174,CCM,C00792341,202609199904431337,pulled,
4092220261599305940,IND,C00793760,202609199904430925,pulled,
4092220261599305939,IND,C00314575,202609199904430925,pulled,
4092220261599305938,IND,,202609199904430924,pulled,
4092220261599305937,IND,C00376087,202609199904430924,pulled,
4092220261599305936,IND,,202609199904430924,pulled,
4092220261599305935,IND,,202609199904430923,pulled,
4092220261599305934,IND,,202609199904430923,pulled,
4092220261599305933,IND,,202609199904430923,pulled,
4092220261599305932,IND,C00314575,202609199904430922,pulled,
4092220261599305931,IND,,202609199904430922,pulled,
4092220261599305930,IND,C00592659,202609199904430922,pulled,
4092220261599305929,IND,C00499392,202609199904430921,pulled,
4092220261599305928,IND,C00787812,202609199904430921,pulled,
4092220261599305927,IND,,202609199904430921,pulled,
4092220261599305926,IND,C00314575,202609199904430920,pulled,
4092220261599305925,IND,C00787812,202609199904430920,pulled,
4092220261599305924,IND,C00430991,202609199904430920,pulled,
4092220261599305923,IND,,202609199904430919,pulled,
4092220261599305922,IND,C00570994,202609199904430919,pulled,
4092220261599305921,IND,C00895763,202609199904430919,pulled,
4092220261599305920,IND,C00314575,202609199904430918,pulled,
4092220261599305919,IND,,202609199904430918,pulled,
4092220261599305918,IND,C00787812,202609199904430918,pulled,
4092220261599305917,IND,,202609199904430917,pulled,
4092220261599305916,IND,C00943142,202609199904430917,pulled,
4092220261599305915,IND,C00371302,202609199904430917,pulled,
4092220261599305914,IND,,202609199904430916,pulled,
4092220261599305913,IND,,202609199904430916,pulled,
4092220261599305912,IND,C00943142,202609199904430916,pulled,
4092220261599305911,IND,,202609199904430915,pulled,
4092220261599305910,IND,,202609199904430915,pulled,
4092220261599305909,IND,,202609199904430915,pulled,
4092220261599305908,IND,C00895763,202609199904430914,pulled,
4092220261599305907,IND,C00570994,202609199904430914,pulled,
4092220261599305906,IND,C00807628,202609199904430914,pulled,
4092220261599305905,IND,C00410761,202609199904430913,pulled,
4092220261599305904,IND,C00499392,202609199904430913,pulled,
4092220261599305903,IND,,202609199904430913,pulled,
4092220261599305902,IND,C00570994,202609199904430912,pulled,
4092220261599305901,IND,,202609199904430912,pulled,
4092220261599305900,IND,C00314575,202609199904430912,pulled,
4092220261599305899,IND,,202609199904430911,pulled,
4092220261599305898,IND,,202609199904430911,pulled,
4092220261599305897,IND,,202609199904430911,pulled,
4092220261599305896,IND,,202609199904430910,pulled,
4092220261599305895,IND,C00893271,202609199904430910,pulled,
4092220261599305894,IND,,202609199904430910,pulled,
4092220261599305893,IND,C00711317,202609199904430909,pulled,
4092220261599305892,IND,,202609199904430909,pulled,
4092220261599305891,IND,,202609199904430909,pulled,
4092220261599305890,IND,C00314575,202609199904430908,pulled,
4092220261599305889,IND,,202609199904430908,pulled,
4092220261599305888,IND,,202609199904430908,pulled,
4092220261599305887,IND,,202609199904430907,pulled,
4092220261599305886,IND,C00787812,202609199904430907,pulled,
4092220261599305885,IND,,202609199904430907,pulled,
4092220261599305884,IND,C00376087,202609199904430906,pulled,
4092220261599305883,IND,C00895763,202609199904430906,pulled,
4092220261599305882,IND,,202609199904430906,pulled,
4092220261599305881,IND,,202609199904430905,pulled,
4092220261599305880,IND,C00314575,202609199904430905,pulled,
4092220261599305879,IND,C00787812,202609199904430905,pulled,
4092220261599305878,IND,,202609199904430904,pulled,
4092220261599305877,IND,,202609199904430904,pulled,
4092220261599305876,IND,,202609199904430904,pulled,
4092220261599305875,IND,,202609199904430903,pulled,
4092220261599305874,IND,,202609199904430903,pulled,
4092220261599305873,IND,,202609199904430903,pulled,
4092220261599305872,IND,,202609199904430902,pulled,
4092220261599305871,IND,C00314575,202609199904430902,pulled,
4092220261599305870,IND,,202609199904430902,pulled,
4092220261599305869,IND,C00787812,202609199904430901,pulled,
4092220261599305868,IND,C00314575,202609199904430901,pulled,
4092220261599307565,CCM,C00330142,202609199904431467,pulled,
4092220261599306709,CCM,C00367862,202609199904431182,pulled,
4092220261599306707,CCM,C00367862,202609199904431181,pulled,
4092220261599306706,CCM,C00367862,202609199904431181,pulled,
4092220261599305867,IND,,202609199904430901,pulled,
4092220261599305866,IND,C00807628,202609199904430900,pulled,
4092220261599305865,IND,C00499392,202609199904430900,pulled,
4092220261599305864,IND,C00786194,202609199904430900,pulled,
4092220261599305863,IND,C00314575,202609199904430899,pulled,
4092220261599305862,IND,C00895763,202609199904430899,pulled,
4092220261599305861,IND,C00314575,202609199904430899,pulled,
4092220261599305860,IND,C00807628,202609199904430898,pulled,
4092220261599305859,IND,C00807628,202609199904430898,pulled,
4092220261599305858,IND,C00787812,202609199904430898,pulled,
4092220261599305857,IND,C00807628,202609199904430897,pulled,
4092220261599305856,IND,C00655613,202609199904430897,pulled,
4092220261599305855,IND,C00787812,202609199904430897,pulled,
4092220261599305854,IND,C00314575,202609199904430896,pulled,
4092220261599305853,IND,C00314575,202609199904430896,pulled,
4092220261599305852,IND,,202609199904430896,pulled,
4092220261599305851,IND,,202609199904430895,pulled,
4092220261599305850,IND,C00787812,202609199904430895,pulled,
4092220261599305849,IND,C00632067,202609199904430895,pulled,
4092220261599305848,IND,C00314575,202609199904430894,pulled,
4092220261599305847,IND,C00807628,202609199904430894,pulled,
4092220261599305846,IND,,202609199904430894,pulled,
4092220261599305845,IND,C00895763,202609199904430893,pulled,
4092220261599305844,IND,,202609199904430893,pulled,
4092220261599305843,IND,C00570994,202609199904430893,pulled,
4092220261599305842,IND,,202609199904430892,pulled,
4092220261599305841,IND,C00576173,202609199904430892,pulled,
4092220261599305840,IND,,202609199904430892,pulled,
4092220261599305839,IND,C00840165,202609199904430891,pulled,
4092220261599305838,IND,,202609199904430891,pulled,
4092220261599305837,IND,C00840165,202609199904430891,pulled,
4092220261599305836,IND,C00807628,202609199904430890,pulled,
4092220261599305835,IND,C00711317,202609199904430890,pulled,
4092220261599305834,IND,,202609199904430890,pulled,
4092220261599305833,IND,C00655613,202609199904430889,pulled,
4092220261599305832,IND,C00895763,202609199904430889,pulled,
4092220261599305831,IND,C00807628,202609199904430889,pulled,
4092220261599305830,IND,C00314575,202609199904430888,pulled,
4092220261599305829,IND,C00556506,202609199904430888,pulled,
4092220261599305828,IND,,202609199904430888,pulled,
4092220261599305827,IND,,202609199904430887,pulled,
4092220261599305826,IND,C00904151,202609199904430887,pulled,
4092220261599305825,IND,C00917658,202609199904430887,pulled,
4092220261599305824,IND,,202609199904430886,pulled,
4092220261599305823,IND,C00655613,202609199904430886,pulled,
4092220261599305822,IND,C00371302,202609199904430886,pulled,
4092220261599305821,IND,C00714865,202609199904430885,pulled,
4092220261599305820,IND,C00807628,202609199904430885,pulled,
4092220261599305819,IND,C00807628,202609199904430885,pulled,
4092220261599305818,IND,,202609199904430884,pulled,
4092220261599305817,IND,C00499392,202609199904430884,pulled,
4092220261599305816,IND,,202609199904430884,pulled,
4092220261599305815,IND,C00581074,202609199904430883,pulled,
4092220261599305814,IND,C00314575,202609199904430883,pulled,
4092220261599305813,IND,C00787812,202609199904430883,pulled,
4092220261599305812,IND,C00895763,202609199904430882,pulled,
4092220261599305811,IND,C00314575,202609199904430882,pulled,
4092220261599307928,CCM,C00495952,202609199904431588,pulled,
4092220261599307927,CCM,C00495952,202609199904431588,pulled,
4092220261599307926,CCM,C00495952,202609199904431588,pulled,
4092220261599307921,CCM,C00895763,202609199904431586,pulled,
4092220261599307920,CCM,C00895763,202609199904431586,pulled,
4092220261599307914,CCM,C00895763,202609199904431584,pulled,
4092220261599307908,CCM,C00895763,202609199904431582,pulled,
4092220261599307906,CCM,C00895763,202609199904431581,pulled,
4092220261599307905,CCM,C00895763,202609199904431581,pulled,
4092220261599307900,CCM,C00895763,202609199904431579,pulled,
4092220261599307899,CCM,C00895763,202609199904431579,pulled,
4092220261599307897,CCM,C00895763,202609199904431578,pulled,
4092220261599307893,CCM,C00859892,202609199904431577,pulled,
4092220261599307891,CCM,C00807628,202609199904431576,pulled,
4092220261599307889,CCM,C00807628,202609199904431575,pulled,
4092220261599307887,CCM,C00807628,202609199904431575,pulled,
4092220261599307885,CCM,C00807628,202609199904431574,pulled,
4092220261599307883,CCM,C00807628,202609199904431573,pulled,
4092220261599307878,CCM,C00807628,202609199904431572,pulled,
4092220261599307876,CCM,C00807628,202609199904431571,pulled,
4092220261599307875,CCM,C00807628,202609199904431571,pulled,
4092220261599307874,CCM,C00807628,202609199904431570,pulled,
4092220261599307873,CCM,C00807628,202609199904431570,pulled,
4092220261599307870,CCM,C00840165,202609199904431569,pulled,
4092220261599307869,CCM,C00840165,202609199904431569,pulled,
4092220261599307868,CCM,C00840165,202609199904431568,pulled,
4092220261599307867,CCM,C00840165,202609199904431568,pulled,
4092220261599307865,CCM,C00840165,202609199904431567,pulled,
4092220261599307863,CCM,C00714261,202609199904431567,pulled,
4092220261599307862,CCM,C00893271,202609199904431566,pulled,
4092220261599307861,CCM,C00893271,202609199904431566,pulled,
4092220261599307860,CCM,C00893271,202609199904431566,pulled,
4092220261599307859,CCM,C00893271,202609199904431565,pulled,
4092220261599307858,CCM,C00893271,202609199904431565,pulled,
4092220261599307857,CCM,C00893271,202609199904431565,pulled,
4092220261599307856,CCM,C00893271,202609199904431564,pulled,
4092220261599307855,CCM,C00893271,202609199904431564,pulled,
4092220261599307854,CCM,C00893271,202609199904431564,pulled,
4092220261599307853,CCM,C00893271,202609199904431563,pulled,
4092220261599307852,CCM,C00893271,202609199904431563,pulled,
4092220261599307851,CCM,C00893271,202609199904431563,pulled,
4092220261599307850,CCM,C00893271,202609199904431562,pulled,
4092220261599307849,CCM,C00893271,202609199904431562,pulled,
4092220261599307848,CCM,C00893271,202609199904431562,pulled,
4092220261599307846,CCM,C00893271,202609199904431561,pulled,
4092220261599307845,CCM,C00893271,202609199904431561,pulled,
4092220261599307844,CCM,C00893271,202609199904431560,pulled,
4092220261599307843,CCM,C00893271,202609199904431560,pulled,
4092220261599307842,CCM,C00893271,202609199904431560,pulled,
4092220261599307841,CCM,C00893271,202609199904431559,pulled,
4092220261599307840,CCM,C00893271,202609199904431559,pulled,
4092220261599307839,CCM,C00893271,202609199904431559,pulled,
4092220261599307837,CCM,C00893271,202609199904431558,pulled,
4092220261599307836,CCM,C00893271,202609199904431558,pulled,
4092220261599307835,CCM,C00893271,202609199904431557,pulled,
4092220261599307834,CCM,C00893271,202609199904431557,pulled,
4092220261599307833,CCM,C00893271,202609199904431557,pulled,
4092220261599307829,CCM,C00672295,202609199904431555,pulled,
4092220261599307827,CCM,C00672295,202609199904431555,pulled,
4092220261599307786,CCM,C00795211,202609199904431541,pulled,
4092220261599307783,CCM,C00499467,202609199904431540,pulled,
4092220261599307780,CCM,C00314575,202609199904431539,pulled,
4092220261599307779,CCM,C00314575,202609199904431539,pulled,
4092220261599307777,CCM,C00314575,202609199904431538,pulled,
4092220261599307774,CCM,C00314575,202609199904431537,pulled,
4092220261599307769,CCM,C00832436,202609199904431535,pulled,
4092220261599307767,CCM,C00832436,202609199904431535,pulled,
4092220261599307764,CCM,C00832436,202609199904431534,pulled,
4092220261599307762,CCM,C00770818,202609199904431533,pulled,
4092220261599307745,CCM,C00717959,202609199904431527,pulled,
4092220261599307738,CCM,C00849844,202609199904431525,pulled,
4092220261599307737,CCM,C00849844,202609199904431525,pulled,
4092220261599307736,CCM,C00849844,202609199904431524,pulled,
4092220261599307735,CCM,C00849844,202609199904431524,pulled,
4092220261599307731,CCM,C00629659,202609199904431523,pulled,
4092220261599307726,CCM,C00629659,202609199904431521,pulled,
4092220261599307722,CCM,C00629659,202609199904431520,pulled,
4092220261599307721,CCM,C00629659,202609199904431519,pulled,
4092220261599307719,CCM,C00629659,202609199904431519,pulled,
4092220261599307715,CCM,C00807628,202609199904431517,pulled,
4092220261599307709,CCM,C00807628,202609199904431515,pulled,
4092220261599307708,CCM,C00807628,202609199904431515,pulled,
4092220261599307707,CCM,C00807628,202609199904431515,pulled,
4092220261599307706,CCM,C00807628,202609199904431514,pulled,
4092220261599307704,CCM,C00807628,202609199904431514,pulled,
4092220261599307703,CCM,C00807628,202609199904431513,pulled,
4092220261599307701,CCM,C00807628,202609199904431513,pulled,
4092220261599307698,CCM,C00807628,202609199904431512,pulled,
4092220261599307688,CCM,C00607416,202609199904431508,pulled,
4092220261599307683,CCM,C00607416,202609199904431507,pulled,
4092220261599307675,CCM,C00607416,202609199904431504,pulled,
4092220261599307668,CCM,C00801431,202609199904431502,pulled,
4092220261599307666,CCM,C00801431,202609199904431501,pulled,
4092220261599307665,CCM,C00672295,202609199904431501,pulled,
4092220261599307663,CCM,C00672295,202609199904431500,pulled,
4092220261599307662,CCM,C00672295,202609199904431500,pulled,
4092220261599307652,CCM,C00672295,202609199904431496,pulled,
4092220261599307649,CCM,C00672295,202609199904431495,pulled,
4092220261599307641,CCM,C00655613,202609199904431493,pulled,
4092220261599307640,CCM,C00655613,202609199904431492,pulled,
4092220261599307624,CCM,C00655613,202609199904431487,pulled,
4092220261599307623,CCM,C00655613,202609199904431487,pulled,
4092220261599307622,CCM,C00655613,202609199904431486,pulled,
4092220261599307617,CCM,C00859041,202609199904431485,pulled,
4092220261599307600,CCM,C00787812,202609199904431479,pulled,
4092220261599307593,CCM,C00787812,202609199904431477,pulled,
4092220261599307582,CCM,C00787812,202609199904431473,pulled,
4092220261599307577,CCM,C00787812,202609199904431471,pulled,
4092220261599307573,CCM,C00787812,202609199904431470,pulled,
4092220261599307558,CCM,C00869370,202609199904431465,pulled,
4092220261599307557,CCM,C00570994,202609199904431465,pulled,
4092220261599307556,CCM,C00570994,202609199904431464,pulled,
4092220261599307544,CCM,C00430991,202609199904431460,pulled,
4092220261599307527,CCM,C00793760,202609199904431455,pulled,
4092220261599307525,CCM,C00793760,202609199904431454,pulled,
4092220261599307524,CCM,C00793760,202609199904431454,pulled,
4092220261599307521,CCM,C00793760,202609199904431453,pulled,
4092220261599307520,CCM,C00793760,202609199904431452,pulled,
4092220261599307517,CCM,C00793760,202609199904431451,pulled,
4092220261599307516,CCM,C00793760,202609199904431451,pulled,
4092220261599307515,CCM,C00793760,202609199904431451,pulled,
4092220261599307514,CCM,C00793760,202609199904431450,pulled,
4092220261599307513,CCM,C00793760,202609199904431450,pulled,
4092220261599307511,CCM,C00793760,202609199904431449,pulled,
4092220261599307509,CCM,C00793760,202609199904431449,pulled,
4092220261599307505,CCM,C00793760,202609199904431447,pulled,
4092220261599307500,CCM,C00793760,202609199904431446,pulled,
4092220261599307499,CCM,C00800276,202609199904431445,pulled,
4092220261599307495,CCM,C00800276,202609199904431444,pulled,
4092220261599307494,CCM,C00800276,202609199904431444,pulled,
4092220261599307492,CCM,C00800276,202609199904431443,pulled,
4092220261599307479,CCM,C00672295,202609199904431439,pulled,
4092220261599307475,CCM,C00672295,202609199904431437,pulled,
4092220261599307463,CCM,C00672295,202609199904431433,pulled,
4092220261599307454,CCM,C00499392,202609199904431430,pulled,
4092220261599307453,CCM,C00499392,202609199904431430,pulled,
4092220261599307452,CCM,C00499392,202609199904431430,pulled,
4092220261599307451,CCM,C00499392,202609199904431429,pulled,
4092220261599307448,CCM,C00499392,202609199904431428,pulled,
4092220261599307445,CCM,C00499392,202609199904431427,pulled,
4092220261599307444,CCM,C00499392,202609199904431427,pulled,
4092220261599307443,CCM,C00499392,202609199904431427,pulled,
4092220261599307441,CCM,C00499392,202609199904431426,pulled,
4092220261599307439,CCM,C00499392,202609199904431425,pulled,
4092220261599307438,CCM,C00499392,202609199904431425,pulled,
4092220261599307437,CCM,C00499392,202609199904431425,pulled,
4092220261599307436,CCM,C00499392,202609199904431424,pulled,
4092220261599307435,CCM,C00499392,202609199904431424,pulled,
4092220261599307433,CCM,C00499392,202609199904431423,pulled,
4092220261599307432,CCM,C00499392,202609199904431423,pulled,
4092220261599307431,CCM,C00499392,202609199904431423,pulled,
4092220261599307430,CCM,C00499392,202609199904431422,pulled,
4092220261599307429,CCM,C00499392,202609199904431422,pulled,
4092220261599307424,CCM,C00499988,202609199904431420,pulled,
4092220261599307421,CCM,C00857417,202609199904431419,pulled,
4092220261599307420,CCM,C00857417,202609199904431419,pulled,
4092220261599307414,CCM,C00857417,202609199904431417,pulled,
4092220261599307409,CCM,C00917658,202609199904431415,pulled,
4092220261599307405,CCM,C00787812,202609199904431414,pulled,
4092220261599307394,CCM,C00787812,202609199904431410,pulled,
4092220261599307392,CCM,C00787812,202609199904431410,pulled,
4092220261599307390,CCM,C00787812,202609199904431409,pulled,
4092220261599307382,CCM,C00314575,202609199904431406,pulled,
4092220261599307377,CCM,C00314575,202609199904431405,pulled,
4092220261599307353,CCM,C00430991,202609199904431397,pulled,
4092220261599307345,CCM,C00694778,202609199904431394,pulled,
4092220261599307340,CCM,C00793760,202609199904431392,pulled,
4092220261599307337,CCM,C00793760,202609199904431391,pulled,
4092220261599307336,CCM,C00793760,202609199904431391,pulled,
4092220261599307323,CCM,C00800276,202609199904431387,pulled,
4092220261599307306,CCM,C00806018,202609199904431381,pulled,
4092220261599307298,CCM,C00499392,202609199904431378,pulled,
4092220261599307294,CCM,C00607200,202609199904431377,pulled,
4092220261599307245,CCM,C00314575,202609199904431361,pulled,
4092220261599307238,CCM,C00314575,202609199904431358,pulled,
4092220261599307237,CCM,C00314575,202609199904431358,pulled,
4092220261599307214,CCM,C00376087,202609199904431350,pulled,
4092220261599307209,CCM,C00376087,202609199904431349,pulled,
4092220261599307208,CCM,C00800276,202609199904431348,pulled,
4092220261599307204,CCM,C00800276,202609199904431347,pulled,
4092220261599307185,CCM,C00806018,202609199904431341,pulled,
4092220261599307184,CCM,C00806018,202609199904431340,pulled,
4092220261599307182,CCM,C00806018,202609199904431340,pulled,
4092220261599307180,CCM,C00657833,202609199904431339,pulled,
4092220261599307177,CCM,C00792341,202609199904431338,pulled,
4092220261599307176,CCM,C00792341,202609199904431338,pulled,
4092220261599307173,CCM,C00792341,202609199904431337,pulled,
4092220261599307170,CCM,C00390724,202609199904431336,pulled,
4092220261599307169,CCM,C00893271,202609199904431335,pulled,
4092220261599307168,CCM,C00893271,202609199904431335,pulled,
4092220261599307167,CCM,C00893271,202609199904431335,pulled,
4092220261599307166,CCM,C00893271,202609199904431334,pulled,
4092220261599307165,CCM,C00893271,202609199904431334,pulled,
4092220261599307156,CCM,C00499988,202609199904431331,pulled,
4092220261599307152,CCM,C00527457,202609199904431330,pulled,
4092220261599307151,CCM,C00527457,202609199904431329,pulled,
4092220261599307150,CCM,C00527457,202609199904431329,pulled,
4092220261599307149,CCM,C00527457,202609199904431329,pulled,
4092220261599307148,CCM,C00527457,202609199904431328,pulled,
4092220261599307147,CCM,C00527457,202609199904431328,pulled,
4092220261599307128,CCM,C00314575,202609199904431322,pulled,
4092220261599307117,CCM,C00477745,202609199904431318,pulled,
4092220261599307114,CCM,C00570994,202609199904431317,pulled,
4092220261599307102,CCM,C00896019,202609199904431313,pulled,
4092220261599307092,CCM,C00376087,202609199904431310,pulled,
4092220261599307089,CCM,C00376087,202609199904431309,pulled,
4092220261599307088,CCM,C00376087,202609199904431308,pulled,
4092220261599307079,CCM,C00376087,202609199904431305,pulled,
4092220261599307071,CCM,C00895763,202609199904431303,pulled,
4092220261599307070,CCM,C00895763,202609199904431302,pulled,
4092220261599307058,CCM,C00714865,202609199904431298,pulled,
4092220261599307054,CCM,C00917112,202609199904431297,pulled,
4092220261599307053,CCM,C00917112,202609199904431297,pulled,
4092220261599307052,CCM,C00917112,202609199904431296,pulled,
4092220261599307051,CCM,C00917112,202609199904431296,pulled,
4092220261599307050,CCM,C00917112,202609199904431296,pulled,
4092220261599307041,CCM,C00786194,202609199904431293,pulled,
4092220261599307040,CCM,C00840165,202609199904431292,pulled,
4092220261599307038,CCM,C00840165,202609199904431292,pulled,
4092220261599307037,CCM,C00840165,202609199904431291,pulled,
4092220261599307035,CCM,C00893271,202609199904431291,pulled,
4092220261599307034,CCM,C00893271,202609199904431290,pulled,
4092220261599307033,CCM,C00893271,202609199904431290,pulled,
4092220261599307032,CCM,C00893271,202609199904431290,pulled,
4092220261599307031,CCM,C00893271,202609199904431289,pulled,
4092220261599307027,CCM,C00893271,202609199904431288,pulled,
4092220261599307026,CCM,C00893271,202609199904431288,pulled,
4092220261599307025,CCM,C00893271,202609199904431287,pulled,
4092220261599307024,CCM,C00893271,202609199904431287,pulled,
4092220261599307023,CCM,C00893271,202609199904431287,pulled,
4092220261599307022,CCM,C00893271,202609199904431286,pulled,
4092220261599307021,CCM,C00893271,202609199904431286,pulled,
4092220261599307020,CCM,C00893271,202609199904431286,pulled,
4092220261599307019,CCM,C00893271,202609199904431285,pulled,
4092220261599307018,CCM,C00893271,202609199904431285,pulled,
4092220261599307017,CCM,C00893271,202609199904431285,pulled,
4092220261599307015,CCM,C00893271,202609199904431284,pulled,
4092220261599307014,CCM,C00893271,202609199904431284,pulled,
4092220261599307013,CCM,C00893271,202609199904431283,pulled,
4092220261599307011,CCM,C00893271,202609199904431283,pulled,
4092220261599307010,CCM,C00893271,202609199904431282,pulled,
4092220261599307009,CCM,C00893271,202609199904431282,pulled,
4092220261599307008,CCM,C00893271,202609199904431282,pulled,
4092220261599307007,CCM,C00893271,202609199904431281,pulled,
4092220261599307005,CCM,C00893271,202609199904431281,pulled,
4092220261599307004,CCM,C00893271,202609199904431280,pulled,
4092220261599307003,CCM,C00893271,202609199904431280,pulled,
4092220261599307002,CCM,C00893271,202609199904431280,pulled,
4092220261599307001,CCM,C00893271,202609199904431279,pulled,
4092220261599307000,CCM,C00893271,202609199904431279,pulled,
4092220261599306999,CCM,C00893271,202609199904431279,pulled,
4092220261599306998,CCM,C00893271,202609199904431278,pulled,
4092220261599306997,CCM,C00893271,202609199904431278,pulled,
4092220261599306996,CCM,C00893271,202609199904431278,pulled,
4092220261599306995,CCM,C00893271,202609199904431277,pulled,
4092220261599306994,CCM,C00893271,202609199904431277,pulled,
4092220261599306982,CCM,C00795211,202609199904431273,pulled,
4092220261599306977,CCM,C00795211,202609199904431271,pulled,
4092220261599306968,CCM,C00314575,202609199904431268,pulled,
4092220261599306967,CCM,C00314575,202609199904431268,pulled,
4092220261599306963,CCM,C00314575,202609199904431267,pulled,
4092220261599306958,CCM,C00314575,202609199904431265,pulled,
4092220261599306957,CCM,C00314575,202609199904431265,pulled,
4092220261599306954,CCM,C00314575,202609199904431264,pulled,
4092220261599306953,CCM,C00477745,202609199904431263,pulled,
4092220261599306952,CCM,C00477745,202609199904431263,pulled,
4092220261599306949,CCM,C00477745,202609199904431262,pulled,
4092220261599306948,CCM,C00477745,202609199904431262,pulled,
4092220261599306946,CCM,C00652628,202609199904431261,pulled,
4092220261599306938,CCM,C00896019,202609199904431258,pulled,
4092220261599306930,CCM,C00896019,202609199904431256,pulled,
4092220261599306929,CCM,C00896019,202609199904431255,pulled,
4092220261599306928,CCM,C00896019,202609199904431255,pulled,
4092220261599306918,CCM,C00495952,202609199904431252,pulled,
4092220261599306913,CCM,C00800276,202609199904431250,pulled,
4092220261599306901,CCM,C00895763,202609199904431246,pulled,
4092220261599306896,CCM,C00895763,202609199904431244,pulled,
4092220261599306894,CCM,C00895763,202609199904431244,pulled,
4092220261599306893,CCM,C00895763,202609199904431243,pulled,
4092220261599306888,CCM,C00895763,202609199904431242,pulled,
4092220261599306885,CCM,C00895763,202609199904431241,pulled,
4092220261599306883,CCM,C00895763,202609199904431240,pulled,
4092220261599306877,CCM,C00895763,202609199904431238,pulled,
4092220261599306876,CCM,C00895763,202609199904431238,pulled,
4092220261599306872,CCM,C00807628,202609199904431236,pulled,
4092220261599306869,CCM,C00807628,202609199904431235,pulled,
4092220261599306868,CCM,C00807628,202609199904431235,pulled,
4092220261599306856,CCM,C00807628,202609199904431231,pulled,
4092220261599306849,CCM,C00786194,202609199904431229,pulled,
4092220261599306848,CCM,C00786194,202609199904431228,pulled,
4092220261599306839,CCM,C00786194,202609199904431225,pulled,
4092220261599306835,CCM,C00786194,202609199904431224,pulled,
4092220261599306832,CCM,C00786194,202609199904431223,pulled,
4092220261599306830,CCM,C00786194,202609199904431222,pulled,
4092220261599306818,CCM,C00672295,202609199904431218,pulled,
4092220261599306807,CCM,C00672295,202609199904431215,pulled,
4092220261599306796,CCM,C00672295,202609199904431211,pulled,
4092220261599306794,CCM,C00672295,202609199904431210,pulled,
4092220261599306786,CCM,C00556506,202609199904431208,pulled,
4092220261599306783,CCM,C00657304,202609199904431207,pulled,
4092220261599306781,CCM,C00795211,202609199904431206,pulled,
4092220261599306765,CCM,C00385773,202609199904431201,pulled,
4092220261599306763,CCM,C00385773,202609199904431200,pulled,
4092220261599306762,CCM,C00592154,202609199904431200,pulled,
4092220261599306759,CCM,C00592154,202609199904431199,pulled,
4092220261599306750,CCM,C00581074,202609199904431196,pulled,
4092220261599306747,CCM,C00314575,202609199904431195,pulled,
4092220261599306745,CCM,C00314575,202609199904431194,pulled,
4092220261599306738,CCM,C00314575,202609199904431192,pulled,
4092220261599306734,CCM,C00314575,202609199904431190,pulled,
4092220261599306729,CCM,C00371302,202609199904431189,pulled,
4092220261599306721,CCM,C00510164,202609199904431186,pulled,
4092220261599306720,CCM,C00510164,202609199904431186,pulled,
4092220261599306718,CCM,C00510164,202609199904431185,pulled,
4092220261599306716,CCM,C00510164,202609199904431184,pulled,
4092220261599306715,CCM,C00510164,202609199904431184,pulled,
4092220261599306714,CCM,C00510164,202609199904431184,pulled,
4092220261599306713,CCM,C00510164,202609199904431183,pulled,
4092220261599306712,CCM,C00510164,202609199904431183,pulled,
4092220261599306711,CCM,C00510164,202609199904431183,pulled,
4092220261599306694,CCM,C00430991,202609199904431177,pulled,
4092220261599306678,CCM,C00896019,202609199904431172,pulled,
4092220261599306676,CCM,C00896019,202609199904431171,pulled,
4092220261599306673,CCM,C00896019,202609199904431170,pulled,
4092220261599306672,CCM,C00896019,202609199904431170,pulled,
4092220261599306671,CCM,C00896019,202609199904431169,pulled,
4092220261599306666,CCM,C00896019,202609199904431168,pulled,
4092220261599306659,CCM,C00800276,202609199904431165,pulled,
4092220261599306653,CCM,C00895763,202609199904431163,pulled,
4092220261599306643,CCM,C00629659,202609199904431160,pulled,
4092220261599306637,CCM,C00629659,202609199904431158,pulled,
4092220261599306636,CCM,C00629659,202609199904431158,pulled,
4092220261599306633,CCM,C00629659,202609199904431157,pulled,
4092220261599306632,CCM,C00629659,202609199904431156,pulled,
4092220261599306631,CCM,C00629659,202609199904431156,pulled,
4092220261599306629,CCM,C00629659,202609199904431155,pulled,
4092220261599306624,CCM,C00629659,202609199904431154,pulled,
4092220261599306623,CCM,C00629659,202609199904431153,pulled,
4092220261599306621,CCM,C00807628,202609199904431153,pulled,
4092220261599306620,CCM,C00807628,202609199904431152,pulled,
4092220261599306601,CCM,C00807628,202609199904431146,pulled,
4092220261599306587,CCM,C00711317,202609199904431141,pulled,
4092220261599306583,CCM,C00711317,202609199904431140,pulled,
4092220261599306582,CCM,C00711317,202609199904431140,pulled,
4092220261599306578,CCM,C00786194,202609199904431138,pulled,
4092220261599306573,CCM,C00786194,202609199904431137,pulled,
4092220261599306572,CCM,C00786194,202609199904431136,pulled,
4092220261599306571,CCM,C00786194,202609199904431136,pulled,
4092220261599306570,CCM,C00786194,202609199904431136,pulled,
4092220261599306569,CCM,C00786194,202609199904431135,pulled,
4092220261599306555,CCM,C00786194,202609199904431131,pulled,
4092220261599306552,CCM,C00786194,202609199904431130,pulled,
4092220261599306535,CCM,C00655613,202609199904431124,pulled,
4092220261599306534,CCM,C00655613,202609199904431124,pulled,
4092220261599306532,CCM,C00655613,202609199904431123,pulled,
4092220261599306526,CCM,C00385773,202609199904431121,pulled,
4092220261599306520,CCM,C00497321,202609199904431119,pulled,
4092220261599306518,CCM,C00859041,202609199904431118,pulled,
4092220261599306513,CCM,C00581074,202609199904431117,pulled,
4092220261599306511,CCM,C00581074,202609199904431116,pulled,
4092220261599306508,CCM,C00314575,202609199904431115,pulled,
4092220261599306507,CCM,C00314575,202609199904431115,pulled,
4092220261599306501,CCM,C00441014,202609199904431113,pulled,
4092220261599306496,CCM,C00430991,202609199904431111,pulled,
4092220261599306488,CCM,C00430991,202609199904431108,pulled,
4092220261599306474,CCM,C00896019,202609199904431104,pulled,
4092220261599305810,IND,,202609199904430882,pulled,
4092220261599305809,IND,C00376087,202609199904430881,pulled,
4092220261599305808,IND,C00795211,202609199904430881,pulled,
4092220261599305807,IND,C00787812,202609199904430881,pulled,
4092220261599305806,IND,C00860213,202609199904430880,pulled,
4092220261599305805,IND,,202609199904430880,pulled,
4092220261599305804,IND,C00711317,202609199904430880,pulled,
4092220261599305803,IND,,202609199904430879,pulled,
4092220261599305802,IND,C00314575,202609199904430879,pulled,
4092220261599305801,IND,C00615294,202609199904430879,pulled,
4092220261599305800,IND,C00787812,202609199904430878,pulled,
4092220261599305799,IND,,202609199904430878,pulled,
4092220261599305798,IND,C00786194,202609199904430878,pulled,
4092220261599305797,IND,,202609199904430877,pulled,
4092220261599305796,IND,,202609199904430877,pulled,
4092220261599305795,IND,C00807628,202609199904430877,pulled,
4092220261599305794,IND,,202609199904430876,pulled,
4092220261599305793,IND,,202609199904430876,pulled,
4092220261599305792,IND,C00895763,202609199904430876,pulled,
4092220261599305791,IND,C00895763,202609199904430875,pulled,
4092220261599305790,IND,C00807628,202609199904430875,pulled,
4092220261599305789,IND,,202609199904430875,pulled,
4092220261599305788,IND,C00793760,202609199904430874,pulled,
4092220261599305787,IND,C00807628,202609199904430874,pulled,
4092220261599305786,IND,C00314575,202609199904430874,pulled,
4092220261599305785,IND,C00917112,202609199904430873,pulled,
4092220261599305784,IND,C00440362,202609199904430873,pulled,
4092220261599305783,IND,,202609199904430873,pulled,
4092220261599305782,IND,C00416594,202609199904430872,pulled,
4092220261599305781,IND,,202609199904430872,pulled,
4092220261599305780,IND,C00801431,202609199904430872,pulled,
4092220261599305779,IND,C00807628,202609199904430871,pulled,
4092220261599305778,IND,C00895763,202609199904430871,pulled,
4092220261599305777,IND,C00662601,202609199904430871,pulled,
4092220261599305776,IND,,202609199904430870,pulled,
4092220261599305775,IND,,202609199904430870,pulled,
4092220261599305774,IND,C00314575,202609199904430870,pulled,
4092220261599305773,IND,C00895763,202609199904430869,pulled,
4092220261599305772,IND,,202609199904430869,pulled,
4092220261599305771,IND,C00807628,202609199904430869,pulled,
4092220261599305770,IND,C00793976,202609199904430868,pulled,
4092220261599305769,IND,C00807628,202609199904430868,pulled,
4092220261599305768,IND,C00895763,202609199904430868,pulled,
4092220261599305767,IND,,202609199904430867,pulled,
4092220261599305766,IND,,202609199904430867,pulled,
4092220261599305765,IND,C00655613,202609199904430867,pulled,
4092220261599305764,IND,,202609199904430866,pulled,
4092220261599305763,IND,C00807628,202609199904430866,pulled,
4092220261599305762,IND,C00895763,202609199904430866,pulled,
4092220261599305761,IND,,202609199904430865,pulled,
4092220261599305760,IND,,202609199904430865,pulled,
4092220261599305759,IND,,202609199904430865,pulled,
4092220261599305758,IND,,202609199904430864,pulled,
4092220261599305757,IND,C00655613,202609199904430864,pulled,
4092220261599305756,IND,C00629659,202609199904430864,pulled,
4092220261599305755,IND,,202609199904430863,pulled,
4092220261599305754,IND,C00314575,202609199904430863,pulled,
4092220261599305753,IND,,202609199904430863,pulled,
4092220261599305752,IND,C00912303,202609199904430862,pulled,
4092220261599305751,IND,,202609199904430862,pulled,
4092220261599305750,IND,C00807628,202609199904430862,pulled,
4092220261599305749,IND,C00912303,202609199904430861,pulled,
4092220261599305748,IND,C00815415,202609199904430861,pulled,
4092220261599305747,IND,C00807628,202609199904430861,pulled,
4092220261599305746,IND,C00440362,202609199904430860,pulled,
4092220261599305745,IND,C00815415,202609199904430860,pulled,
4092220261599305744,IND,C00786194,202609199904430860,pulled,
4092220261599305743,IND,C00795211,202609199904430859,pulled,
4092220261599305742,IND,C00917112,202609199904430859,pulled,
4092220261599305741,IND,,202609199904430859,pulled,
4092220261599305740,IND,C00787812,202609199904430858,pulled,
4092220261599305739,IND,,202609199904430858,pulled,
4092220261599305738,IND,,202609199904430858,pulled,
4092220261599305737,IND,,202609199904430857,pulled,
4092220261599305736,IND,C00629659,202609199904430857,pulled,
4092220261599305735,IND,C00912303,202609199904430857,pulled,
4092220261599305734,IND,C00807628,202609199904430856,pulled,
4092220261599305733,IND,C00793760,202609199904430856,pulled,
4092220261599305732,IND,,202609199904430856,pulled,
4092220261599305731,IND,,202609199904430855,pulled,
4092220261599305730,IND,,202609199904430855,pulled,
4092220261599305729,IND,,202609199904430855,pulled,
4092220261599305728,IND,,202609199904430854,pulled,
4092220261599305727,IND,,202609199904430854,pulled,
4092220261599305726,IND,,202609199904430854,pulled,
4092220261599305725,IND,,202609199904430853,pulled,
4092220261599305724,IND,,202609199904430853,pulled,
4092220261599305723,IND,C00807628,202609199904430853,pulled,
4092220261599305722,IND,C00592659,202609199904430852,pulled,
4092220261599305721,IND,,202609199904430852,pulled,
4092220261599305720,IND,C00807628,202609199904430852,pulled,
4092220261599305719,IND,C00793760,202609199904430851,pulled,
4092220261599305718,IND,,202609199904430851,pulled,
4092220261599305717,IND,C00807628,202609199904430851,pulled,
4092220261599305716,IND,C00314575,202609199904430850,pulled,
4092220261599305715,IND,C00314575,202609199904430850,pulled,
4092220261599305714,IND,C00510164,202609199904430850,pulled,
4092220261599305713,IND,C00314575,202609199904430849,pulled,
4092220261599305712,IND,,202609199904430849,pulled,
4092220261599305711,IND,,202609199904430849,pulled,
4092220261599305710,IND,C00440362,202609199904430848,pulled,
4092220261599305709,IND,,202609199904430848,pulled,
4092220261599305708,IND,,202609199904430848,pulled,
4092220261599305707,IND,,202609199904430847,pulled,
4092220261599305706,IND,C00499392,202609199904430847,pulled,
4092220261599305705,IND,C00629659,202609199904430847,pulled,
4092220261599305704,IND,,202609199904430846,pulled,
4092220261599305703,IND,C00807628,202609199904430846,pulled,
4092220261599305702,IND,C00793760,202609199904430846,pulled,
4092220261599305701,IND,C00912303,202609199904430845,pulled,
4092220261599305700,IND,C00807628,202609199904430845,pulled,
4092220261599305699,IND,,202609199904430845,pulled,
4092220261599305698,IND,C00440362,202609199904430844,pulled,
4092220261599305697,IND,C00807628,202609199904430844,pulled,
4092220261599305696,IND,C00917112,202609199904430844,pulled,
4092220261599305695,IND,C00581074,202609199904430843,pulled,
4092220261599305694,IND,C00815415,202609199904430843,pulled,
4092220261599305693,IND,,202609199904430843,pulled,
4092220261599305692,IND,C00581074,202609199904430842,pulled,
4092220261599305691,IND,C00314575,202609199904430842,pulled,
4092220261599305690,IND,C00912303,202609199904430842,pulled,
4092220261599305689,IND,C00314575,202609199904430841,pulled,
4092220261599305688,IND,C00711317,202609199904430841,pulled,
4092220261599305687,IND,C00815415,202609199904430841,pulled,
4092220261599305686,IND,C00807628,202609199904430840,pulled,
4092220261599305685,IND,C00912303,202609199904430840,pulled,
4092220261599305684,IND,C00815415,202609199904430840,pulled,
4092220261599305683,IND,C00895763,202609199904430839,pulled,
4092220261599305682,IND,C00807628,202609199904430839,pulled,
4092220261599305681,IND,C00807628,202609199904430839,pulled,
4092220261599305680,IND,,202609199904430838,pulled,
4092220261599305679,IND,C00376087,202609199904430838,pulled,
4092220261599305678,IND,C00629659,202609199904430838,pulled,
4092220261599305677,IND,C00807628,202609199904430837,pulled,
4092220261599305676,IND,C00655613,202609199904430837,pulled,
4092220261599305675,IND,C00793760,202609199904430837,pulled,
4092220261599305674,IND,C00919530,202609199904430836,pulled,
4092220261599305673,IND,C00912303,202609199904430836,pulled,
4092220261599305672,IND,C00807628,202609199904430836,pulled,
4092220261599305671,IND,C00499392,202609199904430835,pulled,
4092220261599305670,IND,C00856005,202609199904430835,pulled,
4092220261599305669,IND,C00672295,202609199904430835,pulled,
4092220261599305668,IND,C00786194,202609199904430834,pulled,
4092220261599305667,IND,,202609199904430834,pulled,
4092220261599305666,IND,C00376087,202609199904430834,pulled,
4092220261599305665,IND,C00793760,202609199904430833,pulled,
4092220261599305664,IND,C00314575,202609199904430833,pulled,
4092220261599305663,IND,C00786194,202609199904430833,pulled,
4092220261599305662,IND,C00655613,202609199904430832,pulled,
4092220261599305661,IND,,202609199904430832,pulled,
4092220261599305660,IND,C00793760,202609199904430832,pulled,
4092220261599305659,IND,C00893271,202609199904430831,pulled,
4092220261599305658,IND,C00711317,202609199904430831,pulled,
4092220261599305657,IND,C00711317,202609199904430831,pulled,
4092220261599305656,IND,C00440362,202609199904430830,pulled,
4092220261599305655,IND,C00807628,202609199904430830,pulled,
4092220261599305654,IND,C00314575,202609199904430830,pulled,
4092220261599305653,IND,C00815415,202609199904430829,pulled,
4092220261599305652,IND,C00840165,202609199904430829,pulled,
4092220261599305651,IND,C00314575,202609199904430829,pulled,
4092220261599305650,IND,C00314575,202609199904430828,pulled,
4092220261599305649,IND,C00527457,202609199904430828,pulled,
4092220261599305648,IND,C00314575,202609199904430828,pulled,
4092220261599305647,IND,C00314575,202609199904430827,pulled,
4092220261599305646,IND,C00807628,202609199904430827,pulled,
4092220261599305645,IND,,202609199904430827,pulled,
4092220261599305644,IND,C00840165,202609199904430826,pulled,
4092220261599305643,IND,C00807628,202609199904430826,pulled,
4092220261599305642,IND,C00807628,202609199904430826,pulled,
4092220261599305641,IND,C00787812,202609199904430825,pulled,
4092220261599305640,IND,C00807628,202609199904430825,pulled,
4092220261599305639,IND,C00807628,202609199904430825,pulled,
4092220261599305638,IND,C00314575,202609199904430824,pulled,
4092220261599305637,IND,C00815415,202609199904430824,pulled,
4092220261599305636,IND,C00786194,202609199904430824,pulled,
4092220261599305635,IND,C00787812,202609199904430823,pulled,
4092220261599305634,IND,C00314575,202609199904430823,pulled,
4092220261599305633,IND,C00793760,202609199904430823,pulled,
4092220261599305632,IND,C00711317,202609199904430822,pulled,
4092220261599305631,IND,C00592154,202609199904430822,pulled,
4092220261599305630,IND,C00581074,202609199904430822,pulled,
4092220261599305629,IND,,202609199904430821,pulled,
4092220261599305628,IND,C00371302,202609199904430821,pulled,
4092220261599305627,IND,,202609199904430821,pulled,
4092220261599305626,IND,C00776120,202609199904430820,pulled,
4092220261599305625,IND,C00895763,202609199904430820,pulled,
4092220261599305624,IND,C00815415,202609199904430820,pulled,
4092220261599305623,IND,C00787812,202609199904430819,pulled,
4092220261599305622,IND,C00787812,202609199904430819,pulled,
4092220261599305621,IND,,202609199904430819,pulled,
4092220261599305620,IND,C00314575,202609199904430818,pulled,
4092220261599305619,IND,C00430991,202609199904430818,pulled,
4092220261599305618,IND,C00893271,202609199904430818,pulled,
4092220261599305617,IND,C00711317,202609199904430817,pulled,
4092220261599305616,IND,C00815415,202609199904430817,pulled,
4092220261599305615,IND,C00860213,202609199904430817,pulled,
4092220261599305614,IND,C00499392,202609199904430816,pulled,
4092220261599305613,IND,C00793760,202609199904430816,pulled,
4092220261599305612,IND,C00895763,202609199904430816,pulled,
4092220261599305611,IND,C00711317,202609199904430815,pulled,
4092220261599305610,IND,C00314575,202609199904430815,pulled,
4092220261599305609,IND,,202609199904430815,pulled,
4092220261599305608,IND,,202609199904430814,pulled,
4092220261599305607,IND,,202609199904430814,pulled,
4092220261599305606,IND,C00499392,202609199904430814,pulled,
4092220261599305605,IND,C00711317,202609199904430813,pulled,
4092220261599305604,IND,C00477745,202609199904430813,pulled,
4092220261599305603,IND,C00807628,202609199904430813,pulled,
4092220261599305602,IND,C00807628,202609199904430812,pulled,
4092220261599305601,IND,C00787812,202609199904430812,pulled,
4092220261599307616,CCM,C00856005,202609199904431484,pulled,
4092220261599307615,CCM,C00856005,202609199904431484,pulled,
4092220261599307614,CCM,C00856005,202609199904431484,pulled,
4092220261599307613,CCM,C00856005,202609199904431483,pulled,
4092220261599307612,CCM,C00856005,202609199904431483,pulled,
4092220261599307611,CCM,C00856005,202609199904431483,pulled,
4092220261599307610,CCM,C00856005,202609199904431482,pulled,
4092220261599307609,CCM,C00856005,202609199904431482,pulled,
4092220261599307608,CCM,C00856005,202609199904431482,pulled,
4092220261599307607,CCM,C00856005,202609199904431481,pulled,
4092220261599307604,CCM,C00856005,202609199904431480,pulled,
4092220261599307603,CCM,C00856005,202609199904431480,pulled,
4092220261599305600,IND,,202609199904430812,pulled,
4092220261599305599,IND,C00314575,202609199904430811,pulled,
4092220261599305598,IND,,202609199904430811,pulled,
4092220261599305597,IND,,202609199904430811,pulled,
4092220261599305596,IND,,202609199904430810,pulled,
4092220261599305595,IND,C00581074,202609199904430810,pulled,
4092220261599305594,IND,,202609199904430810,pulled,
4092220261599305593,IND,,202609199904430809,pulled,
4092220261599305592,IND,,202609199904430809,pulled,
4092220261599305591,IND,C00895763,202609199904430809,pulled,
4092220261599305590,IND,,202609199904430808,pulled,
4092220261599305589,IND,,202609199904430808,pulled,
4092220261599305588,IND,C00807628,202609199904430808,pulled,
4092220261599305587,IND,C00652628,202609199904430807,pulled,
4092220261599305586,IND,,202609199904430807,pulled,
4092220261599305585,IND,C00893271,202609199904430807,pulled,
4092220261599305584,IND,,202609199904430806,pulled,
4092220261599305583,IND,C00793760,202609199904430806,pulled,
4092220261599305582,IND,C00787812,202609199904430806,pulled,
4092220261599305581,IND,,202609199904430805,pulled,
4092220261599305580,IND,C00793760,202609199904430805,pulled,
4092220261599305579,IND,C00807628,202609199904430805,pulled,
4092220261599305578,IND,,202609199904430804,pulled,
4092220261599305577,IND,C00499392,202609199904430804,pulled,
4092220261599305576,IND,C00895763,202609199904430804,pulled,
4092220261599305575,IND,C00793760,202609199904430803,pulled,
4092220261599305574,IND,C00314575,202609199904430803,pulled,
4092220261599305573,IND,C00371302,202609199904430803,pulled,
4092220261599305572,IND,C00832436,202609199904430802,pulled,
4092220261599305571,IND,C00793760,202609199904430802,pulled,
4092220261599305570,IND,C00581074,202609199904430802,pulled,
4092220261599305569,IND,C00793760,202609199904430801,pulled,
4092220261599305568,IND,C00895763,202609199904430801,pulled,
4092220261599305567,IND,C00895763,202609199904430801,pulled,
4092220261599305566,IND,C00895763,202609199904430800,pulled,
4092220261599305565,IND,C00499988,202609199904430800,pulled,
4092220261599305564,IND,C00314575,202609199904430800,pulled,
4092220261599305563,IND,C00499988,202609199904430799,pulled,
4092220261599305562,IND,,202609199904430799,pulled,
4092220261599305561,IND,C00795211,202609199904430799,pulled,
4092220261599305560,IND,C00655613,202609199904430798,pulled,
4092220261599305559,IND,,202609199904430798,pulled,
4092220261599305558,IND,C00499392,202609199904430798,pulled,
4092220261599305557,IND,C00895763,202609199904430797,pulled,
4092220261599305556,IND,C00013128,202609199904430797,pulled,
4092220261599305555,IND,C00711317,202609199904430797,pulled,
4092220261599305554,IND,C00787812,202609199904430796,pulled,
4092220261599305553,IND,C00840165,202609199904430796,pulled,
4092220261599305552,IND,,202609199904430796,pulled,
4092220261599305551,IND,,202609199904430795,pulled,
4092220261599305550,IND,C00893271,202609199904430795,pulled,
4092220261599305549,IND,C00893271,202609199904430795,pulled,
4092220261599305548,IND,,202609199904430794,pulled,
4092220261599305547,IND,,202609199904430794,pulled,
4092220261599305546,IND,,202609199904430794,pulled,
4092220261599305545,IND,C00499392,202609199904430793,pulled,
4092220261599305544,IND,C00793760,202609199904430793,pulled,
4092220261599305543,IND,C00592154,202609199904430793,pulled,
4092220261599305542,IND,C00895763,202609199904430792,pulled,
4092220261599305541,IND,C00895763,202609199904430792,pulled,
4092220261599305540,IND,C00895763,202609199904430792,pulled,
4092220261599305539,IND,C00629659,202609199904430791,pulled,
4092220261599305538,IND,,202609199904430791,pulled,
4092220261599305537,IND,C00856005,202609199904430791,pulled,
4092220261599305536,IND,C00711317,202609199904430790,pulled,
4092220261599305535,IND,C00711317,202609199904430790,pulled,
4092220261599305534,IND,,202609199904430790,pulled,
4092220261599305533,IND,,202609199904430789,pulled,
4092220261599305532,IND,C00895763,202609199904430789,pulled,
4092220261599305531,IND,C00787812,202609199904430789,pulled,
4092220261599305530,IND,,202609199904430788,pulled,
4092220261599305529,IND,C00510164,202609199904430788,pulled,
4092220261599305528,IND,,202609199904430788,pulled,
4092220261599305527,IND,C00376087,202609199904430787,pulled,
4092220261599305526,IND,C00893271,202609199904430787,pulled,
4092220261599305525,IND,C00893271,202609199904430787,pulled,
4092220261599305524,IND,C00508051,202609199904430786,pulled,
4092220261599305523,IND,C00893271,202609199904430786,pulled,
4092220261599305522,IND,C00499392,202609199904430786,pulled,
4092220261599305521,IND,C00510164,202609199904430785,pulled,
4092220261599305520,IND,C00786194,202609199904430785,pulled,
4092220261599305519,IND,C00893271,202609199904430785,pulled,
4092220261599305518,IND,C00510164,202609199904430784,pulled,
4092220261599305517,IND,C00510164,202609199904430784,pulled,
4092220261599305516,IND,C00840165,202609199904430784,pulled,
4092220261599305515,IND,C00376087,202609199904430783,pulled,
4092220261599305514,IND,C00895763,202609199904430783,pulled,
4092220261599305513,IND,C00376087,202609199904430783,pulled,
4092220261599305512,IND,,202609199904430782,pulled,
4092220261599305511,IND,C00499392,202609199904430782,pulled,
4092220261599305510,IND,C00800276,202609199904430782,pulled,
4092220261599305509,IND,C00786194,202609199904430781,pulled,
4092220261599305508,IND,,202609199904430781,pulled,
4092220261599305507,IND,C00840165,202609199904430781,pulled,
4092220261599305506,IND,C00314575,202609199904430780,pulled,
4092220261599305505,IND,,202609199904430780,pulled,
4092220261599305504,IND,C00499392,202609199904430780,pulled,
4092220261599305503,IND,C00893271,202609199904430779,pulled,
4092220261599305502,IND,,202609199904430779,pulled,
4092220261599305501,IND,,202609199904430779,pulled,
4092220261599305500,IND,C00607200,202609199904430778,pulled,
4092220261599305499,IND,,202609199904430778,pulled,
4092220261599305498,IND,C00499392,202609199904430778,pulled,
4092220261599305497,IND,C00807628,202609199904430777,pulled,
4092220261599305496,IND,C00441014,202609199904430777,pulled,
4092220261599305495,IND,C00786194,202609199904430777,pulled,
4092220261599305494,IND,C00499392,202609199904430776,pulled,
4092220261599305493,IND,C00385773,202609199904430776,pulled,
4092220261599305492,IND,C00895763,202609199904430776,pulled,
4092220261599305491,IND,C00895763,202609199904430775,pulled,
4092220261599305490,IND,C00499392,202609199904430775,pulled,
4092220261599305489,IND,C00499392,202609199904430775,pulled,
4092220261599305488,IND,C00510164,202609199904430774,pulled,
4092220261599305487,IND,,202609199904430774,pulled,
4092220261599305486,IND,C00510164,202609199904430774,pulled,
4092220261599305485,IND,C00786194,202609199904430773,pulled,
4092220261599305484,IND,C00786194,202609199904430773,pulled,
4092220261599305483,IND,,202609199904430773,pulled,
4092220261599305482,IND,C00499467,202609199904430772,pulled,
4092220261599305481,IND,C00793760,202609199904430772,pulled,
4092220261599305480,IND,C00510164,202609199904430772,pulled,
4092220261599305479,IND,,202609199904430771,pulled,
4092220261599305478,IND,C00314575,202609199904430771,pulled,
4092220261599305477,IND,C00893271,202609199904430771,pulled,
4092220261599305476,IND,C00807628,202609199904430770,pulled,
4092220261599305475,IND,C00807628,202609199904430770,pulled,
4092220261599305474,IND,C00895763,202609199904430770,pulled,
4092220261599305473,IND,C00581074,202609199904430769,pulled,
4092220261599305472,IND,C00527457,202609199904430769,pulled,
4092220261599305471,IND,C00314575,202609199904430769,pulled,
4092220261599305470,IND,,202609199904430768,pulled,
4092220261599305469,IND,C00385773,202609199904430768,pulled,
4092220261599305468,IND,C00787812,202609199904430768,pulled,
4092220261599305467,IND,C00807628,202609199904430767,pulled,
4092220261599305466,IND,C00629659,202609199904430767,pulled,
4092220261599305465,IND,C00893271,202609199904430767,pulled,
4092220261599305464,IND,C00893271,202609199904430766,pulled,
4092220261599305463,IND,C00895763,202609199904430766,pulled,
4092220261599305462,IND,C00800276,202609199904430766,pulled,
4092220261599305461,IND,C00893271,202609199904430765,pulled,
4092220261599305460,IND,C00893271,202609199904430765,pulled,
4092220261599305459,IND,C00792341,202609199904430765,pulled,
4092220261599305458,IND,C00787812,202609199904430764,pulled,
4092220261599305457,IND,,202609199904430764,pulled,
4092220261599305456,IND,C00376087,202609199904430764,pulled,
4092220261599305455,IND,,202609199904430763,pulled,
4092220261599305454,IND,,202609199904430763,pulled,
4092220261599305453,IND,,202609199904430763,pulled,
4092220261599305452,IND,,202609199904430762,pulled,
4092220261599305451,IND,,202609199904430762,pulled,
4092220261599305450,IND,,202609199904430762,pulled,
4092220261599305449,IND,C00787812,202609199904430761,pulled,
4092220261599305448,IND,,202609199904430761,pulled,
4092220261599305447,IND,,202609199904430761,pulled,
4092220261599305446,IND,C00314575,202609199904430760,pulled,
4092220261599305445,IND,C00314575,202609199904430760,pulled,
4092220261599305444,IND,C00786194,202609199904430760,pulled,
4092220261599305443,IND,C00314575,202609199904430759,pulled,
4092220261599305442,IND,C00893271,202609199904430759,pulled,
4092220261599305441,IND,,202609199904430759,pulled,
4092220261599305440,IND,,202609199904430758,pulled,
4092220261599305439,IND,C00527457,202609199904430758,pulled,
4092220261599305438,IND,C00787812,202609199904430758,pulled,
4092220261599305437,IND,C00314575,202609199904430757,pulled,
4092220261599305436,IND,,202609199904430757,pulled,
4092220261599305435,IND,C00385773,202609199904430757,pulled,
4092220261599305434,IND,C00893271,202609199904430756,pulled,
4092220261599305433,IND,C00787812,202609199904430756,pulled,
4092220261599305432,IND,,202609199904430756,pulled,
4092220261599305431,IND,C00314575,202609199904430755,pulled,
4092220261599305430,IND,,202609199904430755,pulled,
4092220261599305429,IND,C00314575,202609199904430755,pulled,
4092220261599305428,IND,,202609199904430754,pulled,
4092220261599305427,IND,,202609199904430754,pulled,
4092220261599305426,IND,C00314575,202609199904430754,pulled,
4092220261599305425,IND,C00314575,202609199904430753,pulled,
4092220261599305424,IND,C00893271,202609199904430753,pulled,
4092220261599305423,IND,C00672295,202609199904430753,pulled,
4092220261599305422,IND,C00499392,202609199904430752,pulled,
4092220261599305421,IND,C00714865,202609199904430752,pulled,
4092220261599305420,IND,,202609199904430752,pulled,
4092220261599305419,IND,C00893271,202609199904430751,pulled,
4092220261599305418,IND,C00527457,202609199904430751,pulled,
4092220261599305417,IND,C00793760,202609199904430751,pulled,
4092220261599305416,IND,C00510164,202609199904430750,pulled,
4092220261599307929,CCM,C00495952,202609199904431589,pulled,
4092220261599307917,CCM,C00895763,202609199904431585,pulled,
4092220261599307911,CCM,C00895763,202609199904431583,pulled,
4092220261599307910,CCM,C00895763,202609199904431582,pulled,
4092220261599307901,CCM,C00895763,202609199904431579,pulled,
4092220261599307894,CCM,C00859892,202609199904431577,pulled,
4092220261599307890,CCM,C00807628,202609199904431576,pulled,
4092220261599307884,CCM,C00807628,202609199904431574,pulled,
4092220261599307880,CCM,C00807628,202609199904431572,pulled,
4092220261599307847,CCM,C00893271,202609199904431561,pulled,
4092220261599307830,CCM,C00672295,202609199904431556,pulled,
4092220261599307820,CCM,C00556506,202609199904431552,pulled,
4092220261599307814,CCM,C00556506,202609199904431550,pulled,
4092220261599307805,CCM,C00556506,202609199904431547,pulled,
4092220261599307801,CCM,C00556506,202609199904431546,pulled,
4092220261599307800,CCM,C00556506,202609199904431546,pulled,
4092220261599307798,CCM,C00556506,202609199904431545,pulled,
4092220261599307789,CCM,C00795211,202609199904431542,pulled,
4092220261599307787,CCM,C00795211,202609199904431541,pulled,
4092220261599307784,CCM,C00385773,202609199904431540,pulled,
4092220261599307778,CCM,C00314575,202609199904431538,pulled,
4092220261599307776,CCM,C00314575,202609199904431538,pulled,
4092220261599307765,CCM,C00832436,202609199904431534,pulled,
4092220261599307763,CCM,C00770818,202609199904431533,pulled,
4092220261599307761,CCM,C00665638,202609199904431533,pulled,
4092220261599307759,CCM,C00665638,202609199904431532,pulled,
4092220261599307758,CCM,C00665638,202609199904431532,pulled,
4092220261599307757,CCM,C00665638,202609199904431531,pulled,
4092220261599307750,CCM,C00717959,202609199904431529,pulled,
4092220261599307748,CCM,C00717959,202609199904431528,pulled,
4092220261599307747,CCM,C00717959,202609199904431528,pulled,
4092220261599307746,CCM,C00717959,202609199904431528,pulled,
4092220261599307740,CCM,C00717959,202609199904431526,pulled,
4092220261599307739,CCM,C00849844,202609199904431525,pulled,
4092220261599307734,CCM,C00849844,202609199904431524,pulled,
4092220261599307733,CCM,C00629659,202609199904431523,pulled,
4092220261599307732,CCM,C00629659,202609199904431523,pulled,
4092220261599307730,CCM,C00629659,202609199904431522,pulled,
4092220261599307729,CCM,C00629659,202609199904431522,pulled,
4092220261599307728,CCM,C00629659,202609199904431522,pulled,
4092220261599307727,CCM,C00629659,202609199904431521,pulled,
4092220261599307725,CCM,C00629659,202609199904431521,pulled,
4092220261599307724,CCM,C00629659,202609199904431520,pulled,
4092220261599307723,CCM,C00629659,202609199904431520,pulled,
4092220261599307720,CCM,C00629659,202609199904431519,pulled,
4092220261599307718,CCM,C00815415,202609199904431518,pulled,
4092220261599307711,CCM,C00807628,202609199904431516,pulled,
4092220261599307691,CCM,C00416594,202609199904431509,pulled,
4092220261599307689,CCM,C00607416,202609199904431509,pulled,
4092220261599307687,CCM,C00607416,202609199904431508,pulled,
4092220261599307686,CCM,C00607416,202609199904431508,pulled,
4092220261599307685,CCM,C00607416,202609199904431507,pulled,
4092220261599307684,CCM,C00607416,202609199904431507,pulled,
4092220261599307682,CCM,C00607416,202609199904431506,pulled,
4092220261599307681,CCM,C00607416,202609199904431506,pulled,
4092220261599307680,CCM,C00607416,202609199904431506,pulled,
4092220261599307679,CCM,C00607416,202609199904431505,pulled,
4092220261599307678,CCM,C00607416,202609199904431505,pulled,
4092220261599307677,CCM,C00607416,202609199904431505,pulled,
4092220261599307676,CCM,C00607416,202609199904431504,pulled,
4092220261599307674,CCM,C00607416,202609199904431504,pulled,
4092220261599307673,CCM,C00408534,202609199904431503,pulled,
4092220261599307661,CCM,C00672295,202609199904431499,pulled,
4092220261599307659,CCM,C00672295,202609199904431499,pulled,
4092220261599307658,CCM,C00672295,202609199904431498,pulled,
4092220261599307656,CCM,C00672295,202609199904431498,pulled,
4092220261599307645,CCM,C00672295,202609199904431494,pulled,
4092220261599307631,CCM,C00655613,202609199904431489,pulled,
4092220261599307625,CCM,C00655613,202609199904431487,pulled,
4092220261599307594,CCM,C00787812,202609199904431477,pulled,
4092220261599307590,CCM,C00787812,202609199904431476,pulled,
4092220261599307586,CCM,C00787812,202609199904431474,pulled,
4092220261599307584,CCM,C00787812,202609199904431474,pulled,
4092220261599307574,CCM,C00787812,202609199904431470,pulled,
4092220261599307572,CCM,C00314575,202609199904431470,pulled,
4092220261599307566,CCM,C00314575,202609199904431468,pulled,
4092220261599307564,CCM,C00330142,202609199904431467,pulled,
4092220261599307554,CCM,C00806174,202609199904431464,pulled,
4092220261599307553,CCM,C00430991,202609199904431463,pulled,
4092220261599307526,CCM,C00793760,202609199904431454,pulled,
4092220261599307508,CCM,C00793760,202609199904431448,pulled,
4092220261599307502,CCM,C00793760,202609199904431446,pulled,
4092220261599307493,CCM,C00800276,202609199904431443,pulled,
4092220261599307491,CCM,C00800276,202609199904431443,pulled,
4092220261599307485,CCM,C00877324,202609199904431441,pulled,
4092220261599307478,CCM,C00672295,202609199904431438,pulled,
4092220261599307476,CCM,C00672295,202609199904431438,pulled,
4092220261599307473,CCM,C00672295,202609199904431437,pulled,
4092220261599307470,CCM,C00672295,202609199904431436,pulled,
4092220261599307468,CCM,C00672295,202609199904431435,pulled,
4092220261599307467,CCM,C00672295,202609199904431435,pulled,
4092220261599307466,CCM,C00672295,202609199904431434,pulled,
4092220261599307465,CCM,C00672295,202609199904431434,pulled,
4092220261599307462,CCM,C00655613,202609199904431433,pulled,
4092220261599307426,CCM,C00718239,202609199904431421,pulled,
4092220261599307425,CCM,C00718239,202609199904431421,pulled,
4092220261599307423,CCM,C00857417,202609199904431420,pulled,
4092220261599307422,CCM,C00857417,202609199904431420,pulled,
4092220261599307419,CCM,C00857417,202609199904431419,pulled,
4092220261599307418,CCM,C00857417,202609199904431418,pulled,
4092220261599307417,CCM,C00857417,202609199904431418,pulled,
4092220261599307416,CCM,C00857417,202609199904431418,pulled,
4092220261599307415,CCM,C00857417,202609199904431417,pulled,
4092220261599307413,CCM,C00857417,202609199904431417,pulled,
4092220261599307412,CCM,C00857417,202609199904431416,pulled,
4092220261599307408,CCM,C00742247,202609199904431415,pulled,
4092220261599307391,CCM,C00787812,202609199904431409,pulled,
4092220261599307388,CCM,C00440362,202609199904431408,pulled,
4092220261599307387,CCM,C00314575,202609199904431408,pulled,
4092220261599307383,CCM,C00314575,202609199904431407,pulled,
4092220261599307379,CCM,C00314575,202609199904431405,pulled,
4092220261599307365,CCM,C00806174,202609199904431401,pulled,
4092220261599307348,CCM,C00694778,202609199904431395,pulled,
4092220261599307341,CCM,C00793760,202609199904431393,pulled,
4092220261599307338,CCM,C00793760,202609199904431392,pulled,
4092220261599307333,CCM,C00257337,202609199904431390,pulled,
4092220261599307332,CCM,C00257337,202609199904431390,pulled,
4092220261599307330,CCM,C00257337,202609199904431389,pulled,
4092220261599307328,CCM,C00800276,202609199904431388,pulled,
4092220261599307327,CCM,C00800276,202609199904431388,pulled,
4092220261599307326,CCM,C00800276,202609199904431388,pulled,
4092220261599307325,CCM,C00800276,202609199904431387,pulled,
4092220261599307322,CCM,C00730895,202609199904431386,pulled,
4092220261599307321,CCM,C00730895,202609199904431386,pulled,
4092220261599307311,CCM,C00632257,202609199904431383,pulled,
4092220261599307310,CCM,C00632257,202609199904431382,pulled,
4092220261599307307,CCM,C00806018,202609199904431381,pulled,
4092220261599307297,CCM,C00385773,202609199904431378,pulled,
4092220261599307296,CCM,C00499988,202609199904431378,pulled,
4092220261599307295,CCM,C00499988,202609199904431377,pulled,
4092220261599307293,CCM,C00607200,202609199904431377,pulled,
4092220261599307288,CCM,C00504522,202609199904431375,pulled,
4092220261599307284,CCM,C00504522,202609199904431374,pulled,
4092220261599307281,CCM,C00504522,202609199904431373,pulled,
4092220261599307277,CCM,C00504522,202609199904431371,pulled,
4092220261599307273,CCM,C00860213,202609199904431370,pulled,
4092220261599307272,CCM,C00860213,202609199904431370,pulled,
4092220261599307262,CCM,C00440362,202609199904431366,pulled,
4092220261599307257,CCM,C00440362,202609199904431365,pulled,
4092220261599307250,CCM,C00314575,202609199904431362,pulled,
4092220261599307249,CCM,C00314575,202609199904431362,pulled,
4092220261599307241,CCM,C00314575,202609199904431359,pulled,
4092220261599307234,CCM,C00703058,202609199904431357,pulled,
4092220261599307233,CCM,C00576173,202609199904431357,pulled,
4092220261599307232,CCM,C00576173,202609199904431356,pulled,
4092220261599307231,CCM,C00576173,202609199904431356,pulled,
4092220261599307229,CCM,C00576173,202609199904431355,pulled,
4092220261599307227,CCM,C00896019,202609199904431355,pulled,
4092220261599307225,CCM,C00896019,202609199904431354,pulled,
4092220261599307224,CCM,C00896019,202609199904431354,pulled,
4092220261599307220,CCM,C00896019,202609199904431352,pulled,
4092220261599307219,CCM,C00896019,202609199904431352,pulled,
4092220261599307218,CCM,C00896019,202609199904431352,pulled,
4092220261599307217,CCM,C00896019,202609199904431351,pulled,
4092220261599307215,CCM,C00896019,202609199904431351,pulled,
4092220261599307206,CCM,C00800276,202609199904431348,pulled,
4092220261599307201,CCM,C00893594,202609199904431346,pulled,
4092220261599307189,CCM,C00815415,202609199904431342,pulled,
4092220261599307186,CCM,C00806018,202609199904431341,pulled,
4092220261599307172,CCM,C00615294,202609199904431336,pulled,
4092220261599307157,CCM,C00795211,202609199904431331,pulled,
4092220261599307155,CCM,C00499988,202609199904431331,pulled,
4092220261599307154,CCM,C00607200,202609199904431330,pulled,
4092220261599307145,CCM,C00860213,202609199904431327,pulled,
4092220261599307143,CCM,C00860213,202609199904431327,pulled,
4092220261599307136,CCM,C00314575,202609199904431324,pulled,
4092220261599307135,CCM,C00314575,202609199904431324,pulled,
4092220261599307131,CCM,C00314575,202609199904431323,pulled,
4092220261599307121,CCM,C00592659,202609199904431319,pulled,
4092220261599307116,CCM,C00477745,202609199904431318,pulled,
4092220261599307115,CCM,C00570994,202609199904431317,pulled,
4092220261599307110,CCM,C00896019,202609199904431316,pulled,
4092220261599307106,CCM,C00896019,202609199904431314,pulled,
4092220261599307104,CCM,C00896019,202609199904431314,pulled,
4092220261599307103,CCM,C00896019,202609199904431313,pulled,
4092220261599307101,CCM,C00896019,202609199904431313,pulled,
4092220261599307099,CCM,C00896019,202609199904431312,pulled,
4092220261599307098,CCM,C00896019,202609199904431312,pulled,
4092220261599307097,CCM,C00896019,202609199904431311,pulled,
4092220261599307080,CCM,C00376087,202609199904431306,pulled,
4092220261599307077,CCM,C00376087,202609199904431305,pulled,
4092220261599307064,CCM,C00895763,202609199904431300,pulled,
4092220261599307042,CCM,C00786194,202609199904431293,pulled,
4092220261599307029,CCM,C00893271,202609199904431289,pulled,
4092220261599307006,CCM,C00893271,202609199904431281,pulled,
4092220261599306993,CCM,C00893271,202609199904431277,pulled,
4092220261599306988,CCM,C00795211,202609199904431275,pulled,
4092220261599306987,CCM,C00795211,202609199904431275,pulled,
4092220261599306984,CCM,C00795211,202609199904431274,pulled,
4092220261599306981,CCM,C00795211,202609199904431273,pulled,
4092220261599306979,CCM,C00795211,202609199904431272,pulled,
4092220261599306978,CCM,C00795211,202609199904431272,pulled,
4092220261599306976,CCM,C00385773,202609199904431271,pulled,
4092220261599306974,CCM,C00394957,202609199904431270,pulled,
4092220261599306972,CCM,C00793935,202609199904431270,pulled,
4092220261599306971,CCM,C00793935,202609199904431269,pulled,
4092220261599306965,CCM,C00314575,202609199904431267,pulled,
4092220261599306951,CCM,C00477745,202609199904431263,pulled,
4092220261599306950,CCM,C00477745,202609199904431262,pulled,
4092220261599306947,CCM,C00477745,202609199904431261,pulled,
4092220261599306944,CCM,C00652628,202609199904431260,pulled,
4092220261599306943,CCM,C00652628,202609199904431260,pulled,
4092220261599306939,CCM,C00896019,202609199904431259,pulled,
4092220261599306935,CCM,C00896019,202609199904431257,pulled,
4092220261599306933,CCM,C00896019,202609199904431257,pulled,
4092220261599306932,CCM,C00896019,202609199904431256,pulled,
4092220261599306927,CCM,C00896019,202609199904431255,pulled,
4092220261599306926,CCM,C00896019,202609199904431254,pulled,
4092220261599306925,CCM,C00896019,202609199904431254,pulled,
4092220261599306922,CCM,C00896019,202609199904431253,pulled,
4092220261599306911,CCM,C00800276,202609199904431249,pulled,
4092220261599306908,CCM,C00410761,202609199904431248,pulled,
4092220261599306903,CCM,C00895763,202609199904431247,pulled,
4092220261599306897,CCM,C00895763,202609199904431245,pulled,
4092220261599306895,CCM,C00895763,202609199904431244,pulled,
4092220261599306874,CCM,C00807628,202609199904431237,pulled,
4092220261599306866,CCM,C00807628,202609199904431234,pulled,
4092220261599306852,CCM,C00798132,202609199904431230,pulled,
4092220261599306846,CCM,C00786194,202609199904431228,pulled,
4092220261599306845,CCM,C00786194,202609199904431227,pulled,
4092220261599306843,CCM,C00786194,202609199904431227,pulled,
4092220261599306840,CCM,C00786194,202609199904431226,pulled,
4092220261599306838,CCM,C00786194,202609199904431225,pulled,
4092220261599306836,CCM,C00786194,202609199904431224,pulled,
4092220261599306834,CCM,C00786194,202609199904431224,pulled,
4092220261599306829,CCM,C00786194,202609199904431222,pulled,
4092220261599306828,CCM,C00786194,202609199904431222,pulled,
4092220261599306827,CCM,C00786194,202609199904431221,pulled,
4092220261599306826,CCM,C00786194,202609199904431221,pulled,
4092220261599306824,CCM,C00786194,202609199904431220,pulled,
4092220261599306820,CCM,C00672295,202609199904431219,pulled,
4092220261599306815,CCM,C00672295,202609199904431217,pulled,
4092220261599306812,CCM,C00672295,202609199904431216,pulled,
4092220261599306810,CCM,C00672295,202609199904431216,pulled,
4092220261599306804,CCM,C00672295,202609199904431214,pulled,
4092220261599306803,CCM,C00672295,202609199904431213,pulled,
4092220261599306801,CCM,C00672295,202609199904431213,pulled,
4092220261599306800,CCM,C00672295,202609199904431212,pulled,
4092220261599306799,CCM,C00672295,202609199904431212,pulled,
4092220261599306792,CCM,C00556506,202609199904431210,pulled,
4092220261599306791,CCM,C00556506,202609199904431209,pulled,
4092220261599306785,CCM,C00556506,202609199904431207,pulled,
4092220261599306782,CCM,C00795211,202609199904431206,pulled,
4092220261599306779,CCM,C00795211,202609199904431205,pulled,
4092220261599306777,CCM,C00793976,202609199904431205,pulled,
4092220261599306775,CCM,C00680918,202609199904431204,pulled,
4092220261599306774,CCM,C00680918,202609199904431204,pulled,
4092220261599306773,CCM,C00680918,202609199904431203,pulled,
4092220261599306772,CCM,C00680918,202609199904431203,pulled,
4092220261599306771,CCM,C00680918,202609199904431203,pulled,
4092220261599306770,CCM,C00680918,202609199904431202,pulled,
4092220261599306769,CCM,C00680918,202609199904431202,pulled,
4092220261599306768,CCM,C00680918,202609199904431202,pulled,
4092220261599306767,CCM,C00680918,202609199904431201,pulled,
4092220261599306766,CCM,C00680918,202609199904431201,pulled,
4092220261599306764,CCM,C00385773,202609199904431200,pulled,
4092220261599306761,CCM,C00592154,202609199904431199,pulled,
4092220261599306758,CCM,C00592154,202609199904431198,pulled,
4092220261599306757,CCM,C00394957,202609199904431198,pulled,
4092220261599306756,CCM,C00394957,202609199904431198,pulled,
4092220261599306754,CCM,C00394957,202609199904431197,pulled,
4092220261599306752,CCM,C00386748,202609199904431196,pulled,
4092220261599306751,CCM,C00386748,202609199904431196,pulled,
4092220261599306744,CCM,C00314575,202609199904431194,pulled,
4092220261599306743,CCM,C00314575,202609199904431193,pulled,
4092220261599306739,CCM,C00314575,202609199904431192,pulled,
4092220261599306717,CCM,C00510164,202609199904431185,pulled,
4092220261599306708,CCM,C00367862,202609199904431182,pulled,
4092220261599306705,CCM,C00367862,202609199904431181,pulled,
4092220261599306704,CCM,C00665638,202609199904431180,pulled,
4092220261599306703,CCM,C00430991,202609199904431180,pulled,
4092220261599306692,CCM,C00430991,202609199904431176,pulled,
4092220261599306689,CCM,C00430991,202609199904431175,pulled,
4092220261599306686,CCM,C00896019,202609199904431174,pulled,
4092220261599306685,CCM,C00896019,202609199904431174,pulled,
4092220261599306684,CCM,C00896019,202609199904431174,pulled,
4092220261599306683,CCM,C00896019,202609199904431173,pulled,
4092220261599306680,CCM,C00896019,202609199904431172,pulled,
4092220261599306674,CCM,C00896019,202609199904431170,pulled,
4092220261599306670,CCM,C00896019,202609199904431169,pulled,
4092220261599306668,CCM,C00896019,202609199904431168,pulled,
4092220261599306667,CCM,C00896019,202609199904431168,pulled,
4092220261599306665,CCM,C00896019,202609199904431167,pulled,
4092220261599306663,CCM,C00800276,202609199904431167,pulled,
4092220261599306645,CCM,C00629659,202609199904431161,pulled,
4092220261599306642,CCM,C00629659,202609199904431160,pulled,
4092220261599306641,CCM,C00629659,202609199904431159,pulled,
4092220261599306640,CCM,C00629659,202609199904431159,pulled,
4092220261599306639,CCM,C00629659,202609199904431159,pulled,
4092220261599306638,CCM,C00629659,202609199904431158,pulled,
4092220261599306635,CCM,C00629659,202609199904431157,pulled,
4092220261599306628,CCM,C00629659,202609199904431155,pulled,
4092220261599306627,CCM,C00629659,202609199904431155,pulled,
4092220261599306625,CCM,C00629659,202609199904431154,pulled,
4092220261599306611,CCM,C00807628,202609199904431149,pulled,
4092220261599306599,CCM,C00807628,202609199904431145,pulled,
4092220261599306579,CCM,C00786194,202609199904431139,pulled,
4092220261599306577,CCM,C00786194,202609199904431138,pulled,
4092220261599306576,CCM,C00786194,202609199904431138,pulled,
4092220261599306575,CCM,C00786194,202609199904431137,pulled,
4092220261599306574,CCM,C00786194,202609199904431137,pulled,
4092220261599306568,CCM,C00786194,202609199904431135,pulled,
4092220261599306567,CCM,C00786194,202609199904431135,pulled,
4092220261599306566,CCM,C00786194,202609199904431134,pulled,
4092220261599306565,CCM,C00786194,202609199904431134,pulled,
4092220261599306562,CCM,C00786194,202609199904431133,pulled,
4092220261599306561,CCM,C00786194,202609199904431133,pulled,
4092220261599306559,CCM,C00786194,202609199904431132,pulled,
4092220261599306556,CCM,C00786194,202609199904431131,pulled,
4092220261599306554,CCM,C00786194,202609199904431130,pulled,
4092220261599306551,CCM,C00714261,202609199904431129,pulled,
4092220261599306550,CCM,C00842336,202609199904431129,pulled,
4092220261599306549,CCM,C00842336,202609199904431129,pulled,
4092220261599306547,CCM,C00680918,202609199904431128,pulled,
4092220261599306546,CCM,C00680918,202609199904431128,pulled,
4092220261599306545,CCM,C00680918,202609199904431127,pulled,
4092220261599306544,CCM,C00680918,202609199904431127,pulled,
4092220261599306543,CCM,C00680918,202609199904431127,pulled,
4092220261599306542,CCM,C00680918,202609199904431126,pulled,
4092220261599306541,CCM,C00680918,202609199904431126,pulled,
4092220261599306540,CCM,C00680918,202609199904431126,pulled,
4092220261599306539,CCM,C00680918,202609199904431125,pulled,
4092220261599306538,CCM,C00816983,202609199904431125,pulled,
4092220261599306533,CCM,C00655613,202609199904431123,pulled,
4092220261599306530,CCM,C00655613,202609199904431122,pulled,
4092220261599306524,CCM,C00614826,202609199904431120,pulled,
4092220261599306500,CCM,C00801274,202609199904431112,pulled,
4092220261599306475,CCM,C00896019,202609199904431104,pulled,
4092220261599306472,CCM,C00896019,202609199904431103,pulled,
4092220261599306471,CCM,C00896019,202609199904431103,pulled,
4092220261599305415,IND,C00607416,202609199904430750,pulled,
4092220261599305414,IND,C00607416,202609199904430750,pulled,
4092220261599305413,IND,C00770818,202609199904430749,pulled,
4092220261599305412,IND,C00893271,202609199904430749,pulled,
4092220261599305411,IND,C00800276,202609199904430749,pulled,
4092220261599305410,IND,,202609199904430748,pulled,
4092220261599305409,IND,C00786194,202609199904430748,pulled,
4092220261599305408,IND,C00527457,202609199904430748,pulled,
4092220261599305407,IND,C00893271,202609199904430747,pulled,
4092220261599305406,IND,C00893271,202609199904430747,pulled,
4092220261599305405,IND,,202609199904430747,pulled,
4092220261599305404,IND,,202609199904430746,pulled,
4092220261599305403,IND,,202609199904430746,pulled,
4092220261599305402,IND,C00893271,202609199904430746,pulled,
4092220261599305401,IND,,202609199904430745,pulled,
4092220261599305400,IND,C00893271,202609199904430745,pulled,
4092220261599305399,IND,C00893271,202609199904430745,pulled,
4092220261599305398,IND,C00893271,202609199904430744,pulled,
4092220261599305397,IND,,202609199904430744,pulled,
4092220261599305396,IND,C00367862,202609199904430744,pulled,
4092220261599305395,IND,C00893271,202609199904430743,pulled,
4092220261599305394,IND,C00893271,202609199904430743,pulled,
4092220261599305393,IND,C00367862,202609199904430743,pulled,
4092220261599305392,IND,,202609199904430742,pulled,
4092220261599305391,IND,C00895763,202609199904430742,pulled,
4092220261599305390,IND,C00893271,202609199904430742,pulled,
4092220261599305389,IND,C00893271,202609199904430741,pulled,
4092220261599305388,IND,C00893271,202609199904430741,pulled,
4092220261599305387,IND,,202609199904430741,pulled,
4092220261599305386,IND,C00893271,202609199904430740,pulled,
4092220261599305385,IND,,202609199904430740,pulled,
4092220261599305384,IND,C00893271,202609199904430740,pulled,
4092220261599305383,IND,C00592154,202609199904430739,pulled,
4092220261599305382,IND,C00807628,202609199904430739,pulled,
4092220261599305381,IND,C00807628,202609199904430739,pulled,
4092220261599305380,IND,C00893271,202609199904430738,pulled,
4092220261599305379,IND,C00893271,202609199904430738,pulled,
4092220261599305378,IND,C00629659,202609199904430738,pulled,
4092220261599305377,IND,C00793760,202609199904430737,pulled,
4092220261599305376,IND,,202609199904430737,pulled,
4092220261599305375,IND,C00893271,202609199904430737,pulled,
4092220261599305374,IND,C00893271,202609199904430736,pulled,
4092220261599305373,IND,C00657304,202609199904430736,pulled,
4092220261599305372,IND,C00893271,202609199904430736,pulled,
4092220261599305371,IND,C00893271,202609199904430735,pulled,
4092220261599305370,IND,,202609199904430735,pulled,
4092220261599305369,IND,C00800276,202609199904430735,pulled,
4092220261599305368,IND,C00390724,202609199904430734,pulled,
4092220261599305367,IND,C00893271,202609199904430734,pulled,
4092220261599305366,IND,,202609199904430734,pulled,
4092220261599305365,IND,C00893271,202609199904430733,pulled,
4092220261599305364,IND,,202609199904430733,pulled,
4092220261599305363,IND,C00893271,202609199904430733,pulled,
4092220261599305362,IND,C00893271,202609199904430732,pulled,
4092220261599305361,IND,C00807628,202609199904430732,pulled,
4092220261599305360,IND,,202609199904430732,pulled,
4092220261599305359,IND,C00893271,202609199904430731,pulled,
4092220261599305358,IND,C00895763,202609199904430731,pulled,
4092220261599305357,IND,C00477745,202609199904430731,pulled,
4092220261599305356,IND,C00786194,202609199904430730,pulled,
4092220261599305355,IND,,202609199904430730,pulled,
4092220261599305354,IND,C00893271,202609199904430730,pulled,
4092220261599305353,IND,,202609199904430729,pulled,
4092220261599305352,IND,,202609199904430729,pulled,
4092220261599305351,IND,C00893271,202609199904430729,pulled,
4092220261599305350,IND,C00893271,202609199904430728,pulled,
4092220261599305349,IND,C00807628,202609199904430728,pulled,
4092220261599305348,IND,,202609199904430728,pulled,
4092220261599305347,IND,C00893271,202609199904430727,pulled,
4092220261599305346,IND,C00807628,202609199904430727,pulled,
4092220261599305345,IND,C00694778,202609199904430727,pulled,
4092220261599305344,IND,C00807628,202609199904430726,pulled,
4092220261599305343,IND,C00527457,202609199904430726,pulled,
4092220261599305342,IND,C00893271,202609199904430726,pulled,
4092220261599305341,IND,,202609199904430725,pulled,
4092220261599305340,IND,C00795211,202609199904430725,pulled,
4092220261599305339,IND,C00893271,202609199904430725,pulled,
4092220261599305338,IND,C00893271,202609199904430724,pulled,
4092220261599305337,IND,C00786194,202609199904430724,pulled,
4092220261599305336,IND,C00672295,202609199904430724,pulled,
4092220261599305335,IND,,202609199904430723,pulled,
4092220261599305334,IND,C00840165,202609199904430723,pulled,
4092220261599305333,IND,C00893271,202609199904430723,pulled,
4092220261599305332,IND,C00527457,202609199904430722,pulled,
4092220261599305331,IND,C00893271,202609199904430722,pulled,
4092220261599305330,IND,C00801431,202609199904430722,pulled,
4092220261599305329,IND,C00893271,202609199904430721,pulled,
4092220261599305328,IND,C00430991,202609199904430721,pulled,
4092220261599305327,IND,,202609199904430721,pulled,
4092220261599305326,IND,,202609199904430720,pulled,
4092220261599305325,IND,,202609199904430720,pulled,
4092220261599305324,IND,C00895763,202609199904430720,pulled,
4092220261599305323,IND,C00793760,202609199904430719,pulled,
4092220261599305322,IND,C00893271,202609199904430719,pulled,
4092220261599305321,IND,C00893271,202609199904430719,pulled,
4092220261599305320,IND,,202609199904430718,pulled,
4092220261599305319,IND,C00893271,202609199904430718,pulled,
4092220261599305318,IND,C00714261,202609199904430718,pulled,
4092220261599305317,IND,C00800276,202609199904430717,pulled,
4092220261599305316,IND,C00807628,202609199904430717,pulled,
4092220261599305315,IND,C00895763,202609199904430717,pulled,
4092220261599305314,IND,C00893271,202609199904430716,pulled,
4092220261599305313,IND,C00793760,202609199904430716,pulled,
4092220261599305312,IND,C00807628,202609199904430716,pulled,
4092220261599305311,IND,C00893271,202609199904430715,pulled,
4092220261599305310,IND,C00807628,202609199904430715,pulled,
4092220261599305309,IND,C00807628,202609199904430715,pulled,
4092220261599305308,IND,C00314575,202609199904430714,pulled,
4092220261599305307,IND,C00807628,202609199904430714,pulled,
4092220261599305306,IND,,202609199904430714,pulled,
4092220261599305305,IND,C00895763,202609199904430713,pulled,
4092220261599305304,IND,C00893271,202609199904430713,pulled,
4092220261599305303,IND,C00893271,202609199904430713,pulled,
4092220261599305302,IND,C00807628,202609199904430712,pulled,
4092220261599305301,IND,,202609199904430712,pulled,
4092220261599305300,IND,C00655613,202609199904430712,pulled,
4092220261599305299,IND,C00499392,202609199904430711,pulled,
4092220261599305298,IND,C00800276,202609199904430711,pulled,
4092220261599305297,IND,C00477745,202609199904430711,pulled,
4092220261599305296,IND,,202609199904430710,pulled,
4092220261599305295,IND,C00917112,202609199904430710,pulled,
4092220261599305294,IND,C00795211,202609199904430710,pulled,
4092220261599305293,IND,C00499392,202609199904430709,pulled,
4092220261599305292,IND,C00856005,202609199904430709,pulled,
4092220261599305291,IND,C00314575,202609199904430709,pulled,
4092220261599305290,IND,,202609199904430708,pulled,
4092220261599305289,IND,C00840165,202609199904430708,pulled,
4092220261599305288,IND,C00917112,202609199904430708,pulled,
4092220261599305287,IND,C00801431,202609199904430707,pulled,
4092220261599305286,IND,C00499392,202609199904430707,pulled,
4092220261599305285,IND,C00629659,202609199904430707,pulled,
4092220261599305284,IND,C00629659,202609199904430706,pulled,
4092220261599305283,IND,C00629659,202609199904430706,pulled,
4092220261599305282,IND,C00499392,202609199904430706,pulled,
4092220261599305281,IND,C00793760,202609199904430705,pulled,
4092220261599305280,IND,C00629659,202609199904430705,pulled,
4092220261599305279,IND,C00672295,202609199904430705,pulled,
4092220261599305278,IND,C00499392,202609199904430704,pulled,
4092220261599305277,IND,C00672295,202609199904430704,pulled,
4092220261599305276,IND,C00499392,202609199904430704,pulled,
4092220261599305275,IND,C00793760,202609199904430703,pulled,
4092220261599305274,IND,C00807628,202609199904430703,pulled,
4092220261599305273,IND,C00499392,202609199904430703,pulled,
4092220261599305272,IND,,202609199904430702,pulled,
4092220261599305271,IND,C00807628,202609199904430702,pulled,
4092220261599305270,IND,C00477745,202609199904430702,pulled,
4092220261599305269,IND,C00832436,202609199904430701,pulled,
4092220261599305268,IND,,202609199904430701,pulled,
4092220261599305267,IND,,202609199904430701,pulled,
4092220261599305266,IND,,202609199904430700,pulled,
4092220261599305265,IND,C00499392,202609199904430700,pulled,
4092220261599305264,IND,C00672295,202609199904430700,pulled,
4092220261599305263,IND,C00477745,202609199904430699,pulled,
4092220261599305262,IND,C00917112,202609199904430699,pulled,
4092220261599305261,IND,C00672295,202609199904430699,pulled,
4092220261599305260,IND,C00856005,202609199904430698,pulled,
4092220261599305259,IND,C00786194,202609199904430698,pulled,
4092220261599305258,IND,C00840165,202609199904430698,pulled,
4092220261599305257,IND,C00314575,202609199904430697,pulled,
4092220261599305256,IND,C00893271,202609199904430697,pulled,
4092220261599305255,IND,C00672295,202609199904430697,pulled,
4092220261599305254,IND,C00857417,202609199904430696,pulled,
4092220261599305253,IND,C00807628,202609199904430696,pulled,
4092220261599305252,IND,C00807628,202609199904430696,pulled,
4092220261599305251,IND,C00917112,202609199904430695,pulled,
4092220261599305250,IND,C00629659,202609199904430695,pulled,
4092220261599305249,IND,C00629659,202609199904430695,pulled,
4092220261599305248,IND,,202609199904430694,pulled,
4092220261599305247,IND,C00607416,202609199904430694,pulled,
4092220261599305246,IND,C00499392,202609199904430694,pulled,
4092220261599305245,IND,C00629659,202609199904430693,pulled,
4092220261599305244,IND,C00807628,202609199904430693,pulled,
4092220261599305243,IND,C00629659,202609199904430693,pulled,
4092220261599305242,IND,C00840165,202609199904430692,pulled,
4092220261599305241,IND,,202609199904430692,pulled,
4092220261599305240,IND,C00856005,202609199904430692,pulled,
4092220261599305239,IND,C00893271,202609199904430691,pulled,
4092220261599305238,IND,,202609199904430691,pulled,
4092220261599305237,IND,C00314575,202609199904430691,pulled,
4092220261599305236,IND,,202609199904430690,pulled,
4092220261599305235,IND,C00792341,202609199904430690,pulled,
4092220261599305234,IND,,202609199904430690,pulled,
4092220261599305233,IND,,202609199904430689,pulled,
4092220261599305232,IND,C00570994,202609199904430689,pulled,
4092220261599305231,IND,C00629659,202609199904430689,pulled,
4092220261599305230,IND,C00786194,202609199904430688,pulled,
4092220261599305229,IND,C00859892,202609199904430688,pulled,
4092220261599305228,IND,,202609199904430688,pulled,
4092220261599305227,IND,C00856005,202609199904430687,pulled,
4092220261599305226,IND,C00856005,202609199904430687,pulled,
4092220261599305225,IND,,202609199904430687,pulled,
4092220261599305224,IND,,202609199904430686,pulled,
4092220261599305223,IND,,202609199904430686,pulled,
4092220261599305222,IND,,202609199904430686,pulled,
4092220261599305221,IND,C00717959,202609199904430685,pulled,
4092220261599305220,IND,C00795211,202609199904430685,pulled,
4092220261599305219,IND,C00806018,202609199904430685,pulled,
4092220261599305218,IND,C00856005,202609199904430684,pulled,
4092220261599305217,IND,C00314575,202609199904430684,pulled,
4092220261599305216,IND,C00314575,202609199904430684,pulled,
4092220261599305215,IND,C00857417,202609199904430683,pulled,
4092220261599305214,IND,C00856005,202609199904430683,pulled,
4092220261599305213,IND,C00856005,202609199904430683,pulled,
4092220261599305212,IND,,202609199904430682,pulled,
4092220261599305211,IND,C00806018,202609199904430682,pulled,
4092220261599305210,IND,C00430991,202609199904430682,pulled,
4092220261599305209,IND,,202609199904430681,pulled,
4092220261599305208,IND,C00917112,202609199904430681,pulled,
4092220261599305207,IND,C00895763,202609199904430681,pulled,
4092220261599305206,IND,C00857417,202609199904430680,pulled,
4092220261599305205,IND,C00655613,202609199904430680,pulled,
4092220261599305204,IND,,202609199904430680,pulled,
4092220261599305203,IND,,202609199904430679,pulled,
4092220261599305202,IND,C00629659,202609199904430679,pulled,
4092220261599305201,IND,C00849844,202609199904430679,pulled,
4092220261599305200,IND,C00672295,202609199904430678,pulled,
4092220261599305199,IND,C00856005,202609199904430678,pulled,
4092220261599305198,IND,C00786194,202609199904430678,pulled,
4092220261599305197,IND,C00793760,202609199904430677,pulled,
4092220261599305196,IND,C00430991,202609199904430677,pulled,
4092220261599305195,IND,C00793760,202609199904430677,pulled,
4092220261599305194,IND,C00655613,202609199904430676,pulled,
4092220261599305193,IND,C00922062,202609199904430676,pulled,
4092220261599305192,IND,C00917658,202609199904430676,pulled,
4092220261599305191,IND,C00807628,202609199904430675,pulled,
4092220261599305190,IND,C00655613,202609199904430675,pulled,
4092220261599305189,IND,C00786194,202609199904430675,pulled,
4092220261599305188,IND,C00376087,202609199904430674,pulled,
4092220261599305187,IND,C00786194,202609199904430674,pulled,
4092220261599305186,IND,,202609199904430674,pulled,
4092220261599305185,IND,C00856005,202609199904430673,pulled,
4092220261599305184,IND,C00793760,202609199904430673,pulled,
4092220261599305183,IND,C00672295,202609199904430673,pulled,
4092220261599305182,IND,C00856005,202609199904430672,pulled,
4092220261599305181,IND,,202609199904430672,pulled,
4092220261599305180,IND,,202609199904430672,pulled,
4092220261599305179,IND,C00672295,202609199904430671,pulled,
4092220261599305178,IND,C00869370,202609199904430671,pulled,
4092220261599305177,IND,,202609199904430671,pulled,
4092220261599305176,IND,C00800276,202609199904430670,pulled,
4092220261599305175,IND,,202609199904430670,pulled,
4092220261599305174,IND,C00672295,202609199904430670,pulled,
4092220261599305173,IND,C00806018,202609199904430669,pulled,
4092220261599305172,IND,C00840165,202609199904430669,pulled,
4092220261599305171,IND,C00655613,202609199904430669,pulled,
4092220261599305170,IND,C00672295,202609199904430668,pulled,
4092220261599305169,IND,C00786194,202609199904430668,pulled,
4092220261599305168,IND,C00792341,202609199904430668,pulled,
4092220261599305167,IND,C00806018,202609199904430667,pulled,
4092220261599305166,IND,C00430991,202609199904430667,pulled,
4092220261599305165,IND,C00477745,202609199904430667,pulled,
4092220261599305164,IND,C00629659,202609199904430666,pulled,
4092220261599305163,IND,C00672295,202609199904430666,pulled,
4092220261599305162,IND,C00655613,202609199904430666,pulled,
4092220261599305161,IND,C00800276,202609199904430665,pulled,
4092220261599305160,IND,C00787812,202609199904430665,pulled,
4092220261599305159,IND,C00556506,202609199904430665,pulled,
4092220261599305158,IND,C00430991,202609199904430664,pulled,
4092220261599305157,IND,C00510164,202609199904430664,pulled,
4092220261599305156,IND,C00893271,202609199904430664,pulled,
4092220261599305155,IND,,202609199904430663,pulled,
4092220261599305154,IND,C00570994,202609199904430663,pulled,
4092220261599305153,IND,C00672295,202609199904430663,pulled,
4092220261599305152,IND,,202609199904430662,pulled,
4092220261599305151,IND,C00860213,202609199904430662,pulled,
4092220261599305150,IND,,202609199904430662,pulled,
4092220261599305149,IND,,202609199904430661,pulled,
4092220261599305148,IND,C00832451,202609199904430661,pulled,
4092220261599305147,IND,,202609199904430661,pulled,
4092220261599305146,IND,C00860213,202609199904430660,pulled,
4092220261599305145,IND,C00477745,202609199904430660,pulled,
4092220261599305144,IND,C00314575,202609199904430660,pulled,
4092220261599305143,IND,C00672295,202609199904430659,pulled,
4092220261599305142,IND,,202609199904430659,pulled,
4092220261599305141,IND,,202609199904430659,pulled,
4092220261599305140,IND,C00860213,202609199904430658,pulled,
4092220261599305139,IND,C00800276,202609199904430658,pulled,
4092220261599305138,IND,,202609199904430658,pulled,
4092220261599305137,IND,,202609199904430657,pulled,
4092220261599305136,IND,C00477745,202609199904430657,pulled,
4092220261599305135,IND,C00655613,202609199904430657,pulled,
4092220261599305134,IND,,202609199904430656,pulled,
4092220261599305133,IND,C00860213,202609199904430656,pulled,
4092220261599305132,IND,C00665638,202609199904430656,pulled,
4092220261599305131,IND,,202609199904430655,pulled,
4092220261599305130,IND,C00477745,202609199904430655,pulled,
4092220261599305129,IND,,202609199904430655,pulled,
4092220261599305128,IND,,202609199904430654,pulled,
4092220261599305127,IND,C00477745,202609199904430654,pulled,
4092220261599305126,IND,,202609199904430654,pulled,
4092220261599305125,IND,,202609199904430653,pulled,
4092220261599305124,IND,,202609199904430653,pulled,
4092220261599305123,IND,,202609199904430653,pulled,
4092220261599305122,IND,,202609199904430652,pulled,
4092220261599305121,IND,,202609199904430652,pulled,
4092220261599305120,IND,,202609199904430652,pulled,
4092220261599305119,IND,,202609199904430651,pulled,
4092220261599305118,IND,C00499988,202609199904430651,pulled,
4092220261599305117,IND,C00440362,202609199904430651,pulled,
4092220261599305116,IND,,202609199904430650,pulled,
4092220261599305115,IND,,202609199904430650,pulled,
4092220261599305114,IND,C00795211,202609199904430650,pulled,
4092220261599305113,IND,C00330142,202609199904430649,pulled,
4092220261599305112,IND,,202609199904430649,pulled,
4092220261599305111,IND,,202609199904430649,pulled,
4092220261599305110,IND,,202609199904430648,pulled,
4092220261599305109,IND,,202609199904430648,pulled,
4092220261599305108,IND,C00314575,202609199904430648,pulled,
4092220261599305107,IND,,202609199904430647,pulled,
4092220261599305106,IND,,202609199904430647,pulled,
4092220261599305105,IND,,202609199904430647,pulled,
4092220261599305104,IND,,202609199904430646,pulled,
4092220261599305103,IND,C00376087,202609199904430646,pulled,
4092220261599305102,IND,,202609199904430646,pulled,
4092220261599305101,IND,,202609199904430645,pulled,
4092220261599305100,IND,C00314575,202609199904430645,pulled,
4092220261599305099,IND,,202609199904430645,pulled,
4092220261599305098,IND,,202609199904430644,pulled,
4092220261599305097,IND,C00386748,202609199904430644,pulled,
4092220261599305096,IND,C00859892,202609199904430644,pulled,
4092220261599305095,IND,,202609199904430643,pulled,
4092220261599305094,IND,C00314575,202609199904430643,pulled,
4092220261599305093,IND,,202609199904430643,pulled,
4092220261599305092,IND,,202609199904430642,pulled,
4092220261599305091,IND,C00385773,202609199904430642,pulled,
4092220261599305090,IND,,202609199904430642,pulled,
4092220261599305089,IND,,202609199904430641,pulled,
4092220261599305088,IND,C00807628,202609199904430641,pulled,
4092220261599305087,IND,,202609199904430641,pulled,
4092220261599305086,IND,C00629659,202609199904430640,pulled,
4092220261599305085,IND,C00895763,202609199904430640,pulled,
4092220261599305084,IND,C00556506,202609199904430640,pulled,
4092220261599305083,IND,,202609199904430639,pulled,
4092220261599305082,IND,,202609199904430639,pulled,
4092220261599305081,IND,C00394957,202609199904430639,pulled,
4092220261599305080,IND,C00499988,202609199904430638,pulled,
4092220261599305079,IND,,202609199904430638,pulled,
4092220261599305078,IND,C00629659,202609199904430638,pulled,
4092220261599305077,IND,,202609199904430637,pulled,
4092220261599305076,IND,,202609199904430637,pulled,
4092220261599305075,IND,C00800276,202609199904430637,pulled,
4092220261599305074,IND,C00672295,202609199904430636,pulled,
4092220261599305073,IND,,202609199904430636,pulled,
4092220261599305072,IND,,202609199904430636,pulled,
4092220261599305071,IND,C00503052,202609199904430635,pulled,
4092220261599305070,IND,,202609199904430635,pulled,
4092220261599305069,IND,,202609199904430635,pulled,
4092220261599305068,IND,,202609199904430634,pulled,
4092220261599305067,IND,,202609199904430634,pulled,
4092220261599305066,IND,C00786194,202609199904430634,pulled,
4092220261599305065,IND,C00629659,202609199904430633,pulled,
4092220261599305064,IND,,202609199904430633,pulled,
4092220261599305063,IND,,202609199904430633,pulled,
4092220261599305062,IND,,202609199904430632,pulled,
4092220261599305061,IND,C00800276,202609199904430632,pulled,
4092220261599305060,IND,,202609199904430632,pulled,
4092220261599305059,IND,C00665638,202609199904430631,pulled,
4092220261599305058,IND,,202609199904430631,pulled,
4092220261599305057,IND,,202609199904430631,pulled,
4092220261599305056,IND,C00672295,202609199904430630,pulled,
4092220261599305055,IND,C00314575,202609199904430630,pulled,
4092220261599305054,IND,,202609199904430630,pulled,
4092220261599305053,IND,C00385773,202609199904430629,pulled,
4092220261599305052,IND,C00672295,202609199904430629,pulled,
4092220261599305051,IND,C00718239,202609199904430629,pulled,
4092220261599305050,IND,C00786194,202609199904430628,pulled,
4092220261599305049,IND,C00806018,202609199904430628,pulled,
4092220261599305048,IND,,202609199904430628,pulled,
4092220261599305047,IND,,202609199904430627,pulled,
4092220261599305046,IND,,202609199904430627,pulled,
4092220261599305045,IND,,202609199904430627,pulled,
4092220261599305044,IND,C00786194,202609199904430626,pulled,
4092220261599305043,IND,,202609199904430626,pulled,
4092220261599305042,IND,C00786194,202609199904430626,pulled,
4092220261599305041,IND,,202609199904430625,pulled,
4092220261599305040,IND,,202609199904430625,pulled,
4092220261599305039,IND,C00510164,202609199904430625,pulled,
4092220261599305038,IND,,202609199904430624,pulled,
4092220261599305037,IND,C00314575,202609199904430624,pulled,
4092220261599305036,IND,,202609199904430624,pulled,
4092220261599305035,IND,,202609199904430623,pulled,
4092220261599305034,IND,C00786194,202609199904430623,pulled,
4092220261599305033,IND,,202609199904430623,pulled,
4092220261599305032,IND,C00786194,202609199904430622,pulled,
4092220261599305031,IND,,202609199904430622,pulled,
4092220261599305030,IND,C00919530,202609199904430622,pulled,
4092220261599305029,IND,,202609199904430621,pulled,
4092220261599305028,IND,,202609199904430621,pulled,
4092220261599305027,IND,C00672295,202609199904430621,pulled,
4092220261599305026,IND,,202609199904430620,pulled,
4092220261599305025,IND,,202609199904430620,pulled,
4092220261599305024,IND,,202609199904430620,pulled,
4092220261599305023,IND,,202609199904430619,pulled,
4092220261599305022,IND,C00786194,202609199904430619,pulled,
4092220261599305021,IND,,202609199904430619,pulled,
4092220261599305020,IND,,202609199904430618,pulled,
4092220261599305019,IND,C00786194,202609199904430618,pulled,
4092220261599305018,IND,,202609199904430618,pulled,
4092220261599305017,IND,,202609199904430617,pulled,
4092220261599305016,IND,,202609199904430617,pulled,
4092220261599305015,IND,C00410761,202609199904430617,pulled,
4092220261599305014,IND,C00786194,202609199904430616,pulled,
4092220261599305013,IND,,202609199904430616,pulled,
4092220261599305012,IND,C00672295,202609199904430616,pulled,
4092220261599305011,IND,C00807628,202609199904430615,pulled,
4092220261599305010,IND,C00807628,202609199904430615,pulled,
4092220261599305009,IND,,202609199904430615,pulled,
4092220261599305008,IND,C00672295,202609199904430614,pulled,
4092220261599305007,IND,C00802298,202609199904430614,pulled,
4092220261599305006,IND,C00786194,202609199904430614,pulled,
4092220261599305005,IND,,202609199904430613,pulled,
4092220261599305004,IND,,202609199904430613,pulled,
4092220261599305003,IND,,202609199904430613,pulled,
4092220261599305002,IND,,202609199904430612,pulled,
4092220261599305001,IND,,202609199904430612,pulled,
4092220261599305000,IND,,202609199904430612,pulled,
4092220261599304999,IND,C00793760,202609199904430611,pulled,
4092220261599304998,IND,C00895763,202609199904430611,pulled,
4092220261599304997,IND,,202609199904430611,pulled,
4092220261599304996,IND,,202609199904430610,pulled,
4092220261599304995,IND,C00786194,202609199904430610,pulled,
4092220261599304994,IND,C00592659,202609199904430610,pulled,
4092220261599304993,IND,,202609199904430609,pulled,
4092220261599304992,IND,,202609199904430609,pulled,
4092220261599304991,IND,,202609199904430609,pulled,
4092220261599304990,IND,C00607416,202609199904430608,pulled,
4092220261599304989,IND,C00629659,202609199904430608,pulled,
4092220261599304988,IND,,202609199904430608,pulled,
4092220261599304987,IND,,202609199904430607,pulled,
4092220261599304986,IND,,202609199904430607,pulled,
4092220261599304985,IND,C00672295,202609199904430607,pulled,
4092220261599304984,IND,C00895763,202609199904430606,pulled,
4092220261599304983,IND,,202609199904430606,pulled,
4092220261599304982,IND,,202609199904430606,pulled,
4092220261599304981,IND,C00895763,202609199904430605,pulled,
4092220261599304980,IND,C00786194,202609199904430605,pulled,
4092220261599304979,IND,,202609199904430605,pulled,
4092220261599304978,IND,C00385773,202609199904430604,pulled,
4092220261599307923,CCM,C00495952,202609199904431587,pulled,
4092220261599307922,CCM,C00729954,202609199904431586,pulled,
4092220261599307919,CCM,C00895763,202609199904431585,pulled,
4092220261599307916,CCM,C00895763,202609199904431584,pulled,
4092220261599307913,CCM,C00895763,202609199904431583,pulled,
4092220261599307909,CCM,C00895763,202609199904431582,pulled,
4092220261599307907,CCM,C00895763,202609199904431581,pulled,
4092220261599307904,CCM,C00895763,202609199904431580,pulled,
4092220261599307903,CCM,C00895763,202609199904431580,pulled,
4092220261599307902,CCM,C00895763,202609199904431580,pulled,
4092220261599307895,CCM,C00859892,202609199904431577,pulled,
4092220261599307888,CCM,C00807628,202609199904431575,pulled,
4092220261599307886,CCM,C00807628,202609199904431574,pulled,
4092220261599307879,CCM,C00807628,202609199904431572,pulled,
4092220261599307877,CCM,C00807628,202609199904431571,pulled,
4092220261599307872,CCM,C00798132,202609199904431570,pulled,
4092220261599307871,CCM,C00798132,202609199904431569,pulled,
4092220261599307832,CCM,C00672295,202609199904431556,pulled,
4092220261599307831,CCM,C00672295,202609199904431556,pulled,
4092220261599307828,CCM,C00672295,202609199904431555,pulled,
4092220261599307826,CCM,C00672295,202609199904431554,pulled,
4092220261599307825,CCM,C00672295,202609199904431554,pulled,
4092220261599307824,CCM,C00842336,202609199904431554,pulled,
4092220261599307823,CCM,C00842336,202609199904431553,pulled,
4092220261599307822,CCM,C00842336,202609199904431553,pulled,
4092220261599307821,CCM,C00556506,202609199904431553,pulled,
4092220261599307819,CCM,C00556506,202609199904431552,pulled,
4092220261599307818,CCM,C00556506,202609199904431552,pulled,
4092220261599307817,CCM,C00556506,202609199904431551,pulled,
4092220261599307816,CCM,C00556506,202609199904431551,pulled,
4092220261599307815,CCM,C00556506,202609199904431551,pulled,
4092220261599307813,CCM,C00556506,202609199904431550,pulled,
4092220261599307812,CCM,C00556506,202609199904431550,pulled,
4092220261599307811,CCM,C00556506,202609199904431549,pulled,
4092220261599307810,CCM,C00556506,202609199904431549,pulled,
4092220261599307809,CCM,C00556506,202609199904431549,pulled,
4092220261599307808,CCM,C00556506,202609199904431548,pulled,
4092220261599307807,CCM,C00556506,202609199904431548,pulled,
4092220261599307806,CCM,C00556506,202609199904431548,pulled,
4092220261599307804,CCM,C00556506,202609199904431547,pulled,
4092220261599307803,CCM,C00556506,202609199904431547,pulled,
4092220261599307802,CCM,C00556506,202609199904431546,pulled,
4092220261599307799,CCM,C00556506,202609199904431545,pulled,
4092220261599307797,CCM,C00556506,202609199904431545,pulled,
4092220261599307796,CCM,C00556506,202609199904431544,pulled,
4092220261599307795,CCM,C00556506,202609199904431544,pulled,
4092220261599307794,CCM,C00556506,202609199904431544,pulled,
4092220261599307793,CCM,C00556506,202609199904431543,pulled,
4092220261599307792,CCM,C00556506,202609199904431543,pulled,
4092220261599307791,CCM,C00795211,202609199904431543,pulled,
4092220261599307788,CCM,C00795211,202609199904431542,pulled,
4092220261599307785,CCM,C00795211,202609199904431541,pulled,
4092220261599307782,CCM,C00699744,202609199904431540,pulled,
4092220261599307775,CCM,C00314575,202609199904431537,pulled,
4092220261599307773,CCM,C00314575,202609199904431537,pulled,
4092220261599307771,CCM,C00314575,202609199904431536,pulled,
4092220261599307770,CCM,C00314575,202609199904431536,pulled,
4092220261599307766,CCM,C00832436,202609199904431534,pulled,
4092220261599307760,CCM,C00665638,202609199904431532,pulled,
4092220261599307756,CCM,C00919183,202609199904431531,pulled,
4092220261599307749,CCM,C00717959,202609199904431529,pulled,
4092220261599307744,CCM,C00717959,202609199904431527,pulled,
4092220261599307743,CCM,C00717959,202609199904431527,pulled,
4092220261599307742,CCM,C00717959,202609199904431526,pulled,
4092220261599307741,CCM,C00717959,202609199904431526,pulled,
4092220261599307712,CCM,C00807628,202609199904431516,pulled,
4092220261599307699,CCM,C00807628,202609199904431512,pulled,
4092220261599307696,CCM,C00807628,202609199904431511,pulled,
4092220261599307672,CCM,C00408534,202609199904431503,pulled,
4092220261599307670,CCM,C00801431,202609199904431502,pulled,
4092220261599307664,CCM,C00672295,202609199904431500,pulled,
4092220261599307660,CCM,C00672295,202609199904431499,pulled,
4092220261599307657,CCM,C00672295,202609199904431498,pulled,
4092220261599307655,CCM,C00672295,202609199904431497,pulled,
4092220261599307654,CCM,C00672295,202609199904431497,pulled,
4092220261599307653,CCM,C00672295,202609199904431497,pulled,
4092220261599307651,CCM,C00672295,202609199904431496,pulled,
4092220261599307650,CCM,C00672295,202609199904431496,pulled,
4092220261599307648,CCM,C00672295,202609199904431495,pulled,
4092220261599307647,CCM,C00672295,202609199904431495,pulled,
4092220261599307646,CCM,C00672295,202609199904431494,pulled,
4092220261599307644,CCM,C00672295,202609199904431494,pulled,
4092220261599307643,CCM,C00672295,202609199904431493,pulled,
4092220261599307642,CCM,C00842336,202609199904431493,pulled,
4092220261599307639,CCM,C00655613,202609199904431492,pulled,
4092220261599307638,CCM,C00655613,202609199904431492,pulled,
4092220261599307636,CCM,C00655613,202609199904431491,pulled,
4092220261599307634,CCM,C00655613,202609199904431490,pulled,
4092220261599307630,CCM,C00655613,202609199904431489,pulled,
4092220261599307628,CCM,C00655613,202609199904431488,pulled,
4092220261599307627,CCM,C00655613,202609199904431488,pulled,
4092220261599307621,CCM,C00655613,202609199904431486,pulled,
4092220261599307620,CCM,C00859041,202609199904431486,pulled,
4092220261599307619,CCM,C00859041,202609199904431485,pulled,
4092220261599307618,CCM,C00859041,202609199904431485,pulled,
4092220261599307596,CCM,C00787812,202609199904431478,pulled,
4092220261599307595,CCM,C00787812,202609199904431477,pulled,
4092220261599307591,CCM,C00787812,202609199904431476,pulled,
4092220261599307588,CCM,C00787812,202609199904431475,pulled,
4092220261599307587,CCM,C00787812,202609199904431475,pulled,
4092220261599307581,CCM,C00787812,202609199904431473,pulled,
4092220261599307575,CCM,C00787812,202609199904431471,pulled,
4092220261599307570,CCM,C00314575,202609199904431469,pulled,
4092220261599307563,CCM,C00330142,202609199904431467,pulled,
4092220261599307555,CCM,C00806174,202609199904431464,pulled,
4092220261599307552,CCM,C00430991,202609199904431463,pulled,
4092220261599307551,CCM,C00430991,202609199904431463,pulled,
4092220261599307550,CCM,C00430991,202609199904431462,pulled,
4092220261599307549,CCM,C00430991,202609199904431462,pulled,
4092220261599307548,CCM,C00430991,202609199904431462,pulled,
4092220261599307547,CCM,C00430991,202609199904431461,pulled,
4092220261599307546,CCM,C00430991,202609199904431461,pulled,
4092220261599307545,CCM,C00430991,202609199904431461,pulled,
4092220261599307543,CCM,C00430991,202609199904431460,pulled,
4092220261599307542,CCM,C00430991,202609199904431460,pulled,
4092220261599307540,CCM,C00430991,202609199904431459,pulled,
4092220261599307539,CCM,C00430991,202609199904431459,pulled,
4092220261599307538,CCM,C00430991,202609199904431458,pulled,
4092220261599307537,CCM,C00430991,202609199904431458,pulled,
4092220261599307536,CCM,C00430991,202609199904431458,pulled,
4092220261599307535,CCM,C00430991,202609199904431457,pulled,
4092220261599307534,CCM,C00430991,202609199904431457,pulled,
4092220261599307533,CCM,C00430991,202609199904431457,pulled,
4092220261599307532,CCM,C00430991,202609199904431456,pulled,
4092220261599307531,CCM,C00430991,202609199904431456,pulled,
4092220261599307530,CCM,C00430991,202609199904431456,pulled,
4092220261599307510,CCM,C00793760,202609199904431449,pulled,
4092220261599307498,CCM,C00800276,202609199904431445,pulled,
4092220261599307497,CCM,C00800276,202609199904431445,pulled,
4092220261599307496,CCM,C00800276,202609199904431444,pulled,
4092220261599307486,CCM,C00815415,202609199904431441,pulled,
4092220261599307482,CCM,C00716720,202609199904431440,pulled,
4092220261599307481,CCM,C00672295,202609199904431439,pulled,
4092220261599307480,CCM,C00672295,202609199904431439,pulled,
4092220261599307477,CCM,C00672295,202609199904431438,pulled,
4092220261599307474,CCM,C00672295,202609199904431437,pulled,
4092220261599307472,CCM,C00672295,202609199904431436,pulled,
4092220261599307471,CCM,C00672295,202609199904431436,pulled,
4092220261599307469,CCM,C00672295,202609199904431435,pulled,
4092220261599307464,CCM,C00672295,202609199904431434,pulled,
4092220261599307461,CCM,C00655613,202609199904431433,pulled,
4092220261599307460,CCM,C00655613,202609199904431432,pulled,
4092220261599307459,CCM,C00655613,202609199904431432,pulled,
4092220261599307458,CCM,C00655613,202609199904431432,pulled,
4092220261599307402,CCM,C00787812,202609199904431413,pulled,
4092220261599307398,CCM,C00787812,202609199904431412,pulled,
4092220261599307389,CCM,C00787812,202609199904431409,pulled,
4092220261599307385,CCM,C00314575,202609199904431407,pulled,
4092220261599307384,CCM,C00314575,202609199904431407,pulled,
4092220261599307381,CCM,C00314575,202609199904431406,pulled,
4092220261599307380,CCM,C00314575,202609199904431406,pulled,
4092220261599307378,CCM,C00314575,202609199904431405,pulled,
4092220261599307364,CCM,C00806174,202609199904431400,pulled,
4092220261599307363,CCM,C00430991,202609199904431400,pulled,
4092220261599307362,CCM,C00430991,202609199904431400,pulled,
4092220261599307361,CCM,C00430991,202609199904431399,pulled,
4092220261599307360,CCM,C00430991,202609199904431399,pulled,
4092220261599307359,CCM,C00430991,202609199904431399,pulled,
4092220261599307358,CCM,C00430991,202609199904431398,pulled,
4092220261599307357,CCM,C00430991,202609199904431398,pulled,
4092220261599307356,CCM,C00430991,202609199904431398,pulled,
4092220261599307355,CCM,C00430991,202609199904431397,pulled,
4092220261599307354,CCM,C00430991,202609199904431397,pulled,
4092220261599307352,CCM,C00430991,202609199904431396,pulled,
4092220261599307351,CCM,C00430991,202609199904431396,pulled,
4092220261599307350,CCM,C00694778,202609199904431396,pulled,
4092220261599307349,CCM,C00694778,202609199904431395,pulled,
4092220261599307346,CCM,C00694778,202609199904431394,pulled,
4092220261599307344,CCM,C00694778,202609199904431394,pulled,
4092220261599307343,CCM,C00694778,202609199904431393,pulled,
4092220261599307335,CCM,C00257337,202609199904431391,pulled,
4092220261599307334,CCM,C00257337,202609199904431390,pulled,
4092220261599307331,CCM,C00257337,202609199904431389,pulled,
4092220261599307324,CCM,C00800276,202609199904431387,pulled,
4092220261599307315,CCM,C00798132,202609199904431384,pulled,
4092220261599307314,CCM,C00516666,202609199904431384,pulled,
4092220261599307313,CCM,C00846501,202609199904431383,pulled,
4092220261599307312,CCM,C00846501,202609199904431383,pulled,
4092220261599307309,CCM,C00806018,202609199904431382,pulled,
4092220261599307308,CCM,C00806018,202609199904431382,pulled,
4092220261599307305,CCM,C00842336,202609199904431381,pulled,
4092220261599307304,CCM,C00842336,202609199904431380,pulled,
4092220261599307303,CCM,C00842336,202609199904431380,pulled,
4092220261599307302,CCM,C00842336,202609199904431380,pulled,
4092220261599307301,CCM,C00842336,202609199904431379,pulled,
4092220261599307291,CCM,C00504522,202609199904431376,pulled,
4092220261599307290,CCM,C00504522,202609199904431376,pulled,
4092220261599307289,CCM,C00504522,202609199904431375,pulled,
4092220261599307287,CCM,C00504522,202609199904431375,pulled,
4092220261599307286,CCM,C00504522,202609199904431374,pulled,
4092220261599307285,CCM,C00504522,202609199904431374,pulled,
4092220261599307283,CCM,C00504522,202609199904431373,pulled,
4092220261599307282,CCM,C00504522,202609199904431373,pulled,
4092220261599307280,CCM,C00504522,202609199904431372,pulled,
4092220261599307279,CCM,C00504522,202609199904431372,pulled,
4092220261599307278,CCM,C00504522,202609199904431372,pulled,
4092220261599307276,CCM,C00504522,202609199904431371,pulled,
4092220261599307275,CCM,C00504522,202609199904431371,pulled,
4092220261599307274,CCM,C00504522,202609199904431370,pulled,
4092220261599307270,CCM,C00440362,202609199904431369,pulled,
4092220261599307269,CCM,C00440362,202609199904431369,pulled,
4092220261599307263,CCM,C00440362,202609199904431367,pulled,
4092220261599307259,CCM,C00440362,202609199904431365,pulled,
4092220261599307254,CCM,C00314575,202609199904431364,pulled,
4092220261599307248,CCM,C00314575,202609199904431362,pulled,
4092220261599307247,CCM,C00314575,202609199904431361,pulled,
4092220261599307239,CCM,C00314575,202609199904431359,pulled,
4092220261599307235,CCM,C00703058,202609199904431357,pulled,
4092220261599307213,CCM,C00376087,202609199904431350,pulled,
4092220261599307211,CCM,C00376087,202609199904431349,pulled,
4092220261599307207,CCM,C00800276,202609199904431348,pulled,
4092220261599307205,CCM,C00800276,202609199904431347,pulled,
4092220261599307203,CCM,C00800276,202609199904431347,pulled,
4092220261599307202,CCM,C00800276,202609199904431346,pulled,
4092220261599307200,CCM,C00475392,202609199904431346,pulled,
4092220261599307198,CCM,C00815415,202609199904431345,pulled,
4092220261599307197,CCM,C00815415,202609199904431345,pulled,
4092220261599307194,CCM,C00815415,202609199904431344,pulled,
4092220261599307192,CCM,C00815415,202609199904431343,pulled,
4092220261599307183,CCM,C00806018,202609199904431340,pulled,
4092220261599307181,CCM,C00806018,202609199904431339,pulled,
4092220261599307179,CCM,C00657833,202609199904431339,pulled,
4092220261599307164,CCM,C00842336,202609199904431334,pulled,
4092220261599307163,CCM,C00842336,202609199904431333,pulled,
4092220261599307162,CCM,C00842336,202609199904431333,pulled,
4092220261599307161,CCM,C00842336,202609199904431333,pulled,
4092220261599307160,CCM,C00842336,202609199904431332,pulled,
4092220261599307159,CCM,C00842336,202609199904431332,pulled,
4092220261599307153,CCM,C00857359,202609199904431330,pulled,
4092220261599307141,CCM,C00440362,202609199904431326,pulled,
4092220261599307140,CCM,C00314575,202609199904431326,pulled,
4092220261599307138,CCM,C00314575,202609199904431325,pulled,
4092220261599307134,CCM,C00314575,202609199904431324,pulled,
4092220261599307129,CCM,C00314575,202609199904431322,pulled,
4092220261599307125,CCM,C00314575,202609199904431321,pulled,
4092220261599307122,CCM,C00592659,202609199904431320,pulled,
4092220261599307120,CCM,C00592659,202609199904431319,pulled,
4092220261599307107,CCM,C00896019,202609199904431315,pulled,
4092220261599307096,CCM,C00896019,202609199904431311,pulled,
4092220261599307095,CCM,C00896019,202609199904431311,pulled,
4092220261599307090,CCM,C00376087,202609199904431309,pulled,
4092220261599307087,CCM,C00376087,202609199904431308,pulled,
4092220261599307086,CCM,C00376087,202609199904431308,pulled,
4092220261599307084,CCM,C00376087,202609199904431307,pulled,
4092220261599307083,CCM,C00376087,202609199904431307,pulled,
4092220261599307078,CCM,C00376087,202609199904431305,pulled,
4092220261599307076,CCM,C00376087,202609199904431304,pulled,
4092220261599307074,CCM,C00895763,202609199904431304,pulled,
4092220261599307073,CCM,C00895763,202609199904431303,pulled,
4092220261599307065,CCM,C00895763,202609199904431301,pulled,
4092220261599307063,CCM,C00798132,202609199904431300,pulled,
4092220261599307062,CCM,C00798132,202609199904431300,pulled,
4092220261599307061,CCM,C00798132,202609199904431299,pulled,
4092220261599307060,CCM,C00798132,202609199904431299,pulled,
4092220261599307059,CCM,C00798132,202609199904431299,pulled,
4092220261599307048,CCM,C00459297,202609199904431295,pulled,
4092220261599307047,CCM,C00459297,202609199904431295,pulled,
4092220261599307046,CCM,C00459297,202609199904431294,pulled,
4092220261599307045,CCM,C00459297,202609199904431294,pulled,
4092220261599307044,CCM,C00459297,202609199904431294,pulled,
4092220261599307043,CCM,C00459297,202609199904431293,pulled,
4092220261599307028,CCM,C00893271,202609199904431288,pulled,
4092220261599307016,CCM,C00893271,202609199904431284,pulled,
4092220261599306992,CCM,C00842336,202609199904431276,pulled,
4092220261599306991,CCM,C00750307,202609199904431276,pulled,
4092220261599306990,CCM,C00795211,202609199904431276,pulled,
4092220261599306989,CCM,C00795211,202609199904431275,pulled,
4092220261599306986,CCM,C00795211,202609199904431274,pulled,
4092220261599306983,CCM,C00795211,202609199904431273,pulled,
4092220261599306980,CCM,C00795211,202609199904431272,pulled,
4092220261599306975,CCM,C00385773,202609199904431271,pulled,
4092220261599306973,CCM,C00394957,202609199904431270,pulled,
4092220261599306970,CCM,C00793935,202609199904431269,pulled,
4092220261599306969,CCM,C00793935,202609199904431269,pulled,
4092220261599306966,CCM,C00314575,202609199904431268,pulled,
4092220261599306959,CCM,C00314575,202609199904431265,pulled,
4092220261599306956,CCM,C00314575,202609199904431264,pulled,
4092220261599306955,CCM,C00314575,202609199904431264,pulled,
4092220261599306942,CCM,C00652628,202609199904431260,pulled,
4092220261599306941,CCM,C00652628,202609199904431259,pulled,
4092220261599306934,CCM,C00896019,202609199904431257,pulled,
4092220261599306914,CCM,C00800276,202609199904431250,pulled,
4092220261599306912,CCM,C00800276,202609199904431250,pulled,
4092220261599306910,CCM,C00800276,202609199904431249,pulled,
4092220261599306909,CCM,C00410761,202609199904431249,pulled,
4092220261599306906,CCM,C00410761,202609199904431248,pulled,
4092220261599306902,CCM,C00895763,202609199904431246,pulled,
4092220261599306900,CCM,C00895763,202609199904431246,pulled,
4092220261599306899,CCM,C00895763,202609199904431245,pulled,
4092220261599306898,CCM,C00895763,202609199904431245,pulled,
4092220261599306892,CCM,C00895763,202609199904431243,pulled,
4092220261599306891,CCM,C00895763,202609199904431243,pulled,
4092220261599306890,CCM,C00895763,202609199904431242,pulled,
4092220261599306887,CCM,C00895763,202609199904431241,pulled,
4092220261599306886,CCM,C00895763,202609199904431241,pulled,
4092220261599306879,CCM,C00895763,202609199904431239,pulled,
4092220261599306878,CCM,C00895763,202609199904431238,pulled,
4092220261599306875,CCM,C00895763,202609199904431237,pulled,
4092220261599306863,CCM,C00807628,202609199904431233,pulled,
4092220261599306857,CCM,C00807628,202609199904431231,pulled,
4092220261599306853,CCM,C00798132,202609199904431230,pulled,
4092220261599306851,CCM,C00798132,202609199904431229,pulled,
4092220261599306847,CCM,C00786194,202609199904431228,pulled,
4092220261599306842,CCM,C00786194,202609199904431226,pulled,
4092220261599306841,CCM,C00786194,202609199904431226,pulled,
4092220261599306833,CCM,C00786194,202609199904431223,pulled,
4092220261599306825,CCM,C00786194,202609199904431221,pulled,
4092220261599306823,CCM,C00672295,202609199904431220,pulled,
4092220261599306822,CCM,C00672295,202609199904431220,pulled,
4092220261599306821,CCM,C00672295,202609199904431219,pulled,
4092220261599306819,CCM,C00672295,202609199904431219,pulled,
4092220261599306817,CCM,C00672295,202609199904431218,pulled,
4092220261599306816,CCM,C00672295,202609199904431218,pulled,
4092220261599306814,CCM,C00672295,202609199904431217,pulled,
4092220261599306813,CCM,C00672295,202609199904431217,pulled,
4092220261599306811,CCM,C00672295,202609199904431216,pulled,
4092220261599306808,CCM,C00672295,202609199904431215,pulled,
4092220261599306806,CCM,C00672295,202609199904431214,pulled,
4092220261599306805,CCM,C00672295,202609199904431214,pulled,
4092220261599306802,CCM,C00672295,202609199904431213,pulled,
4092220261599306798,CCM,C00672295,202609199904431212,pulled,
4092220261599306797,CCM,C00672295,202609199904431211,pulled,
4092220261599306795,CCM,C00672295,202609199904431211,pulled,
4092220261599306793,CCM,C00556506,202609199904431210,pulled,
4092220261599306790,CCM,C00556506,202609199904431209,pulled,
4092220261599306789,CCM,C00556506,202609199904431209,pulled,
4092220261599306788,CCM,C00556506,202609199904431208,pulled,
4092220261599306784,CCM,C00556506,202609199904431207,pulled,
4092220261599306780,CCM,C00795211,202609199904431206,pulled,
4092220261599306778,CCM,C00795211,202609199904431205,pulled,
4092220261599306755,CCM,C00394957,202609199904431197,pulled,
4092220261599306740,CCM,C00314575,202609199904431192,pulled,
4092220261599306736,CCM,C00314575,202609199904431191,pulled,
4092220261599306735,CCM,C00314575,202609199904431191,pulled,
4092220261599306733,CCM,C00314575,202609199904431190,pulled,
4092220261599306730,CCM,C00371302,202609199904431189,pulled,
4092220261599306726,CCM,C00371302,202609199904431188,pulled,
4092220261599306723,CCM,C00371302,202609199904431187,pulled,
4092220261599306702,CCM,C00430991,202609199904431180,pulled,
4092220261599306701,CCM,C00430991,202609199904431179,pulled,
4092220261599306700,CCM,C00430991,202609199904431179,pulled,
4092220261599306699,CCM,C00430991,202609199904431179,pulled,
4092220261599306698,CCM,C00430991,202609199904431178,pulled,
4092220261599306697,CCM,C00430991,202609199904431178,pulled,
4092220261599306696,CCM,C00430991,202609199904431178,pulled,
4092220261599306695,CCM,C00430991,202609199904431177,pulled,
4092220261599306693,CCM,C00430991,202609199904431177,pulled,
4092220261599306691,CCM,C00430991,202609199904431176,pulled,
4092220261599306688,CCM,C00430991,202609199904431175,pulled,
4092220261599306662,CCM,C00800276,202609199904431166,pulled,
4092220261599306661,CCM,C00800276,202609199904431166,pulled,
4092220261599306660,CCM,C00800276,202609199904431166,pulled,
4092220261599306658,CCM,C00510461,202609199904431165,pulled,
4092220261599306656,CCM,C00895763,202609199904431164,pulled,
4092220261599306655,CCM,C00895763,202609199904431164,pulled,
4092220261599306614,CCM,C00807628,202609199904431150,pulled,
4092220261599306613,CCM,C00807628,202609199904431150,pulled,
4092220261599306609,CCM,C00807628,202609199904431149,pulled,
4092220261599306608,CCM,C00807628,202609199904431148,pulled,
4092220261599306606,CCM,C00807628,202609199904431148,pulled,
4092220261599306602,CCM,C00807628,202609199904431146,pulled,
4092220261599306594,CCM,C00798132,202609199904431144,pulled,
4092220261599306593,CCM,C00798132,202609199904431143,pulled,
4092220261599306592,CCM,C00822767,202609199904431143,pulled,
4092220261599306564,CCM,C00786194,202609199904431134,pulled,
4092220261599306563,CCM,C00786194,202609199904431133,pulled,
4092220261599306558,CCM,C00786194,202609199904431132,pulled,
4092220261599306553,CCM,C00786194,202609199904431130,pulled,
4092220261599306548,CCM,C00842336,202609199904431128,pulled,
4092220261599306537,CCM,C00655613,202609199904431125,pulled,
4092220261599306536,CCM,C00655613,202609199904431124,pulled,
4092220261599306531,CCM,C00655613,202609199904431123,pulled,
4092220261599306529,CCM,C00655613,202609199904431122,pulled,
4092220261599306528,CCM,C00655613,202609199904431122,pulled,
4092220261599306525,CCM,C00385773,202609199904431121,pulled,
4092220261599306517,CCM,C00859041,202609199904431118,pulled,
4092220261599306516,CCM,C00859041,202609199904431118,pulled,
4092220261599306515,CCM,C00859041,202609199904431117,pulled,
4092220261599306509,CCM,C00314575,202609199904431115,pulled,
4092220261599306495,CCM,C00430991,202609199904431111,pulled,
4092220261599306494,CCM,C00430991,202609199904431110,pulled,
4092220261599306493,CCM,C00430991,202609199904431110,pulled,
4092220261599306492,CCM,C00430991,202609199904431110,pulled,
4092220261599306491,CCM,C00430991,202609199904431109,pulled,
4092220261599306490,CCM,C00430991,202609199904431109,pulled,
4092220261599306489,CCM,C00430991,202609199904431109,pulled,
4092220261599306487,CCM,C00430991,202609199904431108,pulled,
4092220261599306486,CCM,C00430991,202609199904431108,pulled,
4092220261599306485,CCM,C00430991,202609199904431107,pulled,
4092220261599306484,CCM,C00430991,202609199904431107,pulled,
4092220261599306483,CCM,C00430991,202609199904431107,pulled,
4092220261599306482,CCM,C00430991,202609199904431106,pulled,
4092220261599306481,CCM,C00430991,202609199904431106,pulled,
4092220261599306480,CCM,C00430991,202609199904431106,pulled,
4092220261599306477,CCM,C00430991,202609199904431105,pulled,
4092220261599306476,CCM,C00430991,202609199904431104,pulled,
4092220261599304977,IND,,202609199904430604,pulled,
4092220261599304976,IND,C00367862,202609199904430604,pulled,
4092220261599304975,IND,,202609199904430603,pulled,
4092220261599304974,IND,C00786194,202609199904430603,pulled,
4092220261599304973,IND,,202609199904430603,pulled,
4092220261599304972,IND,C00570994,202609199904430602,pulled,
4092220261599304971,IND,C00895763,202609199904430602,pulled,
4092220261599304970,IND,,202609199904430602,pulled,
4092220261599304969,IND,C00895763,202609199904430601,pulled,
4092220261599304968,IND,,202609199904430601,pulled,
4092220261599304967,IND,C00795211,202609199904430601,pulled,
4092220261599304966,IND,,202609199904430600,pulled,
4092220261599304965,IND,,202609199904430600,pulled,
4092220261599304964,IND,,202609199904430600,pulled,
4092220261599304963,IND,,202609199904430599,pulled,
4092220261599304962,IND,C00655613,202609199904430599,pulled,
4092220261599304961,IND,,202609199904430599,pulled,
4092220261599304960,IND,,202609199904430598,pulled,
4092220261599304959,IND,,202609199904430598,pulled,
4092220261599304958,IND,,202609199904430598,pulled,
4092220261599304957,IND,,202609199904430597,pulled,
4092220261599304956,IND,,202609199904430597,pulled,
4092220261599304955,IND,,202609199904430597,pulled,
4092220261599304954,IND,,202609199904430596,pulled,
4092220261599304953,IND,C00607200,202609199904430596,pulled,
4092220261599304952,IND,,202609199904430596,pulled,
4092220261599304951,IND,C00786194,202609199904430595,pulled,
4092220261599304950,IND,C00655613,202609199904430595,pulled,
4092220261599304949,IND,,202609199904430595,pulled,
4092220261599304948,IND,,202609199904430594,pulled,
4092220261599304947,IND,,202609199904430594,pulled,
4092220261599304946,IND,,202609199904430594,pulled,
4092220261599304945,IND,,202609199904430593,pulled,
4092220261599304944,IND,,202609199904430593,pulled,
4092220261599304943,IND,C00430991,202609199904430593,pulled,
4092220261599304942,IND,,202609199904430592,pulled,
4092220261599304941,IND,,202609199904430592,pulled,
4092220261599304940,IND,,202609199904430592,pulled,
4092220261599304939,IND,C00895763,202609199904430591,pulled,
4092220261599304938,IND,,202609199904430591,pulled,
4092220261599304937,IND,,202609199904430591,pulled,
4092220261599304936,IND,,202609199904430590,pulled,
4092220261599304935,IND,,202609199904430590,pulled,
4092220261599304934,IND,,202609199904430590,pulled,
4092220261599304933,IND,,202609199904430589,pulled,
4092220261599304932,IND,,202609199904430589,pulled,
4092220261599304931,IND,,202609199904430589,pulled,
4092220261599304930,IND,C00787812,202609199904430588,pulled,
4092220261599304929,IND,C00786194,202609199904430588,pulled,
4092220261599304928,IND,,202609199904430588,pulled,
4092220261599304927,IND,,202609199904430587,pulled,
4092220261599304926,IND,C00793760,202609199904430587,pulled,
4092220261599304925,IND,C00857417,202609199904430587,pulled,
4092220261599304924,IND,,202609199904430586,pulled,
4092220261599304923,IND,,202609199904430586,pulled,
4092220261599304922,IND,,202609199904430586,pulled,
4092220261599304921,IND,,202609199904430585,pulled,
4092220261599304920,IND,,202609199904430585,pulled,
4092220261599304919,IND,,202609199904430585,pulled,
4092220261599304918,IND,C00800276,202609199904430584,pulled,
4092220261599304917,IND,C00665638,202609199904430584,pulled,
4092220261599304916,IND,,202609199904430584,pulled,
4092220261599304915,IND,,202609199904430583,pulled,
4092220261599304914,IND,,202609199904430583,pulled,
4092220261599304913,IND,,202609199904430583,pulled,
4092220261599304912,IND,,202609199904430582,pulled,
4092220261599304911,IND,,202609199904430582,pulled,
4092220261599304910,IND,,202609199904430582,pulled,
4092220261599304909,IND,,202609199904430581,pulled,
4092220261599304908,IND,,202609199904430581,pulled,
4092220261599304907,IND,,202609199904430581,pulled,
4092220261599304906,IND,,202609199904430580,pulled,
4092220261599304905,IND,,202609199904430580,pulled,
4092220261599304904,IND,,202609199904430580,pulled,
4092220261599304903,IND,,202609199904430579,pulled,
4092220261599304902,IND,,202609199904430579,pulled,
4092220261599304901,IND,,202609199904430579,pulled,
4092220261599304900,IND,,202609199904430578,pulled,
4092220261599304899,IND,,202609199904430578,pulled,
4092220261599304898,IND,,202609199904430578,pulled,
4092220261599304897,IND,,202609199904430577,pulled,
4092220261599304896,IND,,202609199904430577,pulled,
4092220261599304895,IND,,202609199904430577,pulled,
4092220261599304894,IND,,202609199904430576,pulled,
4092220261599304893,IND,,202609199904430576,pulled,
4092220261599304892,IND,,202609199904430576,pulled,
4092220261599304891,IND,,202609199904430575,pulled,
4092220261599304890,IND,C00787812,202609199904430575,pulled,
4092220261599304889,IND,,202609199904430575,pulled,
4092220261599304888,IND,C00795211,202609199904430574,pulled,
4092220261599304887,IND,,202609199904430574,pulled,
4092220261599304886,IND,C00793760,202609199904430574,pulled,
4092220261599304885,IND,,202609199904430573,pulled,
4092220261599304884,IND,C00672295,202609199904430573,pulled,
4092220261599304883,IND,C00665638,202609199904430573,pulled,
4092220261599304882,IND,,202609199904430572,pulled,
4092220261599304881,IND,,202609199904430572,pulled,
4092220261599304880,IND,,202609199904430572,pulled,
4092220261599304879,IND,,202609199904430571,pulled,
4092220261599304878,IND,C00786194,202609199904430571,pulled,
4092220261599304877,IND,C00786194,202609199904430571,pulled,
4092220261599304876,IND,C00807628,202609199904430570,pulled,
4092220261599304875,IND,,202609199904430570,pulled,
4092220261599304874,IND,,202609199904430570,pulled,
4092220261599304873,IND,,202609199904430569,pulled,
4092220261599304872,IND,C00793760,202609199904430569,pulled,
4092220261599304871,IND,,202609199904430569,pulled,
4092220261599304870,IND,C00672295,202609199904430568,pulled,
4092220261599304869,IND,,202609199904430568,pulled,
4092220261599304868,IND,,202609199904430568,pulled,
4092220261599304867,IND,C00807628,202609199904430567,pulled,
4092220261599304866,IND,C00795211,202609199904430567,pulled,
4092220261599304865,IND,C00807628,202609199904430567,pulled,
4092220261599304864,IND,C00795211,202609199904430566,pulled,
4092220261599304863,IND,C00786194,202609199904430566,pulled,
4092220261599304862,IND,,202609199904430566,pulled,
4092220261599304861,IND,C00795211,202609199904430565,pulled,
4092220261599304860,IND,,202609199904430565,pulled,
4092220261599304859,IND,C00592154,202609199904430565,pulled,
4092220261599304858,IND,C00793760,202609199904430564,pulled,
4092220261599304857,IND,C00314575,202609199904430564,pulled,
4092220261599304856,IND,C00385773,202609199904430564,pulled,
4092220261599304855,IND,C00672295,202609199904430563,pulled,
4092220261599304854,IND,C00655613,202609199904430563,pulled,
4092220261599304853,IND,,202609199904430563,pulled,
4092220261599304852,IND,C00717959,202609199904430562,pulled,
4092220261599304851,IND,C00556506,202609199904430562,pulled,
4092220261599304850,IND,,202609199904430562,pulled,
4092220261599304849,IND,,202609199904430561,pulled,
4092220261599304848,IND,C00801274,202609199904430561,pulled,
4092220261599304847,IND,C00717959,202609199904430561,pulled,
4092220261599304846,IND,C00257337,202609199904430560,pulled,
4092220261599304845,IND,C00795211,202609199904430560,pulled,
4092220261599304844,IND,C00786194,202609199904430560,pulled,
4092220261599304843,IND,C00795211,202609199904430559,pulled,
4092220261599304842,IND,C00857417,202609199904430559,pulled,
4092220261599304841,IND,,202609199904430559,pulled,
4092220261599304840,IND,,202609199904430558,pulled,
4092220261599304839,IND,C00795211,202609199904430558,pulled,
4092220261599304838,IND,,202609199904430558,pulled,
4092220261599304837,IND,C00893271,202609199904430557,pulled,
4092220261599304836,IND,C00786194,202609199904430557,pulled,
4092220261599304835,IND,C00592154,202609199904430557,pulled,
4092220261599304834,IND,C00806018,202609199904430556,pulled,
4092220261599304833,IND,,202609199904430556,pulled,
4092220261599304832,IND,C00717959,202609199904430556,pulled,
4092220261599304831,IND,C00786194,202609199904430555,pulled,
4092220261599304830,IND,C00629659,202609199904430555,pulled,
4092220261599304829,IND,C00795211,202609199904430555,pulled,
4092220261599304828,IND,,202609199904430554,pulled,
4092220261599304827,IND,C00672295,202609199904430554,pulled,
4092220261599304826,IND,C00665638,202609199904430554,pulled,
4092220261599304825,IND,C00257337,202609199904430553,pulled,
4092220261599304824,IND,,202609199904430553,pulled,
4092220261599304823,IND,C00629659,202609199904430553,pulled,
4092220261599304822,IND,C00314575,202609199904430552,pulled,
4092220261599304821,IND,C00629659,202609199904430552,pulled,
4092220261599304820,IND,C00800276,202609199904430552,pulled,
4092220261599304819,IND,C00655613,202609199904430551,pulled,
4092220261599304818,IND,C00800276,202609199904430551,pulled,
4092220261599304817,IND,C00652628,202609199904430551,pulled,
4092220261599304816,IND,C00556506,202609199904430550,pulled,
4092220261599304815,IND,C00314575,202609199904430550,pulled,
4092220261599304814,IND,,202609199904430550,pulled,
4092220261599304813,IND,C00430991,202609199904430549,pulled,
4092220261599304812,IND,C00629659,202609199904430549,pulled,
4092220261599304811,IND,C00857417,202609199904430549,pulled,
4092220261599304810,IND,C00807628,202609199904430548,pulled,
4092220261599304809,IND,C00629659,202609199904430548,pulled,
4092220261599304808,IND,C00795211,202609199904430548,pulled,
4092220261599304807,IND,C00717959,202609199904430547,pulled,
4092220261599304806,IND,C00807628,202609199904430547,pulled,
4092220261599304805,IND,C00672295,202609199904430547,pulled,
4092220261599304804,IND,C00430991,202609199904430546,pulled,
4092220261599304803,IND,,202609199904430546,pulled,
4092220261599304802,IND,C00786194,202609199904430546,pulled,
4092220261599304801,IND,,202609199904430545,pulled,
4092220261599304800,IND,C00440362,202609199904430545,pulled,
4092220261599304799,IND,C00394957,202609199904430545,pulled,
4092220261599304798,IND,C00607416,202609199904430544,pulled,
4092220261599304797,IND,C00786194,202609199904430544,pulled,
4092220261599304796,IND,C00556506,202609199904430544,pulled,
4092220261599304795,IND,C00607416,202609199904430543,pulled,
4092220261599304794,IND,C00607416,202609199904430543,pulled,
4092220261599304793,IND,C00629659,202609199904430543,pulled,
4092220261599304792,IND,C00257337,202609199904430542,pulled,
4092220261599304791,IND,C00672295,202609199904430542,pulled,
4092220261599304790,IND,C00798132,202609199904430542,pulled,
4092220261599304789,IND,C00629659,202609199904430541,pulled,
4092220261599304788,IND,,202609199904430541,pulled,
4092220261599304787,IND,C00556506,202609199904430541,pulled,
4092220261599304786,IND,C00793935,202609199904430540,pulled,
4092220261599304785,IND,,202609199904430540,pulled,
4092220261599304784,IND,C00672295,202609199904430540,pulled,
4092220261599304783,IND,C00800276,202609199904430539,pulled,
4092220261599304782,IND,C00786194,202609199904430539,pulled,
4092220261599304781,IND,C00430991,202609199904430539,pulled,
4092220261599304780,IND,C00607416,202609199904430538,pulled,
4092220261599304779,IND,C00314575,202609199904430538,pulled,
4092220261599304778,IND,C00607416,202609199904430538,pulled,
4092220261599304777,IND,C00857417,202609199904430537,pulled,
4092220261599304776,IND,C00857417,202609199904430537,pulled,
4092220261599304775,IND,C00629659,202609199904430537,pulled,
4092220261599304774,IND,C00629659,202609199904430536,pulled,
4092220261599304773,IND,C00576173,202609199904430536,pulled,
4092220261599304772,IND,C00857417,202609199904430536,pulled,
4092220261599304771,IND,C00786194,202609199904430535,pulled,
4092220261599304770,IND,C00786194,202609199904430535,pulled,
4092220261599304769,IND,C00576173,202609199904430535,pulled,
4092220261599304768,IND,C00717959,202609199904430534,pulled,
4092220261599304767,IND,C00314575,202609199904430534,pulled,
4092220261599304766,IND,C00314575,202609199904430534,pulled,
4092220261599304765,IND,C90020249,202609199904430533,pulled,
4092220261599304764,IND,C90020249,202609199904430533,pulled,
4092220261599304763,IND,C00386748,202609199904430533,pulled,
4092220261599304762,IND,C00815415,202609199904430532,pulled,
4092220261599304761,IND,C00770818,202609199904430532,pulled,
4092220261599304760,IND,C00857417,202609199904430532,pulled,
4092220261599304759,IND,C00800276,202609199904430531,pulled,
4092220261599304758,IND,C00607416,202609199904430531,pulled,
4092220261599304757,IND,C00800276,202609199904430531,pulled,
4092220261599304756,IND,C00416594,202609199904430530,pulled,
4092220261599304755,IND,C00314575,202609199904430530,pulled,
4092220261599304754,IND,,202609199904430530,pulled,
4092220261599304753,IND,,202609199904430529,pulled,
4092220261599304752,IND,C00914879,202609199904430529,pulled,
4092220261599304751,IND,C00787812,202609199904430529,pulled,
4092220261599304750,IND,,202609199904430528,pulled,
4092220261599304749,IND,C00671891,202609199904430528,pulled,
4092220261599304748,IND,C00266585,202609199904430528,pulled,
4092220261599304747,IND,C00787812,202609199904430527,pulled,
4092220261599304746,IND,,202609199904430527,pulled,
4092220261599304745,IND,C00607200,202609199904430527,pulled,
4092220261599304744,IND,C00686410,202609199904430526,pulled,
4092220261599304743,IND,C00440362,202609199904430526,pulled,
4092220261599304742,IND,C00607416,202609199904430526,pulled,
4092220261599304741,IND,C00629659,202609199904430525,pulled,
4092220261599304740,IND,C00672295,202609199904430525,pulled,
4092220261599304739,IND,C00576173,202609199904430525,pulled,
4092220261599304738,IND,C00857417,202609199904430524,pulled,
4092220261599304737,IND,C00314575,202609199904430524,pulled,
4092220261599304736,IND,C00672295,202609199904430524,pulled,
4092220261599304735,IND,C00929000,202609199904430523,pulled,
4092220261599304734,IND,C00793935,202609199904430523,pulled,
4092220261599304733,IND,C00607416,202609199904430523,pulled,
4092220261599304732,IND,,202609199904430522,pulled,
4092220261599304731,IND,C00672295,202609199904430522,pulled,
4092220261599304730,IND,C00556506,202609199904430522,pulled,
4092220261599304729,IND,C00556506,202609199904430521,pulled,
4092220261599304728,IND,C00629659,202609199904430521,pulled,
4092220261599304727,IND,C00629659,202609199904430521,pulled,
4092220261599304726,IND,,202609199904430520,pulled,
4092220261599304725,IND,C00607416,202609199904430520,pulled,
4092220261599304724,IND,C00786194,202609199904430520,pulled,
4092220261599304723,IND,C00672295,202609199904430519,pulled,
4092220261599304722,IND,C00857417,202609199904430519,pulled,
4092220261599304721,IND,C00607416,202609199904430519,pulled,
4092220261599304720,IND,C00629659,202609199904430518,pulled,
4092220261599304719,IND,C00629659,202609199904430518,pulled,
4092220261599304718,IND,C00576173,202609199904430518,pulled,
4092220261599304717,IND,C00607416,202609199904430517,pulled,
4092220261599304716,IND,C00629659,202609199904430517,pulled,
4092220261599304715,IND,C00787812,202609199904430517,pulled,
4092220261599304714,IND,C00629659,202609199904430516,pulled,
4092220261599304713,IND,,202609199904430516,pulled,
4092220261599304712,IND,C00556506,202609199904430516,pulled,
4092220261599304711,IND,C00672295,202609199904430515,pulled,
4092220261599304710,IND,C00394957,202609199904430515,pulled,
4092220261599304709,IND,C00893271,202609199904430515,pulled,
4092220261599304708,IND,,202609199904430514,pulled,
4092220261599304707,IND,C00842336,202609199904430514,pulled,
4092220261599304706,IND,C00694778,202609199904430514,pulled,
4092220261599304705,IND,C00893271,202609199904430513,pulled,
4092220261599304704,IND,C00849844,202609199904430513,pulled,
4092220261599304703,IND,C00556506,202609199904430513,pulled,
4092220261599304702,IND,C00652628,202609199904430512,pulled,
4092220261599304701,IND,C00672295,202609199904430512,pulled,
4092220261599304700,IND,C00607416,202609199904430512,pulled,
4092220261599304699,IND,C00672295,202609199904430511,pulled,
4092220261599304698,IND,,202609199904430511,pulled,
4092220261599304697,IND,,202609199904430511,pulled,
4092220261599304696,IND,,202609199904430510,pulled,
4092220261599304695,IND,C00842336,202609199904430510,pulled,
4092220261599304694,IND,,202609199904430510,pulled,
4092220261599304693,IND,,202609199904430509,pulled,
4092220261599304692,IND,C00430991,202609199904430509,pulled,
4092220261599304691,IND,C00385773,202609199904430509,pulled,
4092220261599304690,IND,C00430991,202609199904430508,pulled,
4092220261599304689,IND,C00394957,202609199904430508,pulled,
4092220261599304688,IND,,202609199904430508,pulled,
4092220261599304687,IND,C00716720,202609199904430507,pulled,
4092220261599304686,IND,C00314575,202609199904430507,pulled,
4092220261599304685,IND,,202609199904430507,pulled,
4092220261599304684,IND,C00895763,202609199904430506,pulled,
4092220261599304683,IND,C00895763,202609199904430506,pulled,
4092220261599304682,IND,C00807628,202609199904430506,pulled,
4092220261599304681,IND,C00430991,202609199904430505,pulled,
4092220261599304680,IND,,202609199904430505,pulled,
4092220261599304679,IND,C00842336,202609199904430505,pulled,
4092220261599304678,IND,,202609199904430504,pulled,
4092220261599304677,IND,,202609199904430504,pulled,
4092220261599304676,IND,,202609199904430504,pulled,
4092220261599304675,IND,C00786194,202609199904430503,pulled,
4092220261599304674,IND,C00430991,202609199904430503,pulled,
4092220261599304673,IND,C00408534,202609199904430503,pulled,
4092220261599304672,IND,C00556506,202609199904430502,pulled,
4092220261599304671,IND,C00787812,202609199904430502,pulled,
4092220261599304670,IND,,202609199904430502,pulled,
4092220261599304669,IND,C00430991,202609199904430501,pulled,
4092220261599304668,IND,,202609199904430501,pulled,
4092220261599304667,IND,C00430991,202609199904430501,pulled,
4092220261599304666,IND,C00314575,202609199904430500,pulled,
4092220261599304665,IND,C00430991,202609199904430500,pulled,
4092220261599304664,IND,C00786194,202609199904430500,pulled,
4092220261599304663,IND,C00786194,202609199904430499,pulled,
4092220261599304662,IND,,202609199904430499,pulled,
4092220261599304661,IND,C00787812,202609199904430499,pulled,
4092220261599304660,IND,,202609199904430498,pulled,
4092220261599304659,IND,C00430991,202609199904430498,pulled,
4092220261599304658,IND,C00556506,202609199904430498,pulled,
4092220261599304657,IND,C00314575,202609199904430497,pulled,
4092220261599304656,IND,C00786194,202609199904430497,pulled,
4092220261599304655,IND,C00652628,202609199904430497,pulled,
4092220261599304654,IND,C00556506,202609199904430496,pulled,
4092220261599304653,IND,C00430991,202609199904430496,pulled,
4092220261599304652,IND,C00786194,202609199904430496,pulled,
4092220261599304651,IND,C00430991,202609199904430495,pulled,
4092220261599304650,IND,C00556506,202609199904430495,pulled,
4092220261599304649,IND,,202609199904430495,pulled,
4092220261599304648,IND,,202609199904430494,pulled,
4092220261599304647,IND,,202609199904430494,pulled,
4092220261599304646,IND,,202609199904430494,pulled,
4092220261599304645,IND,C00556506,202609199904430493,pulled,
4092220261599304644,IND,C00394957,202609199904430493,pulled,
4092220261599304643,IND,,202609199904430493,pulled,
4092220261599304642,IND,,202609199904430492,pulled,
4092220261599304641,IND,,202609199904430492,pulled,
4092220261599304640,IND,,202609199904430492,pulled,
4092220261599304639,IND,C00655613,202609199904430491,pulled,
4092220261599304638,IND,C00314575,202609199904430491,pulled,
4092220261599304637,IND,,202609199904430491,pulled,
4092220261599304636,IND,C00314575,202609199904430490,pulled,
4092220261599304635,IND,C00786194,202609199904430490,pulled,
4092220261599304634,IND,C00556506,202609199904430490,pulled,
4092220261599304633,IND,,202609199904430489,pulled,
4092220261599304632,IND,C00895763,202609199904430489,pulled,
4092220261599304631,IND,C00556506,202609199904430489,pulled,
4092220261599304630,IND,,202609199904430488,pulled,
4092220261599304629,IND,,202609199904430488,pulled,
4092220261599304628,IND,,202609199904430488,pulled,
4092220261599304627,IND,,202609199904430487,pulled,
4092220261599304626,IND,,202609199904430487,pulled,
4092220261599304625,IND,,202609199904430487,pulled,
4092220261599304624,IND,C00556506,202609199904430486,pulled,
4092220261599304623,IND,C00793935,202609199904430486,pulled,
4092220261599304622,IND,C00556506,202609199904430486,pulled,
4092220261599304621,IND,,202609199904430485,pulled,
4092220261599304620,IND,C00806018,202609199904430485,pulled,
4092220261599304619,IND,C00556506,202609199904430485,pulled,
4092220261599261342,ORG,,202609199904432313,pulled,
4092220261599261318,IND,,202609199904432303,pulled,
4092220261599261330,IND,,202609199904432307,pulled,
4092220261599261326,IND,,202609199904432306,pulled,
4092220261599261324,IND,,202609199904432305,pulled,
4092220261599261320,IND,,202609199904432304,pulled,
4092220261599261312,IND,,202609199904432301,pulled,
4092220261599261291,IND,,202609199904432294,pulled,
4092220261599261294,IND,,202609199904432295,pulled,
4092220261599261298,IND,,202609199904432297,pulled,
4092220261599261292,IND,,202609199904432295,pulled,
4092220261599261337,IND,,202609199904432310,pulled,
4092220261599261328,IND,,202609199904432307,pulled,
4092220261599261322,IND,,202609199904432305,pulled,
4092220261599261319,IND,,202609199904432304,pulled,
4092220261599261303,IND,,202609199904432298,pulled,
4092220261599261290,IND,,202609199904432294,pulled,
4092220261599261274,IND,,202609199904432289,pulled,
4092220261599261334,IND,,202609199904432309,pulled,
4092220261599261315,IND,,202609199904432302,pulled,
4092220261599261304,ORG,,202609199904432299,pulled,
4092220261599261300,IND,,202609199904432297,pulled,
4092220261599261299,IND,,202609199904432297,pulled,
4092220261599261289,IND,,202609199904432294,pulled,
4092220261599261327,IND,,202609199904432306,pulled,
4092220261599261297,IND,,202609199904432296,pulled,
4092220261599261313,IND,,202609199904432302,pulled,
4092220261599261285,IND,,202609199904432292,pulled,
4092220261599261278,IND,,202609199904432290,pulled,
4092220261599261341,ORG,,202609199904432312,pulled,
4092220261599261314,IND,,202609199904432302,pulled,
4092220261599261302,IND,,202609199904432298,pulled,
4092220261599261301,IND,,202609199904432298,pulled,
4092220261599261321,IND,,202609199904432304,pulled,
4092220261599261293,IND,,202609199904432295,pulled,
4092220261599261287,IND,,202609199904432293,pulled,
4092220261599261286,IND,,202609199904432293,pulled,
4092220261599261276,ORG,,202609199904432289,pulled,
4092220261599261332,IND,,202609199904432308,pulled,
4092220261599261308,IND,,202609199904432300,pulled,
4092220261599261288,IND,,202609199904432293,pulled,
4092220261599261277,IND,,202609199904432290,pulled,
4092220261599261340,IND,,202609199904432311,pulled,
4092220261599261310,IND,,202609199904432301,pulled,
4092220261599261309,IND,,202609199904432300,pulled,
4092220261599261336,IND,,202609199904432309,pulled,
4092220261599261281,IND,,202609199904432291,pulled,
4092220261599261275,IND,,202609199904432289,pulled,
4092220261599261331,IND,,202609199904432308,pulled,
4092220261599261282,IND,,202609199904432291,pulled,
4092220261599261329,IND,,202609199904432307,pulled,
4092220261599261325,IND,,202609199904432306,pulled,
4092220261599261335,IND,,202609199904432309,pulled,
4092220261599261295,IND,,202609199904432296,pulled,
4092220261599261283,IND,,202609199904432292,pulled,
4092220261599261317,IND,,202609199904432303,pulled,
4092220261599261279,IND,,202609199904432290,pulled,
4092220261599261307,IND,,202609199904432300,pulled,
4092220261599261284,IND,,202609199904432292,pulled,
4092220261599261339,IND,,202609199904432310,pulled,
4092220261599261316,IND,,202609199904432303,pulled,
4092220261599261305,IND,,202609199904432299,pulled,
4092220261599261296,IND,,202609199904432296,pulled,
4092220261599261280,IND,,202609199904432291,pulled,
4092220261599261333,IND,,202609199904432308,pulled,
4092220261599261323,IND,,202609199904432305,pulled,
4092220261599261306,IND,,202609199904432299,pulled,
4092220261599261338,IND,,202609199904432310,pulled,
4092220261599261311,IND,,202609199904432301,pulled,
4013120231721486414,PAC,C00401224,202301279575040264,pulled,
4013120231721486413,IND,C00401224,202301279575040264,pulled,
4013120231721486431,IND,,202301279575040271,pulled,
4013120231721486424,PAC,C00401224,202301279575040268,pulled,
4013120231721486418,PAC,C00401224,202301279575040266,pulled,
4013120231721486416,PAC,C00401224,202301279575040265,pulled,
4013120231721486417,IND,C00401224,202301279575040265,pulled,
4013120231721486423,IND,C00401224,202301279575040267,pulled,
4013120231721486415,IND,C00401224,202301279575040265,pulled,
4013120231721486430,PAC,C00401224,202301279575040270,pulled,
4013120231721486428,PAC,C00401224,202301279575040269,pulled,
4013120231721486426,PAC,C00401224,202301279575040268,pulled,
4013120231721486420,PAC,C00401224,202301279575040266,pulled,
4013120231721486429,IND,C00401224,202301279575040269,pulled,
4013120231721486427,IND,C00401224,202301279575040269,pulled,
4013120231721486425,IND,C00401224,202301279575040268,pulled,
4013120231721486419,IND,C00401224,202301279575040266,pulled,
4013120231721486422,PAC,C00401224,202301279575040267,pulled,
4013120231721486421,IND,C00401224,202301279575040267,pulled,
4013120231721486410,PAC,C00401224,202301279575040263,pulled,
4013120231721486409,IND,C00401224,202301279575040263,pulled,
4013120231721486412,PAC,C00401224,202301279575040264,pulled,
4013120231721486411,IND,C00401224,202301279575040263,pulled,
4010620231666396523,PAC,C00401224,202212089547822550,pulled,
4010620231666396520,PAC,C00401224,202212089547822549,pulled,
4010620231666396522,IND,C00401224,202212089547822550,pulled,
4010620231666396528,IND,,202212089547822552,pulled,
4010620231666396521,IND,,202212089547822549,pulled,
4010620231666396519,IND,C00401224,202212089547822549,pulled,
4010620231666396527,PAC,C00401224,202212089547822551,pulled,
4010620231666396525,PAC,C00401224,202212089547822551,pulled,
4010620231666396526,IND,C00401224,202212089547822551,pulled,
4010620231666396524,IND,C00401224,202212089547822550,pulled,
4121320221634127733,IND,,202211239546869392,pulled,
4121320221634127706,PAC,C00401224,202211239546869382,pulled,
4121320221634127705,IND,C00401224,202211239546869382,pulled,
4121320221634127734,IND,,202211239546869392,pulled,
4121320221634127732,IND,,202211239546869392,pulled,
4121320221634127730,IND,,202211239546869391,pulled,
4121320221634127729,IND,,202211239546869391,pulled,
4121320221634127720,PAC,C00401224,202211239546869387,pulled,
4121320221634127718,PAC,C00401224,202211239546869386,pulled,
4121320221634127714,PAC,C00401224,202211239546869385,pulled,
4121320221634127712,PAC,C00401224,202211239546869384,pulled,
4121320221634127710,PAC,C00401224,202211239546869384,pulled,
4121320221634127719,IND,C00401224,202211239546869387,pulled,
4121320221634127717,IND,C00401224,202211239546869386,pulled,
4121320221634127711,IND,C00401224,202211239546869384,pulled,
4121320221634127709,IND,C00401224,202211239546869383,pulled,
4121320221634127713,IND,C00401224,202211239546869385,pulled,
4121320221634127703,PAC,C00401224,202211239546869381,pulled,
4121320221634127702,IND,C00401224,202211239546869381,pulled,
4121320221634127735,IND,,202211239546869393,pulled,
4121320221634127726,PAC,C00401224,202211239546869389,pulled,
4121320221634127724,PAC,C00401224,202211239546869388,pulled,
4121320221634127708,PAC,C00401224,202211239546869383,pulled,
4121320221634127723,IND,C00401224,202211239546869388,pulled,
4121320221634127731,IND,,202211239546869391,pulled,
4121320221634127704,IND,,202211239546869382,pulled,
4121320221634127707,IND,C00401224,202211239546869383,pulled,
4121320221634127725,IND,C00401224,202211239546869389,pulled,
4121320221634127728,PAC,C00401224,202211239546869390,pulled,
4121320221634127722,PAC,C00401224,202211239546869388,pulled,
4121320221634127716,PAC,C00401224,202211239546869386,pulled,
4121320221634127701,PAC,C00401224,202211239546869381,pulled,
4121320221634127699,PAC,C00401224,202211239546869380,pulled,
4121320221634127727,IND,C00401224,202211239546869389,pulled,
4121320221634127721,IND,C00401224,202211239546869387,pulled,
4121320221634127715,IND,C00401224,202211239546869385,pulled,
4121320221634127700,IND,C00401224,202211239546869380,pulled,
4121320221634127698,IND,C00401224,202211239546869380,pulled,
4112520221630835066,PAC,C00401224,202210279543177419,pulled,
4112520221630835064,PAC,C00401224,202210279543177418,pulled,
4112520221630835063,IND,C00401224,202210279543177418,pulled,
4112520221630835062,PAC,C00401224,202210279543177417,pulled,
4112520221630835058,PAC,C00401224,202210279543177416,pulled,
4112520221630835056,PAC,C00401224,202210279543177415,pulled,
4112520221630835055,IND,C00401224,202210279543177415,pulled,
4112520221630835054,PAC,C00401224,202210279543177415,pulled,
4112520221630835052,PAC,C00401224,202210279543177414,pulled,
4112520221630835050,PAC,C00401224,202210279543177413,pulled,
4112520221630835049,IND,C00401224,202210279543177413,pulled,
4112520221630835047,PAC,C00401224,202210279543177412,pulled,
4112520221630835046,IND,C00401224,202210279543177412,pulled,
4112520221630835043,PAC,C00401224,202210279543177411,pulled,
4112520221630835042,IND,C00401224,202210279543177411,pulled,
4112520221630835061,IND,C00401224,202210279543177417,pulled,
4112520221630835057,IND,C00401224,202210279543177416,pulled,
4112520221630835053,IND,C00401224,202210279543177414,pulled,
4112520221630835048,IND,,202210279543177413,pulled,
4112520221630835065,IND,C00401224,202210279543177418,pulled,
4112520221630835051,IND,C00401224,202210279543177414,pulled,
4112520221630835068,IND,,202210279543177420,pulled,
4112520221630835060,PAC,C00401224,202210279543177417,pulled,
4112520221630835067,ORG,,202210279543177420,pulled,
4112520221630835059,IND,C00401224,202210279543177416,pulled,
4112520221630835045,PAC,C00401224,202210279543177412,pulled,
4112520221630835044,IND,C00401224,202210279543177411,pulled,
4111020221625874139,PAC,C00401224,202210159532791565,pulled,
4111020221625874138,IND,C00401224,202210159532791565,pulled,
4111020221625874132,PAC,C00401224,202210159532791563,pulled,
4111020221625874131,IND,C00401224,202210159532791563,pulled,
4111020221625874116,PAC,C00401224,202210159532791558,pulled,
4111020221625874115,IND,C00401224,202210159532791557,pulled,
4111020221625874110,PAC,C00401224,202210159532791556,pulled,
4111020221625874109,IND,C00401224,202210159532791555,pulled,
4111020221625874101,PAC,C00401224,202210159532791553,pulled,
4111020221625874099,PAC,C00401224,202210159532791552,pulled,
4111020221625874098,IND,C00401224,202210159532791552,pulled,
4111020221625874117,IND,,202210159532791558,pulled,
4111020221625874100,IND,C00401224,202210159532791552,pulled,
4111020221625874146,PAC,C00401224,202210159532791568,pulled,
4111020221625874144,PAC,C00401224,202210159532791567,pulled,
4111020221625874103,PAC,C00401224,202210159532791553,pulled,
4111020221625874140,IND,,202210159532791566,pulled,
4111020221625874135,IND,,202210159532791564,pulled,
4111020221625874145,IND,C00401224,202210159532791567,pulled,
4111020221625874143,IND,C00401224,202210159532791567,pulled,
4111020221625874102,IND,C00401224,202210159532791553,pulled,
4111020221625874114,PAC,C00401224,202210159532791557,pulled,
4111020221625874106,PAC,C00401224,202210159532791554,pulled,
4111020221625874148,ORG,,202210159532791569,pulled,
4111020221625874105,IND,C00401224,202210159532791554,pulled,
4111020221625874149,IND,,202210159532791569,pulled,
4111020221625874113,IND,C00401224,202210159532791557,pulled,
4111020221625874142,PAC,C00401224,202210159532791566,pulled,
4111020221625874137,PAC,C00401224,202210159532791565,pulled,
4111020221625874120,PAC,C00401224,202210159532791559,pulled,
4111020221625874112,PAC,C00401224,202210159532791556,pulled,
4111020221625874141,IND,C00401224,202210159532791566,pulled,
4111020221625874119,IND,C00401224,202210159532791559,pulled,
4111020221625874111,IND,C00401224,202210159532791556,pulled,
4111020221625874136,IND,C00401224,202210159532791564,pulled,
4111020221625874130,PAC,C00401224,202210159532791562,pulled,
4111020221625874129,IND,C00401224,202210159532791562,pulled,
4111020221625874104,IND,,202210159532791554,pulled,
4111020221625874118,IND,,202210159532791558,pulled,
4111020221625874147,IND,,202210159532791569,pulled,
4111020221625874134,PAC,C00401224,202210159532791564,pulled,
4111020221625874133,IND,C00401224,202210159532791563,pulled,
4111020221625874126,PAC,C00401224,202210159532791561,pulled,
4111020221625874125,IND,C00401224,202210159532791561,pulled,
4111020221625874124,PAC,C00401224,202210159532791560,pulled,
4111020221625874123,IND,C00401224,202210159532791560,pulled,
4111020221625874122,PAC,C00401224,202210159532791560,pulled,
4111020221625874121,IND,C00401224,202210159532791559,pulled,
4111020221625874108,PAC,C00401224,202210159532791555,pulled,
4111020221625874107,IND,C00401224,202210159532791555,pulled,
4111020221625874128,PAC,C00401224,202210159532791562,pulled,
4111020221625874127,IND,C00401224,202210159532791561,pulled,
4090620221568072942,IND,,202209019528329638,pulled,
4090620221568072937,IND,,202209019528329637,pulled,
4090620221568072933,PAC,C00401224,202209019528329635,pulled,
4090620221568072932,IND,C00401224,202209019528329635,pulled,
4090620221568072923,PAC,C00401224,202209019528329632,pulled,
4090620221568072921,PAC,C00401224,202209019528329631,pulled,
4090620221568072913,PAC,C00401224,202209019528329629,pulled,
4090620221568072911,PAC,C00401224,202209019528329628,pulled,
4090620221568072877,PAC,C00401224,202209019528329617,pulled,
4090620221568072940,PAC,C00820175,202209019528329638,pulled,
4090620221568072922,IND,C00401224,202209019528329632,pulled,
4090620221568072920,IND,C00401224,202209019528329631,pulled,
4090620221568072912,IND,C00401224,202209019528329628,pulled,
4090620221568072910,IND,C00401224,202209019528329628,pulled,
4090620221568072876,IND,C00401224,202209019528329616,pulled,
4090620221568072941,IND,,202209019528329638,pulled,
4090620221568072931,PAC,C00401224,202209019528329635,pulled,
4090620221568072915,PAC,C00401224,202209019528329629,pulled,
4090620221568072903,PAC,C00401224,202209019528329625,pulled,
4090620221568072901,PAC,C00401224,202209019528329625,pulled,
4090620221568072891,PAC,C00401224,202209019528329621,pulled,
4090620221568072885,PAC,C00401224,202209019528329619,pulled,
4090620221568072881,PAC,C00401224,202209019528329618,pulled,
4090620221568072930,IND,C00401224,202209019528329634,pulled,
4090620221568072900,IND,C00401224,202209019528329624,pulled,
4090620221568072890,IND,C00401224,202209019528329621,pulled,
4090620221568072884,IND,C00401224,202209019528329619,pulled,
4090620221568072914,IND,C00401224,202209019528329629,pulled,
4090620221568072902,IND,C00401224,202209019528329625,pulled,
4090620221568072880,IND,C00401224,202209019528329618,pulled,
4090620221568072897,PAC,C00401224,202209019528329623,pulled,
4090620221568072895,IND,,202209019528329623,pulled,
4090620221568072935,ORG,,202209019528329636,pulled,
4090620221568072896,IND,C00401224,202209019528329623,pulled,
4090620221568072934,IND,,202209019528329636,pulled,
4090620221568072889,PAC,C00401224,202209019528329621,pulled,
4090620221568072887,PAC,C00401224,202209019528329620,pulled,
4090620221568072875,PAC,C00401224,202209019528329616,pulled,
4090620221568072873,PAC,C00401224,202209019528329615,pulled,
4090620221568072872,IND,C00401224,202209019528329615,pulled,
4090620221568072874,IND,C00401224,202209019528329616,pulled,
4090620221568072888,IND,C00401224,202209019528329620,pulled,
4090620221568072939,ORG,,202209019528329637,pulled,
4090620221568072936,IND,,202209019528329636,pulled,
4090620221568072886,IND,C00401224,202209019528329620,pulled,
4090620221568072938,IND,,202209019528329637,pulled,
4090620221568072929,PAC,C00401224,202209019528329634,pulled,
4090620221568072925,PAC,C00401224,202209019528329633,pulled,
4090620221568072917,PAC,C00401224,202209019528329630,pulled,
4090620221568072879,PAC,C00401224,202209019528329617,pulled,
4090620221568072945,ORG,,202209019528329639,pulled,
4090620221568072928,IND,C00401224,202209019528329634,pulled,
4090620221568072916,IND,C00401224,202209019528329630,pulled,
4090620221568072924,IND,C00401224,202209019528329632,pulled,
4090620221568072878,IND,C00401224,202209019528329617,pulled,
4090620221568072946,IND,,202209019528329640,pulled,
4090620221568072919,PAC,C00401224,202209019528329631,pulled,
4090620221568072909,PAC,C00401224,202209019528329627,pulled,
4090620221568072907,PAC,C00401224,202209019528329627,pulled,
4090620221568072905,PAC,C00401224,202209019528329626,pulled,
4090620221568072893,PAC,C00401224,202209019528329622,pulled,
4090620221568072883,PAC,C00401224,202209019528329619,pulled,
4090620221568072871,PAC,C00401224,202209019528329615,pulled,
4090620221568072869,PAC,C00401224,202209019528329614,pulled,
4090620221568072892,IND,C00401224,202209019528329622,pulled,
4090620221568072947,IND,,202209019528329640,pulled,
4090620221568072906,IND,C00401224,202209019528329626,pulled,
4090620221568072894,IND,,202209019528329622,pulled,
4090620221568072918,IND,C00401224,202209019528329630,pulled,
4090620221568072908,IND,C00401224,202209019528329627,pulled,
4090620221568072904,IND,C00401224,202209019528329626,pulled,
4090620221568072882,IND,C00401224,202209019528329618,pulled,
4090620221568072870,IND,C00401224,202209019528329614,pulled,
4090620221568072868,IND,C00401224,202209019528329614,pulled,
4090620221568072948,PAC,C00804187,202209019528329640,pulled,
4090620221568072944,IND,,202209019528329639,pulled,
4090620221568072927,PAC,C00401224,202209019528329633,pulled,
4090620221568072926,IND,C00401224,202209019528329633,pulled,
4090620221568072899,PAC,C00401224,202209019528329624,pulled,
4090620221568072898,IND,C00401224,202209019528329624,pulled,
4090620221568072943,ORG,,202209019528329639,pulled,
4090220221567959158,IND,,202209019528329580,pulled,
4090220221567959152,IND,,202209019528329578,pulled,
4090220221567959141,PAC,C00401224,202209019528329574,pulled,
4090220221567959131,PAC,C00401224,202209019528329570,pulled,
4090220221567959129,PAC,C00401224,202209019528329570,pulled,
4090220221567959124,PAC,C00401224,202209019528329568,pulled,
4090220221567959119,PAC,C00401224,202209019528329566,pulled,
4090220221567959115,PAC,C00401224,202209019528329565,pulled,
4090220221567959113,PAC,C00401224,202209019528329564,pulled,
4090220221567959105,PAC,C00401224,202209019528329562,pulled,
4090220221567959140,IND,C00401224,202209019528329573,pulled,
4090220221567959128,IND,C00401224,202209019528329569,pulled,
4090220221567959123,IND,C00401224,202209019528329568,pulled,
4090220221567959114,IND,C00401224,202209019528329565,pulled,
4090220221567959112,IND,C00401224,202209019528329564,pulled,
4090220221567959104,IND,C00401224,202209019528329561,pulled,
4090220221567959156,IND,,202209019528329579,pulled,
4090220221567959138,IND,,202209019528329573,pulled,
4090220221567959130,IND,C00401224,202209019528329570,pulled,
4090220221567959118,IND,C00401224,202209019528329566,pulled,
4090220221567959160,IND,,202209019528329580,pulled,
4090220221567959153,IND,,202209019528329578,pulled,
4090220221567959149,PAC,C00401224,202209019528329576,pulled,
4090220221567959137,PAC,C00401224,202209019528329572,pulled,
4090220221567959133,PAC,C00401224,202209019528329571,pulled,
4090220221567959126,PAC,C00401224,202209019528329569,pulled,
4090220221567959122,PAC,C00401224,202209019528329567,pulled,
4090220221567959117,PAC,C00401224,202209019528329566,pulled,
4090220221567959111,PAC,C00401224,202209019528329564,pulled,
4090220221567959109,PAC,C00401224,202209019528329563,pulled,
4090220221567959107,PAC,C00401224,202209019528329562,pulled,
4090220221567959125,IND,C00401224,202209019528329568,pulled,
4090220221567959108,IND,C00401224,202209019528329563,pulled,
4090220221567959121,IND,C00401224,202209019528329567,pulled,
4090220221567959110,IND,C00401224,202209019528329563,pulled,
4090220221567959157,IND,,202209019528329579,pulled,
4090220221567959139,IND,,202209019528329573,pulled,
4090220221567959136,IND,C00401224,202209019528329572,pulled,
4090220221567959132,IND,C00401224,202209019528329571,pulled,
4090220221567959106,IND,C00401224,202209019528329562,pulled,
4090220221567959155,IND,,202209019528329579,pulled,
4090220221567959148,IND,C00401224,202209019528329576,pulled,
4090220221567959127,IND,,202209019528329569,pulled,
4090220221567959116,IND,C00401224,202209019528329565,pulled,
4090220221567959159,IND,,202209019528329580,pulled,
4090220221567959120,IND,,202209019528329567,pulled,
4090220221567959154,IND,,202209019528329578,pulled,
4090220221567959151,PAC,C00401224,202209019528329577,pulled,
4090220221567959147,PAC,C00401224,202209019528329576,pulled,
4090220221567959145,PAC,C00401224,202209019528329575,pulled,
4090220221567959143,PAC,C00401224,202209019528329574,pulled,
4090220221567959135,PAC,C00401224,202209019528329572,pulled,
4090220221567959103,PAC,C00401224,202209019528329561,pulled,
4090220221567959150,IND,C00401224,202209019528329577,pulled,
4090220221567959146,IND,C00401224,202209019528329575,pulled,
4090220221567959144,IND,C00401224,202209019528329575,pulled,
4090220221567959142,IND,C00401224,202209019528329574,pulled,
4090220221567959134,IND,C00401224,202209019528329571,pulled,
4090220221567959102,IND,C00401224,202209019528329561,pulled,
4090220221567959020,PAC,C00029447,202209019528329383,pulled,
4090220221567959017,PAC,C00401224,202209019528329382,pulled,
4090220221567959015,PAC,C00401224,202209019528329381,pulled,
4090220221567959014,IND,C00401224,202209019528329381,pulled,
4090220221567959016,IND,C00401224,202209019528329381,pulled,
4090220221567959019,PAC,C00401224,202209019528329382,pulled,
4090220221567959018,IND,C00401224,202209019528329382,pulled,
4060320221494307726,IND,,202206029514691327,pulled,
4060320221494307727,IND,,202206029514691327,pulled,
4060320221494307725,PAC,C00401224,202206029514691326,pulled,
4060320221494307723,PAC,C00401224,202206029514691325,pulled,
4060320221494307721,PAC,C00401224,202206029514691324,pulled,
4060320221494307719,PAC,C00401224,202206029514691324,pulled,
4060320221494307717,PAC,C00401224,202206029514691323,pulled,
4060320221494307715,PAC,C00401224,202206029514691322,pulled,
4060320221494307713,PAC,C00401224,202206029514691322,pulled,
4060320221494307711,PAC,C00401224,202206029514691321,pulled,
4060320221494307720,IND,C00401224,202206029514691324,pulled,
4060320221494307718,IND,C00401224,202206029514691323,pulled,
4060320221494307724,IND,C00401224,202206029514691325,pulled,
4060320221494307716,IND,C00401224,202206029514691323,pulled,
4060320221494307712,IND,C00401224,202206029514691321,pulled,
4060320221494307714,IND,C00401224,202206029514691322,pulled,
4060320221494307722,IND,C00401224,202206029514691325,pulled,
4060320221494307710,IND,C00401224,202206029514691321,pulled,
4052720221493918530,ORG,,202205269514468559,pulled,
4052720221493918505,IND,,202205269514468550,pulled,
4052720221493918531,IND,,202205269514468559,pulled,
4052720221493918529,PAC,C00401224,202205269514468558,pulled,
4052720221493918527,PAC,C00401224,202205269514468557,pulled,
4052720221493918523,PAC,C00401224,202205269514468556,pulled,
4052720221493918521,PAC,C00401224,202205269514468555,pulled,
4052720221493918519,PAC,C00401224,202205269514468554,pulled,
4052720221493918517,PAC,C00401224,202205269514468554,pulled,
4052720221493918515,PAC,C00401224,202205269514468553,pulled,
4052720221493918513,PAC,C00401224,202205269514468552,pulled,
4052720221493918507,PAC,C00401224,202205269514468550,pulled,
4052720221493918504,PAC,C00401224,202205269514468549,pulled,
4052720221493918498,PAC,C00401224,202205269514468547,pulled,
4052720221493918496,PAC,C00401224,202205269514468547,pulled,
4052720221493918494,PAC,C00401224,202205269514468546,pulled,
4052720221493918520,IND,C00401224,202205269514468555,pulled,
4052720221493918516,IND,C00401224,202205269514468553,pulled,
4052720221493918506,IND,C00401224,202205269514468550,pulled,
4052720221493918528,IND,C00401224,202205269514468557,pulled,
4052720221493918514,IND,C00401224,202205269514468553,pulled,
4052720221493918503,IND,C00401224,202205269514468549,pulled,
4052720221493918526,IND,C00401224,202205269514468557,pulled,
4052720221493918522,IND,C00401224,202205269514468555,pulled,
4052720221493918518,IND,C00401224,202205269514468554,pulled,
4052720221493918512,IND,C00401224,202205269514468552,pulled,
4052720221493918497,IND,C00401224,202205269514468547,pulled,
4052720221493918495,IND,C00401224,202205269514468546,pulled,
4052720221493918493,IND,C00401224,202205269514468546,pulled,
4052720221493918533,IND,,202205269514468560,pulled,
4052720221493918525,PAC,C00401224,202205269514468556,pulled,
4052720221493918511,PAC,C00401224,202205269514468552,pulled,
4052720221493918509,PAC,C00401224,202205269514468551,pulled,
4052720221493918502,PAC,C00401224,202205269514468549,pulled,
4052720221493918500,PAC,C00401224,202205269514468548,pulled,
4052720221493918532,ORG,,202205269514468559,pulled,
4052720221493918499,IND,C00401224,202205269514468548,pulled,
4052720221493918524,IND,C00401224,202205269514468556,pulled,
4052720221493918508,IND,C00401224,202205269514468551,pulled,
4052720221493918501,IND,C00401224,202205269514468548,pulled,
4051320221484927930,IND,,202205129502795753,pulled,
4052720221493918510,IND,C00401224,202205269514468551,pulled,
4051320221484927932,IND,,202205129502795753,pulled,
4051320221484927931,IND,,202205129502795753,pulled,
4051320221484927929,PAC,C00401224,202205129502795752,pulled,
4051320221484927927,PAC,C00401224,202205129502795752,pulled,
4051320221484927925,PAC,C00401224,202205129502795751,pulled,
4051320221484927924,IND,C00401224,202205129502795751,pulled,
4051220221476551828,ORG,,202205059502671767,pulled,
4051320221484927928,IND,C00401224,202205129502795752,pulled,
4051320221484927926,IND,C00401224,202205129502795751,pulled,
4051220221476551827,IND,,202205059502671766,pulled,
4051220221476551826,IND,,202205059502671766,pulled,
4051220221476551824,PAC,C00401224,202205059502671765,pulled,
4051220221476551822,PAC,C00401224,202205059502671764,pulled,
4051220221476551818,PAC,C00401224,202205059502671763,pulled,
4051220221476551817,IND,C00401224,202205059502671763,pulled,
4051220221476551829,IND,,202205059502671767,pulled,
4051220221476551825,IND,,202205059502671766,pulled,
4051220221476551820,IND,,202205059502671764,pulled,
4051220221476551823,IND,C00401224,202205059502671765,pulled,
4051220221476551821,IND,C00401224,202205059502671764,pulled,
4051220221476551819,IND,,202205059502671763,pulled,
4051220221476520066,PAC,C90021171,202204219502251692,pulled,
4051220221476520064,IND,,202204219502251692,pulled,
4051220221476520063,PAC,C00401224,202204219502251691,pulled,
4051220221476520062,IND,C00401224,202204219502251690,pulled,
4051220221476520059,PAC,C00401224,202204219502251689,pulled,
4051220221476520055,PAC,C00401224,202204219502251688,pulled,
4051220221476520054,IND,C00401224,202204219502251688,pulled,
4051220221476520058,IND,C00401224,202204219502251689,pulled,
4051220221476520065,IND,,202204219502251692,pulled,
4051220221476520067,IND,,202204219502251693,pulled,
4051220221476520061,PAC,C00401224,202204219502251690,pulled,
4051220221476520060,IND,C00401224,202204219502251690,pulled,
4051220221476520057,PAC,C00401224,202204219502251689,pulled,
4051220221476520056,IND,C00401224,202204219502251688,pulled,
4051120221476333697,PAC,C00401224,202204159499743148,pulled,
4051120221476333685,PAC,C00401224,202204159499743144,pulled,
4051120221476333696,IND,C00401224,202204159499743148,pulled,
4051120221476333684,IND,C00401224,202204159499743144,pulled,
4051120221476333715,IND,,202204159499743154,pulled,
4051120221476333713,PAC,C00401224,202204159499743153,pulled,
4051120221476333701,PAC,C00401224,202204159499743149,pulled,
4051120221476333683,PAC,C00401224,202204159499743143,pulled,
4051120221476333662,PAC,C00401224,202204159499743136,pulled,
4051120221476333611,PAC,C00401224,202204159499743119,pulled,
4051120221476333700,IND,C00401224,202204159499743149,pulled,
4051120221476333721,IND,,202204159499743156,pulled,
4051120221476333682,IND,C00401224,202204159499743143,pulled,
4051120221476333661,IND,C00401224,202204159499743136,pulled,
4051120221476333660,IND,,202204159499743136,pulled,
4051120221476333712,IND,C00401224,202204159499743153,pulled,
4051120221476333610,IND,C00401224,202204159499743119,pulled,
4051120221476333633,PAC,C00401224,202204159499743127,pulled,
4051120221476333615,PAC,C00401224,202204159499743121,pulled,
4051120221476333614,IND,C00401224,202204159499743120,pulled,
4051120221476333613,PAC,C00401224,202204159499743120,pulled,
4051120221476333723,IND,,202204159499743157,pulled,
4051120221476333675,IND,,202204159499743141,pulled,
4051120221476333632,IND,C00401224,202204159499743126,pulled,
4051120221476333612,IND,C00401224,202204159499743120,pulled,
4051120221476333677,PAC,C00401224,202204159499743141,pulled,
4051120221476333668,PAC,C00401224,202204159499743138,pulled,
4051120221476333653,PAC,C00401224,202204159499743133,pulled,
4051120221476333667,IND,C00401224,202204159499743138,pulled,
4051120221476333652,IND,C00401224,202204159499743133,pulled,
4051120221476333725,IND,,202204159499743157,pulled,
4051120221476333724,IND,,202204159499743157,pulled,
4051120221476333676,IND,C00401224,202204159499743141,pulled,
4051120221476333672,PAC,C00401224,202204159499743140,pulled,
4051120221476333671,IND,C00401224,202204159499743139,pulled,
4051120221476333647,PAC,C00401224,202204159499743131,pulled,
4051120221476333646,IND,C00401224,202204159499743131,pulled,
4051120221476333627,PAC,C00401224,202204159499743125,pulled,
4051120221476333626,IND,C00401224,202204159499743124,pulled,
4051120221476333705,PAC,C00401224,202204159499743151,pulled,
4051120221476333703,PAC,C00401224,202204159499743150,pulled,
4051120221476333699,PAC,C00401224,202204159499743149,pulled,
4051120221476333657,PAC,C00401224,202204159499743135,pulled,
4051120221476333651,PAC,C00401224,202204159499743133,pulled,
4051120221476333625,PAC,C00401224,202204159499743124,pulled,
4051120221476333722,ORG,,202204159499743156,pulled,
4051120221476333674,IND,,202204159499743140,pulled,
4051120221476333673,ORG,,202204159499743140,pulled,
4051120221476333650,IND,C00401224,202204159499743132,pulled,
4051120221476333704,IND,C00401224,202204159499743150,pulled,
4051120221476333702,IND,C00401224,202204159499743150,pulled,
4051120221476333656,IND,C00401224,202204159499743134,pulled,
4051120221476333624,IND,C00401224,202204159499743124,pulled,
4051120221476333698,IND,C00401224,202204159499743148,pulled,
4051120221476333716,IND,,202204159499743154,pulled,
4051120221476333711,PAC,C00401224,202204159499743153,pulled,
4051120221476333645,PAC,C00401224,202204159499743131,pulled,
4051120221476333644,IND,C00401224,202204159499743130,pulled,
4051120221476333710,IND,C00401224,202204159499743152,pulled,
4051120221476333714,PAC,C00365536,202204159499743154,pulled,
4051120221476333681,PAC,C00401224,202204159499743143,pulled,
4051120221476333635,PAC,C00401224,202204159499743127,pulled,
4051120221476333631,PAC,C00401224,202204159499743126,pulled,
4051120221476333607,PAC,C00401224,202204159499743118,pulled,
4051120221476333680,IND,C00401224,202204159499743142,pulled,
4051120221476333630,IND,C00401224,202204159499743126,pulled,
4051120221476333606,IND,C00401224,202204159499743118,pulled,
4051120221476333634,IND,C00401224,202204159499743127,pulled,
4051120221476333719,IND,,202204159499743155,pulled,
4051120221476333718,IND,,202204159499743155,pulled,
4051120221476333717,IND,,202204159499743155,pulled,
4051120221476333691,PAC,C00401224,202204159499743146,pulled,
4051120221476333689,PAC,C00401224,202204159499743145,pulled,
4051120221476333670,PAC,C00401224,202204159499743139,pulled,
4051120221476333666,PAC,C00401224,202204159499743138,pulled,
4051120221476333649,PAC,C00401224,202204159499743132,pulled,
4051120221476333643,PAC,C00401224,202204159499743130,pulled,
4051120221476333641,PAC,C00401224,202204159499743129,pulled,
4051120221476333639,PAC,C00401224,202204159499743129,pulled,
4051120221476333637,PAC,C00401224,202204159499743128,pulled,
4051120221476333623,PAC,C00401224,202204159499743123,pulled,
4051120221476333609,PAC,C00401224,202204159499743119,pulled,
4051120221476333690,IND,C00401224,202204159499743146,pulled,
4051120221476333688,IND,C00401224,202204159499743145,pulled,
4051120221476333665,IND,C00401224,202204159499743137,pulled,
4051120221476333638,IND,C00401224,202204159499743128,pulled,
4051120221476333669,IND,C00401224,202204159499743139,pulled,
4051120221476333648,IND,C00401224,202204159499743132,pulled,
4051120221476333642,IND,C00401224,202204159499743130,pulled,
4051120221476333640,IND,C00401224,202204159499743129,pulled,
4051120221476333636,IND,C00401224,202204159499743128,pulled,
4051120221476333622,IND,C00401224,202204159499743123,pulled,
4051120221476333608,IND,C00401224,202204159499743118,pulled,
4051120221476333720,IND,,202204159499743156,pulled,
4051120221476333709,PAC,C00401224,202204159499743152,pulled,
4051120221476333708,IND,C00401224,202204159499743152,pulled,
4051120221476333695,PAC,C00401224,202204159499743147,pulled,
4051120221476333694,IND,C00401224,202204159499743147,pulled,
4051120221476333679,PAC,C00401224,202204159499743142,pulled,
4051120221476333678,IND,C00401224,202204159499743142,pulled,
4051120221476333655,PAC,C00401224,202204159499743134,pulled,
4051120221476333654,IND,C00401224,202204159499743134,pulled,
4051120221476333617,PAC,C00401224,202204159499743121,pulled,
4051120221476333616,IND,C00401224,202204159499743121,pulled,
4051120221476333707,PAC,C00401224,202204159499743151,pulled,
4051120221476333621,PAC,C00401224,202204159499743123,pulled,
4051120221476333620,IND,C00401224,202204159499743122,pulled,
4051120221476333706,IND,C00401224,202204159499743151,pulled,
4051120221476333726,IND,,202204159499743158,pulled,
4051120221476333693,PAC,C00401224,202204159499743147,pulled,
4051120221476333687,PAC,C00401224,202204159499743145,pulled,
4051120221476333686,IND,C00401224,202204159499743144,pulled,
4051120221476333692,IND,C00401224,202204159499743146,pulled,
4051120221476333664,PAC,C00401224,202204159499743137,pulled,
4051120221476333659,PAC,C00401224,202204159499743135,pulled,
4051120221476333629,PAC,C00401224,202204159499743125,pulled,
4051120221476333628,IND,C00401224,202204159499743125,pulled,
4051120221476333619,PAC,C00401224,202204159499743122,pulled,
4051120221476333658,IND,C00401224,202204159499743135,pulled,
4051120221476333618,IND,C00401224,202204159499743122,pulled,
4051120221476333663,IND,C00401224,202204159499743137,pulled,
4022320221424360784,IND,,202201319486152602,pulled,
4022320221424360718,IND,,202201319486152580,pulled,
4022320221424360707,IND,,202201319486152577,pulled,
4022320221424360680,PAC,C00401224,202201319486152566,pulled,
4022320221424360658,PAC,C00401224,202201319486152559,pulled,
4022320221424360640,PAC,C00401224,202201319486152553,pulled,
4022320221424360593,PAC,C00401224,202201319486152537,pulled,
4022320221424360589,PAC,C00401224,202201319486152536,pulled,
4022320221424360546,PAC,C00401224,202201319486152522,pulled,
4022320221424360531,PAC,C00401224,202201319486152517,pulled,
4022320221424360545,IND,C00401224,202201319486152521,pulled,
4022320221424360679,IND,C00401224,202201319486152566,pulled,
4022320221424360657,IND,C00401224,202201319486152559,pulled,
4022320221424360592,IND,C00401224,202201319486152537,pulled,
4022320221424360639,IND,C00401224,202201319486152553,pulled,
4022320221424360588,IND,C00401224,202201319486152536,pulled,
4022320221424360530,IND,C00401224,202201319486152516,pulled,
4022320221424360800,IND,,202201319486152608,pulled,
4022320221424360686,PAC,C00401224,202201319486152568,pulled,
4022320221424360601,PAC,C00401224,202201319486152540,pulled,
4022320221424360577,PAC,C00401224,202201319486152532,pulled,
4022320221424360562,PAC,C00401224,202201319486152527,pulled,
4022320221424360576,IND,C00401224,202201319486152532,pulled,
4022320221424360685,IND,C00401224,202201319486152568,pulled,
4022320221424360600,IND,C00401224,202201319486152540,pulled,
